2025-08-06 10:40:20,827 - DEBUG - Using proactor: IocpProactor
2025-08-06 10:42:57,713 - DEBUG - Using proactor: IocpProactor
2025-08-06 10:43:00,167 - DEBUG - UnitExtractor initialized with 85 unit mappings and 3 package patterns
2025-08-06 10:43:00,195 - DEBUG - Attempting to acquire lock 2623493185744 on D:\webscraping\venv\Lib\site-packages\tldextract\.suffix_cache\publicsuffix.org-tlds\de84b5ca2167d4c83e38fb162f2e8738.tldextract.json.lock
2025-08-06 10:43:00,196 - DEBUG - Lock 2623493185744 acquired on D:\webscraping\venv\Lib\site-packages\tldextract\.suffix_cache\publicsuffix.org-tlds\de84b5ca2167d4c83e38fb162f2e8738.tldextract.json.lock
2025-08-06 10:43:00,198 - DEBUG - Attempting to release lock 2623493185744 on D:\webscraping\venv\Lib\site-packages\tldextract\.suffix_cache\publicsuffix.org-tlds\de84b5ca2167d4c83e38fb162f2e8738.tldextract.json.lock
2025-08-06 10:43:00,199 - DEBUG - Lock 2623493185744 released on D:\webscraping\venv\Lib\site-packages\tldextract\.suffix_cache\publicsuffix.org-tlds\de84b5ca2167d4c83e38fb162f2e8738.tldextract.json.lock
2025-08-06 10:43:01,669 - DEBUG - UnitExtractor initialized with 85 unit mappings and 3 package patterns
2025-08-06 10:43:03,124 - DEBUG - UnitExtractor initialized with 85 unit mappings and 3 package patterns
2025-08-06 10:43:04,521 - DEBUG - UnitExtractor initialized with 85 unit mappings and 3 package patterns
2025-08-06 10:43:05,866 - DEBUG - UnitExtractor initialized with 85 unit mappings and 3 package patterns
2025-08-06 10:43:07,245 - DEBUG - UnitExtractor initialized with 85 unit mappings and 3 package patterns
2025-08-06 10:43:08,600 - DEBUG - UnitExtractor initialized with 85 unit mappings and 3 package patterns
2025-08-06 10:43:09,951 - DEBUG - UnitExtractor initialized with 85 unit mappings and 3 package patterns
2025-08-06 10:43:11,297 - DEBUG - UnitExtractor initialized with 85 unit mappings and 3 package patterns
2025-08-06 10:43:12,695 - DEBUG - UnitExtractor initialized with 85 unit mappings and 3 package patterns
2025-08-06 10:43:14,036 - DEBUG - UnitExtractor initialized with 85 unit mappings and 3 package patterns
2025-08-06 10:43:15,394 - DEBUG - UnitExtractor initialized with 85 unit mappings and 3 package patterns
2025-08-06 10:43:16,756 - DEBUG - UnitExtractor initialized with 85 unit mappings and 3 package patterns
2025-08-06 10:43:18,104 - DEBUG - UnitExtractor initialized with 85 unit mappings and 3 package patterns
2025-08-06 10:43:19,453 - DEBUG - UnitExtractor initialized with 85 unit mappings and 3 package patterns
2025-08-06 10:43:20,801 - DEBUG - UnitExtractor initialized with 85 unit mappings and 3 package patterns
2025-08-06 10:43:22,150 - DEBUG - UnitExtractor initialized with 85 unit mappings and 3 package patterns
2025-08-06 10:43:23,519 - DEBUG - UnitExtractor initialized with 85 unit mappings and 3 package patterns
2025-08-06 10:43:24,893 - DEBUG - UnitExtractor initialized with 85 unit mappings and 3 package patterns
2025-08-06 10:43:26,243 - DEBUG - UnitExtractor initialized with 85 unit mappings and 3 package patterns
2025-08-06 10:43:26,243 - DEBUG - Package extracted 5 units -> 0.020 kg
2025-08-06 10:43:27,599 - DEBUG - UnitExtractor initialized with 85 unit mappings and 3 package patterns
2025-08-06 10:43:28,981 - DEBUG - UnitExtractor initialized with 85 unit mappings and 3 package patterns
2025-08-06 10:43:30,368 - DEBUG - UnitExtractor initialized with 85 unit mappings and 3 package patterns
2025-08-06 10:43:31,752 - DEBUG - UnitExtractor initialized with 85 unit mappings and 3 package patterns
2025-08-06 10:43:33,156 - DEBUG - UnitExtractor initialized with 85 unit mappings and 3 package patterns
2025-08-06 10:43:34,631 - DEBUG - UnitExtractor initialized with 85 unit mappings and 3 package patterns
2025-08-06 10:43:36,046 - DEBUG - UnitExtractor initialized with 85 unit mappings and 3 package patterns
2025-08-06 10:43:37,481 - DEBUG - UnitExtractor initialized with 85 unit mappings and 3 package patterns
2025-08-06 10:43:38,905 - DEBUG - UnitExtractor initialized with 85 unit mappings and 3 package patterns
2025-08-06 10:43:40,297 - DEBUG - UnitExtractor initialized with 85 unit mappings and 3 package patterns
2025-08-06 10:43:41,694 - DEBUG - UnitExtractor initialized with 85 unit mappings and 3 package patterns
2025-08-06 10:43:43,095 - DEBUG - UnitExtractor initialized with 85 unit mappings and 3 package patterns
2025-08-06 10:43:44,483 - DEBUG - UnitExtractor initialized with 85 unit mappings and 3 package patterns
2025-08-06 10:43:45,868 - DEBUG - UnitExtractor initialized with 85 unit mappings and 3 package patterns
2025-08-06 10:43:47,217 - DEBUG - UnitExtractor initialized with 85 unit mappings and 3 package patterns
2025-08-06 10:43:48,597 - DEBUG - UnitExtractor initialized with 85 unit mappings and 3 package patterns
2025-08-06 10:43:49,951 - DEBUG - UnitExtractor initialized with 85 unit mappings and 3 package patterns
2025-08-06 10:43:51,315 - DEBUG - UnitExtractor initialized with 85 unit mappings and 3 package patterns
2025-08-06 10:43:52,677 - DEBUG - UnitExtractor initialized with 85 unit mappings and 3 package patterns
2025-08-06 10:43:54,028 - DEBUG - UnitExtractor initialized with 85 unit mappings and 3 package patterns
2025-08-06 10:43:55,388 - DEBUG - UnitExtractor initialized with 85 unit mappings and 3 package patterns
2025-08-06 10:43:56,741 - DEBUG - UnitExtractor initialized with 85 unit mappings and 3 package patterns
2025-08-06 10:43:58,114 - DEBUG - UnitExtractor initialized with 85 unit mappings and 3 package patterns
2025-08-06 10:43:59,468 - DEBUG - UnitExtractor initialized with 85 unit mappings and 3 package patterns
2025-08-06 10:44:00,869 - DEBUG - UnitExtractor initialized with 85 unit mappings and 3 package patterns
2025-08-06 10:44:02,223 - DEBUG - UnitExtractor initialized with 85 unit mappings and 3 package patterns
2025-08-06 10:44:03,571 - DEBUG - UnitExtractor initialized with 85 unit mappings and 3 package patterns
2025-08-06 10:44:04,945 - DEBUG - UnitExtractor initialized with 85 unit mappings and 3 package patterns
2025-08-06 10:44:07,803 - DEBUG - UnitExtractor initialized with 85 unit mappings and 3 package patterns
2025-08-06 10:44:09,199 - DEBUG - UnitExtractor initialized with 85 unit mappings and 3 package patterns
2025-08-06 10:44:10,578 - DEBUG - UnitExtractor initialized with 85 unit mappings and 3 package patterns
2025-08-06 10:44:11,935 - DEBUG - UnitExtractor initialized with 85 unit mappings and 3 package patterns
2025-08-06 10:44:13,341 - DEBUG - UnitExtractor initialized with 85 unit mappings and 3 package patterns
2025-08-06 10:44:14,708 - DEBUG - UnitExtractor initialized with 85 unit mappings and 3 package patterns
2025-08-06 10:44:16,127 - DEBUG - UnitExtractor initialized with 85 unit mappings and 3 package patterns
2025-08-06 10:44:17,522 - DEBUG - UnitExtractor initialized with 85 unit mappings and 3 package patterns
2025-08-06 10:44:18,901 - DEBUG - UnitExtractor initialized with 85 unit mappings and 3 package patterns
2025-08-06 10:44:18,904 - ERROR - Failed to parse number 'H9': [<class 'decimal.ConversionSyntax'>]
2025-08-06 10:44:20,265 - DEBUG - UnitExtractor initialized with 85 unit mappings and 3 package patterns
2025-08-06 10:44:21,642 - DEBUG - UnitExtractor initialized with 85 unit mappings and 3 package patterns
2025-08-06 10:44:23,037 - DEBUG - UnitExtractor initialized with 85 unit mappings and 3 package patterns
2025-08-06 10:44:24,446 - DEBUG - UnitExtractor initialized with 85 unit mappings and 3 package patterns
2025-08-06 10:44:25,844 - DEBUG - UnitExtractor initialized with 85 unit mappings and 3 package patterns
2025-08-06 10:44:27,243 - DEBUG - UnitExtractor initialized with 85 unit mappings and 3 package patterns
2025-08-06 10:44:28,648 - DEBUG - UnitExtractor initialized with 85 unit mappings and 3 package patterns
2025-08-06 10:44:30,064 - DEBUG - UnitExtractor initialized with 85 unit mappings and 3 package patterns
2025-08-06 10:44:31,506 - DEBUG - UnitExtractor initialized with 85 unit mappings and 3 package patterns
2025-08-06 10:44:32,867 - DEBUG - UnitExtractor initialized with 85 unit mappings and 3 package patterns
2025-08-06 10:44:34,244 - DEBUG - UnitExtractor initialized with 85 unit mappings and 3 package patterns
2025-08-06 10:44:35,586 - DEBUG - UnitExtractor initialized with 85 unit mappings and 3 package patterns
2025-08-06 10:44:36,942 - DEBUG - UnitExtractor initialized with 85 unit mappings and 3 package patterns
2025-08-06 10:44:38,380 - DEBUG - UnitExtractor initialized with 85 unit mappings and 3 package patterns
2025-08-06 10:44:39,746 - DEBUG - UnitExtractor initialized with 85 unit mappings and 3 package patterns
2025-08-06 10:44:41,106 - DEBUG - UnitExtractor initialized with 85 unit mappings and 3 package patterns
2025-08-06 10:44:42,506 - DEBUG - UnitExtractor initialized with 85 unit mappings and 3 package patterns
2025-08-06 10:44:43,871 - DEBUG - UnitExtractor initialized with 85 unit mappings and 3 package patterns
2025-08-06 10:44:45,244 - DEBUG - UnitExtractor initialized with 85 unit mappings and 3 package patterns
2025-08-06 10:44:46,619 - DEBUG - UnitExtractor initialized with 85 unit mappings and 3 package patterns
2025-08-06 10:44:47,989 - DEBUG - UnitExtractor initialized with 85 unit mappings and 3 package patterns
2025-08-06 10:44:49,375 - DEBUG - UnitExtractor initialized with 85 unit mappings and 3 package patterns
2025-08-06 10:44:50,737 - DEBUG - UnitExtractor initialized with 85 unit mappings and 3 package patterns
2025-08-06 10:44:52,149 - DEBUG - UnitExtractor initialized with 85 unit mappings and 3 package patterns
2025-08-06 10:44:53,516 - DEBUG - UnitExtractor initialized with 85 unit mappings and 3 package patterns
2025-08-06 10:44:54,940 - DEBUG - UnitExtractor initialized with 85 unit mappings and 3 package patterns
2025-08-06 10:44:54,953 - ERROR - Failed to parse number 'Seven': [<class 'decimal.ConversionSyntax'>]
2025-08-06 10:44:56,412 - DEBUG - UnitExtractor initialized with 85 unit mappings and 3 package patterns
2025-08-06 10:44:57,791 - DEBUG - UnitExtractor initialized with 85 unit mappings and 3 package patterns
2025-08-06 10:44:59,195 - DEBUG - UnitExtractor initialized with 85 unit mappings and 3 package patterns
2025-08-06 10:45:00,546 - DEBUG - UnitExtractor initialized with 85 unit mappings and 3 package patterns
2025-08-06 10:45:01,912 - DEBUG - UnitExtractor initialized with 85 unit mappings and 3 package patterns
2025-08-06 10:45:03,277 - DEBUG - UnitExtractor initialized with 85 unit mappings and 3 package patterns
2025-08-06 10:45:04,662 - DEBUG - UnitExtractor initialized with 85 unit mappings and 3 package patterns
2025-08-06 10:45:06,031 - DEBUG - UnitExtractor initialized with 85 unit mappings and 3 package patterns
2025-08-06 10:45:07,444 - DEBUG - UnitExtractor initialized with 85 unit mappings and 3 package patterns
2025-08-06 10:45:08,793 - DEBUG - UnitExtractor initialized with 85 unit mappings and 3 package patterns
2025-08-06 10:45:10,176 - DEBUG - UnitExtractor initialized with 85 unit mappings and 3 package patterns
2025-08-06 10:45:10,176 - DEBUG - Package extracted 3 units -> 0.012 kg
2025-08-06 10:45:11,523 - DEBUG - UnitExtractor initialized with 85 unit mappings and 3 package patterns
2025-08-06 10:45:12,934 - DEBUG - UnitExtractor initialized with 85 unit mappings and 3 package patterns
2025-08-06 10:45:15,661 - DEBUG - UnitExtractor initialized with 85 unit mappings and 3 package patterns
2025-08-06 10:45:15,670 - ERROR - Failed to parse number '(': [<class 'decimal.ConversionSyntax'>]
2025-08-06 10:45:15,675 - ERROR - Failed to parse number ')': [<class 'decimal.ConversionSyntax'>]
2025-08-06 10:45:17,075 - DEBUG - UnitExtractor initialized with 85 unit mappings and 3 package patterns
2025-08-06 10:45:18,443 - DEBUG - UnitExtractor initialized with 85 unit mappings and 3 package patterns
2025-08-06 10:45:19,819 - DEBUG - UnitExtractor initialized with 85 unit mappings and 3 package patterns
2025-08-06 10:45:21,205 - DEBUG - UnitExtractor initialized with 85 unit mappings and 3 package patterns
2025-08-06 10:45:22,601 - DEBUG - UnitExtractor initialized with 85 unit mappings and 3 package patterns
2025-08-06 10:45:23,960 - DEBUG - UnitExtractor initialized with 85 unit mappings and 3 package patterns
2025-08-06 10:45:25,334 - DEBUG - UnitExtractor initialized with 85 unit mappings and 3 package patterns
2025-08-06 10:45:26,702 - DEBUG - UnitExtractor initialized with 85 unit mappings and 3 package patterns
2025-08-06 10:45:28,094 - DEBUG - UnitExtractor initialized with 85 unit mappings and 3 package patterns
2025-08-06 10:45:29,482 - DEBUG - UnitExtractor initialized with 85 unit mappings and 3 package patterns
2025-08-06 10:45:29,483 - DEBUG - Package extracted 3 units -> 0.012 kg
2025-08-06 10:45:30,918 - DEBUG - UnitExtractor initialized with 85 unit mappings and 3 package patterns
2025-08-06 10:45:32,338 - DEBUG - UnitExtractor initialized with 85 unit mappings and 3 package patterns
2025-08-06 10:45:33,697 - DEBUG - UnitExtractor initialized with 85 unit mappings and 3 package patterns
2025-08-06 10:45:35,086 - DEBUG - UnitExtractor initialized with 85 unit mappings and 3 package patterns
2025-08-06 10:45:36,475 - DEBUG - UnitExtractor initialized with 85 unit mappings and 3 package patterns
2025-08-06 10:45:37,891 - DEBUG - UnitExtractor initialized with 85 unit mappings and 3 package patterns
2025-08-06 10:45:37,891 - DEBUG - Extracted 1 KG -> 1.0 kg
2025-08-06 10:45:39,310 - DEBUG - UnitExtractor initialized with 85 unit mappings and 3 package patterns
2025-08-06 10:45:40,713 - DEBUG - UnitExtractor initialized with 85 unit mappings and 3 package patterns
2025-08-06 10:45:42,060 - DEBUG - UnitExtractor initialized with 85 unit mappings and 3 package patterns
2025-08-06 10:45:43,443 - DEBUG - UnitExtractor initialized with 85 unit mappings and 3 package patterns
2025-08-06 10:45:44,883 - DEBUG - UnitExtractor initialized with 85 unit mappings and 3 package patterns
2025-08-06 10:45:46,267 - DEBUG - UnitExtractor initialized with 85 unit mappings and 3 package patterns
2025-08-06 10:45:47,630 - DEBUG - UnitExtractor initialized with 85 unit mappings and 3 package patterns
2025-08-06 10:45:49,051 - DEBUG - UnitExtractor initialized with 85 unit mappings and 3 package patterns
2025-08-06 10:45:50,423 - DEBUG - UnitExtractor initialized with 85 unit mappings and 3 package patterns
2025-08-06 10:45:51,788 - DEBUG - UnitExtractor initialized with 85 unit mappings and 3 package patterns
2025-08-06 10:45:53,162 - DEBUG - UnitExtractor initialized with 85 unit mappings and 3 package patterns
2025-08-06 10:45:54,514 - DEBUG - UnitExtractor initialized with 85 unit mappings and 3 package patterns
2025-08-06 10:45:55,910 - DEBUG - UnitExtractor initialized with 85 unit mappings and 3 package patterns
2025-08-06 10:45:57,306 - DEBUG - UnitExtractor initialized with 85 unit mappings and 3 package patterns
2025-08-06 10:45:58,729 - DEBUG - UnitExtractor initialized with 85 unit mappings and 3 package patterns
2025-08-06 10:46:00,078 - DEBUG - UnitExtractor initialized with 85 unit mappings and 3 package patterns
2025-08-06 10:46:01,453 - DEBUG - UnitExtractor initialized with 85 unit mappings and 3 package patterns
2025-08-06 10:46:02,811 - DEBUG - UnitExtractor initialized with 85 unit mappings and 3 package patterns
2025-08-06 10:46:04,176 - DEBUG - UnitExtractor initialized with 85 unit mappings and 3 package patterns
2025-08-06 10:46:05,597 - DEBUG - UnitExtractor initialized with 85 unit mappings and 3 package patterns
2025-08-06 10:46:06,971 - DEBUG - UnitExtractor initialized with 85 unit mappings and 3 package patterns
2025-08-06 10:46:08,342 - DEBUG - UnitExtractor initialized with 85 unit mappings and 3 package patterns
2025-08-06 10:46:09,703 - DEBUG - UnitExtractor initialized with 85 unit mappings and 3 package patterns
2025-08-06 10:46:11,075 - DEBUG - UnitExtractor initialized with 85 unit mappings and 3 package patterns
2025-08-06 10:46:12,437 - DEBUG - UnitExtractor initialized with 85 unit mappings and 3 package patterns
2025-08-06 10:46:13,849 - DEBUG - UnitExtractor initialized with 85 unit mappings and 3 package patterns
2025-08-06 10:46:15,308 - DEBUG - UnitExtractor initialized with 85 unit mappings and 3 package patterns
2025-08-06 10:46:16,759 - DEBUG - UnitExtractor initialized with 85 unit mappings and 3 package patterns
2025-08-06 10:46:18,185 - DEBUG - UnitExtractor initialized with 85 unit mappings and 3 package patterns
2025-08-06 10:46:19,675 - DEBUG - UnitExtractor initialized with 85 unit mappings and 3 package patterns
2025-08-06 10:46:21,098 - DEBUG - UnitExtractor initialized with 85 unit mappings and 3 package patterns
2025-08-06 10:46:24,061 - DEBUG - UnitExtractor initialized with 85 unit mappings and 3 package patterns
2025-08-06 10:46:25,503 - DEBUG - UnitExtractor initialized with 85 unit mappings and 3 package patterns
2025-08-06 10:46:26,921 - DEBUG - UnitExtractor initialized with 85 unit mappings and 3 package patterns
2025-08-06 10:46:28,410 - DEBUG - UnitExtractor initialized with 85 unit mappings and 3 package patterns
2025-08-06 10:46:29,855 - DEBUG - UnitExtractor initialized with 85 unit mappings and 3 package patterns
2025-08-06 10:46:31,253 - DEBUG - UnitExtractor initialized with 85 unit mappings and 3 package patterns
2025-08-06 10:46:32,661 - DEBUG - UnitExtractor initialized with 85 unit mappings and 3 package patterns
2025-08-06 10:46:32,675 - ERROR - Failed to parse number 'White': [<class 'decimal.ConversionSyntax'>]
2025-08-06 10:46:34,121 - DEBUG - UnitExtractor initialized with 85 unit mappings and 3 package patterns
2025-08-06 10:46:35,502 - DEBUG - UnitExtractor initialized with 85 unit mappings and 3 package patterns
2025-08-06 10:46:36,957 - DEBUG - UnitExtractor initialized with 85 unit mappings and 3 package patterns
2025-08-06 10:46:38,419 - DEBUG - UnitExtractor initialized with 85 unit mappings and 3 package patterns
2025-08-06 10:46:38,424 - ERROR - Failed to parse number 'small': [<class 'decimal.ConversionSyntax'>]
2025-08-06 10:46:39,892 - DEBUG - UnitExtractor initialized with 85 unit mappings and 3 package patterns
2025-08-06 10:46:41,289 - DEBUG - UnitExtractor initialized with 85 unit mappings and 3 package patterns
2025-08-06 10:46:42,747 - DEBUG - UnitExtractor initialized with 85 unit mappings and 3 package patterns
2025-08-06 10:46:44,170 - DEBUG - UnitExtractor initialized with 85 unit mappings and 3 package patterns
2025-08-06 10:46:45,522 - DEBUG - UnitExtractor initialized with 85 unit mappings and 3 package patterns
2025-08-06 10:46:46,923 - DEBUG - UnitExtractor initialized with 85 unit mappings and 3 package patterns
2025-08-06 10:46:48,328 - DEBUG - UnitExtractor initialized with 85 unit mappings and 3 package patterns
2025-08-06 10:46:49,721 - DEBUG - UnitExtractor initialized with 85 unit mappings and 3 package patterns
2025-08-06 10:46:51,071 - DEBUG - UnitExtractor initialized with 85 unit mappings and 3 package patterns
2025-08-06 10:46:52,485 - DEBUG - UnitExtractor initialized with 85 unit mappings and 3 package patterns
2025-08-06 10:46:53,925 - DEBUG - UnitExtractor initialized with 85 unit mappings and 3 package patterns
2025-08-06 10:46:55,325 - DEBUG - UnitExtractor initialized with 85 unit mappings and 3 package patterns
2025-08-06 10:46:56,708 - DEBUG - UnitExtractor initialized with 85 unit mappings and 3 package patterns
2025-08-06 10:46:58,127 - DEBUG - UnitExtractor initialized with 85 unit mappings and 3 package patterns
2025-08-06 10:46:58,127 - DEBUG - Extracted 1 KG -> 1.0 kg
2025-08-06 10:46:59,606 - DEBUG - UnitExtractor initialized with 85 unit mappings and 3 package patterns
2025-08-06 10:47:01,016 - DEBUG - UnitExtractor initialized with 85 unit mappings and 3 package patterns
2025-08-06 10:47:02,403 - DEBUG - UnitExtractor initialized with 85 unit mappings and 3 package patterns
2025-08-06 10:47:03,798 - DEBUG - UnitExtractor initialized with 85 unit mappings and 3 package patterns
2025-08-06 10:47:05,178 - DEBUG - UnitExtractor initialized with 85 unit mappings and 3 package patterns
2025-08-06 10:47:06,536 - DEBUG - UnitExtractor initialized with 85 unit mappings and 3 package patterns
2025-08-06 10:47:07,908 - DEBUG - UnitExtractor initialized with 85 unit mappings and 3 package patterns
2025-08-06 10:47:09,253 - DEBUG - UnitExtractor initialized with 85 unit mappings and 3 package patterns
2025-08-06 10:47:10,618 - DEBUG - UnitExtractor initialized with 85 unit mappings and 3 package patterns
2025-08-06 10:47:11,973 - DEBUG - UnitExtractor initialized with 85 unit mappings and 3 package patterns
2025-08-06 10:47:13,338 - DEBUG - UnitExtractor initialized with 85 unit mappings and 3 package patterns
2025-08-06 10:47:14,701 - DEBUG - UnitExtractor initialized with 85 unit mappings and 3 package patterns
2025-08-06 10:47:16,065 - DEBUG - UnitExtractor initialized with 85 unit mappings and 3 package patterns
2025-08-06 10:47:17,439 - DEBUG - UnitExtractor initialized with 85 unit mappings and 3 package patterns
2025-08-06 10:47:18,804 - DEBUG - UnitExtractor initialized with 85 unit mappings and 3 package patterns
2025-08-06 10:47:20,167 - DEBUG - UnitExtractor initialized with 85 unit mappings and 3 package patterns
2025-08-06 10:47:21,518 - DEBUG - UnitExtractor initialized with 85 unit mappings and 3 package patterns
2025-08-06 10:47:22,887 - DEBUG - UnitExtractor initialized with 85 unit mappings and 3 package patterns
2025-08-06 10:47:22,887 - DEBUG - Package extracted 15 units -> 0.060 kg
2025-08-06 10:47:24,233 - DEBUG - UnitExtractor initialized with 85 unit mappings and 3 package patterns
2025-08-06 10:47:25,591 - DEBUG - UnitExtractor initialized with 85 unit mappings and 3 package patterns
2025-08-06 10:47:26,943 - DEBUG - UnitExtractor initialized with 85 unit mappings and 3 package patterns
2025-08-06 10:47:28,296 - DEBUG - UnitExtractor initialized with 85 unit mappings and 3 package patterns
2025-08-06 10:47:29,672 - DEBUG - UnitExtractor initialized with 85 unit mappings and 3 package patterns
2025-08-06 10:47:32,199 - DEBUG - UnitExtractor initialized with 85 unit mappings and 3 package patterns
2025-08-06 10:47:33,575 - DEBUG - UnitExtractor initialized with 85 unit mappings and 3 package patterns
2025-08-06 10:47:35,043 - DEBUG - UnitExtractor initialized with 85 unit mappings and 3 package patterns
2025-08-06 10:47:36,541 - DEBUG - UnitExtractor initialized with 85 unit mappings and 3 package patterns
2025-08-06 10:47:38,083 - DEBUG - UnitExtractor initialized with 85 unit mappings and 3 package patterns
2025-08-06 10:47:39,510 - DEBUG - UnitExtractor initialized with 85 unit mappings and 3 package patterns
2025-08-06 10:47:40,904 - DEBUG - UnitExtractor initialized with 85 unit mappings and 3 package patterns
2025-08-06 10:47:42,243 - DEBUG - UnitExtractor initialized with 85 unit mappings and 3 package patterns
2025-08-06 10:47:43,593 - DEBUG - UnitExtractor initialized with 85 unit mappings and 3 package patterns
2025-08-06 10:47:44,938 - DEBUG - UnitExtractor initialized with 85 unit mappings and 3 package patterns
2025-08-06 10:47:46,434 - DEBUG - UnitExtractor initialized with 85 unit mappings and 3 package patterns
2025-08-06 10:47:47,835 - DEBUG - UnitExtractor initialized with 85 unit mappings and 3 package patterns
2025-08-06 10:47:49,192 - DEBUG - UnitExtractor initialized with 85 unit mappings and 3 package patterns
2025-08-06 10:47:50,603 - DEBUG - UnitExtractor initialized with 85 unit mappings and 3 package patterns
2025-08-06 10:47:52,040 - DEBUG - UnitExtractor initialized with 85 unit mappings and 3 package patterns
2025-08-06 10:47:53,494 - DEBUG - UnitExtractor initialized with 85 unit mappings and 3 package patterns
2025-08-06 10:47:54,897 - DEBUG - UnitExtractor initialized with 85 unit mappings and 3 package patterns
2025-08-06 10:47:56,316 - DEBUG - UnitExtractor initialized with 85 unit mappings and 3 package patterns
2025-08-06 10:47:57,723 - DEBUG - UnitExtractor initialized with 85 unit mappings and 3 package patterns
2025-08-06 10:47:59,123 - DEBUG - UnitExtractor initialized with 85 unit mappings and 3 package patterns
2025-08-06 10:48:00,531 - DEBUG - UnitExtractor initialized with 85 unit mappings and 3 package patterns
2025-08-06 10:48:02,063 - DEBUG - UnitExtractor initialized with 85 unit mappings and 3 package patterns
2025-08-06 10:48:03,518 - DEBUG - UnitExtractor initialized with 85 unit mappings and 3 package patterns
2025-08-06 10:48:05,001 - DEBUG - UnitExtractor initialized with 85 unit mappings and 3 package patterns
2025-08-06 10:48:06,422 - DEBUG - UnitExtractor initialized with 85 unit mappings and 3 package patterns
2025-08-06 10:48:08,006 - DEBUG - UnitExtractor initialized with 85 unit mappings and 3 package patterns
2025-08-06 10:48:09,459 - DEBUG - UnitExtractor initialized with 85 unit mappings and 3 package patterns
2025-08-06 10:48:10,905 - DEBUG - UnitExtractor initialized with 85 unit mappings and 3 package patterns
2025-08-06 10:48:12,414 - DEBUG - UnitExtractor initialized with 85 unit mappings and 3 package patterns
2025-08-06 10:48:13,857 - DEBUG - UnitExtractor initialized with 85 unit mappings and 3 package patterns
2025-08-06 10:48:15,225 - DEBUG - UnitExtractor initialized with 85 unit mappings and 3 package patterns
2025-08-06 10:48:16,764 - DEBUG - UnitExtractor initialized with 85 unit mappings and 3 package patterns
2025-08-06 10:48:18,116 - DEBUG - UnitExtractor initialized with 85 unit mappings and 3 package patterns
2025-08-06 10:48:19,494 - DEBUG - UnitExtractor initialized with 85 unit mappings and 3 package patterns
2025-08-06 10:48:20,866 - DEBUG - UnitExtractor initialized with 85 unit mappings and 3 package patterns
2025-08-06 10:48:22,244 - DEBUG - UnitExtractor initialized with 85 unit mappings and 3 package patterns
2025-08-06 10:48:23,727 - DEBUG - UnitExtractor initialized with 85 unit mappings and 3 package patterns
2025-08-06 10:48:25,139 - DEBUG - UnitExtractor initialized with 85 unit mappings and 3 package patterns
2025-08-06 10:48:26,517 - DEBUG - UnitExtractor initialized with 85 unit mappings and 3 package patterns
2025-08-06 10:48:27,904 - DEBUG - UnitExtractor initialized with 85 unit mappings and 3 package patterns
2025-08-06 10:48:29,317 - DEBUG - UnitExtractor initialized with 85 unit mappings and 3 package patterns
2025-08-06 10:48:30,798 - DEBUG - UnitExtractor initialized with 85 unit mappings and 3 package patterns
2025-08-06 10:48:32,236 - DEBUG - UnitExtractor initialized with 85 unit mappings and 3 package patterns
2025-08-06 10:48:33,665 - DEBUG - UnitExtractor initialized with 85 unit mappings and 3 package patterns
2025-08-06 10:48:35,063 - DEBUG - UnitExtractor initialized with 85 unit mappings and 3 package patterns
2025-08-06 10:48:36,489 - DEBUG - UnitExtractor initialized with 85 unit mappings and 3 package patterns
2025-08-06 10:48:37,911 - DEBUG - UnitExtractor initialized with 85 unit mappings and 3 package patterns
2025-08-06 10:48:39,329 - DEBUG - UnitExtractor initialized with 85 unit mappings and 3 package patterns
2025-08-06 10:48:42,367 - DEBUG - UnitExtractor initialized with 85 unit mappings and 3 package patterns
2025-08-06 10:48:43,807 - DEBUG - UnitExtractor initialized with 85 unit mappings and 3 package patterns
2025-08-06 10:48:45,234 - DEBUG - UnitExtractor initialized with 85 unit mappings and 3 package patterns
2025-08-06 10:48:45,245 - ERROR - Failed to parse number 'Seven': [<class 'decimal.ConversionSyntax'>]
2025-08-06 10:48:46,682 - DEBUG - UnitExtractor initialized with 85 unit mappings and 3 package patterns
2025-08-06 10:48:48,130 - DEBUG - UnitExtractor initialized with 85 unit mappings and 3 package patterns
2025-08-06 10:48:49,531 - DEBUG - UnitExtractor initialized with 85 unit mappings and 3 package patterns
2025-08-06 10:48:50,934 - DEBUG - UnitExtractor initialized with 85 unit mappings and 3 package patterns
2025-08-06 10:48:52,295 - DEBUG - UnitExtractor initialized with 85 unit mappings and 3 package patterns
2025-08-06 10:48:53,692 - DEBUG - UnitExtractor initialized with 85 unit mappings and 3 package patterns
2025-08-06 10:48:55,061 - DEBUG - UnitExtractor initialized with 85 unit mappings and 3 package patterns
2025-08-06 10:48:56,431 - DEBUG - UnitExtractor initialized with 85 unit mappings and 3 package patterns
2025-08-06 10:48:57,792 - DEBUG - UnitExtractor initialized with 85 unit mappings and 3 package patterns
2025-08-06 10:48:59,238 - DEBUG - UnitExtractor initialized with 85 unit mappings and 3 package patterns
2025-08-06 10:49:00,667 - DEBUG - UnitExtractor initialized with 85 unit mappings and 3 package patterns
2025-08-06 10:49:02,034 - DEBUG - UnitExtractor initialized with 85 unit mappings and 3 package patterns
2025-08-06 10:49:03,458 - DEBUG - UnitExtractor initialized with 85 unit mappings and 3 package patterns
2025-08-06 10:49:04,874 - DEBUG - UnitExtractor initialized with 85 unit mappings and 3 package patterns
2025-08-06 10:49:06,281 - DEBUG - UnitExtractor initialized with 85 unit mappings and 3 package patterns
2025-08-06 10:49:07,833 - DEBUG - UnitExtractor initialized with 85 unit mappings and 3 package patterns
2025-08-06 10:49:09,384 - ERROR - Future exception was never retrieved
future: <Future finished exception=BrokenPipeError(32, 'The pipe is being closed', None, 232, None)>
Traceback (most recent call last):
  File "C:\Users\pc\AppData\Local\Programs\Python\Python311\Lib\asyncio\proactor_events.py", line 397, in _loop_writing
    self._write_fut = self._loop._proactor.send(self._sock, data)
                      ^^^^^^^^^^^^^^^^^^^^^^^^^^^^^^^^^^^^^^^^^^^
  File "C:\Users\pc\AppData\Local\Programs\Python\Python311\Lib\asyncio\windows_events.py", line 559, in send
    ov.WriteFile(conn.fileno(), buf)
BrokenPipeError: [WinError 232] The pipe is being closed
2025-08-06 10:49:10,983 - DEBUG - Using proactor: IocpProactor
2025-08-06 10:49:13,015 - DEBUG - UnitExtractor initialized with 85 unit mappings and 3 package patterns
2025-08-06 10:49:13,015 - DEBUG - Attempting to acquire lock 2451461538576 on D:\webscraping\venv\Lib\site-packages\tldextract\.suffix_cache\publicsuffix.org-tlds\de84b5ca2167d4c83e38fb162f2e8738.tldextract.json.lock
2025-08-06 10:49:13,016 - DEBUG - Lock 2451461538576 acquired on D:\webscraping\venv\Lib\site-packages\tldextract\.suffix_cache\publicsuffix.org-tlds\de84b5ca2167d4c83e38fb162f2e8738.tldextract.json.lock
2025-08-06 10:49:13,018 - DEBUG - Attempting to release lock 2451461538576 on D:\webscraping\venv\Lib\site-packages\tldextract\.suffix_cache\publicsuffix.org-tlds\de84b5ca2167d4c83e38fb162f2e8738.tldextract.json.lock
2025-08-06 10:49:13,019 - DEBUG - Lock 2451461538576 released on D:\webscraping\venv\Lib\site-packages\tldextract\.suffix_cache\publicsuffix.org-tlds\de84b5ca2167d4c83e38fb162f2e8738.tldextract.json.lock
2025-08-06 10:49:14,431 - DEBUG - UnitExtractor initialized with 85 unit mappings and 3 package patterns
2025-08-06 10:49:15,879 - DEBUG - UnitExtractor initialized with 85 unit mappings and 3 package patterns
2025-08-06 10:49:17,261 - DEBUG - UnitExtractor initialized with 85 unit mappings and 3 package patterns
2025-08-06 10:49:18,641 - DEBUG - UnitExtractor initialized with 85 unit mappings and 3 package patterns
2025-08-06 10:49:20,052 - DEBUG - UnitExtractor initialized with 85 unit mappings and 3 package patterns
2025-08-06 10:49:21,400 - DEBUG - UnitExtractor initialized with 85 unit mappings and 3 package patterns
2025-08-06 10:49:22,747 - DEBUG - UnitExtractor initialized with 85 unit mappings and 3 package patterns
2025-08-06 10:49:24,095 - DEBUG - UnitExtractor initialized with 85 unit mappings and 3 package patterns
2025-08-06 10:49:25,438 - DEBUG - UnitExtractor initialized with 85 unit mappings and 3 package patterns
2025-08-06 10:49:26,787 - DEBUG - UnitExtractor initialized with 85 unit mappings and 3 package patterns
2025-08-06 10:49:28,228 - DEBUG - UnitExtractor initialized with 85 unit mappings and 3 package patterns
2025-08-06 10:49:29,619 - DEBUG - UnitExtractor initialized with 85 unit mappings and 3 package patterns
2025-08-06 10:49:30,967 - DEBUG - UnitExtractor initialized with 85 unit mappings and 3 package patterns
2025-08-06 10:49:32,309 - DEBUG - UnitExtractor initialized with 85 unit mappings and 3 package patterns
2025-08-06 10:49:33,641 - DEBUG - UnitExtractor initialized with 85 unit mappings and 3 package patterns
2025-08-06 10:49:34,994 - DEBUG - UnitExtractor initialized with 85 unit mappings and 3 package patterns
2025-08-06 10:49:36,390 - DEBUG - UnitExtractor initialized with 85 unit mappings and 3 package patterns
2025-08-06 10:49:37,746 - DEBUG - UnitExtractor initialized with 85 unit mappings and 3 package patterns
2025-08-06 10:49:39,111 - DEBUG - UnitExtractor initialized with 85 unit mappings and 3 package patterns
2025-08-06 10:49:39,111 - DEBUG - Package extracted 5 units -> 0.020 kg
2025-08-06 10:49:40,442 - DEBUG - UnitExtractor initialized with 85 unit mappings and 3 package patterns
2025-08-06 10:49:41,808 - DEBUG - UnitExtractor initialized with 85 unit mappings and 3 package patterns
2025-08-06 10:49:43,179 - DEBUG - UnitExtractor initialized with 85 unit mappings and 3 package patterns
2025-08-06 10:49:44,550 - DEBUG - UnitExtractor initialized with 85 unit mappings and 3 package patterns
2025-08-06 10:49:45,960 - DEBUG - UnitExtractor initialized with 85 unit mappings and 3 package patterns
2025-08-06 10:49:47,419 - DEBUG - UnitExtractor initialized with 85 unit mappings and 3 package patterns
2025-08-06 10:49:48,792 - DEBUG - UnitExtractor initialized with 85 unit mappings and 3 package patterns
2025-08-06 10:49:50,173 - DEBUG - UnitExtractor initialized with 85 unit mappings and 3 package patterns
2025-08-06 10:49:51,588 - DEBUG - UnitExtractor initialized with 85 unit mappings and 3 package patterns
2025-08-06 10:49:53,006 - DEBUG - UnitExtractor initialized with 85 unit mappings and 3 package patterns
2025-08-06 10:49:54,386 - DEBUG - UnitExtractor initialized with 85 unit mappings and 3 package patterns
2025-08-06 10:49:55,813 - DEBUG - UnitExtractor initialized with 85 unit mappings and 3 package patterns
2025-08-06 10:49:57,172 - DEBUG - UnitExtractor initialized with 85 unit mappings and 3 package patterns
2025-08-06 10:49:58,531 - DEBUG - UnitExtractor initialized with 85 unit mappings and 3 package patterns
2025-08-06 10:49:59,909 - DEBUG - UnitExtractor initialized with 85 unit mappings and 3 package patterns
2025-08-06 10:50:01,279 - DEBUG - UnitExtractor initialized with 85 unit mappings and 3 package patterns
2025-08-06 10:50:02,682 - DEBUG - UnitExtractor initialized with 85 unit mappings and 3 package patterns
2025-08-06 10:50:04,126 - DEBUG - UnitExtractor initialized with 85 unit mappings and 3 package patterns
2025-08-06 10:50:05,539 - DEBUG - UnitExtractor initialized with 85 unit mappings and 3 package patterns
2025-08-06 10:50:07,059 - DEBUG - UnitExtractor initialized with 85 unit mappings and 3 package patterns
2025-08-06 10:50:08,474 - DEBUG - UnitExtractor initialized with 85 unit mappings and 3 package patterns
2025-08-06 10:50:09,861 - DEBUG - UnitExtractor initialized with 85 unit mappings and 3 package patterns
2025-08-06 10:50:11,262 - DEBUG - UnitExtractor initialized with 85 unit mappings and 3 package patterns
2025-08-06 10:50:12,668 - DEBUG - UnitExtractor initialized with 85 unit mappings and 3 package patterns
2025-08-06 10:50:14,055 - DEBUG - UnitExtractor initialized with 85 unit mappings and 3 package patterns
2025-08-06 10:50:15,488 - DEBUG - UnitExtractor initialized with 85 unit mappings and 3 package patterns
2025-08-06 10:50:16,884 - DEBUG - UnitExtractor initialized with 85 unit mappings and 3 package patterns
2025-08-06 10:50:18,319 - DEBUG - UnitExtractor initialized with 85 unit mappings and 3 package patterns
2025-08-06 10:50:21,826 - DEBUG - UnitExtractor initialized with 85 unit mappings and 3 package patterns
2025-08-06 10:50:23,240 - DEBUG - UnitExtractor initialized with 85 unit mappings and 3 package patterns
2025-08-06 10:50:24,667 - DEBUG - UnitExtractor initialized with 85 unit mappings and 3 package patterns
2025-08-06 10:50:26,022 - DEBUG - UnitExtractor initialized with 85 unit mappings and 3 package patterns
2025-08-06 10:50:27,396 - DEBUG - UnitExtractor initialized with 85 unit mappings and 3 package patterns
2025-08-06 10:50:28,777 - DEBUG - UnitExtractor initialized with 85 unit mappings and 3 package patterns
2025-08-06 10:50:30,159 - DEBUG - UnitExtractor initialized with 85 unit mappings and 3 package patterns
2025-08-06 10:50:31,537 - DEBUG - UnitExtractor initialized with 85 unit mappings and 3 package patterns
2025-08-06 10:50:32,933 - DEBUG - UnitExtractor initialized with 85 unit mappings and 3 package patterns
2025-08-06 10:50:32,936 - ERROR - Failed to parse number 'H9': [<class 'decimal.ConversionSyntax'>]
2025-08-06 10:50:34,356 - DEBUG - UnitExtractor initialized with 85 unit mappings and 3 package patterns
2025-08-06 10:50:35,790 - DEBUG - UnitExtractor initialized with 85 unit mappings and 3 package patterns
2025-08-06 10:50:37,151 - DEBUG - UnitExtractor initialized with 85 unit mappings and 3 package patterns
2025-08-06 10:50:38,574 - DEBUG - UnitExtractor initialized with 85 unit mappings and 3 package patterns
2025-08-06 10:50:40,027 - DEBUG - UnitExtractor initialized with 85 unit mappings and 3 package patterns
2025-08-06 10:50:41,442 - DEBUG - UnitExtractor initialized with 85 unit mappings and 3 package patterns
2025-08-06 10:50:42,819 - DEBUG - UnitExtractor initialized with 85 unit mappings and 3 package patterns
2025-08-06 10:50:44,263 - DEBUG - UnitExtractor initialized with 85 unit mappings and 3 package patterns
2025-08-06 10:50:45,800 - DEBUG - UnitExtractor initialized with 85 unit mappings and 3 package patterns
2025-08-06 10:50:47,233 - DEBUG - UnitExtractor initialized with 85 unit mappings and 3 package patterns
2025-08-06 10:50:48,651 - DEBUG - UnitExtractor initialized with 85 unit mappings and 3 package patterns
2025-08-06 10:50:50,042 - DEBUG - UnitExtractor initialized with 85 unit mappings and 3 package patterns
2025-08-06 10:50:51,528 - DEBUG - UnitExtractor initialized with 85 unit mappings and 3 package patterns
2025-08-06 10:50:53,000 - DEBUG - UnitExtractor initialized with 85 unit mappings and 3 package patterns
2025-08-06 10:50:54,443 - DEBUG - UnitExtractor initialized with 85 unit mappings and 3 package patterns
2025-08-06 10:50:56,054 - DEBUG - UnitExtractor initialized with 85 unit mappings and 3 package patterns
2025-08-06 10:50:57,512 - DEBUG - UnitExtractor initialized with 85 unit mappings and 3 package patterns
2025-08-06 10:50:58,920 - DEBUG - UnitExtractor initialized with 85 unit mappings and 3 package patterns
2025-08-06 10:51:00,382 - DEBUG - UnitExtractor initialized with 85 unit mappings and 3 package patterns
2025-08-06 10:51:01,781 - DEBUG - UnitExtractor initialized with 85 unit mappings and 3 package patterns
2025-08-06 10:51:03,195 - DEBUG - UnitExtractor initialized with 85 unit mappings and 3 package patterns
2025-08-06 10:51:04,627 - DEBUG - UnitExtractor initialized with 85 unit mappings and 3 package patterns
2025-08-06 10:51:06,035 - DEBUG - UnitExtractor initialized with 85 unit mappings and 3 package patterns
2025-08-06 10:51:07,477 - DEBUG - UnitExtractor initialized with 85 unit mappings and 3 package patterns
2025-08-06 10:51:08,936 - DEBUG - UnitExtractor initialized with 85 unit mappings and 3 package patterns
2025-08-06 10:51:10,362 - DEBUG - UnitExtractor initialized with 85 unit mappings and 3 package patterns
2025-08-06 10:51:10,385 - ERROR - Failed to parse number 'Seven': [<class 'decimal.ConversionSyntax'>]
2025-08-06 10:51:11,819 - DEBUG - UnitExtractor initialized with 85 unit mappings and 3 package patterns
2025-08-06 10:51:13,229 - DEBUG - UnitExtractor initialized with 85 unit mappings and 3 package patterns
2025-08-06 10:51:14,645 - DEBUG - UnitExtractor initialized with 85 unit mappings and 3 package patterns
2025-08-06 10:51:16,021 - DEBUG - UnitExtractor initialized with 85 unit mappings and 3 package patterns
2025-08-06 10:51:17,437 - DEBUG - UnitExtractor initialized with 85 unit mappings and 3 package patterns
2025-08-06 10:51:18,822 - DEBUG - UnitExtractor initialized with 85 unit mappings and 3 package patterns
2025-08-06 10:51:20,214 - DEBUG - UnitExtractor initialized with 85 unit mappings and 3 package patterns
2025-08-06 10:51:21,599 - DEBUG - UnitExtractor initialized with 85 unit mappings and 3 package patterns
2025-08-06 10:51:22,974 - DEBUG - UnitExtractor initialized with 85 unit mappings and 3 package patterns
2025-08-06 10:51:24,354 - DEBUG - UnitExtractor initialized with 85 unit mappings and 3 package patterns
2025-08-06 10:51:25,774 - DEBUG - UnitExtractor initialized with 85 unit mappings and 3 package patterns
2025-08-06 10:51:25,774 - DEBUG - Package extracted 3 units -> 0.012 kg
2025-08-06 10:51:27,185 - DEBUG - UnitExtractor initialized with 85 unit mappings and 3 package patterns
2025-08-06 10:51:28,896 - ERROR - Future exception was never retrieved
future: <Future finished exception=BrokenPipeError(32, 'The pipe is being closed', None, 232, None)>
Traceback (most recent call last):
  File "C:\Users\pc\AppData\Local\Programs\Python\Python311\Lib\asyncio\proactor_events.py", line 397, in _loop_writing
    self._write_fut = self._loop._proactor.send(self._sock, data)
                      ^^^^^^^^^^^^^^^^^^^^^^^^^^^^^^^^^^^^^^^^^^^
  File "C:\Users\pc\AppData\Local\Programs\Python\Python311\Lib\asyncio\windows_events.py", line 559, in send
    ov.WriteFile(conn.fileno(), buf)
BrokenPipeError: [WinError 232] The pipe is being closed
2025-08-06 10:51:30,305 - DEBUG - Using proactor: IocpProactor
2025-08-06 10:51:36,555 - DEBUG - Attempting to acquire lock 2191888422864 on D:\webscraping\venv\Lib\site-packages\tldextract\.suffix_cache\publicsuffix.org-tlds\de84b5ca2167d4c83e38fb162f2e8738.tldextract.json.lock
2025-08-06 10:51:36,555 - DEBUG - Lock 2191888422864 acquired on D:\webscraping\venv\Lib\site-packages\tldextract\.suffix_cache\publicsuffix.org-tlds\de84b5ca2167d4c83e38fb162f2e8738.tldextract.json.lock
2025-08-06 10:51:36,570 - DEBUG - Attempting to release lock 2191888422864 on D:\webscraping\venv\Lib\site-packages\tldextract\.suffix_cache\publicsuffix.org-tlds\de84b5ca2167d4c83e38fb162f2e8738.tldextract.json.lock
2025-08-06 10:51:36,571 - DEBUG - Lock 2191888422864 released on D:\webscraping\venv\Lib\site-packages\tldextract\.suffix_cache\publicsuffix.org-tlds\de84b5ca2167d4c83e38fb162f2e8738.tldextract.json.lock
2025-08-06 10:52:55,448 - ERROR - Failed to parse number 'H9': [<class 'decimal.ConversionSyntax'>]
2025-08-06 10:53:31,305 - ERROR - Failed to parse number 'Seven': [<class 'decimal.ConversionSyntax'>]
2025-08-06 10:53:53,088 - ERROR - Failed to parse number '(': [<class 'decimal.ConversionSyntax'>]
2025-08-06 10:53:53,092 - ERROR - Failed to parse number ')': [<class 'decimal.ConversionSyntax'>]
2025-08-06 10:55:12,287 - ERROR - Failed to parse number 'White': [<class 'decimal.ConversionSyntax'>]
2025-08-06 10:55:18,309 - ERROR - Failed to parse number 'small': [<class 'decimal.ConversionSyntax'>]
2025-08-06 10:57:27,471 - ERROR - Failed to parse number 'Seven': [<class 'decimal.ConversionSyntax'>]
2025-08-06 10:58:30,599 - DEBUG - Using proactor: IocpProactor
2025-08-06 10:58:32,964 - DEBUG - UnitExtractor initialized with 85 unit mappings and 3 package patterns
2025-08-06 10:58:32,968 - DEBUG - Attempting to acquire lock 1833035820560 on D:\webscraping\venv\Lib\site-packages\tldextract\.suffix_cache\publicsuffix.org-tlds\de84b5ca2167d4c83e38fb162f2e8738.tldextract.json.lock
2025-08-06 10:58:32,968 - DEBUG - Lock 1833035820560 acquired on D:\webscraping\venv\Lib\site-packages\tldextract\.suffix_cache\publicsuffix.org-tlds\de84b5ca2167d4c83e38fb162f2e8738.tldextract.json.lock
2025-08-06 10:58:32,969 - DEBUG - Attempting to release lock 1833035820560 on D:\webscraping\venv\Lib\site-packages\tldextract\.suffix_cache\publicsuffix.org-tlds\de84b5ca2167d4c83e38fb162f2e8738.tldextract.json.lock
2025-08-06 10:58:32,970 - DEBUG - Lock 1833035820560 released on D:\webscraping\venv\Lib\site-packages\tldextract\.suffix_cache\publicsuffix.org-tlds\de84b5ca2167d4c83e38fb162f2e8738.tldextract.json.lock
2025-08-06 10:58:34,515 - DEBUG - UnitExtractor initialized with 85 unit mappings and 3 package patterns
2025-08-06 10:58:36,011 - DEBUG - UnitExtractor initialized with 85 unit mappings and 3 package patterns
2025-08-06 10:58:37,403 - DEBUG - UnitExtractor initialized with 85 unit mappings and 3 package patterns
2025-08-06 10:58:38,749 - DEBUG - UnitExtractor initialized with 85 unit mappings and 3 package patterns
2025-08-06 10:58:40,164 - DEBUG - UnitExtractor initialized with 85 unit mappings and 3 package patterns
2025-08-06 10:58:41,608 - DEBUG - UnitExtractor initialized with 85 unit mappings and 3 package patterns
2025-08-06 10:58:43,028 - DEBUG - UnitExtractor initialized with 85 unit mappings and 3 package patterns
2025-08-06 10:58:44,378 - DEBUG - UnitExtractor initialized with 85 unit mappings and 3 package patterns
2025-08-06 10:58:45,819 - DEBUG - UnitExtractor initialized with 85 unit mappings and 3 package patterns
2025-08-06 10:58:47,305 - DEBUG - UnitExtractor initialized with 85 unit mappings and 3 package patterns
2025-08-06 10:58:48,779 - DEBUG - UnitExtractor initialized with 85 unit mappings and 3 package patterns
2025-08-06 10:58:50,242 - DEBUG - UnitExtractor initialized with 85 unit mappings and 3 package patterns
2025-08-06 10:58:51,735 - DEBUG - UnitExtractor initialized with 85 unit mappings and 3 package patterns
2025-08-06 10:58:53,269 - DEBUG - UnitExtractor initialized with 85 unit mappings and 3 package patterns
2025-08-06 10:58:54,666 - DEBUG - UnitExtractor initialized with 85 unit mappings and 3 package patterns
2025-08-06 10:58:56,069 - DEBUG - UnitExtractor initialized with 85 unit mappings and 3 package patterns
2025-08-06 10:58:57,501 - DEBUG - UnitExtractor initialized with 85 unit mappings and 3 package patterns
2025-08-06 10:58:59,005 - DEBUG - UnitExtractor initialized with 85 unit mappings and 3 package patterns
2025-08-06 10:59:00,466 - DEBUG - UnitExtractor initialized with 85 unit mappings and 3 package patterns
2025-08-06 10:59:00,466 - DEBUG - Package extracted 5 units -> 0.020 kg
2025-08-06 10:59:01,894 - DEBUG - UnitExtractor initialized with 85 unit mappings and 3 package patterns
2025-08-06 10:59:03,483 - DEBUG - UnitExtractor initialized with 85 unit mappings and 3 package patterns
2025-08-06 10:59:04,881 - DEBUG - UnitExtractor initialized with 85 unit mappings and 3 package patterns
2025-08-06 10:59:06,265 - DEBUG - UnitExtractor initialized with 85 unit mappings and 3 package patterns
2025-08-06 10:59:07,758 - DEBUG - UnitExtractor initialized with 85 unit mappings and 3 package patterns
2025-08-06 10:59:09,373 - DEBUG - UnitExtractor initialized with 85 unit mappings and 3 package patterns
2025-08-06 10:59:10,782 - DEBUG - UnitExtractor initialized with 85 unit mappings and 3 package patterns
2025-08-06 10:59:12,267 - DEBUG - UnitExtractor initialized with 85 unit mappings and 3 package patterns
2025-08-06 10:59:13,666 - DEBUG - UnitExtractor initialized with 85 unit mappings and 3 package patterns
2025-08-06 10:59:15,052 - DEBUG - UnitExtractor initialized with 85 unit mappings and 3 package patterns
2025-08-06 10:59:16,446 - DEBUG - UnitExtractor initialized with 85 unit mappings and 3 package patterns
2025-08-06 10:59:17,896 - DEBUG - UnitExtractor initialized with 85 unit mappings and 3 package patterns
2025-08-06 10:59:19,256 - DEBUG - UnitExtractor initialized with 85 unit mappings and 3 package patterns
2025-08-06 10:59:20,654 - DEBUG - UnitExtractor initialized with 85 unit mappings and 3 package patterns
2025-08-06 10:59:22,138 - DEBUG - UnitExtractor initialized with 85 unit mappings and 3 package patterns
2025-08-06 10:59:23,513 - DEBUG - UnitExtractor initialized with 85 unit mappings and 3 package patterns
2025-08-06 10:59:24,889 - DEBUG - UnitExtractor initialized with 85 unit mappings and 3 package patterns
2025-08-06 10:59:26,275 - DEBUG - UnitExtractor initialized with 85 unit mappings and 3 package patterns
2025-08-06 10:59:27,736 - DEBUG - UnitExtractor initialized with 85 unit mappings and 3 package patterns
2025-08-06 10:59:29,134 - DEBUG - UnitExtractor initialized with 85 unit mappings and 3 package patterns
2025-08-06 10:59:30,493 - DEBUG - UnitExtractor initialized with 85 unit mappings and 3 package patterns
2025-08-06 10:59:32,004 - DEBUG - UnitExtractor initialized with 85 unit mappings and 3 package patterns
2025-08-06 10:59:33,449 - DEBUG - UnitExtractor initialized with 85 unit mappings and 3 package patterns
2025-08-06 10:59:34,844 - DEBUG - UnitExtractor initialized with 85 unit mappings and 3 package patterns
2025-08-06 10:59:36,215 - DEBUG - UnitExtractor initialized with 85 unit mappings and 3 package patterns
2025-08-06 10:59:37,594 - DEBUG - UnitExtractor initialized with 85 unit mappings and 3 package patterns
2025-08-06 10:59:38,924 - DEBUG - UnitExtractor initialized with 85 unit mappings and 3 package patterns
2025-08-06 10:59:40,293 - DEBUG - UnitExtractor initialized with 85 unit mappings and 3 package patterns
2025-08-06 10:59:43,334 - DEBUG - UnitExtractor initialized with 85 unit mappings and 3 package patterns
2025-08-06 10:59:44,700 - DEBUG - UnitExtractor initialized with 85 unit mappings and 3 package patterns
2025-08-06 10:59:46,116 - DEBUG - UnitExtractor initialized with 85 unit mappings and 3 package patterns
2025-08-06 10:59:47,609 - DEBUG - UnitExtractor initialized with 85 unit mappings and 3 package patterns
2025-08-06 10:59:49,127 - DEBUG - UnitExtractor initialized with 85 unit mappings and 3 package patterns
2025-08-06 10:59:50,648 - DEBUG - UnitExtractor initialized with 85 unit mappings and 3 package patterns
2025-08-06 10:59:52,154 - DEBUG - UnitExtractor initialized with 85 unit mappings and 3 package patterns
2025-08-06 10:59:53,567 - DEBUG - UnitExtractor initialized with 85 unit mappings and 3 package patterns
2025-08-06 10:59:55,000 - DEBUG - UnitExtractor initialized with 85 unit mappings and 3 package patterns
2025-08-06 10:59:55,004 - ERROR - Failed to parse number 'H9': [<class 'decimal.ConversionSyntax'>]
2025-08-06 10:59:56,484 - DEBUG - UnitExtractor initialized with 85 unit mappings and 3 package patterns
2025-08-06 10:59:57,997 - DEBUG - UnitExtractor initialized with 85 unit mappings and 3 package patterns
2025-08-06 10:59:59,534 - DEBUG - UnitExtractor initialized with 85 unit mappings and 3 package patterns
2025-08-06 11:00:00,948 - DEBUG - UnitExtractor initialized with 85 unit mappings and 3 package patterns
2025-08-06 11:00:02,479 - DEBUG - UnitExtractor initialized with 85 unit mappings and 3 package patterns
2025-08-06 11:00:03,877 - DEBUG - UnitExtractor initialized with 85 unit mappings and 3 package patterns
2025-08-06 11:00:05,385 - DEBUG - UnitExtractor initialized with 85 unit mappings and 3 package patterns
2025-08-06 11:00:07,056 - ERROR - Future exception was never retrieved
future: <Future finished exception=BrokenPipeError(32, 'The pipe is being closed', None, 232, None)>
Traceback (most recent call last):
  File "C:\Users\pc\AppData\Local\Programs\Python\Python311\Lib\asyncio\proactor_events.py", line 397, in _loop_writing
    self._write_fut = self._loop._proactor.send(self._sock, data)
                      ^^^^^^^^^^^^^^^^^^^^^^^^^^^^^^^^^^^^^^^^^^^
  File "C:\Users\pc\AppData\Local\Programs\Python\Python311\Lib\asyncio\windows_events.py", line 559, in send
    ov.WriteFile(conn.fileno(), buf)
BrokenPipeError: [WinError 232] The pipe is being closed
2025-08-06 11:04:14,907 - DEBUG - Using proactor: IocpProactor
2025-08-06 11:04:17,106 - DEBUG - UnitExtractor initialized with 85 unit mappings and 3 package patterns
2025-08-06 11:04:17,117 - DEBUG - Attempting to acquire lock 2121125579280 on D:\webscraping\venv\Lib\site-packages\tldextract\.suffix_cache\publicsuffix.org-tlds\de84b5ca2167d4c83e38fb162f2e8738.tldextract.json.lock
2025-08-06 11:04:17,118 - DEBUG - Lock 2121125579280 acquired on D:\webscraping\venv\Lib\site-packages\tldextract\.suffix_cache\publicsuffix.org-tlds\de84b5ca2167d4c83e38fb162f2e8738.tldextract.json.lock
2025-08-06 11:04:17,119 - DEBUG - Attempting to release lock 2121125579280 on D:\webscraping\venv\Lib\site-packages\tldextract\.suffix_cache\publicsuffix.org-tlds\de84b5ca2167d4c83e38fb162f2e8738.tldextract.json.lock
2025-08-06 11:04:17,119 - DEBUG - Lock 2121125579280 released on D:\webscraping\venv\Lib\site-packages\tldextract\.suffix_cache\publicsuffix.org-tlds\de84b5ca2167d4c83e38fb162f2e8738.tldextract.json.lock
2025-08-06 11:04:18,510 - DEBUG - UnitExtractor initialized with 85 unit mappings and 3 package patterns
2025-08-06 11:04:19,950 - DEBUG - UnitExtractor initialized with 85 unit mappings and 3 package patterns
2025-08-06 11:04:21,326 - DEBUG - UnitExtractor initialized with 85 unit mappings and 3 package patterns
2025-08-06 11:04:22,670 - DEBUG - UnitExtractor initialized with 85 unit mappings and 3 package patterns
2025-08-06 11:04:24,053 - DEBUG - UnitExtractor initialized with 85 unit mappings and 3 package patterns
2025-08-06 11:04:25,394 - DEBUG - UnitExtractor initialized with 85 unit mappings and 3 package patterns
2025-08-06 11:04:26,749 - DEBUG - UnitExtractor initialized with 85 unit mappings and 3 package patterns
2025-08-06 11:04:28,087 - DEBUG - UnitExtractor initialized with 85 unit mappings and 3 package patterns
2025-08-06 11:04:29,435 - DEBUG - UnitExtractor initialized with 85 unit mappings and 3 package patterns
2025-08-06 11:04:30,800 - DEBUG - UnitExtractor initialized with 85 unit mappings and 3 package patterns
2025-08-06 11:04:32,199 - DEBUG - UnitExtractor initialized with 85 unit mappings and 3 package patterns
2025-08-06 11:04:33,613 - DEBUG - UnitExtractor initialized with 85 unit mappings and 3 package patterns
2025-08-06 11:04:34,965 - DEBUG - UnitExtractor initialized with 85 unit mappings and 3 package patterns
2025-08-06 11:04:36,333 - DEBUG - UnitExtractor initialized with 85 unit mappings and 3 package patterns
2025-08-06 11:04:37,674 - DEBUG - UnitExtractor initialized with 85 unit mappings and 3 package patterns
2025-08-06 11:04:39,017 - DEBUG - UnitExtractor initialized with 85 unit mappings and 3 package patterns
2025-08-06 11:04:40,386 - DEBUG - UnitExtractor initialized with 85 unit mappings and 3 package patterns
2025-08-06 11:04:41,849 - DEBUG - UnitExtractor initialized with 85 unit mappings and 3 package patterns
2025-08-06 11:04:43,262 - DEBUG - UnitExtractor initialized with 85 unit mappings and 3 package patterns
2025-08-06 11:04:43,262 - DEBUG - Package extracted 5 units -> 0.020 kg
2025-08-06 11:04:44,682 - DEBUG - UnitExtractor initialized with 85 unit mappings and 3 package patterns
2025-08-06 11:04:46,103 - DEBUG - UnitExtractor initialized with 85 unit mappings and 3 package patterns
2025-08-06 11:04:47,585 - DEBUG - UnitExtractor initialized with 85 unit mappings and 3 package patterns
2025-08-06 11:04:48,970 - DEBUG - UnitExtractor initialized with 85 unit mappings and 3 package patterns
2025-08-06 11:04:50,339 - DEBUG - UnitExtractor initialized with 85 unit mappings and 3 package patterns
2025-08-06 11:04:51,708 - DEBUG - UnitExtractor initialized with 85 unit mappings and 3 package patterns
2025-08-06 11:04:53,045 - DEBUG - UnitExtractor initialized with 85 unit mappings and 3 package patterns
2025-08-06 11:04:54,410 - DEBUG - UnitExtractor initialized with 85 unit mappings and 3 package patterns
2025-08-06 11:04:55,796 - DEBUG - UnitExtractor initialized with 85 unit mappings and 3 package patterns
2025-08-06 11:04:57,174 - DEBUG - UnitExtractor initialized with 85 unit mappings and 3 package patterns
2025-08-06 11:04:58,518 - DEBUG - UnitExtractor initialized with 85 unit mappings and 3 package patterns
2025-08-06 11:04:59,892 - DEBUG - UnitExtractor initialized with 85 unit mappings and 3 package patterns
2025-08-06 11:05:01,299 - DEBUG - UnitExtractor initialized with 85 unit mappings and 3 package patterns
2025-08-06 11:05:02,840 - DEBUG - UnitExtractor initialized with 85 unit mappings and 3 package patterns
2025-08-06 11:05:04,333 - DEBUG - UnitExtractor initialized with 85 unit mappings and 3 package patterns
2025-08-06 11:05:05,813 - DEBUG - UnitExtractor initialized with 85 unit mappings and 3 package patterns
2025-08-06 11:05:07,211 - DEBUG - UnitExtractor initialized with 85 unit mappings and 3 package patterns
2025-08-06 11:05:08,617 - DEBUG - UnitExtractor initialized with 85 unit mappings and 3 package patterns
2025-08-06 11:05:09,984 - DEBUG - UnitExtractor initialized with 85 unit mappings and 3 package patterns
2025-08-06 11:05:11,350 - DEBUG - UnitExtractor initialized with 85 unit mappings and 3 package patterns
2025-08-06 11:05:12,757 - DEBUG - UnitExtractor initialized with 85 unit mappings and 3 package patterns
2025-08-06 11:05:14,159 - DEBUG - UnitExtractor initialized with 85 unit mappings and 3 package patterns
2025-08-06 11:05:15,653 - DEBUG - UnitExtractor initialized with 85 unit mappings and 3 package patterns
2025-08-06 11:05:17,180 - DEBUG - UnitExtractor initialized with 85 unit mappings and 3 package patterns
2025-08-06 11:05:18,565 - DEBUG - UnitExtractor initialized with 85 unit mappings and 3 package patterns
2025-08-06 11:05:19,991 - DEBUG - UnitExtractor initialized with 85 unit mappings and 3 package patterns
2025-08-06 11:05:21,511 - DEBUG - UnitExtractor initialized with 85 unit mappings and 3 package patterns
2025-08-06 11:05:22,925 - DEBUG - UnitExtractor initialized with 85 unit mappings and 3 package patterns
2025-08-06 11:05:25,536 - DEBUG - UnitExtractor initialized with 85 unit mappings and 3 package patterns
2025-08-06 11:05:26,924 - DEBUG - UnitExtractor initialized with 85 unit mappings and 3 package patterns
2025-08-06 11:05:28,287 - DEBUG - UnitExtractor initialized with 85 unit mappings and 3 package patterns
2025-08-06 11:05:29,654 - DEBUG - UnitExtractor initialized with 85 unit mappings and 3 package patterns
2025-08-06 11:05:31,046 - DEBUG - UnitExtractor initialized with 85 unit mappings and 3 package patterns
2025-08-06 11:05:32,413 - DEBUG - UnitExtractor initialized with 85 unit mappings and 3 package patterns
2025-08-06 11:05:33,780 - DEBUG - UnitExtractor initialized with 85 unit mappings and 3 package patterns
2025-08-06 11:05:35,139 - DEBUG - UnitExtractor initialized with 85 unit mappings and 3 package patterns
2025-08-06 11:05:36,515 - DEBUG - UnitExtractor initialized with 85 unit mappings and 3 package patterns
2025-08-06 11:05:36,518 - ERROR - Failed to parse number 'H9': [<class 'decimal.ConversionSyntax'>]
2025-08-06 11:05:37,872 - DEBUG - UnitExtractor initialized with 85 unit mappings and 3 package patterns
2025-08-06 11:05:39,246 - DEBUG - UnitExtractor initialized with 85 unit mappings and 3 package patterns
2025-08-06 11:05:40,590 - DEBUG - UnitExtractor initialized with 85 unit mappings and 3 package patterns
2025-08-06 11:05:41,953 - DEBUG - UnitExtractor initialized with 85 unit mappings and 3 package patterns
2025-08-06 11:05:43,314 - DEBUG - UnitExtractor initialized with 85 unit mappings and 3 package patterns
2025-08-06 11:05:44,664 - DEBUG - UnitExtractor initialized with 85 unit mappings and 3 package patterns
2025-08-06 11:05:46,013 - DEBUG - UnitExtractor initialized with 85 unit mappings and 3 package patterns
2025-08-06 11:05:47,361 - DEBUG - UnitExtractor initialized with 85 unit mappings and 3 package patterns
2025-08-06 11:05:48,731 - DEBUG - UnitExtractor initialized with 85 unit mappings and 3 package patterns
2025-08-06 11:05:50,109 - DEBUG - UnitExtractor initialized with 85 unit mappings and 3 package patterns
2025-08-06 11:05:51,466 - DEBUG - UnitExtractor initialized with 85 unit mappings and 3 package patterns
2025-08-06 11:05:52,813 - DEBUG - UnitExtractor initialized with 85 unit mappings and 3 package patterns
2025-08-06 11:05:54,161 - DEBUG - UnitExtractor initialized with 85 unit mappings and 3 package patterns
2025-08-06 11:05:55,513 - DEBUG - UnitExtractor initialized with 85 unit mappings and 3 package patterns
2025-08-06 11:05:56,893 - DEBUG - UnitExtractor initialized with 85 unit mappings and 3 package patterns
2025-08-06 11:05:58,229 - DEBUG - UnitExtractor initialized with 85 unit mappings and 3 package patterns
2025-08-06 11:05:59,599 - DEBUG - UnitExtractor initialized with 85 unit mappings and 3 package patterns
2025-08-06 11:06:00,970 - DEBUG - UnitExtractor initialized with 85 unit mappings and 3 package patterns
2025-08-06 11:06:02,336 - DEBUG - UnitExtractor initialized with 85 unit mappings and 3 package patterns
2025-08-06 11:06:03,687 - DEBUG - UnitExtractor initialized with 85 unit mappings and 3 package patterns
2025-08-06 11:06:05,049 - DEBUG - UnitExtractor initialized with 85 unit mappings and 3 package patterns
2025-08-06 11:06:06,421 - DEBUG - UnitExtractor initialized with 85 unit mappings and 3 package patterns
2025-08-06 11:06:07,763 - DEBUG - UnitExtractor initialized with 85 unit mappings and 3 package patterns
2025-08-06 11:06:09,122 - DEBUG - UnitExtractor initialized with 85 unit mappings and 3 package patterns
2025-08-06 11:06:10,478 - DEBUG - UnitExtractor initialized with 85 unit mappings and 3 package patterns
2025-08-06 11:06:11,834 - DEBUG - UnitExtractor initialized with 85 unit mappings and 3 package patterns
2025-08-06 11:06:13,185 - DEBUG - UnitExtractor initialized with 85 unit mappings and 3 package patterns
2025-08-06 11:06:14,553 - DEBUG - UnitExtractor initialized with 85 unit mappings and 3 package patterns
2025-08-06 11:06:15,919 - DEBUG - UnitExtractor initialized with 85 unit mappings and 3 package patterns
2025-08-06 11:06:17,263 - DEBUG - UnitExtractor initialized with 85 unit mappings and 3 package patterns
2025-08-06 11:06:17,273 - ERROR - Failed to parse number 'Seven': [<class 'decimal.ConversionSyntax'>]
2025-08-06 11:06:18,647 - DEBUG - UnitExtractor initialized with 85 unit mappings and 3 package patterns
2025-08-06 11:06:20,007 - DEBUG - UnitExtractor initialized with 85 unit mappings and 3 package patterns
2025-08-06 11:06:21,375 - DEBUG - UnitExtractor initialized with 85 unit mappings and 3 package patterns
2025-08-06 11:06:22,711 - DEBUG - UnitExtractor initialized with 85 unit mappings and 3 package patterns
2025-08-06 11:06:24,072 - DEBUG - UnitExtractor initialized with 85 unit mappings and 3 package patterns
2025-08-06 11:06:25,412 - DEBUG - UnitExtractor initialized with 85 unit mappings and 3 package patterns
2025-08-06 11:06:26,768 - DEBUG - UnitExtractor initialized with 85 unit mappings and 3 package patterns
2025-08-06 11:06:26,785 - ERROR - Failed to parse number ')': [<class 'decimal.ConversionSyntax'>]
2025-08-06 11:06:28,146 - DEBUG - UnitExtractor initialized with 85 unit mappings and 3 package patterns
2025-08-06 11:06:29,509 - DEBUG - UnitExtractor initialized with 85 unit mappings and 3 package patterns
2025-08-06 11:06:32,582 - DEBUG - UnitExtractor initialized with 85 unit mappings and 3 package patterns
2025-08-06 11:06:32,595 - ERROR - Failed to parse number '(': [<class 'decimal.ConversionSyntax'>]
2025-08-06 11:06:32,603 - ERROR - Failed to parse number ')': [<class 'decimal.ConversionSyntax'>]
2025-08-06 11:06:33,965 - DEBUG - UnitExtractor initialized with 85 unit mappings and 3 package patterns
2025-08-06 11:06:35,323 - DEBUG - UnitExtractor initialized with 85 unit mappings and 3 package patterns
2025-08-06 11:06:36,694 - DEBUG - UnitExtractor initialized with 85 unit mappings and 3 package patterns
2025-08-06 11:06:38,049 - DEBUG - UnitExtractor initialized with 85 unit mappings and 3 package patterns
2025-08-06 11:06:39,426 - DEBUG - UnitExtractor initialized with 85 unit mappings and 3 package patterns
2025-08-06 11:06:40,769 - DEBUG - UnitExtractor initialized with 85 unit mappings and 3 package patterns
2025-08-06 11:06:42,130 - DEBUG - UnitExtractor initialized with 85 unit mappings and 3 package patterns
2025-08-06 11:06:43,489 - DEBUG - UnitExtractor initialized with 85 unit mappings and 3 package patterns
2025-08-06 11:06:44,849 - DEBUG - UnitExtractor initialized with 85 unit mappings and 3 package patterns
2025-08-06 11:06:46,229 - DEBUG - UnitExtractor initialized with 85 unit mappings and 3 package patterns
2025-08-06 11:06:46,229 - DEBUG - Package extracted 3 units -> 0.012 kg
2025-08-06 11:06:47,584 - DEBUG - UnitExtractor initialized with 85 unit mappings and 3 package patterns
2025-08-06 11:06:48,939 - DEBUG - UnitExtractor initialized with 85 unit mappings and 3 package patterns
2025-08-06 11:06:50,284 - DEBUG - UnitExtractor initialized with 85 unit mappings and 3 package patterns
2025-08-06 11:06:51,649 - DEBUG - UnitExtractor initialized with 85 unit mappings and 3 package patterns
2025-08-06 11:06:53,021 - DEBUG - UnitExtractor initialized with 85 unit mappings and 3 package patterns
2025-08-06 11:06:54,397 - DEBUG - UnitExtractor initialized with 85 unit mappings and 3 package patterns
2025-08-06 11:06:54,397 - DEBUG - Extracted 1 KG -> 1.0 kg
2025-08-06 11:06:55,744 - DEBUG - UnitExtractor initialized with 85 unit mappings and 3 package patterns
2025-08-06 11:06:57,119 - DEBUG - UnitExtractor initialized with 85 unit mappings and 3 package patterns
2025-08-06 11:06:58,462 - DEBUG - UnitExtractor initialized with 85 unit mappings and 3 package patterns
2025-08-06 11:06:59,804 - DEBUG - UnitExtractor initialized with 85 unit mappings and 3 package patterns
2025-08-06 11:07:01,160 - DEBUG - UnitExtractor initialized with 85 unit mappings and 3 package patterns
2025-08-06 11:07:02,515 - DEBUG - UnitExtractor initialized with 85 unit mappings and 3 package patterns
2025-08-06 11:07:03,875 - DEBUG - UnitExtractor initialized with 85 unit mappings and 3 package patterns
2025-08-06 11:07:05,212 - DEBUG - UnitExtractor initialized with 85 unit mappings and 3 package patterns
2025-08-06 11:07:06,570 - DEBUG - UnitExtractor initialized with 85 unit mappings and 3 package patterns
2025-08-06 11:07:07,916 - DEBUG - UnitExtractor initialized with 85 unit mappings and 3 package patterns
2025-08-06 11:07:09,271 - DEBUG - UnitExtractor initialized with 85 unit mappings and 3 package patterns
2025-08-06 11:07:10,638 - DEBUG - UnitExtractor initialized with 85 unit mappings and 3 package patterns
2025-08-06 11:07:11,997 - DEBUG - UnitExtractor initialized with 85 unit mappings and 3 package patterns
2025-08-06 11:07:13,362 - DEBUG - UnitExtractor initialized with 85 unit mappings and 3 package patterns
2025-08-06 11:07:14,723 - DEBUG - UnitExtractor initialized with 85 unit mappings and 3 package patterns
2025-08-06 11:07:16,116 - DEBUG - UnitExtractor initialized with 85 unit mappings and 3 package patterns
2025-08-06 11:07:17,480 - DEBUG - UnitExtractor initialized with 85 unit mappings and 3 package patterns
2025-08-06 11:07:18,840 - DEBUG - UnitExtractor initialized with 85 unit mappings and 3 package patterns
2025-08-06 11:07:20,193 - DEBUG - UnitExtractor initialized with 85 unit mappings and 3 package patterns
2025-08-06 11:07:21,562 - DEBUG - UnitExtractor initialized with 85 unit mappings and 3 package patterns
2025-08-06 11:07:22,928 - DEBUG - UnitExtractor initialized with 85 unit mappings and 3 package patterns
2025-08-06 11:07:24,297 - DEBUG - UnitExtractor initialized with 85 unit mappings and 3 package patterns
2025-08-06 11:07:25,656 - DEBUG - UnitExtractor initialized with 85 unit mappings and 3 package patterns
2025-08-06 11:07:27,017 - DEBUG - UnitExtractor initialized with 85 unit mappings and 3 package patterns
2025-08-06 11:07:28,376 - DEBUG - UnitExtractor initialized with 85 unit mappings and 3 package patterns
2025-08-06 11:07:29,760 - DEBUG - UnitExtractor initialized with 85 unit mappings and 3 package patterns
2025-08-06 11:07:31,126 - DEBUG - UnitExtractor initialized with 85 unit mappings and 3 package patterns
2025-08-06 11:07:32,476 - DEBUG - UnitExtractor initialized with 85 unit mappings and 3 package patterns
2025-08-06 11:07:33,844 - DEBUG - UnitExtractor initialized with 85 unit mappings and 3 package patterns
2025-08-06 11:07:35,208 - DEBUG - UnitExtractor initialized with 85 unit mappings and 3 package patterns
2025-08-06 11:07:36,590 - DEBUG - UnitExtractor initialized with 85 unit mappings and 3 package patterns
2025-08-06 11:07:39,029 - DEBUG - UnitExtractor initialized with 85 unit mappings and 3 package patterns
2025-08-06 11:07:40,434 - DEBUG - UnitExtractor initialized with 85 unit mappings and 3 package patterns
2025-08-06 11:07:41,783 - DEBUG - UnitExtractor initialized with 85 unit mappings and 3 package patterns
2025-08-06 11:07:43,160 - DEBUG - UnitExtractor initialized with 85 unit mappings and 3 package patterns
2025-08-06 11:07:44,516 - DEBUG - UnitExtractor initialized with 85 unit mappings and 3 package patterns
2025-08-06 11:07:45,870 - DEBUG - UnitExtractor initialized with 85 unit mappings and 3 package patterns
2025-08-06 11:07:47,214 - DEBUG - UnitExtractor initialized with 85 unit mappings and 3 package patterns
2025-08-06 11:07:47,221 - ERROR - Failed to parse number 'White': [<class 'decimal.ConversionSyntax'>]
2025-08-06 11:07:48,589 - DEBUG - UnitExtractor initialized with 85 unit mappings and 3 package patterns
2025-08-06 11:07:49,930 - DEBUG - UnitExtractor initialized with 85 unit mappings and 3 package patterns
2025-08-06 11:07:51,319 - DEBUG - UnitExtractor initialized with 85 unit mappings and 3 package patterns
2025-08-06 11:07:52,669 - DEBUG - UnitExtractor initialized with 85 unit mappings and 3 package patterns
2025-08-06 11:07:52,673 - ERROR - Failed to parse number 'small': [<class 'decimal.ConversionSyntax'>]
2025-08-06 11:07:54,053 - DEBUG - UnitExtractor initialized with 85 unit mappings and 3 package patterns
2025-08-06 11:07:55,486 - DEBUG - UnitExtractor initialized with 85 unit mappings and 3 package patterns
2025-08-06 11:07:55,486 - DEBUG - Extracted 1 KG -> 1.0 kg
2025-08-06 11:07:56,886 - DEBUG - UnitExtractor initialized with 85 unit mappings and 3 package patterns
2025-08-06 11:07:58,267 - DEBUG - UnitExtractor initialized with 85 unit mappings and 3 package patterns
2025-08-06 11:07:59,683 - DEBUG - UnitExtractor initialized with 85 unit mappings and 3 package patterns
2025-08-06 11:08:01,101 - DEBUG - UnitExtractor initialized with 85 unit mappings and 3 package patterns
2025-08-06 11:08:02,476 - DEBUG - UnitExtractor initialized with 85 unit mappings and 3 package patterns
2025-08-06 11:08:03,957 - DEBUG - UnitExtractor initialized with 85 unit mappings and 3 package patterns
2025-08-06 11:08:05,333 - DEBUG - UnitExtractor initialized with 85 unit mappings and 3 package patterns
2025-08-06 11:08:06,738 - DEBUG - UnitExtractor initialized with 85 unit mappings and 3 package patterns
2025-08-06 11:08:08,093 - DEBUG - UnitExtractor initialized with 85 unit mappings and 3 package patterns
2025-08-06 11:08:09,492 - DEBUG - UnitExtractor initialized with 85 unit mappings and 3 package patterns
2025-08-06 11:08:10,856 - DEBUG - UnitExtractor initialized with 85 unit mappings and 3 package patterns
2025-08-06 11:08:12,253 - DEBUG - UnitExtractor initialized with 85 unit mappings and 3 package patterns
2025-08-06 11:08:13,641 - DEBUG - UnitExtractor initialized with 85 unit mappings and 3 package patterns
2025-08-06 11:08:15,014 - DEBUG - UnitExtractor initialized with 85 unit mappings and 3 package patterns
2025-08-06 11:08:16,508 - DEBUG - UnitExtractor initialized with 85 unit mappings and 3 package patterns
2025-08-06 11:08:18,100 - DEBUG - UnitExtractor initialized with 85 unit mappings and 3 package patterns
2025-08-06 11:08:19,517 - DEBUG - UnitExtractor initialized with 85 unit mappings and 3 package patterns
2025-08-06 11:08:20,943 - DEBUG - UnitExtractor initialized with 85 unit mappings and 3 package patterns
2025-08-06 11:08:22,372 - DEBUG - UnitExtractor initialized with 85 unit mappings and 3 package patterns
2025-08-06 11:08:23,795 - DEBUG - UnitExtractor initialized with 85 unit mappings and 3 package patterns
2025-08-06 11:08:25,275 - DEBUG - UnitExtractor initialized with 85 unit mappings and 3 package patterns
2025-08-06 11:08:26,660 - DEBUG - UnitExtractor initialized with 85 unit mappings and 3 package patterns
2025-08-06 11:08:28,066 - DEBUG - UnitExtractor initialized with 85 unit mappings and 3 package patterns
2025-08-06 11:08:29,464 - DEBUG - UnitExtractor initialized with 85 unit mappings and 3 package patterns
2025-08-06 11:08:30,857 - DEBUG - UnitExtractor initialized with 85 unit mappings and 3 package patterns
2025-08-06 11:08:32,218 - DEBUG - UnitExtractor initialized with 85 unit mappings and 3 package patterns
2025-08-06 11:08:33,585 - DEBUG - UnitExtractor initialized with 85 unit mappings and 3 package patterns
2025-08-06 11:08:34,931 - DEBUG - UnitExtractor initialized with 85 unit mappings and 3 package patterns
2025-08-06 11:08:36,304 - DEBUG - UnitExtractor initialized with 85 unit mappings and 3 package patterns
2025-08-06 11:08:36,304 - DEBUG - Package extracted 15 units -> 0.060 kg
2025-08-06 11:08:37,653 - DEBUG - UnitExtractor initialized with 85 unit mappings and 3 package patterns
2025-08-06 11:08:39,036 - DEBUG - UnitExtractor initialized with 85 unit mappings and 3 package patterns
2025-08-06 11:08:40,433 - DEBUG - UnitExtractor initialized with 85 unit mappings and 3 package patterns
2025-08-06 11:08:41,818 - DEBUG - UnitExtractor initialized with 85 unit mappings and 3 package patterns
2025-08-06 11:08:43,218 - DEBUG - UnitExtractor initialized with 85 unit mappings and 3 package patterns
2025-08-06 11:08:44,656 - DEBUG - UnitExtractor initialized with 85 unit mappings and 3 package patterns
2025-08-06 11:08:47,111 - DEBUG - UnitExtractor initialized with 85 unit mappings and 3 package patterns
2025-08-06 11:08:48,509 - DEBUG - UnitExtractor initialized with 85 unit mappings and 3 package patterns
2025-08-06 11:08:49,897 - DEBUG - UnitExtractor initialized with 85 unit mappings and 3 package patterns
2025-08-06 11:08:51,243 - DEBUG - UnitExtractor initialized with 85 unit mappings and 3 package patterns
2025-08-06 11:08:52,600 - DEBUG - UnitExtractor initialized with 85 unit mappings and 3 package patterns
2025-08-06 11:08:53,959 - DEBUG - UnitExtractor initialized with 85 unit mappings and 3 package patterns
2025-08-06 11:08:55,334 - DEBUG - UnitExtractor initialized with 85 unit mappings and 3 package patterns
2025-08-06 11:08:56,698 - DEBUG - UnitExtractor initialized with 85 unit mappings and 3 package patterns
2025-08-06 11:08:58,120 - DEBUG - UnitExtractor initialized with 85 unit mappings and 3 package patterns
2025-08-06 11:08:59,513 - DEBUG - UnitExtractor initialized with 85 unit mappings and 3 package patterns
2025-08-06 11:09:00,982 - DEBUG - UnitExtractor initialized with 85 unit mappings and 3 package patterns
2025-08-06 11:09:02,457 - DEBUG - UnitExtractor initialized with 85 unit mappings and 3 package patterns
2025-08-06 11:09:04,038 - DEBUG - UnitExtractor initialized with 85 unit mappings and 3 package patterns
2025-08-06 11:09:05,534 - DEBUG - UnitExtractor initialized with 85 unit mappings and 3 package patterns
2025-08-06 11:09:07,094 - DEBUG - UnitExtractor initialized with 85 unit mappings and 3 package patterns
2025-08-06 11:09:08,453 - DEBUG - UnitExtractor initialized with 85 unit mappings and 3 package patterns
2025-08-06 11:09:09,858 - DEBUG - UnitExtractor initialized with 85 unit mappings and 3 package patterns
2025-08-06 11:09:11,298 - DEBUG - UnitExtractor initialized with 85 unit mappings and 3 package patterns
2025-08-06 11:09:12,707 - DEBUG - UnitExtractor initialized with 85 unit mappings and 3 package patterns
2025-08-06 11:09:14,107 - DEBUG - UnitExtractor initialized with 85 unit mappings and 3 package patterns
2025-08-06 11:09:15,523 - DEBUG - UnitExtractor initialized with 85 unit mappings and 3 package patterns
2025-08-06 11:09:16,910 - DEBUG - UnitExtractor initialized with 85 unit mappings and 3 package patterns
2025-08-06 11:09:18,275 - DEBUG - UnitExtractor initialized with 85 unit mappings and 3 package patterns
2025-08-06 11:09:19,633 - DEBUG - UnitExtractor initialized with 85 unit mappings and 3 package patterns
2025-08-06 11:09:20,995 - DEBUG - UnitExtractor initialized with 85 unit mappings and 3 package patterns
2025-08-06 11:09:22,368 - DEBUG - UnitExtractor initialized with 85 unit mappings and 3 package patterns
2025-08-06 11:09:23,776 - DEBUG - UnitExtractor initialized with 85 unit mappings and 3 package patterns
2025-08-06 11:09:25,157 - DEBUG - UnitExtractor initialized with 85 unit mappings and 3 package patterns
2025-08-06 11:09:26,584 - DEBUG - UnitExtractor initialized with 85 unit mappings and 3 package patterns
2025-08-06 11:09:28,021 - DEBUG - UnitExtractor initialized with 85 unit mappings and 3 package patterns
2025-08-06 11:09:29,580 - DEBUG - UnitExtractor initialized with 85 unit mappings and 3 package patterns
2025-08-06 11:09:31,046 - DEBUG - UnitExtractor initialized with 85 unit mappings and 3 package patterns
2025-08-06 11:09:32,538 - DEBUG - UnitExtractor initialized with 85 unit mappings and 3 package patterns
2025-08-06 11:09:34,033 - DEBUG - UnitExtractor initialized with 85 unit mappings and 3 package patterns
2025-08-06 11:09:35,484 - DEBUG - UnitExtractor initialized with 85 unit mappings and 3 package patterns
2025-08-06 11:09:36,915 - DEBUG - UnitExtractor initialized with 85 unit mappings and 3 package patterns
2025-08-06 11:09:38,501 - DEBUG - UnitExtractor initialized with 85 unit mappings and 3 package patterns
2025-08-06 11:09:39,953 - DEBUG - UnitExtractor initialized with 85 unit mappings and 3 package patterns
2025-08-06 11:09:41,349 - DEBUG - UnitExtractor initialized with 85 unit mappings and 3 package patterns
2025-08-06 11:09:42,761 - DEBUG - UnitExtractor initialized with 85 unit mappings and 3 package patterns
2025-08-06 11:09:44,247 - DEBUG - UnitExtractor initialized with 85 unit mappings and 3 package patterns
2025-08-06 11:09:45,685 - DEBUG - UnitExtractor initialized with 85 unit mappings and 3 package patterns
2025-08-06 11:09:47,127 - DEBUG - UnitExtractor initialized with 85 unit mappings and 3 package patterns
2025-08-06 11:09:48,613 - DEBUG - UnitExtractor initialized with 85 unit mappings and 3 package patterns
2025-08-06 11:09:50,078 - DEBUG - UnitExtractor initialized with 85 unit mappings and 3 package patterns
2025-08-06 11:09:51,608 - DEBUG - UnitExtractor initialized with 85 unit mappings and 3 package patterns
2025-08-06 11:09:53,078 - DEBUG - UnitExtractor initialized with 85 unit mappings and 3 package patterns
2025-08-06 11:09:54,499 - DEBUG - UnitExtractor initialized with 85 unit mappings and 3 package patterns
2025-08-06 11:09:57,485 - DEBUG - UnitExtractor initialized with 85 unit mappings and 3 package patterns
2025-08-06 11:09:58,878 - DEBUG - UnitExtractor initialized with 85 unit mappings and 3 package patterns
2025-08-06 11:10:00,279 - DEBUG - UnitExtractor initialized with 85 unit mappings and 3 package patterns
2025-08-06 11:10:00,287 - ERROR - Failed to parse number 'Seven': [<class 'decimal.ConversionSyntax'>]
2025-08-06 11:10:01,679 - DEBUG - UnitExtractor initialized with 85 unit mappings and 3 package patterns
2025-08-06 11:10:03,031 - DEBUG - UnitExtractor initialized with 85 unit mappings and 3 package patterns
2025-08-06 11:10:04,411 - DEBUG - UnitExtractor initialized with 85 unit mappings and 3 package patterns
2025-08-06 11:10:05,827 - DEBUG - UnitExtractor initialized with 85 unit mappings and 3 package patterns
2025-08-06 11:10:07,207 - DEBUG - UnitExtractor initialized with 85 unit mappings and 3 package patterns
2025-08-06 11:10:08,631 - DEBUG - UnitExtractor initialized with 85 unit mappings and 3 package patterns
2025-08-06 11:10:10,059 - DEBUG - UnitExtractor initialized with 85 unit mappings and 3 package patterns
2025-08-06 11:10:11,462 - DEBUG - UnitExtractor initialized with 85 unit mappings and 3 package patterns
2025-08-06 11:10:12,847 - DEBUG - UnitExtractor initialized with 85 unit mappings and 3 package patterns
2025-08-06 11:10:14,233 - DEBUG - UnitExtractor initialized with 85 unit mappings and 3 package patterns
2025-08-06 11:10:15,626 - DEBUG - UnitExtractor initialized with 85 unit mappings and 3 package patterns
2025-08-06 11:10:16,996 - DEBUG - UnitExtractor initialized with 85 unit mappings and 3 package patterns
2025-08-06 11:10:18,380 - DEBUG - UnitExtractor initialized with 85 unit mappings and 3 package patterns
2025-08-06 11:10:19,754 - DEBUG - UnitExtractor initialized with 85 unit mappings and 3 package patterns
2025-08-06 11:10:21,126 - DEBUG - UnitExtractor initialized with 85 unit mappings and 3 package patterns
2025-08-06 11:10:22,524 - DEBUG - UnitExtractor initialized with 85 unit mappings and 3 package patterns
2025-08-06 11:10:23,892 - DEBUG - UnitExtractor initialized with 85 unit mappings and 3 package patterns
2025-08-06 11:10:25,233 - DEBUG - UnitExtractor initialized with 85 unit mappings and 3 package patterns
2025-08-06 11:10:26,608 - DEBUG - UnitExtractor initialized with 85 unit mappings and 3 package patterns
2025-08-06 11:10:28,056 - DEBUG - UnitExtractor initialized with 85 unit mappings and 3 package patterns
2025-08-06 11:10:29,473 - DEBUG - UnitExtractor initialized with 85 unit mappings and 3 package patterns
2025-08-06 11:10:29,473 - DEBUG - Package extracted 30 units -> 0.120 kg
2025-08-06 11:10:30,841 - DEBUG - UnitExtractor initialized with 85 unit mappings and 3 package patterns
2025-08-06 11:10:32,262 - DEBUG - UnitExtractor initialized with 85 unit mappings and 3 package patterns
2025-08-06 11:10:33,664 - DEBUG - UnitExtractor initialized with 85 unit mappings and 3 package patterns
2025-08-06 11:10:35,058 - DEBUG - UnitExtractor initialized with 85 unit mappings and 3 package patterns
2025-08-06 11:10:36,491 - DEBUG - UnitExtractor initialized with 85 unit mappings and 3 package patterns
2025-08-06 11:10:37,862 - DEBUG - UnitExtractor initialized with 85 unit mappings and 3 package patterns
2025-08-06 11:10:39,270 - DEBUG - UnitExtractor initialized with 85 unit mappings and 3 package patterns
2025-08-06 11:10:40,674 - DEBUG - UnitExtractor initialized with 85 unit mappings and 3 package patterns
2025-08-06 11:10:42,083 - DEBUG - UnitExtractor initialized with 85 unit mappings and 3 package patterns
2025-08-06 11:10:42,083 - DEBUG - Package extracted 40 units -> 0.160 kg
2025-08-06 11:10:43,496 - DEBUG - UnitExtractor initialized with 85 unit mappings and 3 package patterns
2025-08-06 11:10:44,890 - DEBUG - UnitExtractor initialized with 85 unit mappings and 3 package patterns
2025-08-06 11:10:46,302 - DEBUG - UnitExtractor initialized with 85 unit mappings and 3 package patterns
2025-08-06 11:10:47,736 - DEBUG - UnitExtractor initialized with 85 unit mappings and 3 package patterns
2025-08-06 11:10:47,737 - DEBUG - Package extracted 5 units -> 0.020 kg
2025-08-06 11:10:49,156 - DEBUG - UnitExtractor initialized with 85 unit mappings and 3 package patterns
2025-08-06 11:10:50,619 - DEBUG - UnitExtractor initialized with 85 unit mappings and 3 package patterns
2025-08-06 11:10:50,634 - ERROR - Failed to parse number 'Seven': [<class 'decimal.ConversionSyntax'>]
2025-08-06 11:10:52,093 - DEBUG - UnitExtractor initialized with 85 unit mappings and 3 package patterns
2025-08-06 11:10:52,100 - ERROR - Failed to parse number 'seven': [<class 'decimal.ConversionSyntax'>]
2025-08-06 11:10:52,100 - ERROR - Failed to parse number 'color': [<class 'decimal.ConversionSyntax'>]
2025-08-06 11:10:53,559 - DEBUG - UnitExtractor initialized with 85 unit mappings and 3 package patterns
2025-08-06 11:10:54,999 - DEBUG - UnitExtractor initialized with 85 unit mappings and 3 package patterns
2025-08-06 11:10:56,472 - DEBUG - UnitExtractor initialized with 85 unit mappings and 3 package patterns
2025-08-06 11:10:57,976 - DEBUG - UnitExtractor initialized with 85 unit mappings and 3 package patterns
2025-08-06 11:10:59,391 - DEBUG - UnitExtractor initialized with 85 unit mappings and 3 package patterns
2025-08-06 11:11:00,777 - DEBUG - UnitExtractor initialized with 85 unit mappings and 3 package patterns
2025-08-06 11:11:02,184 - DEBUG - UnitExtractor initialized with 85 unit mappings and 3 package patterns
2025-08-06 11:11:03,607 - DEBUG - UnitExtractor initialized with 85 unit mappings and 3 package patterns
2025-08-06 11:11:06,289 - DEBUG - UnitExtractor initialized with 85 unit mappings and 3 package patterns
2025-08-06 11:11:07,745 - DEBUG - UnitExtractor initialized with 85 unit mappings and 3 package patterns
2025-08-06 11:11:09,126 - DEBUG - UnitExtractor initialized with 85 unit mappings and 3 package patterns
2025-08-06 11:11:10,532 - DEBUG - UnitExtractor initialized with 85 unit mappings and 3 package patterns
2025-08-06 11:11:11,942 - DEBUG - UnitExtractor initialized with 85 unit mappings and 3 package patterns
2025-08-06 11:11:13,308 - DEBUG - UnitExtractor initialized with 85 unit mappings and 3 package patterns
2025-08-06 11:11:14,690 - DEBUG - UnitExtractor initialized with 85 unit mappings and 3 package patterns
2025-08-06 11:11:16,114 - DEBUG - UnitExtractor initialized with 85 unit mappings and 3 package patterns
2025-08-06 11:11:17,523 - DEBUG - UnitExtractor initialized with 85 unit mappings and 3 package patterns
2025-08-06 11:11:18,950 - DEBUG - UnitExtractor initialized with 85 unit mappings and 3 package patterns
2025-08-06 11:11:20,317 - DEBUG - UnitExtractor initialized with 85 unit mappings and 3 package patterns
2025-08-06 11:11:21,707 - DEBUG - UnitExtractor initialized with 85 unit mappings and 3 package patterns
2025-08-06 11:11:23,110 - DEBUG - UnitExtractor initialized with 85 unit mappings and 3 package patterns
2025-08-06 11:11:24,559 - DEBUG - UnitExtractor initialized with 85 unit mappings and 3 package patterns
2025-08-06 11:11:26,085 - DEBUG - UnitExtractor initialized with 85 unit mappings and 3 package patterns
2025-08-06 11:11:27,506 - DEBUG - UnitExtractor initialized with 85 unit mappings and 3 package patterns
2025-08-06 11:11:28,998 - DEBUG - UnitExtractor initialized with 85 unit mappings and 3 package patterns
2025-08-06 11:11:30,505 - DEBUG - UnitExtractor initialized with 85 unit mappings and 3 package patterns
2025-08-06 11:11:31,924 - DEBUG - UnitExtractor initialized with 85 unit mappings and 3 package patterns
2025-08-06 11:11:33,312 - DEBUG - UnitExtractor initialized with 85 unit mappings and 3 package patterns
2025-08-06 11:11:34,742 - DEBUG - UnitExtractor initialized with 85 unit mappings and 3 package patterns
2025-08-06 11:11:36,227 - DEBUG - UnitExtractor initialized with 85 unit mappings and 3 package patterns
2025-08-06 11:11:37,793 - DEBUG - UnitExtractor initialized with 85 unit mappings and 3 package patterns
2025-08-06 11:11:39,333 - ERROR - Future exception was never retrieved
future: <Future finished exception=BrokenPipeError(32, 'The pipe is being closed', None, 232, None)>
Traceback (most recent call last):
  File "C:\Users\pc\AppData\Local\Programs\Python\Python311\Lib\asyncio\proactor_events.py", line 397, in _loop_writing
    self._write_fut = self._loop._proactor.send(self._sock, data)
                      ^^^^^^^^^^^^^^^^^^^^^^^^^^^^^^^^^^^^^^^^^^^
  File "C:\Users\pc\AppData\Local\Programs\Python\Python311\Lib\asyncio\windows_events.py", line 559, in send
    ov.WriteFile(conn.fileno(), buf)
BrokenPipeError: [WinError 232] The pipe is being closed
2025-08-06 11:11:40,382 - DEBUG - Using proactor: IocpProactor
2025-08-06 11:11:42,783 - DEBUG - UnitExtractor initialized with 85 unit mappings and 3 package patterns
2025-08-06 11:11:42,783 - DEBUG - Extracted 4 لیتری -> 4.0 kg
2025-08-06 11:11:42,784 - DEBUG - Attempting to acquire lock 2590113793680 on D:\webscraping\venv\Lib\site-packages\tldextract\.suffix_cache\publicsuffix.org-tlds\de84b5ca2167d4c83e38fb162f2e8738.tldextract.json.lock
2025-08-06 11:11:42,784 - DEBUG - Lock 2590113793680 acquired on D:\webscraping\venv\Lib\site-packages\tldextract\.suffix_cache\publicsuffix.org-tlds\de84b5ca2167d4c83e38fb162f2e8738.tldextract.json.lock
2025-08-06 11:11:42,785 - DEBUG - Attempting to release lock 2590113793680 on D:\webscraping\venv\Lib\site-packages\tldextract\.suffix_cache\publicsuffix.org-tlds\de84b5ca2167d4c83e38fb162f2e8738.tldextract.json.lock
2025-08-06 11:11:42,785 - DEBUG - Lock 2590113793680 released on D:\webscraping\venv\Lib\site-packages\tldextract\.suffix_cache\publicsuffix.org-tlds\de84b5ca2167d4c83e38fb162f2e8738.tldextract.json.lock
2025-08-06 11:11:44,189 - DEBUG - UnitExtractor initialized with 85 unit mappings and 3 package patterns
2025-08-06 11:11:44,189 - ERROR - Failed to parse number 'خاک': [<class 'decimal.ConversionSyntax'>]
2025-08-06 11:11:44,189 - ERROR - Failed to parse number 'و': [<class 'decimal.ConversionSyntax'>]
2025-08-06 11:11:44,189 - ERROR - Failed to parse number 'کود': [<class 'decimal.ConversionSyntax'>]
2025-08-06 11:11:44,189 - ERROR - Failed to parse number 'بستر': [<class 'decimal.ConversionSyntax'>]
2025-08-06 11:11:44,189 - ERROR - Failed to parse number 'مخصوص': [<class 'decimal.ConversionSyntax'>]
2025-08-06 11:11:44,189 - ERROR - Failed to parse number 'گیاهان': [<class 'decimal.ConversionSyntax'>]
2025-08-06 11:11:44,189 - ERROR - Failed to parse number 'آبزی': [<class 'decimal.ConversionSyntax'>]
2025-08-06 11:11:44,189 - ERROR - Failed to parse number 'و': [<class 'decimal.ConversionSyntax'>]
2025-08-06 11:11:44,189 - ERROR - Failed to parse number 'میگوها': [<class 'decimal.ConversionSyntax'>]
2025-08-06 11:11:44,190 - ERROR - Failed to parse number 'اوشن': [<class 'decimal.ConversionSyntax'>]
2025-08-06 11:11:44,190 - ERROR - Failed to parse number 'فری': [<class 'decimal.ConversionSyntax'>]
2025-08-06 11:11:44,190 - INFO - No amount-unit match found in text: خاک و کود بستر مخصوص گیاهان آبزی و میگوها اوشن فری
2025-08-06 11:11:45,626 - DEBUG - UnitExtractor initialized with 85 unit mappings and 3 package patterns
2025-08-06 11:11:45,626 - DEBUG - Extracted 4 لیتری -> 4.0 kg
2025-08-06 11:11:46,986 - DEBUG - UnitExtractor initialized with 85 unit mappings and 3 package patterns
2025-08-06 11:11:46,986 - DEBUG - Extracted 4 لیتری -> 4.0 kg
2025-08-06 11:11:48,340 - DEBUG - UnitExtractor initialized with 85 unit mappings and 3 package patterns
2025-08-06 11:11:48,340 - ERROR - Failed to parse number 'خاک': [<class 'decimal.ConversionSyntax'>]
2025-08-06 11:11:48,340 - ERROR - Failed to parse number 'کود': [<class 'decimal.ConversionSyntax'>]
2025-08-06 11:11:48,340 - ERROR - Failed to parse number 'آفت': [<class 'decimal.ConversionSyntax'>]
2025-08-06 11:11:48,340 - ERROR - Failed to parse number 'کش': [<class 'decimal.ConversionSyntax'>]
2025-08-06 11:11:48,340 - ERROR - Failed to parse number 'و': [<class 'decimal.ConversionSyntax'>]
2025-08-06 11:11:48,340 - ERROR - Failed to parse number 'گلدان': [<class 'decimal.ConversionSyntax'>]
2025-08-06 11:11:48,340 - ERROR - Failed to parse number 'پلیمری': [<class 'decimal.ConversionSyntax'>]
2025-08-06 11:11:48,340 - ERROR - Failed to parse number 'پک': [<class 'decimal.ConversionSyntax'>]
2025-08-06 11:11:48,340 - ERROR - Failed to parse number 'تعویض': [<class 'decimal.ConversionSyntax'>]
2025-08-06 11:11:48,340 - ERROR - Failed to parse number 'گلدان': [<class 'decimal.ConversionSyntax'>]
2025-08-06 11:11:48,340 - ERROR - Failed to parse number 'کد': [<class 'decimal.ConversionSyntax'>]
2025-08-06 11:11:48,340 - INFO - No amount-unit match found in text: خاک کود آفت کش و گلدان پلیمری پک تعویض گلدان کد 202
2025-08-06 11:11:49,689 - DEBUG - UnitExtractor initialized with 85 unit mappings and 3 package patterns
2025-08-06 11:11:49,689 - DEBUG - Extracted 20 لیتری -> 20.0 kg
2025-08-06 11:11:51,033 - DEBUG - UnitExtractor initialized with 85 unit mappings and 3 package patterns
2025-08-06 11:11:51,033 - DEBUG - Extracted 5 لیتری -> 5.0 kg
2025-08-06 11:11:52,401 - DEBUG - UnitExtractor initialized with 85 unit mappings and 3 package patterns
2025-08-06 11:11:52,402 - DEBUG - Extracted 11 لیتری -> 11.0 kg
2025-08-06 11:11:53,751 - DEBUG - UnitExtractor initialized with 85 unit mappings and 3 package patterns
2025-08-06 11:11:53,751 - DEBUG - Extracted 5 کیلویی -> 5.0 kg
2025-08-06 11:11:55,092 - DEBUG - UnitExtractor initialized with 85 unit mappings and 3 package patterns
2025-08-06 11:11:55,092 - DEBUG - Extracted 50 لیتری -> 50.0 kg
2025-08-06 11:11:56,523 - DEBUG - UnitExtractor initialized with 85 unit mappings and 3 package patterns
2025-08-06 11:11:56,523 - ERROR - Failed to parse number 'خاک': [<class 'decimal.ConversionSyntax'>]
2025-08-06 11:11:56,523 - ERROR - Failed to parse number 'گلدان.خاک.خاک': [<class 'decimal.ConversionSyntax'>]
2025-08-06 11:11:56,523 - ERROR - Failed to parse number 'گلدان.خاک': [<class 'decimal.ConversionSyntax'>]
2025-08-06 11:11:56,523 - ERROR - Failed to parse number 'و': [<class 'decimal.ConversionSyntax'>]
2025-08-06 11:11:56,523 - ERROR - Failed to parse number 'کود': [<class 'decimal.ConversionSyntax'>]
2025-08-06 11:11:56,523 - INFO - No amount-unit match found in text: خاک گلدان.خاک.خاک گلدان.خاک و کود
2025-08-06 11:11:57,888 - DEBUG - UnitExtractor initialized with 85 unit mappings and 3 package patterns
2025-08-06 11:11:57,888 - DEBUG - Extracted 12 لیتری -> 12.0 kg
2025-08-06 11:11:59,255 - DEBUG - UnitExtractor initialized with 85 unit mappings and 3 package patterns
2025-08-06 11:11:59,256 - DEBUG - Extracted 8 لیتری -> 8.0 kg
2025-08-06 11:12:00,639 - DEBUG - UnitExtractor initialized with 85 unit mappings and 3 package patterns
2025-08-06 11:12:00,639 - DEBUG - Extracted 20 لیتری -> 20.0 kg
2025-08-06 11:12:02,083 - DEBUG - UnitExtractor initialized with 85 unit mappings and 3 package patterns
2025-08-06 11:12:02,083 - DEBUG - Extracted 50 لیتری -> 50.0 kg
2025-08-06 11:12:03,410 - DEBUG - UnitExtractor initialized with 85 unit mappings and 3 package patterns
2025-08-06 11:12:03,410 - DEBUG - Extracted 8 لیتری -> 8.0 kg
2025-08-06 11:12:04,767 - DEBUG - UnitExtractor initialized with 85 unit mappings and 3 package patterns
2025-08-06 11:12:04,767 - ERROR - Failed to parse number 'خاک': [<class 'decimal.ConversionSyntax'>]
2025-08-06 11:12:04,767 - ERROR - Failed to parse number 'کود': [<class 'decimal.ConversionSyntax'>]
2025-08-06 11:12:04,767 - ERROR - Failed to parse number 'آفت': [<class 'decimal.ConversionSyntax'>]
2025-08-06 11:12:04,767 - ERROR - Failed to parse number 'کش': [<class 'decimal.ConversionSyntax'>]
2025-08-06 11:12:04,767 - ERROR - Failed to parse number 'و': [<class 'decimal.ConversionSyntax'>]
2025-08-06 11:12:04,767 - ERROR - Failed to parse number 'گلدان': [<class 'decimal.ConversionSyntax'>]
2025-08-06 11:12:04,767 - ERROR - Failed to parse number 'پلیمری': [<class 'decimal.ConversionSyntax'>]
2025-08-06 11:12:04,767 - ERROR - Failed to parse number 'پک': [<class 'decimal.ConversionSyntax'>]
2025-08-06 11:12:04,767 - ERROR - Failed to parse number 'تعویض': [<class 'decimal.ConversionSyntax'>]
2025-08-06 11:12:04,767 - ERROR - Failed to parse number 'گلدان': [<class 'decimal.ConversionSyntax'>]
2025-08-06 11:12:04,767 - INFO - No amount-unit match found in text: خاک کود آفت کش و گلدان پلیمری پک تعویض گلدان
2025-08-06 11:12:06,113 - DEBUG - UnitExtractor initialized with 85 unit mappings and 3 package patterns
2025-08-06 11:12:06,114 - ERROR - Failed to parse number 'خاک': [<class 'decimal.ConversionSyntax'>]
2025-08-06 11:12:06,114 - ERROR - Failed to parse number 'بهداشتی': [<class 'decimal.ConversionSyntax'>]
2025-08-06 11:12:06,114 - ERROR - Failed to parse number 'غنی': [<class 'decimal.ConversionSyntax'>]
2025-08-06 11:12:06,114 - ERROR - Failed to parse number 'شده': [<class 'decimal.ConversionSyntax'>]
2025-08-06 11:12:06,114 - ERROR - Failed to parse number 'با': [<class 'decimal.ConversionSyntax'>]
2025-08-06 11:12:06,114 - ERROR - Failed to parse number 'کود': [<class 'decimal.ConversionSyntax'>]
2025-08-06 11:12:06,114 - ERROR - Failed to parse number 'حلزون': [<class 'decimal.ConversionSyntax'>]
2025-08-06 11:12:06,114 - ERROR - Failed to parse number 'آچاتینا': [<class 'decimal.ConversionSyntax'>]
2025-08-06 11:12:06,114 - ERROR - Failed to parse number '(پس': [<class 'decimal.ConversionSyntax'>]
2025-08-06 11:12:06,114 - ERROR - Failed to parse number 'کرایه)': [<class 'decimal.ConversionSyntax'>]
2025-08-06 11:12:06,114 - INFO - No amount-unit match found in text: خاک بهداشتی غنی شده با کود حلزون آچاتینا (پس کرایه)
2025-08-06 11:12:07,497 - DEBUG - UnitExtractor initialized with 85 unit mappings and 3 package patterns
2025-08-06 11:12:07,497 - ERROR - Failed to parse number 'خاک': [<class 'decimal.ConversionSyntax'>]
2025-08-06 11:12:07,497 - ERROR - Failed to parse number 'پیتماس': [<class 'decimal.ConversionSyntax'>]
2025-08-06 11:12:07,497 - ERROR - Failed to parse number '(دوکیلویی)': [<class 'decimal.ConversionSyntax'>]
2025-08-06 11:12:07,497 - ERROR - Failed to parse number 'کود': [<class 'decimal.ConversionSyntax'>]
2025-08-06 11:12:07,497 - ERROR - Failed to parse number 'گیاه': [<class 'decimal.ConversionSyntax'>]
2025-08-06 11:12:07,497 - INFO - No amount-unit match found in text: خاک پیتماس (دوکیلویی) کود گیاه
2025-08-06 11:12:08,856 - DEBUG - UnitExtractor initialized with 85 unit mappings and 3 package patterns
2025-08-06 11:12:08,856 - DEBUG - Package extracted 5 units -> 0.020 kg
2025-08-06 11:12:10,186 - DEBUG - UnitExtractor initialized with 85 unit mappings and 3 package patterns
2025-08-06 11:12:10,186 - DEBUG - Extracted 25 لیتری -> 25.0 kg
2025-08-06 11:12:11,540 - DEBUG - UnitExtractor initialized with 85 unit mappings and 3 package patterns
2025-08-06 11:12:11,540 - DEBUG - Extracted 200 گرم -> 0.200 kg
2025-08-06 11:12:12,883 - DEBUG - UnitExtractor initialized with 85 unit mappings and 3 package patterns
2025-08-06 11:12:12,883 - DEBUG - Extracted 8 لیتری -> 8.0 kg
2025-08-06 11:12:14,219 - DEBUG - UnitExtractor initialized with 85 unit mappings and 3 package patterns
2025-08-06 11:12:14,219 - ERROR - Failed to parse number 'خاک': [<class 'decimal.ConversionSyntax'>]
2025-08-06 11:12:14,219 - ERROR - Failed to parse number 'بسته': [<class 'decimal.ConversionSyntax'>]
2025-08-06 11:12:14,219 - ERROR - Failed to parse number 'بندی': [<class 'decimal.ConversionSyntax'>]
2025-08-06 11:12:14,219 - ERROR - Failed to parse number 'شده': [<class 'decimal.ConversionSyntax'>]
2025-08-06 11:12:14,220 - ERROR - Failed to parse number 'مناسب': [<class 'decimal.ConversionSyntax'>]
2025-08-06 11:12:14,220 - ERROR - Failed to parse number 'گلها': [<class 'decimal.ConversionSyntax'>]
2025-08-06 11:12:14,220 - ERROR - Failed to parse number 'و': [<class 'decimal.ConversionSyntax'>]
2025-08-06 11:12:14,220 - ERROR - Failed to parse number 'گیاهان': [<class 'decimal.ConversionSyntax'>]
2025-08-06 11:12:14,220 - ERROR - Failed to parse number 'آپارتمانی': [<class 'decimal.ConversionSyntax'>]
2025-08-06 11:12:14,220 - ERROR - Failed to parse number 'و': [<class 'decimal.ConversionSyntax'>]
2025-08-06 11:12:14,220 - ERROR - Failed to parse number 'باغچه': [<class 'decimal.ConversionSyntax'>]
2025-08-06 11:12:14,220 - ERROR - Failed to parse number 'ای': [<class 'decimal.ConversionSyntax'>]
2025-08-06 11:12:14,220 - INFO - No amount-unit match found in text: خاک بسته بندی شده مناسب گلها و گیاهان آپارتمانی و باغچه ای
2025-08-06 11:12:15,599 - DEBUG - UnitExtractor initialized with 85 unit mappings and 3 package patterns
2025-08-06 11:12:15,599 - ERROR - Failed to parse number 'خاک': [<class 'decimal.ConversionSyntax'>]
2025-08-06 11:12:15,599 - ERROR - Failed to parse number 'دیاتومه': [<class 'decimal.ConversionSyntax'>]
2025-08-06 11:12:15,599 - ERROR - Failed to parse number 'و': [<class 'decimal.ConversionSyntax'>]
2025-08-06 11:12:15,599 - ERROR - Failed to parse number 'سه': [<class 'decimal.ConversionSyntax'>]
2025-08-06 11:12:15,599 - ERROR - Failed to parse number 'سم': [<class 'decimal.ConversionSyntax'>]
2025-08-06 11:12:15,599 - ERROR - Failed to parse number 'قوی': [<class 'decimal.ConversionSyntax'>]
2025-08-06 11:12:15,599 - ERROR - Failed to parse number 'برای': [<class 'decimal.ConversionSyntax'>]
2025-08-06 11:12:15,599 - ERROR - Failed to parse number 'ساس': [<class 'decimal.ConversionSyntax'>]
2025-08-06 11:12:15,599 - ERROR - Failed to parse number 'فوق': [<class 'decimal.ConversionSyntax'>]
2025-08-06 11:12:15,599 - ERROR - Failed to parse number 'قوی': [<class 'decimal.ConversionSyntax'>]
2025-08-06 11:12:15,599 - INFO - No amount-unit match found in text: خاک دیاتومه و سه سم قوی برای ساس فوق قوی
2025-08-06 11:12:16,973 - DEBUG - UnitExtractor initialized with 85 unit mappings and 3 package patterns
2025-08-06 11:12:16,973 - DEBUG - Extracted 4 گرمی -> 0.004 kg
2025-08-06 11:12:18,309 - DEBUG - UnitExtractor initialized with 85 unit mappings and 3 package patterns
2025-08-06 11:12:18,309 - ERROR - Failed to parse number 'خاک': [<class 'decimal.ConversionSyntax'>]
2025-08-06 11:12:18,309 - ERROR - Failed to parse number 'ژله': [<class 'decimal.ConversionSyntax'>]
2025-08-06 11:12:18,309 - ERROR - Failed to parse number 'ای': [<class 'decimal.ConversionSyntax'>]
2025-08-06 11:12:18,309 - ERROR - Failed to parse number 'کروی': [<class 'decimal.ConversionSyntax'>]
2025-08-06 11:12:18,309 - ERROR - Failed to parse number 'رنگبندی': [<class 'decimal.ConversionSyntax'>]
2025-08-06 11:12:18,309 - ERROR - Failed to parse number 'مخلوط': [<class 'decimal.ConversionSyntax'>]
2025-08-06 11:12:18,309 - INFO - No amount-unit match found in text: خاک ژله ای کروی رنگبندی مخلوط
2025-08-06 11:12:19,696 - DEBUG - UnitExtractor initialized with 85 unit mappings and 3 package patterns
2025-08-06 11:12:19,696 - ERROR - Failed to parse number 'خاک': [<class 'decimal.ConversionSyntax'>]
2025-08-06 11:12:19,696 - ERROR - Failed to parse number 'سفید': [<class 'decimal.ConversionSyntax'>]
2025-08-06 11:12:19,696 - ERROR - Failed to parse number 'مخصوص': [<class 'decimal.ConversionSyntax'>]
2025-08-06 11:12:19,696 - ERROR - Failed to parse number 'شیره': [<class 'decimal.ConversionSyntax'>]
2025-08-06 11:12:19,696 - ERROR - Failed to parse number 'انگور': [<class 'decimal.ConversionSyntax'>]
2025-08-06 11:12:19,697 - INFO - No amount-unit match found in text: خاک سفید مخصوص شیره انگور
2025-08-06 11:12:21,174 - DEBUG - UnitExtractor initialized with 85 unit mappings and 3 package patterns
2025-08-06 11:12:21,174 - ERROR - Failed to parse number 'خاک': [<class 'decimal.ConversionSyntax'>]
2025-08-06 11:12:21,174 - ERROR - Failed to parse number 'مخصوص': [<class 'decimal.ConversionSyntax'>]
2025-08-06 11:12:21,174 - ERROR - Failed to parse number 'گلهای': [<class 'decimal.ConversionSyntax'>]
2025-08-06 11:12:21,174 - ERROR - Failed to parse number 'آپارتمانی': [<class 'decimal.ConversionSyntax'>]
2025-08-06 11:12:21,174 - INFO - No amount-unit match found in text: خاک مخصوص گلهای آپارتمانی
2025-08-06 11:12:22,656 - DEBUG - UnitExtractor initialized with 85 unit mappings and 3 package patterns
2025-08-06 11:12:22,657 - DEBUG - Extracted 2 لیتری -> 2.0 kg
2025-08-06 11:12:24,083 - DEBUG - UnitExtractor initialized with 85 unit mappings and 3 package patterns
2025-08-06 11:12:24,083 - ERROR - Failed to parse number 'خاک': [<class 'decimal.ConversionSyntax'>]
2025-08-06 11:12:24,083 - ERROR - Failed to parse number 'گلدان': [<class 'decimal.ConversionSyntax'>]
2025-08-06 11:12:24,083 - INFO - No amount-unit match found in text: خاک گلدان
2025-08-06 11:12:25,541 - DEBUG - UnitExtractor initialized with 85 unit mappings and 3 package patterns
2025-08-06 11:12:25,541 - DEBUG - Extracted 20 لیتری -> 20.0 kg
2025-08-06 11:12:27,064 - DEBUG - UnitExtractor initialized with 85 unit mappings and 3 package patterns
2025-08-06 11:12:27,064 - DEBUG - Extracted 20 لیتری -> 20.0 kg
2025-08-06 11:12:28,505 - DEBUG - UnitExtractor initialized with 85 unit mappings and 3 package patterns
2025-08-06 11:12:28,505 - DEBUG - Extracted 10 لیتری -> 10.0 kg
2025-08-06 11:12:30,027 - DEBUG - UnitExtractor initialized with 85 unit mappings and 3 package patterns
2025-08-06 11:12:30,027 - DEBUG - Extracted 10 لیتری -> 10.0 kg
2025-08-06 11:12:31,439 - DEBUG - UnitExtractor initialized with 85 unit mappings and 3 package patterns
2025-08-06 11:12:31,439 - DEBUG - Extracted 10 لیتری -> 10.0 kg
2025-08-06 11:12:32,859 - DEBUG - UnitExtractor initialized with 85 unit mappings and 3 package patterns
2025-08-06 11:12:32,860 - DEBUG - Extracted 20 لیتری -> 20.0 kg
2025-08-06 11:12:34,230 - DEBUG - UnitExtractor initialized with 85 unit mappings and 3 package patterns
2025-08-06 11:12:34,230 - DEBUG - Extracted 20 لیتری -> 20.0 kg
2025-08-06 11:12:35,637 - DEBUG - UnitExtractor initialized with 85 unit mappings and 3 package patterns
2025-08-06 11:12:35,637 - DEBUG - Extracted 2 تن -> 2000.0 kg
2025-08-06 11:12:37,023 - DEBUG - UnitExtractor initialized with 85 unit mappings and 3 package patterns
2025-08-06 11:12:37,023 - DEBUG - Extracted 10 لیتری -> 10.0 kg
2025-08-06 11:12:38,390 - DEBUG - UnitExtractor initialized with 85 unit mappings and 3 package patterns
2025-08-06 11:12:38,390 - DEBUG - Extracted 10 لیتری -> 10.0 kg
2025-08-06 11:12:39,770 - DEBUG - UnitExtractor initialized with 85 unit mappings and 3 package patterns
2025-08-06 11:12:39,771 - DEBUG - Extracted 10 لیتری -> 10.0 kg
2025-08-06 11:12:41,173 - DEBUG - UnitExtractor initialized with 85 unit mappings and 3 package patterns
2025-08-06 11:12:41,173 - DEBUG - Extracted 15 لیتری -> 15.0 kg
2025-08-06 11:12:42,555 - DEBUG - UnitExtractor initialized with 85 unit mappings and 3 package patterns
2025-08-06 11:12:42,555 - DEBUG - Extracted 1.700 کیلوگرم -> 1.7000 kg
2025-08-06 11:12:44,037 - DEBUG - UnitExtractor initialized with 85 unit mappings and 3 package patterns
2025-08-06 11:12:44,038 - DEBUG - Extracted 4 لیتری -> 4.0 kg
2025-08-06 11:12:45,399 - DEBUG - UnitExtractor initialized with 85 unit mappings and 3 package patterns
2025-08-06 11:12:45,399 - DEBUG - Extracted 2 لیتری -> 2.0 kg
2025-08-06 11:12:46,786 - DEBUG - UnitExtractor initialized with 85 unit mappings and 3 package patterns
2025-08-06 11:12:46,786 - DEBUG - Extracted 3 لیتری -> 3.0 kg
2025-08-06 11:12:48,204 - DEBUG - UnitExtractor initialized with 85 unit mappings and 3 package patterns
2025-08-06 11:12:48,204 - ERROR - Failed to parse number 'خاک': [<class 'decimal.ConversionSyntax'>]
2025-08-06 11:12:48,204 - ERROR - Failed to parse number 'پلنت': [<class 'decimal.ConversionSyntax'>]
2025-08-06 11:12:48,204 - ERROR - Failed to parse number 'و': [<class 'decimal.ConversionSyntax'>]
2025-08-06 11:12:48,204 - ERROR - Failed to parse number 'بذر': [<class 'decimal.ConversionSyntax'>]
2025-08-06 11:12:48,204 - ERROR - Failed to parse number 'مونت': [<class 'decimal.ConversionSyntax'>]
2025-08-06 11:12:48,204 - ERROR - Failed to parse number 'کارلو': [<class 'decimal.ConversionSyntax'>]
2025-08-06 11:12:48,204 - ERROR - Failed to parse number 'اکواریوم': [<class 'decimal.ConversionSyntax'>]
2025-08-06 11:12:48,204 - ERROR - Failed to parse number '(پس': [<class 'decimal.ConversionSyntax'>]
2025-08-06 11:12:48,204 - ERROR - Failed to parse number 'کرایه)': [<class 'decimal.ConversionSyntax'>]
2025-08-06 11:12:48,204 - INFO - No amount-unit match found in text: خاک پلنت و بذر مونت کارلو اکواریوم (پس کرایه)
2025-08-06 11:12:51,077 - DEBUG - UnitExtractor initialized with 85 unit mappings and 3 package patterns
2025-08-06 11:12:51,077 - ERROR - Failed to parse number 'خاک': [<class 'decimal.ConversionSyntax'>]
2025-08-06 11:12:51,077 - ERROR - Failed to parse number 'سبک': [<class 'decimal.ConversionSyntax'>]
2025-08-06 11:12:51,077 - ERROR - Failed to parse number 'یک': [<class 'decimal.ConversionSyntax'>]
2025-08-06 11:12:51,077 - ERROR - Failed to parse number 'لیتری': [<class 'decimal.ConversionSyntax'>]
2025-08-06 11:12:51,077 - INFO - No amount-unit match found in text: خاک سبک یک لیتری
2025-08-06 11:12:52,478 - DEBUG - UnitExtractor initialized with 85 unit mappings and 3 package patterns
2025-08-06 11:12:52,478 - ERROR - Failed to parse number 'خاک': [<class 'decimal.ConversionSyntax'>]
2025-08-06 11:12:52,478 - ERROR - Failed to parse number 'مخصوص': [<class 'decimal.ConversionSyntax'>]
2025-08-06 11:12:52,478 - ERROR - Failed to parse number 'گلهای': [<class 'decimal.ConversionSyntax'>]
2025-08-06 11:12:52,478 - ERROR - Failed to parse number 'آپارتمانی': [<class 'decimal.ConversionSyntax'>]
2025-08-06 11:12:52,478 - INFO - No amount-unit match found in text: خاک مخصوص گلهای آپارتمانی
2025-08-06 11:12:53,874 - DEBUG - UnitExtractor initialized with 85 unit mappings and 3 package patterns
2025-08-06 11:12:53,874 - DEBUG - Extracted 3 گرمی -> 0.003 kg
2025-08-06 11:12:55,281 - DEBUG - UnitExtractor initialized with 85 unit mappings and 3 package patterns
2025-08-06 11:12:55,281 - ERROR - Failed to parse number 'خاک': [<class 'decimal.ConversionSyntax'>]
2025-08-06 11:12:55,281 - ERROR - Failed to parse number 'برگ': [<class 'decimal.ConversionSyntax'>]
2025-08-06 11:12:55,281 - ERROR - Failed to parse number 'بزرگ': [<class 'decimal.ConversionSyntax'>]
2025-08-06 11:12:55,281 - ERROR - Failed to parse number '(پس': [<class 'decimal.ConversionSyntax'>]
2025-08-06 11:12:55,281 - ERROR - Failed to parse number 'کرایه)': [<class 'decimal.ConversionSyntax'>]
2025-08-06 11:12:55,281 - ERROR - Failed to parse number 'خاک': [<class 'decimal.ConversionSyntax'>]
2025-08-06 11:12:55,281 - ERROR - Failed to parse number 'سبک': [<class 'decimal.ConversionSyntax'>]
2025-08-06 11:12:55,282 - INFO - No amount-unit match found in text: خاک برگ بزرگ (پس کرایه) خاک سبک
2025-08-06 11:12:56,658 - DEBUG - UnitExtractor initialized with 85 unit mappings and 3 package patterns
2025-08-06 11:12:56,658 - ERROR - Failed to parse number 'خاک': [<class 'decimal.ConversionSyntax'>]
2025-08-06 11:12:56,658 - ERROR - Failed to parse number 'برگ': [<class 'decimal.ConversionSyntax'>]
2025-08-06 11:12:56,658 - ERROR - Failed to parse number 'متوسط': [<class 'decimal.ConversionSyntax'>]
2025-08-06 11:12:56,658 - ERROR - Failed to parse number '(پس': [<class 'decimal.ConversionSyntax'>]
2025-08-06 11:12:56,658 - ERROR - Failed to parse number 'کرایه)': [<class 'decimal.ConversionSyntax'>]
2025-08-06 11:12:56,658 - ERROR - Failed to parse number 'خاک': [<class 'decimal.ConversionSyntax'>]
2025-08-06 11:12:56,658 - ERROR - Failed to parse number 'سبک': [<class 'decimal.ConversionSyntax'>]
2025-08-06 11:12:56,658 - INFO - No amount-unit match found in text: خاک برگ متوسط (پس کرایه) خاک سبک
2025-08-06 11:12:58,026 - DEBUG - UnitExtractor initialized with 85 unit mappings and 3 package patterns
2025-08-06 11:12:58,026 - ERROR - Failed to parse number 'خاک': [<class 'decimal.ConversionSyntax'>]
2025-08-06 11:12:58,026 - ERROR - Failed to parse number 'ژله': [<class 'decimal.ConversionSyntax'>]
2025-08-06 11:12:58,026 - ERROR - Failed to parse number 'ای': [<class 'decimal.ConversionSyntax'>]
2025-08-06 11:12:58,026 - ERROR - Failed to parse number 'شفاف': [<class 'decimal.ConversionSyntax'>]
2025-08-06 11:12:58,026 - ERROR - Failed to parse number 'بسته': [<class 'decimal.ConversionSyntax'>]
2025-08-06 11:12:58,026 - ERROR - Failed to parse number 'های': [<class 'decimal.ConversionSyntax'>]
2025-08-06 11:12:58,026 - ERROR - Failed to parse number 'پر': [<class 'decimal.ConversionSyntax'>]
2025-08-06 11:12:58,026 - ERROR - Failed to parse number 'پنج': [<class 'decimal.ConversionSyntax'>]
2025-08-06 11:12:58,026 - ERROR - Failed to parse number 'عددی': [<class 'decimal.ConversionSyntax'>]
2025-08-06 11:12:58,026 - INFO - No amount-unit match found in text: خاک ژله ای شفاف بسته های پر پنج عددی
2025-08-06 11:12:59,520 - DEBUG - UnitExtractor initialized with 85 unit mappings and 3 package patterns
2025-08-06 11:12:59,520 - ERROR - Failed to parse number 'خاک': [<class 'decimal.ConversionSyntax'>]
2025-08-06 11:12:59,520 - ERROR - Failed to parse number 'تربت': [<class 'decimal.ConversionSyntax'>]
2025-08-06 11:12:59,520 - ERROR - Failed to parse number 'شیشه': [<class 'decimal.ConversionSyntax'>]
2025-08-06 11:12:59,520 - ERROR - Failed to parse number 'ای': [<class 'decimal.ConversionSyntax'>]
2025-08-06 11:12:59,520 - INFO - No amount-unit match found in text: خاک تربت شیشه ای
2025-08-06 11:13:00,971 - DEBUG - UnitExtractor initialized with 85 unit mappings and 3 package patterns
2025-08-06 11:13:00,971 - DEBUG - Extracted 2 لیتری -> 2.0 kg
2025-08-06 11:13:02,409 - DEBUG - UnitExtractor initialized with 85 unit mappings and 3 package patterns
2025-08-06 11:13:02,409 - ERROR - Failed to parse number 'خاک': [<class 'decimal.ConversionSyntax'>]
2025-08-06 11:13:02,409 - ERROR - Failed to parse number 'نسوز': [<class 'decimal.ConversionSyntax'>]
2025-08-06 11:13:02,409 - ERROR - Failed to parse number 'H9': [<class 'decimal.ConversionSyntax'>]
2025-08-06 11:13:02,409 - ERROR - Failed to parse number 'درجه': [<class 'decimal.ConversionSyntax'>]
2025-08-06 11:13:02,409 - ERROR - Failed to parse number 'بالا': [<class 'decimal.ConversionSyntax'>]
2025-08-06 11:13:02,409 - INFO - No amount-unit match found in text: خاک نسوز H9 درجه بالا
2025-08-06 11:13:03,803 - DEBUG - UnitExtractor initialized with 85 unit mappings and 3 package patterns
2025-08-06 11:13:03,803 - ERROR - Failed to parse number 'خاک': [<class 'decimal.ConversionSyntax'>]
2025-08-06 11:13:03,803 - ERROR - Failed to parse number 'ژله': [<class 'decimal.ConversionSyntax'>]
2025-08-06 11:13:03,803 - ERROR - Failed to parse number 'ای': [<class 'decimal.ConversionSyntax'>]
2025-08-06 11:13:03,803 - ERROR - Failed to parse number 'رنگی': [<class 'decimal.ConversionSyntax'>]
2025-08-06 11:13:03,803 - ERROR - Failed to parse number 'بسته': [<class 'decimal.ConversionSyntax'>]
2025-08-06 11:13:03,803 - ERROR - Failed to parse number 'ی': [<class 'decimal.ConversionSyntax'>]
2025-08-06 11:13:03,803 - ERROR - Failed to parse number 'عددی': [<class 'decimal.ConversionSyntax'>]
2025-08-06 11:13:03,803 - ERROR - Failed to parse number 'بسیار': [<class 'decimal.ConversionSyntax'>]
2025-08-06 11:13:03,803 - ERROR - Failed to parse number 'مرغوب': [<class 'decimal.ConversionSyntax'>]
2025-08-06 11:13:03,803 - INFO - No amount-unit match found in text: خاک ژله ای رنگی بسته ی 24 عددی بسیار مرغوب
2025-08-06 11:13:05,287 - DEBUG - UnitExtractor initialized with 85 unit mappings and 3 package patterns
2025-08-06 11:13:05,287 - DEBUG - Extracted 150 گرم -> 0.150 kg
2025-08-06 11:13:06,681 - DEBUG - UnitExtractor initialized with 85 unit mappings and 3 package patterns
2025-08-06 11:13:06,681 - ERROR - Failed to parse number 'خاک': [<class 'decimal.ConversionSyntax'>]
2025-08-06 11:13:06,681 - ERROR - Failed to parse number 'پوکه': [<class 'decimal.ConversionSyntax'>]
2025-08-06 11:13:06,681 - ERROR - Failed to parse number 'درشت': [<class 'decimal.ConversionSyntax'>]
2025-08-06 11:13:06,681 - INFO - No amount-unit match found in text: خاک پوکه درشت
2025-08-06 11:13:08,075 - DEBUG - UnitExtractor initialized with 85 unit mappings and 3 package patterns
2025-08-06 11:13:08,076 - ERROR - Failed to parse number 'خاک': [<class 'decimal.ConversionSyntax'>]
2025-08-06 11:13:08,076 - ERROR - Failed to parse number 'مخصوص': [<class 'decimal.ConversionSyntax'>]
2025-08-06 11:13:08,076 - ERROR - Failed to parse number 'سانسوریا': [<class 'decimal.ConversionSyntax'>]
2025-08-06 11:13:08,076 - ERROR - Failed to parse number 'و': [<class 'decimal.ConversionSyntax'>]
2025-08-06 11:13:08,076 - ERROR - Failed to parse number 'زاموفیلیا': [<class 'decimal.ConversionSyntax'>]
2025-08-06 11:13:08,076 - ERROR - Failed to parse number 'استریل': [<class 'decimal.ConversionSyntax'>]
2025-08-06 11:13:08,076 - INFO - No amount-unit match found in text: خاک مخصوص سانسوریا و زاموفیلیا استریل
2025-08-06 11:13:09,518 - DEBUG - UnitExtractor initialized with 85 unit mappings and 3 package patterns
2025-08-06 11:13:09,519 - DEBUG - Extracted 2 لیتری -> 2.0 kg
2025-08-06 11:13:10,963 - DEBUG - UnitExtractor initialized with 85 unit mappings and 3 package patterns
2025-08-06 11:13:10,964 - DEBUG - Extracted 5 لیتر -> 5.0 kg
2025-08-06 11:13:12,359 - DEBUG - UnitExtractor initialized with 85 unit mappings and 3 package patterns
2025-08-06 11:13:12,359 - DEBUG - Extracted 40 گرمی -> 0.040 kg
2025-08-06 11:13:13,739 - DEBUG - UnitExtractor initialized with 85 unit mappings and 3 package patterns
2025-08-06 11:13:13,739 - ERROR - Failed to parse number 'خاکشیر': [<class 'decimal.ConversionSyntax'>]
2025-08-06 11:13:13,739 - ERROR - Failed to parse number 'ارگانیک': [<class 'decimal.ConversionSyntax'>]
2025-08-06 11:13:13,739 - ERROR - Failed to parse number 'اعلا': [<class 'decimal.ConversionSyntax'>]
2025-08-06 11:13:13,739 - ERROR - Failed to parse number 'تمیز': [<class 'decimal.ConversionSyntax'>]
2025-08-06 11:13:13,739 - ERROR - Failed to parse number 'و': [<class 'decimal.ConversionSyntax'>]
2025-08-06 11:13:13,739 - ERROR - Failed to parse number 'بدون': [<class 'decimal.ConversionSyntax'>]
2025-08-06 11:13:13,739 - ERROR - Failed to parse number 'خاک': [<class 'decimal.ConversionSyntax'>]
2025-08-06 11:13:13,739 - INFO - No amount-unit match found in text: خاکشیر ارگانیک اعلا تمیز و بدون خاک
2025-08-06 11:13:15,181 - DEBUG - UnitExtractor initialized with 85 unit mappings and 3 package patterns
2025-08-06 11:13:15,181 - DEBUG - Extracted 3 لیتری -> 3.0 kg
2025-08-06 11:13:16,603 - DEBUG - UnitExtractor initialized with 85 unit mappings and 3 package patterns
2025-08-06 11:13:16,603 - DEBUG - Extracted 3 لیتری -> 3.0 kg
2025-08-06 11:13:18,146 - ERROR - Future exception was never retrieved
future: <Future finished exception=BrokenPipeError(32, 'The pipe is being closed', None, 232, None)>
Traceback (most recent call last):
  File "C:\Users\pc\AppData\Local\Programs\Python\Python311\Lib\asyncio\proactor_events.py", line 397, in _loop_writing
    self._write_fut = self._loop._proactor.send(self._sock, data)
                      ^^^^^^^^^^^^^^^^^^^^^^^^^^^^^^^^^^^^^^^^^^^
  File "C:\Users\pc\AppData\Local\Programs\Python\Python311\Lib\asyncio\windows_events.py", line 559, in send
    ov.WriteFile(conn.fileno(), buf)
BrokenPipeError: [WinError 232] The pipe is being closed
2025-08-06 11:13:22,144 - DEBUG - Using proactor: IocpProactor
2025-08-06 11:13:24,062 - DEBUG - UnitExtractor initialized with 85 unit mappings and 3 package patterns
2025-08-06 11:13:24,062 - DEBUG - Extracted 4 لیتری -> 4.0 kg
2025-08-06 11:13:24,062 - DEBUG - Attempting to acquire lock 2752813535312 on D:\webscraping\venv\Lib\site-packages\tldextract\.suffix_cache\publicsuffix.org-tlds\de84b5ca2167d4c83e38fb162f2e8738.tldextract.json.lock
2025-08-06 11:13:24,062 - DEBUG - Lock 2752813535312 acquired on D:\webscraping\venv\Lib\site-packages\tldextract\.suffix_cache\publicsuffix.org-tlds\de84b5ca2167d4c83e38fb162f2e8738.tldextract.json.lock
2025-08-06 11:13:24,062 - DEBUG - Attempting to release lock 2752813535312 on D:\webscraping\venv\Lib\site-packages\tldextract\.suffix_cache\publicsuffix.org-tlds\de84b5ca2167d4c83e38fb162f2e8738.tldextract.json.lock
2025-08-06 11:13:24,062 - DEBUG - Lock 2752813535312 released on D:\webscraping\venv\Lib\site-packages\tldextract\.suffix_cache\publicsuffix.org-tlds\de84b5ca2167d4c83e38fb162f2e8738.tldextract.json.lock
2025-08-06 11:13:25,470 - DEBUG - UnitExtractor initialized with 85 unit mappings and 3 package patterns
2025-08-06 11:13:25,470 - ERROR - Failed to parse number 'خاک': [<class 'decimal.ConversionSyntax'>]
2025-08-06 11:13:25,470 - ERROR - Failed to parse number 'و': [<class 'decimal.ConversionSyntax'>]
2025-08-06 11:13:25,470 - ERROR - Failed to parse number 'کود': [<class 'decimal.ConversionSyntax'>]
2025-08-06 11:13:25,470 - ERROR - Failed to parse number 'بستر': [<class 'decimal.ConversionSyntax'>]
2025-08-06 11:13:25,470 - ERROR - Failed to parse number 'مخصوص': [<class 'decimal.ConversionSyntax'>]
2025-08-06 11:13:25,471 - ERROR - Failed to parse number 'گیاهان': [<class 'decimal.ConversionSyntax'>]
2025-08-06 11:13:25,471 - ERROR - Failed to parse number 'آبزی': [<class 'decimal.ConversionSyntax'>]
2025-08-06 11:13:25,471 - ERROR - Failed to parse number 'و': [<class 'decimal.ConversionSyntax'>]
2025-08-06 11:13:25,471 - ERROR - Failed to parse number 'میگوها': [<class 'decimal.ConversionSyntax'>]
2025-08-06 11:13:25,471 - ERROR - Failed to parse number 'اوشن': [<class 'decimal.ConversionSyntax'>]
2025-08-06 11:13:25,471 - ERROR - Failed to parse number 'فری': [<class 'decimal.ConversionSyntax'>]
2025-08-06 11:13:25,471 - INFO - No amount-unit match found in text: خاک و کود بستر مخصوص گیاهان آبزی و میگوها اوشن فری
2025-08-06 11:13:26,875 - DEBUG - UnitExtractor initialized with 85 unit mappings and 3 package patterns
2025-08-06 11:13:26,875 - DEBUG - Extracted 4 لیتری -> 4.0 kg
2025-08-06 11:13:28,278 - DEBUG - UnitExtractor initialized with 85 unit mappings and 3 package patterns
2025-08-06 11:13:28,278 - DEBUG - Extracted 4 لیتری -> 4.0 kg
2025-08-06 11:13:29,647 - DEBUG - UnitExtractor initialized with 85 unit mappings and 3 package patterns
2025-08-06 11:13:29,648 - ERROR - Failed to parse number 'خاک': [<class 'decimal.ConversionSyntax'>]
2025-08-06 11:13:29,648 - ERROR - Failed to parse number 'کود': [<class 'decimal.ConversionSyntax'>]
2025-08-06 11:13:29,648 - ERROR - Failed to parse number 'آفت': [<class 'decimal.ConversionSyntax'>]
2025-08-06 11:13:29,648 - ERROR - Failed to parse number 'کش': [<class 'decimal.ConversionSyntax'>]
2025-08-06 11:13:29,648 - ERROR - Failed to parse number 'و': [<class 'decimal.ConversionSyntax'>]
2025-08-06 11:13:29,648 - ERROR - Failed to parse number 'گلدان': [<class 'decimal.ConversionSyntax'>]
2025-08-06 11:13:29,648 - ERROR - Failed to parse number 'پلیمری': [<class 'decimal.ConversionSyntax'>]
2025-08-06 11:13:29,648 - ERROR - Failed to parse number 'پک': [<class 'decimal.ConversionSyntax'>]
2025-08-06 11:13:29,648 - ERROR - Failed to parse number 'تعویض': [<class 'decimal.ConversionSyntax'>]
2025-08-06 11:13:29,648 - ERROR - Failed to parse number 'گلدان': [<class 'decimal.ConversionSyntax'>]
2025-08-06 11:13:29,648 - ERROR - Failed to parse number 'کد': [<class 'decimal.ConversionSyntax'>]
2025-08-06 11:13:29,648 - INFO - No amount-unit match found in text: خاک کود آفت کش و گلدان پلیمری پک تعویض گلدان کد 202
2025-08-06 11:13:30,996 - DEBUG - UnitExtractor initialized with 85 unit mappings and 3 package patterns
2025-08-06 11:13:30,997 - DEBUG - Extracted 20 لیتری -> 20.0 kg
2025-08-06 11:13:32,467 - DEBUG - UnitExtractor initialized with 85 unit mappings and 3 package patterns
2025-08-06 11:13:32,468 - DEBUG - Extracted 5 لیتری -> 5.0 kg
2025-08-06 11:13:33,838 - DEBUG - UnitExtractor initialized with 85 unit mappings and 3 package patterns
2025-08-06 11:13:33,838 - DEBUG - Extracted 11 لیتری -> 11.0 kg
2025-08-06 11:13:35,220 - DEBUG - UnitExtractor initialized with 85 unit mappings and 3 package patterns
2025-08-06 11:13:35,220 - DEBUG - Extracted 5 کیلویی -> 5.0 kg
2025-08-06 11:13:36,576 - DEBUG - UnitExtractor initialized with 85 unit mappings and 3 package patterns
2025-08-06 11:13:36,576 - DEBUG - Extracted 50 لیتری -> 50.0 kg
2025-08-06 11:13:37,907 - DEBUG - UnitExtractor initialized with 85 unit mappings and 3 package patterns
2025-08-06 11:13:37,908 - ERROR - Failed to parse number 'خاک': [<class 'decimal.ConversionSyntax'>]
2025-08-06 11:13:37,908 - ERROR - Failed to parse number 'گلدان.خاک.خاک': [<class 'decimal.ConversionSyntax'>]
2025-08-06 11:13:37,908 - ERROR - Failed to parse number 'گلدان.خاک': [<class 'decimal.ConversionSyntax'>]
2025-08-06 11:13:37,908 - ERROR - Failed to parse number 'و': [<class 'decimal.ConversionSyntax'>]
2025-08-06 11:13:37,908 - ERROR - Failed to parse number 'کود': [<class 'decimal.ConversionSyntax'>]
2025-08-06 11:13:37,908 - INFO - No amount-unit match found in text: خاک گلدان.خاک.خاک گلدان.خاک و کود
2025-08-06 11:13:39,251 - DEBUG - UnitExtractor initialized with 85 unit mappings and 3 package patterns
2025-08-06 11:13:39,251 - DEBUG - Extracted 12 لیتری -> 12.0 kg
2025-08-06 11:13:40,585 - DEBUG - UnitExtractor initialized with 85 unit mappings and 3 package patterns
2025-08-06 11:13:40,585 - DEBUG - Extracted 8 لیتری -> 8.0 kg
2025-08-06 11:13:41,939 - DEBUG - UnitExtractor initialized with 85 unit mappings and 3 package patterns
2025-08-06 11:13:41,939 - DEBUG - Extracted 20 لیتری -> 20.0 kg
2025-08-06 11:13:43,270 - DEBUG - UnitExtractor initialized with 85 unit mappings and 3 package patterns
2025-08-06 11:13:43,270 - DEBUG - Extracted 50 لیتری -> 50.0 kg
2025-08-06 11:13:44,607 - DEBUG - UnitExtractor initialized with 85 unit mappings and 3 package patterns
2025-08-06 11:13:44,607 - DEBUG - Extracted 8 لیتری -> 8.0 kg
2025-08-06 11:13:45,946 - DEBUG - UnitExtractor initialized with 85 unit mappings and 3 package patterns
2025-08-06 11:13:45,946 - ERROR - Failed to parse number 'خاک': [<class 'decimal.ConversionSyntax'>]
2025-08-06 11:13:45,947 - ERROR - Failed to parse number 'کود': [<class 'decimal.ConversionSyntax'>]
2025-08-06 11:13:45,947 - ERROR - Failed to parse number 'آفت': [<class 'decimal.ConversionSyntax'>]
2025-08-06 11:13:45,947 - ERROR - Failed to parse number 'کش': [<class 'decimal.ConversionSyntax'>]
2025-08-06 11:13:45,947 - ERROR - Failed to parse number 'و': [<class 'decimal.ConversionSyntax'>]
2025-08-06 11:13:45,947 - ERROR - Failed to parse number 'گلدان': [<class 'decimal.ConversionSyntax'>]
2025-08-06 11:13:45,947 - ERROR - Failed to parse number 'پلیمری': [<class 'decimal.ConversionSyntax'>]
2025-08-06 11:13:45,947 - ERROR - Failed to parse number 'پک': [<class 'decimal.ConversionSyntax'>]
2025-08-06 11:13:45,947 - ERROR - Failed to parse number 'تعویض': [<class 'decimal.ConversionSyntax'>]
2025-08-06 11:13:45,947 - ERROR - Failed to parse number 'گلدان': [<class 'decimal.ConversionSyntax'>]
2025-08-06 11:13:45,947 - INFO - No amount-unit match found in text: خاک کود آفت کش و گلدان پلیمری پک تعویض گلدان
2025-08-06 11:13:47,286 - DEBUG - UnitExtractor initialized with 85 unit mappings and 3 package patterns
2025-08-06 11:13:47,286 - ERROR - Failed to parse number 'خاک': [<class 'decimal.ConversionSyntax'>]
2025-08-06 11:13:47,286 - ERROR - Failed to parse number 'بهداشتی': [<class 'decimal.ConversionSyntax'>]
2025-08-06 11:13:47,286 - ERROR - Failed to parse number 'غنی': [<class 'decimal.ConversionSyntax'>]
2025-08-06 11:13:47,286 - ERROR - Failed to parse number 'شده': [<class 'decimal.ConversionSyntax'>]
2025-08-06 11:13:47,286 - ERROR - Failed to parse number 'با': [<class 'decimal.ConversionSyntax'>]
2025-08-06 11:13:47,286 - ERROR - Failed to parse number 'کود': [<class 'decimal.ConversionSyntax'>]
2025-08-06 11:13:47,286 - ERROR - Failed to parse number 'حلزون': [<class 'decimal.ConversionSyntax'>]
2025-08-06 11:13:47,286 - ERROR - Failed to parse number 'آچاتینا': [<class 'decimal.ConversionSyntax'>]
2025-08-06 11:13:47,286 - ERROR - Failed to parse number '(پس': [<class 'decimal.ConversionSyntax'>]
2025-08-06 11:13:47,286 - ERROR - Failed to parse number 'کرایه)': [<class 'decimal.ConversionSyntax'>]
2025-08-06 11:13:47,286 - INFO - No amount-unit match found in text: خاک بهداشتی غنی شده با کود حلزون آچاتینا (پس کرایه)
2025-08-06 11:13:48,616 - DEBUG - UnitExtractor initialized with 85 unit mappings and 3 package patterns
2025-08-06 11:13:48,617 - ERROR - Failed to parse number 'خاک': [<class 'decimal.ConversionSyntax'>]
2025-08-06 11:13:48,617 - ERROR - Failed to parse number 'پیتماس': [<class 'decimal.ConversionSyntax'>]
2025-08-06 11:13:48,617 - ERROR - Failed to parse number '(دوکیلویی)': [<class 'decimal.ConversionSyntax'>]
2025-08-06 11:13:48,617 - ERROR - Failed to parse number 'کود': [<class 'decimal.ConversionSyntax'>]
2025-08-06 11:13:48,617 - ERROR - Failed to parse number 'گیاه': [<class 'decimal.ConversionSyntax'>]
2025-08-06 11:13:48,617 - INFO - No amount-unit match found in text: خاک پیتماس (دوکیلویی) کود گیاه
2025-08-06 11:13:49,950 - DEBUG - UnitExtractor initialized with 85 unit mappings and 3 package patterns
2025-08-06 11:13:49,950 - DEBUG - Package extracted 5 units -> 0.020 kg
2025-08-06 11:13:51,299 - DEBUG - UnitExtractor initialized with 85 unit mappings and 3 package patterns
2025-08-06 11:13:51,299 - DEBUG - Extracted 25 لیتری -> 25.0 kg
2025-08-06 11:13:52,650 - DEBUG - UnitExtractor initialized with 85 unit mappings and 3 package patterns
2025-08-06 11:13:52,650 - DEBUG - Extracted 200 گرم -> 0.200 kg
2025-08-06 11:13:54,012 - DEBUG - UnitExtractor initialized with 85 unit mappings and 3 package patterns
2025-08-06 11:13:54,012 - DEBUG - Extracted 8 لیتری -> 8.0 kg
2025-08-06 11:13:55,343 - DEBUG - UnitExtractor initialized with 85 unit mappings and 3 package patterns
2025-08-06 11:13:55,343 - ERROR - Failed to parse number 'خاک': [<class 'decimal.ConversionSyntax'>]
2025-08-06 11:13:55,343 - ERROR - Failed to parse number 'بسته': [<class 'decimal.ConversionSyntax'>]
2025-08-06 11:13:55,343 - ERROR - Failed to parse number 'بندی': [<class 'decimal.ConversionSyntax'>]
2025-08-06 11:13:55,343 - ERROR - Failed to parse number 'شده': [<class 'decimal.ConversionSyntax'>]
2025-08-06 11:13:55,343 - ERROR - Failed to parse number 'مناسب': [<class 'decimal.ConversionSyntax'>]
2025-08-06 11:13:55,343 - ERROR - Failed to parse number 'گلها': [<class 'decimal.ConversionSyntax'>]
2025-08-06 11:13:55,343 - ERROR - Failed to parse number 'و': [<class 'decimal.ConversionSyntax'>]
2025-08-06 11:13:55,343 - ERROR - Failed to parse number 'گیاهان': [<class 'decimal.ConversionSyntax'>]
2025-08-06 11:13:55,343 - ERROR - Failed to parse number 'آپارتمانی': [<class 'decimal.ConversionSyntax'>]
2025-08-06 11:13:55,343 - ERROR - Failed to parse number 'و': [<class 'decimal.ConversionSyntax'>]
2025-08-06 11:13:55,343 - ERROR - Failed to parse number 'باغچه': [<class 'decimal.ConversionSyntax'>]
2025-08-06 11:13:55,343 - ERROR - Failed to parse number 'ای': [<class 'decimal.ConversionSyntax'>]
2025-08-06 11:13:55,343 - INFO - No amount-unit match found in text: خاک بسته بندی شده مناسب گلها و گیاهان آپارتمانی و باغچه ای
2025-08-06 11:13:56,702 - DEBUG - UnitExtractor initialized with 85 unit mappings and 3 package patterns
2025-08-06 11:13:56,702 - ERROR - Failed to parse number 'خاک': [<class 'decimal.ConversionSyntax'>]
2025-08-06 11:13:56,702 - ERROR - Failed to parse number 'دیاتومه': [<class 'decimal.ConversionSyntax'>]
2025-08-06 11:13:56,702 - ERROR - Failed to parse number 'و': [<class 'decimal.ConversionSyntax'>]
2025-08-06 11:13:56,702 - ERROR - Failed to parse number 'سه': [<class 'decimal.ConversionSyntax'>]
2025-08-06 11:13:56,702 - ERROR - Failed to parse number 'سم': [<class 'decimal.ConversionSyntax'>]
2025-08-06 11:13:56,702 - ERROR - Failed to parse number 'قوی': [<class 'decimal.ConversionSyntax'>]
2025-08-06 11:13:56,702 - ERROR - Failed to parse number 'برای': [<class 'decimal.ConversionSyntax'>]
2025-08-06 11:13:56,702 - ERROR - Failed to parse number 'ساس': [<class 'decimal.ConversionSyntax'>]
2025-08-06 11:13:56,702 - ERROR - Failed to parse number 'فوق': [<class 'decimal.ConversionSyntax'>]
2025-08-06 11:13:56,703 - ERROR - Failed to parse number 'قوی': [<class 'decimal.ConversionSyntax'>]
2025-08-06 11:13:56,703 - INFO - No amount-unit match found in text: خاک دیاتومه و سه سم قوی برای ساس فوق قوی
2025-08-06 11:13:58,102 - DEBUG - UnitExtractor initialized with 85 unit mappings and 3 package patterns
2025-08-06 11:13:58,103 - DEBUG - Extracted 4 گرمی -> 0.004 kg
2025-08-06 11:13:59,661 - DEBUG - UnitExtractor initialized with 85 unit mappings and 3 package patterns
2025-08-06 11:13:59,661 - ERROR - Failed to parse number 'خاک': [<class 'decimal.ConversionSyntax'>]
2025-08-06 11:13:59,661 - ERROR - Failed to parse number 'ژله': [<class 'decimal.ConversionSyntax'>]
2025-08-06 11:13:59,661 - ERROR - Failed to parse number 'ای': [<class 'decimal.ConversionSyntax'>]
2025-08-06 11:13:59,661 - ERROR - Failed to parse number 'کروی': [<class 'decimal.ConversionSyntax'>]
2025-08-06 11:13:59,661 - ERROR - Failed to parse number 'رنگبندی': [<class 'decimal.ConversionSyntax'>]
2025-08-06 11:13:59,661 - ERROR - Failed to parse number 'مخلوط': [<class 'decimal.ConversionSyntax'>]
2025-08-06 11:13:59,661 - INFO - No amount-unit match found in text: خاک ژله ای کروی رنگبندی مخلوط
2025-08-06 11:14:01,068 - DEBUG - UnitExtractor initialized with 85 unit mappings and 3 package patterns
2025-08-06 11:14:01,068 - ERROR - Failed to parse number 'خاک': [<class 'decimal.ConversionSyntax'>]
2025-08-06 11:14:01,068 - ERROR - Failed to parse number 'سفید': [<class 'decimal.ConversionSyntax'>]
2025-08-06 11:14:01,068 - ERROR - Failed to parse number 'مخصوص': [<class 'decimal.ConversionSyntax'>]
2025-08-06 11:14:01,068 - ERROR - Failed to parse number 'شیره': [<class 'decimal.ConversionSyntax'>]
2025-08-06 11:14:01,068 - ERROR - Failed to parse number 'انگور': [<class 'decimal.ConversionSyntax'>]
2025-08-06 11:14:01,068 - INFO - No amount-unit match found in text: خاک سفید مخصوص شیره انگور
2025-08-06 11:14:02,496 - DEBUG - UnitExtractor initialized with 85 unit mappings and 3 package patterns
2025-08-06 11:14:02,496 - ERROR - Failed to parse number 'خاک': [<class 'decimal.ConversionSyntax'>]
2025-08-06 11:14:02,496 - ERROR - Failed to parse number 'مخصوص': [<class 'decimal.ConversionSyntax'>]
2025-08-06 11:14:02,496 - ERROR - Failed to parse number 'گلهای': [<class 'decimal.ConversionSyntax'>]
2025-08-06 11:14:02,496 - ERROR - Failed to parse number 'آپارتمانی': [<class 'decimal.ConversionSyntax'>]
2025-08-06 11:14:02,496 - INFO - No amount-unit match found in text: خاک مخصوص گلهای آپارتمانی
2025-08-06 11:14:03,843 - DEBUG - UnitExtractor initialized with 85 unit mappings and 3 package patterns
2025-08-06 11:14:03,843 - DEBUG - Extracted 2 لیتری -> 2.0 kg
2025-08-06 11:14:05,292 - DEBUG - UnitExtractor initialized with 85 unit mappings and 3 package patterns
2025-08-06 11:14:05,292 - ERROR - Failed to parse number 'خاک': [<class 'decimal.ConversionSyntax'>]
2025-08-06 11:14:05,292 - ERROR - Failed to parse number 'گلدان': [<class 'decimal.ConversionSyntax'>]
2025-08-06 11:14:05,292 - INFO - No amount-unit match found in text: خاک گلدان
2025-08-06 11:14:06,702 - DEBUG - UnitExtractor initialized with 85 unit mappings and 3 package patterns
2025-08-06 11:14:06,702 - DEBUG - Extracted 20 لیتری -> 20.0 kg
2025-08-06 11:14:08,078 - DEBUG - UnitExtractor initialized with 85 unit mappings and 3 package patterns
2025-08-06 11:14:08,078 - DEBUG - Extracted 20 لیتری -> 20.0 kg
2025-08-06 11:14:09,440 - DEBUG - UnitExtractor initialized with 85 unit mappings and 3 package patterns
2025-08-06 11:14:09,440 - DEBUG - Extracted 10 لیتری -> 10.0 kg
2025-08-06 11:14:10,828 - DEBUG - UnitExtractor initialized with 85 unit mappings and 3 package patterns
2025-08-06 11:14:10,828 - DEBUG - Extracted 10 لیتری -> 10.0 kg
2025-08-06 11:14:12,232 - DEBUG - UnitExtractor initialized with 85 unit mappings and 3 package patterns
2025-08-06 11:14:12,233 - DEBUG - Extracted 10 لیتری -> 10.0 kg
2025-08-06 11:14:13,632 - DEBUG - UnitExtractor initialized with 85 unit mappings and 3 package patterns
2025-08-06 11:14:13,632 - DEBUG - Extracted 20 لیتری -> 20.0 kg
2025-08-06 11:14:15,001 - DEBUG - UnitExtractor initialized with 85 unit mappings and 3 package patterns
2025-08-06 11:14:15,002 - DEBUG - Extracted 20 لیتری -> 20.0 kg
2025-08-06 11:14:16,358 - DEBUG - UnitExtractor initialized with 85 unit mappings and 3 package patterns
2025-08-06 11:14:16,358 - DEBUG - Extracted 2 تن -> 2000.0 kg
2025-08-06 11:14:17,700 - DEBUG - UnitExtractor initialized with 85 unit mappings and 3 package patterns
2025-08-06 11:14:17,700 - DEBUG - Extracted 10 لیتری -> 10.0 kg
2025-08-06 11:14:19,040 - DEBUG - UnitExtractor initialized with 85 unit mappings and 3 package patterns
2025-08-06 11:14:19,040 - DEBUG - Extracted 10 لیتری -> 10.0 kg
2025-08-06 11:14:20,432 - DEBUG - UnitExtractor initialized with 85 unit mappings and 3 package patterns
2025-08-06 11:14:20,432 - DEBUG - Extracted 10 لیتری -> 10.0 kg
2025-08-06 11:14:21,787 - DEBUG - UnitExtractor initialized with 85 unit mappings and 3 package patterns
2025-08-06 11:14:21,787 - DEBUG - Extracted 15 لیتری -> 15.0 kg
2025-08-06 11:14:23,146 - DEBUG - UnitExtractor initialized with 85 unit mappings and 3 package patterns
2025-08-06 11:14:23,146 - DEBUG - Extracted 1.700 کیلوگرم -> 1.7000 kg
2025-08-06 11:14:24,510 - DEBUG - UnitExtractor initialized with 85 unit mappings and 3 package patterns
2025-08-06 11:14:24,511 - DEBUG - Extracted 4 لیتری -> 4.0 kg
2025-08-06 11:14:25,888 - DEBUG - UnitExtractor initialized with 85 unit mappings and 3 package patterns
2025-08-06 11:14:25,888 - DEBUG - Extracted 2 لیتری -> 2.0 kg
2025-08-06 11:14:27,267 - DEBUG - UnitExtractor initialized with 85 unit mappings and 3 package patterns
2025-08-06 11:14:27,267 - DEBUG - Extracted 3 لیتری -> 3.0 kg
2025-08-06 11:14:28,649 - DEBUG - UnitExtractor initialized with 85 unit mappings and 3 package patterns
2025-08-06 11:14:28,649 - ERROR - Failed to parse number 'خاک': [<class 'decimal.ConversionSyntax'>]
2025-08-06 11:14:28,649 - ERROR - Failed to parse number 'پلنت': [<class 'decimal.ConversionSyntax'>]
2025-08-06 11:14:28,649 - ERROR - Failed to parse number 'و': [<class 'decimal.ConversionSyntax'>]
2025-08-06 11:14:28,649 - ERROR - Failed to parse number 'بذر': [<class 'decimal.ConversionSyntax'>]
2025-08-06 11:14:28,649 - ERROR - Failed to parse number 'مونت': [<class 'decimal.ConversionSyntax'>]
2025-08-06 11:14:28,649 - ERROR - Failed to parse number 'کارلو': [<class 'decimal.ConversionSyntax'>]
2025-08-06 11:14:28,649 - ERROR - Failed to parse number 'اکواریوم': [<class 'decimal.ConversionSyntax'>]
2025-08-06 11:14:28,649 - ERROR - Failed to parse number '(پس': [<class 'decimal.ConversionSyntax'>]
2025-08-06 11:14:28,649 - ERROR - Failed to parse number 'کرایه)': [<class 'decimal.ConversionSyntax'>]
2025-08-06 11:14:28,649 - INFO - No amount-unit match found in text: خاک پلنت و بذر مونت کارلو اکواریوم (پس کرایه)
2025-08-06 11:14:31,332 - DEBUG - UnitExtractor initialized with 85 unit mappings and 3 package patterns
2025-08-06 11:14:31,332 - ERROR - Failed to parse number 'خاک': [<class 'decimal.ConversionSyntax'>]
2025-08-06 11:14:31,332 - ERROR - Failed to parse number 'سبک': [<class 'decimal.ConversionSyntax'>]
2025-08-06 11:14:31,332 - ERROR - Failed to parse number 'یک': [<class 'decimal.ConversionSyntax'>]
2025-08-06 11:14:31,332 - ERROR - Failed to parse number 'لیتری': [<class 'decimal.ConversionSyntax'>]
2025-08-06 11:14:31,332 - INFO - No amount-unit match found in text: خاک سبک یک لیتری
2025-08-06 11:14:32,852 - DEBUG - UnitExtractor initialized with 85 unit mappings and 3 package patterns
2025-08-06 11:14:32,852 - ERROR - Failed to parse number 'خاک': [<class 'decimal.ConversionSyntax'>]
2025-08-06 11:14:32,852 - ERROR - Failed to parse number 'مخصوص': [<class 'decimal.ConversionSyntax'>]
2025-08-06 11:14:32,852 - ERROR - Failed to parse number 'گلهای': [<class 'decimal.ConversionSyntax'>]
2025-08-06 11:14:32,852 - ERROR - Failed to parse number 'آپارتمانی': [<class 'decimal.ConversionSyntax'>]
2025-08-06 11:14:32,852 - INFO - No amount-unit match found in text: خاک مخصوص گلهای آپارتمانی
2025-08-06 11:14:34,404 - DEBUG - UnitExtractor initialized with 85 unit mappings and 3 package patterns
2025-08-06 11:14:34,404 - DEBUG - Extracted 3 گرمی -> 0.003 kg
2025-08-06 11:14:35,817 - DEBUG - UnitExtractor initialized with 85 unit mappings and 3 package patterns
2025-08-06 11:14:35,817 - ERROR - Failed to parse number 'خاک': [<class 'decimal.ConversionSyntax'>]
2025-08-06 11:14:35,818 - ERROR - Failed to parse number 'برگ': [<class 'decimal.ConversionSyntax'>]
2025-08-06 11:14:35,818 - ERROR - Failed to parse number 'بزرگ': [<class 'decimal.ConversionSyntax'>]
2025-08-06 11:14:35,818 - ERROR - Failed to parse number '(پس': [<class 'decimal.ConversionSyntax'>]
2025-08-06 11:14:35,818 - ERROR - Failed to parse number 'کرایه)': [<class 'decimal.ConversionSyntax'>]
2025-08-06 11:14:35,818 - ERROR - Failed to parse number 'خاک': [<class 'decimal.ConversionSyntax'>]
2025-08-06 11:14:35,818 - ERROR - Failed to parse number 'سبک': [<class 'decimal.ConversionSyntax'>]
2025-08-06 11:14:35,818 - INFO - No amount-unit match found in text: خاک برگ بزرگ (پس کرایه) خاک سبک
2025-08-06 11:14:37,204 - DEBUG - UnitExtractor initialized with 85 unit mappings and 3 package patterns
2025-08-06 11:14:37,204 - ERROR - Failed to parse number 'خاک': [<class 'decimal.ConversionSyntax'>]
2025-08-06 11:14:37,204 - ERROR - Failed to parse number 'برگ': [<class 'decimal.ConversionSyntax'>]
2025-08-06 11:14:37,204 - ERROR - Failed to parse number 'متوسط': [<class 'decimal.ConversionSyntax'>]
2025-08-06 11:14:37,204 - ERROR - Failed to parse number '(پس': [<class 'decimal.ConversionSyntax'>]
2025-08-06 11:14:37,204 - ERROR - Failed to parse number 'کرایه)': [<class 'decimal.ConversionSyntax'>]
2025-08-06 11:14:37,204 - ERROR - Failed to parse number 'خاک': [<class 'decimal.ConversionSyntax'>]
2025-08-06 11:14:37,204 - ERROR - Failed to parse number 'سبک': [<class 'decimal.ConversionSyntax'>]
2025-08-06 11:14:37,204 - INFO - No amount-unit match found in text: خاک برگ متوسط (پس کرایه) خاک سبک
2025-08-06 11:14:38,587 - DEBUG - UnitExtractor initialized with 85 unit mappings and 3 package patterns
2025-08-06 11:14:38,587 - ERROR - Failed to parse number 'خاک': [<class 'decimal.ConversionSyntax'>]
2025-08-06 11:14:38,587 - ERROR - Failed to parse number 'ژله': [<class 'decimal.ConversionSyntax'>]
2025-08-06 11:14:38,587 - ERROR - Failed to parse number 'ای': [<class 'decimal.ConversionSyntax'>]
2025-08-06 11:14:38,587 - ERROR - Failed to parse number 'شفاف': [<class 'decimal.ConversionSyntax'>]
2025-08-06 11:14:38,587 - ERROR - Failed to parse number 'بسته': [<class 'decimal.ConversionSyntax'>]
2025-08-06 11:14:38,587 - ERROR - Failed to parse number 'های': [<class 'decimal.ConversionSyntax'>]
2025-08-06 11:14:38,587 - ERROR - Failed to parse number 'پر': [<class 'decimal.ConversionSyntax'>]
2025-08-06 11:14:38,587 - ERROR - Failed to parse number 'پنج': [<class 'decimal.ConversionSyntax'>]
2025-08-06 11:14:38,587 - ERROR - Failed to parse number 'عددی': [<class 'decimal.ConversionSyntax'>]
2025-08-06 11:14:38,587 - INFO - No amount-unit match found in text: خاک ژله ای شفاف بسته های پر پنج عددی
2025-08-06 11:14:40,023 - DEBUG - UnitExtractor initialized with 85 unit mappings and 3 package patterns
2025-08-06 11:14:40,023 - ERROR - Failed to parse number 'خاک': [<class 'decimal.ConversionSyntax'>]
2025-08-06 11:14:40,023 - ERROR - Failed to parse number 'تربت': [<class 'decimal.ConversionSyntax'>]
2025-08-06 11:14:40,023 - ERROR - Failed to parse number 'شیشه': [<class 'decimal.ConversionSyntax'>]
2025-08-06 11:14:40,023 - ERROR - Failed to parse number 'ای': [<class 'decimal.ConversionSyntax'>]
2025-08-06 11:14:40,023 - INFO - No amount-unit match found in text: خاک تربت شیشه ای
2025-08-06 11:14:41,482 - DEBUG - UnitExtractor initialized with 85 unit mappings and 3 package patterns
2025-08-06 11:14:41,482 - DEBUG - Extracted 2 لیتری -> 2.0 kg
2025-08-06 11:14:42,906 - DEBUG - UnitExtractor initialized with 85 unit mappings and 3 package patterns
2025-08-06 11:14:42,906 - ERROR - Failed to parse number 'خاک': [<class 'decimal.ConversionSyntax'>]
2025-08-06 11:14:42,906 - ERROR - Failed to parse number 'نسوز': [<class 'decimal.ConversionSyntax'>]
2025-08-06 11:14:42,906 - ERROR - Failed to parse number 'H9': [<class 'decimal.ConversionSyntax'>]
2025-08-06 11:14:42,906 - ERROR - Failed to parse number 'درجه': [<class 'decimal.ConversionSyntax'>]
2025-08-06 11:14:42,906 - ERROR - Failed to parse number 'بالا': [<class 'decimal.ConversionSyntax'>]
2025-08-06 11:14:42,906 - INFO - No amount-unit match found in text: خاک نسوز H9 درجه بالا
2025-08-06 11:14:44,332 - DEBUG - UnitExtractor initialized with 85 unit mappings and 3 package patterns
2025-08-06 11:14:44,332 - ERROR - Failed to parse number 'خاک': [<class 'decimal.ConversionSyntax'>]
2025-08-06 11:14:44,332 - ERROR - Failed to parse number 'ژله': [<class 'decimal.ConversionSyntax'>]
2025-08-06 11:14:44,332 - ERROR - Failed to parse number 'ای': [<class 'decimal.ConversionSyntax'>]
2025-08-06 11:14:44,332 - ERROR - Failed to parse number 'رنگی': [<class 'decimal.ConversionSyntax'>]
2025-08-06 11:14:44,332 - ERROR - Failed to parse number 'بسته': [<class 'decimal.ConversionSyntax'>]
2025-08-06 11:14:44,332 - ERROR - Failed to parse number 'ی': [<class 'decimal.ConversionSyntax'>]
2025-08-06 11:14:44,332 - ERROR - Failed to parse number 'عددی': [<class 'decimal.ConversionSyntax'>]
2025-08-06 11:14:44,332 - ERROR - Failed to parse number 'بسیار': [<class 'decimal.ConversionSyntax'>]
2025-08-06 11:14:44,332 - ERROR - Failed to parse number 'مرغوب': [<class 'decimal.ConversionSyntax'>]
2025-08-06 11:14:44,332 - INFO - No amount-unit match found in text: خاک ژله ای رنگی بسته ی 24 عددی بسیار مرغوب
2025-08-06 11:14:45,697 - DEBUG - UnitExtractor initialized with 85 unit mappings and 3 package patterns
2025-08-06 11:14:45,698 - DEBUG - Extracted 150 گرم -> 0.150 kg
2025-08-06 11:14:47,047 - DEBUG - UnitExtractor initialized with 85 unit mappings and 3 package patterns
2025-08-06 11:14:47,047 - ERROR - Failed to parse number 'خاک': [<class 'decimal.ConversionSyntax'>]
2025-08-06 11:14:47,047 - ERROR - Failed to parse number 'پوکه': [<class 'decimal.ConversionSyntax'>]
2025-08-06 11:14:47,047 - ERROR - Failed to parse number 'درشت': [<class 'decimal.ConversionSyntax'>]
2025-08-06 11:14:47,047 - INFO - No amount-unit match found in text: خاک پوکه درشت
2025-08-06 11:14:48,440 - DEBUG - UnitExtractor initialized with 85 unit mappings and 3 package patterns
2025-08-06 11:14:48,440 - ERROR - Failed to parse number 'خاک': [<class 'decimal.ConversionSyntax'>]
2025-08-06 11:14:48,440 - ERROR - Failed to parse number 'مخصوص': [<class 'decimal.ConversionSyntax'>]
2025-08-06 11:14:48,440 - ERROR - Failed to parse number 'سانسوریا': [<class 'decimal.ConversionSyntax'>]
2025-08-06 11:14:48,440 - ERROR - Failed to parse number 'و': [<class 'decimal.ConversionSyntax'>]
2025-08-06 11:14:48,440 - ERROR - Failed to parse number 'زاموفیلیا': [<class 'decimal.ConversionSyntax'>]
2025-08-06 11:14:48,440 - ERROR - Failed to parse number 'استریل': [<class 'decimal.ConversionSyntax'>]
2025-08-06 11:14:48,440 - INFO - No amount-unit match found in text: خاک مخصوص سانسوریا و زاموفیلیا استریل
2025-08-06 11:14:49,825 - DEBUG - UnitExtractor initialized with 85 unit mappings and 3 package patterns
2025-08-06 11:14:49,825 - DEBUG - Extracted 2 لیتری -> 2.0 kg
2025-08-06 11:14:51,258 - DEBUG - UnitExtractor initialized with 85 unit mappings and 3 package patterns
2025-08-06 11:14:51,258 - DEBUG - Extracted 5 لیتر -> 5.0 kg
2025-08-06 11:14:52,691 - DEBUG - UnitExtractor initialized with 85 unit mappings and 3 package patterns
2025-08-06 11:14:52,691 - DEBUG - Extracted 40 گرمی -> 0.040 kg
2025-08-06 11:14:54,051 - DEBUG - UnitExtractor initialized with 85 unit mappings and 3 package patterns
2025-08-06 11:14:54,051 - ERROR - Failed to parse number 'خاکشیر': [<class 'decimal.ConversionSyntax'>]
2025-08-06 11:14:54,051 - ERROR - Failed to parse number 'ارگانیک': [<class 'decimal.ConversionSyntax'>]
2025-08-06 11:14:54,051 - ERROR - Failed to parse number 'اعلا': [<class 'decimal.ConversionSyntax'>]
2025-08-06 11:14:54,051 - ERROR - Failed to parse number 'تمیز': [<class 'decimal.ConversionSyntax'>]
2025-08-06 11:14:54,051 - ERROR - Failed to parse number 'و': [<class 'decimal.ConversionSyntax'>]
2025-08-06 11:14:54,051 - ERROR - Failed to parse number 'بدون': [<class 'decimal.ConversionSyntax'>]
2025-08-06 11:14:54,051 - ERROR - Failed to parse number 'خاک': [<class 'decimal.ConversionSyntax'>]
2025-08-06 11:14:54,051 - INFO - No amount-unit match found in text: خاکشیر ارگانیک اعلا تمیز و بدون خاک
2025-08-06 11:14:55,425 - DEBUG - UnitExtractor initialized with 85 unit mappings and 3 package patterns
2025-08-06 11:14:55,425 - DEBUG - Extracted 3 لیتری -> 3.0 kg
2025-08-06 11:14:56,862 - DEBUG - UnitExtractor initialized with 85 unit mappings and 3 package patterns
2025-08-06 11:14:56,863 - DEBUG - Extracted 3 لیتری -> 3.0 kg
2025-08-06 11:14:58,300 - DEBUG - UnitExtractor initialized with 85 unit mappings and 3 package patterns
2025-08-06 11:14:58,300 - DEBUG - Extracted 5 لیتری -> 5.0 kg
2025-08-06 11:14:59,784 - DEBUG - UnitExtractor initialized with 85 unit mappings and 3 package patterns
2025-08-06 11:14:59,784 - DEBUG - Extracted 8 لیتری -> 8.0 kg
2025-08-06 11:15:01,313 - DEBUG - UnitExtractor initialized with 85 unit mappings and 3 package patterns
2025-08-06 11:15:01,313 - DEBUG - Extracted 3 لیتری -> 3.0 kg
2025-08-06 11:15:02,783 - DEBUG - UnitExtractor initialized with 85 unit mappings and 3 package patterns
2025-08-06 11:15:02,783 - ERROR - Failed to parse number 'خاک': [<class 'decimal.ConversionSyntax'>]
2025-08-06 11:15:02,783 - ERROR - Failed to parse number 'اره': [<class 'decimal.ConversionSyntax'>]
2025-08-06 11:15:02,783 - ERROR - Failed to parse number 'نجاری': [<class 'decimal.ConversionSyntax'>]
2025-08-06 11:15:02,783 - INFO - No amount-unit match found in text: خاک اره نجاری
2025-08-06 11:15:04,199 - DEBUG - UnitExtractor initialized with 85 unit mappings and 3 package patterns
2025-08-06 11:15:04,199 - DEBUG - Extracted 5 لیتری -> 5.0 kg
2025-08-06 11:15:05,656 - DEBUG - UnitExtractor initialized with 85 unit mappings and 3 package patterns
2025-08-06 11:15:05,656 - ERROR - Failed to parse number 'خاک': [<class 'decimal.ConversionSyntax'>]
2025-08-06 11:15:05,656 - ERROR - Failed to parse number 'وکود': [<class 'decimal.ConversionSyntax'>]
2025-08-06 11:15:05,656 - ERROR - Failed to parse number 'آماده': [<class 'decimal.ConversionSyntax'>]
2025-08-06 11:15:05,656 - ERROR - Failed to parse number 'خاک': [<class 'decimal.ConversionSyntax'>]
2025-08-06 11:15:05,656 - ERROR - Failed to parse number 'برگوکمپوست': [<class 'decimal.ConversionSyntax'>]
2025-08-06 11:15:05,656 - ERROR - Failed to parse number 'وپرلیت': [<class 'decimal.ConversionSyntax'>]
2025-08-06 11:15:05,656 - ERROR - Failed to parse number 'ترکیبی': [<class 'decimal.ConversionSyntax'>]
2025-08-06 11:15:05,656 - ERROR - Failed to parse number 'عالی': [<class 'decimal.ConversionSyntax'>]
2025-08-06 11:15:05,656 - INFO - No amount-unit match found in text: خاک وکود آماده خاک برگوکمپوست وپرلیت ترکیبی عالی
2025-08-06 11:15:07,045 - DEBUG - UnitExtractor initialized with 85 unit mappings and 3 package patterns
2025-08-06 11:15:07,046 - ERROR - Failed to parse number 'خاک': [<class 'decimal.ConversionSyntax'>]
2025-08-06 11:15:07,046 - ERROR - Failed to parse number 'ژله': [<class 'decimal.ConversionSyntax'>]
2025-08-06 11:15:07,046 - ERROR - Failed to parse number 'ای': [<class 'decimal.ConversionSyntax'>]
2025-08-06 11:15:07,046 - INFO - No amount-unit match found in text: خاک ژله ای
2025-08-06 11:15:08,433 - DEBUG - UnitExtractor initialized with 85 unit mappings and 3 package patterns
2025-08-06 11:15:08,433 - ERROR - Failed to parse number 'خاک': [<class 'decimal.ConversionSyntax'>]
2025-08-06 11:15:08,434 - ERROR - Failed to parse number 'هلندی': [<class 'decimal.ConversionSyntax'>]
2025-08-06 11:15:08,434 - ERROR - Failed to parse number 'پارتاک': [<class 'decimal.ConversionSyntax'>]
2025-08-06 11:15:08,434 - INFO - No amount-unit match found in text: خاک هلندی پارتاک
2025-08-06 11:15:09,819 - DEBUG - UnitExtractor initialized with 85 unit mappings and 3 package patterns
2025-08-06 11:15:09,820 - DEBUG - Extracted 25 کیلویی -> 25.0 kg
2025-08-06 11:15:11,450 - DEBUG - UnitExtractor initialized with 85 unit mappings and 3 package patterns
2025-08-06 11:15:11,451 - DEBUG - Extracted 8 لیتر -> 8.0 kg
2025-08-06 11:15:12,861 - DEBUG - UnitExtractor initialized with 85 unit mappings and 3 package patterns
2025-08-06 11:15:12,862 - ERROR - Failed to parse number 'خاک': [<class 'decimal.ConversionSyntax'>]
2025-08-06 11:15:12,862 - ERROR - Failed to parse number 'کامل': [<class 'decimal.ConversionSyntax'>]
2025-08-06 11:15:12,862 - ERROR - Failed to parse number 'گلدان': [<class 'decimal.ConversionSyntax'>]
2025-08-06 11:15:12,862 - ERROR - Failed to parse number 'گیاهان': [<class 'decimal.ConversionSyntax'>]
2025-08-06 11:15:12,862 - ERROR - Failed to parse number 'آپارتمانی': [<class 'decimal.ConversionSyntax'>]
2025-08-06 11:15:12,862 - INFO - No amount-unit match found in text: خاک کامل گلدان گیاهان آپارتمانی
2025-08-06 11:15:14,285 - DEBUG - UnitExtractor initialized with 85 unit mappings and 3 package patterns
2025-08-06 11:15:14,285 - DEBUG - Extracted 200 گرمی -> 0.200 kg
2025-08-06 11:15:15,676 - DEBUG - UnitExtractor initialized with 85 unit mappings and 3 package patterns
2025-08-06 11:15:15,676 - ERROR - Failed to parse number 'خاک': [<class 'decimal.ConversionSyntax'>]
2025-08-06 11:15:15,676 - ERROR - Failed to parse number 'ژله': [<class 'decimal.ConversionSyntax'>]
2025-08-06 11:15:15,676 - ERROR - Failed to parse number 'ای': [<class 'decimal.ConversionSyntax'>]
2025-08-06 11:15:15,676 - ERROR - Failed to parse number 'رنگی': [<class 'decimal.ConversionSyntax'>]
2025-08-06 11:15:15,676 - INFO - No amount-unit match found in text: خاک ژله ای رنگی
2025-08-06 11:15:17,076 - DEBUG - UnitExtractor initialized with 85 unit mappings and 3 package patterns
2025-08-06 11:15:17,077 - ERROR - Failed to parse number 'خاک': [<class 'decimal.ConversionSyntax'>]
2025-08-06 11:15:17,077 - ERROR - Failed to parse number 'دیاتومه': [<class 'decimal.ConversionSyntax'>]
2025-08-06 11:15:17,077 - ERROR - Failed to parse number 'آرایشی': [<class 'decimal.ConversionSyntax'>]
2025-08-06 11:15:17,077 - ERROR - Failed to parse number 'بسته': [<class 'decimal.ConversionSyntax'>]
2025-08-06 11:15:17,077 - ERROR - Failed to parse number 'بندی': [<class 'decimal.ConversionSyntax'>]
2025-08-06 11:15:17,077 - ERROR - Failed to parse number 'یک': [<class 'decimal.ConversionSyntax'>]
2025-08-06 11:15:17,077 - ERROR - Failed to parse number 'کیلویی': [<class 'decimal.ConversionSyntax'>]
2025-08-06 11:15:17,077 - INFO - No amount-unit match found in text: خاک دیاتومه آرایشی بسته بندی یک کیلویی
2025-08-06 11:15:18,461 - DEBUG - UnitExtractor initialized with 85 unit mappings and 3 package patterns
2025-08-06 11:15:18,461 - DEBUG - Extracted 3 گرمی -> 0.003 kg
2025-08-06 11:15:19,833 - DEBUG - UnitExtractor initialized with 85 unit mappings and 3 package patterns
2025-08-06 11:15:19,833 - ERROR - Failed to parse number 'خاک': [<class 'decimal.ConversionSyntax'>]
2025-08-06 11:15:19,833 - ERROR - Failed to parse number 'انداز': [<class 'decimal.ConversionSyntax'>]
2025-08-06 11:15:19,833 - INFO - No amount-unit match found in text: خاک انداز
2025-08-06 11:15:21,215 - DEBUG - UnitExtractor initialized with 85 unit mappings and 3 package patterns
2025-08-06 11:15:21,216 - DEBUG - Extracted 6 لیتری -> 6.0 kg
2025-08-06 11:15:22,620 - DEBUG - UnitExtractor initialized with 85 unit mappings and 3 package patterns
2025-08-06 11:15:22,620 - DEBUG - Extracted 3 لیتری -> 3.0 kg
2025-08-06 11:15:23,991 - DEBUG - UnitExtractor initialized with 85 unit mappings and 3 package patterns
2025-08-06 11:15:23,991 - DEBUG - Extracted 30 لیتری -> 30.0 kg
2025-08-06 11:15:25,326 - DEBUG - UnitExtractor initialized with 85 unit mappings and 3 package patterns
2025-08-06 11:15:25,326 - ERROR - Failed to parse number 'خاک': [<class 'decimal.ConversionSyntax'>]
2025-08-06 11:15:25,326 - ERROR - Failed to parse number 'ژله': [<class 'decimal.ConversionSyntax'>]
2025-08-06 11:15:25,326 - ERROR - Failed to parse number 'ای': [<class 'decimal.ConversionSyntax'>]
2025-08-06 11:15:25,326 - ERROR - Failed to parse number 'رنگی': [<class 'decimal.ConversionSyntax'>]
2025-08-06 11:15:25,326 - ERROR - Failed to parse number 'مدل': [<class 'decimal.ConversionSyntax'>]
2025-08-06 11:15:25,326 - ERROR - Failed to parse number 'Seven': [<class 'decimal.ConversionSyntax'>]
2025-08-06 11:15:25,326 - ERROR - Failed to parse number 'Color،مناسب': [<class 'decimal.ConversionSyntax'>]
2025-08-06 11:15:25,326 - ERROR - Failed to parse number 'برای': [<class 'decimal.ConversionSyntax'>]
2025-08-06 11:15:25,326 - ERROR - Failed to parse number 'سبزه،گلها،گلدان': [<class 'decimal.ConversionSyntax'>]
2025-08-06 11:15:25,326 - ERROR - Failed to parse number 'آکواریوم،تنگ': [<class 'decimal.ConversionSyntax'>]
2025-08-06 11:15:25,326 - ERROR - Failed to parse number 'آب': [<class 'decimal.ConversionSyntax'>]
2025-08-06 11:15:25,326 - ERROR - Failed to parse number 'و...': [<class 'decimal.ConversionSyntax'>]
2025-08-06 11:15:25,326 - ERROR - Failed to parse number '(ورق': [<class 'decimal.ConversionSyntax'>]
2025-08-06 11:15:25,326 - ERROR - Failed to parse number 'عددی)': [<class 'decimal.ConversionSyntax'>]
2025-08-06 11:15:25,326 - INFO - No amount-unit match found in text: خاک ژله ای رنگی مدل Seven Color،مناسب برای سبزه،گلها،گلدان آکواریوم،تنگ آب و... (ورق 20 عددی)
2025-08-06 11:15:26,743 - DEBUG - UnitExtractor initialized with 85 unit mappings and 3 package patterns
2025-08-06 11:15:26,743 - ERROR - Failed to parse number 'خاک': [<class 'decimal.ConversionSyntax'>]
2025-08-06 11:15:26,743 - ERROR - Failed to parse number 'رس': [<class 'decimal.ConversionSyntax'>]
2025-08-06 11:15:26,743 - ERROR - Failed to parse number 'سفالگری': [<class 'decimal.ConversionSyntax'>]
2025-08-06 11:15:26,743 - ERROR - Failed to parse number 'فیروزه': [<class 'decimal.ConversionSyntax'>]
2025-08-06 11:15:26,743 - ERROR - Failed to parse number 'کد': [<class 'decimal.ConversionSyntax'>]
2025-08-06 11:15:26,743 - INFO - No amount-unit match found in text: خاک رس سفالگری فیروزه کد 500
2025-08-06 11:15:28,110 - DEBUG - UnitExtractor initialized with 85 unit mappings and 3 package patterns
2025-08-06 11:15:28,110 - ERROR - Failed to parse number 'خاک': [<class 'decimal.ConversionSyntax'>]
2025-08-06 11:15:28,110 - ERROR - Failed to parse number 'ژله': [<class 'decimal.ConversionSyntax'>]
2025-08-06 11:15:28,110 - ERROR - Failed to parse number 'ای': [<class 'decimal.ConversionSyntax'>]
2025-08-06 11:15:28,110 - ERROR - Failed to parse number 'بی': [<class 'decimal.ConversionSyntax'>]
2025-08-06 11:15:28,110 - ERROR - Failed to parse number 'رنگ(خاک': [<class 'decimal.ConversionSyntax'>]
2025-08-06 11:15:28,110 - ERROR - Failed to parse number 'ژله': [<class 'decimal.ConversionSyntax'>]
2025-08-06 11:15:28,110 - ERROR - Failed to parse number 'ای': [<class 'decimal.ConversionSyntax'>]
2025-08-06 11:15:28,110 - ERROR - Failed to parse number 'سفید)': [<class 'decimal.ConversionSyntax'>]
2025-08-06 11:15:28,110 - INFO - No amount-unit match found in text: خاک ژله ای بی رنگ(خاک ژله ای سفید)
2025-08-06 11:15:29,463 - DEBUG - UnitExtractor initialized with 85 unit mappings and 3 package patterns
2025-08-06 11:15:29,463 - DEBUG - Extracted 75 لیتری -> 75.0 kg
2025-08-06 11:15:30,825 - DEBUG - UnitExtractor initialized with 85 unit mappings and 3 package patterns
2025-08-06 11:15:30,826 - ERROR - Failed to parse number 'خاک': [<class 'decimal.ConversionSyntax'>]
2025-08-06 11:15:30,826 - ERROR - Failed to parse number 'پیتماس': [<class 'decimal.ConversionSyntax'>]
2025-08-06 11:15:30,826 - ERROR - Failed to parse number 'دوکیلویی': [<class 'decimal.ConversionSyntax'>]
2025-08-06 11:15:30,826 - INFO - No amount-unit match found in text: خاک پیتماس دوکیلویی
2025-08-06 11:15:32,176 - DEBUG - UnitExtractor initialized with 85 unit mappings and 3 package patterns
2025-08-06 11:15:32,176 - DEBUG - Extracted 10 لیتری -> 10.0 kg
2025-08-06 11:15:33,527 - DEBUG - UnitExtractor initialized with 85 unit mappings and 3 package patterns
2025-08-06 11:15:33,527 - ERROR - Failed to parse number 'خاک': [<class 'decimal.ConversionSyntax'>]
2025-08-06 11:15:33,527 - ERROR - Failed to parse number 'بنفشه': [<class 'decimal.ConversionSyntax'>]
2025-08-06 11:15:33,527 - ERROR - Failed to parse number 'آفریقایی': [<class 'decimal.ConversionSyntax'>]
2025-08-06 11:15:33,527 - ERROR - Failed to parse number '(پس': [<class 'decimal.ConversionSyntax'>]
2025-08-06 11:15:33,527 - ERROR - Failed to parse number 'کرایه)': [<class 'decimal.ConversionSyntax'>]
2025-08-06 11:15:33,527 - INFO - No amount-unit match found in text: خاک بنفشه آفریقایی (پس کرایه)
2025-08-06 11:15:34,927 - DEBUG - UnitExtractor initialized with 85 unit mappings and 3 package patterns
2025-08-06 11:15:34,928 - ERROR - Failed to parse number 'خاک': [<class 'decimal.ConversionSyntax'>]
2025-08-06 11:15:34,928 - ERROR - Failed to parse number 'قلمه': [<class 'decimal.ConversionSyntax'>]
2025-08-06 11:15:34,928 - ERROR - Failed to parse number 'گیاهان': [<class 'decimal.ConversionSyntax'>]
2025-08-06 11:15:34,928 - ERROR - Failed to parse number 'آپارتمانی(کوکوپیت': [<class 'decimal.ConversionSyntax'>]
2025-08-06 11:15:34,928 - ERROR - Failed to parse number 'و': [<class 'decimal.ConversionSyntax'>]
2025-08-06 11:15:34,928 - ERROR - Failed to parse number 'پرلیت': [<class 'decimal.ConversionSyntax'>]
2025-08-06 11:15:34,928 - ERROR - Failed to parse number ')': [<class 'decimal.ConversionSyntax'>]
2025-08-06 11:15:34,928 - ERROR - Failed to parse number '(پس': [<class 'decimal.ConversionSyntax'>]
2025-08-06 11:15:34,928 - ERROR - Failed to parse number 'کرایه)': [<class 'decimal.ConversionSyntax'>]
2025-08-06 11:15:34,928 - INFO - No amount-unit match found in text: خاک قلمه گیاهان آپارتمانی(کوکوپیت و پرلیت ) (پس کرایه)
2025-08-06 11:15:36,323 - DEBUG - UnitExtractor initialized with 85 unit mappings and 3 package patterns
2025-08-06 11:15:36,323 - ERROR - Failed to parse number 'خاک': [<class 'decimal.ConversionSyntax'>]
2025-08-06 11:15:36,323 - ERROR - Failed to parse number 'کوکوچیپس': [<class 'decimal.ConversionSyntax'>]
2025-08-06 11:15:36,323 - ERROR - Failed to parse number 'بسته': [<class 'decimal.ConversionSyntax'>]
2025-08-06 11:15:36,323 - ERROR - Failed to parse number 'ی': [<class 'decimal.ConversionSyntax'>]
2025-08-06 11:15:36,323 - ERROR - Failed to parse number 'یک': [<class 'decimal.ConversionSyntax'>]
2025-08-06 11:15:36,323 - ERROR - Failed to parse number 'لیتری': [<class 'decimal.ConversionSyntax'>]
2025-08-06 11:15:36,324 - ERROR - Failed to parse number '(پس': [<class 'decimal.ConversionSyntax'>]
2025-08-06 11:15:36,324 - ERROR - Failed to parse number 'کرایه)': [<class 'decimal.ConversionSyntax'>]
2025-08-06 11:15:36,324 - INFO - No amount-unit match found in text: خاک کوکوچیپس بسته ی یک لیتری (پس کرایه)
2025-08-06 11:15:37,711 - DEBUG - UnitExtractor initialized with 85 unit mappings and 3 package patterns
2025-08-06 11:15:37,711 - ERROR - Failed to parse number 'خاک': [<class 'decimal.ConversionSyntax'>]
2025-08-06 11:15:37,711 - ERROR - Failed to parse number 'مخصوص': [<class 'decimal.ConversionSyntax'>]
2025-08-06 11:15:37,711 - ERROR - Failed to parse number 'گیاهان': [<class 'decimal.ConversionSyntax'>]
2025-08-06 11:15:37,711 - ERROR - Failed to parse number 'آپارتمانی': [<class 'decimal.ConversionSyntax'>]
2025-08-06 11:15:37,711 - ERROR - Failed to parse number 'کوکوپیت،': [<class 'decimal.ConversionSyntax'>]
2025-08-06 11:15:37,711 - ERROR - Failed to parse number 'پرلیت': [<class 'decimal.ConversionSyntax'>]
2025-08-06 11:15:37,711 - ERROR - Failed to parse number '،پیت': [<class 'decimal.ConversionSyntax'>]
2025-08-06 11:15:37,711 - ERROR - Failed to parse number 'ماس': [<class 'decimal.ConversionSyntax'>]
2025-08-06 11:15:37,711 - ERROR - Failed to parse number 'و..': [<class 'decimal.ConversionSyntax'>]
2025-08-06 11:15:37,711 - ERROR - Failed to parse number '(پس': [<class 'decimal.ConversionSyntax'>]
2025-08-06 11:15:37,711 - ERROR - Failed to parse number 'کرایه)': [<class 'decimal.ConversionSyntax'>]
2025-08-06 11:15:37,711 - INFO - No amount-unit match found in text: خاک مخصوص گیاهان آپارتمانی کوکوپیت، پرلیت ،پیت ماس و.. (پس کرایه)
2025-08-06 11:15:40,113 - DEBUG - UnitExtractor initialized with 85 unit mappings and 3 package patterns
2025-08-06 11:15:40,113 - ERROR - Failed to parse number 'خاک': [<class 'decimal.ConversionSyntax'>]
2025-08-06 11:15:40,113 - ERROR - Failed to parse number 'سانسوریا': [<class 'decimal.ConversionSyntax'>]
2025-08-06 11:15:40,113 - ERROR - Failed to parse number 'و': [<class 'decimal.ConversionSyntax'>]
2025-08-06 11:15:40,113 - ERROR - Failed to parse number 'زاموفیلیا': [<class 'decimal.ConversionSyntax'>]
2025-08-06 11:15:40,113 - ERROR - Failed to parse number '(': [<class 'decimal.ConversionSyntax'>]
2025-08-06 11:15:40,113 - ERROR - Failed to parse number 'حرفه': [<class 'decimal.ConversionSyntax'>]
2025-08-06 11:15:40,113 - ERROR - Failed to parse number 'ای': [<class 'decimal.ConversionSyntax'>]
2025-08-06 11:15:40,113 - ERROR - Failed to parse number ')': [<class 'decimal.ConversionSyntax'>]
2025-08-06 11:15:40,114 - ERROR - Failed to parse number '(پس': [<class 'decimal.ConversionSyntax'>]
2025-08-06 11:15:40,114 - ERROR - Failed to parse number 'کرایه)': [<class 'decimal.ConversionSyntax'>]
2025-08-06 11:15:40,114 - INFO - No amount-unit match found in text: خاک سانسوریا و زاموفیلیا ( حرفه ای ) (پس کرایه)
2025-08-06 11:15:41,562 - DEBUG - UnitExtractor initialized with 85 unit mappings and 3 package patterns
2025-08-06 11:15:41,563 - ERROR - Failed to parse number 'خاک': [<class 'decimal.ConversionSyntax'>]
2025-08-06 11:15:41,563 - ERROR - Failed to parse number 'پیت': [<class 'decimal.ConversionSyntax'>]
2025-08-06 11:15:41,563 - ERROR - Failed to parse number 'ماس': [<class 'decimal.ConversionSyntax'>]
2025-08-06 11:15:41,563 - ERROR - Failed to parse number 'کیفیت': [<class 'decimal.ConversionSyntax'>]
2025-08-06 11:15:41,563 - ERROR - Failed to parse number 'عالی': [<class 'decimal.ConversionSyntax'>]
2025-08-06 11:15:41,563 - ERROR - Failed to parse number '(پس': [<class 'decimal.ConversionSyntax'>]
2025-08-06 11:15:41,563 - ERROR - Failed to parse number 'کرایه)': [<class 'decimal.ConversionSyntax'>]
2025-08-06 11:15:41,563 - INFO - No amount-unit match found in text: خاک پیت ماس کیفیت عالی (پس کرایه)
2025-08-06 11:15:42,954 - DEBUG - UnitExtractor initialized with 85 unit mappings and 3 package patterns
2025-08-06 11:15:42,954 - ERROR - Failed to parse number 'خاک': [<class 'decimal.ConversionSyntax'>]
2025-08-06 11:15:42,955 - ERROR - Failed to parse number 'قلمه': [<class 'decimal.ConversionSyntax'>]
2025-08-06 11:15:42,955 - ERROR - Failed to parse number 'گیاهان': [<class 'decimal.ConversionSyntax'>]
2025-08-06 11:15:42,955 - ERROR - Failed to parse number 'آپارتمانی': [<class 'decimal.ConversionSyntax'>]
2025-08-06 11:15:42,955 - ERROR - Failed to parse number '(پس': [<class 'decimal.ConversionSyntax'>]
2025-08-06 11:15:42,955 - ERROR - Failed to parse number 'کرایه)': [<class 'decimal.ConversionSyntax'>]
2025-08-06 11:15:42,955 - INFO - No amount-unit match found in text: خاک قلمه گیاهان آپارتمانی (پس کرایه)
2025-08-06 11:15:44,356 - DEBUG - UnitExtractor initialized with 85 unit mappings and 3 package patterns
2025-08-06 11:15:44,357 - ERROR - Failed to parse number 'خاک': [<class 'decimal.ConversionSyntax'>]
2025-08-06 11:15:44,357 - ERROR - Failed to parse number 'ژله': [<class 'decimal.ConversionSyntax'>]
2025-08-06 11:15:44,357 - ERROR - Failed to parse number 'ای': [<class 'decimal.ConversionSyntax'>]
2025-08-06 11:15:44,357 - ERROR - Failed to parse number 'بسته': [<class 'decimal.ConversionSyntax'>]
2025-08-06 11:15:44,357 - ERROR - Failed to parse number '20تایی': [<class 'decimal.ConversionSyntax'>]
2025-08-06 11:15:44,357 - INFO - No amount-unit match found in text: خاک ژله ای بسته 20تایی
2025-08-06 11:15:45,746 - DEBUG - UnitExtractor initialized with 85 unit mappings and 3 package patterns
2025-08-06 11:15:45,747 - ERROR - Failed to parse number 'خاک': [<class 'decimal.ConversionSyntax'>]
2025-08-06 11:15:45,747 - ERROR - Failed to parse number 'ژله': [<class 'decimal.ConversionSyntax'>]
2025-08-06 11:15:45,747 - ERROR - Failed to parse number 'ای': [<class 'decimal.ConversionSyntax'>]
2025-08-06 11:15:45,747 - ERROR - Failed to parse number 'بسته': [<class 'decimal.ConversionSyntax'>]
2025-08-06 11:15:45,747 - ERROR - Failed to parse number 'چهار': [<class 'decimal.ConversionSyntax'>]
2025-08-06 11:15:45,747 - ERROR - Failed to parse number 'عددی': [<class 'decimal.ConversionSyntax'>]
2025-08-06 11:15:45,747 - ERROR - Failed to parse number 'مناسب': [<class 'decimal.ConversionSyntax'>]
2025-08-06 11:15:45,747 - ERROR - Failed to parse number 'ترین': [<class 'decimal.ConversionSyntax'>]
2025-08-06 11:15:45,747 - ERROR - Failed to parse number 'خاک': [<class 'decimal.ConversionSyntax'>]
2025-08-06 11:15:45,747 - ERROR - Failed to parse number 'برای': [<class 'decimal.ConversionSyntax'>]
2025-08-06 11:15:45,747 - ERROR - Failed to parse number 'گلدان': [<class 'decimal.ConversionSyntax'>]
2025-08-06 11:15:45,747 - ERROR - Failed to parse number 'و': [<class 'decimal.ConversionSyntax'>]
2025-08-06 11:15:45,747 - ERROR - Failed to parse number 'کاشت': [<class 'decimal.ConversionSyntax'>]
2025-08-06 11:15:45,747 - ERROR - Failed to parse number 'سبزه': [<class 'decimal.ConversionSyntax'>]
2025-08-06 11:15:45,747 - INFO - No amount-unit match found in text: خاک ژله ای بسته چهار عددی مناسب ترین خاک برای گلدان و کاشت سبزه
2025-08-06 11:15:47,139 - DEBUG - UnitExtractor initialized with 85 unit mappings and 3 package patterns
2025-08-06 11:15:47,139 - DEBUG - Extracted 10 لیتری -> 10.0 kg
2025-08-06 11:15:48,567 - DEBUG - UnitExtractor initialized with 85 unit mappings and 3 package patterns
2025-08-06 11:15:48,567 - DEBUG - Extracted 5 کیلوگرم -> 5.0 kg
2025-08-06 11:15:49,960 - DEBUG - UnitExtractor initialized with 85 unit mappings and 3 package patterns
2025-08-06 11:15:49,960 - ERROR - Failed to parse number 'خاک': [<class 'decimal.ConversionSyntax'>]
2025-08-06 11:15:49,960 - ERROR - Failed to parse number 'انداز': [<class 'decimal.ConversionSyntax'>]
2025-08-06 11:15:49,960 - ERROR - Failed to parse number 'دورنگ': [<class 'decimal.ConversionSyntax'>]
2025-08-06 11:15:49,960 - ERROR - Failed to parse number 'متوسط': [<class 'decimal.ConversionSyntax'>]
2025-08-06 11:15:49,960 - ERROR - Failed to parse number 'طاها': [<class 'decimal.ConversionSyntax'>]
2025-08-06 11:15:49,960 - ERROR - Failed to parse number 'پلاستیک': [<class 'decimal.ConversionSyntax'>]
2025-08-06 11:15:49,960 - ERROR - Failed to parse number 'در': [<class 'decimal.ConversionSyntax'>]
2025-08-06 11:15:49,960 - ERROR - Failed to parse number 'خانه': [<class 'decimal.ConversionSyntax'>]
2025-08-06 11:15:49,960 - ERROR - Failed to parse number 'مدرن': [<class 'decimal.ConversionSyntax'>]
2025-08-06 11:15:49,960 - INFO - No amount-unit match found in text: خاک انداز دورنگ متوسط طاها پلاستیک در خانه مدرن
2025-08-06 11:15:51,346 - DEBUG - UnitExtractor initialized with 85 unit mappings and 3 package patterns
2025-08-06 11:15:51,346 - ERROR - Failed to parse number 'خاک': [<class 'decimal.ConversionSyntax'>]
2025-08-06 11:15:51,346 - ERROR - Failed to parse number 'گلدان': [<class 'decimal.ConversionSyntax'>]
2025-08-06 11:15:51,346 - INFO - No amount-unit match found in text: خاک گلدان
2025-08-06 11:15:52,791 - DEBUG - UnitExtractor initialized with 85 unit mappings and 3 package patterns
2025-08-06 11:15:52,791 - ERROR - Failed to parse number 'خاک': [<class 'decimal.ConversionSyntax'>]
2025-08-06 11:15:52,791 - ERROR - Failed to parse number 'گلدان': [<class 'decimal.ConversionSyntax'>]
2025-08-06 11:15:52,791 - ERROR - Failed to parse number 'هلندی': [<class 'decimal.ConversionSyntax'>]
2025-08-06 11:15:52,791 - ERROR - Failed to parse number 'مخصوص': [<class 'decimal.ConversionSyntax'>]
2025-08-06 11:15:52,791 - ERROR - Failed to parse number 'گیاهان': [<class 'decimal.ConversionSyntax'>]
2025-08-06 11:15:52,791 - ERROR - Failed to parse number 'آپارتمانی+هدیه': [<class 'decimal.ConversionSyntax'>]
2025-08-06 11:15:52,791 - INFO - No amount-unit match found in text: خاک گلدان هلندی مخصوص گیاهان آپارتمانی+هدیه
2025-08-06 11:15:54,157 - DEBUG - UnitExtractor initialized with 85 unit mappings and 3 package patterns
2025-08-06 11:15:54,157 - DEBUG - Package extracted 3 units -> 0.012 kg
2025-08-06 11:15:55,541 - DEBUG - UnitExtractor initialized with 85 unit mappings and 3 package patterns
2025-08-06 11:15:55,542 - DEBUG - Extracted 360 گرم -> 0.360 kg
2025-08-06 11:15:56,931 - DEBUG - UnitExtractor initialized with 85 unit mappings and 3 package patterns
2025-08-06 11:15:56,931 - DEBUG - Extracted 10 کیلویی -> 10.0 kg
2025-08-06 11:15:58,291 - DEBUG - UnitExtractor initialized with 85 unit mappings and 3 package patterns
2025-08-06 11:15:58,291 - ERROR - Failed to parse number 'خاک': [<class 'decimal.ConversionSyntax'>]
2025-08-06 11:15:58,291 - ERROR - Failed to parse number 'برگ': [<class 'decimal.ConversionSyntax'>]
2025-08-06 11:15:58,291 - ERROR - Failed to parse number 'کیسه': [<class 'decimal.ConversionSyntax'>]
2025-08-06 11:15:58,291 - ERROR - Failed to parse number 'ای': [<class 'decimal.ConversionSyntax'>]
2025-08-06 11:15:58,291 - INFO - No amount-unit match found in text: خاک برگ کیسه ای
2025-08-06 11:15:59,638 - DEBUG - UnitExtractor initialized with 85 unit mappings and 3 package patterns
2025-08-06 11:15:59,638 - DEBUG - Extracted 200 گرم -> 0.200 kg
2025-08-06 11:16:00,992 - DEBUG - UnitExtractor initialized with 85 unit mappings and 3 package patterns
2025-08-06 11:16:00,992 - ERROR - Failed to parse number 'خاک': [<class 'decimal.ConversionSyntax'>]
2025-08-06 11:16:00,992 - ERROR - Failed to parse number 'انحصاری': [<class 'decimal.ConversionSyntax'>]
2025-08-06 11:16:00,992 - ERROR - Failed to parse number 'تقویتی': [<class 'decimal.ConversionSyntax'>]
2025-08-06 11:16:00,992 - ERROR - Failed to parse number 'انواع': [<class 'decimal.ConversionSyntax'>]
2025-08-06 11:16:00,992 - ERROR - Failed to parse number 'گل': [<class 'decimal.ConversionSyntax'>]
2025-08-06 11:16:00,992 - ERROR - Failed to parse number 'و': [<class 'decimal.ConversionSyntax'>]
2025-08-06 11:16:00,992 - ERROR - Failed to parse number 'مزارع': [<class 'decimal.ConversionSyntax'>]
2025-08-06 11:16:00,992 - ERROR - Failed to parse number 'و': [<class 'decimal.ConversionSyntax'>]
2025-08-06 11:16:00,992 - ERROR - Failed to parse number 'حلزون': [<class 'decimal.ConversionSyntax'>]
2025-08-06 11:16:00,992 - ERROR - Failed to parse number 'طبی': [<class 'decimal.ConversionSyntax'>]
2025-08-06 11:16:00,992 - INFO - No amount-unit match found in text: خاک انحصاری تقویتی انواع گل و مزارع و حلزون طبی
2025-08-06 11:16:02,355 - DEBUG - UnitExtractor initialized with 85 unit mappings and 3 package patterns
2025-08-06 11:16:02,355 - DEBUG - Extracted 1 KG -> 1.0 kg
2025-08-06 11:16:03,741 - DEBUG - UnitExtractor initialized with 85 unit mappings and 3 package patterns
2025-08-06 11:16:03,741 - ERROR - Failed to parse number 'خاک': [<class 'decimal.ConversionSyntax'>]
2025-08-06 11:16:03,741 - ERROR - Failed to parse number 'رس': [<class 'decimal.ConversionSyntax'>]
2025-08-06 11:16:03,741 - ERROR - Failed to parse number 'بنتونیت': [<class 'decimal.ConversionSyntax'>]
2025-08-06 11:16:03,741 - ERROR - Failed to parse number 'گوهر': [<class 'decimal.ConversionSyntax'>]
2025-08-06 11:16:03,741 - ERROR - Failed to parse number 'سبز': [<class 'decimal.ConversionSyntax'>]
2025-08-06 11:16:03,741 - INFO - No amount-unit match found in text: خاک رس بنتونیت گوهر سبز
2025-08-06 11:16:05,127 - DEBUG - UnitExtractor initialized with 85 unit mappings and 3 package patterns
2025-08-06 11:16:05,127 - DEBUG - Extracted 20 لیتری -> 20.0 kg
2025-08-06 11:16:06,527 - DEBUG - UnitExtractor initialized with 85 unit mappings and 3 package patterns
2025-08-06 11:16:06,528 - DEBUG - Extracted 10 لیتری -> 10.0 kg
2025-08-06 11:16:07,906 - DEBUG - UnitExtractor initialized with 85 unit mappings and 3 package patterns
2025-08-06 11:16:07,906 - DEBUG - Extracted 500 کیلوگرم -> 500.0 kg
2025-08-06 11:16:09,263 - DEBUG - UnitExtractor initialized with 85 unit mappings and 3 package patterns
2025-08-06 11:16:09,263 - DEBUG - Extracted 10 لیتری -> 10.0 kg
2025-08-06 11:16:10,669 - DEBUG - UnitExtractor initialized with 85 unit mappings and 3 package patterns
2025-08-06 11:16:10,669 - DEBUG - Extracted 20 لیتری -> 20.0 kg
2025-08-06 11:16:12,014 - DEBUG - UnitExtractor initialized with 85 unit mappings and 3 package patterns
2025-08-06 11:16:12,014 - DEBUG - Extracted 20 لیتری -> 20.0 kg
2025-08-06 11:16:13,365 - DEBUG - UnitExtractor initialized with 85 unit mappings and 3 package patterns
2025-08-06 11:16:13,365 - DEBUG - Extracted 2 کیلویی -> 2.0 kg
2025-08-06 11:16:14,761 - DEBUG - UnitExtractor initialized with 85 unit mappings and 3 package patterns
2025-08-06 11:16:14,762 - DEBUG - Extracted 2 لیتری -> 2.0 kg
2025-08-06 11:16:16,141 - DEBUG - UnitExtractor initialized with 85 unit mappings and 3 package patterns
2025-08-06 11:16:16,141 - DEBUG - Extracted 25 لیتری -> 25.0 kg
2025-08-06 11:16:17,548 - DEBUG - UnitExtractor initialized with 85 unit mappings and 3 package patterns
2025-08-06 11:16:17,548 - DEBUG - Extracted 7 لیتری -> 7.0 kg
2025-08-06 11:16:19,076 - DEBUG - UnitExtractor initialized with 85 unit mappings and 3 package patterns
2025-08-06 11:16:19,076 - ERROR - Failed to parse number 'خاک': [<class 'decimal.ConversionSyntax'>]
2025-08-06 11:16:19,076 - ERROR - Failed to parse number 'ژله': [<class 'decimal.ConversionSyntax'>]
2025-08-06 11:16:19,076 - ERROR - Failed to parse number 'ای': [<class 'decimal.ConversionSyntax'>]
2025-08-06 11:16:19,076 - ERROR - Failed to parse number 'رنگی': [<class 'decimal.ConversionSyntax'>]
2025-08-06 11:16:19,076 - ERROR - Failed to parse number 'عددی': [<class 'decimal.ConversionSyntax'>]
2025-08-06 11:16:19,076 - INFO - No amount-unit match found in text: خاک ژله ای رنگی 30 عددی
2025-08-06 11:16:20,468 - DEBUG - UnitExtractor initialized with 85 unit mappings and 3 package patterns
2025-08-06 11:16:20,468 - ERROR - Failed to parse number 'خاک': [<class 'decimal.ConversionSyntax'>]
2025-08-06 11:16:20,468 - ERROR - Failed to parse number 'مخصوص': [<class 'decimal.ConversionSyntax'>]
2025-08-06 11:16:20,468 - ERROR - Failed to parse number 'بنفشه': [<class 'decimal.ConversionSyntax'>]
2025-08-06 11:16:20,468 - ERROR - Failed to parse number 'آفریقایی': [<class 'decimal.ConversionSyntax'>]
2025-08-06 11:16:20,468 - ERROR - Failed to parse number 'کیفیت': [<class 'decimal.ConversionSyntax'>]
2025-08-06 11:16:20,468 - ERROR - Failed to parse number 'عالی': [<class 'decimal.ConversionSyntax'>]
2025-08-06 11:16:20,468 - ERROR - Failed to parse number '(پس': [<class 'decimal.ConversionSyntax'>]
2025-08-06 11:16:20,468 - ERROR - Failed to parse number 'کرایه)': [<class 'decimal.ConversionSyntax'>]
2025-08-06 11:16:20,468 - INFO - No amount-unit match found in text: خاک مخصوص بنفشه آفریقایی کیفیت عالی (پس کرایه)
2025-08-06 11:16:21,864 - DEBUG - UnitExtractor initialized with 85 unit mappings and 3 package patterns
2025-08-06 11:16:21,864 - ERROR - Failed to parse number 'خاک': [<class 'decimal.ConversionSyntax'>]
2025-08-06 11:16:21,865 - ERROR - Failed to parse number 'مخصوص': [<class 'decimal.ConversionSyntax'>]
2025-08-06 11:16:21,865 - ERROR - Failed to parse number 'گیاهان': [<class 'decimal.ConversionSyntax'>]
2025-08-06 11:16:21,865 - ERROR - Failed to parse number 'اپارتمانی': [<class 'decimal.ConversionSyntax'>]
2025-08-06 11:16:21,865 - INFO - No amount-unit match found in text: خاک مخصوص گیاهان اپارتمانی
2025-08-06 11:16:23,276 - DEBUG - UnitExtractor initialized with 85 unit mappings and 3 package patterns
2025-08-06 11:16:23,276 - DEBUG - Extracted 10 لیتری -> 10.0 kg
2025-08-06 11:16:24,672 - DEBUG - UnitExtractor initialized with 85 unit mappings and 3 package patterns
2025-08-06 11:16:24,672 - ERROR - Failed to parse number 'خاک': [<class 'decimal.ConversionSyntax'>]
2025-08-06 11:16:24,672 - ERROR - Failed to parse number 'انداز': [<class 'decimal.ConversionSyntax'>]
2025-08-06 11:16:24,672 - ERROR - Failed to parse number 'حلبی': [<class 'decimal.ConversionSyntax'>]
2025-08-06 11:16:24,672 - ERROR - Failed to parse number 'کیفیت': [<class 'decimal.ConversionSyntax'>]
2025-08-06 11:16:24,672 - ERROR - Failed to parse number 'عالی': [<class 'decimal.ConversionSyntax'>]
2025-08-06 11:16:24,672 - INFO - No amount-unit match found in text: خاک انداز حلبی کیفیت عالی
2025-08-06 11:16:26,263 - DEBUG - UnitExtractor initialized with 85 unit mappings and 3 package patterns
2025-08-06 11:16:26,263 - ERROR - Failed to parse number 'خاک': [<class 'decimal.ConversionSyntax'>]
2025-08-06 11:16:26,263 - ERROR - Failed to parse number 'رس': [<class 'decimal.ConversionSyntax'>]
2025-08-06 11:16:26,263 - ERROR - Failed to parse number '(کیلویی)': [<class 'decimal.ConversionSyntax'>]
2025-08-06 11:16:26,263 - INFO - No amount-unit match found in text: خاک رس (کیلویی)
2025-08-06 11:16:27,678 - DEBUG - UnitExtractor initialized with 85 unit mappings and 3 package patterns
2025-08-06 11:16:27,678 - DEBUG - Extracted 25 لیتری -> 25.0 kg
2025-08-06 11:16:29,095 - DEBUG - UnitExtractor initialized with 85 unit mappings and 3 package patterns
2025-08-06 11:16:29,096 - ERROR - Failed to parse number 'خاک': [<class 'decimal.ConversionSyntax'>]
2025-08-06 11:16:29,096 - ERROR - Failed to parse number 'ژله': [<class 'decimal.ConversionSyntax'>]
2025-08-06 11:16:29,096 - ERROR - Failed to parse number 'ای': [<class 'decimal.ConversionSyntax'>]
2025-08-06 11:16:29,096 - INFO - No amount-unit match found in text: خاک ژله ای
2025-08-06 11:16:30,497 - DEBUG - UnitExtractor initialized with 85 unit mappings and 3 package patterns
2025-08-06 11:16:30,497 - ERROR - Failed to parse number 'خاک': [<class 'decimal.ConversionSyntax'>]
2025-08-06 11:16:30,497 - ERROR - Failed to parse number 'قلمه': [<class 'decimal.ConversionSyntax'>]
2025-08-06 11:16:30,497 - ERROR - Failed to parse number 'زنی': [<class 'decimal.ConversionSyntax'>]
2025-08-06 11:16:30,497 - INFO - No amount-unit match found in text: خاک قلمه زنی
2025-08-06 11:16:31,904 - DEBUG - UnitExtractor initialized with 85 unit mappings and 3 package patterns
2025-08-06 11:16:31,904 - ERROR - Failed to parse number 'خاک': [<class 'decimal.ConversionSyntax'>]
2025-08-06 11:16:31,904 - ERROR - Failed to parse number 'بنفشه': [<class 'decimal.ConversionSyntax'>]
2025-08-06 11:16:31,904 - ERROR - Failed to parse number 'آفریقایی': [<class 'decimal.ConversionSyntax'>]
2025-08-06 11:16:31,904 - INFO - No amount-unit match found in text: خاک بنفشه آفریقایی
2025-08-06 11:16:33,298 - DEBUG - UnitExtractor initialized with 85 unit mappings and 3 package patterns
2025-08-06 11:16:33,299 - ERROR - Failed to parse number 'خاک': [<class 'decimal.ConversionSyntax'>]
2025-08-06 11:16:33,299 - ERROR - Failed to parse number 'گل': [<class 'decimal.ConversionSyntax'>]
2025-08-06 11:16:33,299 - INFO - No amount-unit match found in text: خاک گل
2025-08-06 11:16:34,693 - DEBUG - UnitExtractor initialized with 85 unit mappings and 3 package patterns
2025-08-06 11:16:34,693 - ERROR - Failed to parse number 'خاک': [<class 'decimal.ConversionSyntax'>]
2025-08-06 11:16:34,693 - ERROR - Failed to parse number 'کوکوپیت': [<class 'decimal.ConversionSyntax'>]
2025-08-06 11:16:34,693 - INFO - No amount-unit match found in text: خاک کوکوپیت
2025-08-06 11:16:36,110 - DEBUG - UnitExtractor initialized with 85 unit mappings and 3 package patterns
2025-08-06 11:16:36,110 - ERROR - Failed to parse number 'خاک': [<class 'decimal.ConversionSyntax'>]
2025-08-06 11:16:36,110 - ERROR - Failed to parse number 'ارکیده': [<class 'decimal.ConversionSyntax'>]
2025-08-06 11:16:36,110 - INFO - No amount-unit match found in text: خاک ارکیده
2025-08-06 11:16:37,562 - DEBUG - UnitExtractor initialized with 85 unit mappings and 3 package patterns
2025-08-06 11:16:37,562 - ERROR - Failed to parse number 'خاک': [<class 'decimal.ConversionSyntax'>]
2025-08-06 11:16:37,562 - ERROR - Failed to parse number 'مخصوص': [<class 'decimal.ConversionSyntax'>]
2025-08-06 11:16:37,562 - ERROR - Failed to parse number 'کاکتوس': [<class 'decimal.ConversionSyntax'>]
2025-08-06 11:16:37,562 - ERROR - Failed to parse number '،ساکولنت': [<class 'decimal.ConversionSyntax'>]
2025-08-06 11:16:37,562 - ERROR - Failed to parse number '،سانسوریا': [<class 'decimal.ConversionSyntax'>]
2025-08-06 11:16:37,562 - ERROR - Failed to parse number '(یک': [<class 'decimal.ConversionSyntax'>]
2025-08-06 11:16:37,562 - ERROR - Failed to parse number 'لیتر)(با': [<class 'decimal.ConversionSyntax'>]
2025-08-06 11:16:37,562 - ERROR - Failed to parse number 'حداقل': [<class 'decimal.ConversionSyntax'>]
2025-08-06 11:16:37,562 - ERROR - Failed to parse number 'تومن': [<class 'decimal.ConversionSyntax'>]
2025-08-06 11:16:37,562 - ERROR - Failed to parse number 'خرید': [<class 'decimal.ConversionSyntax'>]
2025-08-06 11:16:37,562 - ERROR - Failed to parse number 'از': [<class 'decimal.ConversionSyntax'>]
2025-08-06 11:16:37,562 - ERROR - Failed to parse number 'غرفمون': [<class 'decimal.ConversionSyntax'>]
2025-08-06 11:16:37,562 - ERROR - Failed to parse number 'ب': [<class 'decimal.ConversionSyntax'>]
2025-08-06 11:16:37,562 - ERROR - Failed to parse number 'نفع': [<class 'decimal.ConversionSyntax'>]
2025-08-06 11:16:37,562 - ERROR - Failed to parse number 'هردومون': [<class 'decimal.ConversionSyntax'>]
2025-08-06 11:16:37,562 - ERROR - Failed to parse number 'میشه)(هزینه': [<class 'decimal.ConversionSyntax'>]
2025-08-06 11:16:37,562 - ERROR - Failed to parse number 'پسکرایه)': [<class 'decimal.ConversionSyntax'>]
2025-08-06 11:16:37,562 - INFO - No amount-unit match found in text: خاک مخصوص کاکتوس ،ساکولنت ،سانسوریا (یک لیتر)(با حداقل 250 تومن خرید از غرفمون ب نفع هردومون میشه)(هزینه پسکرایه)
2025-08-06 11:16:38,949 - DEBUG - UnitExtractor initialized with 85 unit mappings and 3 package patterns
2025-08-06 11:16:38,949 - DEBUG - Extracted 3 لیتری -> 3.0 kg
2025-08-06 11:16:40,335 - DEBUG - UnitExtractor initialized with 85 unit mappings and 3 package patterns
2025-08-06 11:16:40,335 - DEBUG - Extracted 3 گرمی -> 0.003 kg
2025-08-06 11:16:41,766 - DEBUG - UnitExtractor initialized with 85 unit mappings and 3 package patterns
2025-08-06 11:16:41,766 - DEBUG - Extracted 500 گرم -> 0.500 kg
2025-08-06 11:16:43,205 - DEBUG - UnitExtractor initialized with 85 unit mappings and 3 package patterns
2025-08-06 11:16:43,205 - ERROR - Failed to parse number 'خاک': [<class 'decimal.ConversionSyntax'>]
2025-08-06 11:16:43,205 - ERROR - Failed to parse number 'معطر': [<class 'decimal.ConversionSyntax'>]
2025-08-06 11:16:43,205 - ERROR - Failed to parse number 'رایحه': [<class 'decimal.ConversionSyntax'>]
2025-08-06 11:16:43,205 - ERROR - Failed to parse number 'پارادایز': [<class 'decimal.ConversionSyntax'>]
2025-08-06 11:16:43,205 - ERROR - Failed to parse number '(بهشت)': [<class 'decimal.ConversionSyntax'>]
2025-08-06 11:16:43,205 - INFO - No amount-unit match found in text: خاک معطر رایحه پارادایز (بهشت)
2025-08-06 11:16:44,632 - DEBUG - UnitExtractor initialized with 85 unit mappings and 3 package patterns
2025-08-06 11:16:44,632 - DEBUG - Extracted 3 لیتری -> 3.0 kg
2025-08-06 11:16:46,090 - DEBUG - UnitExtractor initialized with 85 unit mappings and 3 package patterns
2025-08-06 11:16:46,090 - ERROR - Failed to parse number 'خاک': [<class 'decimal.ConversionSyntax'>]
2025-08-06 11:16:46,090 - ERROR - Failed to parse number 'ژله': [<class 'decimal.ConversionSyntax'>]
2025-08-06 11:16:46,090 - ERROR - Failed to parse number 'ای': [<class 'decimal.ConversionSyntax'>]
2025-08-06 11:16:46,090 - ERROR - Failed to parse number 'رنگی': [<class 'decimal.ConversionSyntax'>]
2025-08-06 11:16:46,090 - ERROR - Failed to parse number 'عددی': [<class 'decimal.ConversionSyntax'>]
2025-08-06 11:16:46,090 - INFO - No amount-unit match found in text: خاک ژله ای رنگی 24 عددی
2025-08-06 11:16:48,731 - DEBUG - UnitExtractor initialized with 85 unit mappings and 3 package patterns
2025-08-06 11:16:48,731 - ERROR - Failed to parse number 'خاک': [<class 'decimal.ConversionSyntax'>]
2025-08-06 11:16:48,731 - ERROR - Failed to parse number 'ژله': [<class 'decimal.ConversionSyntax'>]
2025-08-06 11:16:48,731 - ERROR - Failed to parse number 'ای': [<class 'decimal.ConversionSyntax'>]
2025-08-06 11:16:48,731 - ERROR - Failed to parse number 'قرمز': [<class 'decimal.ConversionSyntax'>]
2025-08-06 11:16:48,731 - ERROR - Failed to parse number 'یکدست': [<class 'decimal.ConversionSyntax'>]
2025-08-06 11:16:48,731 - ERROR - Failed to parse number 'بسته': [<class 'decimal.ConversionSyntax'>]
2025-08-06 11:16:48,731 - ERROR - Failed to parse number 'پر': [<class 'decimal.ConversionSyntax'>]
2025-08-06 11:16:48,731 - INFO - No amount-unit match found in text: خاک ژله ای قرمز یکدست بسته پر
2025-08-06 11:16:50,170 - DEBUG - UnitExtractor initialized with 85 unit mappings and 3 package patterns
2025-08-06 11:16:50,170 - DEBUG - Extracted 1 کیلویی -> 1.0 kg
2025-08-06 11:16:51,597 - DEBUG - UnitExtractor initialized with 85 unit mappings and 3 package patterns
2025-08-06 11:16:51,597 - ERROR - Failed to parse number 'خاک': [<class 'decimal.ConversionSyntax'>]
2025-08-06 11:16:51,597 - ERROR - Failed to parse number 'برگ': [<class 'decimal.ConversionSyntax'>]
2025-08-06 11:16:51,597 - ERROR - Failed to parse number 'پوسیده': [<class 'decimal.ConversionSyntax'>]
2025-08-06 11:16:51,597 - ERROR - Failed to parse number 'شده': [<class 'decimal.ConversionSyntax'>]
2025-08-06 11:16:51,597 - ERROR - Failed to parse number '(پس': [<class 'decimal.ConversionSyntax'>]
2025-08-06 11:16:51,597 - ERROR - Failed to parse number 'کرایه)': [<class 'decimal.ConversionSyntax'>]
2025-08-06 11:16:51,597 - INFO - No amount-unit match found in text: خاک برگ پوسیده شده (پس کرایه)
2025-08-06 11:16:52,985 - DEBUG - UnitExtractor initialized with 85 unit mappings and 3 package patterns
2025-08-06 11:16:52,986 - ERROR - Failed to parse number 'خاک': [<class 'decimal.ConversionSyntax'>]
2025-08-06 11:16:52,986 - ERROR - Failed to parse number 'ژله': [<class 'decimal.ConversionSyntax'>]
2025-08-06 11:16:52,986 - ERROR - Failed to parse number 'ای': [<class 'decimal.ConversionSyntax'>]
2025-08-06 11:16:52,986 - ERROR - Failed to parse number 'بی': [<class 'decimal.ConversionSyntax'>]
2025-08-06 11:16:52,986 - ERROR - Failed to parse number 'رنگ': [<class 'decimal.ConversionSyntax'>]
2025-08-06 11:16:52,986 - INFO - No amount-unit match found in text: خاک ژله ای بی رنگ
2025-08-06 11:16:54,378 - DEBUG - UnitExtractor initialized with 85 unit mappings and 3 package patterns
2025-08-06 11:16:54,378 - DEBUG - Extracted 4 لیتر -> 4.0 kg
2025-08-06 11:16:55,755 - DEBUG - UnitExtractor initialized with 85 unit mappings and 3 package patterns
2025-08-06 11:16:55,755 - DEBUG - Extracted 2 لیتر -> 2.0 kg
2025-08-06 11:16:57,194 - DEBUG - UnitExtractor initialized with 85 unit mappings and 3 package patterns
2025-08-06 11:16:57,194 - ERROR - Failed to parse number 'خاک': [<class 'decimal.ConversionSyntax'>]
2025-08-06 11:16:57,194 - ERROR - Failed to parse number 'ژله': [<class 'decimal.ConversionSyntax'>]
2025-08-06 11:16:57,194 - ERROR - Failed to parse number 'ای': [<class 'decimal.ConversionSyntax'>]
2025-08-06 11:16:57,194 - ERROR - Failed to parse number 'زیر': [<class 'decimal.ConversionSyntax'>]
2025-08-06 11:16:57,194 - ERROR - Failed to parse number 'سیگاری': [<class 'decimal.ConversionSyntax'>]
2025-08-06 11:16:57,194 - ERROR - Failed to parse number 'لاکچریNano': [<class 'decimal.ConversionSyntax'>]
2025-08-06 11:16:57,194 - ERROR - Failed to parse number 'White': [<class 'decimal.ConversionSyntax'>]
2025-08-06 11:16:57,194 - ERROR - Failed to parse number 'وارداتی': [<class 'decimal.ConversionSyntax'>]
2025-08-06 11:16:57,194 - ERROR - Failed to parse number 'اصلی': [<class 'decimal.ConversionSyntax'>]
2025-08-06 11:16:57,194 - ERROR - Failed to parse number 'با': [<class 'decimal.ConversionSyntax'>]
2025-08-06 11:16:57,194 - ERROR - Failed to parse number 'ارسال': [<class 'decimal.ConversionSyntax'>]
2025-08-06 11:16:57,194 - ERROR - Failed to parse number 'رایگان': [<class 'decimal.ConversionSyntax'>]
2025-08-06 11:16:57,194 - INFO - No amount-unit match found in text: خاک ژله ای زیر سیگاری لاکچریNano White وارداتی اصلی با ارسال رایگان
2025-08-06 11:16:58,606 - DEBUG - UnitExtractor initialized with 85 unit mappings and 3 package patterns
2025-08-06 11:16:58,606 - DEBUG - Extracted 7 لیتری -> 7.0 kg
2025-08-06 11:17:00,024 - DEBUG - UnitExtractor initialized with 85 unit mappings and 3 package patterns
2025-08-06 11:17:00,024 - ERROR - Failed to parse number 'خاک': [<class 'decimal.ConversionSyntax'>]
2025-08-06 11:17:00,024 - ERROR - Failed to parse number 'ژله': [<class 'decimal.ConversionSyntax'>]
2025-08-06 11:17:00,024 - ERROR - Failed to parse number 'ای': [<class 'decimal.ConversionSyntax'>]
2025-08-06 11:17:00,024 - ERROR - Failed to parse number 'رنگی': [<class 'decimal.ConversionSyntax'>]
2025-08-06 11:17:00,024 - ERROR - Failed to parse number 'و': [<class 'decimal.ConversionSyntax'>]
2025-08-06 11:17:00,024 - ERROR - Failed to parse number 'سفید': [<class 'decimal.ConversionSyntax'>]
2025-08-06 11:17:00,024 - ERROR - Failed to parse number 'رنگی': [<class 'decimal.ConversionSyntax'>]
2025-08-06 11:17:00,024 - ERROR - Failed to parse number 'تومان': [<class 'decimal.ConversionSyntax'>]
2025-08-06 11:17:00,024 - ERROR - Failed to parse number 'خاک': [<class 'decimal.ConversionSyntax'>]
2025-08-06 11:17:00,024 - ERROR - Failed to parse number 'ژله': [<class 'decimal.ConversionSyntax'>]
2025-08-06 11:17:00,024 - ERROR - Failed to parse number 'ای': [<class 'decimal.ConversionSyntax'>]
2025-08-06 11:17:00,024 - ERROR - Failed to parse number 'سفید': [<class 'decimal.ConversionSyntax'>]
2025-08-06 11:17:00,024 - ERROR - Failed to parse number 'تومان': [<class 'decimal.ConversionSyntax'>]
2025-08-06 11:17:00,025 - INFO - No amount-unit match found in text: خاک ژله ای رنگی و سفید رنگی 7000 تومان خاک ژله ای سفید 10000 تومان
2025-08-06 11:17:01,398 - DEBUG - UnitExtractor initialized with 85 unit mappings and 3 package patterns
2025-08-06 11:17:01,398 - ERROR - Failed to parse number 'خاک': [<class 'decimal.ConversionSyntax'>]
2025-08-06 11:17:01,398 - ERROR - Failed to parse number 'پوکه': [<class 'decimal.ConversionSyntax'>]
2025-08-06 11:17:01,398 - ERROR - Failed to parse number 'متوسط': [<class 'decimal.ConversionSyntax'>]
2025-08-06 11:17:01,398 - INFO - No amount-unit match found in text: خاک پوکه متوسط
2025-08-06 11:17:02,773 - DEBUG - UnitExtractor initialized with 85 unit mappings and 3 package patterns
2025-08-06 11:17:02,773 - ERROR - Failed to parse number 'خاک': [<class 'decimal.ConversionSyntax'>]
2025-08-06 11:17:02,773 - ERROR - Failed to parse number 'مخصوص': [<class 'decimal.ConversionSyntax'>]
2025-08-06 11:17:02,773 - ERROR - Failed to parse number 'small': [<class 'decimal.ConversionSyntax'>]
2025-08-06 11:17:02,773 - INFO - No amount-unit match found in text: خاک مخصوص small
2025-08-06 11:17:04,233 - DEBUG - UnitExtractor initialized with 85 unit mappings and 3 package patterns
2025-08-06 11:17:04,233 - DEBUG - Extracted 1 کیلو -> 1.0 kg
2025-08-06 11:17:05,656 - DEBUG - UnitExtractor initialized with 85 unit mappings and 3 package patterns
2025-08-06 11:17:05,657 - DEBUG - Extracted 1 KG -> 1.0 kg
2025-08-06 11:17:07,094 - DEBUG - UnitExtractor initialized with 85 unit mappings and 3 package patterns
2025-08-06 11:17:07,094 - DEBUG - Extracted 5 کیلو گرمی -> 5.0 kg
2025-08-06 11:17:08,439 - DEBUG - UnitExtractor initialized with 85 unit mappings and 3 package patterns
2025-08-06 11:17:08,439 - ERROR - Failed to parse number 'خاک': [<class 'decimal.ConversionSyntax'>]
2025-08-06 11:17:08,439 - ERROR - Failed to parse number 'گیاهان': [<class 'decimal.ConversionSyntax'>]
2025-08-06 11:17:08,439 - ERROR - Failed to parse number 'آپارتمانی': [<class 'decimal.ConversionSyntax'>]
2025-08-06 11:17:08,439 - ERROR - Failed to parse number 'نیم': [<class 'decimal.ConversionSyntax'>]
2025-08-06 11:17:08,439 - ERROR - Failed to parse number 'کیلو': [<class 'decimal.ConversionSyntax'>]
2025-08-06 11:17:08,439 - ERROR - Failed to parse number 'برای': [<class 'decimal.ConversionSyntax'>]
2025-08-06 11:17:08,439 - ERROR - Failed to parse number 'گیاهان': [<class 'decimal.ConversionSyntax'>]
2025-08-06 11:17:08,439 - ERROR - Failed to parse number 'بسیار': [<class 'decimal.ConversionSyntax'>]
2025-08-06 11:17:08,439 - ERROR - Failed to parse number 'مناسب': [<class 'decimal.ConversionSyntax'>]
2025-08-06 11:17:08,439 - ERROR - Failed to parse number 'است': [<class 'decimal.ConversionSyntax'>]
2025-08-06 11:17:08,439 - INFO - No amount-unit match found in text: خاک گیاهان آپارتمانی نیم کیلو برای گیاهان بسیار مناسب است
2025-08-06 11:17:09,795 - DEBUG - UnitExtractor initialized with 85 unit mappings and 3 package patterns
2025-08-06 11:17:09,796 - ERROR - Failed to parse number 'خاک': [<class 'decimal.ConversionSyntax'>]
2025-08-06 11:17:09,796 - ERROR - Failed to parse number 'رس': [<class 'decimal.ConversionSyntax'>]
2025-08-06 11:17:09,796 - ERROR - Failed to parse number 'طبی،': [<class 'decimal.ConversionSyntax'>]
2025-08-06 11:17:09,796 - ERROR - Failed to parse number 'برای': [<class 'decimal.ConversionSyntax'>]
2025-08-06 11:17:09,796 - ERROR - Failed to parse number 'پوستهای': [<class 'decimal.ConversionSyntax'>]
2025-08-06 11:17:09,796 - ERROR - Failed to parse number 'مرطوب': [<class 'decimal.ConversionSyntax'>]
2025-08-06 11:17:09,796 - INFO - No amount-unit match found in text: خاک رس طبی، برای پوستهای مرطوب
2025-08-06 11:17:11,138 - DEBUG - UnitExtractor initialized with 85 unit mappings and 3 package patterns
2025-08-06 11:17:11,138 - DEBUG - Extracted 120 گرمی -> 0.120 kg
2025-08-06 11:17:12,489 - DEBUG - UnitExtractor initialized with 85 unit mappings and 3 package patterns
2025-08-06 11:17:12,490 - ERROR - Failed to parse number 'خاک': [<class 'decimal.ConversionSyntax'>]
2025-08-06 11:17:12,490 - ERROR - Failed to parse number 'ژله': [<class 'decimal.ConversionSyntax'>]
2025-08-06 11:17:12,490 - ERROR - Failed to parse number 'ای': [<class 'decimal.ConversionSyntax'>]
2025-08-06 11:17:12,490 - ERROR - Failed to parse number 'شفاف': [<class 'decimal.ConversionSyntax'>]
2025-08-06 11:17:12,490 - ERROR - Failed to parse number 'تیله': [<class 'decimal.ConversionSyntax'>]
2025-08-06 11:17:12,490 - ERROR - Failed to parse number 'ای': [<class 'decimal.ConversionSyntax'>]
2025-08-06 11:17:12,490 - INFO - No amount-unit match found in text: خاک ژله ای شفاف تیله ای
2025-08-06 11:17:13,824 - DEBUG - UnitExtractor initialized with 85 unit mappings and 3 package patterns
2025-08-06 11:17:13,824 - ERROR - Failed to parse number 'خاک': [<class 'decimal.ConversionSyntax'>]
2025-08-06 11:17:13,824 - ERROR - Failed to parse number 'رس': [<class 'decimal.ConversionSyntax'>]
2025-08-06 11:17:13,824 - ERROR - Failed to parse number 'سبز': [<class 'decimal.ConversionSyntax'>]
2025-08-06 11:17:13,824 - ERROR - Failed to parse number '(پوست': [<class 'decimal.ConversionSyntax'>]
2025-08-06 11:17:13,824 - ERROR - Failed to parse number 'معمولی)': [<class 'decimal.ConversionSyntax'>]
2025-08-06 11:17:13,824 - INFO - No amount-unit match found in text: خاک رس سبز (پوست معمولی)
2025-08-06 11:17:15,187 - DEBUG - UnitExtractor initialized with 85 unit mappings and 3 package patterns
2025-08-06 11:17:15,187 - ERROR - Failed to parse number 'خاک': [<class 'decimal.ConversionSyntax'>]
2025-08-06 11:17:15,187 - ERROR - Failed to parse number 'رس': [<class 'decimal.ConversionSyntax'>]
2025-08-06 11:17:15,187 - ERROR - Failed to parse number 'بنتونیت': [<class 'decimal.ConversionSyntax'>]
2025-08-06 11:17:15,187 - ERROR - Failed to parse number 'مناسب': [<class 'decimal.ConversionSyntax'>]
2025-08-06 11:17:15,187 - ERROR - Failed to parse number 'انواع': [<class 'decimal.ConversionSyntax'>]
2025-08-06 11:17:15,187 - ERROR - Failed to parse number 'پوست': [<class 'decimal.ConversionSyntax'>]
2025-08-06 11:17:15,187 - INFO - No amount-unit match found in text: خاک رس بنتونیت مناسب انواع پوست
2025-08-06 11:17:16,523 - DEBUG - UnitExtractor initialized with 85 unit mappings and 3 package patterns
2025-08-06 11:17:16,523 - ERROR - Failed to parse number 'خاک': [<class 'decimal.ConversionSyntax'>]
2025-08-06 11:17:16,523 - ERROR - Failed to parse number 'سنگین': [<class 'decimal.ConversionSyntax'>]
2025-08-06 11:17:16,523 - ERROR - Failed to parse number 'اُرس': [<class 'decimal.ConversionSyntax'>]
2025-08-06 11:17:16,523 - INFO - No amount-unit match found in text: خاک سنگین اُرس
2025-08-06 11:17:17,869 - DEBUG - UnitExtractor initialized with 85 unit mappings and 3 package patterns
2025-08-06 11:17:17,869 - DEBUG - Extracted 5 لیتری -> 5.0 kg
2025-08-06 11:17:19,231 - DEBUG - UnitExtractor initialized with 85 unit mappings and 3 package patterns
2025-08-06 11:17:19,231 - DEBUG - Extracted 3 لیتری -> 3.0 kg
2025-08-06 11:17:20,743 - DEBUG - UnitExtractor initialized with 85 unit mappings and 3 package patterns
2025-08-06 11:17:20,743 - DEBUG - Extracted 8 لیتر -> 8.0 kg
2025-08-06 11:17:22,288 - DEBUG - UnitExtractor initialized with 85 unit mappings and 3 package patterns
2025-08-06 11:17:22,288 - DEBUG - Extracted 10 لیتری -> 10.0 kg
2025-08-06 11:17:23,714 - DEBUG - UnitExtractor initialized with 85 unit mappings and 3 package patterns
2025-08-06 11:17:23,714 - DEBUG - Extracted 5 لیتری -> 5.0 kg
2025-08-06 11:17:25,192 - DEBUG - UnitExtractor initialized with 85 unit mappings and 3 package patterns
2025-08-06 11:17:25,192 - ERROR - Failed to parse number 'خاک': [<class 'decimal.ConversionSyntax'>]
2025-08-06 11:17:25,192 - ERROR - Failed to parse number 'مخصوص': [<class 'decimal.ConversionSyntax'>]
2025-08-06 11:17:25,192 - ERROR - Failed to parse number 'گیاهان': [<class 'decimal.ConversionSyntax'>]
2025-08-06 11:17:25,192 - ERROR - Failed to parse number 'آپارتمانی': [<class 'decimal.ConversionSyntax'>]
2025-08-06 11:17:25,192 - INFO - No amount-unit match found in text: خاک مخصوص گیاهان آپارتمانی
2025-08-06 11:17:26,599 - DEBUG - UnitExtractor initialized with 85 unit mappings and 3 package patterns
2025-08-06 11:17:26,599 - ERROR - Failed to parse number 'خاک': [<class 'decimal.ConversionSyntax'>]
2025-08-06 11:17:26,599 - ERROR - Failed to parse number 'پلنت': [<class 'decimal.ConversionSyntax'>]
2025-08-06 11:17:26,599 - ERROR - Failed to parse number 'لحظه': [<class 'decimal.ConversionSyntax'>]
2025-08-06 11:17:26,599 - ERROR - Failed to parse number 'بسته': [<class 'decimal.ConversionSyntax'>]
2025-08-06 11:17:26,599 - ERROR - Failed to parse number 'نیم': [<class 'decimal.ConversionSyntax'>]
2025-08-06 11:17:26,599 - ERROR - Failed to parse number 'کیلویی': [<class 'decimal.ConversionSyntax'>]
2025-08-06 11:17:26,599 - INFO - No amount-unit match found in text: خاک پلنت لحظه بسته نیم کیلویی
2025-08-06 11:17:28,222 - DEBUG - UnitExtractor initialized with 85 unit mappings and 3 package patterns
2025-08-06 11:17:28,222 - DEBUG - Extracted 1 لیتر -> 1.0 kg
2025-08-06 11:17:29,733 - DEBUG - UnitExtractor initialized with 85 unit mappings and 3 package patterns
2025-08-06 11:17:29,733 - DEBUG - Extracted 4 لیتر -> 4.0 kg
2025-08-06 11:17:31,276 - DEBUG - UnitExtractor initialized with 85 unit mappings and 3 package patterns
2025-08-06 11:17:31,276 - DEBUG - Extracted 100 گرمی -> 0.100 kg
2025-08-06 11:17:32,794 - DEBUG - UnitExtractor initialized with 85 unit mappings and 3 package patterns
2025-08-06 11:17:32,794 - DEBUG - Extracted 3 کیلو -> 3.0 kg
2025-08-06 11:17:34,332 - DEBUG - UnitExtractor initialized with 85 unit mappings and 3 package patterns
2025-08-06 11:17:34,332 - DEBUG - Extracted 4 لیتری -> 4.0 kg
2025-08-06 11:17:35,722 - DEBUG - UnitExtractor initialized with 85 unit mappings and 3 package patterns
2025-08-06 11:17:35,722 - DEBUG - Extracted 16 لیتری -> 16.0 kg
2025-08-06 11:17:37,112 - DEBUG - UnitExtractor initialized with 85 unit mappings and 3 package patterns
2025-08-06 11:17:37,112 - DEBUG - Extracted 5 لیتری -> 5.0 kg
2025-08-06 11:17:38,517 - DEBUG - UnitExtractor initialized with 85 unit mappings and 3 package patterns
2025-08-06 11:17:38,517 - DEBUG - Extracted 3 لیتری -> 3.0 kg
2025-08-06 11:17:40,030 - DEBUG - UnitExtractor initialized with 85 unit mappings and 3 package patterns
2025-08-06 11:17:40,030 - ERROR - Failed to parse number 'خاک': [<class 'decimal.ConversionSyntax'>]
2025-08-06 11:17:40,030 - ERROR - Failed to parse number 'شیر': [<class 'decimal.ConversionSyntax'>]
2025-08-06 11:17:40,030 - ERROR - Failed to parse number 'محلی': [<class 'decimal.ConversionSyntax'>]
2025-08-06 11:17:40,030 - INFO - No amount-unit match found in text: خاک شیر محلی
2025-08-06 11:17:41,468 - DEBUG - UnitExtractor initialized with 85 unit mappings and 3 package patterns
2025-08-06 11:17:41,468 - ERROR - Failed to parse number 'خاک': [<class 'decimal.ConversionSyntax'>]
2025-08-06 11:17:41,468 - ERROR - Failed to parse number 'رس': [<class 'decimal.ConversionSyntax'>]
2025-08-06 11:17:41,468 - ERROR - Failed to parse number 'سفید': [<class 'decimal.ConversionSyntax'>]
2025-08-06 11:17:41,468 - ERROR - Failed to parse number 'طب': [<class 'decimal.ConversionSyntax'>]
2025-08-06 11:17:41,468 - INFO - No amount-unit match found in text: خاک رس سفید طب
2025-08-06 11:17:42,842 - DEBUG - UnitExtractor initialized with 85 unit mappings and 3 package patterns
2025-08-06 11:17:42,842 - DEBUG - Extracted 1 کیلویی -> 1.0 kg
2025-08-06 11:17:44,253 - DEBUG - UnitExtractor initialized with 85 unit mappings and 3 package patterns
2025-08-06 11:17:44,253 - DEBUG - Extracted 3 لیتری -> 3.0 kg
2025-08-06 11:17:45,637 - DEBUG - UnitExtractor initialized with 85 unit mappings and 3 package patterns
2025-08-06 11:17:45,637 - DEBUG - Extracted 2 لیتری -> 2.0 kg
2025-08-06 11:17:47,168 - DEBUG - UnitExtractor initialized with 85 unit mappings and 3 package patterns
2025-08-06 11:17:47,169 - DEBUG - Package extracted 15 units -> 0.060 kg
2025-08-06 11:17:48,585 - DEBUG - UnitExtractor initialized with 85 unit mappings and 3 package patterns
2025-08-06 11:17:48,586 - ERROR - Failed to parse number 'خاک': [<class 'decimal.ConversionSyntax'>]
2025-08-06 11:17:48,586 - ERROR - Failed to parse number 'ژله': [<class 'decimal.ConversionSyntax'>]
2025-08-06 11:17:48,586 - ERROR - Failed to parse number 'ای': [<class 'decimal.ConversionSyntax'>]
2025-08-06 11:17:48,586 - INFO - No amount-unit match found in text: خاک ژله ای
2025-08-06 11:17:49,988 - DEBUG - UnitExtractor initialized with 85 unit mappings and 3 package patterns
2025-08-06 11:17:49,988 - DEBUG - Extracted 3 کیلوگرم -> 3.0 kg
2025-08-06 11:17:51,403 - DEBUG - UnitExtractor initialized with 85 unit mappings and 3 package patterns
2025-08-06 11:17:51,403 - DEBUG - Extracted 4 لیتری -> 4.0 kg
2025-08-06 11:17:52,840 - DEBUG - UnitExtractor initialized with 85 unit mappings and 3 package patterns
2025-08-06 11:17:52,840 - DEBUG - Extracted 20 لیتری -> 20.0 kg
2025-08-06 11:17:54,252 - DEBUG - UnitExtractor initialized with 85 unit mappings and 3 package patterns
2025-08-06 11:17:54,253 - DEBUG - Extracted 50 لیتری -> 50.0 kg
2025-08-06 11:17:55,596 - DEBUG - UnitExtractor initialized with 85 unit mappings and 3 package patterns
2025-08-06 11:17:55,596 - ERROR - Failed to parse number 'خاک': [<class 'decimal.ConversionSyntax'>]
2025-08-06 11:17:55,596 - ERROR - Failed to parse number 'گیاه': [<class 'decimal.ConversionSyntax'>]
2025-08-06 11:17:55,596 - ERROR - Failed to parse number 'هویا': [<class 'decimal.ConversionSyntax'>]
2025-08-06 11:17:55,596 - ERROR - Failed to parse number 'کیفیت': [<class 'decimal.ConversionSyntax'>]
2025-08-06 11:17:55,596 - ERROR - Failed to parse number 'عالی': [<class 'decimal.ConversionSyntax'>]
2025-08-06 11:17:55,596 - ERROR - Failed to parse number '(پس': [<class 'decimal.ConversionSyntax'>]
2025-08-06 11:17:55,596 - ERROR - Failed to parse number 'کرایه)': [<class 'decimal.ConversionSyntax'>]
2025-08-06 11:17:55,596 - INFO - No amount-unit match found in text: خاک گیاه هویا کیفیت عالی (پس کرایه)
2025-08-06 11:17:58,178 - DEBUG - UnitExtractor initialized with 85 unit mappings and 3 package patterns
2025-08-06 11:17:58,178 - ERROR - Failed to parse number 'خاک': [<class 'decimal.ConversionSyntax'>]
2025-08-06 11:17:58,178 - ERROR - Failed to parse number 'کوکوپیت': [<class 'decimal.ConversionSyntax'>]
2025-08-06 11:17:58,178 - ERROR - Failed to parse number 'بسته': [<class 'decimal.ConversionSyntax'>]
2025-08-06 11:17:58,178 - ERROR - Failed to parse number 'ی': [<class 'decimal.ConversionSyntax'>]
2025-08-06 11:17:58,178 - ERROR - Failed to parse number 'یک': [<class 'decimal.ConversionSyntax'>]
2025-08-06 11:17:58,178 - ERROR - Failed to parse number 'لیتری': [<class 'decimal.ConversionSyntax'>]
2025-08-06 11:17:58,178 - ERROR - Failed to parse number '(پس': [<class 'decimal.ConversionSyntax'>]
2025-08-06 11:17:58,178 - ERROR - Failed to parse number 'کرایه)': [<class 'decimal.ConversionSyntax'>]
2025-08-06 11:17:58,178 - INFO - No amount-unit match found in text: خاک کوکوپیت بسته ی یک لیتری (پس کرایه)
2025-08-06 11:17:59,608 - DEBUG - UnitExtractor initialized with 85 unit mappings and 3 package patterns
2025-08-06 11:17:59,608 - ERROR - Failed to parse number 'خاک': [<class 'decimal.ConversionSyntax'>]
2025-08-06 11:17:59,608 - ERROR - Failed to parse number 'انداز': [<class 'decimal.ConversionSyntax'>]
2025-08-06 11:17:59,608 - INFO - No amount-unit match found in text: خاک انداز
2025-08-06 11:18:00,978 - DEBUG - UnitExtractor initialized with 85 unit mappings and 3 package patterns
2025-08-06 11:18:00,978 - DEBUG - Extracted 5 لیتری -> 5.0 kg
2025-08-06 11:18:02,367 - DEBUG - UnitExtractor initialized with 85 unit mappings and 3 package patterns
2025-08-06 11:18:02,367 - ERROR - Failed to parse number 'خاک': [<class 'decimal.ConversionSyntax'>]
2025-08-06 11:18:02,367 - ERROR - Failed to parse number 'کوکوپیت': [<class 'decimal.ConversionSyntax'>]
2025-08-06 11:18:02,367 - INFO - No amount-unit match found in text: خاک کوکوپیت
2025-08-06 11:18:03,758 - DEBUG - UnitExtractor initialized with 85 unit mappings and 3 package patterns
2025-08-06 11:18:03,758 - ERROR - Failed to parse number 'خاک': [<class 'decimal.ConversionSyntax'>]
2025-08-06 11:18:03,758 - ERROR - Failed to parse number 'ترکیبی،پرلیت': [<class 'decimal.ConversionSyntax'>]
2025-08-06 11:18:03,758 - ERROR - Failed to parse number 'متوسط': [<class 'decimal.ConversionSyntax'>]
2025-08-06 11:18:03,758 - ERROR - Failed to parse number 'انواع': [<class 'decimal.ConversionSyntax'>]
2025-08-06 11:18:03,758 - ERROR - Failed to parse number 'گل،مزارع،کاشت،حلزون': [<class 'decimal.ConversionSyntax'>]
2025-08-06 11:18:03,758 - INFO - No amount-unit match found in text: خاک ترکیبی،پرلیت متوسط انواع گل،مزارع،کاشت،حلزون
2025-08-06 11:18:05,154 - DEBUG - UnitExtractor initialized with 85 unit mappings and 3 package patterns
2025-08-06 11:18:05,154 - ERROR - Failed to parse number 'خاک': [<class 'decimal.ConversionSyntax'>]
2025-08-06 11:18:05,154 - ERROR - Failed to parse number 'فوق': [<class 'decimal.ConversionSyntax'>]
2025-08-06 11:18:05,154 - ERROR - Failed to parse number 'اقتصادی': [<class 'decimal.ConversionSyntax'>]
2025-08-06 11:18:05,154 - ERROR - Failed to parse number 'اختصاصی': [<class 'decimal.ConversionSyntax'>]
2025-08-06 11:18:05,154 - ERROR - Failed to parse number 'گل': [<class 'decimal.ConversionSyntax'>]
2025-08-06 11:18:05,154 - ERROR - Failed to parse number 'و': [<class 'decimal.ConversionSyntax'>]
2025-08-06 11:18:05,154 - ERROR - Failed to parse number 'گیاه': [<class 'decimal.ConversionSyntax'>]
2025-08-06 11:18:05,154 - ERROR - Failed to parse number 'و': [<class 'decimal.ConversionSyntax'>]
2025-08-06 11:18:05,154 - ERROR - Failed to parse number 'مزارع': [<class 'decimal.ConversionSyntax'>]
2025-08-06 11:18:05,154 - ERROR - Failed to parse number 'و': [<class 'decimal.ConversionSyntax'>]
2025-08-06 11:18:05,154 - ERROR - Failed to parse number 'حلزون': [<class 'decimal.ConversionSyntax'>]
2025-08-06 11:18:05,154 - INFO - No amount-unit match found in text: خاک فوق اقتصادی اختصاصی گل و گیاه و مزارع و حلزون
2025-08-06 11:18:06,560 - DEBUG - UnitExtractor initialized with 85 unit mappings and 3 package patterns
2025-08-06 11:18:06,560 - ERROR - Failed to parse number 'خاک': [<class 'decimal.ConversionSyntax'>]
2025-08-06 11:18:06,560 - ERROR - Failed to parse number 'آنتی': [<class 'decimal.ConversionSyntax'>]
2025-08-06 11:18:06,560 - ERROR - Failed to parse number 'باکتریال': [<class 'decimal.ConversionSyntax'>]
2025-08-06 11:18:06,560 - ERROR - Failed to parse number 'کاشت': [<class 'decimal.ConversionSyntax'>]
2025-08-06 11:18:06,560 - ERROR - Failed to parse number 'سبزی،گیاهان': [<class 'decimal.ConversionSyntax'>]
2025-08-06 11:18:06,560 - ERROR - Failed to parse number 'زینتی،حلزون': [<class 'decimal.ConversionSyntax'>]
2025-08-06 11:18:06,560 - ERROR - Failed to parse number 'طبی': [<class 'decimal.ConversionSyntax'>]
2025-08-06 11:18:06,560 - INFO - No amount-unit match found in text: خاک آنتی باکتریال کاشت سبزی،گیاهان زینتی،حلزون طبی
2025-08-06 11:18:07,959 - DEBUG - UnitExtractor initialized with 85 unit mappings and 3 package patterns
2025-08-06 11:18:07,959 - ERROR - Failed to parse number 'خاک': [<class 'decimal.ConversionSyntax'>]
2025-08-06 11:18:07,959 - ERROR - Failed to parse number 'آنتی': [<class 'decimal.ConversionSyntax'>]
2025-08-06 11:18:07,959 - ERROR - Failed to parse number 'باکتریال،کاشت': [<class 'decimal.ConversionSyntax'>]
2025-08-06 11:18:07,959 - ERROR - Failed to parse number 'سبزی،گیاهان،حلزون': [<class 'decimal.ConversionSyntax'>]
2025-08-06 11:18:07,959 - ERROR - Failed to parse number 'طبی': [<class 'decimal.ConversionSyntax'>]
2025-08-06 11:18:07,959 - INFO - No amount-unit match found in text: خاک آنتی باکتریال،کاشت سبزی،گیاهان،حلزون طبی
2025-08-06 11:18:09,399 - DEBUG - UnitExtractor initialized with 85 unit mappings and 3 package patterns
2025-08-06 11:18:09,399 - DEBUG - Extracted 200 گرم -> 0.200 kg
2025-08-06 11:18:10,810 - DEBUG - UnitExtractor initialized with 85 unit mappings and 3 package patterns
2025-08-06 11:18:10,811 - DEBUG - Extracted 200 گرم -> 0.200 kg
2025-08-06 11:18:12,225 - DEBUG - UnitExtractor initialized with 85 unit mappings and 3 package patterns
2025-08-06 11:18:12,225 - DEBUG - Extracted 1 کیلویی -> 1.0 kg
2025-08-06 11:18:13,623 - DEBUG - UnitExtractor initialized with 85 unit mappings and 3 package patterns
2025-08-06 11:18:13,623 - DEBUG - Extracted 5 لیتری -> 5.0 kg
2025-08-06 11:18:15,003 - DEBUG - UnitExtractor initialized with 85 unit mappings and 3 package patterns
2025-08-06 11:18:15,003 - DEBUG - Extracted 5 لیتری -> 5.0 kg
2025-08-06 11:18:16,499 - DEBUG - UnitExtractor initialized with 85 unit mappings and 3 package patterns
2025-08-06 11:18:16,499 - ERROR - Failed to parse number 'خاک': [<class 'decimal.ConversionSyntax'>]
2025-08-06 11:18:16,499 - ERROR - Failed to parse number 'رس': [<class 'decimal.ConversionSyntax'>]
2025-08-06 11:18:16,499 - ERROR - Failed to parse number 'پوست': [<class 'decimal.ConversionSyntax'>]
2025-08-06 11:18:16,499 - ERROR - Failed to parse number 'خشک': [<class 'decimal.ConversionSyntax'>]
2025-08-06 11:18:16,499 - INFO - No amount-unit match found in text: خاک رس پوست خشک
2025-08-06 11:18:17,933 - DEBUG - UnitExtractor initialized with 85 unit mappings and 3 package patterns
2025-08-06 11:18:17,933 - DEBUG - Extracted 3 لیتری -> 3.0 kg
2025-08-06 11:18:19,356 - DEBUG - UnitExtractor initialized with 85 unit mappings and 3 package patterns
2025-08-06 11:18:19,356 - DEBUG - Extracted 3 لیتری -> 3.0 kg
2025-08-06 11:18:20,754 - DEBUG - UnitExtractor initialized with 85 unit mappings and 3 package patterns
2025-08-06 11:18:20,754 - ERROR - Failed to parse number 'خاک': [<class 'decimal.ConversionSyntax'>]
2025-08-06 11:18:20,754 - ERROR - Failed to parse number 'تیمم': [<class 'decimal.ConversionSyntax'>]
2025-08-06 11:18:20,754 - INFO - No amount-unit match found in text: خاک تیمم
2025-08-06 11:18:22,181 - DEBUG - UnitExtractor initialized with 85 unit mappings and 3 package patterns
2025-08-06 11:18:22,182 - ERROR - Failed to parse number 'خاک': [<class 'decimal.ConversionSyntax'>]
2025-08-06 11:18:22,182 - ERROR - Failed to parse number 'حلزون': [<class 'decimal.ConversionSyntax'>]
2025-08-06 11:18:22,182 - ERROR - Failed to parse number 'کوکوپیت': [<class 'decimal.ConversionSyntax'>]
2025-08-06 11:18:22,182 - ERROR - Failed to parse number 'خشک': [<class 'decimal.ConversionSyntax'>]
2025-08-06 11:18:22,182 - ERROR - Failed to parse number 'و': [<class 'decimal.ConversionSyntax'>]
2025-08-06 11:18:22,182 - ERROR - Failed to parse number 'بدون': [<class 'decimal.ConversionSyntax'>]
2025-08-06 11:18:22,182 - ERROR - Failed to parse number 'الیاف': [<class 'decimal.ConversionSyntax'>]
2025-08-06 11:18:22,182 - ERROR - Failed to parse number 'سریلانکا': [<class 'decimal.ConversionSyntax'>]
2025-08-06 11:18:22,182 - ERROR - Failed to parse number '،': [<class 'decimal.ConversionSyntax'>]
2025-08-06 11:18:22,182 - ERROR - Failed to parse number 'مناسب': [<class 'decimal.ConversionSyntax'>]
2025-08-06 11:18:22,182 - ERROR - Failed to parse number 'گیاه': [<class 'decimal.ConversionSyntax'>]
2025-08-06 11:18:22,182 - ERROR - Failed to parse number 'و': [<class 'decimal.ConversionSyntax'>]
2025-08-06 11:18:22,182 - ERROR - Failed to parse number 'حلزون': [<class 'decimal.ConversionSyntax'>]
2025-08-06 11:18:22,182 - ERROR - Failed to parse number 'عددی': [<class 'decimal.ConversionSyntax'>]
2025-08-06 11:18:22,182 - INFO - No amount-unit match found in text: خاک حلزون کوکوپیت خشک و بدون الیاف سریلانکا ، مناسب گیاه و حلزون 100 عددی
2025-08-06 11:18:23,612 - DEBUG - UnitExtractor initialized with 85 unit mappings and 3 package patterns
2025-08-06 11:18:23,612 - DEBUG - Extracted 10 لیتری -> 10.0 kg
2025-08-06 11:18:25,024 - DEBUG - UnitExtractor initialized with 85 unit mappings and 3 package patterns
2025-08-06 11:18:25,024 - DEBUG - Extracted 2000 کیلوگرم -> 2000.0 kg
2025-08-06 11:18:26,457 - DEBUG - UnitExtractor initialized with 85 unit mappings and 3 package patterns
2025-08-06 11:18:26,457 - ERROR - Failed to parse number 'خاک': [<class 'decimal.ConversionSyntax'>]
2025-08-06 11:18:26,457 - ERROR - Failed to parse number 'مخصوص': [<class 'decimal.ConversionSyntax'>]
2025-08-06 11:18:26,457 - ERROR - Failed to parse number 'سبزی': [<class 'decimal.ConversionSyntax'>]
2025-08-06 11:18:26,457 - ERROR - Failed to parse number 'و': [<class 'decimal.ConversionSyntax'>]
2025-08-06 11:18:26,457 - ERROR - Failed to parse number 'صیفی': [<class 'decimal.ConversionSyntax'>]
2025-08-06 11:18:26,457 - INFO - No amount-unit match found in text: خاک مخصوص سبزی و صیفی
2025-08-06 11:18:27,858 - DEBUG - UnitExtractor initialized with 85 unit mappings and 3 package patterns
2025-08-06 11:18:27,858 - ERROR - Failed to parse number 'خاک': [<class 'decimal.ConversionSyntax'>]
2025-08-06 11:18:27,858 - ERROR - Failed to parse number 'هلندی': [<class 'decimal.ConversionSyntax'>]
2025-08-06 11:18:27,858 - ERROR - Failed to parse number 'ملکه': [<class 'decimal.ConversionSyntax'>]
2025-08-06 11:18:27,858 - INFO - No amount-unit match found in text: خاک هلندی ملکه
2025-08-06 11:18:29,248 - DEBUG - UnitExtractor initialized with 85 unit mappings and 3 package patterns
2025-08-06 11:18:29,248 - DEBUG - Extracted 6 لیتری -> 6.0 kg
2025-08-06 11:18:30,680 - DEBUG - UnitExtractor initialized with 85 unit mappings and 3 package patterns
2025-08-06 11:18:30,680 - DEBUG - Extracted 4 کیلویی -> 4.0 kg
2025-08-06 11:18:32,240 - DEBUG - UnitExtractor initialized with 85 unit mappings and 3 package patterns
2025-08-06 11:18:32,240 - DEBUG - Extracted 15 لیتری -> 15.0 kg
2025-08-06 11:18:33,791 - DEBUG - UnitExtractor initialized with 85 unit mappings and 3 package patterns
2025-08-06 11:18:33,791 - ERROR - Failed to parse number 'خاک': [<class 'decimal.ConversionSyntax'>]
2025-08-06 11:18:33,791 - ERROR - Failed to parse number 'استریل': [<class 'decimal.ConversionSyntax'>]
2025-08-06 11:18:33,791 - ERROR - Failed to parse number 'آپارتمانی': [<class 'decimal.ConversionSyntax'>]
2025-08-06 11:18:33,791 - ERROR - Failed to parse number 'درجه': [<class 'decimal.ConversionSyntax'>]
2025-08-06 11:18:33,791 - INFO - No amount-unit match found in text: خاک استریل آپارتمانی درجه 1
2025-08-06 11:18:35,309 - DEBUG - UnitExtractor initialized with 85 unit mappings and 3 package patterns
2025-08-06 11:18:35,309 - DEBUG - Extracted 15 گرم -> 0.015 kg
2025-08-06 11:18:36,795 - DEBUG - UnitExtractor initialized with 85 unit mappings and 3 package patterns
2025-08-06 11:18:36,795 - DEBUG - Extracted 50 گرمی -> 0.050 kg
2025-08-06 11:18:38,197 - DEBUG - UnitExtractor initialized with 85 unit mappings and 3 package patterns
2025-08-06 11:18:38,197 - ERROR - Failed to parse number 'خاک': [<class 'decimal.ConversionSyntax'>]
2025-08-06 11:18:38,197 - ERROR - Failed to parse number 'مناسب': [<class 'decimal.ConversionSyntax'>]
2025-08-06 11:18:38,197 - ERROR - Failed to parse number 'تمام': [<class 'decimal.ConversionSyntax'>]
2025-08-06 11:18:38,197 - ERROR - Failed to parse number 'گیاهاناپرتمانی': [<class 'decimal.ConversionSyntax'>]
2025-08-06 11:18:38,197 - ERROR - Failed to parse number 'و': [<class 'decimal.ConversionSyntax'>]
2025-08-06 11:18:38,197 - ERROR - Failed to parse number 'غیره': [<class 'decimal.ConversionSyntax'>]
2025-08-06 11:18:38,197 - ERROR - Failed to parse number 'خاک': [<class 'decimal.ConversionSyntax'>]
2025-08-06 11:18:38,197 - ERROR - Failed to parse number 'عالی': [<class 'decimal.ConversionSyntax'>]
2025-08-06 11:18:38,197 - ERROR - Failed to parse number 'و': [<class 'decimal.ConversionSyntax'>]
2025-08-06 11:18:38,197 - ERROR - Failed to parse number 'درجه': [<class 'decimal.ConversionSyntax'>]
2025-08-06 11:18:38,197 - ERROR - Failed to parse number 'یک': [<class 'decimal.ConversionSyntax'>]
2025-08-06 11:18:38,197 - INFO - No amount-unit match found in text: خاک مناسب تمام گیاهاناپرتمانی و غیره خاک عالی و درجه یک
2025-08-06 11:18:39,560 - DEBUG - UnitExtractor initialized with 85 unit mappings and 3 package patterns
2025-08-06 11:18:39,560 - ERROR - Failed to parse number 'خاک': [<class 'decimal.ConversionSyntax'>]
2025-08-06 11:18:39,560 - ERROR - Failed to parse number 'هویا': [<class 'decimal.ConversionSyntax'>]
2025-08-06 11:18:39,560 - ERROR - Failed to parse number '،': [<class 'decimal.ConversionSyntax'>]
2025-08-06 11:18:39,560 - ERROR - Failed to parse number 'خاک': [<class 'decimal.ConversionSyntax'>]
2025-08-06 11:18:39,560 - ERROR - Failed to parse number 'تخصصی': [<class 'decimal.ConversionSyntax'>]
2025-08-06 11:18:39,560 - ERROR - Failed to parse number 'فروشگاه': [<class 'decimal.ConversionSyntax'>]
2025-08-06 11:18:39,560 - ERROR - Failed to parse number 'ارکیده': [<class 'decimal.ConversionSyntax'>]
2025-08-06 11:18:39,560 - ERROR - Failed to parse number 'خونه': [<class 'decimal.ConversionSyntax'>]
2025-08-06 11:18:39,560 - INFO - No amount-unit match found in text: خاک هویا ، خاک تخصصی فروشگاه ارکیده خونه
2025-08-06 11:18:41,011 - DEBUG - UnitExtractor initialized with 85 unit mappings and 3 package patterns
2025-08-06 11:18:41,011 - ERROR - Failed to parse number 'خاک': [<class 'decimal.ConversionSyntax'>]
2025-08-06 11:18:41,011 - ERROR - Failed to parse number 'مخصوص': [<class 'decimal.ConversionSyntax'>]
2025-08-06 11:18:41,011 - ERROR - Failed to parse number 'دراگون': [<class 'decimal.ConversionSyntax'>]
2025-08-06 11:18:41,011 - ERROR - Failed to parse number 'فروت': [<class 'decimal.ConversionSyntax'>]
2025-08-06 11:18:41,011 - ERROR - Failed to parse number 'هزینه': [<class 'decimal.ConversionSyntax'>]
2025-08-06 11:18:41,011 - ERROR - Failed to parse number 'ارسال': [<class 'decimal.ConversionSyntax'>]
2025-08-06 11:18:41,011 - ERROR - Failed to parse number 'بصورت': [<class 'decimal.ConversionSyntax'>]
2025-08-06 11:18:41,011 - ERROR - Failed to parse number 'پس': [<class 'decimal.ConversionSyntax'>]
2025-08-06 11:18:41,011 - ERROR - Failed to parse number 'کرایه': [<class 'decimal.ConversionSyntax'>]
2025-08-06 11:18:41,011 - ERROR - Failed to parse number 'و': [<class 'decimal.ConversionSyntax'>]
2025-08-06 11:18:41,011 - ERROR - Failed to parse number 'بعهده': [<class 'decimal.ConversionSyntax'>]
2025-08-06 11:18:41,011 - ERROR - Failed to parse number 'مشتری': [<class 'decimal.ConversionSyntax'>]
2025-08-06 11:18:41,011 - ERROR - Failed to parse number 'می': [<class 'decimal.ConversionSyntax'>]
2025-08-06 11:18:41,011 - ERROR - Failed to parse number 'باشد': [<class 'decimal.ConversionSyntax'>]
2025-08-06 11:18:41,011 - INFO - No amount-unit match found in text: خاک مخصوص دراگون فروت هزینه ارسال بصورت پس کرایه و بعهده مشتری می باشد
2025-08-06 11:18:42,510 - DEBUG - UnitExtractor initialized with 85 unit mappings and 3 package patterns
2025-08-06 11:18:42,510 - DEBUG - Extracted 4 لیتری -> 4.0 kg
2025-08-06 11:18:43,924 - DEBUG - UnitExtractor initialized with 85 unit mappings and 3 package patterns
2025-08-06 11:18:43,925 - ERROR - Failed to parse number 'خاک': [<class 'decimal.ConversionSyntax'>]
2025-08-06 11:18:43,925 - ERROR - Failed to parse number 'کاکتوس': [<class 'decimal.ConversionSyntax'>]
2025-08-06 11:18:43,925 - ERROR - Failed to parse number 'یک': [<class 'decimal.ConversionSyntax'>]
2025-08-06 11:18:43,925 - ERROR - Failed to parse number 'لیتری': [<class 'decimal.ConversionSyntax'>]
2025-08-06 11:18:43,925 - ERROR - Failed to parse number 'گیلدا': [<class 'decimal.ConversionSyntax'>]
2025-08-06 11:18:43,925 - ERROR - Failed to parse number '(پس': [<class 'decimal.ConversionSyntax'>]
2025-08-06 11:18:43,925 - ERROR - Failed to parse number 'کرایه)': [<class 'decimal.ConversionSyntax'>]
2025-08-06 11:18:43,925 - INFO - No amount-unit match found in text: خاک کاکتوس یک لیتری گیلدا (پس کرایه)
2025-08-06 11:18:45,294 - DEBUG - UnitExtractor initialized with 85 unit mappings and 3 package patterns
2025-08-06 11:18:45,294 - DEBUG - Extracted 4 لیتری -> 4.0 kg
2025-08-06 11:18:46,655 - DEBUG - UnitExtractor initialized with 85 unit mappings and 3 package patterns
2025-08-06 11:18:46,655 - ERROR - Failed to parse number 'خاک': [<class 'decimal.ConversionSyntax'>]
2025-08-06 11:18:46,655 - ERROR - Failed to parse number 'انداز': [<class 'decimal.ConversionSyntax'>]
2025-08-06 11:18:46,655 - INFO - No amount-unit match found in text: خاک انداز
2025-08-06 11:18:48,038 - DEBUG - UnitExtractor initialized with 85 unit mappings and 3 package patterns
2025-08-06 11:18:48,038 - ERROR - Failed to parse number 'خاک': [<class 'decimal.ConversionSyntax'>]
2025-08-06 11:18:48,038 - ERROR - Failed to parse number 'ممتاز': [<class 'decimal.ConversionSyntax'>]
2025-08-06 11:18:48,038 - ERROR - Failed to parse number 'گل': [<class 'decimal.ConversionSyntax'>]
2025-08-06 11:18:48,038 - ERROR - Failed to parse number 'آپارتمانی': [<class 'decimal.ConversionSyntax'>]
2025-08-06 11:18:48,038 - ERROR - Failed to parse number '(پس': [<class 'decimal.ConversionSyntax'>]
2025-08-06 11:18:48,038 - ERROR - Failed to parse number 'کرایه)': [<class 'decimal.ConversionSyntax'>]
2025-08-06 11:18:48,038 - INFO - No amount-unit match found in text: خاک ممتاز گل آپارتمانی (پس کرایه)
2025-08-06 11:18:49,434 - DEBUG - UnitExtractor initialized with 85 unit mappings and 3 package patterns
2025-08-06 11:18:49,434 - ERROR - Failed to parse number 'خاک': [<class 'decimal.ConversionSyntax'>]
2025-08-06 11:18:49,435 - ERROR - Failed to parse number 'پیتماس': [<class 'decimal.ConversionSyntax'>]
2025-08-06 11:18:49,435 - INFO - No amount-unit match found in text: خاک پیتماس
2025-08-06 11:18:50,838 - DEBUG - UnitExtractor initialized with 85 unit mappings and 3 package patterns
2025-08-06 11:18:50,838 - DEBUG - Extracted 4 لیتری -> 4.0 kg
2025-08-06 11:18:52,250 - DEBUG - UnitExtractor initialized with 85 unit mappings and 3 package patterns
2025-08-06 11:18:52,250 - DEBUG - Extracted 23 لیتری -> 23.0 kg
2025-08-06 11:18:53,602 - DEBUG - UnitExtractor initialized with 85 unit mappings and 3 package patterns
2025-08-06 11:18:53,602 - ERROR - Failed to parse number 'خاک': [<class 'decimal.ConversionSyntax'>]
2025-08-06 11:18:53,602 - ERROR - Failed to parse number 'ژله': [<class 'decimal.ConversionSyntax'>]
2025-08-06 11:18:53,602 - ERROR - Failed to parse number 'ای': [<class 'decimal.ConversionSyntax'>]
2025-08-06 11:18:53,602 - ERROR - Failed to parse number 'قرمز': [<class 'decimal.ConversionSyntax'>]
2025-08-06 11:18:53,602 - ERROR - Failed to parse number 'بسته': [<class 'decimal.ConversionSyntax'>]
2025-08-06 11:18:53,602 - ERROR - Failed to parse number 'های': [<class 'decimal.ConversionSyntax'>]
2025-08-06 11:18:53,602 - ERROR - Failed to parse number 'پر': [<class 'decimal.ConversionSyntax'>]
2025-08-06 11:18:53,602 - ERROR - Failed to parse number 'سه': [<class 'decimal.ConversionSyntax'>]
2025-08-06 11:18:53,602 - ERROR - Failed to parse number 'عددی': [<class 'decimal.ConversionSyntax'>]
2025-08-06 11:18:53,602 - INFO - No amount-unit match found in text: خاک ژله ای قرمز بسته های پر سه عددی
2025-08-06 11:18:55,009 - DEBUG - UnitExtractor initialized with 85 unit mappings and 3 package patterns
2025-08-06 11:18:55,009 - ERROR - Failed to parse number 'خاک': [<class 'decimal.ConversionSyntax'>]
2025-08-06 11:18:55,009 - ERROR - Failed to parse number 'ژله': [<class 'decimal.ConversionSyntax'>]
2025-08-06 11:18:55,009 - ERROR - Failed to parse number 'ای': [<class 'decimal.ConversionSyntax'>]
2025-08-06 11:18:55,010 - ERROR - Failed to parse number 'قرمز': [<class 'decimal.ConversionSyntax'>]
2025-08-06 11:18:55,010 - ERROR - Failed to parse number 'یکدست': [<class 'decimal.ConversionSyntax'>]
2025-08-06 11:18:55,010 - ERROR - Failed to parse number 'بسته': [<class 'decimal.ConversionSyntax'>]
2025-08-06 11:18:55,010 - ERROR - Failed to parse number 'های': [<class 'decimal.ConversionSyntax'>]
2025-08-06 11:18:55,010 - ERROR - Failed to parse number 'پر': [<class 'decimal.ConversionSyntax'>]
2025-08-06 11:18:55,010 - ERROR - Failed to parse number 'پنج': [<class 'decimal.ConversionSyntax'>]
2025-08-06 11:18:55,010 - ERROR - Failed to parse number 'عددی': [<class 'decimal.ConversionSyntax'>]
2025-08-06 11:18:55,010 - INFO - No amount-unit match found in text: خاک ژله ای قرمز یکدست بسته های پر پنج عددی
2025-08-06 11:18:56,391 - DEBUG - UnitExtractor initialized with 85 unit mappings and 3 package patterns
2025-08-06 11:18:56,391 - ERROR - Failed to parse number 'خاک': [<class 'decimal.ConversionSyntax'>]
2025-08-06 11:18:56,391 - ERROR - Failed to parse number 'ژله': [<class 'decimal.ConversionSyntax'>]
2025-08-06 11:18:56,391 - ERROR - Failed to parse number 'ای': [<class 'decimal.ConversionSyntax'>]
2025-08-06 11:18:56,392 - ERROR - Failed to parse number 'شفاف': [<class 'decimal.ConversionSyntax'>]
2025-08-06 11:18:56,392 - ERROR - Failed to parse number 'بی': [<class 'decimal.ConversionSyntax'>]
2025-08-06 11:18:56,392 - ERROR - Failed to parse number 'رنگ': [<class 'decimal.ConversionSyntax'>]
2025-08-06 11:18:56,392 - ERROR - Failed to parse number 'بسته': [<class 'decimal.ConversionSyntax'>]
2025-08-06 11:18:56,392 - ERROR - Failed to parse number 'های': [<class 'decimal.ConversionSyntax'>]
2025-08-06 11:18:56,392 - ERROR - Failed to parse number 'پر': [<class 'decimal.ConversionSyntax'>]
2025-08-06 11:18:56,392 - ERROR - Failed to parse number 'سه': [<class 'decimal.ConversionSyntax'>]
2025-08-06 11:18:56,392 - ERROR - Failed to parse number 'عددی': [<class 'decimal.ConversionSyntax'>]
2025-08-06 11:18:56,392 - INFO - No amount-unit match found in text: خاک ژله ای شفاف بی رنگ بسته های پر سه عددی
2025-08-06 11:18:57,773 - DEBUG - UnitExtractor initialized with 85 unit mappings and 3 package patterns
2025-08-06 11:18:57,773 - ERROR - Failed to parse number 'خاک': [<class 'decimal.ConversionSyntax'>]
2025-08-06 11:18:57,773 - ERROR - Failed to parse number 'ژله': [<class 'decimal.ConversionSyntax'>]
2025-08-06 11:18:57,773 - ERROR - Failed to parse number 'ای': [<class 'decimal.ConversionSyntax'>]
2025-08-06 11:18:57,773 - ERROR - Failed to parse number 'چهار': [<class 'decimal.ConversionSyntax'>]
2025-08-06 11:18:57,773 - ERROR - Failed to parse number 'عددی': [<class 'decimal.ConversionSyntax'>]
2025-08-06 11:18:57,773 - ERROR - Failed to parse number 'شفاف': [<class 'decimal.ConversionSyntax'>]
2025-08-06 11:18:57,773 - ERROR - Failed to parse number 'و': [<class 'decimal.ConversionSyntax'>]
2025-08-06 11:18:57,773 - ERROR - Failed to parse number 'قرمز': [<class 'decimal.ConversionSyntax'>]
2025-08-06 11:18:57,773 - ERROR - Failed to parse number 'بسته': [<class 'decimal.ConversionSyntax'>]
2025-08-06 11:18:57,773 - ERROR - Failed to parse number 'های': [<class 'decimal.ConversionSyntax'>]
2025-08-06 11:18:57,773 - ERROR - Failed to parse number 'پر': [<class 'decimal.ConversionSyntax'>]
2025-08-06 11:18:57,773 - INFO - No amount-unit match found in text: خاک ژله ای چهار عددی شفاف و قرمز بسته های پر
2025-08-06 11:18:59,176 - DEBUG - UnitExtractor initialized with 85 unit mappings and 3 package patterns
2025-08-06 11:18:59,176 - ERROR - Failed to parse number 'خاک': [<class 'decimal.ConversionSyntax'>]
2025-08-06 11:18:59,176 - ERROR - Failed to parse number 'کاکتوس': [<class 'decimal.ConversionSyntax'>]
2025-08-06 11:18:59,176 - ERROR - Failed to parse number 'خاک': [<class 'decimal.ConversionSyntax'>]
2025-08-06 11:18:59,176 - ERROR - Failed to parse number 'مخصوص': [<class 'decimal.ConversionSyntax'>]
2025-08-06 11:18:59,176 - INFO - No amount-unit match found in text: خاک کاکتوس خاک مخصوص
2025-08-06 11:19:00,581 - DEBUG - UnitExtractor initialized with 85 unit mappings and 3 package patterns
2025-08-06 11:19:00,581 - ERROR - Failed to parse number 'خاک': [<class 'decimal.ConversionSyntax'>]
2025-08-06 11:19:00,581 - ERROR - Failed to parse number 'رس': [<class 'decimal.ConversionSyntax'>]
2025-08-06 11:19:00,581 - ERROR - Failed to parse number 'بنتونیت': [<class 'decimal.ConversionSyntax'>]
2025-08-06 11:19:00,581 - ERROR - Failed to parse number 'لیفت': [<class 'decimal.ConversionSyntax'>]
2025-08-06 11:19:00,581 - ERROR - Failed to parse number 'قوی': [<class 'decimal.ConversionSyntax'>]
2025-08-06 11:19:00,581 - ERROR - Failed to parse number 'صورت': [<class 'decimal.ConversionSyntax'>]
2025-08-06 11:19:00,581 - ERROR - Failed to parse number 'وجوش': [<class 'decimal.ConversionSyntax'>]
2025-08-06 11:19:00,581 - ERROR - Failed to parse number 'سرسیاه': [<class 'decimal.ConversionSyntax'>]
2025-08-06 11:19:00,581 - ERROR - Failed to parse number 'بستن': [<class 'decimal.ConversionSyntax'>]
2025-08-06 11:19:00,581 - ERROR - Failed to parse number 'منافذ': [<class 'decimal.ConversionSyntax'>]
2025-08-06 11:19:00,581 - INFO - No amount-unit match found in text: خاک رس بنتونیت لیفت قوی صورت وجوش سرسیاه بستن منافذ
2025-08-06 11:19:01,953 - DEBUG - UnitExtractor initialized with 85 unit mappings and 3 package patterns
2025-08-06 11:19:01,953 - DEBUG - Extracted 200 گرمی -> 0.200 kg
2025-08-06 11:19:03,477 - DEBUG - UnitExtractor initialized with 85 unit mappings and 3 package patterns
2025-08-06 11:19:03,477 - ERROR - Failed to parse number 'خاک': [<class 'decimal.ConversionSyntax'>]
2025-08-06 11:19:03,477 - ERROR - Failed to parse number 'مخصوص': [<class 'decimal.ConversionSyntax'>]
2025-08-06 11:19:03,477 - ERROR - Failed to parse number 'بنفشه': [<class 'decimal.ConversionSyntax'>]
2025-08-06 11:19:03,477 - ERROR - Failed to parse number 'آفریقایی': [<class 'decimal.ConversionSyntax'>]
2025-08-06 11:19:03,477 - ERROR - Failed to parse number 'نوج': [<class 'decimal.ConversionSyntax'>]
2025-08-06 11:19:03,477 - ERROR - Failed to parse number 'ارسال': [<class 'decimal.ConversionSyntax'>]
2025-08-06 11:19:03,477 - ERROR - Failed to parse number 'با': [<class 'decimal.ConversionSyntax'>]
2025-08-06 11:19:03,477 - ERROR - Failed to parse number 'پست': [<class 'decimal.ConversionSyntax'>]
2025-08-06 11:19:03,477 - INFO - No amount-unit match found in text: خاک مخصوص بنفشه آفریقایی نوج ارسال با پست
2025-08-06 11:19:04,903 - DEBUG - UnitExtractor initialized with 85 unit mappings and 3 package patterns
2025-08-06 11:19:04,903 - ERROR - Failed to parse number 'خاک': [<class 'decimal.ConversionSyntax'>]
2025-08-06 11:19:04,903 - ERROR - Failed to parse number 'برگ': [<class 'decimal.ConversionSyntax'>]
2025-08-06 11:19:04,903 - ERROR - Failed to parse number 'وکاکتوس': [<class 'decimal.ConversionSyntax'>]
2025-08-06 11:19:04,903 - ERROR - Failed to parse number 'و': [<class 'decimal.ConversionSyntax'>]
2025-08-06 11:19:04,904 - ERROR - Failed to parse number 'پرلیت': [<class 'decimal.ConversionSyntax'>]
2025-08-06 11:19:04,904 - ERROR - Failed to parse number 'و': [<class 'decimal.ConversionSyntax'>]
2025-08-06 11:19:04,904 - ERROR - Failed to parse number 'پوکه': [<class 'decimal.ConversionSyntax'>]
2025-08-06 11:19:04,904 - ERROR - Failed to parse number 'مناسب': [<class 'decimal.ConversionSyntax'>]
2025-08-06 11:19:04,904 - ERROR - Failed to parse number 'برای': [<class 'decimal.ConversionSyntax'>]
2025-08-06 11:19:04,904 - ERROR - Failed to parse number 'گیاهان': [<class 'decimal.ConversionSyntax'>]
2025-08-06 11:19:04,904 - ERROR - Failed to parse number 'آپارتمانی': [<class 'decimal.ConversionSyntax'>]
2025-08-06 11:19:04,904 - ERROR - Failed to parse number 'و': [<class 'decimal.ConversionSyntax'>]
2025-08-06 11:19:04,904 - ERROR - Failed to parse number 'کاکتوسها': [<class 'decimal.ConversionSyntax'>]
2025-08-06 11:19:04,904 - ERROR - Failed to parse number 'هزینه': [<class 'decimal.ConversionSyntax'>]
2025-08-06 11:19:04,904 - ERROR - Failed to parse number 'ارسال': [<class 'decimal.ConversionSyntax'>]
2025-08-06 11:19:04,904 - ERROR - Failed to parse number 'بصورت': [<class 'decimal.ConversionSyntax'>]
2025-08-06 11:19:04,904 - ERROR - Failed to parse number 'پسکرایه': [<class 'decimal.ConversionSyntax'>]
2025-08-06 11:19:04,904 - ERROR - Failed to parse number 'و': [<class 'decimal.ConversionSyntax'>]
2025-08-06 11:19:04,904 - ERROR - Failed to parse number 'به': [<class 'decimal.ConversionSyntax'>]
2025-08-06 11:19:04,904 - ERROR - Failed to parse number 'عهده': [<class 'decimal.ConversionSyntax'>]
2025-08-06 11:19:04,904 - ERROR - Failed to parse number 'مشتری': [<class 'decimal.ConversionSyntax'>]
2025-08-06 11:19:04,904 - ERROR - Failed to parse number 'میباشد': [<class 'decimal.ConversionSyntax'>]
2025-08-06 11:19:04,904 - INFO - No amount-unit match found in text: خاک برگ وکاکتوس و پرلیت و پوکه مناسب برای گیاهان آپارتمانی و کاکتوسها هزینه ارسال بصورت پسکرایه و به عهده مشتری میباشد
2025-08-06 11:19:08,602 - DEBUG - UnitExtractor initialized with 85 unit mappings and 3 package patterns
2025-08-06 11:19:08,602 - ERROR - Failed to parse number 'خاک': [<class 'decimal.ConversionSyntax'>]
2025-08-06 11:19:08,602 - ERROR - Failed to parse number 'معطر': [<class 'decimal.ConversionSyntax'>]
2025-08-06 11:19:08,602 - ERROR - Failed to parse number 'نیروانا': [<class 'decimal.ConversionSyntax'>]
2025-08-06 11:19:08,602 - ERROR - Failed to parse number 'مدل': [<class 'decimal.ConversionSyntax'>]
2025-08-06 11:19:08,602 - ERROR - Failed to parse number 'آنجل': [<class 'decimal.ConversionSyntax'>]
2025-08-06 11:19:08,602 - ERROR - Failed to parse number '(ملک)': [<class 'decimal.ConversionSyntax'>]
2025-08-06 11:19:08,602 - INFO - No amount-unit match found in text: خاک معطر نیروانا مدل آنجل (ملک)
2025-08-06 11:19:09,963 - DEBUG - UnitExtractor initialized with 85 unit mappings and 3 package patterns
2025-08-06 11:19:09,963 - DEBUG - Extracted 200 گرمی -> 0.200 kg
2025-08-06 11:19:11,446 - DEBUG - UnitExtractor initialized with 85 unit mappings and 3 package patterns
2025-08-06 11:19:11,446 - ERROR - Failed to parse number 'خاک': [<class 'decimal.ConversionSyntax'>]
2025-08-06 11:19:11,446 - ERROR - Failed to parse number 'ژله': [<class 'decimal.ConversionSyntax'>]
2025-08-06 11:19:11,446 - ERROR - Failed to parse number 'ای': [<class 'decimal.ConversionSyntax'>]
2025-08-06 11:19:11,446 - ERROR - Failed to parse number 'رنگی': [<class 'decimal.ConversionSyntax'>]
2025-08-06 11:19:11,446 - ERROR - Failed to parse number 'مدل': [<class 'decimal.ConversionSyntax'>]
2025-08-06 11:19:11,446 - ERROR - Failed to parse number 'Seven': [<class 'decimal.ConversionSyntax'>]
2025-08-06 11:19:11,446 - ERROR - Failed to parse number 'Color،مناسب': [<class 'decimal.ConversionSyntax'>]
2025-08-06 11:19:11,446 - ERROR - Failed to parse number 'برای': [<class 'decimal.ConversionSyntax'>]
2025-08-06 11:19:11,446 - ERROR - Failed to parse number 'سبزه،گلها،گلدان': [<class 'decimal.ConversionSyntax'>]
2025-08-06 11:19:11,446 - ERROR - Failed to parse number 'آکواریوم،تنگ': [<class 'decimal.ConversionSyntax'>]
2025-08-06 11:19:11,446 - ERROR - Failed to parse number 'آب': [<class 'decimal.ConversionSyntax'>]
2025-08-06 11:19:11,446 - ERROR - Failed to parse number 'و...': [<class 'decimal.ConversionSyntax'>]
2025-08-06 11:19:11,446 - ERROR - Failed to parse number '(تخفیف': [<class 'decimal.ConversionSyntax'>]
2025-08-06 11:19:11,446 - ERROR - Failed to parse number 'ویژه)': [<class 'decimal.ConversionSyntax'>]
2025-08-06 11:19:11,446 - INFO - No amount-unit match found in text: خاک ژله ای رنگی مدل Seven Color،مناسب برای سبزه،گلها،گلدان آکواریوم،تنگ آب و... (تخفیف ویژه)
2025-08-06 11:19:12,868 - DEBUG - UnitExtractor initialized with 85 unit mappings and 3 package patterns
2025-08-06 11:19:12,868 - DEBUG - Extracted 6 لیتری -> 6.0 kg
2025-08-06 11:19:14,341 - DEBUG - UnitExtractor initialized with 85 unit mappings and 3 package patterns
2025-08-06 11:19:14,341 - DEBUG - Extracted 3 لیتری -> 3.0 kg
2025-08-06 11:19:15,806 - DEBUG - UnitExtractor initialized with 85 unit mappings and 3 package patterns
2025-08-06 11:19:15,806 - DEBUG - Extracted 3 لیتری -> 3.0 kg
2025-08-06 11:19:17,431 - DEBUG - UnitExtractor initialized with 85 unit mappings and 3 package patterns
2025-08-06 11:19:17,431 - DEBUG - Extracted 4 لیتری -> 4.0 kg
2025-08-06 11:19:18,951 - DEBUG - UnitExtractor initialized with 85 unit mappings and 3 package patterns
2025-08-06 11:19:18,951 - ERROR - Failed to parse number 'خاک': [<class 'decimal.ConversionSyntax'>]
2025-08-06 11:19:18,951 - ERROR - Failed to parse number 'دیاموته': [<class 'decimal.ConversionSyntax'>]
2025-08-06 11:19:18,951 - ERROR - Failed to parse number 'و': [<class 'decimal.ConversionSyntax'>]
2025-08-06 11:19:18,951 - ERROR - Failed to parse number 'سه': [<class 'decimal.ConversionSyntax'>]
2025-08-06 11:19:18,951 - ERROR - Failed to parse number 'سم': [<class 'decimal.ConversionSyntax'>]
2025-08-06 11:19:18,951 - ERROR - Failed to parse number 'قوی': [<class 'decimal.ConversionSyntax'>]
2025-08-06 11:19:18,951 - ERROR - Failed to parse number 'کشنده': [<class 'decimal.ConversionSyntax'>]
2025-08-06 11:19:18,951 - ERROR - Failed to parse number 'حیوانات': [<class 'decimal.ConversionSyntax'>]
2025-08-06 11:19:18,951 - ERROR - Failed to parse number 'موزی': [<class 'decimal.ConversionSyntax'>]
2025-08-06 11:19:18,951 - INFO - No amount-unit match found in text: خاک دیاموته و سه سم قوی کشنده حیوانات موزی
2025-08-06 11:19:20,546 - DEBUG - UnitExtractor initialized with 85 unit mappings and 3 package patterns
2025-08-06 11:19:20,546 - ERROR - Failed to parse number 'خاک': [<class 'decimal.ConversionSyntax'>]
2025-08-06 11:19:20,547 - ERROR - Failed to parse number 'انداز': [<class 'decimal.ConversionSyntax'>]
2025-08-06 11:19:20,547 - ERROR - Failed to parse number 'ونوس': [<class 'decimal.ConversionSyntax'>]
2025-08-06 11:19:20,547 - INFO - No amount-unit match found in text: خاک انداز ونوس
2025-08-06 11:19:22,134 - DEBUG - UnitExtractor initialized with 85 unit mappings and 3 package patterns
2025-08-06 11:19:22,135 - ERROR - Failed to parse number 'خاک': [<class 'decimal.ConversionSyntax'>]
2025-08-06 11:19:22,135 - ERROR - Failed to parse number 'رس': [<class 'decimal.ConversionSyntax'>]
2025-08-06 11:19:22,135 - ERROR - Failed to parse number 'سفید': [<class 'decimal.ConversionSyntax'>]
2025-08-06 11:19:22,135 - ERROR - Failed to parse number 'پروبیوتی': [<class 'decimal.ConversionSyntax'>]
2025-08-06 11:19:22,135 - INFO - No amount-unit match found in text: خاک رس سفید پروبیوتی
2025-08-06 11:19:23,601 - DEBUG - UnitExtractor initialized with 85 unit mappings and 3 package patterns
2025-08-06 11:19:23,601 - DEBUG - Extracted 5 لیتری -> 5.0 kg
2025-08-06 11:19:25,197 - DEBUG - UnitExtractor initialized with 85 unit mappings and 3 package patterns
2025-08-06 11:19:25,197 - DEBUG - Extracted 1 کیلویی -> 1.0 kg
2025-08-06 11:19:26,584 - DEBUG - UnitExtractor initialized with 85 unit mappings and 3 package patterns
2025-08-06 11:19:26,584 - ERROR - Failed to parse number 'خاک': [<class 'decimal.ConversionSyntax'>]
2025-08-06 11:19:26,584 - ERROR - Failed to parse number 'مخصوص': [<class 'decimal.ConversionSyntax'>]
2025-08-06 11:19:26,584 - ERROR - Failed to parse number 'قلمه': [<class 'decimal.ConversionSyntax'>]
2025-08-06 11:19:26,584 - ERROR - Failed to parse number 'زنی': [<class 'decimal.ConversionSyntax'>]
2025-08-06 11:19:26,584 - INFO - No amount-unit match found in text: خاک مخصوص قلمه زنی
2025-08-06 11:19:27,976 - DEBUG - UnitExtractor initialized with 85 unit mappings and 3 package patterns
2025-08-06 11:19:27,976 - DEBUG - Extracted 1.5 لیتری -> 1.50 kg
2025-08-06 11:19:29,351 - DEBUG - UnitExtractor initialized with 85 unit mappings and 3 package patterns
2025-08-06 11:19:29,351 - ERROR - Failed to parse number 'خاک': [<class 'decimal.ConversionSyntax'>]
2025-08-06 11:19:29,351 - ERROR - Failed to parse number 'رس': [<class 'decimal.ConversionSyntax'>]
2025-08-06 11:19:29,351 - ERROR - Failed to parse number 'بنتونیت': [<class 'decimal.ConversionSyntax'>]
2025-08-06 11:19:29,351 - ERROR - Failed to parse number 'لیفت': [<class 'decimal.ConversionSyntax'>]
2025-08-06 11:19:29,351 - ERROR - Failed to parse number 'قوی': [<class 'decimal.ConversionSyntax'>]
2025-08-06 11:19:29,351 - ERROR - Failed to parse number 'صورت': [<class 'decimal.ConversionSyntax'>]
2025-08-06 11:19:29,351 - ERROR - Failed to parse number 'وجوش': [<class 'decimal.ConversionSyntax'>]
2025-08-06 11:19:29,352 - ERROR - Failed to parse number 'سرسیاه': [<class 'decimal.ConversionSyntax'>]
2025-08-06 11:19:29,352 - ERROR - Failed to parse number 'بستن': [<class 'decimal.ConversionSyntax'>]
2025-08-06 11:19:29,352 - ERROR - Failed to parse number 'منافذ': [<class 'decimal.ConversionSyntax'>]
2025-08-06 11:19:29,352 - INFO - No amount-unit match found in text: خاک رس بنتونیت لیفت قوی صورت وجوش سرسیاه بستن منافذ
2025-08-06 11:19:30,785 - DEBUG - UnitExtractor initialized with 85 unit mappings and 3 package patterns
2025-08-06 11:19:30,786 - DEBUG - Extracted 1 لیتری -> 1.0 kg
2025-08-06 11:19:32,331 - DEBUG - UnitExtractor initialized with 85 unit mappings and 3 package patterns
2025-08-06 11:19:32,331 - ERROR - Failed to parse number 'خاک': [<class 'decimal.ConversionSyntax'>]
2025-08-06 11:19:32,331 - ERROR - Failed to parse number 'ژله': [<class 'decimal.ConversionSyntax'>]
2025-08-06 11:19:32,331 - ERROR - Failed to parse number 'ای': [<class 'decimal.ConversionSyntax'>]
2025-08-06 11:19:32,331 - ERROR - Failed to parse number 'سفید': [<class 'decimal.ConversionSyntax'>]
2025-08-06 11:19:32,331 - ERROR - Failed to parse number 'و': [<class 'decimal.ConversionSyntax'>]
2025-08-06 11:19:32,331 - ERROR - Failed to parse number 'رنگی': [<class 'decimal.ConversionSyntax'>]
2025-08-06 11:19:32,331 - INFO - No amount-unit match found in text: خاک ژله ای سفید و رنگی
2025-08-06 11:19:33,771 - DEBUG - UnitExtractor initialized with 85 unit mappings and 3 package patterns
2025-08-06 11:19:33,771 - ERROR - Failed to parse number 'خاک': [<class 'decimal.ConversionSyntax'>]
2025-08-06 11:19:33,771 - ERROR - Failed to parse number 'شیرسوپردرجه': [<class 'decimal.ConversionSyntax'>]
2025-08-06 11:19:33,771 - ERROR - Failed to parse number 'یک': [<class 'decimal.ConversionSyntax'>]
2025-08-06 11:19:33,771 - INFO - No amount-unit match found in text: خاک شیرسوپردرجه یک
2025-08-06 11:19:35,177 - DEBUG - UnitExtractor initialized with 85 unit mappings and 3 package patterns
2025-08-06 11:19:35,177 - ERROR - Failed to parse number 'خاک': [<class 'decimal.ConversionSyntax'>]
2025-08-06 11:19:35,177 - ERROR - Failed to parse number 'گلدان.خاک': [<class 'decimal.ConversionSyntax'>]
2025-08-06 11:19:35,177 - ERROR - Failed to parse number 'کیاه.خاک.خواک': [<class 'decimal.ConversionSyntax'>]
2025-08-06 11:19:35,177 - ERROR - Failed to parse number 'بسته': [<class 'decimal.ConversionSyntax'>]
2025-08-06 11:19:35,177 - ERROR - Failed to parse number 'بندی': [<class 'decimal.ConversionSyntax'>]
2025-08-06 11:19:35,177 - INFO - No amount-unit match found in text: خاک گلدان.خاک کیاه.خاک.خواک بسته بندی
2025-08-06 11:19:36,638 - DEBUG - UnitExtractor initialized with 85 unit mappings and 3 package patterns
2025-08-06 11:19:36,638 - DEBUG - Extracted 3 گرم -> 0.003 kg
2025-08-06 11:19:38,089 - DEBUG - UnitExtractor initialized with 85 unit mappings and 3 package patterns
2025-08-06 11:19:38,089 - DEBUG - Extracted 4 لیتری -> 4.0 kg
2025-08-06 11:19:39,493 - DEBUG - UnitExtractor initialized with 85 unit mappings and 3 package patterns
2025-08-06 11:19:39,493 - DEBUG - Extracted 16 لیتری -> 16.0 kg
2025-08-06 11:19:41,007 - DEBUG - UnitExtractor initialized with 85 unit mappings and 3 package patterns
2025-08-06 11:19:41,007 - DEBUG - Extracted 3 لیتری -> 3.0 kg
2025-08-06 11:19:42,458 - DEBUG - UnitExtractor initialized with 85 unit mappings and 3 package patterns
2025-08-06 11:19:42,458 - DEBUG - Package extracted 30 units -> 0.120 kg
2025-08-06 11:19:43,885 - DEBUG - UnitExtractor initialized with 85 unit mappings and 3 package patterns
2025-08-06 11:19:43,885 - DEBUG - Extracted 8 لیتر -> 8.0 kg
2025-08-06 11:19:45,568 - DEBUG - UnitExtractor initialized with 85 unit mappings and 3 package patterns
2025-08-06 11:19:45,568 - ERROR - Failed to parse number 'خاک': [<class 'decimal.ConversionSyntax'>]
2025-08-06 11:19:45,568 - ERROR - Failed to parse number 'گل': [<class 'decimal.ConversionSyntax'>]
2025-08-06 11:19:45,568 - ERROR - Failed to parse number 'ارکیده': [<class 'decimal.ConversionSyntax'>]
2025-08-06 11:19:45,568 - ERROR - Failed to parse number 'باغبان': [<class 'decimal.ConversionSyntax'>]
2025-08-06 11:19:45,568 - INFO - No amount-unit match found in text: خاک گل ارکیده باغبان
2025-08-06 11:19:46,968 - DEBUG - UnitExtractor initialized with 85 unit mappings and 3 package patterns
2025-08-06 11:19:46,968 - DEBUG - Extracted 4 لیتری -> 4.0 kg
2025-08-06 11:19:48,377 - DEBUG - UnitExtractor initialized with 85 unit mappings and 3 package patterns
2025-08-06 11:19:48,377 - ERROR - Failed to parse number 'خاک': [<class 'decimal.ConversionSyntax'>]
2025-08-06 11:19:48,377 - ERROR - Failed to parse number 'پیتماس': [<class 'decimal.ConversionSyntax'>]
2025-08-06 11:19:48,377 - ERROR - Failed to parse number 'المانی': [<class 'decimal.ConversionSyntax'>]
2025-08-06 11:19:48,377 - ERROR - Failed to parse number 'با': [<class 'decimal.ConversionSyntax'>]
2025-08-06 11:19:48,377 - ERROR - Failed to parse number 'کیفیت': [<class 'decimal.ConversionSyntax'>]
2025-08-06 11:19:48,377 - INFO - No amount-unit match found in text: خاک پیتماس المانی با کیفیت
2025-08-06 11:19:49,822 - DEBUG - UnitExtractor initialized with 85 unit mappings and 3 package patterns
2025-08-06 11:19:49,822 - ERROR - Failed to parse number 'خاک': [<class 'decimal.ConversionSyntax'>]
2025-08-06 11:19:49,822 - ERROR - Failed to parse number 'رس': [<class 'decimal.ConversionSyntax'>]
2025-08-06 11:19:49,822 - ERROR - Failed to parse number 'طبی': [<class 'decimal.ConversionSyntax'>]
2025-08-06 11:19:49,822 - INFO - No amount-unit match found in text: خاک رس طبی
2025-08-06 11:19:51,288 - DEBUG - UnitExtractor initialized with 85 unit mappings and 3 package patterns
2025-08-06 11:19:51,288 - DEBUG - Extracted 4 لیتر -> 4.0 kg
2025-08-06 11:19:52,684 - DEBUG - UnitExtractor initialized with 85 unit mappings and 3 package patterns
2025-08-06 11:19:52,684 - DEBUG - Extracted 2000 گرمی -> 2.000 kg
2025-08-06 11:19:54,053 - DEBUG - UnitExtractor initialized with 85 unit mappings and 3 package patterns
2025-08-06 11:19:54,053 - ERROR - Failed to parse number 'خاک': [<class 'decimal.ConversionSyntax'>]
2025-08-06 11:19:54,053 - ERROR - Failed to parse number 'گل': [<class 'decimal.ConversionSyntax'>]
2025-08-06 11:19:54,053 - ERROR - Failed to parse number 'و': [<class 'decimal.ConversionSyntax'>]
2025-08-06 11:19:54,053 - ERROR - Failed to parse number 'گیاه': [<class 'decimal.ConversionSyntax'>]
2025-08-06 11:19:54,053 - ERROR - Failed to parse number 'صادراتی': [<class 'decimal.ConversionSyntax'>]
2025-08-06 11:19:54,053 - ERROR - Failed to parse number 'گلدانی': [<class 'decimal.ConversionSyntax'>]
2025-08-06 11:19:54,053 - ERROR - Failed to parse number 'بسته': [<class 'decimal.ConversionSyntax'>]
2025-08-06 11:19:54,053 - ERROR - Failed to parse number 'سه': [<class 'decimal.ConversionSyntax'>]
2025-08-06 11:19:54,053 - ERROR - Failed to parse number 'و': [<class 'decimal.ConversionSyntax'>]
2025-08-06 11:19:54,053 - ERROR - Failed to parse number 'نیم': [<class 'decimal.ConversionSyntax'>]
2025-08-06 11:19:54,053 - ERROR - Failed to parse number 'کیلویی': [<class 'decimal.ConversionSyntax'>]
2025-08-06 11:19:54,053 - INFO - No amount-unit match found in text: خاک گل و گیاه صادراتی گلدانی بسته سه و نیم کیلویی
2025-08-06 11:19:55,446 - DEBUG - UnitExtractor initialized with 85 unit mappings and 3 package patterns
2025-08-06 11:19:55,446 - DEBUG - Package extracted 40 units -> 0.160 kg
2025-08-06 11:19:56,869 - DEBUG - UnitExtractor initialized with 85 unit mappings and 3 package patterns
2025-08-06 11:19:56,869 - ERROR - Failed to parse number 'خاک': [<class 'decimal.ConversionSyntax'>]
2025-08-06 11:19:56,870 - ERROR - Failed to parse number 'ژله': [<class 'decimal.ConversionSyntax'>]
2025-08-06 11:19:56,870 - ERROR - Failed to parse number 'ای': [<class 'decimal.ConversionSyntax'>]
2025-08-06 11:19:56,870 - ERROR - Failed to parse number 'بی': [<class 'decimal.ConversionSyntax'>]
2025-08-06 11:19:56,870 - ERROR - Failed to parse number 'رنگ': [<class 'decimal.ConversionSyntax'>]
2025-08-06 11:19:56,870 - INFO - No amount-unit match found in text: خاک ژله ای بی رنگ
2025-08-06 11:19:58,276 - DEBUG - UnitExtractor initialized with 85 unit mappings and 3 package patterns
2025-08-06 11:19:58,276 - ERROR - Failed to parse number 'خاک': [<class 'decimal.ConversionSyntax'>]
2025-08-06 11:19:58,276 - ERROR - Failed to parse number 'دیاتومه': [<class 'decimal.ConversionSyntax'>]
2025-08-06 11:19:58,276 - ERROR - Failed to parse number 'برای': [<class 'decimal.ConversionSyntax'>]
2025-08-06 11:19:58,277 - ERROR - Failed to parse number 'دفع': [<class 'decimal.ConversionSyntax'>]
2025-08-06 11:19:58,277 - ERROR - Failed to parse number 'حشرات': [<class 'decimal.ConversionSyntax'>]
2025-08-06 11:19:58,277 - ERROR - Failed to parse number 'موزی': [<class 'decimal.ConversionSyntax'>]
2025-08-06 11:19:58,277 - ERROR - Failed to parse number 'دربسته': [<class 'decimal.ConversionSyntax'>]
2025-08-06 11:19:58,277 - ERROR - Failed to parse number 'بندی250': [<class 'decimal.ConversionSyntax'>]
2025-08-06 11:19:58,277 - INFO - No amount-unit match found in text: خاک دیاتومه برای دفع حشرات موزی دربسته بندی250
2025-08-06 11:19:59,710 - DEBUG - UnitExtractor initialized with 85 unit mappings and 3 package patterns
2025-08-06 11:19:59,710 - DEBUG - Extracted 500 گرم -> 0.500 kg
2025-08-06 11:20:01,118 - DEBUG - UnitExtractor initialized with 85 unit mappings and 3 package patterns
2025-08-06 11:20:01,118 - DEBUG - Package extracted 5 units -> 0.020 kg
2025-08-06 11:20:02,482 - DEBUG - UnitExtractor initialized with 85 unit mappings and 3 package patterns
2025-08-06 11:20:02,482 - DEBUG - Extracted 200 گرم -> 0.200 kg
2025-08-06 11:20:03,856 - DEBUG - UnitExtractor initialized with 85 unit mappings and 3 package patterns
2025-08-06 11:20:03,856 - ERROR - Failed to parse number 'خاک': [<class 'decimal.ConversionSyntax'>]
2025-08-06 11:20:03,856 - ERROR - Failed to parse number 'ژله': [<class 'decimal.ConversionSyntax'>]
2025-08-06 11:20:03,856 - ERROR - Failed to parse number 'ای': [<class 'decimal.ConversionSyntax'>]
2025-08-06 11:20:03,856 - ERROR - Failed to parse number 'تک': [<class 'decimal.ConversionSyntax'>]
2025-08-06 11:20:03,856 - ERROR - Failed to parse number 'رنگ': [<class 'decimal.ConversionSyntax'>]
2025-08-06 11:20:03,856 - ERROR - Failed to parse number 'مدل': [<class 'decimal.ConversionSyntax'>]
2025-08-06 11:20:03,856 - ERROR - Failed to parse number 'Seven': [<class 'decimal.ConversionSyntax'>]
2025-08-06 11:20:03,856 - ERROR - Failed to parse number 'Color،مناسب': [<class 'decimal.ConversionSyntax'>]
2025-08-06 11:20:03,856 - ERROR - Failed to parse number 'برای': [<class 'decimal.ConversionSyntax'>]
2025-08-06 11:20:03,856 - ERROR - Failed to parse number 'سبزه،گلها،گلدان': [<class 'decimal.ConversionSyntax'>]
2025-08-06 11:20:03,856 - ERROR - Failed to parse number 'آکواریوم،تنگ': [<class 'decimal.ConversionSyntax'>]
2025-08-06 11:20:03,856 - ERROR - Failed to parse number 'آب': [<class 'decimal.ConversionSyntax'>]
2025-08-06 11:20:03,856 - ERROR - Failed to parse number 'و...': [<class 'decimal.ConversionSyntax'>]
2025-08-06 11:20:03,856 - ERROR - Failed to parse number '(تخفیف': [<class 'decimal.ConversionSyntax'>]
2025-08-06 11:20:03,856 - ERROR - Failed to parse number 'ویژه)': [<class 'decimal.ConversionSyntax'>]
2025-08-06 11:20:03,856 - INFO - No amount-unit match found in text: خاک ژله ای تک رنگ مدل Seven Color،مناسب برای سبزه،گلها،گلدان آکواریوم،تنگ آب و... (تخفیف ویژه)
2025-08-06 11:20:05,220 - DEBUG - UnitExtractor initialized with 85 unit mappings and 3 package patterns
2025-08-06 11:20:05,221 - ERROR - Failed to parse number 'خاک': [<class 'decimal.ConversionSyntax'>]
2025-08-06 11:20:05,221 - ERROR - Failed to parse number 'ژله': [<class 'decimal.ConversionSyntax'>]
2025-08-06 11:20:05,221 - ERROR - Failed to parse number 'رنگی': [<class 'decimal.ConversionSyntax'>]
2025-08-06 11:20:05,221 - ERROR - Failed to parse number 'seven': [<class 'decimal.ConversionSyntax'>]
2025-08-06 11:20:05,221 - ERROR - Failed to parse number 'color': [<class 'decimal.ConversionSyntax'>]
2025-08-06 11:20:05,221 - INFO - No amount-unit match found in text: خاک ژله رنگی seven color
2025-08-06 11:20:06,644 - DEBUG - UnitExtractor initialized with 85 unit mappings and 3 package patterns
2025-08-06 11:20:06,644 - DEBUG - Extracted 1 کیلو -> 1.0 kg
2025-08-06 11:20:08,014 - DEBUG - UnitExtractor initialized with 85 unit mappings and 3 package patterns
2025-08-06 11:20:08,014 - DEBUG - Extracted 250 گرم -> 0.250 kg
2025-08-06 11:20:09,392 - DEBUG - UnitExtractor initialized with 85 unit mappings and 3 package patterns
2025-08-06 11:20:09,392 - DEBUG - Extracted 4 لیتری -> 4.0 kg
2025-08-06 11:20:10,790 - DEBUG - UnitExtractor initialized with 85 unit mappings and 3 package patterns
2025-08-06 11:20:10,791 - ERROR - Failed to parse number 'خاک': [<class 'decimal.ConversionSyntax'>]
2025-08-06 11:20:10,791 - ERROR - Failed to parse number 'مخصوص': [<class 'decimal.ConversionSyntax'>]
2025-08-06 11:20:10,791 - ERROR - Failed to parse number 'بنفشه': [<class 'decimal.ConversionSyntax'>]
2025-08-06 11:20:10,791 - ERROR - Failed to parse number 'آفریقایی': [<class 'decimal.ConversionSyntax'>]
2025-08-06 11:20:10,791 - INFO - No amount-unit match found in text: خاک مخصوص بنفشه آفریقایی
2025-08-06 11:20:12,184 - DEBUG - UnitExtractor initialized with 85 unit mappings and 3 package patterns
2025-08-06 11:20:12,184 - ERROR - Failed to parse number 'خاک': [<class 'decimal.ConversionSyntax'>]
2025-08-06 11:20:12,184 - ERROR - Failed to parse number 'کامل': [<class 'decimal.ConversionSyntax'>]
2025-08-06 11:20:12,184 - ERROR - Failed to parse number 'گلای': [<class 'decimal.ConversionSyntax'>]
2025-08-06 11:20:12,184 - ERROR - Failed to parse number 'بیرونی': [<class 'decimal.ConversionSyntax'>]
2025-08-06 11:20:12,184 - ERROR - Failed to parse number '،اپارتمانی': [<class 'decimal.ConversionSyntax'>]
2025-08-06 11:20:12,184 - ERROR - Failed to parse number 'نشاعی': [<class 'decimal.ConversionSyntax'>]
2025-08-06 11:20:12,184 - ERROR - Failed to parse number '،پوست': [<class 'decimal.ConversionSyntax'>]
2025-08-06 11:20:12,184 - ERROR - Failed to parse number 'بادام': [<class 'decimal.ConversionSyntax'>]
2025-08-06 11:20:12,184 - INFO - No amount-unit match found in text: خاک کامل گلای بیرونی ،اپارتمانی نشاعی ،پوست بادام
2025-08-06 11:20:13,555 - DEBUG - UnitExtractor initialized with 85 unit mappings and 3 package patterns
2025-08-06 11:20:13,555 - ERROR - Failed to parse number 'خاک': [<class 'decimal.ConversionSyntax'>]
2025-08-06 11:20:13,555 - ERROR - Failed to parse number 'مخصوص': [<class 'decimal.ConversionSyntax'>]
2025-08-06 11:20:13,555 - ERROR - Failed to parse number 'کاکتوس': [<class 'decimal.ConversionSyntax'>]
2025-08-06 11:20:13,555 - ERROR - Failed to parse number 'و': [<class 'decimal.ConversionSyntax'>]
2025-08-06 11:20:13,555 - ERROR - Failed to parse number 'ساکولنت': [<class 'decimal.ConversionSyntax'>]
2025-08-06 11:20:13,555 - INFO - No amount-unit match found in text: خاک مخصوص کاکتوس و ساکولنت
2025-08-06 11:20:14,950 - DEBUG - UnitExtractor initialized with 85 unit mappings and 3 package patterns
2025-08-06 11:20:14,951 - ERROR - Failed to parse number 'خاک': [<class 'decimal.ConversionSyntax'>]
2025-08-06 11:20:14,951 - ERROR - Failed to parse number 'کوکوپیت': [<class 'decimal.ConversionSyntax'>]
2025-08-06 11:20:14,951 - ERROR - Failed to parse number 'گلیار': [<class 'decimal.ConversionSyntax'>]
2025-08-06 11:20:14,951 - ERROR - Failed to parse number 'مناسب': [<class 'decimal.ConversionSyntax'>]
2025-08-06 11:20:14,951 - ERROR - Failed to parse number 'برای': [<class 'decimal.ConversionSyntax'>]
2025-08-06 11:20:14,951 - ERROR - Failed to parse number 'کاشت': [<class 'decimal.ConversionSyntax'>]
2025-08-06 11:20:14,951 - ERROR - Failed to parse number 'قلمه': [<class 'decimal.ConversionSyntax'>]
2025-08-06 11:20:14,951 - ERROR - Failed to parse number 'های': [<class 'decimal.ConversionSyntax'>]
2025-08-06 11:20:14,951 - ERROR - Failed to parse number 'حساس': [<class 'decimal.ConversionSyntax'>]
2025-08-06 11:20:14,951 - ERROR - Failed to parse number 'و': [<class 'decimal.ConversionSyntax'>]
2025-08-06 11:20:14,951 - ERROR - Failed to parse number 'گیاهان': [<class 'decimal.ConversionSyntax'>]
2025-08-06 11:20:14,951 - ERROR - Failed to parse number 'آپارتمانی': [<class 'decimal.ConversionSyntax'>]
2025-08-06 11:20:14,951 - INFO - No amount-unit match found in text: خاک کوکوپیت گلیار مناسب برای کاشت قلمه های حساس و گیاهان آپارتمانی
2025-08-06 11:20:16,319 - DEBUG - UnitExtractor initialized with 85 unit mappings and 3 package patterns
2025-08-06 11:20:16,319 - ERROR - Failed to parse number 'خاک': [<class 'decimal.ConversionSyntax'>]
2025-08-06 11:20:16,319 - ERROR - Failed to parse number 'انداز': [<class 'decimal.ConversionSyntax'>]
2025-08-06 11:20:16,319 - ERROR - Failed to parse number 'بزرگ': [<class 'decimal.ConversionSyntax'>]
2025-08-06 11:20:16,319 - INFO - No amount-unit match found in text: خاک انداز بزرگ
2025-08-06 11:20:19,154 - DEBUG - UnitExtractor initialized with 85 unit mappings and 3 package patterns
2025-08-06 11:20:19,154 - ERROR - Failed to parse number 'خاک': [<class 'decimal.ConversionSyntax'>]
2025-08-06 11:20:19,154 - ERROR - Failed to parse number 'تمام': [<class 'decimal.ConversionSyntax'>]
2025-08-06 11:20:19,154 - ERROR - Failed to parse number 'گیاهان': [<class 'decimal.ConversionSyntax'>]
2025-08-06 11:20:19,154 - ERROR - Failed to parse number 'آپارتمانی': [<class 'decimal.ConversionSyntax'>]
2025-08-06 11:20:19,154 - INFO - No amount-unit match found in text: خاک تمام گیاهان آپارتمانی
2025-08-06 11:20:20,491 - DEBUG - UnitExtractor initialized with 85 unit mappings and 3 package patterns
2025-08-06 11:20:20,491 - ERROR - Failed to parse number 'خاک': [<class 'decimal.ConversionSyntax'>]
2025-08-06 11:20:20,491 - ERROR - Failed to parse number 'مخصوص': [<class 'decimal.ConversionSyntax'>]
2025-08-06 11:20:20,491 - ERROR - Failed to parse number 'کاکتوس': [<class 'decimal.ConversionSyntax'>]
2025-08-06 11:20:20,491 - ERROR - Failed to parse number 'و': [<class 'decimal.ConversionSyntax'>]
2025-08-06 11:20:20,491 - ERROR - Failed to parse number 'ساکولنت': [<class 'decimal.ConversionSyntax'>]
2025-08-06 11:20:20,491 - INFO - No amount-unit match found in text: خاک مخصوص کاکتوس و ساکولنت
2025-08-06 11:20:21,866 - DEBUG - UnitExtractor initialized with 85 unit mappings and 3 package patterns
2025-08-06 11:20:21,866 - DEBUG - Extracted 20 لیتری -> 20.0 kg
2025-08-06 11:20:23,248 - DEBUG - UnitExtractor initialized with 85 unit mappings and 3 package patterns
2025-08-06 11:20:23,248 - DEBUG - Extracted 20 لیتری -> 20.0 kg
2025-08-06 11:20:24,594 - DEBUG - UnitExtractor initialized with 85 unit mappings and 3 package patterns
2025-08-06 11:20:24,594 - DEBUG - Extracted 500 کیلوگرم -> 500.0 kg
2025-08-06 11:20:25,950 - DEBUG - UnitExtractor initialized with 85 unit mappings and 3 package patterns
2025-08-06 11:20:25,950 - DEBUG - Extracted 10 لیتری -> 10.0 kg
2025-08-06 11:20:27,333 - DEBUG - UnitExtractor initialized with 85 unit mappings and 3 package patterns
2025-08-06 11:20:27,333 - ERROR - Failed to parse number 'خاک': [<class 'decimal.ConversionSyntax'>]
2025-08-06 11:20:27,333 - ERROR - Failed to parse number 'رس': [<class 'decimal.ConversionSyntax'>]
2025-08-06 11:20:27,333 - ERROR - Failed to parse number 'قرمز': [<class 'decimal.ConversionSyntax'>]
2025-08-06 11:20:27,333 - ERROR - Failed to parse number '(راسول)': [<class 'decimal.ConversionSyntax'>]
2025-08-06 11:20:27,333 - ERROR - Failed to parse number 'گوهر': [<class 'decimal.ConversionSyntax'>]
2025-08-06 11:20:27,333 - ERROR - Failed to parse number 'سبز': [<class 'decimal.ConversionSyntax'>]
2025-08-06 11:20:27,333 - INFO - No amount-unit match found in text: خاک رس قرمز (راسول) گوهر سبز
2025-08-06 11:20:28,732 - DEBUG - UnitExtractor initialized with 85 unit mappings and 3 package patterns
2025-08-06 11:20:28,732 - ERROR - Failed to parse number 'خاک': [<class 'decimal.ConversionSyntax'>]
2025-08-06 11:20:28,732 - ERROR - Failed to parse number 'برگ': [<class 'decimal.ConversionSyntax'>]
2025-08-06 11:20:28,732 - INFO - No amount-unit match found in text: خاک برگ
2025-08-06 11:20:30,085 - DEBUG - UnitExtractor initialized with 85 unit mappings and 3 package patterns
2025-08-06 11:20:30,085 - ERROR - Failed to parse number 'خاک': [<class 'decimal.ConversionSyntax'>]
2025-08-06 11:20:30,085 - ERROR - Failed to parse number 'مخصوص': [<class 'decimal.ConversionSyntax'>]
2025-08-06 11:20:30,085 - ERROR - Failed to parse number 'بلوبری': [<class 'decimal.ConversionSyntax'>]
2025-08-06 11:20:30,085 - ERROR - Failed to parse number '(پس': [<class 'decimal.ConversionSyntax'>]
2025-08-06 11:20:30,085 - ERROR - Failed to parse number 'کرایه)': [<class 'decimal.ConversionSyntax'>]
2025-08-06 11:20:30,085 - INFO - No amount-unit match found in text: خاک مخصوص بلوبری (پس کرایه)
2025-08-06 11:20:31,445 - DEBUG - UnitExtractor initialized with 85 unit mappings and 3 package patterns
2025-08-06 11:20:31,445 - DEBUG - Extracted 5 لیتری -> 5.0 kg
2025-08-06 11:20:32,796 - DEBUG - UnitExtractor initialized with 85 unit mappings and 3 package patterns
2025-08-06 11:20:32,796 - DEBUG - Extracted 10 لیتری -> 10.0 kg
2025-08-06 11:20:34,149 - DEBUG - UnitExtractor initialized with 85 unit mappings and 3 package patterns
2025-08-06 11:20:34,149 - DEBUG - Extracted 2 لیتری -> 2.0 kg
2025-08-06 11:20:35,496 - DEBUG - UnitExtractor initialized with 85 unit mappings and 3 package patterns
2025-08-06 11:20:35,497 - ERROR - Failed to parse number 'خاک': [<class 'decimal.ConversionSyntax'>]
2025-08-06 11:20:35,497 - ERROR - Failed to parse number 'کوکوپیت': [<class 'decimal.ConversionSyntax'>]
2025-08-06 11:20:35,497 - ERROR - Failed to parse number 'سریلانکا': [<class 'decimal.ConversionSyntax'>]
2025-08-06 11:20:35,497 - INFO - No amount-unit match found in text: خاک کوکوپیت سریلانکا
2025-08-06 11:20:36,892 - DEBUG - UnitExtractor initialized with 85 unit mappings and 3 package patterns
2025-08-06 11:20:36,892 - ERROR - Failed to parse number 'خاک': [<class 'decimal.ConversionSyntax'>]
2025-08-06 11:20:36,892 - ERROR - Failed to parse number 'کوکوچیپس': [<class 'decimal.ConversionSyntax'>]
2025-08-06 11:20:36,892 - ERROR - Failed to parse number 'فله': [<class 'decimal.ConversionSyntax'>]
2025-08-06 11:20:36,892 - ERROR - Failed to parse number 'ای': [<class 'decimal.ConversionSyntax'>]
2025-08-06 11:20:36,892 - INFO - No amount-unit match found in text: خاک کوکوچیپس فله ای
2025-08-06 11:20:38,232 - DEBUG - UnitExtractor initialized with 85 unit mappings and 3 package patterns
2025-08-06 11:20:38,232 - ERROR - Failed to parse number 'خاک': [<class 'decimal.ConversionSyntax'>]
2025-08-06 11:20:38,232 - ERROR - Failed to parse number 'ژله': [<class 'decimal.ConversionSyntax'>]
2025-08-06 11:20:38,232 - ERROR - Failed to parse number 'ای': [<class 'decimal.ConversionSyntax'>]
2025-08-06 11:20:38,232 - ERROR - Failed to parse number 'بی': [<class 'decimal.ConversionSyntax'>]
2025-08-06 11:20:38,232 - ERROR - Failed to parse number 'رنگ': [<class 'decimal.ConversionSyntax'>]
2025-08-06 11:20:38,232 - INFO - No amount-unit match found in text: خاک ژله ای بی رنگ
2025-08-06 11:20:39,570 - DEBUG - UnitExtractor initialized with 85 unit mappings and 3 package patterns
2025-08-06 11:20:39,570 - ERROR - Failed to parse number 'خاک': [<class 'decimal.ConversionSyntax'>]
2025-08-06 11:20:39,570 - ERROR - Failed to parse number 'وکود': [<class 'decimal.ConversionSyntax'>]
2025-08-06 11:20:39,571 - ERROR - Failed to parse number 'کاژه': [<class 'decimal.ConversionSyntax'>]
2025-08-06 11:20:39,571 - ERROR - Failed to parse number 'گل': [<class 'decimal.ConversionSyntax'>]
2025-08-06 11:20:39,571 - ERROR - Failed to parse number 'مخصوص': [<class 'decimal.ConversionSyntax'>]
2025-08-06 11:20:39,571 - ERROR - Failed to parse number 'گیاهان': [<class 'decimal.ConversionSyntax'>]
2025-08-06 11:20:39,571 - ERROR - Failed to parse number 'آپارتمانی': [<class 'decimal.ConversionSyntax'>]
2025-08-06 11:20:39,571 - INFO - No amount-unit match found in text: خاک وکود کاژه گل مخصوص گیاهان آپارتمانی
2025-08-06 11:20:40,933 - DEBUG - UnitExtractor initialized with 85 unit mappings and 3 package patterns
2025-08-06 11:20:40,933 - ERROR - Failed to parse number 'خاک': [<class 'decimal.ConversionSyntax'>]
2025-08-06 11:20:40,933 - ERROR - Failed to parse number 'مناسب': [<class 'decimal.ConversionSyntax'>]
2025-08-06 11:20:40,933 - ERROR - Failed to parse number 'گیاهان': [<class 'decimal.ConversionSyntax'>]
2025-08-06 11:20:40,933 - ERROR - Failed to parse number 'اپارتمانی': [<class 'decimal.ConversionSyntax'>]
2025-08-06 11:20:40,933 - ERROR - Failed to parse number '(هزینه': [<class 'decimal.ConversionSyntax'>]
2025-08-06 11:20:40,934 - ERROR - Failed to parse number 'ی': [<class 'decimal.ConversionSyntax'>]
2025-08-06 11:20:40,934 - ERROR - Failed to parse number 'ارسال': [<class 'decimal.ConversionSyntax'>]
2025-08-06 11:20:40,934 - ERROR - Failed to parse number 'پسکرایه)': [<class 'decimal.ConversionSyntax'>]
2025-08-06 11:20:40,934 - INFO - No amount-unit match found in text: خاک مناسب گیاهان اپارتمانی (هزینه ی ارسال پسکرایه)
2025-08-06 11:20:42,283 - DEBUG - UnitExtractor initialized with 85 unit mappings and 3 package patterns
2025-08-06 11:20:42,283 - DEBUG - Extracted 100 گرم -> 0.100 kg
2025-08-06 11:20:43,638 - DEBUG - UnitExtractor initialized with 85 unit mappings and 3 package patterns
2025-08-06 11:20:43,638 - DEBUG - Extracted 200 گرم -> 0.200 kg
2025-08-06 11:20:44,974 - DEBUG - UnitExtractor initialized with 85 unit mappings and 3 package patterns
2025-08-06 11:20:44,974 - DEBUG - Extracted 200 گرم -> 0.200 kg
2025-08-06 11:20:46,329 - DEBUG - UnitExtractor initialized with 85 unit mappings and 3 package patterns
2025-08-06 11:20:46,329 - ERROR - Failed to parse number 'خاک': [<class 'decimal.ConversionSyntax'>]
2025-08-06 11:20:46,329 - ERROR - Failed to parse number 'کامل': [<class 'decimal.ConversionSyntax'>]
2025-08-06 11:20:46,329 - INFO - No amount-unit match found in text: خاک کامل
2025-08-06 11:20:47,675 - DEBUG - UnitExtractor initialized with 85 unit mappings and 3 package patterns
2025-08-06 11:20:47,676 - ERROR - Failed to parse number 'خاک': [<class 'decimal.ConversionSyntax'>]
2025-08-06 11:20:47,676 - ERROR - Failed to parse number 'پیت': [<class 'decimal.ConversionSyntax'>]
2025-08-06 11:20:47,676 - ERROR - Failed to parse number 'ماس': [<class 'decimal.ConversionSyntax'>]
2025-08-06 11:20:47,676 - ERROR - Failed to parse number 'و': [<class 'decimal.ConversionSyntax'>]
2025-08-06 11:20:47,676 - ERROR - Failed to parse number 'کوکوپیت': [<class 'decimal.ConversionSyntax'>]
2025-08-06 11:20:47,676 - ERROR - Failed to parse number 'مخصوص': [<class 'decimal.ConversionSyntax'>]
2025-08-06 11:20:47,676 - ERROR - Failed to parse number 'گیاهان': [<class 'decimal.ConversionSyntax'>]
2025-08-06 11:20:47,676 - ERROR - Failed to parse number 'آپارتمانی': [<class 'decimal.ConversionSyntax'>]
2025-08-06 11:20:47,676 - ERROR - Failed to parse number 'و': [<class 'decimal.ConversionSyntax'>]
2025-08-06 11:20:47,676 - ERROR - Failed to parse number 'بلوبری': [<class 'decimal.ConversionSyntax'>]
2025-08-06 11:20:47,676 - INFO - No amount-unit match found in text: خاک پیت ماس و کوکوپیت مخصوص گیاهان آپارتمانی و بلوبری
2025-08-06 11:20:49,069 - DEBUG - UnitExtractor initialized with 85 unit mappings and 3 package patterns
2025-08-06 11:20:49,069 - DEBUG - Extracted 4 لیتری -> 4.0 kg
2025-08-06 11:20:50,429 - DEBUG - UnitExtractor initialized with 85 unit mappings and 3 package patterns
2025-08-06 11:20:50,429 - DEBUG - Extracted 2 لیتری -> 2.0 kg
2025-08-06 11:20:51,772 - DEBUG - UnitExtractor initialized with 85 unit mappings and 3 package patterns
2025-08-06 11:20:51,773 - ERROR - Failed to parse number 'خاک': [<class 'decimal.ConversionSyntax'>]
2025-08-06 11:20:51,773 - ERROR - Failed to parse number 'ژله': [<class 'decimal.ConversionSyntax'>]
2025-08-06 11:20:51,773 - ERROR - Failed to parse number 'ای': [<class 'decimal.ConversionSyntax'>]
2025-08-06 11:20:51,773 - ERROR - Failed to parse number 'بسته': [<class 'decimal.ConversionSyntax'>]
2025-08-06 11:20:51,773 - ERROR - Failed to parse number 'ای': [<class 'decimal.ConversionSyntax'>]
2025-08-06 11:20:51,773 - ERROR - Failed to parse number 'با': [<class 'decimal.ConversionSyntax'>]
2025-08-06 11:20:51,773 - ERROR - Failed to parse number 'رنگ': [<class 'decimal.ConversionSyntax'>]
2025-08-06 11:20:51,773 - ERROR - Failed to parse number 'های': [<class 'decimal.ConversionSyntax'>]
2025-08-06 11:20:51,773 - ERROR - Failed to parse number 'مختلف': [<class 'decimal.ConversionSyntax'>]
2025-08-06 11:20:51,773 - ERROR - Failed to parse number '-': [<class 'decimal.ConversionSyntax'>]
2025-08-06 11:20:51,773 - ERROR - Failed to parse number 'ژله': [<class 'decimal.ConversionSyntax'>]
2025-08-06 11:20:51,773 - ERROR - Failed to parse number 'های': [<class 'decimal.ConversionSyntax'>]
2025-08-06 11:20:51,773 - ERROR - Failed to parse number 'دکوری': [<class 'decimal.ConversionSyntax'>]
2025-08-06 11:20:51,773 - ERROR - Failed to parse number 'گلدان': [<class 'decimal.ConversionSyntax'>]
2025-08-06 11:20:51,773 - ERROR - Failed to parse number '-خاک': [<class 'decimal.ConversionSyntax'>]
2025-08-06 11:20:51,773 - ERROR - Failed to parse number 'ژله': [<class 'decimal.ConversionSyntax'>]
2025-08-06 11:20:51,773 - ERROR - Failed to parse number 'ای': [<class 'decimal.ConversionSyntax'>]
2025-08-06 11:20:51,773 - ERROR - Failed to parse number 'بی': [<class 'decimal.ConversionSyntax'>]
2025-08-06 11:20:51,773 - ERROR - Failed to parse number 'رنگ': [<class 'decimal.ConversionSyntax'>]
2025-08-06 11:20:51,773 - ERROR - Failed to parse number '-': [<class 'decimal.ConversionSyntax'>]
2025-08-06 11:20:51,773 - ERROR - Failed to parse number 'ژله': [<class 'decimal.ConversionSyntax'>]
2025-08-06 11:20:51,773 - ERROR - Failed to parse number 'سبزه': [<class 'decimal.ConversionSyntax'>]
2025-08-06 11:20:51,773 - ERROR - Failed to parse number 'عید': [<class 'decimal.ConversionSyntax'>]
2025-08-06 11:20:51,773 - ERROR - Failed to parse number '-': [<class 'decimal.ConversionSyntax'>]
2025-08-06 11:20:51,773 - ERROR - Failed to parse number 'گلدونه': [<class 'decimal.ConversionSyntax'>]
2025-08-06 11:20:51,773 - INFO - No amount-unit match found in text: خاک ژله ای بسته ای با رنگ های مختلف - ژله های دکوری گلدان -خاک ژله ای بی رنگ - ژله سبزه عید - گلدونه
2025-08-06 11:20:53,123 - DEBUG - UnitExtractor initialized with 85 unit mappings and 3 package patterns
2025-08-06 11:20:53,123 - DEBUG - Extracted 1000 گرمی -> 1.000 kg
2025-08-06 11:20:54,470 - DEBUG - UnitExtractor initialized with 85 unit mappings and 3 package patterns
2025-08-06 11:20:54,470 - DEBUG - Extracted 2 لیتر -> 2.0 kg
2025-08-06 11:20:55,821 - DEBUG - UnitExtractor initialized with 85 unit mappings and 3 package patterns
2025-08-06 11:20:55,821 - ERROR - Failed to parse number 'خاک': [<class 'decimal.ConversionSyntax'>]
2025-08-06 11:20:55,821 - ERROR - Failed to parse number 'ژله': [<class 'decimal.ConversionSyntax'>]
2025-08-06 11:20:55,821 - ERROR - Failed to parse number 'ای': [<class 'decimal.ConversionSyntax'>]
2025-08-06 11:20:55,821 - ERROR - Failed to parse number 'شفاف': [<class 'decimal.ConversionSyntax'>]
2025-08-06 11:20:55,821 - INFO - No amount-unit match found in text: خاک ژله ای شفاف
2025-08-06 11:20:57,180 - DEBUG - UnitExtractor initialized with 85 unit mappings and 3 package patterns
2025-08-06 11:20:57,181 - ERROR - Failed to parse number 'خاک': [<class 'decimal.ConversionSyntax'>]
2025-08-06 11:20:57,181 - ERROR - Failed to parse number 'ژله': [<class 'decimal.ConversionSyntax'>]
2025-08-06 11:20:57,181 - ERROR - Failed to parse number 'ای': [<class 'decimal.ConversionSyntax'>]
2025-08-06 11:20:57,181 - ERROR - Failed to parse number 'تک': [<class 'decimal.ConversionSyntax'>]
2025-08-06 11:20:57,181 - ERROR - Failed to parse number 'رنگ': [<class 'decimal.ConversionSyntax'>]
2025-08-06 11:20:57,181 - ERROR - Failed to parse number 'مدل': [<class 'decimal.ConversionSyntax'>]
2025-08-06 11:20:57,181 - ERROR - Failed to parse number 'Seven': [<class 'decimal.ConversionSyntax'>]
2025-08-06 11:20:57,181 - ERROR - Failed to parse number 'Color،مناسب': [<class 'decimal.ConversionSyntax'>]
2025-08-06 11:20:57,181 - ERROR - Failed to parse number 'برای': [<class 'decimal.ConversionSyntax'>]
2025-08-06 11:20:57,181 - ERROR - Failed to parse number 'سبزه،گلها،گلدان': [<class 'decimal.ConversionSyntax'>]
2025-08-06 11:20:57,181 - ERROR - Failed to parse number 'آکواریوم،تنگ': [<class 'decimal.ConversionSyntax'>]
2025-08-06 11:20:57,181 - ERROR - Failed to parse number 'آب': [<class 'decimal.ConversionSyntax'>]
2025-08-06 11:20:57,181 - ERROR - Failed to parse number 'و...': [<class 'decimal.ConversionSyntax'>]
2025-08-06 11:20:57,181 - ERROR - Failed to parse number '(تخفیف': [<class 'decimal.ConversionSyntax'>]
2025-08-06 11:20:57,181 - ERROR - Failed to parse number 'ویژه)': [<class 'decimal.ConversionSyntax'>]
2025-08-06 11:20:57,181 - INFO - No amount-unit match found in text: خاک ژله ای تک رنگ مدل Seven Color،مناسب برای سبزه،گلها،گلدان آکواریوم،تنگ آب و... (تخفیف ویژه)
2025-08-06 11:20:58,558 - DEBUG - UnitExtractor initialized with 85 unit mappings and 3 package patterns
2025-08-06 11:20:58,558 - ERROR - Failed to parse number 'خاک': [<class 'decimal.ConversionSyntax'>]
2025-08-06 11:20:58,558 - ERROR - Failed to parse number 'ژله': [<class 'decimal.ConversionSyntax'>]
2025-08-06 11:20:58,558 - ERROR - Failed to parse number 'ای': [<class 'decimal.ConversionSyntax'>]
2025-08-06 11:20:58,558 - ERROR - Failed to parse number 'رنگی': [<class 'decimal.ConversionSyntax'>]
2025-08-06 11:20:58,558 - ERROR - Failed to parse number 'مدل': [<class 'decimal.ConversionSyntax'>]
2025-08-06 11:20:58,558 - ERROR - Failed to parse number 'Seven': [<class 'decimal.ConversionSyntax'>]
2025-08-06 11:20:58,558 - ERROR - Failed to parse number 'Color،مناسب': [<class 'decimal.ConversionSyntax'>]
2025-08-06 11:20:58,558 - ERROR - Failed to parse number 'برای': [<class 'decimal.ConversionSyntax'>]
2025-08-06 11:20:58,558 - ERROR - Failed to parse number 'سبزه،گلها،گلدان': [<class 'decimal.ConversionSyntax'>]
2025-08-06 11:20:58,558 - ERROR - Failed to parse number 'آکواریوم،تنگ': [<class 'decimal.ConversionSyntax'>]
2025-08-06 11:20:58,558 - ERROR - Failed to parse number 'آب': [<class 'decimal.ConversionSyntax'>]
2025-08-06 11:20:58,558 - ERROR - Failed to parse number 'و...': [<class 'decimal.ConversionSyntax'>]
2025-08-06 11:20:58,558 - ERROR - Failed to parse number '(ورق': [<class 'decimal.ConversionSyntax'>]
2025-08-06 11:20:58,558 - ERROR - Failed to parse number 'عددی)': [<class 'decimal.ConversionSyntax'>]
2025-08-06 11:20:58,558 - INFO - No amount-unit match found in text: خاک ژله ای رنگی مدل Seven Color،مناسب برای سبزه،گلها،گلدان آکواریوم،تنگ آب و... (ورق 20 عددی)
2025-08-06 11:20:59,915 - DEBUG - UnitExtractor initialized with 85 unit mappings and 3 package patterns
2025-08-06 11:20:59,915 - ERROR - Failed to parse number 'خاک': [<class 'decimal.ConversionSyntax'>]
2025-08-06 11:20:59,915 - ERROR - Failed to parse number 'ژله': [<class 'decimal.ConversionSyntax'>]
2025-08-06 11:20:59,915 - ERROR - Failed to parse number 'ای': [<class 'decimal.ConversionSyntax'>]
2025-08-06 11:20:59,915 - ERROR - Failed to parse number 'رنگی': [<class 'decimal.ConversionSyntax'>]
2025-08-06 11:20:59,915 - INFO - No amount-unit match found in text: خاک ژله ای رنگی
2025-08-06 11:21:01,290 - DEBUG - UnitExtractor initialized with 85 unit mappings and 3 package patterns
2025-08-06 11:21:01,290 - ERROR - Failed to parse number 'خاک': [<class 'decimal.ConversionSyntax'>]
2025-08-06 11:21:01,290 - ERROR - Failed to parse number 'و': [<class 'decimal.ConversionSyntax'>]
2025-08-06 11:21:01,290 - ERROR - Failed to parse number 'گل': [<class 'decimal.ConversionSyntax'>]
2025-08-06 11:21:01,290 - ERROR - Failed to parse number 'رس': [<class 'decimal.ConversionSyntax'>]
2025-08-06 11:21:01,290 - ERROR - Failed to parse number 'سفال': [<class 'decimal.ConversionSyntax'>]
2025-08-06 11:21:01,290 - ERROR - Failed to parse number 'بهداشتی': [<class 'decimal.ConversionSyntax'>]
2025-08-06 11:21:01,290 - ERROR - Failed to parse number 'کاکتوس': [<class 'decimal.ConversionSyntax'>]
2025-08-06 11:21:01,290 - INFO - No amount-unit match found in text: خاک و گل رس سفال بهداشتی کاکتوس
2025-08-06 11:21:02,772 - DEBUG - UnitExtractor initialized with 85 unit mappings and 3 package patterns
2025-08-06 11:21:02,772 - DEBUG - Extracted 500 گرمی -> 0.500 kg
2025-08-06 11:21:04,214 - DEBUG - UnitExtractor initialized with 85 unit mappings and 3 package patterns
2025-08-06 11:21:04,215 - DEBUG - Extracted 3 لیتر -> 3.0 kg
2025-08-06 11:21:05,694 - DEBUG - UnitExtractor initialized with 85 unit mappings and 3 package patterns
2025-08-06 11:21:05,694 - DEBUG - Extracted 500 گرمی -> 0.500 kg
2025-08-06 11:21:07,180 - DEBUG - UnitExtractor initialized with 85 unit mappings and 3 package patterns
2025-08-06 11:21:07,180 - DEBUG - Extracted 9 لیتری -> 9.0 kg
2025-08-06 11:21:08,530 - DEBUG - UnitExtractor initialized with 85 unit mappings and 3 package patterns
2025-08-06 11:21:08,530 - ERROR - Failed to parse number 'خاک': [<class 'decimal.ConversionSyntax'>]
2025-08-06 11:21:08,530 - ERROR - Failed to parse number 'برگ': [<class 'decimal.ConversionSyntax'>]
2025-08-06 11:21:08,530 - ERROR - Failed to parse number 'پوسیده': [<class 'decimal.ConversionSyntax'>]
2025-08-06 11:21:08,530 - ERROR - Failed to parse number 'مناسب': [<class 'decimal.ConversionSyntax'>]
2025-08-06 11:21:08,530 - ERROR - Failed to parse number 'گلدان': [<class 'decimal.ConversionSyntax'>]
2025-08-06 11:21:08,530 - ERROR - Failed to parse number 'های': [<class 'decimal.ConversionSyntax'>]
2025-08-06 11:21:08,530 - ERROR - Failed to parse number 'آپارتمانی(پس': [<class 'decimal.ConversionSyntax'>]
2025-08-06 11:21:08,530 - ERROR - Failed to parse number 'کرایه)': [<class 'decimal.ConversionSyntax'>]
2025-08-06 11:21:08,530 - INFO - No amount-unit match found in text: خاک برگ پوسیده مناسب گلدان های آپارتمانی(پس کرایه)
2025-08-06 11:21:09,973 - DEBUG - UnitExtractor initialized with 85 unit mappings and 3 package patterns
2025-08-06 11:21:09,973 - DEBUG - Extracted 500 گرمی -> 0.500 kg
2025-08-06 11:21:11,431 - DEBUG - UnitExtractor initialized with 85 unit mappings and 3 package patterns
2025-08-06 11:21:11,431 - DEBUG - Extracted 5 لیتری -> 5.0 kg
2025-08-06 11:21:12,979 - DEBUG - UnitExtractor initialized with 85 unit mappings and 3 package patterns
2025-08-06 11:21:12,979 - DEBUG - Extracted 3 لیتری -> 3.0 kg
2025-08-06 11:21:14,502 - DEBUG - UnitExtractor initialized with 85 unit mappings and 3 package patterns
2025-08-06 11:21:14,502 - DEBUG - Extracted 5 لیتری -> 5.0 kg
2025-08-06 11:21:16,051 - DEBUG - UnitExtractor initialized with 85 unit mappings and 3 package patterns
2025-08-06 11:21:16,051 - DEBUG - Extracted 3 لیتر -> 3.0 kg
2025-08-06 11:21:17,564 - DEBUG - UnitExtractor initialized with 85 unit mappings and 3 package patterns
2025-08-06 11:21:17,565 - DEBUG - Extracted 12 لیتر -> 12.0 kg
2025-08-06 11:21:19,090 - DEBUG - UnitExtractor initialized with 85 unit mappings and 3 package patterns
2025-08-06 11:21:19,090 - DEBUG - Extracted 11 لیتر -> 11.0 kg
2025-08-06 11:21:20,481 - DEBUG - UnitExtractor initialized with 85 unit mappings and 3 package patterns
2025-08-06 11:21:20,481 - DEBUG - Extracted 1.5 لیتری -> 1.50 kg
2025-08-06 11:21:21,945 - DEBUG - UnitExtractor initialized with 85 unit mappings and 3 package patterns
2025-08-06 11:21:21,945 - DEBUG - Extracted 5 لیتری -> 5.0 kg
2025-08-06 11:21:23,336 - DEBUG - UnitExtractor initialized with 85 unit mappings and 3 package patterns
2025-08-06 11:21:23,336 - DEBUG - Extracted 8 لیتری -> 8.0 kg
2025-08-06 11:21:24,719 - DEBUG - UnitExtractor initialized with 85 unit mappings and 3 package patterns
2025-08-06 11:21:24,719 - ERROR - Failed to parse number 'خاک': [<class 'decimal.ConversionSyntax'>]
2025-08-06 11:21:24,719 - ERROR - Failed to parse number 'گیاهان': [<class 'decimal.ConversionSyntax'>]
2025-08-06 11:21:24,720 - ERROR - Failed to parse number 'آپارتمانی': [<class 'decimal.ConversionSyntax'>]
2025-08-06 11:21:24,720 - ERROR - Failed to parse number 'گل': [<class 'decimal.ConversionSyntax'>]
2025-08-06 11:21:24,720 - ERROR - Failed to parse number 'طبیعی': [<class 'decimal.ConversionSyntax'>]
2025-08-06 11:21:24,720 - ERROR - Failed to parse number 'گل': [<class 'decimal.ConversionSyntax'>]
2025-08-06 11:21:24,720 - ERROR - Failed to parse number 'و': [<class 'decimal.ConversionSyntax'>]
2025-08-06 11:21:24,720 - ERROR - Failed to parse number 'گیاه': [<class 'decimal.ConversionSyntax'>]
2025-08-06 11:21:24,720 - ERROR - Failed to parse number 'خاگ': [<class 'decimal.ConversionSyntax'>]
2025-08-06 11:21:24,720 - ERROR - Failed to parse number 'برگ': [<class 'decimal.ConversionSyntax'>]
2025-08-06 11:21:24,720 - INFO - No amount-unit match found in text: خاک گیاهان آپارتمانی گل طبیعی گل و گیاه خاگ برگ
2025-08-06 11:21:27,438 - DEBUG - UnitExtractor initialized with 85 unit mappings and 3 package patterns
2025-08-06 11:21:27,438 - ERROR - Failed to parse number 'خاک': [<class 'decimal.ConversionSyntax'>]
2025-08-06 11:21:27,438 - ERROR - Failed to parse number 'آپارتمانی': [<class 'decimal.ConversionSyntax'>]
2025-08-06 11:21:27,438 - ERROR - Failed to parse number 'عمو': [<class 'decimal.ConversionSyntax'>]
2025-08-06 11:21:27,438 - ERROR - Failed to parse number 'گل': [<class 'decimal.ConversionSyntax'>]
2025-08-06 11:21:27,438 - INFO - No amount-unit match found in text: خاک آپارتمانی عمو گل
2025-08-06 11:21:28,945 - DEBUG - UnitExtractor initialized with 85 unit mappings and 3 package patterns
2025-08-06 11:21:28,945 - ERROR - Failed to parse number 'خاک': [<class 'decimal.ConversionSyntax'>]
2025-08-06 11:21:28,945 - ERROR - Failed to parse number 'ژله': [<class 'decimal.ConversionSyntax'>]
2025-08-06 11:21:28,945 - ERROR - Failed to parse number 'ای': [<class 'decimal.ConversionSyntax'>]
2025-08-06 11:21:28,945 - ERROR - Failed to parse number 'شفاف': [<class 'decimal.ConversionSyntax'>]
2025-08-06 11:21:28,945 - ERROR - Failed to parse number 'بسته': [<class 'decimal.ConversionSyntax'>]
2025-08-06 11:21:28,945 - INFO - No amount-unit match found in text: خاک ژله ای شفاف 1 بسته
2025-08-06 11:21:30,345 - DEBUG - UnitExtractor initialized with 85 unit mappings and 3 package patterns
2025-08-06 11:21:30,346 - DEBUG - Extracted 4 لیتری -> 4.0 kg
2025-08-06 11:21:31,811 - DEBUG - UnitExtractor initialized with 85 unit mappings and 3 package patterns
2025-08-06 11:21:31,811 - ERROR - Failed to parse number 'خاک': [<class 'decimal.ConversionSyntax'>]
2025-08-06 11:21:31,811 - ERROR - Failed to parse number 'رس': [<class 'decimal.ConversionSyntax'>]
2025-08-06 11:21:31,811 - ERROR - Failed to parse number 'قرمز': [<class 'decimal.ConversionSyntax'>]
2025-08-06 11:21:31,811 - ERROR - Failed to parse number '(پوست': [<class 'decimal.ConversionSyntax'>]
2025-08-06 11:21:31,811 - ERROR - Failed to parse number 'چرب)': [<class 'decimal.ConversionSyntax'>]
2025-08-06 11:21:31,811 - INFO - No amount-unit match found in text: خاک رس قرمز (پوست چرب)
2025-08-06 11:21:33,272 - DEBUG - UnitExtractor initialized with 85 unit mappings and 3 package patterns
2025-08-06 11:21:33,272 - ERROR - Failed to parse number 'خاک': [<class 'decimal.ConversionSyntax'>]
2025-08-06 11:21:33,272 - ERROR - Failed to parse number 'رس': [<class 'decimal.ConversionSyntax'>]
2025-08-06 11:21:33,272 - ERROR - Failed to parse number 'سفید': [<class 'decimal.ConversionSyntax'>]
2025-08-06 11:21:33,272 - ERROR - Failed to parse number '(پوست': [<class 'decimal.ConversionSyntax'>]
2025-08-06 11:21:33,272 - ERROR - Failed to parse number 'خشک)': [<class 'decimal.ConversionSyntax'>]
2025-08-06 11:21:33,272 - INFO - No amount-unit match found in text: خاک رس سفید (پوست خشک)
2025-08-06 11:21:34,704 - DEBUG - UnitExtractor initialized with 85 unit mappings and 3 package patterns
2025-08-06 11:21:34,704 - DEBUG - Extracted 2 لیتری -> 2.0 kg
2025-08-06 11:21:36,106 - DEBUG - UnitExtractor initialized with 85 unit mappings and 3 package patterns
2025-08-06 11:21:36,106 - ERROR - Failed to parse number 'خاک': [<class 'decimal.ConversionSyntax'>]
2025-08-06 11:21:36,106 - ERROR - Failed to parse number 'کاکتوس': [<class 'decimal.ConversionSyntax'>]
2025-08-06 11:21:36,106 - ERROR - Failed to parse number 'و': [<class 'decimal.ConversionSyntax'>]
2025-08-06 11:21:36,106 - ERROR - Failed to parse number 'ساکولنت': [<class 'decimal.ConversionSyntax'>]
2025-08-06 11:21:36,106 - ERROR - Failed to parse number 'مینی': [<class 'decimal.ConversionSyntax'>]
2025-08-06 11:21:36,106 - ERROR - Failed to parse number 'باغبان': [<class 'decimal.ConversionSyntax'>]
2025-08-06 11:21:36,106 - INFO - No amount-unit match found in text: خاک کاکتوس و ساکولنت مینی باغبان
2025-08-06 11:21:37,700 - DEBUG - UnitExtractor initialized with 85 unit mappings and 3 package patterns
2025-08-06 11:21:37,700 - DEBUG - Extracted 200 گرم -> 0.200 kg
2025-08-06 11:21:39,114 - DEBUG - UnitExtractor initialized with 85 unit mappings and 3 package patterns
2025-08-06 11:21:39,115 - DEBUG - Extracted 5 لیتری -> 5.0 kg
2025-08-06 11:21:40,514 - DEBUG - UnitExtractor initialized with 85 unit mappings and 3 package patterns
2025-08-06 11:21:40,514 - DEBUG - Extracted 10 لیتری -> 10.0 kg
2025-08-06 11:21:41,948 - DEBUG - UnitExtractor initialized with 85 unit mappings and 3 package patterns
2025-08-06 11:21:41,948 - ERROR - Failed to parse number 'خاک': [<class 'decimal.ConversionSyntax'>]
2025-08-06 11:21:41,948 - ERROR - Failed to parse number 'ژله': [<class 'decimal.ConversionSyntax'>]
2025-08-06 11:21:41,948 - ERROR - Failed to parse number 'ای': [<class 'decimal.ConversionSyntax'>]
2025-08-06 11:21:41,948 - ERROR - Failed to parse number 'بیرنگ': [<class 'decimal.ConversionSyntax'>]
2025-08-06 11:21:41,948 - INFO - No amount-unit match found in text: خاک ژله ای بیرنگ
2025-08-06 11:21:43,710 - DEBUG - UnitExtractor initialized with 85 unit mappings and 3 package patterns
2025-08-06 11:21:43,710 - ERROR - Failed to parse number 'خاک': [<class 'decimal.ConversionSyntax'>]
2025-08-06 11:21:43,710 - ERROR - Failed to parse number 'گیاهان': [<class 'decimal.ConversionSyntax'>]
2025-08-06 11:21:43,710 - ERROR - Failed to parse number 'آپارتمانی': [<class 'decimal.ConversionSyntax'>]
2025-08-06 11:21:43,710 - ERROR - Failed to parse number 'ویژه': [<class 'decimal.ConversionSyntax'>]
2025-08-06 11:21:43,710 - ERROR - Failed to parse number '(': [<class 'decimal.ConversionSyntax'>]
2025-08-06 11:21:43,710 - ERROR - Failed to parse number 'کوکوپیت': [<class 'decimal.ConversionSyntax'>]
2025-08-06 11:21:43,710 - ERROR - Failed to parse number '،': [<class 'decimal.ConversionSyntax'>]
2025-08-06 11:21:43,710 - ERROR - Failed to parse number 'پرلیت': [<class 'decimal.ConversionSyntax'>]
2025-08-06 11:21:43,710 - ERROR - Failed to parse number '،': [<class 'decimal.ConversionSyntax'>]
2025-08-06 11:21:43,710 - ERROR - Failed to parse number 'پیت': [<class 'decimal.ConversionSyntax'>]
2025-08-06 11:21:43,710 - ERROR - Failed to parse number 'ماس': [<class 'decimal.ConversionSyntax'>]
2025-08-06 11:21:43,710 - ERROR - Failed to parse number ')': [<class 'decimal.ConversionSyntax'>]
2025-08-06 11:21:43,710 - ERROR - Failed to parse number '(پس': [<class 'decimal.ConversionSyntax'>]
2025-08-06 11:21:43,710 - ERROR - Failed to parse number 'کرایه)': [<class 'decimal.ConversionSyntax'>]
2025-08-06 11:21:43,710 - INFO - No amount-unit match found in text: خاک گیاهان آپارتمانی ویژه ( کوکوپیت ، پرلیت ، پیت ماس ) (پس کرایه)
2025-08-06 11:21:45,169 - DEBUG - UnitExtractor initialized with 85 unit mappings and 3 package patterns
2025-08-06 11:21:45,169 - DEBUG - Extracted 10 لیتری -> 10.0 kg
2025-08-06 11:21:46,641 - DEBUG - UnitExtractor initialized with 85 unit mappings and 3 package patterns
2025-08-06 11:21:46,641 - ERROR - Failed to parse number 'خاک': [<class 'decimal.ConversionSyntax'>]
2025-08-06 11:21:46,641 - ERROR - Failed to parse number 'ژله': [<class 'decimal.ConversionSyntax'>]
2025-08-06 11:21:46,641 - ERROR - Failed to parse number 'ای': [<class 'decimal.ConversionSyntax'>]
2025-08-06 11:21:46,641 - ERROR - Failed to parse number 'زیر': [<class 'decimal.ConversionSyntax'>]
2025-08-06 11:21:46,641 - ERROR - Failed to parse number 'سیگاری': [<class 'decimal.ConversionSyntax'>]
2025-08-06 11:21:46,641 - INFO - No amount-unit match found in text: خاک ژله ای زیر سیگاری
2025-08-06 11:21:48,143 - DEBUG - UnitExtractor initialized with 85 unit mappings and 3 package patterns
2025-08-06 11:21:48,143 - ERROR - Failed to parse number 'خاک': [<class 'decimal.ConversionSyntax'>]
2025-08-06 11:21:48,143 - ERROR - Failed to parse number 'ژله': [<class 'decimal.ConversionSyntax'>]
2025-08-06 11:21:48,143 - ERROR - Failed to parse number 'ای': [<class 'decimal.ConversionSyntax'>]
2025-08-06 11:21:48,143 - ERROR - Failed to parse number 'رنگ': [<class 'decimal.ConversionSyntax'>]
2025-08-06 11:21:48,143 - ERROR - Failed to parse number 'جوربسته': [<class 'decimal.ConversionSyntax'>]
2025-08-06 11:21:48,144 - ERROR - Failed to parse number 'ای': [<class 'decimal.ConversionSyntax'>]
2025-08-06 11:21:48,144 - INFO - No amount-unit match found in text: خاک ژله ای رنگ جوربسته ای
2025-08-06 11:21:49,531 - DEBUG - UnitExtractor initialized with 85 unit mappings and 3 package patterns
2025-08-06 11:21:49,532 - DEBUG - Extracted 0.2 لیتری -> 0.20 kg
2025-08-06 11:21:50,910 - DEBUG - UnitExtractor initialized with 85 unit mappings and 3 package patterns
2025-08-06 11:21:50,910 - DEBUG - Extracted 20 لیتری -> 20.0 kg
2025-08-06 11:21:52,306 - DEBUG - UnitExtractor initialized with 85 unit mappings and 3 package patterns
2025-08-06 11:21:52,306 - DEBUG - Extracted 2 کیلوگرم -> 2.0 kg
2025-08-06 11:21:53,662 - DEBUG - UnitExtractor initialized with 85 unit mappings and 3 package patterns
2025-08-06 11:21:53,662 - ERROR - Failed to parse number 'خاک': [<class 'decimal.ConversionSyntax'>]
2025-08-06 11:21:53,662 - ERROR - Failed to parse number 'رس': [<class 'decimal.ConversionSyntax'>]
2025-08-06 11:21:53,662 - ERROR - Failed to parse number 'سبز': [<class 'decimal.ConversionSyntax'>]
2025-08-06 11:21:53,662 - ERROR - Failed to parse number 'کمرنگ': [<class 'decimal.ConversionSyntax'>]
2025-08-06 11:21:53,662 - ERROR - Failed to parse number 'طبی': [<class 'decimal.ConversionSyntax'>]
2025-08-06 11:21:53,662 - INFO - No amount-unit match found in text: خاک رس سبز کمرنگ طبی
2025-08-06 11:21:55,094 - DEBUG - UnitExtractor initialized with 85 unit mappings and 3 package patterns
2025-08-06 11:21:55,094 - ERROR - Failed to parse number 'خاک': [<class 'decimal.ConversionSyntax'>]
2025-08-06 11:21:55,095 - ERROR - Failed to parse number 'رس': [<class 'decimal.ConversionSyntax'>]
2025-08-06 11:21:55,095 - ERROR - Failed to parse number 'بنتونیت': [<class 'decimal.ConversionSyntax'>]
2025-08-06 11:21:55,095 - ERROR - Failed to parse number 'Bentonite': [<class 'decimal.ConversionSyntax'>]
2025-08-06 11:21:55,095 - INFO - No amount-unit match found in text: خاک رس بنتونیت Bentonite
2025-08-06 11:21:56,477 - DEBUG - UnitExtractor initialized with 85 unit mappings and 3 package patterns
2025-08-06 11:21:56,478 - ERROR - Failed to parse number 'خاک': [<class 'decimal.ConversionSyntax'>]
2025-08-06 11:21:56,478 - ERROR - Failed to parse number 'گیاهان': [<class 'decimal.ConversionSyntax'>]
2025-08-06 11:21:56,478 - ERROR - Failed to parse number 'آپارتمانی': [<class 'decimal.ConversionSyntax'>]
2025-08-06 11:21:56,478 - ERROR - Failed to parse number 'مخصوص': [<class 'decimal.ConversionSyntax'>]
2025-08-06 11:21:56,478 - ERROR - Failed to parse number 'کشاورز': [<class 'decimal.ConversionSyntax'>]
2025-08-06 11:21:56,478 - ERROR - Failed to parse number 'کالا': [<class 'decimal.ConversionSyntax'>]
2025-08-06 11:21:56,478 - INFO - No amount-unit match found in text: خاک گیاهان آپارتمانی مخصوص کشاورز کالا
2025-08-06 11:21:57,952 - DEBUG - UnitExtractor initialized with 85 unit mappings and 3 package patterns
2025-08-06 11:21:57,952 - DEBUG - Extracted 3 لیتری -> 3.0 kg
2025-08-06 11:21:59,377 - DEBUG - UnitExtractor initialized with 85 unit mappings and 3 package patterns
2025-08-06 11:21:59,377 - DEBUG - Extracted 3750 لیتر -> 3750.0 kg
2025-08-06 11:22:00,764 - DEBUG - UnitExtractor initialized with 85 unit mappings and 3 package patterns
2025-08-06 11:22:00,764 - DEBUG - Package extracted 6 units -> 0.024 kg
2025-08-06 11:22:02,165 - DEBUG - UnitExtractor initialized with 85 unit mappings and 3 package patterns
2025-08-06 11:22:02,165 - DEBUG - Extracted 200 گرم -> 0.200 kg
2025-08-06 11:22:03,537 - DEBUG - UnitExtractor initialized with 85 unit mappings and 3 package patterns
2025-08-06 11:22:03,538 - DEBUG - Extracted 8 لیتر -> 8.0 kg
2025-08-06 11:22:04,891 - DEBUG - UnitExtractor initialized with 85 unit mappings and 3 package patterns
2025-08-06 11:22:04,892 - ERROR - Failed to parse number 'خاک': [<class 'decimal.ConversionSyntax'>]
2025-08-06 11:22:04,892 - ERROR - Failed to parse number 'بستر': [<class 'decimal.ConversionSyntax'>]
2025-08-06 11:22:04,892 - ERROR - Failed to parse number 'پرمیوم': [<class 'decimal.ConversionSyntax'>]
2025-08-06 11:22:04,892 - INFO - No amount-unit match found in text: خاک بستر پرمیوم
2025-08-06 11:22:06,263 - DEBUG - UnitExtractor initialized with 85 unit mappings and 3 package patterns
2025-08-06 11:22:06,263 - DEBUG - Extracted 5 کیلویی -> 5.0 kg
2025-08-06 11:22:07,697 - DEBUG - UnitExtractor initialized with 85 unit mappings and 3 package patterns
2025-08-06 11:22:07,697 - ERROR - Failed to parse number 'خاک': [<class 'decimal.ConversionSyntax'>]
2025-08-06 11:22:07,697 - ERROR - Failed to parse number 'رس': [<class 'decimal.ConversionSyntax'>]
2025-08-06 11:22:07,697 - ERROR - Failed to parse number 'قرمز،سبز،سفید': [<class 'decimal.ConversionSyntax'>]
2025-08-06 11:22:07,697 - ERROR - Failed to parse number 'کیلویی': [<class 'decimal.ConversionSyntax'>]
2025-08-06 11:22:07,697 - INFO - No amount-unit match found in text: خاک رس قرمز،سبز،سفید کیلویی
2025-08-06 11:22:09,221 - DEBUG - UnitExtractor initialized with 85 unit mappings and 3 package patterns
2025-08-06 11:22:09,221 - DEBUG - Extracted 7 لیتری -> 7.0 kg
2025-08-06 11:22:10,709 - DEBUG - UnitExtractor initialized with 85 unit mappings and 3 package patterns
2025-08-06 11:22:10,709 - DEBUG - Extracted 2 لیتری -> 2.0 kg
2025-08-06 11:22:12,156 - DEBUG - UnitExtractor initialized with 85 unit mappings and 3 package patterns
2025-08-06 11:22:12,156 - ERROR - Failed to parse number 'خاک': [<class 'decimal.ConversionSyntax'>]
2025-08-06 11:22:12,156 - ERROR - Failed to parse number 'ترکیبی': [<class 'decimal.ConversionSyntax'>]
2025-08-06 11:22:12,156 - ERROR - Failed to parse number 'فایرانجین': [<class 'decimal.ConversionSyntax'>]
2025-08-06 11:22:12,156 - ERROR - Failed to parse number 'مناسب': [<class 'decimal.ConversionSyntax'>]
2025-08-06 11:22:12,156 - ERROR - Failed to parse number 'انواع': [<class 'decimal.ConversionSyntax'>]
2025-08-06 11:22:12,156 - ERROR - Failed to parse number 'حلزون': [<class 'decimal.ConversionSyntax'>]
2025-08-06 11:22:12,156 - ERROR - Failed to parse number 'و': [<class 'decimal.ConversionSyntax'>]
2025-08-06 11:22:12,156 - ERROR - Failed to parse number 'گل': [<class 'decimal.ConversionSyntax'>]
2025-08-06 11:22:12,156 - ERROR - Failed to parse number 'و': [<class 'decimal.ConversionSyntax'>]
2025-08-06 11:22:12,156 - ERROR - Failed to parse number 'گیاه': [<class 'decimal.ConversionSyntax'>]
2025-08-06 11:22:12,156 - INFO - No amount-unit match found in text: خاک ترکیبی فایرانجین مناسب انواع حلزون و گل و گیاه
2025-08-06 11:22:13,559 - DEBUG - UnitExtractor initialized with 85 unit mappings and 3 package patterns
2025-08-06 11:22:13,559 - ERROR - Failed to parse number 'خاک': [<class 'decimal.ConversionSyntax'>]
2025-08-06 11:22:13,559 - ERROR - Failed to parse number 'پرورشی': [<class 'decimal.ConversionSyntax'>]
2025-08-06 11:22:13,560 - ERROR - Failed to parse number 'انواع': [<class 'decimal.ConversionSyntax'>]
2025-08-06 11:22:13,560 - ERROR - Failed to parse number 'گل': [<class 'decimal.ConversionSyntax'>]
2025-08-06 11:22:13,560 - ERROR - Failed to parse number 'و': [<class 'decimal.ConversionSyntax'>]
2025-08-06 11:22:13,560 - ERROR - Failed to parse number 'گیاه': [<class 'decimal.ConversionSyntax'>]
2025-08-06 11:22:13,560 - ERROR - Failed to parse number 'و': [<class 'decimal.ConversionSyntax'>]
2025-08-06 11:22:13,560 - ERROR - Failed to parse number 'باغچه': [<class 'decimal.ConversionSyntax'>]
2025-08-06 11:22:13,560 - ERROR - Failed to parse number 'و': [<class 'decimal.ConversionSyntax'>]
2025-08-06 11:22:13,560 - ERROR - Failed to parse number 'حلزون': [<class 'decimal.ConversionSyntax'>]
2025-08-06 11:22:13,560 - ERROR - Failed to parse number 'طبی': [<class 'decimal.ConversionSyntax'>]
2025-08-06 11:22:13,560 - INFO - No amount-unit match found in text: خاک پرورشی انواع گل و گیاه و باغچه و حلزون طبی
2025-08-06 11:22:14,964 - DEBUG - UnitExtractor initialized with 85 unit mappings and 3 package patterns
2025-08-06 11:22:14,964 - DEBUG - Extracted 2 لیتری -> 2.0 kg
2025-08-06 11:22:16,389 - DEBUG - UnitExtractor initialized with 85 unit mappings and 3 package patterns
2025-08-06 11:22:16,389 - ERROR - Failed to parse number 'خاک': [<class 'decimal.ConversionSyntax'>]
2025-08-06 11:22:16,390 - ERROR - Failed to parse number 'مخصوص': [<class 'decimal.ConversionSyntax'>]
2025-08-06 11:22:16,390 - ERROR - Failed to parse number 'گلخانه': [<class 'decimal.ConversionSyntax'>]
2025-08-06 11:22:16,390 - ERROR - Failed to parse number 'فرنیلاز': [<class 'decimal.ConversionSyntax'>]
2025-08-06 11:22:16,390 - ERROR - Failed to parse number 'یک': [<class 'decimal.ConversionSyntax'>]
2025-08-06 11:22:16,390 - ERROR - Failed to parse number 'کیلو': [<class 'decimal.ConversionSyntax'>]
2025-08-06 11:22:16,390 - ERROR - Failed to parse number 'گرم': [<class 'decimal.ConversionSyntax'>]
2025-08-06 11:22:16,390 - ERROR - Failed to parse number '(ارسال': [<class 'decimal.ConversionSyntax'>]
2025-08-06 11:22:16,390 - ERROR - Failed to parse number 'پس': [<class 'decimal.ConversionSyntax'>]
2025-08-06 11:22:16,390 - ERROR - Failed to parse number 'کرایه)': [<class 'decimal.ConversionSyntax'>]
2025-08-06 11:22:16,390 - INFO - No amount-unit match found in text: خاک مخصوص گلخانه فرنیلاز یک کیلو گرم (ارسال پس کرایه)
2025-08-06 11:22:17,754 - DEBUG - UnitExtractor initialized with 85 unit mappings and 3 package patterns
2025-08-06 11:22:17,754 - DEBUG - Extracted 10 لیتری -> 10.0 kg
2025-08-06 11:22:19,178 - DEBUG - UnitExtractor initialized with 85 unit mappings and 3 package patterns
2025-08-06 11:22:19,179 - ERROR - Failed to parse number 'خاک': [<class 'decimal.ConversionSyntax'>]
2025-08-06 11:22:19,179 - ERROR - Failed to parse number 'مخصوص': [<class 'decimal.ConversionSyntax'>]
2025-08-06 11:22:19,179 - ERROR - Failed to parse number 'تراریوم': [<class 'decimal.ConversionSyntax'>]
2025-08-06 11:22:19,179 - ERROR - Failed to parse number '(پس': [<class 'decimal.ConversionSyntax'>]
2025-08-06 11:22:19,179 - ERROR - Failed to parse number 'کرایه)': [<class 'decimal.ConversionSyntax'>]
2025-08-06 11:22:19,179 - INFO - No amount-unit match found in text: خاک مخصوص تراریوم (پس کرایه)
2025-08-06 11:22:20,663 - DEBUG - UnitExtractor initialized with 85 unit mappings and 3 package patterns
2025-08-06 11:22:20,663 - DEBUG - Extracted 10 لیتری -> 10.0 kg
2025-08-06 11:22:22,132 - DEBUG - UnitExtractor initialized with 85 unit mappings and 3 package patterns
2025-08-06 11:22:22,132 - DEBUG - Extracted 3 لیتری -> 3.0 kg
2025-08-06 11:22:23,578 - DEBUG - UnitExtractor initialized with 85 unit mappings and 3 package patterns
2025-08-06 11:22:23,578 - DEBUG - Extracted 1 لیتری -> 1.0 kg
2025-08-06 11:22:24,963 - DEBUG - UnitExtractor initialized with 85 unit mappings and 3 package patterns
2025-08-06 11:22:24,963 - DEBUG - Extracted 20 لیتری -> 20.0 kg
2025-08-06 11:22:26,332 - DEBUG - UnitExtractor initialized with 85 unit mappings and 3 package patterns
2025-08-06 11:22:26,332 - DEBUG - Extracted 10 لیتری -> 10.0 kg
2025-08-06 11:22:27,713 - DEBUG - UnitExtractor initialized with 85 unit mappings and 3 package patterns
2025-08-06 11:22:27,713 - DEBUG - Extracted 20 لیتری -> 20.0 kg
2025-08-06 11:22:29,107 - DEBUG - UnitExtractor initialized with 85 unit mappings and 3 package patterns
2025-08-06 11:22:29,107 - DEBUG - Extracted 20 لیتری -> 20.0 kg
2025-08-06 11:22:30,505 - DEBUG - UnitExtractor initialized with 85 unit mappings and 3 package patterns
2025-08-06 11:22:30,505 - DEBUG - Extracted 2 لیتری -> 2.0 kg
2025-08-06 11:22:31,932 - DEBUG - UnitExtractor initialized with 85 unit mappings and 3 package patterns
2025-08-06 11:22:31,932 - ERROR - Failed to parse number 'خاک': [<class 'decimal.ConversionSyntax'>]
2025-08-06 11:22:31,932 - ERROR - Failed to parse number 'رس': [<class 'decimal.ConversionSyntax'>]
2025-08-06 11:22:31,932 - ERROR - Failed to parse number 'سفید': [<class 'decimal.ConversionSyntax'>]
2025-08-06 11:22:31,932 - INFO - No amount-unit match found in text: خاک رس سفید
2025-08-06 11:22:33,387 - DEBUG - UnitExtractor initialized with 85 unit mappings and 3 package patterns
2025-08-06 11:22:33,387 - DEBUG - Extracted 200 گرم -> 0.200 kg
2025-08-06 11:22:34,762 - DEBUG - UnitExtractor initialized with 85 unit mappings and 3 package patterns
2025-08-06 11:22:34,762 - ERROR - Failed to parse number 'خاک': [<class 'decimal.ConversionSyntax'>]
2025-08-06 11:22:34,762 - ERROR - Failed to parse number 'گیاهان': [<class 'decimal.ConversionSyntax'>]
2025-08-06 11:22:34,762 - ERROR - Failed to parse number 'آپارتمانی': [<class 'decimal.ConversionSyntax'>]
2025-08-06 11:22:34,762 - ERROR - Failed to parse number '(پس': [<class 'decimal.ConversionSyntax'>]
2025-08-06 11:22:34,762 - ERROR - Failed to parse number 'کرایه)': [<class 'decimal.ConversionSyntax'>]
2025-08-06 11:22:34,762 - INFO - No amount-unit match found in text: خاک گیاهان آپارتمانی (پس کرایه)
2025-08-06 11:22:38,563 - DEBUG - UnitExtractor initialized with 85 unit mappings and 3 package patterns
2025-08-06 11:22:38,563 - DEBUG - Extracted 1 کیلو -> 1.0 kg
2025-08-06 11:22:39,950 - DEBUG - UnitExtractor initialized with 85 unit mappings and 3 package patterns
2025-08-06 11:22:39,950 - ERROR - Failed to parse number 'خاک': [<class 'decimal.ConversionSyntax'>]
2025-08-06 11:22:39,950 - ERROR - Failed to parse number 'گلدان': [<class 'decimal.ConversionSyntax'>]
2025-08-06 11:22:39,950 - ERROR - Failed to parse number 'مخصوص': [<class 'decimal.ConversionSyntax'>]
2025-08-06 11:22:39,950 - ERROR - Failed to parse number 'بنفشه': [<class 'decimal.ConversionSyntax'>]
2025-08-06 11:22:39,951 - ERROR - Failed to parse number 'آفریقایی': [<class 'decimal.ConversionSyntax'>]
2025-08-06 11:22:39,951 - INFO - No amount-unit match found in text: خاک گلدان مخصوص بنفشه آفریقایی
2025-08-06 11:22:41,358 - DEBUG - UnitExtractor initialized with 85 unit mappings and 3 package patterns
2025-08-06 11:22:41,359 - DEBUG - Extracted 4 لیتری -> 4.0 kg
2025-08-06 11:22:42,821 - DEBUG - UnitExtractor initialized with 85 unit mappings and 3 package patterns
2025-08-06 11:22:42,821 - ERROR - Failed to parse number 'خاک': [<class 'decimal.ConversionSyntax'>]
2025-08-06 11:22:42,821 - ERROR - Failed to parse number 'کاکتوس': [<class 'decimal.ConversionSyntax'>]
2025-08-06 11:22:42,821 - ERROR - Failed to parse number 'با': [<class 'decimal.ConversionSyntax'>]
2025-08-06 11:22:42,821 - ERROR - Failed to parse number 'ترکیبات': [<class 'decimal.ConversionSyntax'>]
2025-08-06 11:22:42,821 - ERROR - Failed to parse number 'مناسب': [<class 'decimal.ConversionSyntax'>]
2025-08-06 11:22:42,821 - ERROR - Failed to parse number 'و': [<class 'decimal.ConversionSyntax'>]
2025-08-06 11:22:42,821 - ERROR - Failed to parse number 'مقوی': [<class 'decimal.ConversionSyntax'>]
2025-08-06 11:22:42,821 - ERROR - Failed to parse number 'برای': [<class 'decimal.ConversionSyntax'>]
2025-08-06 11:22:42,821 - ERROR - Failed to parse number 'گیاه': [<class 'decimal.ConversionSyntax'>]
2025-08-06 11:22:42,821 - ERROR - Failed to parse number 'با': [<class 'decimal.ConversionSyntax'>]
2025-08-06 11:22:42,821 - ERROR - Failed to parse number 'ارسال': [<class 'decimal.ConversionSyntax'>]
2025-08-06 11:22:42,821 - ERROR - Failed to parse number 'از': [<class 'decimal.ConversionSyntax'>]
2025-08-06 11:22:42,821 - ERROR - Failed to parse number 'طریق': [<class 'decimal.ConversionSyntax'>]
2025-08-06 11:22:42,821 - ERROR - Failed to parse number 'باربری': [<class 'decimal.ConversionSyntax'>]
2025-08-06 11:22:42,821 - INFO - No amount-unit match found in text: خاک کاکتوس با ترکیبات مناسب و مقوی برای گیاه با ارسال از طریق باربری
2025-08-06 11:22:44,288 - DEBUG - UnitExtractor initialized with 85 unit mappings and 3 package patterns
2025-08-06 11:22:44,288 - DEBUG - Extracted 2 لیتری -> 2.0 kg
2025-08-06 11:22:45,720 - DEBUG - UnitExtractor initialized with 85 unit mappings and 3 package patterns
2025-08-06 11:22:45,720 - DEBUG - Extracted 10 لیتری -> 10.0 kg
2025-08-06 11:22:47,137 - DEBUG - UnitExtractor initialized with 85 unit mappings and 3 package patterns
2025-08-06 11:22:47,137 - ERROR - Failed to parse number 'خاک': [<class 'decimal.ConversionSyntax'>]
2025-08-06 11:22:47,137 - ERROR - Failed to parse number 'بستر': [<class 'decimal.ConversionSyntax'>]
2025-08-06 11:22:47,137 - ERROR - Failed to parse number 'آماده': [<class 'decimal.ConversionSyntax'>]
2025-08-06 11:22:47,137 - ERROR - Failed to parse number 'ضدعفونی': [<class 'decimal.ConversionSyntax'>]
2025-08-06 11:22:47,137 - ERROR - Failed to parse number 'شده': [<class 'decimal.ConversionSyntax'>]
2025-08-06 11:22:47,137 - INFO - No amount-unit match found in text: خاک بستر آماده ضدعفونی شده
2025-08-06 11:22:48,617 - DEBUG - UnitExtractor initialized with 85 unit mappings and 3 package patterns
2025-08-06 11:22:48,617 - ERROR - Failed to parse number 'خاک': [<class 'decimal.ConversionSyntax'>]
2025-08-06 11:22:48,617 - ERROR - Failed to parse number 'مخصوص': [<class 'decimal.ConversionSyntax'>]
2025-08-06 11:22:48,617 - ERROR - Failed to parse number 'بنفشه': [<class 'decimal.ConversionSyntax'>]
2025-08-06 11:22:48,617 - ERROR - Failed to parse number 'افریقایی': [<class 'decimal.ConversionSyntax'>]
2025-08-06 11:22:48,617 - ERROR - Failed to parse number 'ترکیب': [<class 'decimal.ConversionSyntax'>]
2025-08-06 11:22:48,617 - ERROR - Failed to parse number 'پیتماس': [<class 'decimal.ConversionSyntax'>]
2025-08-06 11:22:48,617 - ERROR - Failed to parse number 'و': [<class 'decimal.ConversionSyntax'>]
2025-08-06 11:22:48,617 - ERROR - Failed to parse number 'پرلیت': [<class 'decimal.ConversionSyntax'>]
2025-08-06 11:22:48,617 - INFO - No amount-unit match found in text: خاک مخصوص بنفشه افریقایی ترکیب پیتماس و پرلیت
2025-08-06 11:22:50,040 - DEBUG - UnitExtractor initialized with 85 unit mappings and 3 package patterns
2025-08-06 11:22:50,040 - DEBUG - Extracted 3 لیتری -> 3.0 kg
2025-08-06 11:22:51,534 - DEBUG - UnitExtractor initialized with 85 unit mappings and 3 package patterns
2025-08-06 11:22:51,534 - ERROR - Failed to parse number 'خاک': [<class 'decimal.ConversionSyntax'>]
2025-08-06 11:22:51,534 - ERROR - Failed to parse number 'مخصوص': [<class 'decimal.ConversionSyntax'>]
2025-08-06 11:22:51,534 - ERROR - Failed to parse number 'کاکتوس': [<class 'decimal.ConversionSyntax'>]
2025-08-06 11:22:51,534 - ERROR - Failed to parse number 'و': [<class 'decimal.ConversionSyntax'>]
2025-08-06 11:22:51,534 - ERROR - Failed to parse number 'ساکولنت': [<class 'decimal.ConversionSyntax'>]
2025-08-06 11:22:51,534 - INFO - No amount-unit match found in text: خاک مخصوص کاکتوس و ساکولنت
2025-08-06 11:22:53,076 - DEBUG - UnitExtractor initialized with 85 unit mappings and 3 package patterns
2025-08-06 11:22:53,076 - ERROR - Failed to parse number 'خاک': [<class 'decimal.ConversionSyntax'>]
2025-08-06 11:22:53,076 - ERROR - Failed to parse number 'ژله': [<class 'decimal.ConversionSyntax'>]
2025-08-06 11:22:53,077 - ERROR - Failed to parse number 'ای': [<class 'decimal.ConversionSyntax'>]
2025-08-06 11:22:53,077 - ERROR - Failed to parse number 'با': [<class 'decimal.ConversionSyntax'>]
2025-08-06 11:22:53,077 - ERROR - Failed to parse number 'حیوان': [<class 'decimal.ConversionSyntax'>]
2025-08-06 11:22:53,077 - INFO - No amount-unit match found in text: خاک ژله ای با حیوان
2025-08-06 11:22:54,547 - DEBUG - UnitExtractor initialized with 85 unit mappings and 3 package patterns
2025-08-06 11:22:54,547 - ERROR - Failed to parse number 'خاک': [<class 'decimal.ConversionSyntax'>]
2025-08-06 11:22:54,547 - ERROR - Failed to parse number 'ارکیده': [<class 'decimal.ConversionSyntax'>]
2025-08-06 11:22:54,547 - ERROR - Failed to parse number '(': [<class 'decimal.ConversionSyntax'>]
2025-08-06 11:22:54,547 - ERROR - Failed to parse number 'کوکوچیپس': [<class 'decimal.ConversionSyntax'>]
2025-08-06 11:22:54,547 - ERROR - Failed to parse number ')': [<class 'decimal.ConversionSyntax'>]
2025-08-06 11:22:54,547 - INFO - No amount-unit match found in text: خاک ارکیده ( کوکوچیپس )
2025-08-06 11:22:56,115 - DEBUG - UnitExtractor initialized with 85 unit mappings and 3 package patterns
2025-08-06 11:22:56,115 - ERROR - Failed to parse number 'خاک': [<class 'decimal.ConversionSyntax'>]
2025-08-06 11:22:56,115 - ERROR - Failed to parse number 'اره': [<class 'decimal.ConversionSyntax'>]
2025-08-06 11:22:56,115 - ERROR - Failed to parse number 'نجاری': [<class 'decimal.ConversionSyntax'>]
2025-08-06 11:22:56,115 - ERROR - Failed to parse number '(پس': [<class 'decimal.ConversionSyntax'>]
2025-08-06 11:22:56,115 - ERROR - Failed to parse number 'کرایه)': [<class 'decimal.ConversionSyntax'>]
2025-08-06 11:22:56,115 - INFO - No amount-unit match found in text: خاک اره نجاری (پس کرایه)
2025-08-06 11:22:57,649 - DEBUG - UnitExtractor initialized with 85 unit mappings and 3 package patterns
2025-08-06 11:22:57,649 - DEBUG - Extracted 8 لیتری -> 8.0 kg
2025-08-06 11:22:59,107 - DEBUG - UnitExtractor initialized with 85 unit mappings and 3 package patterns
2025-08-06 11:22:59,107 - ERROR - Failed to parse number 'خاک': [<class 'decimal.ConversionSyntax'>]
2025-08-06 11:22:59,107 - ERROR - Failed to parse number 'ژله': [<class 'decimal.ConversionSyntax'>]
2025-08-06 11:22:59,107 - ERROR - Failed to parse number 'ای': [<class 'decimal.ConversionSyntax'>]
2025-08-06 11:22:59,107 - ERROR - Failed to parse number 'بی': [<class 'decimal.ConversionSyntax'>]
2025-08-06 11:22:59,107 - ERROR - Failed to parse number 'رنگ': [<class 'decimal.ConversionSyntax'>]
2025-08-06 11:22:59,107 - ERROR - Failed to parse number 'شفاف': [<class 'decimal.ConversionSyntax'>]
2025-08-06 11:22:59,107 - ERROR - Failed to parse number 'بسته': [<class 'decimal.ConversionSyntax'>]
2025-08-06 11:22:59,108 - ERROR - Failed to parse number 'ی': [<class 'decimal.ConversionSyntax'>]
2025-08-06 11:22:59,108 - ERROR - Failed to parse number 'پر': [<class 'decimal.ConversionSyntax'>]
2025-08-06 11:22:59,108 - INFO - No amount-unit match found in text: خاک ژله ای بی رنگ شفاف بسته ی پر
2025-08-06 11:23:00,511 - DEBUG - UnitExtractor initialized with 85 unit mappings and 3 package patterns
2025-08-06 11:23:00,511 - ERROR - Failed to parse number 'خاک': [<class 'decimal.ConversionSyntax'>]
2025-08-06 11:23:00,511 - ERROR - Failed to parse number 'ژله': [<class 'decimal.ConversionSyntax'>]
2025-08-06 11:23:00,511 - ERROR - Failed to parse number 'ای': [<class 'decimal.ConversionSyntax'>]
2025-08-06 11:23:00,511 - ERROR - Failed to parse number 'تک': [<class 'decimal.ConversionSyntax'>]
2025-08-06 11:23:00,511 - ERROR - Failed to parse number 'رنگ': [<class 'decimal.ConversionSyntax'>]
2025-08-06 11:23:00,511 - ERROR - Failed to parse number 'و': [<class 'decimal.ConversionSyntax'>]
2025-08-06 11:23:00,511 - ERROR - Failed to parse number 'هفت': [<class 'decimal.ConversionSyntax'>]
2025-08-06 11:23:00,511 - ERROR - Failed to parse number 'رنگ': [<class 'decimal.ConversionSyntax'>]
2025-08-06 11:23:00,511 - ERROR - Failed to parse number 'کیفیت': [<class 'decimal.ConversionSyntax'>]
2025-08-06 11:23:00,511 - ERROR - Failed to parse number 'فوق': [<class 'decimal.ConversionSyntax'>]
2025-08-06 11:23:00,511 - ERROR - Failed to parse number 'العاده': [<class 'decimal.ConversionSyntax'>]
2025-08-06 11:23:00,511 - ERROR - Failed to parse number 'عالی': [<class 'decimal.ConversionSyntax'>]
2025-08-06 11:23:00,511 - INFO - No amount-unit match found in text: خاک ژله ای تک رنگ و هفت رنگ کیفیت فوق العاده عالی
2025-08-06 11:23:01,890 - DEBUG - UnitExtractor initialized with 85 unit mappings and 3 package patterns
2025-08-06 11:23:01,890 - DEBUG - Extracted 3 لیتر -> 3.0 kg
2025-08-06 11:23:03,264 - DEBUG - UnitExtractor initialized with 85 unit mappings and 3 package patterns
2025-08-06 11:23:03,264 - ERROR - Failed to parse number 'خاک': [<class 'decimal.ConversionSyntax'>]
2025-08-06 11:23:03,264 - ERROR - Failed to parse number 'گیاهان': [<class 'decimal.ConversionSyntax'>]
2025-08-06 11:23:03,264 - ERROR - Failed to parse number 'آپارتمانی': [<class 'decimal.ConversionSyntax'>]
2025-08-06 11:23:03,264 - INFO - No amount-unit match found in text: خاک گیاهان آپارتمانی
2025-08-06 11:23:04,700 - DEBUG - UnitExtractor initialized with 85 unit mappings and 3 package patterns
2025-08-06 11:23:04,701 - ERROR - Failed to parse number 'خاک': [<class 'decimal.ConversionSyntax'>]
2025-08-06 11:23:04,701 - ERROR - Failed to parse number 'معطر': [<class 'decimal.ConversionSyntax'>]
2025-08-06 11:23:04,701 - ERROR - Failed to parse number 'نیروانا': [<class 'decimal.ConversionSyntax'>]
2025-08-06 11:23:04,701 - ERROR - Failed to parse number 'رایحه': [<class 'decimal.ConversionSyntax'>]
2025-08-06 11:23:04,701 - ERROR - Failed to parse number 'لوندر': [<class 'decimal.ConversionSyntax'>]
2025-08-06 11:23:04,701 - ERROR - Failed to parse number '(اسطوخودوس)': [<class 'decimal.ConversionSyntax'>]
2025-08-06 11:23:04,701 - INFO - No amount-unit match found in text: خاک معطر نیروانا رایحه لوندر (اسطوخودوس)
2025-08-06 11:23:06,197 - DEBUG - UnitExtractor initialized with 85 unit mappings and 3 package patterns
2025-08-06 11:23:06,197 - DEBUG - Extracted 4 لیتری -> 4.0 kg
2025-08-06 11:23:07,718 - DEBUG - UnitExtractor initialized with 85 unit mappings and 3 package patterns
2025-08-06 11:23:07,718 - DEBUG - Extracted 5 لیتری -> 5.0 kg
2025-08-06 11:23:09,280 - DEBUG - UnitExtractor initialized with 85 unit mappings and 3 package patterns
2025-08-06 11:23:09,280 - DEBUG - Extracted 500 گرمی -> 0.500 kg
2025-08-06 11:23:10,759 - DEBUG - UnitExtractor initialized with 85 unit mappings and 3 package patterns
2025-08-06 11:23:10,759 - DEBUG - Package extracted 24 units -> 0.096 kg
2025-08-06 11:23:12,240 - DEBUG - UnitExtractor initialized with 85 unit mappings and 3 package patterns
2025-08-06 11:23:12,240 - ERROR - Failed to parse number 'خاک': [<class 'decimal.ConversionSyntax'>]
2025-08-06 11:23:12,240 - ERROR - Failed to parse number 'آکاداما': [<class 'decimal.ConversionSyntax'>]
2025-08-06 11:23:12,241 - ERROR - Failed to parse number 'بسیار': [<class 'decimal.ConversionSyntax'>]
2025-08-06 11:23:12,241 - ERROR - Failed to parse number 'حرفه': [<class 'decimal.ConversionSyntax'>]
2025-08-06 11:23:12,241 - ERROR - Failed to parse number 'ای': [<class 'decimal.ConversionSyntax'>]
2025-08-06 11:23:12,241 - ERROR - Failed to parse number 'و': [<class 'decimal.ConversionSyntax'>]
2025-08-06 11:23:12,241 - ERROR - Failed to parse number 'مناسب': [<class 'decimal.ConversionSyntax'>]
2025-08-06 11:23:12,241 - ERROR - Failed to parse number 'مشکل': [<class 'decimal.ConversionSyntax'>]
2025-08-06 11:23:12,241 - ERROR - Failed to parse number 'پسندان': [<class 'decimal.ConversionSyntax'>]
2025-08-06 11:23:12,241 - INFO - No amount-unit match found in text: خاک آکاداما بسیار حرفه ای و مناسب مشکل پسندان
2025-08-06 11:23:13,745 - DEBUG - UnitExtractor initialized with 85 unit mappings and 3 package patterns
2025-08-06 11:23:13,746 - DEBUG - Extracted 1 کیلو -> 1.0 kg
2025-08-06 11:23:15,265 - DEBUG - UnitExtractor initialized with 85 unit mappings and 3 package patterns
2025-08-06 11:23:15,265 - DEBUG - Extracted 50 لیتری -> 50.0 kg
2025-08-06 11:23:16,726 - DEBUG - UnitExtractor initialized with 85 unit mappings and 3 package patterns
2025-08-06 11:23:16,726 - ERROR - Failed to parse number 'خاک': [<class 'decimal.ConversionSyntax'>]
2025-08-06 11:23:16,726 - ERROR - Failed to parse number 'آپارتمانی': [<class 'decimal.ConversionSyntax'>]
2025-08-06 11:23:16,726 - ERROR - Failed to parse number 'استریل': [<class 'decimal.ConversionSyntax'>]
2025-08-06 11:23:16,726 - ERROR - Failed to parse number 'و': [<class 'decimal.ConversionSyntax'>]
2025-08-06 11:23:16,726 - ERROR - Failed to parse number 'مرغوب': [<class 'decimal.ConversionSyntax'>]
2025-08-06 11:23:16,726 - INFO - No amount-unit match found in text: خاک آپارتمانی استریل و مرغوب
2025-08-06 11:23:18,133 - DEBUG - UnitExtractor initialized with 85 unit mappings and 3 package patterns
2025-08-06 11:23:18,133 - ERROR - Failed to parse number 'خاک': [<class 'decimal.ConversionSyntax'>]
2025-08-06 11:23:18,133 - ERROR - Failed to parse number 'مخصوص': [<class 'decimal.ConversionSyntax'>]
2025-08-06 11:23:18,133 - ERROR - Failed to parse number 'حلزون': [<class 'decimal.ConversionSyntax'>]
2025-08-06 11:23:18,133 - ERROR - Failed to parse number ')کوکوپیت(': [<class 'decimal.ConversionSyntax'>]
2025-08-06 11:23:18,133 - INFO - No amount-unit match found in text: خاک مخصوص حلزون )کوکوپیت(
2025-08-06 11:23:19,530 - DEBUG - UnitExtractor initialized with 85 unit mappings and 3 package patterns
2025-08-06 11:23:19,530 - DEBUG - Package extracted 24 units -> 0.096 kg
2025-08-06 11:23:20,909 - DEBUG - UnitExtractor initialized with 85 unit mappings and 3 package patterns
2025-08-06 11:23:20,910 - DEBUG - Extracted 250 گرمی -> 0.250 kg
2025-08-06 11:23:22,494 - DEBUG - UnitExtractor initialized with 85 unit mappings and 3 package patterns
2025-08-06 11:23:22,494 - DEBUG - Extracted 3 لیتری -> 3.0 kg
2025-08-06 11:23:24,012 - DEBUG - UnitExtractor initialized with 85 unit mappings and 3 package patterns
2025-08-06 11:23:24,012 - DEBUG - Extracted 2 لیتری -> 2.0 kg
2025-08-06 11:23:25,461 - DEBUG - UnitExtractor initialized with 85 unit mappings and 3 package patterns
2025-08-06 11:23:25,461 - DEBUG - Extracted 500 گرم -> 0.500 kg
2025-08-06 11:23:27,037 - DEBUG - UnitExtractor initialized with 85 unit mappings and 3 package patterns
2025-08-06 11:23:27,037 - DEBUG - Extracted 500 گرمی -> 0.500 kg
2025-08-06 11:23:28,496 - DEBUG - UnitExtractor initialized with 85 unit mappings and 3 package patterns
2025-08-06 11:23:28,496 - DEBUG - Extracted 3 لیتری -> 3.0 kg
2025-08-06 11:23:29,891 - DEBUG - UnitExtractor initialized with 85 unit mappings and 3 package patterns
2025-08-06 11:23:29,891 - DEBUG - Extracted 3 لیتری -> 3.0 kg
2025-08-06 11:23:31,279 - DEBUG - UnitExtractor initialized with 85 unit mappings and 3 package patterns
2025-08-06 11:23:31,279 - DEBUG - Extracted 3 لیتری -> 3.0 kg
2025-08-06 11:23:32,667 - DEBUG - UnitExtractor initialized with 85 unit mappings and 3 package patterns
2025-08-06 11:23:32,667 - DEBUG - Extracted 4 لیتر -> 4.0 kg
2025-08-06 11:23:34,077 - DEBUG - UnitExtractor initialized with 85 unit mappings and 3 package patterns
2025-08-06 11:23:34,077 - DEBUG - Extracted 2 لیتر -> 2.0 kg
2025-08-06 11:23:35,514 - DEBUG - UnitExtractor initialized with 85 unit mappings and 3 package patterns
2025-08-06 11:23:35,514 - ERROR - Failed to parse number 'خاک': [<class 'decimal.ConversionSyntax'>]
2025-08-06 11:23:35,514 - ERROR - Failed to parse number 'هلندی': [<class 'decimal.ConversionSyntax'>]
2025-08-06 11:23:35,514 - ERROR - Failed to parse number '(کوکولیت)ترکیب': [<class 'decimal.ConversionSyntax'>]
2025-08-06 11:23:35,514 - ERROR - Failed to parse number 'کوکولیت': [<class 'decimal.ConversionSyntax'>]
2025-08-06 11:23:35,514 - ERROR - Failed to parse number 'وورمیکمپوست': [<class 'decimal.ConversionSyntax'>]
2025-08-06 11:23:35,514 - ERROR - Failed to parse number 'وپرلیت': [<class 'decimal.ConversionSyntax'>]
2025-08-06 11:23:35,514 - INFO - No amount-unit match found in text: خاک هلندی (کوکولیت)ترکیب کوکولیت وورمیکمپوست وپرلیت
2025-08-06 11:23:36,902 - DEBUG - UnitExtractor initialized with 85 unit mappings and 3 package patterns
2025-08-06 11:23:36,902 - DEBUG - Extracted 25 لیتری -> 25.0 kg
2025-08-06 11:23:38,311 - DEBUG - UnitExtractor initialized with 85 unit mappings and 3 package patterns
2025-08-06 11:23:38,311 - DEBUG - Extracted 5 لیتر -> 5.0 kg
2025-08-06 11:23:39,740 - DEBUG - UnitExtractor initialized with 85 unit mappings and 3 package patterns
2025-08-06 11:23:39,740 - ERROR - Failed to parse number 'خاک': [<class 'decimal.ConversionSyntax'>]
2025-08-06 11:23:39,741 - ERROR - Failed to parse number 'ژله': [<class 'decimal.ConversionSyntax'>]
2025-08-06 11:23:39,741 - ERROR - Failed to parse number 'ای': [<class 'decimal.ConversionSyntax'>]
2025-08-06 11:23:39,741 - ERROR - Failed to parse number 'رنگی': [<class 'decimal.ConversionSyntax'>]
2025-08-06 11:23:39,741 - ERROR - Failed to parse number 'بسته': [<class 'decimal.ConversionSyntax'>]
2025-08-06 11:23:39,741 - INFO - No amount-unit match found in text: خاک ژله ای رنگی 1 بسته
2025-08-06 11:23:41,445 - DEBUG - UnitExtractor initialized with 85 unit mappings and 3 package patterns
2025-08-06 11:23:41,445 - ERROR - Failed to parse number 'خاک': [<class 'decimal.ConversionSyntax'>]
2025-08-06 11:23:41,445 - ERROR - Failed to parse number 'گلدان': [<class 'decimal.ConversionSyntax'>]
2025-08-06 11:23:41,445 - ERROR - Failed to parse number 'مخصوص': [<class 'decimal.ConversionSyntax'>]
2025-08-06 11:23:41,445 - ERROR - Failed to parse number 'کاکتوس': [<class 'decimal.ConversionSyntax'>]
2025-08-06 11:23:41,445 - ERROR - Failed to parse number 'دو': [<class 'decimal.ConversionSyntax'>]
2025-08-06 11:23:41,445 - ERROR - Failed to parse number 'کیلویی': [<class 'decimal.ConversionSyntax'>]
2025-08-06 11:23:41,445 - INFO - No amount-unit match found in text: خاک گلدان مخصوص کاکتوس دو کیلویی
2025-08-06 11:23:42,854 - DEBUG - UnitExtractor initialized with 85 unit mappings and 3 package patterns
2025-08-06 11:23:42,855 - ERROR - Failed to parse number 'خاک': [<class 'decimal.ConversionSyntax'>]
2025-08-06 11:23:42,855 - ERROR - Failed to parse number 'پلنت': [<class 'decimal.ConversionSyntax'>]
2025-08-06 11:23:42,855 - ERROR - Failed to parse number 'خارجی': [<class 'decimal.ConversionSyntax'>]
2025-08-06 11:23:42,855 - ERROR - Failed to parse number 'جهت': [<class 'decimal.ConversionSyntax'>]
2025-08-06 11:23:42,855 - ERROR - Failed to parse number 'بستر': [<class 'decimal.ConversionSyntax'>]
2025-08-06 11:23:42,855 - ERROR - Failed to parse number 'کشت': [<class 'decimal.ConversionSyntax'>]
2025-08-06 11:23:42,855 - ERROR - Failed to parse number 'چمن': [<class 'decimal.ConversionSyntax'>]
2025-08-06 11:23:42,855 - ERROR - Failed to parse number 'اکواریوم': [<class 'decimal.ConversionSyntax'>]
2025-08-06 11:23:42,855 - INFO - No amount-unit match found in text: خاک پلنت خارجی جهت بستر کشت چمن اکواریوم
2025-08-06 11:23:44,307 - DEBUG - UnitExtractor initialized with 85 unit mappings and 3 package patterns
2025-08-06 11:23:44,307 - ERROR - Failed to parse number 'خاک': [<class 'decimal.ConversionSyntax'>]
2025-08-06 11:23:44,307 - ERROR - Failed to parse number 'برگ': [<class 'decimal.ConversionSyntax'>]
2025-08-06 11:23:44,307 - ERROR - Failed to parse number 'کیمیا': [<class 'decimal.ConversionSyntax'>]
2025-08-06 11:23:44,307 - INFO - No amount-unit match found in text: خاک برگ کیمیا
2025-08-06 11:23:45,715 - DEBUG - UnitExtractor initialized with 85 unit mappings and 3 package patterns
2025-08-06 11:23:45,715 - ERROR - Failed to parse number 'خاک': [<class 'decimal.ConversionSyntax'>]
2025-08-06 11:23:45,715 - ERROR - Failed to parse number 'ژله': [<class 'decimal.ConversionSyntax'>]
2025-08-06 11:23:45,715 - ERROR - Failed to parse number '(توپ': [<class 'decimal.ConversionSyntax'>]
2025-08-06 11:23:45,715 - ERROR - Failed to parse number 'های': [<class 'decimal.ConversionSyntax'>]
2025-08-06 11:23:45,715 - ERROR - Failed to parse number 'ژله': [<class 'decimal.ConversionSyntax'>]
2025-08-06 11:23:45,715 - ERROR - Failed to parse number 'ای)': [<class 'decimal.ConversionSyntax'>]
2025-08-06 11:23:45,715 - INFO - No amount-unit match found in text: خاک ژله (توپ های ژله ای)
2025-08-06 11:23:47,116 - DEBUG - UnitExtractor initialized with 85 unit mappings and 3 package patterns
2025-08-06 11:23:47,116 - ERROR - Failed to parse number 'خاک': [<class 'decimal.ConversionSyntax'>]
2025-08-06 11:23:47,116 - ERROR - Failed to parse number 'ژله': [<class 'decimal.ConversionSyntax'>]
2025-08-06 11:23:47,116 - ERROR - Failed to parse number 'ای': [<class 'decimal.ConversionSyntax'>]
2025-08-06 11:23:47,116 - ERROR - Failed to parse number 'رنگی': [<class 'decimal.ConversionSyntax'>]
2025-08-06 11:23:47,116 - ERROR - Failed to parse number 'بسته': [<class 'decimal.ConversionSyntax'>]
2025-08-06 11:23:47,116 - ERROR - Failed to parse number 'دو': [<class 'decimal.ConversionSyntax'>]
2025-08-06 11:23:47,116 - ERROR - Failed to parse number 'عددی': [<class 'decimal.ConversionSyntax'>]
2025-08-06 11:23:47,116 - INFO - No amount-unit match found in text: خاک ژله ای رنگی بسته دو عددی
2025-08-06 11:23:50,202 - DEBUG - UnitExtractor initialized with 85 unit mappings and 3 package patterns
2025-08-06 11:23:50,202 - ERROR - Failed to parse number 'خاک': [<class 'decimal.ConversionSyntax'>]
2025-08-06 11:23:50,202 - ERROR - Failed to parse number 'سبک': [<class 'decimal.ConversionSyntax'>]
2025-08-06 11:23:50,202 - ERROR - Failed to parse number 'اُرس': [<class 'decimal.ConversionSyntax'>]
2025-08-06 11:23:50,202 - INFO - No amount-unit match found in text: خاک سبک اُرس
2025-08-06 11:23:51,625 - DEBUG - UnitExtractor initialized with 85 unit mappings and 3 package patterns
2025-08-06 11:23:51,625 - DEBUG - Extracted 3 لیتری -> 3.0 kg
2025-08-06 11:23:53,181 - DEBUG - UnitExtractor initialized with 85 unit mappings and 3 package patterns
2025-08-06 11:23:53,181 - DEBUG - Extracted 4 کیلویی -> 4.0 kg
2025-08-06 11:23:54,598 - DEBUG - UnitExtractor initialized with 85 unit mappings and 3 package patterns
2025-08-06 11:23:54,598 - ERROR - Failed to parse number 'خاک': [<class 'decimal.ConversionSyntax'>]
2025-08-06 11:23:54,598 - ERROR - Failed to parse number 'های': [<class 'decimal.ConversionSyntax'>]
2025-08-06 11:23:54,598 - ERROR - Failed to parse number 'نرم': [<class 'decimal.ConversionSyntax'>]
2025-08-06 11:23:54,598 - ERROR - Failed to parse number 'کوشک،رقعی': [<class 'decimal.ConversionSyntax'>]
2025-08-06 11:23:54,598 - ERROR - Failed to parse number 'شومیز،نشرملک': [<class 'decimal.ConversionSyntax'>]
2025-08-06 11:23:54,598 - ERROR - Failed to parse number 'اعظم270ص': [<class 'decimal.ConversionSyntax'>]
2025-08-06 11:23:54,598 - INFO - No amount-unit match found in text: خاک های نرم کوشک،رقعی شومیز،نشرملک اعظم270ص
2025-08-06 11:23:56,010 - DEBUG - UnitExtractor initialized with 85 unit mappings and 3 package patterns
2025-08-06 11:23:56,010 - DEBUG - Extracted 10 لیتری -> 10.0 kg
2025-08-06 11:23:57,511 - DEBUG - UnitExtractor initialized with 85 unit mappings and 3 package patterns
2025-08-06 11:23:57,511 - ERROR - Failed to parse number 'خاک': [<class 'decimal.ConversionSyntax'>]
2025-08-06 11:23:57,511 - ERROR - Failed to parse number 'رس': [<class 'decimal.ConversionSyntax'>]
2025-08-06 11:23:57,511 - ERROR - Failed to parse number 'وزنی': [<class 'decimal.ConversionSyntax'>]
2025-08-06 11:23:57,511 - INFO - No amount-unit match found in text: خاک رس وزنی
2025-08-06 11:23:58,976 - DEBUG - UnitExtractor initialized with 85 unit mappings and 3 package patterns
2025-08-06 11:23:58,976 - ERROR - Failed to parse number 'خاک': [<class 'decimal.ConversionSyntax'>]
2025-08-06 11:23:58,976 - ERROR - Failed to parse number 'انداز(3)': [<class 'decimal.ConversionSyntax'>]
2025-08-06 11:23:58,976 - INFO - No amount-unit match found in text: خاک انداز(3)
2025-08-06 11:24:00,392 - DEBUG - UnitExtractor initialized with 85 unit mappings and 3 package patterns
2025-08-06 11:24:00,392 - DEBUG - Package extracted 5 units -> 0.020 kg
2025-08-06 11:24:01,775 - DEBUG - UnitExtractor initialized with 85 unit mappings and 3 package patterns
2025-08-06 11:24:01,775 - ERROR - Failed to parse number 'خاک': [<class 'decimal.ConversionSyntax'>]
2025-08-06 11:24:01,775 - ERROR - Failed to parse number 'گلدان': [<class 'decimal.ConversionSyntax'>]
2025-08-06 11:24:01,775 - ERROR - Failed to parse number 'وباغچه': [<class 'decimal.ConversionSyntax'>]
2025-08-06 11:24:01,775 - INFO - No amount-unit match found in text: خاک گلدان وباغچه
2025-08-06 11:24:03,123 - DEBUG - UnitExtractor initialized with 85 unit mappings and 3 package patterns
2025-08-06 11:24:03,123 - DEBUG - Extracted 4 لیتری -> 4.0 kg
2025-08-06 11:24:04,475 - DEBUG - UnitExtractor initialized with 85 unit mappings and 3 package patterns
2025-08-06 11:24:04,475 - ERROR - Failed to parse number 'خاک': [<class 'decimal.ConversionSyntax'>]
2025-08-06 11:24:04,475 - ERROR - Failed to parse number 'رس': [<class 'decimal.ConversionSyntax'>]
2025-08-06 11:24:04,475 - INFO - No amount-unit match found in text: خاک رس
2025-08-06 11:24:06,011 - DEBUG - UnitExtractor initialized with 85 unit mappings and 3 package patterns
2025-08-06 11:24:06,011 - ERROR - Failed to parse number 'خاک': [<class 'decimal.ConversionSyntax'>]
2025-08-06 11:24:06,011 - ERROR - Failed to parse number 'رس': [<class 'decimal.ConversionSyntax'>]
2025-08-06 11:24:06,011 - ERROR - Failed to parse number 'قرمز': [<class 'decimal.ConversionSyntax'>]
2025-08-06 11:24:06,011 - ERROR - Failed to parse number 'مناسب': [<class 'decimal.ConversionSyntax'>]
2025-08-06 11:24:06,011 - ERROR - Failed to parse number 'پوست': [<class 'decimal.ConversionSyntax'>]
2025-08-06 11:24:06,011 - ERROR - Failed to parse number 'چرب': [<class 'decimal.ConversionSyntax'>]
2025-08-06 11:24:06,011 - ERROR - Failed to parse number 'و': [<class 'decimal.ConversionSyntax'>]
2025-08-06 11:24:06,011 - ERROR - Failed to parse number 'جوش': [<class 'decimal.ConversionSyntax'>]
2025-08-06 11:24:06,011 - ERROR - Failed to parse number 'دار': [<class 'decimal.ConversionSyntax'>]
2025-08-06 11:24:06,011 - INFO - No amount-unit match found in text: خاک رس قرمز مناسب پوست چرب و جوش دار
2025-08-06 11:24:07,563 - DEBUG - UnitExtractor initialized with 85 unit mappings and 3 package patterns
2025-08-06 11:24:07,563 - ERROR - Failed to parse number 'خاک': [<class 'decimal.ConversionSyntax'>]
2025-08-06 11:24:07,563 - ERROR - Failed to parse number 'رس': [<class 'decimal.ConversionSyntax'>]
2025-08-06 11:24:07,563 - ERROR - Failed to parse number 'قرمز': [<class 'decimal.ConversionSyntax'>]
2025-08-06 11:24:07,563 - ERROR - Failed to parse number 'طبی': [<class 'decimal.ConversionSyntax'>]
2025-08-06 11:24:07,563 - ERROR - Failed to parse number 'نیم': [<class 'decimal.ConversionSyntax'>]
2025-08-06 11:24:07,563 - ERROR - Failed to parse number 'کیلویی': [<class 'decimal.ConversionSyntax'>]
2025-08-06 11:24:07,563 - ERROR - Failed to parse number 'مناسب': [<class 'decimal.ConversionSyntax'>]
2025-08-06 11:24:07,563 - ERROR - Failed to parse number 'پوست': [<class 'decimal.ConversionSyntax'>]
2025-08-06 11:24:07,563 - ERROR - Failed to parse number 'چرب': [<class 'decimal.ConversionSyntax'>]
2025-08-06 11:24:07,563 - INFO - No amount-unit match found in text: خاک رس قرمز طبی نیم کیلویی مناسب پوست چرب
2025-08-06 11:24:09,087 - DEBUG - UnitExtractor initialized with 85 unit mappings and 3 package patterns
2025-08-06 11:24:09,088 - ERROR - Failed to parse number 'خاک': [<class 'decimal.ConversionSyntax'>]
2025-08-06 11:24:09,088 - ERROR - Failed to parse number 'ژله': [<class 'decimal.ConversionSyntax'>]
2025-08-06 11:24:09,088 - ERROR - Failed to parse number 'ای': [<class 'decimal.ConversionSyntax'>]
2025-08-06 11:24:09,088 - ERROR - Failed to parse number 'بی': [<class 'decimal.ConversionSyntax'>]
2025-08-06 11:24:09,088 - ERROR - Failed to parse number 'رنگ': [<class 'decimal.ConversionSyntax'>]
2025-08-06 11:24:09,088 - ERROR - Failed to parse number 'تیله': [<class 'decimal.ConversionSyntax'>]
2025-08-06 11:24:09,088 - ERROR - Failed to parse number 'ای': [<class 'decimal.ConversionSyntax'>]
2025-08-06 11:24:09,088 - ERROR - Failed to parse number 'شفاف(قیمت': [<class 'decimal.ConversionSyntax'>]
2025-08-06 11:24:09,088 - ERROR - Failed to parse number 'برای': [<class 'decimal.ConversionSyntax'>]
2025-08-06 11:24:09,088 - ERROR - Failed to parse number 'یک': [<class 'decimal.ConversionSyntax'>]
2025-08-06 11:24:09,088 - ERROR - Failed to parse number 'بسته': [<class 'decimal.ConversionSyntax'>]
2025-08-06 11:24:09,088 - ERROR - Failed to parse number 'کوچک': [<class 'decimal.ConversionSyntax'>]
2025-08-06 11:24:09,088 - ERROR - Failed to parse number 'میباشد)': [<class 'decimal.ConversionSyntax'>]
2025-08-06 11:24:09,088 - INFO - No amount-unit match found in text: خاک ژله ای بی رنگ تیله ای شفاف(قیمت برای یک بسته کوچک میباشد)
2025-08-06 11:24:10,612 - DEBUG - UnitExtractor initialized with 85 unit mappings and 3 package patterns
2025-08-06 11:24:10,612 - ERROR - Failed to parse number 'خاک': [<class 'decimal.ConversionSyntax'>]
2025-08-06 11:24:10,612 - ERROR - Failed to parse number 'ژله': [<class 'decimal.ConversionSyntax'>]
2025-08-06 11:24:10,612 - ERROR - Failed to parse number 'ای': [<class 'decimal.ConversionSyntax'>]
2025-08-06 11:24:10,612 - ERROR - Failed to parse number 'بی': [<class 'decimal.ConversionSyntax'>]
2025-08-06 11:24:10,612 - ERROR - Failed to parse number 'رنگ': [<class 'decimal.ConversionSyntax'>]
2025-08-06 11:24:10,612 - ERROR - Failed to parse number 'تیله': [<class 'decimal.ConversionSyntax'>]
2025-08-06 11:24:10,612 - ERROR - Failed to parse number 'ای': [<class 'decimal.ConversionSyntax'>]
2025-08-06 11:24:10,612 - ERROR - Failed to parse number 'شفاف': [<class 'decimal.ConversionSyntax'>]
2025-08-06 11:24:10,612 - ERROR - Failed to parse number '(قیمت': [<class 'decimal.ConversionSyntax'>]
2025-08-06 11:24:10,612 - ERROR - Failed to parse number 'برای': [<class 'decimal.ConversionSyntax'>]
2025-08-06 11:24:10,612 - ERROR - Failed to parse number 'هر': [<class 'decimal.ConversionSyntax'>]
2025-08-06 11:24:10,612 - ERROR - Failed to parse number 'یک': [<class 'decimal.ConversionSyntax'>]
2025-08-06 11:24:10,612 - ERROR - Failed to parse number 'بسته': [<class 'decimal.ConversionSyntax'>]
2025-08-06 11:24:10,612 - ERROR - Failed to parse number 'میباشد)': [<class 'decimal.ConversionSyntax'>]
2025-08-06 11:24:10,612 - INFO - No amount-unit match found in text: خاک ژله ای بی رنگ تیله ای شفاف (قیمت برای هر یک بسته میباشد)
2025-08-06 11:24:12,042 - DEBUG - UnitExtractor initialized with 85 unit mappings and 3 package patterns
2025-08-06 11:24:12,042 - DEBUG - Extracted 10 لیتری -> 10.0 kg
2025-08-06 11:24:13,608 - DEBUG - UnitExtractor initialized with 85 unit mappings and 3 package patterns
2025-08-06 11:24:13,608 - DEBUG - Extracted 3 لیتری -> 3.0 kg
2025-08-06 11:24:15,020 - DEBUG - UnitExtractor initialized with 85 unit mappings and 3 package patterns
2025-08-06 11:24:15,021 - DEBUG - Extracted 7 لیتری -> 7.0 kg
2025-08-06 11:24:16,477 - DEBUG - UnitExtractor initialized with 85 unit mappings and 3 package patterns
2025-08-06 11:24:16,477 - DEBUG - Extracted 3 لیتری -> 3.0 kg
2025-08-06 11:24:17,917 - DEBUG - UnitExtractor initialized with 85 unit mappings and 3 package patterns
2025-08-06 11:24:17,917 - DEBUG - Extracted 5 لیتری -> 5.0 kg
2025-08-06 11:24:19,300 - DEBUG - UnitExtractor initialized with 85 unit mappings and 3 package patterns
2025-08-06 11:24:19,301 - DEBUG - Extracted 0.4 لیتری -> 0.40 kg
2025-08-06 11:24:20,744 - DEBUG - UnitExtractor initialized with 85 unit mappings and 3 package patterns
2025-08-06 11:24:20,744 - DEBUG - Extracted 3 لیتری -> 3.0 kg
2025-08-06 11:24:22,150 - DEBUG - UnitExtractor initialized with 85 unit mappings and 3 package patterns
2025-08-06 11:24:22,150 - ERROR - Failed to parse number 'خاک': [<class 'decimal.ConversionSyntax'>]
2025-08-06 11:24:22,150 - ERROR - Failed to parse number 'مخصوص': [<class 'decimal.ConversionSyntax'>]
2025-08-06 11:24:22,150 - ERROR - Failed to parse number 'انواع': [<class 'decimal.ConversionSyntax'>]
2025-08-06 11:24:22,150 - ERROR - Failed to parse number 'کاکتوس': [<class 'decimal.ConversionSyntax'>]
2025-08-06 11:24:22,150 - INFO - No amount-unit match found in text: خاک مخصوص انواع کاکتوس
2025-08-06 11:24:23,539 - DEBUG - UnitExtractor initialized with 85 unit mappings and 3 package patterns
2025-08-06 11:24:23,539 - DEBUG - Extracted 3 لیتری -> 3.0 kg
2025-08-06 11:24:24,983 - DEBUG - UnitExtractor initialized with 85 unit mappings and 3 package patterns
2025-08-06 11:24:24,983 - DEBUG - Extracted 4 لیتری -> 4.0 kg
2025-08-06 11:24:26,400 - DEBUG - UnitExtractor initialized with 85 unit mappings and 3 package patterns
2025-08-06 11:24:26,401 - ERROR - Failed to parse number 'خاک': [<class 'decimal.ConversionSyntax'>]
2025-08-06 11:24:26,401 - ERROR - Failed to parse number 'تربت': [<class 'decimal.ConversionSyntax'>]
2025-08-06 11:24:26,401 - ERROR - Failed to parse number 'کربلا': [<class 'decimal.ConversionSyntax'>]
2025-08-06 11:24:26,401 - INFO - No amount-unit match found in text: خاک تربت کربلا
2025-08-06 11:24:27,995 - DEBUG - UnitExtractor initialized with 85 unit mappings and 3 package patterns
2025-08-06 11:24:27,995 - DEBUG - Extracted 500 گرم -> 0.500 kg
2025-08-06 11:24:29,456 - DEBUG - UnitExtractor initialized with 85 unit mappings and 3 package patterns
2025-08-06 11:24:29,456 - DEBUG - Extracted 25 لیتری -> 25.0 kg
2025-08-06 11:24:30,858 - DEBUG - UnitExtractor initialized with 85 unit mappings and 3 package patterns
2025-08-06 11:24:30,858 - ERROR - Failed to parse number 'خاک': [<class 'decimal.ConversionSyntax'>]
2025-08-06 11:24:30,858 - ERROR - Failed to parse number 'ژله': [<class 'decimal.ConversionSyntax'>]
2025-08-06 11:24:30,858 - ERROR - Failed to parse number 'ای': [<class 'decimal.ConversionSyntax'>]
2025-08-06 11:24:30,858 - ERROR - Failed to parse number '1بسته': [<class 'decimal.ConversionSyntax'>]
2025-08-06 11:24:30,858 - INFO - No amount-unit match found in text: خاک ژله ای 1بسته
2025-08-06 11:24:32,238 - DEBUG - UnitExtractor initialized with 85 unit mappings and 3 package patterns
2025-08-06 11:24:32,238 - ERROR - Failed to parse number 'خاک': [<class 'decimal.ConversionSyntax'>]
2025-08-06 11:24:32,238 - ERROR - Failed to parse number 'گلدان': [<class 'decimal.ConversionSyntax'>]
2025-08-06 11:24:32,238 - ERROR - Failed to parse number 'ترکیبی': [<class 'decimal.ConversionSyntax'>]
2025-08-06 11:24:32,238 - ERROR - Failed to parse number 'با': [<class 'decimal.ConversionSyntax'>]
2025-08-06 11:24:32,238 - ERROR - Failed to parse number 'خاکبرگ': [<class 'decimal.ConversionSyntax'>]
2025-08-06 11:24:32,238 - ERROR - Failed to parse number 'و...با': [<class 'decimal.ConversionSyntax'>]
2025-08-06 11:24:32,238 - ERROR - Failed to parse number 'کیفیت': [<class 'decimal.ConversionSyntax'>]
2025-08-06 11:24:32,238 - INFO - No amount-unit match found in text: خاک گلدان ترکیبی با خاکبرگ و...با کیفیت
2025-08-06 11:24:33,870 - DEBUG - UnitExtractor initialized with 85 unit mappings and 3 package patterns
2025-08-06 11:24:33,870 - ERROR - Failed to parse number 'خاک': [<class 'decimal.ConversionSyntax'>]
2025-08-06 11:24:33,870 - ERROR - Failed to parse number 'ژله': [<class 'decimal.ConversionSyntax'>]
2025-08-06 11:24:33,870 - ERROR - Failed to parse number 'ای': [<class 'decimal.ConversionSyntax'>]
2025-08-06 11:24:33,870 - ERROR - Failed to parse number 'تایی': [<class 'decimal.ConversionSyntax'>]
2025-08-06 11:24:33,870 - ERROR - Failed to parse number '|': [<class 'decimal.ConversionSyntax'>]
2025-08-06 11:24:33,870 - ERROR - Failed to parse number 'دکوراسیون،': [<class 'decimal.ConversionSyntax'>]
2025-08-06 11:24:33,870 - ERROR - Failed to parse number 'گیاه': [<class 'decimal.ConversionSyntax'>]
2025-08-06 11:24:33,870 - ERROR - Failed to parse number 'و': [<class 'decimal.ConversionSyntax'>]
2025-08-06 11:24:33,870 - ERROR - Failed to parse number 'بازی': [<class 'decimal.ConversionSyntax'>]
2025-08-06 11:24:33,870 - ERROR - Failed to parse number 'کودک': [<class 'decimal.ConversionSyntax'>]
2025-08-06 11:24:33,870 - INFO - No amount-unit match found in text: خاک ژله ای 20 تایی | دکوراسیون، گیاه و بازی کودک
2025-08-06 11:24:35,309 - DEBUG - UnitExtractor initialized with 85 unit mappings and 3 package patterns
2025-08-06 11:24:35,309 - ERROR - Failed to parse number 'خاک': [<class 'decimal.ConversionSyntax'>]
2025-08-06 11:24:35,309 - ERROR - Failed to parse number 'انداز': [<class 'decimal.ConversionSyntax'>]
2025-08-06 11:24:35,309 - ERROR - Failed to parse number 'تایسز': [<class 'decimal.ConversionSyntax'>]
2025-08-06 11:24:35,309 - ERROR - Failed to parse number 'پویا': [<class 'decimal.ConversionSyntax'>]
2025-08-06 11:24:35,309 - ERROR - Failed to parse number 'hom': [<class 'decimal.ConversionSyntax'>]
2025-08-06 11:24:35,309 - ERROR - Failed to parse number 'در': [<class 'decimal.ConversionSyntax'>]
2025-08-06 11:24:35,309 - ERROR - Failed to parse number 'خانه': [<class 'decimal.ConversionSyntax'>]
2025-08-06 11:24:35,309 - ERROR - Failed to parse number 'مدرن': [<class 'decimal.ConversionSyntax'>]
2025-08-06 11:24:35,309 - INFO - No amount-unit match found in text: خاک انداز تایسز پویا hom در خانه مدرن
2025-08-06 11:24:36,772 - DEBUG - UnitExtractor initialized with 85 unit mappings and 3 package patterns
2025-08-06 11:24:36,772 - ERROR - Failed to parse number 'خاک': [<class 'decimal.ConversionSyntax'>]
2025-08-06 11:24:36,772 - ERROR - Failed to parse number 'ژله': [<class 'decimal.ConversionSyntax'>]
2025-08-06 11:24:36,772 - ERROR - Failed to parse number 'ای': [<class 'decimal.ConversionSyntax'>]
2025-08-06 11:24:36,772 - INFO - No amount-unit match found in text: خاک ژله ای
2025-08-06 11:24:38,229 - DEBUG - UnitExtractor initialized with 85 unit mappings and 3 package patterns
2025-08-06 11:24:38,229 - ERROR - Failed to parse number 'خاک': [<class 'decimal.ConversionSyntax'>]
2025-08-06 11:24:38,229 - ERROR - Failed to parse number 'ژله': [<class 'decimal.ConversionSyntax'>]
2025-08-06 11:24:38,229 - ERROR - Failed to parse number 'ای': [<class 'decimal.ConversionSyntax'>]
2025-08-06 11:24:38,229 - ERROR - Failed to parse number 'کروی': [<class 'decimal.ConversionSyntax'>]
2025-08-06 11:24:38,229 - ERROR - Failed to parse number 'رنگی': [<class 'decimal.ConversionSyntax'>]
2025-08-06 11:24:38,229 - ERROR - Failed to parse number 'مخلوط': [<class 'decimal.ConversionSyntax'>]
2025-08-06 11:24:38,229 - INFO - No amount-unit match found in text: خاک ژله ای کروی رنگی مخلوط
2025-08-06 11:24:39,889 - DEBUG - UnitExtractor initialized with 85 unit mappings and 3 package patterns
2025-08-06 11:24:39,890 - ERROR - Failed to parse number 'خاک': [<class 'decimal.ConversionSyntax'>]
2025-08-06 11:24:39,890 - ERROR - Failed to parse number 'ژله': [<class 'decimal.ConversionSyntax'>]
2025-08-06 11:24:39,890 - ERROR - Failed to parse number 'ای': [<class 'decimal.ConversionSyntax'>]
2025-08-06 11:24:39,890 - ERROR - Failed to parse number 'کروی': [<class 'decimal.ConversionSyntax'>]
2025-08-06 11:24:39,890 - ERROR - Failed to parse number 'شفاف': [<class 'decimal.ConversionSyntax'>]
2025-08-06 11:24:39,890 - ERROR - Failed to parse number 'بسته': [<class 'decimal.ConversionSyntax'>]
2025-08-06 11:24:39,890 - ERROR - Failed to parse number 'پر': [<class 'decimal.ConversionSyntax'>]
2025-08-06 11:24:39,890 - INFO - No amount-unit match found in text: خاک ژله ای کروی شفاف بسته پر
2025-08-06 11:24:41,340 - DEBUG - UnitExtractor initialized with 85 unit mappings and 3 package patterns
2025-08-06 11:24:41,340 - ERROR - Failed to parse number 'خاک': [<class 'decimal.ConversionSyntax'>]
2025-08-06 11:24:41,340 - ERROR - Failed to parse number 'ژله': [<class 'decimal.ConversionSyntax'>]
2025-08-06 11:24:41,340 - ERROR - Failed to parse number 'ای': [<class 'decimal.ConversionSyntax'>]
2025-08-06 11:24:41,340 - ERROR - Failed to parse number 'کروی': [<class 'decimal.ConversionSyntax'>]
2025-08-06 11:24:41,340 - ERROR - Failed to parse number 'ابی': [<class 'decimal.ConversionSyntax'>]
2025-08-06 11:24:41,340 - ERROR - Failed to parse number 'رنگ': [<class 'decimal.ConversionSyntax'>]
2025-08-06 11:24:41,340 - INFO - No amount-unit match found in text: خاک ژله ای کروی ابی رنگ
2025-08-06 11:24:42,719 - DEBUG - UnitExtractor initialized with 85 unit mappings and 3 package patterns
2025-08-06 11:24:42,719 - ERROR - Failed to parse number 'خاک': [<class 'decimal.ConversionSyntax'>]
2025-08-06 11:24:42,719 - ERROR - Failed to parse number 'مخصوص': [<class 'decimal.ConversionSyntax'>]
2025-08-06 11:24:42,719 - INFO - No amount-unit match found in text: خاک مخصوص
2025-08-06 11:24:44,125 - DEBUG - UnitExtractor initialized with 85 unit mappings and 3 package patterns
2025-08-06 11:24:44,125 - ERROR - Failed to parse number 'خاک': [<class 'decimal.ConversionSyntax'>]
2025-08-06 11:24:44,125 - ERROR - Failed to parse number 'پیتماس': [<class 'decimal.ConversionSyntax'>]
2025-08-06 11:24:44,125 - INFO - No amount-unit match found in text: خاک پیتماس
2025-08-06 11:24:45,532 - DEBUG - UnitExtractor initialized with 85 unit mappings and 3 package patterns
2025-08-06 11:24:45,532 - ERROR - Failed to parse number 'خاک': [<class 'decimal.ConversionSyntax'>]
2025-08-06 11:24:45,532 - ERROR - Failed to parse number 'مخصوص': [<class 'decimal.ConversionSyntax'>]
2025-08-06 11:24:45,532 - ERROR - Failed to parse number 'گل': [<class 'decimal.ConversionSyntax'>]
2025-08-06 11:24:45,532 - ERROR - Failed to parse number 'ارکیده': [<class 'decimal.ConversionSyntax'>]
2025-08-06 11:24:45,532 - ERROR - Failed to parse number 'هزینه': [<class 'decimal.ConversionSyntax'>]
2025-08-06 11:24:45,532 - ERROR - Failed to parse number 'ارسال': [<class 'decimal.ConversionSyntax'>]
2025-08-06 11:24:45,532 - ERROR - Failed to parse number 'بصورت': [<class 'decimal.ConversionSyntax'>]
2025-08-06 11:24:45,532 - ERROR - Failed to parse number 'پس': [<class 'decimal.ConversionSyntax'>]
2025-08-06 11:24:45,532 - ERROR - Failed to parse number 'کرایه': [<class 'decimal.ConversionSyntax'>]
2025-08-06 11:24:45,532 - ERROR - Failed to parse number 'و': [<class 'decimal.ConversionSyntax'>]
2025-08-06 11:24:45,532 - ERROR - Failed to parse number 'بعهده': [<class 'decimal.ConversionSyntax'>]
2025-08-06 11:24:45,532 - ERROR - Failed to parse number 'مشتری': [<class 'decimal.ConversionSyntax'>]
2025-08-06 11:24:45,532 - ERROR - Failed to parse number 'می': [<class 'decimal.ConversionSyntax'>]
2025-08-06 11:24:45,532 - ERROR - Failed to parse number 'باشد': [<class 'decimal.ConversionSyntax'>]
2025-08-06 11:24:45,532 - INFO - No amount-unit match found in text: خاک مخصوص گل ارکیده هزینه ارسال بصورت پس کرایه و بعهده مشتری می باشد
2025-08-06 11:24:46,965 - DEBUG - UnitExtractor initialized with 85 unit mappings and 3 package patterns
2025-08-06 11:24:46,965 - DEBUG - Extracted 10 لیتری -> 10.0 kg
2025-08-06 11:24:48,410 - DEBUG - UnitExtractor initialized with 85 unit mappings and 3 package patterns
2025-08-06 11:24:48,410 - DEBUG - Extracted 10 لیتری -> 10.0 kg
2025-08-06 11:24:49,834 - DEBUG - UnitExtractor initialized with 85 unit mappings and 3 package patterns
2025-08-06 11:24:49,834 - DEBUG - Extracted 10 لیتری -> 10.0 kg
2025-08-06 11:24:51,185 - DEBUG - UnitExtractor initialized with 85 unit mappings and 3 package patterns
2025-08-06 11:24:51,185 - DEBUG - Extracted 20 لیتری -> 20.0 kg
2025-08-06 11:24:52,569 - DEBUG - UnitExtractor initialized with 85 unit mappings and 3 package patterns
2025-08-06 11:24:52,569 - ERROR - Failed to parse number 'خاک': [<class 'decimal.ConversionSyntax'>]
2025-08-06 11:24:52,569 - ERROR - Failed to parse number 'برگ': [<class 'decimal.ConversionSyntax'>]
2025-08-06 11:24:52,569 - ERROR - Failed to parse number 'گیاهان': [<class 'decimal.ConversionSyntax'>]
2025-08-06 11:24:52,569 - ERROR - Failed to parse number 'آپارتمانی': [<class 'decimal.ConversionSyntax'>]
2025-08-06 11:24:52,569 - INFO - No amount-unit match found in text: خاک برگ گیاهان آپارتمانی
2025-08-06 11:24:53,947 - DEBUG - UnitExtractor initialized with 85 unit mappings and 3 package patterns
2025-08-06 11:24:53,947 - ERROR - Failed to parse number 'خاک': [<class 'decimal.ConversionSyntax'>]
2025-08-06 11:24:53,947 - ERROR - Failed to parse number 'مخصوص': [<class 'decimal.ConversionSyntax'>]
2025-08-06 11:24:53,947 - ERROR - Failed to parse number 'قلمه': [<class 'decimal.ConversionSyntax'>]
2025-08-06 11:24:53,947 - INFO - No amount-unit match found in text: خاک مخصوص قلمه
2025-08-06 11:24:55,412 - DEBUG - UnitExtractor initialized with 85 unit mappings and 3 package patterns
2025-08-06 11:24:55,412 - ERROR - Failed to parse number 'خاک': [<class 'decimal.ConversionSyntax'>]
2025-08-06 11:24:55,412 - ERROR - Failed to parse number 'بستر': [<class 'decimal.ConversionSyntax'>]
2025-08-06 11:24:55,412 - ERROR - Failed to parse number 'آماده': [<class 'decimal.ConversionSyntax'>]
2025-08-06 11:24:55,412 - ERROR - Failed to parse number 'گلدان': [<class 'decimal.ConversionSyntax'>]
2025-08-06 11:24:55,412 - ERROR - Failed to parse number 'جدید': [<class 'decimal.ConversionSyntax'>]
2025-08-06 11:24:55,412 - INFO - No amount-unit match found in text: خاک بستر آماده گلدان جدید
2025-08-06 11:24:56,808 - DEBUG - UnitExtractor initialized with 85 unit mappings and 3 package patterns
2025-08-06 11:24:56,808 - ERROR - Failed to parse number 'خاک': [<class 'decimal.ConversionSyntax'>]
2025-08-06 11:24:56,808 - ERROR - Failed to parse number 'بستر': [<class 'decimal.ConversionSyntax'>]
2025-08-06 11:24:56,808 - ERROR - Failed to parse number 'گلدان': [<class 'decimal.ConversionSyntax'>]
2025-08-06 11:24:56,808 - ERROR - Failed to parse number 'گیاهان': [<class 'decimal.ConversionSyntax'>]
2025-08-06 11:24:56,808 - ERROR - Failed to parse number 'آپارتمانی': [<class 'decimal.ConversionSyntax'>]
2025-08-06 11:24:56,808 - INFO - No amount-unit match found in text: خاک بستر گلدان گیاهان آپارتمانی
2025-08-06 11:24:58,237 - DEBUG - UnitExtractor initialized with 85 unit mappings and 3 package patterns
2025-08-06 11:24:58,237 - ERROR - Failed to parse number 'خاک': [<class 'decimal.ConversionSyntax'>]
2025-08-06 11:24:58,237 - ERROR - Failed to parse number 'گلدان': [<class 'decimal.ConversionSyntax'>]
2025-08-06 11:24:58,237 - ERROR - Failed to parse number 'عالی': [<class 'decimal.ConversionSyntax'>]
2025-08-06 11:24:58,237 - ERROR - Failed to parse number 'و': [<class 'decimal.ConversionSyntax'>]
2025-08-06 11:24:58,237 - ERROR - Failed to parse number 'مرغوب': [<class 'decimal.ConversionSyntax'>]
2025-08-06 11:24:58,237 - INFO - No amount-unit match found in text: خاک گلدان عالی و مرغوب
2025-08-06 11:25:01,083 - DEBUG - UnitExtractor initialized with 85 unit mappings and 3 package patterns
2025-08-06 11:25:01,083 - DEBUG - Extracted 30 لیتری -> 30.0 kg
2025-08-06 11:25:02,623 - DEBUG - UnitExtractor initialized with 85 unit mappings and 3 package patterns
2025-08-06 11:25:02,623 - ERROR - Failed to parse number 'خاک': [<class 'decimal.ConversionSyntax'>]
2025-08-06 11:25:02,623 - ERROR - Failed to parse number 'مخصوص': [<class 'decimal.ConversionSyntax'>]
2025-08-06 11:25:02,623 - ERROR - Failed to parse number 'قلمه': [<class 'decimal.ConversionSyntax'>]
2025-08-06 11:25:02,623 - ERROR - Failed to parse number 'زنی': [<class 'decimal.ConversionSyntax'>]
2025-08-06 11:25:02,623 - ERROR - Failed to parse number 'ملکه': [<class 'decimal.ConversionSyntax'>]
2025-08-06 11:25:02,623 - INFO - No amount-unit match found in text: خاک مخصوص قلمه زنی ملکه
2025-08-06 11:25:04,061 - DEBUG - UnitExtractor initialized with 85 unit mappings and 3 package patterns
2025-08-06 11:25:04,061 - ERROR - Failed to parse number 'خاک': [<class 'decimal.ConversionSyntax'>]
2025-08-06 11:25:04,061 - ERROR - Failed to parse number 'برگ': [<class 'decimal.ConversionSyntax'>]
2025-08-06 11:25:04,061 - ERROR - Failed to parse number 'گیلدا/مناسب': [<class 'decimal.ConversionSyntax'>]
2025-08-06 11:25:04,061 - ERROR - Failed to parse number 'برای': [<class 'decimal.ConversionSyntax'>]
2025-08-06 11:25:04,061 - ERROR - Failed to parse number 'گل': [<class 'decimal.ConversionSyntax'>]
2025-08-06 11:25:04,061 - ERROR - Failed to parse number 'و': [<class 'decimal.ConversionSyntax'>]
2025-08-06 11:25:04,061 - ERROR - Failed to parse number 'گیاه': [<class 'decimal.ConversionSyntax'>]
2025-08-06 11:25:04,061 - ERROR - Failed to parse number 'آپارتمانی': [<class 'decimal.ConversionSyntax'>]
2025-08-06 11:25:04,061 - INFO - No amount-unit match found in text: خاک برگ گیلدا/مناسب برای گل و گیاه آپارتمانی
2025-08-06 11:25:05,435 - DEBUG - UnitExtractor initialized with 85 unit mappings and 3 package patterns
2025-08-06 11:25:05,435 - ERROR - Failed to parse number 'خاک': [<class 'decimal.ConversionSyntax'>]
2025-08-06 11:25:05,435 - ERROR - Failed to parse number 'کوکوپیت': [<class 'decimal.ConversionSyntax'>]
2025-08-06 11:25:05,435 - ERROR - Failed to parse number 'سریلانکا': [<class 'decimal.ConversionSyntax'>]
2025-08-06 11:25:05,435 - ERROR - Failed to parse number 'فله': [<class 'decimal.ConversionSyntax'>]
2025-08-06 11:25:05,435 - ERROR - Failed to parse number 'ای': [<class 'decimal.ConversionSyntax'>]
2025-08-06 11:25:05,435 - ERROR - Failed to parse number 'یک': [<class 'decimal.ConversionSyntax'>]
2025-08-06 11:25:05,435 - ERROR - Failed to parse number 'کیلو': [<class 'decimal.ConversionSyntax'>]
2025-08-06 11:25:05,435 - ERROR - Failed to parse number 'گرمی': [<class 'decimal.ConversionSyntax'>]
2025-08-06 11:25:05,435 - INFO - No amount-unit match found in text: خاک کوکوپیت سریلانکا فله ای یک کیلو گرمی
2025-08-06 11:25:06,858 - DEBUG - UnitExtractor initialized with 85 unit mappings and 3 package patterns
2025-08-06 11:25:06,858 - ERROR - Failed to parse number 'خاک': [<class 'decimal.ConversionSyntax'>]
2025-08-06 11:25:06,858 - ERROR - Failed to parse number 'تخصصی': [<class 'decimal.ConversionSyntax'>]
2025-08-06 11:25:06,858 - INFO - No amount-unit match found in text: خاک تخصصی
2025-08-06 11:25:08,258 - DEBUG - UnitExtractor initialized with 85 unit mappings and 3 package patterns
2025-08-06 11:25:08,258 - ERROR - Failed to parse number 'خاک': [<class 'decimal.ConversionSyntax'>]
2025-08-06 11:25:08,258 - ERROR - Failed to parse number 'های': [<class 'decimal.ConversionSyntax'>]
2025-08-06 11:25:08,258 - ERROR - Failed to parse number 'نرم': [<class 'decimal.ConversionSyntax'>]
2025-08-06 11:25:08,258 - ERROR - Failed to parse number 'کوشک': [<class 'decimal.ConversionSyntax'>]
2025-08-06 11:25:08,258 - INFO - No amount-unit match found in text: خاک های نرم کوشک
2025-08-06 11:25:09,775 - DEBUG - UnitExtractor initialized with 85 unit mappings and 3 package patterns
2025-08-06 11:25:09,775 - DEBUG - Extracted 100 گرمی -> 0.100 kg
2025-08-06 11:25:11,244 - DEBUG - UnitExtractor initialized with 85 unit mappings and 3 package patterns
2025-08-06 11:25:11,244 - DEBUG - Extracted 500 گرمی -> 0.500 kg
2025-08-06 11:25:12,672 - DEBUG - UnitExtractor initialized with 85 unit mappings and 3 package patterns
2025-08-06 11:25:12,672 - ERROR - Failed to parse number 'خاک': [<class 'decimal.ConversionSyntax'>]
2025-08-06 11:25:12,672 - ERROR - Failed to parse number 'ژله': [<class 'decimal.ConversionSyntax'>]
2025-08-06 11:25:12,672 - ERROR - Failed to parse number 'ای': [<class 'decimal.ConversionSyntax'>]
2025-08-06 11:25:12,672 - ERROR - Failed to parse number 'قرمز': [<class 'decimal.ConversionSyntax'>]
2025-08-06 11:25:12,672 - ERROR - Failed to parse number 'یکدست': [<class 'decimal.ConversionSyntax'>]
2025-08-06 11:25:12,672 - ERROR - Failed to parse number 'بسته': [<class 'decimal.ConversionSyntax'>]
2025-08-06 11:25:12,672 - ERROR - Failed to parse number 'های': [<class 'decimal.ConversionSyntax'>]
2025-08-06 11:25:12,672 - ERROR - Failed to parse number 'پر': [<class 'decimal.ConversionSyntax'>]
2025-08-06 11:25:12,672 - ERROR - Failed to parse number 'چهار': [<class 'decimal.ConversionSyntax'>]
2025-08-06 11:25:12,672 - ERROR - Failed to parse number 'عددی': [<class 'decimal.ConversionSyntax'>]
2025-08-06 11:25:12,672 - INFO - No amount-unit match found in text: خاک ژله ای قرمز یکدست بسته های پر چهار عددی
2025-08-06 11:25:14,099 - DEBUG - UnitExtractor initialized with 85 unit mappings and 3 package patterns
2025-08-06 11:25:14,099 - ERROR - Failed to parse number 'خاک': [<class 'decimal.ConversionSyntax'>]
2025-08-06 11:25:14,099 - ERROR - Failed to parse number 'ژله': [<class 'decimal.ConversionSyntax'>]
2025-08-06 11:25:14,099 - ERROR - Failed to parse number 'ای': [<class 'decimal.ConversionSyntax'>]
2025-08-06 11:25:14,099 - ERROR - Failed to parse number 'شفاف': [<class 'decimal.ConversionSyntax'>]
2025-08-06 11:25:14,099 - ERROR - Failed to parse number 'بسته': [<class 'decimal.ConversionSyntax'>]
2025-08-06 11:25:14,099 - ERROR - Failed to parse number 'های': [<class 'decimal.ConversionSyntax'>]
2025-08-06 11:25:14,099 - ERROR - Failed to parse number 'پر': [<class 'decimal.ConversionSyntax'>]
2025-08-06 11:25:14,099 - ERROR - Failed to parse number 'چهار': [<class 'decimal.ConversionSyntax'>]
2025-08-06 11:25:14,099 - ERROR - Failed to parse number 'عددی': [<class 'decimal.ConversionSyntax'>]
2025-08-06 11:25:14,099 - INFO - No amount-unit match found in text: خاک ژله ای شفاف بسته های پر چهار عددی
2025-08-06 11:25:15,538 - DEBUG - UnitExtractor initialized with 85 unit mappings and 3 package patterns
2025-08-06 11:25:15,539 - ERROR - Failed to parse number 'خاک': [<class 'decimal.ConversionSyntax'>]
2025-08-06 11:25:15,539 - ERROR - Failed to parse number 'ژله': [<class 'decimal.ConversionSyntax'>]
2025-08-06 11:25:15,539 - ERROR - Failed to parse number 'ای': [<class 'decimal.ConversionSyntax'>]
2025-08-06 11:25:15,539 - ERROR - Failed to parse number 'شفاف(بی': [<class 'decimal.ConversionSyntax'>]
2025-08-06 11:25:15,539 - ERROR - Failed to parse number 'رنگ)': [<class 'decimal.ConversionSyntax'>]
2025-08-06 11:25:15,539 - ERROR - Failed to parse number 'عددی': [<class 'decimal.ConversionSyntax'>]
2025-08-06 11:25:15,539 - INFO - No amount-unit match found in text: خاک ژله ای شفاف(بی رنگ) 24 عددی
2025-08-06 11:25:17,058 - DEBUG - UnitExtractor initialized with 85 unit mappings and 3 package patterns
2025-08-06 11:25:17,058 - ERROR - Failed to parse number 'خاک': [<class 'decimal.ConversionSyntax'>]
2025-08-06 11:25:17,058 - ERROR - Failed to parse number 'باغچه': [<class 'decimal.ConversionSyntax'>]
2025-08-06 11:25:17,058 - INFO - No amount-unit match found in text: خاک باغچه
2025-08-06 11:25:18,560 - DEBUG - UnitExtractor initialized with 85 unit mappings and 3 package patterns
2025-08-06 11:25:18,561 - ERROR - Failed to parse number 'خاک': [<class 'decimal.ConversionSyntax'>]
2025-08-06 11:25:18,561 - ERROR - Failed to parse number 'مخصوص': [<class 'decimal.ConversionSyntax'>]
2025-08-06 11:25:18,561 - ERROR - Failed to parse number 'گل': [<class 'decimal.ConversionSyntax'>]
2025-08-06 11:25:18,561 - ERROR - Failed to parse number '(پس': [<class 'decimal.ConversionSyntax'>]
2025-08-06 11:25:18,561 - ERROR - Failed to parse number 'کرایه)': [<class 'decimal.ConversionSyntax'>]
2025-08-06 11:25:18,561 - INFO - No amount-unit match found in text: خاک مخصوص گل (پس کرایه)
2025-08-06 11:25:20,120 - DEBUG - UnitExtractor initialized with 85 unit mappings and 3 package patterns
2025-08-06 11:25:20,120 - ERROR - Failed to parse number 'خاک': [<class 'decimal.ConversionSyntax'>]
2025-08-06 11:25:20,120 - ERROR - Failed to parse number 'برگ': [<class 'decimal.ConversionSyntax'>]
2025-08-06 11:25:20,120 - ERROR - Failed to parse number 'پوسیده': [<class 'decimal.ConversionSyntax'>]
2025-08-06 11:25:20,120 - ERROR - Failed to parse number 'شده(مناسب': [<class 'decimal.ConversionSyntax'>]
2025-08-06 11:25:20,120 - ERROR - Failed to parse number 'برای': [<class 'decimal.ConversionSyntax'>]
2025-08-06 11:25:20,120 - ERROR - Failed to parse number 'گیاهان': [<class 'decimal.ConversionSyntax'>]
2025-08-06 11:25:20,120 - ERROR - Failed to parse number 'آپارتمانی': [<class 'decimal.ConversionSyntax'>]
2025-08-06 11:25:20,120 - ERROR - Failed to parse number 'وگلدان)': [<class 'decimal.ConversionSyntax'>]
2025-08-06 11:25:20,120 - ERROR - Failed to parse number '(پس': [<class 'decimal.ConversionSyntax'>]
2025-08-06 11:25:20,120 - ERROR - Failed to parse number 'کرایه)': [<class 'decimal.ConversionSyntax'>]
2025-08-06 11:25:20,120 - INFO - No amount-unit match found in text: خاک برگ پوسیده شده(مناسب برای گیاهان آپارتمانی وگلدان) (پس کرایه)
2025-08-06 11:25:21,618 - DEBUG - UnitExtractor initialized with 85 unit mappings and 3 package patterns
2025-08-06 11:25:21,618 - ERROR - Failed to parse number 'خاک': [<class 'decimal.ConversionSyntax'>]
2025-08-06 11:25:21,618 - ERROR - Failed to parse number 'رس': [<class 'decimal.ConversionSyntax'>]
2025-08-06 11:25:21,618 - ERROR - Failed to parse number 'آرگیل': [<class 'decimal.ConversionSyntax'>]
2025-08-06 11:25:21,618 - ERROR - Failed to parse number '-': [<class 'decimal.ConversionSyntax'>]
2025-08-06 11:25:21,618 - ERROR - Failed to parse number 'مخصوص': [<class 'decimal.ConversionSyntax'>]
2025-08-06 11:25:21,618 - ERROR - Failed to parse number 'پوست': [<class 'decimal.ConversionSyntax'>]
2025-08-06 11:25:21,618 - ERROR - Failed to parse number 'چرب': [<class 'decimal.ConversionSyntax'>]
2025-08-06 11:25:21,618 - INFO - No amount-unit match found in text: خاک رس آرگیل - مخصوص پوست چرب
2025-08-06 11:25:23,176 - DEBUG - UnitExtractor initialized with 85 unit mappings and 3 package patterns
2025-08-06 11:25:23,176 - DEBUG - Extracted 5 گرم -> 0.005 kg
2025-08-06 11:25:24,682 - DEBUG - UnitExtractor initialized with 85 unit mappings and 3 package patterns
2025-08-06 11:25:24,682 - DEBUG - Extracted 1.5 لیتری -> 1.50 kg
2025-08-06 11:25:26,170 - DEBUG - UnitExtractor initialized with 85 unit mappings and 3 package patterns
2025-08-06 11:25:26,170 - DEBUG - Extracted 1 L -> 1.0 kg
2025-08-06 11:25:27,627 - DEBUG - UnitExtractor initialized with 85 unit mappings and 3 package patterns
2025-08-06 11:25:27,627 - DEBUG - Extracted 4 L -> 4.0 kg
2025-08-06 11:25:29,055 - DEBUG - UnitExtractor initialized with 85 unit mappings and 3 package patterns
2025-08-06 11:25:29,055 - ERROR - Failed to parse number 'خاک': [<class 'decimal.ConversionSyntax'>]
2025-08-06 11:25:29,055 - ERROR - Failed to parse number 'های': [<class 'decimal.ConversionSyntax'>]
2025-08-06 11:25:29,055 - ERROR - Failed to parse number 'نرم': [<class 'decimal.ConversionSyntax'>]
2025-08-06 11:25:29,055 - ERROR - Failed to parse number 'کوشک': [<class 'decimal.ConversionSyntax'>]
2025-08-06 11:25:29,055 - INFO - No amount-unit match found in text: خاک های نرم کوشک
2025-08-06 11:25:30,479 - DEBUG - UnitExtractor initialized with 85 unit mappings and 3 package patterns
2025-08-06 11:25:30,480 - DEBUG - Extracted 5 لیتری -> 5.0 kg
2025-08-06 11:25:31,863 - DEBUG - UnitExtractor initialized with 85 unit mappings and 3 package patterns
2025-08-06 11:25:31,863 - DEBUG - Extracted 3 لیتری -> 3.0 kg
2025-08-06 11:25:33,284 - DEBUG - UnitExtractor initialized with 85 unit mappings and 3 package patterns
2025-08-06 11:25:33,284 - DEBUG - Extracted 15 لیتری -> 15.0 kg
2025-08-06 11:25:34,671 - DEBUG - UnitExtractor initialized with 85 unit mappings and 3 package patterns
2025-08-06 11:25:34,671 - DEBUG - Extracted 2 لیتر -> 2.0 kg
2025-08-06 11:25:36,053 - DEBUG - UnitExtractor initialized with 85 unit mappings and 3 package patterns
2025-08-06 11:25:36,053 - DEBUG - Extracted 15 لیتر -> 15.0 kg
2025-08-06 11:25:37,495 - DEBUG - UnitExtractor initialized with 85 unit mappings and 3 package patterns
2025-08-06 11:25:37,495 - ERROR - Failed to parse number 'خاک': [<class 'decimal.ConversionSyntax'>]
2025-08-06 11:25:37,495 - ERROR - Failed to parse number 'بیست': [<class 'decimal.ConversionSyntax'>]
2025-08-06 11:25:37,495 - ERROR - Failed to parse number 'لیتر': [<class 'decimal.ConversionSyntax'>]
2025-08-06 11:25:37,495 - ERROR - Failed to parse number 'مناسب': [<class 'decimal.ConversionSyntax'>]
2025-08-06 11:25:37,495 - ERROR - Failed to parse number 'بیشتر': [<class 'decimal.ConversionSyntax'>]
2025-08-06 11:25:37,495 - ERROR - Failed to parse number 'گل': [<class 'decimal.ConversionSyntax'>]
2025-08-06 11:25:37,495 - ERROR - Failed to parse number 'ها': [<class 'decimal.ConversionSyntax'>]
2025-08-06 11:25:37,495 - INFO - No amount-unit match found in text: خاک بیست لیتر مناسب بیشتر گل ها
2025-08-06 11:25:38,911 - DEBUG - UnitExtractor initialized with 85 unit mappings and 3 package patterns
2025-08-06 11:25:38,911 - DEBUG - Extracted 10 لیتری -> 10.0 kg
2025-08-06 11:25:40,344 - DEBUG - UnitExtractor initialized with 85 unit mappings and 3 package patterns
2025-08-06 11:25:40,344 - DEBUG - Extracted 13 لیتری -> 13.0 kg
2025-08-06 11:25:41,765 - DEBUG - UnitExtractor initialized with 85 unit mappings and 3 package patterns
2025-08-06 11:25:41,766 - DEBUG - Extracted 1.3 کیلویی -> 1.30 kg
2025-08-06 11:25:43,152 - DEBUG - UnitExtractor initialized with 85 unit mappings and 3 package patterns
2025-08-06 11:25:43,152 - ERROR - Failed to parse number 'خاک': [<class 'decimal.ConversionSyntax'>]
2025-08-06 11:25:43,152 - ERROR - Failed to parse number 'انداز': [<class 'decimal.ConversionSyntax'>]
2025-08-06 11:25:43,152 - ERROR - Failed to parse number 'پلاستیکی': [<class 'decimal.ConversionSyntax'>]
2025-08-06 11:25:43,152 - ERROR - Failed to parse number 'مدرن': [<class 'decimal.ConversionSyntax'>]
2025-08-06 11:25:43,152 - INFO - No amount-unit match found in text: خاک انداز پلاستیکی مدرن
2025-08-06 11:25:44,591 - DEBUG - UnitExtractor initialized with 85 unit mappings and 3 package patterns
2025-08-06 11:25:44,591 - DEBUG - Extracted 20 لیتری -> 20.0 kg
2025-08-06 11:25:46,062 - DEBUG - UnitExtractor initialized with 85 unit mappings and 3 package patterns
2025-08-06 11:25:46,062 - ERROR - Failed to parse number 'خاک': [<class 'decimal.ConversionSyntax'>]
2025-08-06 11:25:46,062 - ERROR - Failed to parse number 'دیاتومه': [<class 'decimal.ConversionSyntax'>]
2025-08-06 11:25:46,062 - ERROR - Failed to parse number 'نیم': [<class 'decimal.ConversionSyntax'>]
2025-08-06 11:25:46,062 - ERROR - Failed to parse number 'کیلویی': [<class 'decimal.ConversionSyntax'>]
2025-08-06 11:25:46,062 - ERROR - Failed to parse number 'دکتر': [<class 'decimal.ConversionSyntax'>]
2025-08-06 11:25:46,062 - ERROR - Failed to parse number 'زندی': [<class 'decimal.ConversionSyntax'>]
2025-08-06 11:25:46,062 - INFO - No amount-unit match found in text: خاک دیاتومه نیم کیلویی دکتر زندی
2025-08-06 11:25:47,471 - DEBUG - UnitExtractor initialized with 85 unit mappings and 3 package patterns
2025-08-06 11:25:47,471 - DEBUG - Extracted 2 کیلویی -> 2.0 kg
2025-08-06 11:25:48,865 - DEBUG - UnitExtractor initialized with 85 unit mappings and 3 package patterns
2025-08-06 11:25:48,865 - DEBUG - Extracted 10 کیلو -> 10.0 kg
2025-08-06 11:25:50,260 - DEBUG - UnitExtractor initialized with 85 unit mappings and 3 package patterns
2025-08-06 11:25:50,261 - ERROR - Failed to parse number 'خاک': [<class 'decimal.ConversionSyntax'>]
2025-08-06 11:25:50,261 - ERROR - Failed to parse number 'ژله': [<class 'decimal.ConversionSyntax'>]
2025-08-06 11:25:50,261 - ERROR - Failed to parse number 'ای': [<class 'decimal.ConversionSyntax'>]
2025-08-06 11:25:50,261 - ERROR - Failed to parse number 'بی': [<class 'decimal.ConversionSyntax'>]
2025-08-06 11:25:50,261 - ERROR - Failed to parse number 'رنگ': [<class 'decimal.ConversionSyntax'>]
2025-08-06 11:25:50,261 - ERROR - Failed to parse number 'شفاف': [<class 'decimal.ConversionSyntax'>]
2025-08-06 11:25:50,261 - ERROR - Failed to parse number 'عددی': [<class 'decimal.ConversionSyntax'>]
2025-08-06 11:25:50,261 - INFO - No amount-unit match found in text: خاک ژله ای بی رنگ شفاف .5 عددی
2025-08-06 11:25:51,617 - DEBUG - UnitExtractor initialized with 85 unit mappings and 3 package patterns
2025-08-06 11:25:51,617 - DEBUG - Extracted 200 گرمی -> 0.200 kg
2025-08-06 11:25:53,039 - DEBUG - UnitExtractor initialized with 85 unit mappings and 3 package patterns
2025-08-06 11:25:53,039 - ERROR - Failed to parse number 'خاک': [<class 'decimal.ConversionSyntax'>]
2025-08-06 11:25:53,039 - ERROR - Failed to parse number 'مخصوص': [<class 'decimal.ConversionSyntax'>]
2025-08-06 11:25:53,039 - ERROR - Failed to parse number 'انواع': [<class 'decimal.ConversionSyntax'>]
2025-08-06 11:25:53,039 - ERROR - Failed to parse number 'کاکتوس': [<class 'decimal.ConversionSyntax'>]
2025-08-06 11:25:53,039 - ERROR - Failed to parse number 'و': [<class 'decimal.ConversionSyntax'>]
2025-08-06 11:25:53,040 - ERROR - Failed to parse number 'ساکولنت': [<class 'decimal.ConversionSyntax'>]
2025-08-06 11:25:53,040 - ERROR - Failed to parse number 'ها': [<class 'decimal.ConversionSyntax'>]
2025-08-06 11:25:53,040 - INFO - No amount-unit match found in text: خاک مخصوص انواع کاکتوس و ساکولنت ها
2025-08-06 11:25:54,464 - DEBUG - UnitExtractor initialized with 85 unit mappings and 3 package patterns
2025-08-06 11:25:54,464 - ERROR - Failed to parse number 'خاک': [<class 'decimal.ConversionSyntax'>]
2025-08-06 11:25:54,464 - ERROR - Failed to parse number 'گل': [<class 'decimal.ConversionSyntax'>]
2025-08-06 11:25:54,464 - ERROR - Failed to parse number 'و': [<class 'decimal.ConversionSyntax'>]
2025-08-06 11:25:54,464 - ERROR - Failed to parse number 'گیاه': [<class 'decimal.ConversionSyntax'>]
2025-08-06 11:25:54,464 - ERROR - Failed to parse number 'صادراتی': [<class 'decimal.ConversionSyntax'>]
2025-08-06 11:25:54,464 - ERROR - Failed to parse number 'گلدانی': [<class 'decimal.ConversionSyntax'>]
2025-08-06 11:25:54,464 - ERROR - Failed to parse number 'بسته': [<class 'decimal.ConversionSyntax'>]
2025-08-06 11:25:54,464 - ERROR - Failed to parse number 'دو': [<class 'decimal.ConversionSyntax'>]
2025-08-06 11:25:54,464 - ERROR - Failed to parse number 'و': [<class 'decimal.ConversionSyntax'>]
2025-08-06 11:25:54,464 - ERROR - Failed to parse number 'نیم': [<class 'decimal.ConversionSyntax'>]
2025-08-06 11:25:54,464 - ERROR - Failed to parse number 'کیلویی': [<class 'decimal.ConversionSyntax'>]
2025-08-06 11:25:54,464 - INFO - No amount-unit match found in text: خاک گل و گیاه صادراتی گلدانی بسته دو و نیم کیلویی
2025-08-06 11:25:55,889 - DEBUG - UnitExtractor initialized with 85 unit mappings and 3 package patterns
2025-08-06 11:25:55,889 - ERROR - Failed to parse number 'خاک': [<class 'decimal.ConversionSyntax'>]
2025-08-06 11:25:55,889 - ERROR - Failed to parse number 'بنفشه': [<class 'decimal.ConversionSyntax'>]
2025-08-06 11:25:55,889 - ERROR - Failed to parse number 'آفریقایی': [<class 'decimal.ConversionSyntax'>]
2025-08-06 11:25:55,889 - INFO - No amount-unit match found in text: خاک بنفشه آفریقایی
2025-08-06 11:25:57,315 - DEBUG - UnitExtractor initialized with 85 unit mappings and 3 package patterns
2025-08-06 11:25:57,315 - DEBUG - Extracted 3 کیلوگرم -> 3.0 kg
2025-08-06 11:25:58,721 - DEBUG - UnitExtractor initialized with 85 unit mappings and 3 package patterns
2025-08-06 11:25:58,721 - DEBUG - Extracted 2 لیتری -> 2.0 kg
2025-08-06 11:26:00,136 - DEBUG - UnitExtractor initialized with 85 unit mappings and 3 package patterns
2025-08-06 11:26:00,136 - DEBUG - Extracted 100 لیتری -> 100.0 kg
2025-08-06 11:26:01,526 - DEBUG - UnitExtractor initialized with 85 unit mappings and 3 package patterns
2025-08-06 11:26:01,526 - DEBUG - Package extracted 3 units -> 0.012 kg
2025-08-06 11:26:02,943 - DEBUG - UnitExtractor initialized with 85 unit mappings and 3 package patterns
2025-08-06 11:26:02,944 - DEBUG - Extracted 7 لیتری -> 7.0 kg
2025-08-06 11:26:04,291 - DEBUG - UnitExtractor initialized with 85 unit mappings and 3 package patterns
2025-08-06 11:26:04,291 - DEBUG - Extracted 5 لیتری -> 5.0 kg
2025-08-06 11:26:05,660 - DEBUG - UnitExtractor initialized with 85 unit mappings and 3 package patterns
2025-08-06 11:26:05,660 - DEBUG - Extracted 6 لیتری -> 6.0 kg
2025-08-06 11:26:07,024 - DEBUG - UnitExtractor initialized with 85 unit mappings and 3 package patterns
2025-08-06 11:26:07,024 - DEBUG - Extracted 100 گرمی -> 0.100 kg
2025-08-06 11:26:08,443 - DEBUG - UnitExtractor initialized with 85 unit mappings and 3 package patterns
2025-08-06 11:26:08,443 - ERROR - Failed to parse number 'خاک': [<class 'decimal.ConversionSyntax'>]
2025-08-06 11:26:08,443 - ERROR - Failed to parse number 'مخصوص': [<class 'decimal.ConversionSyntax'>]
2025-08-06 11:26:08,443 - ERROR - Failed to parse number 'زنجیره': [<class 'decimal.ConversionSyntax'>]
2025-08-06 11:26:08,443 - ERROR - Failed to parse number 'نایاب': [<class 'decimal.ConversionSyntax'>]
2025-08-06 11:26:08,443 - INFO - No amount-unit match found in text: خاک مخصوص زنجیره نایاب
2025-08-06 11:26:11,293 - DEBUG - UnitExtractor initialized with 85 unit mappings and 3 package patterns
2025-08-06 11:26:11,293 - DEBUG - Extracted 3 کیلویی -> 3.0 kg
2025-08-06 11:26:12,688 - DEBUG - UnitExtractor initialized with 85 unit mappings and 3 package patterns
2025-08-06 11:26:12,689 - ERROR - Failed to parse number 'خاک': [<class 'decimal.ConversionSyntax'>]
2025-08-06 11:26:12,689 - ERROR - Failed to parse number 'کوکوپیت': [<class 'decimal.ConversionSyntax'>]
2025-08-06 11:26:12,689 - INFO - No amount-unit match found in text: خاک کوکوپیت
2025-08-06 11:26:14,118 - DEBUG - UnitExtractor initialized with 85 unit mappings and 3 package patterns
2025-08-06 11:26:14,118 - ERROR - Failed to parse number 'خاک': [<class 'decimal.ConversionSyntax'>]
2025-08-06 11:26:14,118 - ERROR - Failed to parse number 'پیت': [<class 'decimal.ConversionSyntax'>]
2025-08-06 11:26:14,118 - ERROR - Failed to parse number 'ماس': [<class 'decimal.ConversionSyntax'>]
2025-08-06 11:26:14,118 - INFO - No amount-unit match found in text: خاک پیت ماس
2025-08-06 11:26:15,487 - DEBUG - UnitExtractor initialized with 85 unit mappings and 3 package patterns
2025-08-06 11:26:15,487 - DEBUG - Extracted 5 لیتری -> 5.0 kg
2025-08-06 11:26:16,865 - DEBUG - UnitExtractor initialized with 85 unit mappings and 3 package patterns
2025-08-06 11:26:16,865 - DEBUG - Extracted 5 لیتری -> 5.0 kg
2025-08-06 11:26:18,248 - DEBUG - UnitExtractor initialized with 85 unit mappings and 3 package patterns
2025-08-06 11:26:18,248 - DEBUG - Extracted 186 گرم -> 0.186 kg
2025-08-06 11:26:19,644 - DEBUG - UnitExtractor initialized with 85 unit mappings and 3 package patterns
2025-08-06 11:26:19,645 - ERROR - Failed to parse number 'خاک': [<class 'decimal.ConversionSyntax'>]
2025-08-06 11:26:19,645 - ERROR - Failed to parse number 'آبرفتی': [<class 'decimal.ConversionSyntax'>]
2025-08-06 11:26:19,645 - ERROR - Failed to parse number 'جلگه': [<class 'decimal.ConversionSyntax'>]
2025-08-06 11:26:19,646 - ERROR - Failed to parse number 'درجه': [<class 'decimal.ConversionSyntax'>]
2025-08-06 11:26:19,646 - ERROR - Failed to parse number 'یک': [<class 'decimal.ConversionSyntax'>]
2025-08-06 11:26:19,646 - ERROR - Failed to parse number 'بدون': [<class 'decimal.ConversionSyntax'>]
2025-08-06 11:26:19,646 - ERROR - Failed to parse number 'هیچگونه': [<class 'decimal.ConversionSyntax'>]
2025-08-06 11:26:19,646 - ERROR - Failed to parse number 'زبری': [<class 'decimal.ConversionSyntax'>]
2025-08-06 11:26:19,646 - ERROR - Failed to parse number 'برای': [<class 'decimal.ConversionSyntax'>]
2025-08-06 11:26:19,646 - ERROR - Failed to parse number 'کاشت': [<class 'decimal.ConversionSyntax'>]
2025-08-06 11:26:19,646 - ERROR - Failed to parse number 'درختان': [<class 'decimal.ConversionSyntax'>]
2025-08-06 11:26:19,646 - ERROR - Failed to parse number 'خاص': [<class 'decimal.ConversionSyntax'>]
2025-08-06 11:26:19,646 - ERROR - Failed to parse number 'موز': [<class 'decimal.ConversionSyntax'>]
2025-08-06 11:26:19,646 - ERROR - Failed to parse number 'پاپایا': [<class 'decimal.ConversionSyntax'>]
2025-08-06 11:26:19,646 - ERROR - Failed to parse number 'گل': [<class 'decimal.ConversionSyntax'>]
2025-08-06 11:26:19,646 - ERROR - Failed to parse number 'استوایی': [<class 'decimal.ConversionSyntax'>]
2025-08-06 11:26:19,646 - ERROR - Failed to parse number 'که': [<class 'decimal.ConversionSyntax'>]
2025-08-06 11:26:19,646 - ERROR - Failed to parse number 'نسبت': [<class 'decimal.ConversionSyntax'>]
2025-08-06 11:26:19,646 - ERROR - Failed to parse number 'رس': [<class 'decimal.ConversionSyntax'>]
2025-08-06 11:26:19,646 - ERROR - Failed to parse number 'و': [<class 'decimal.ConversionSyntax'>]
2025-08-06 11:26:19,646 - ERROR - Failed to parse number 'ماسه': [<class 'decimal.ConversionSyntax'>]
2025-08-06 11:26:19,646 - ERROR - Failed to parse number 'اون': [<class 'decimal.ConversionSyntax'>]
2025-08-06 11:26:19,646 - ERROR - Failed to parse number 'تنظیمه': [<class 'decimal.ConversionSyntax'>]
2025-08-06 11:26:19,646 - ERROR - Failed to parse number 'و': [<class 'decimal.ConversionSyntax'>]
2025-08-06 11:26:19,646 - ERROR - Failed to parse number 'نرمه': [<class 'decimal.ConversionSyntax'>]
2025-08-06 11:26:19,646 - INFO - No amount-unit match found in text: خاک آبرفتی جلگه درجه یک بدون هیچگونه زبری برای کاشت درختان خاص موز پاپایا گل استوایی که نسبت رس و ماسه اون تنظیمه و نرمه
2025-08-06 11:26:21,022 - DEBUG - UnitExtractor initialized with 85 unit mappings and 3 package patterns
2025-08-06 11:26:21,022 - DEBUG - Extracted 3.5 لیتری -> 3.50 kg
2025-08-06 11:26:22,394 - DEBUG - UnitExtractor initialized with 85 unit mappings and 3 package patterns
2025-08-06 11:26:22,394 - DEBUG - Extracted 10 لیتری -> 10.0 kg
2025-08-06 11:26:23,808 - DEBUG - UnitExtractor initialized with 85 unit mappings and 3 package patterns
2025-08-06 11:26:23,808 - DEBUG - Extracted 10 لیتری -> 10.0 kg
2025-08-06 11:26:25,156 - DEBUG - UnitExtractor initialized with 85 unit mappings and 3 package patterns
2025-08-06 11:26:25,157 - ERROR - Failed to parse number 'خاک': [<class 'decimal.ConversionSyntax'>]
2025-08-06 11:26:25,157 - ERROR - Failed to parse number 'تیمم': [<class 'decimal.ConversionSyntax'>]
2025-08-06 11:26:25,157 - INFO - No amount-unit match found in text: خاک تیمم
2025-08-06 11:26:26,517 - DEBUG - UnitExtractor initialized with 85 unit mappings and 3 package patterns
2025-08-06 11:26:26,517 - DEBUG - Extracted 5 لیتری -> 5.0 kg
2025-08-06 11:26:27,866 - DEBUG - UnitExtractor initialized with 85 unit mappings and 3 package patterns
2025-08-06 11:26:27,866 - DEBUG - Extracted 360 گرم -> 0.360 kg
2025-08-06 11:26:29,231 - DEBUG - UnitExtractor initialized with 85 unit mappings and 3 package patterns
2025-08-06 11:26:29,231 - DEBUG - Extracted 360 گرم -> 0.360 kg
2025-08-06 11:26:30,606 - DEBUG - UnitExtractor initialized with 85 unit mappings and 3 package patterns
2025-08-06 11:26:30,606 - ERROR - Failed to parse number 'خاک': [<class 'decimal.ConversionSyntax'>]
2025-08-06 11:26:30,606 - ERROR - Failed to parse number 'ژله': [<class 'decimal.ConversionSyntax'>]
2025-08-06 11:26:30,606 - ERROR - Failed to parse number 'ای': [<class 'decimal.ConversionSyntax'>]
2025-08-06 11:26:30,606 - ERROR - Failed to parse number 'کروی': [<class 'decimal.ConversionSyntax'>]
2025-08-06 11:26:30,606 - ERROR - Failed to parse number 'نارنجی': [<class 'decimal.ConversionSyntax'>]
2025-08-06 11:26:30,606 - ERROR - Failed to parse number 'رنگ': [<class 'decimal.ConversionSyntax'>]
2025-08-06 11:26:30,606 - INFO - No amount-unit match found in text: خاک ژله ای کروی نارنجی رنگ
2025-08-06 11:26:31,971 - DEBUG - UnitExtractor initialized with 85 unit mappings and 3 package patterns
2025-08-06 11:26:31,971 - ERROR - Failed to parse number 'خاک': [<class 'decimal.ConversionSyntax'>]
2025-08-06 11:26:31,971 - ERROR - Failed to parse number 'انداز': [<class 'decimal.ConversionSyntax'>]
2025-08-06 11:26:31,971 - ERROR - Failed to parse number 'دوستاره': [<class 'decimal.ConversionSyntax'>]
2025-08-06 11:26:31,971 - INFO - No amount-unit match found in text: خاک انداز دوستاره
2025-08-06 11:26:33,542 - DEBUG - UnitExtractor initialized with 85 unit mappings and 3 package patterns
2025-08-06 11:26:33,543 - ERROR - Failed to parse number 'خاک': [<class 'decimal.ConversionSyntax'>]
2025-08-06 11:26:33,543 - ERROR - Failed to parse number 'انداز': [<class 'decimal.ConversionSyntax'>]
2025-08-06 11:26:33,543 - ERROR - Failed to parse number 'کوچک': [<class 'decimal.ConversionSyntax'>]
2025-08-06 11:26:33,543 - ERROR - Failed to parse number 'ایده': [<class 'decimal.ConversionSyntax'>]
2025-08-06 11:26:33,543 - ERROR - Failed to parse number 'آل': [<class 'decimal.ConversionSyntax'>]
2025-08-06 11:26:33,543 - INFO - No amount-unit match found in text: خاک انداز کوچک ایده آل
2025-08-06 11:26:35,051 - DEBUG - UnitExtractor initialized with 85 unit mappings and 3 package patterns
2025-08-06 11:26:35,051 - ERROR - Failed to parse number 'خاک': [<class 'decimal.ConversionSyntax'>]
2025-08-06 11:26:35,051 - ERROR - Failed to parse number 'مخصوص': [<class 'decimal.ConversionSyntax'>]
2025-08-06 11:26:35,051 - ERROR - Failed to parse number 'کاکتوس': [<class 'decimal.ConversionSyntax'>]
2025-08-06 11:26:35,051 - INFO - No amount-unit match found in text: خاک مخصوص کاکتوس
2025-08-06 11:26:36,535 - DEBUG - UnitExtractor initialized with 85 unit mappings and 3 package patterns
2025-08-06 11:26:36,535 - DEBUG - Extracted 20 لیتری -> 20.0 kg
2025-08-06 11:26:38,063 - DEBUG - UnitExtractor initialized with 85 unit mappings and 3 package patterns
2025-08-06 11:26:38,063 - DEBUG - Extracted 10 لیتری -> 10.0 kg
2025-08-06 11:26:39,520 - DEBUG - UnitExtractor initialized with 85 unit mappings and 3 package patterns
2025-08-06 11:26:39,520 - DEBUG - Extracted 10 لیتری -> 10.0 kg
2025-08-06 11:26:40,915 - DEBUG - UnitExtractor initialized with 85 unit mappings and 3 package patterns
2025-08-06 11:26:40,915 - DEBUG - Extracted 10 لیتری -> 10.0 kg
2025-08-06 11:26:42,316 - DEBUG - UnitExtractor initialized with 85 unit mappings and 3 package patterns
2025-08-06 11:26:42,316 - DEBUG - Extracted 20 لیتری -> 20.0 kg
2025-08-06 11:26:43,702 - DEBUG - UnitExtractor initialized with 85 unit mappings and 3 package patterns
2025-08-06 11:26:43,702 - DEBUG - Extracted 6 لیتری -> 6.0 kg
2025-08-06 11:26:45,102 - DEBUG - UnitExtractor initialized with 85 unit mappings and 3 package patterns
2025-08-06 11:26:45,102 - DEBUG - Extracted 1.700 کیلوگرم -> 1.7000 kg
2025-08-06 11:26:46,494 - DEBUG - UnitExtractor initialized with 85 unit mappings and 3 package patterns
2025-08-06 11:26:46,494 - DEBUG - Extracted 8 لیتری -> 8.0 kg
2025-08-06 11:26:47,940 - DEBUG - UnitExtractor initialized with 85 unit mappings and 3 package patterns
2025-08-06 11:26:47,940 - ERROR - Failed to parse number 'خاک': [<class 'decimal.ConversionSyntax'>]
2025-08-06 11:26:47,940 - ERROR - Failed to parse number 'سوپر': [<class 'decimal.ConversionSyntax'>]
2025-08-06 11:26:47,940 - ERROR - Failed to parse number 'سویل': [<class 'decimal.ConversionSyntax'>]
2025-08-06 11:26:47,940 - ERROR - Failed to parse number 'ریز': [<class 'decimal.ConversionSyntax'>]
2025-08-06 11:26:47,940 - ERROR - Failed to parse number 'مغذی': [<class 'decimal.ConversionSyntax'>]
2025-08-06 11:26:47,940 - ERROR - Failed to parse number 'میکرو': [<class 'decimal.ConversionSyntax'>]
2025-08-06 11:26:47,940 - INFO - No amount-unit match found in text: خاک سوپر سویل ریز مغذی میکرو
2025-08-06 11:26:49,599 - DEBUG - UnitExtractor initialized with 85 unit mappings and 3 package patterns
2025-08-06 11:26:49,599 - ERROR - Failed to parse number 'خاک': [<class 'decimal.ConversionSyntax'>]
2025-08-06 11:26:49,599 - ERROR - Failed to parse number 'گلدان': [<class 'decimal.ConversionSyntax'>]
2025-08-06 11:26:49,599 - ERROR - Failed to parse number 'یا': [<class 'decimal.ConversionSyntax'>]
2025-08-06 11:26:49,599 - ERROR - Failed to parse number 'بستر': [<class 'decimal.ConversionSyntax'>]
2025-08-06 11:26:49,599 - ERROR - Failed to parse number 'کشت': [<class 'decimal.ConversionSyntax'>]
2025-08-06 11:26:49,599 - ERROR - Failed to parse number 'مخصوص': [<class 'decimal.ConversionSyntax'>]
2025-08-06 11:26:49,599 - ERROR - Failed to parse number 'آناناس': [<class 'decimal.ConversionSyntax'>]
2025-08-06 11:26:49,599 - ERROR - Failed to parse number 'درجه': [<class 'decimal.ConversionSyntax'>]
2025-08-06 11:26:49,599 - ERROR - Failed to parse number 'یک': [<class 'decimal.ConversionSyntax'>]
2025-08-06 11:26:49,599 - INFO - No amount-unit match found in text: خاک گلدان یا بستر کشت مخصوص آناناس درجه یک
2025-08-06 11:26:51,079 - DEBUG - UnitExtractor initialized with 85 unit mappings and 3 package patterns
2025-08-06 11:26:51,079 - ERROR - Failed to parse number 'خاک': [<class 'decimal.ConversionSyntax'>]
2025-08-06 11:26:51,079 - ERROR - Failed to parse number 'غریب': [<class 'decimal.ConversionSyntax'>]
2025-08-06 11:26:51,079 - INFO - No amount-unit match found in text: خاک غریب
2025-08-06 11:26:52,660 - DEBUG - UnitExtractor initialized with 85 unit mappings and 3 package patterns
2025-08-06 11:26:52,660 - DEBUG - Extracted 2 لیتری -> 2.0 kg
2025-08-06 11:26:54,226 - DEBUG - UnitExtractor initialized with 85 unit mappings and 3 package patterns
2025-08-06 11:26:54,226 - DEBUG - Extracted 4 لیتری -> 4.0 kg
2025-08-06 11:26:55,784 - DEBUG - UnitExtractor initialized with 85 unit mappings and 3 package patterns
2025-08-06 11:26:55,784 - DEBUG - Extracted 15 لیتری -> 15.0 kg
2025-08-06 11:26:57,360 - DEBUG - UnitExtractor initialized with 85 unit mappings and 3 package patterns
2025-08-06 11:26:57,360 - DEBUG - Extracted 2 لیتری -> 2.0 kg
2025-08-06 11:26:58,771 - DEBUG - UnitExtractor initialized with 85 unit mappings and 3 package patterns
2025-08-06 11:26:58,771 - ERROR - Failed to parse number 'خاک': [<class 'decimal.ConversionSyntax'>]
2025-08-06 11:26:58,771 - ERROR - Failed to parse number 'مغذی': [<class 'decimal.ConversionSyntax'>]
2025-08-06 11:26:58,771 - ERROR - Failed to parse number 'باغچه': [<class 'decimal.ConversionSyntax'>]
2025-08-06 11:26:58,771 - ERROR - Failed to parse number 'ی': [<class 'decimal.ConversionSyntax'>]
2025-08-06 11:26:58,771 - ERROR - Failed to parse number 'یاس': [<class 'decimal.ConversionSyntax'>]
2025-08-06 11:26:58,771 - INFO - No amount-unit match found in text: خاک مغذی باغچه ی یاس
2025-08-06 11:27:00,165 - DEBUG - UnitExtractor initialized with 85 unit mappings and 3 package patterns
2025-08-06 11:27:00,165 - DEBUG - Extracted 15 لیتری -> 15.0 kg
2025-08-06 11:27:01,642 - DEBUG - UnitExtractor initialized with 85 unit mappings and 3 package patterns
2025-08-06 11:27:01,642 - ERROR - Failed to parse number 'خاک': [<class 'decimal.ConversionSyntax'>]
2025-08-06 11:27:01,642 - ERROR - Failed to parse number 'کاکتوس': [<class 'decimal.ConversionSyntax'>]
2025-08-06 11:27:01,642 - ERROR - Failed to parse number '(پس': [<class 'decimal.ConversionSyntax'>]
2025-08-06 11:27:01,642 - ERROR - Failed to parse number 'کرایه)': [<class 'decimal.ConversionSyntax'>]
2025-08-06 11:27:01,642 - ERROR - Failed to parse number 'خاک': [<class 'decimal.ConversionSyntax'>]
2025-08-06 11:27:01,642 - ERROR - Failed to parse number 'سنگین': [<class 'decimal.ConversionSyntax'>]
2025-08-06 11:27:01,642 - INFO - No amount-unit match found in text: خاک کاکتوس (پس کرایه) خاک سنگین
2025-08-06 11:27:03,098 - DEBUG - UnitExtractor initialized with 85 unit mappings and 3 package patterns
2025-08-06 11:27:03,098 - DEBUG - Extracted 5 لیتری -> 5.0 kg
2025-08-06 11:27:04,483 - DEBUG - UnitExtractor initialized with 85 unit mappings and 3 package patterns
2025-08-06 11:27:04,483 - DEBUG - Extracted 1 لیتری -> 1.0 kg
2025-08-06 11:27:05,889 - DEBUG - UnitExtractor initialized with 85 unit mappings and 3 package patterns
2025-08-06 11:27:05,889 - DEBUG - Extracted 1500 گرمی -> 1.500 kg
2025-08-06 11:27:07,370 - DEBUG - UnitExtractor initialized with 85 unit mappings and 3 package patterns
2025-08-06 11:27:07,370 - DEBUG - Extracted 4 لیتری -> 4.0 kg
2025-08-06 11:27:08,819 - DEBUG - UnitExtractor initialized with 85 unit mappings and 3 package patterns
2025-08-06 11:27:08,819 - ERROR - Failed to parse number 'خاک': [<class 'decimal.ConversionSyntax'>]
2025-08-06 11:27:08,819 - ERROR - Failed to parse number 'مخصوص': [<class 'decimal.ConversionSyntax'>]
2025-08-06 11:27:08,819 - ERROR - Failed to parse number 'زاموفیلیا': [<class 'decimal.ConversionSyntax'>]
2025-08-06 11:27:08,819 - ERROR - Failed to parse number '(یک': [<class 'decimal.ConversionSyntax'>]
2025-08-06 11:27:08,820 - ERROR - Failed to parse number 'لیتر': [<class 'decimal.ConversionSyntax'>]
2025-08-06 11:27:08,820 - ERROR - Failed to parse number ')': [<class 'decimal.ConversionSyntax'>]
2025-08-06 11:27:08,820 - ERROR - Failed to parse number '(با': [<class 'decimal.ConversionSyntax'>]
2025-08-06 11:27:08,820 - ERROR - Failed to parse number 'حداقل': [<class 'decimal.ConversionSyntax'>]
2025-08-06 11:27:08,820 - ERROR - Failed to parse number 'تومن': [<class 'decimal.ConversionSyntax'>]
2025-08-06 11:27:08,820 - ERROR - Failed to parse number 'خرید': [<class 'decimal.ConversionSyntax'>]
2025-08-06 11:27:08,820 - ERROR - Failed to parse number 'از': [<class 'decimal.ConversionSyntax'>]
2025-08-06 11:27:08,820 - ERROR - Failed to parse number 'غرفمون': [<class 'decimal.ConversionSyntax'>]
2025-08-06 11:27:08,820 - ERROR - Failed to parse number 'ارسالمون': [<class 'decimal.ConversionSyntax'>]
2025-08-06 11:27:08,820 - ERROR - Failed to parse number 'ب': [<class 'decimal.ConversionSyntax'>]
2025-08-06 11:27:08,820 - ERROR - Failed to parse number 'نفع': [<class 'decimal.ConversionSyntax'>]
2025-08-06 11:27:08,820 - ERROR - Failed to parse number 'هردومون': [<class 'decimal.ConversionSyntax'>]
2025-08-06 11:27:08,820 - ERROR - Failed to parse number 'میشه)(هزینه': [<class 'decimal.ConversionSyntax'>]
2025-08-06 11:27:08,820 - ERROR - Failed to parse number 'پسکرایه)': [<class 'decimal.ConversionSyntax'>]
2025-08-06 11:27:08,820 - INFO - No amount-unit match found in text: خاک مخصوص زاموفیلیا (یک لیتر ) (با حداقل 250 تومن خرید از غرفمون ارسالمون ب نفع هردومون میشه)(هزینه پسکرایه)
2025-08-06 11:27:10,236 - DEBUG - UnitExtractor initialized with 85 unit mappings and 3 package patterns
2025-08-06 11:27:10,236 - ERROR - Failed to parse number 'خاک': [<class 'decimal.ConversionSyntax'>]
2025-08-06 11:27:10,236 - ERROR - Failed to parse number 'مخصوص': [<class 'decimal.ConversionSyntax'>]
2025-08-06 11:27:10,236 - ERROR - Failed to parse number 'گل': [<class 'decimal.ConversionSyntax'>]
2025-08-06 11:27:10,236 - ERROR - Failed to parse number 'های': [<class 'decimal.ConversionSyntax'>]
2025-08-06 11:27:10,236 - ERROR - Failed to parse number 'آپارتمانی': [<class 'decimal.ConversionSyntax'>]
2025-08-06 11:27:10,236 - ERROR - Failed to parse number '(یک': [<class 'decimal.ConversionSyntax'>]
2025-08-06 11:27:10,236 - ERROR - Failed to parse number 'لیتری)(با': [<class 'decimal.ConversionSyntax'>]
2025-08-06 11:27:10,236 - ERROR - Failed to parse number 'حداقل': [<class 'decimal.ConversionSyntax'>]
2025-08-06 11:27:10,236 - ERROR - Failed to parse number 'تومن': [<class 'decimal.ConversionSyntax'>]
2025-08-06 11:27:10,236 - ERROR - Failed to parse number 'خرید': [<class 'decimal.ConversionSyntax'>]
2025-08-06 11:27:10,236 - ERROR - Failed to parse number 'از': [<class 'decimal.ConversionSyntax'>]
2025-08-06 11:27:10,236 - ERROR - Failed to parse number 'غرفمون': [<class 'decimal.ConversionSyntax'>]
2025-08-06 11:27:10,236 - ERROR - Failed to parse number 'ارسالمون': [<class 'decimal.ConversionSyntax'>]
2025-08-06 11:27:10,236 - ERROR - Failed to parse number 'ب': [<class 'decimal.ConversionSyntax'>]
2025-08-06 11:27:10,236 - ERROR - Failed to parse number 'نفع': [<class 'decimal.ConversionSyntax'>]
2025-08-06 11:27:10,236 - ERROR - Failed to parse number 'هردومون': [<class 'decimal.ConversionSyntax'>]
2025-08-06 11:27:10,236 - ERROR - Failed to parse number 'میشه)(هزینه': [<class 'decimal.ConversionSyntax'>]
2025-08-06 11:27:10,236 - ERROR - Failed to parse number 'پسکرایه)': [<class 'decimal.ConversionSyntax'>]
2025-08-06 11:27:10,236 - INFO - No amount-unit match found in text: خاک مخصوص گل های آپارتمانی (یک لیتری)(با حداقل 250 تومن خرید از غرفمون ارسالمون ب نفع هردومون میشه)(هزینه پسکرایه)
2025-08-06 11:27:11,611 - DEBUG - UnitExtractor initialized with 85 unit mappings and 3 package patterns
2025-08-06 11:27:11,612 - ERROR - Failed to parse number 'خاک': [<class 'decimal.ConversionSyntax'>]
2025-08-06 11:27:11,612 - ERROR - Failed to parse number 'حلزون،خاک': [<class 'decimal.ConversionSyntax'>]
2025-08-06 11:27:11,612 - ERROR - Failed to parse number 'پرورش': [<class 'decimal.ConversionSyntax'>]
2025-08-06 11:27:11,612 - ERROR - Failed to parse number 'حلزون': [<class 'decimal.ConversionSyntax'>]
2025-08-06 11:27:11,612 - INFO - No amount-unit match found in text: خاک حلزون،خاک پرورش حلزون
2025-08-06 11:27:12,954 - DEBUG - UnitExtractor initialized with 85 unit mappings and 3 package patterns
2025-08-06 11:27:12,955 - DEBUG - Extracted 50 گرم -> 0.050 kg
2025-08-06 11:27:14,352 - DEBUG - UnitExtractor initialized with 85 unit mappings and 3 package patterns
2025-08-06 11:27:14,352 - ERROR - Failed to parse number 'خاک': [<class 'decimal.ConversionSyntax'>]
2025-08-06 11:27:14,352 - ERROR - Failed to parse number 'تیمم': [<class 'decimal.ConversionSyntax'>]
2025-08-06 11:27:14,352 - ERROR - Failed to parse number 'مخلوط': [<class 'decimal.ConversionSyntax'>]
2025-08-06 11:27:14,352 - ERROR - Failed to parse number 'با': [<class 'decimal.ConversionSyntax'>]
2025-08-06 11:27:14,352 - ERROR - Failed to parse number 'تربت': [<class 'decimal.ConversionSyntax'>]
2025-08-06 11:27:14,352 - ERROR - Failed to parse number 'کربلا': [<class 'decimal.ConversionSyntax'>]
2025-08-06 11:27:14,353 - INFO - No amount-unit match found in text: خاک تیمم مخلوط با تربت کربلا
2025-08-06 11:27:15,708 - DEBUG - UnitExtractor initialized with 85 unit mappings and 3 package patterns
2025-08-06 11:27:15,708 - ERROR - Failed to parse number 'خاک': [<class 'decimal.ConversionSyntax'>]
2025-08-06 11:27:15,709 - ERROR - Failed to parse number 'آمریکا،نشت': [<class 'decimal.ConversionSyntax'>]
2025-08-06 11:27:15,709 - ERROR - Failed to parse number 'شوریدگی': [<class 'decimal.ConversionSyntax'>]
2025-08-06 11:27:15,709 - ERROR - Failed to parse number 'های': [<class 'decimal.ConversionSyntax'>]
2025-08-06 11:27:15,709 - ERROR - Failed to parse number 'مهاجری': [<class 'decimal.ConversionSyntax'>]
2025-08-06 11:27:15,709 - ERROR - Failed to parse number 'رها': [<class 'decimal.ConversionSyntax'>]
2025-08-06 11:27:15,709 - ERROR - Failed to parse number 'در': [<class 'decimal.ConversionSyntax'>]
2025-08-06 11:27:15,709 - ERROR - Failed to parse number 'بند': [<class 'decimal.ConversionSyntax'>]
2025-08-06 11:27:15,709 - ERROR - Failed to parse number 'نشر': [<class 'decimal.ConversionSyntax'>]
2025-08-06 11:27:15,709 - ERROR - Failed to parse number 'در': [<class 'decimal.ConversionSyntax'>]
2025-08-06 11:27:15,709 - ERROR - Failed to parse number 'قلم': [<class 'decimal.ConversionSyntax'>]
2025-08-06 11:27:15,709 - ERROR - Failed to parse number 'کد': [<class 'decimal.ConversionSyntax'>]
2025-08-06 11:27:15,709 - INFO - No amount-unit match found in text: خاک آمریکا،نشت شوریدگی های مهاجری رها در بند نشر در قلم کد 20012
2025-08-06 11:27:17,073 - DEBUG - UnitExtractor initialized with 85 unit mappings and 3 package patterns
2025-08-06 11:27:17,073 - ERROR - Failed to parse number 'خاک': [<class 'decimal.ConversionSyntax'>]
2025-08-06 11:27:17,073 - ERROR - Failed to parse number 'ژله': [<class 'decimal.ConversionSyntax'>]
2025-08-06 11:27:17,073 - ERROR - Failed to parse number 'ای': [<class 'decimal.ConversionSyntax'>]
2025-08-06 11:27:17,073 - ERROR - Failed to parse number 'عمده': [<class 'decimal.ConversionSyntax'>]
2025-08-06 11:27:17,073 - ERROR - Failed to parse number 'وتک': [<class 'decimal.ConversionSyntax'>]
2025-08-06 11:27:17,073 - INFO - No amount-unit match found in text: خاک ژله ای عمده وتک
2025-08-06 11:27:18,433 - DEBUG - UnitExtractor initialized with 85 unit mappings and 3 package patterns
2025-08-06 11:27:18,433 - ERROR - Failed to parse number 'خاک': [<class 'decimal.ConversionSyntax'>]
2025-08-06 11:27:18,433 - ERROR - Failed to parse number 'معطر': [<class 'decimal.ConversionSyntax'>]
2025-08-06 11:27:18,433 - ERROR - Failed to parse number 'طلایی': [<class 'decimal.ConversionSyntax'>]
2025-08-06 11:27:18,433 - ERROR - Failed to parse number 'نیروانا': [<class 'decimal.ConversionSyntax'>]
2025-08-06 11:27:18,433 - ERROR - Failed to parse number 'رایحه': [<class 'decimal.ConversionSyntax'>]
2025-08-06 11:27:18,433 - ERROR - Failed to parse number 'آمبر': [<class 'decimal.ConversionSyntax'>]
2025-08-06 11:27:18,433 - ERROR - Failed to parse number '(عنبر)': [<class 'decimal.ConversionSyntax'>]
2025-08-06 11:27:18,433 - INFO - No amount-unit match found in text: خاک معطر طلایی نیروانا رایحه آمبر (عنبر)
2025-08-06 11:27:21,278 - DEBUG - UnitExtractor initialized with 85 unit mappings and 3 package patterns
2025-08-06 11:27:21,278 - DEBUG - Extracted 1.5 لیتری -> 1.50 kg
2025-08-06 11:27:22,619 - DEBUG - UnitExtractor initialized with 85 unit mappings and 3 package patterns
2025-08-06 11:27:22,619 - DEBUG - Extracted 1.5 لیتری -> 1.50 kg
2025-08-06 11:27:23,972 - DEBUG - UnitExtractor initialized with 85 unit mappings and 3 package patterns
2025-08-06 11:27:23,972 - ERROR - Failed to parse number 'خاک': [<class 'decimal.ConversionSyntax'>]
2025-08-06 11:27:23,972 - ERROR - Failed to parse number 'ژله': [<class 'decimal.ConversionSyntax'>]
2025-08-06 11:27:23,972 - ERROR - Failed to parse number 'ای': [<class 'decimal.ConversionSyntax'>]
2025-08-06 11:27:23,972 - INFO - No amount-unit match found in text: خاک ژله ای
2025-08-06 11:27:25,323 - DEBUG - UnitExtractor initialized with 85 unit mappings and 3 package patterns
2025-08-06 11:27:25,323 - ERROR - Failed to parse number 'خاک': [<class 'decimal.ConversionSyntax'>]
2025-08-06 11:27:25,323 - ERROR - Failed to parse number 'پلنت': [<class 'decimal.ConversionSyntax'>]
2025-08-06 11:27:25,323 - ERROR - Failed to parse number 'لحظه': [<class 'decimal.ConversionSyntax'>]
2025-08-06 11:27:25,323 - ERROR - Failed to parse number 'بسته': [<class 'decimal.ConversionSyntax'>]
2025-08-06 11:27:25,323 - ERROR - Failed to parse number 'یک': [<class 'decimal.ConversionSyntax'>]
2025-08-06 11:27:25,323 - ERROR - Failed to parse number 'کیلویی': [<class 'decimal.ConversionSyntax'>]
2025-08-06 11:27:25,323 - INFO - No amount-unit match found in text: خاک پلنت لحظه بسته یک کیلویی
2025-08-06 11:27:26,784 - DEBUG - UnitExtractor initialized with 85 unit mappings and 3 package patterns
2025-08-06 11:27:26,784 - DEBUG - Extracted 13 لیتری -> 13.0 kg
2025-08-06 11:27:28,181 - DEBUG - UnitExtractor initialized with 85 unit mappings and 3 package patterns
2025-08-06 11:27:28,181 - ERROR - Failed to parse number 'خاک': [<class 'decimal.ConversionSyntax'>]
2025-08-06 11:27:28,181 - ERROR - Failed to parse number 'ژله': [<class 'decimal.ConversionSyntax'>]
2025-08-06 11:27:28,181 - ERROR - Failed to parse number 'ای': [<class 'decimal.ConversionSyntax'>]
2025-08-06 11:27:28,181 - ERROR - Failed to parse number 'رنگ': [<class 'decimal.ConversionSyntax'>]
2025-08-06 11:27:28,181 - ERROR - Failed to parse number 'و': [<class 'decimal.ConversionSyntax'>]
2025-08-06 11:27:28,181 - ERROR - Failed to parse number 'بی': [<class 'decimal.ConversionSyntax'>]
2025-08-06 11:27:28,181 - ERROR - Failed to parse number 'رنگ': [<class 'decimal.ConversionSyntax'>]
2025-08-06 11:27:28,181 - INFO - No amount-unit match found in text: خاک ژله ای 8 رنگ و بی رنگ
2025-08-06 11:27:29,595 - DEBUG - UnitExtractor initialized with 85 unit mappings and 3 package patterns
2025-08-06 11:27:29,595 - DEBUG - Extracted 1 کیلویی -> 1.0 kg
2025-08-06 11:27:30,938 - DEBUG - UnitExtractor initialized with 85 unit mappings and 3 package patterns
2025-08-06 11:27:30,938 - DEBUG - Extracted 4 لیتر -> 4.0 kg
2025-08-06 11:27:32,284 - DEBUG - UnitExtractor initialized with 85 unit mappings and 3 package patterns
2025-08-06 11:27:32,285 - ERROR - Failed to parse number 'خاک': [<class 'decimal.ConversionSyntax'>]
2025-08-06 11:27:32,285 - ERROR - Failed to parse number 'رس': [<class 'decimal.ConversionSyntax'>]
2025-08-06 11:27:32,285 - ERROR - Failed to parse number 'سفالگری': [<class 'decimal.ConversionSyntax'>]
2025-08-06 11:27:32,285 - INFO - No amount-unit match found in text: خاک رس سفالگری
2025-08-06 11:27:33,693 - DEBUG - UnitExtractor initialized with 85 unit mappings and 3 package patterns
2025-08-06 11:27:33,693 - DEBUG - Extracted 4 لیتری -> 4.0 kg
2025-08-06 11:27:35,101 - DEBUG - UnitExtractor initialized with 85 unit mappings and 3 package patterns
2025-08-06 11:27:35,101 - DEBUG - Extracted 5 لیتری -> 5.0 kg
2025-08-06 11:27:36,501 - DEBUG - UnitExtractor initialized with 85 unit mappings and 3 package patterns
2025-08-06 11:27:36,501 - ERROR - Failed to parse number 'خاک': [<class 'decimal.ConversionSyntax'>]
2025-08-06 11:27:36,501 - ERROR - Failed to parse number 'پوکه': [<class 'decimal.ConversionSyntax'>]
2025-08-06 11:27:36,501 - ERROR - Failed to parse number 'متوسط': [<class 'decimal.ConversionSyntax'>]
2025-08-06 11:27:36,501 - ERROR - Failed to parse number 'مخصوص': [<class 'decimal.ConversionSyntax'>]
2025-08-06 11:27:36,501 - ERROR - Failed to parse number 'قلمه': [<class 'decimal.ConversionSyntax'>]
2025-08-06 11:27:36,501 - ERROR - Failed to parse number 'در': [<class 'decimal.ConversionSyntax'>]
2025-08-06 11:27:36,501 - ERROR - Failed to parse number 'آب': [<class 'decimal.ConversionSyntax'>]
2025-08-06 11:27:36,501 - INFO - No amount-unit match found in text: خاک پوکه متوسط مخصوص قلمه در آب
2025-08-06 11:27:37,927 - DEBUG - UnitExtractor initialized with 85 unit mappings and 3 package patterns
2025-08-06 11:27:37,927 - ERROR - Failed to parse number 'خاک': [<class 'decimal.ConversionSyntax'>]
2025-08-06 11:27:37,927 - ERROR - Failed to parse number 'سنگین': [<class 'decimal.ConversionSyntax'>]
2025-08-06 11:27:37,927 - ERROR - Failed to parse number 'کاکتوس': [<class 'decimal.ConversionSyntax'>]
2025-08-06 11:27:37,927 - INFO - No amount-unit match found in text: خاک سنگین کاکتوس
2025-08-06 11:27:39,397 - DEBUG - UnitExtractor initialized with 85 unit mappings and 3 package patterns
2025-08-06 11:27:39,398 - DEBUG - Extracted 12 لیتر -> 12.0 kg
2025-08-06 11:27:40,813 - DEBUG - UnitExtractor initialized with 85 unit mappings and 3 package patterns
2025-08-06 11:27:40,813 - DEBUG - Extracted 30 لیتر -> 30.0 kg
2025-08-06 11:27:42,219 - DEBUG - UnitExtractor initialized with 85 unit mappings and 3 package patterns
2025-08-06 11:27:42,220 - DEBUG - Extracted 2 لیتر -> 2.0 kg
2025-08-06 11:27:43,649 - DEBUG - UnitExtractor initialized with 85 unit mappings and 3 package patterns
2025-08-06 11:27:43,649 - ERROR - Failed to parse number 'خاک': [<class 'decimal.ConversionSyntax'>]
2025-08-06 11:27:43,649 - ERROR - Failed to parse number 'کاکتوس': [<class 'decimal.ConversionSyntax'>]
2025-08-06 11:27:43,649 - INFO - No amount-unit match found in text: خاک کاکتوس
2025-08-06 11:27:45,038 - DEBUG - UnitExtractor initialized with 85 unit mappings and 3 package patterns
2025-08-06 11:27:45,038 - DEBUG - Extracted 3 لیتری -> 3.0 kg
2025-08-06 11:27:46,417 - DEBUG - UnitExtractor initialized with 85 unit mappings and 3 package patterns
2025-08-06 11:27:46,417 - DEBUG - Extracted 5 لیتری -> 5.0 kg
2025-08-06 11:27:47,853 - DEBUG - UnitExtractor initialized with 85 unit mappings and 3 package patterns
2025-08-06 11:27:47,853 - ERROR - Failed to parse number 'خاک': [<class 'decimal.ConversionSyntax'>]
2025-08-06 11:27:47,853 - ERROR - Failed to parse number 'ژله': [<class 'decimal.ConversionSyntax'>]
2025-08-06 11:27:47,853 - ERROR - Failed to parse number 'ای': [<class 'decimal.ConversionSyntax'>]
2025-08-06 11:27:47,853 - ERROR - Failed to parse number 'گرد': [<class 'decimal.ConversionSyntax'>]
2025-08-06 11:27:47,853 - ERROR - Failed to parse number 'ریز': [<class 'decimal.ConversionSyntax'>]
2025-08-06 11:27:47,853 - ERROR - Failed to parse number 'جهت': [<class 'decimal.ConversionSyntax'>]
2025-08-06 11:27:47,853 - ERROR - Failed to parse number 'کاشت': [<class 'decimal.ConversionSyntax'>]
2025-08-06 11:27:47,853 - ERROR - Failed to parse number 'سبزه': [<class 'decimal.ConversionSyntax'>]
2025-08-06 11:27:47,853 - ERROR - Failed to parse number 'نوروز': [<class 'decimal.ConversionSyntax'>]
2025-08-06 11:27:47,853 - ERROR - Failed to parse number 'فروشگاه': [<class 'decimal.ConversionSyntax'>]
2025-08-06 11:27:47,853 - ERROR - Failed to parse number 'خرازی': [<class 'decimal.ConversionSyntax'>]
2025-08-06 11:27:47,853 - ERROR - Failed to parse number 'نفیس': [<class 'decimal.ConversionSyntax'>]
2025-08-06 11:27:47,853 - INFO - No amount-unit match found in text: خاک ژله ای گرد ریز جهت کاشت سبزه نوروز فروشگاه خرازی نفیس
2025-08-06 11:27:49,286 - DEBUG - UnitExtractor initialized with 85 unit mappings and 3 package patterns
2025-08-06 11:27:49,286 - DEBUG - Extracted 2 لیتری -> 2.0 kg
2025-08-06 11:27:50,750 - DEBUG - UnitExtractor initialized with 85 unit mappings and 3 package patterns
2025-08-06 11:27:50,750 - DEBUG - Extracted 2 لیتری -> 2.0 kg
2025-08-06 11:27:52,267 - DEBUG - UnitExtractor initialized with 85 unit mappings and 3 package patterns
2025-08-06 11:27:52,267 - DEBUG - Extracted 5 لیتری -> 5.0 kg
2025-08-06 11:27:53,632 - DEBUG - UnitExtractor initialized with 85 unit mappings and 3 package patterns
2025-08-06 11:27:53,632 - ERROR - Failed to parse number 'خاک': [<class 'decimal.ConversionSyntax'>]
2025-08-06 11:27:53,633 - ERROR - Failed to parse number 'مخصوص': [<class 'decimal.ConversionSyntax'>]
2025-08-06 11:27:53,633 - ERROR - Failed to parse number 'قلمه': [<class 'decimal.ConversionSyntax'>]
2025-08-06 11:27:53,633 - INFO - No amount-unit match found in text: خاک مخصوص قلمه
2025-08-06 11:27:54,983 - DEBUG - UnitExtractor initialized with 85 unit mappings and 3 package patterns
2025-08-06 11:27:54,983 - ERROR - Failed to parse number 'خاک': [<class 'decimal.ConversionSyntax'>]
2025-08-06 11:27:54,983 - ERROR - Failed to parse number 'ژله': [<class 'decimal.ConversionSyntax'>]
2025-08-06 11:27:54,983 - ERROR - Failed to parse number 'ای': [<class 'decimal.ConversionSyntax'>]
2025-08-06 11:27:54,983 - ERROR - Failed to parse number 'بی': [<class 'decimal.ConversionSyntax'>]
2025-08-06 11:27:54,983 - ERROR - Failed to parse number 'رنگ': [<class 'decimal.ConversionSyntax'>]
2025-08-06 11:27:54,983 - ERROR - Failed to parse number 'شفاف': [<class 'decimal.ConversionSyntax'>]
2025-08-06 11:27:54,983 - ERROR - Failed to parse number 'عددی': [<class 'decimal.ConversionSyntax'>]
2025-08-06 11:27:54,983 - INFO - No amount-unit match found in text: خاک ژله ای بی رنگ شفاف .4 عددی
2025-08-06 11:27:56,350 - DEBUG - UnitExtractor initialized with 85 unit mappings and 3 package patterns
2025-08-06 11:27:56,350 - ERROR - Failed to parse number 'خاک': [<class 'decimal.ConversionSyntax'>]
2025-08-06 11:27:56,350 - ERROR - Failed to parse number 'ژله': [<class 'decimal.ConversionSyntax'>]
2025-08-06 11:27:56,350 - ERROR - Failed to parse number 'ای': [<class 'decimal.ConversionSyntax'>]
2025-08-06 11:27:56,350 - ERROR - Failed to parse number 'بی': [<class 'decimal.ConversionSyntax'>]
2025-08-06 11:27:56,350 - ERROR - Failed to parse number 'رنگ': [<class 'decimal.ConversionSyntax'>]
2025-08-06 11:27:56,350 - ERROR - Failed to parse number 'شفاف': [<class 'decimal.ConversionSyntax'>]
2025-08-06 11:27:56,350 - ERROR - Failed to parse number '.': [<class 'decimal.ConversionSyntax'>]
2025-08-06 11:27:56,350 - ERROR - Failed to parse number 'عددی': [<class 'decimal.ConversionSyntax'>]
2025-08-06 11:27:56,350 - INFO - No amount-unit match found in text: خاک ژله ای بی رنگ شفاف . 3 عددی
2025-08-06 11:27:57,731 - DEBUG - UnitExtractor initialized with 85 unit mappings and 3 package patterns
2025-08-06 11:27:57,731 - DEBUG - Extracted 10 کیلویی -> 10.0 kg
2025-08-06 11:27:59,137 - DEBUG - UnitExtractor initialized with 85 unit mappings and 3 package patterns
2025-08-06 11:27:59,137 - DEBUG - Extracted 200 گرم -> 0.200 kg
2025-08-06 11:28:00,562 - DEBUG - UnitExtractor initialized with 85 unit mappings and 3 package patterns
2025-08-06 11:28:00,562 - ERROR - Failed to parse number 'خاک': [<class 'decimal.ConversionSyntax'>]
2025-08-06 11:28:00,562 - ERROR - Failed to parse number 'کامل': [<class 'decimal.ConversionSyntax'>]
2025-08-06 11:28:00,562 - ERROR - Failed to parse number 'گلدان': [<class 'decimal.ConversionSyntax'>]
2025-08-06 11:28:00,562 - INFO - No amount-unit match found in text: خاک کامل گلدان
2025-08-06 11:28:01,934 - DEBUG - UnitExtractor initialized with 85 unit mappings and 3 package patterns
2025-08-06 11:28:01,935 - ERROR - Failed to parse number 'خاک': [<class 'decimal.ConversionSyntax'>]
2025-08-06 11:28:01,935 - ERROR - Failed to parse number 'کامل': [<class 'decimal.ConversionSyntax'>]
2025-08-06 11:28:01,935 - ERROR - Failed to parse number 'گلدان': [<class 'decimal.ConversionSyntax'>]
2025-08-06 11:28:01,935 - ERROR - Failed to parse number 'فله': [<class 'decimal.ConversionSyntax'>]
2025-08-06 11:28:01,935 - ERROR - Failed to parse number 'ای': [<class 'decimal.ConversionSyntax'>]
2025-08-06 11:28:01,935 - ERROR - Failed to parse number 'کیمیا': [<class 'decimal.ConversionSyntax'>]
2025-08-06 11:28:01,935 - INFO - No amount-unit match found in text: خاک کامل گلدان فله ای کیمیا
2025-08-06 11:28:03,294 - DEBUG - UnitExtractor initialized with 85 unit mappings and 3 package patterns
2025-08-06 11:28:03,294 - ERROR - Failed to parse number 'خاک': [<class 'decimal.ConversionSyntax'>]
2025-08-06 11:28:03,294 - ERROR - Failed to parse number 'گیاهان': [<class 'decimal.ConversionSyntax'>]
2025-08-06 11:28:03,295 - ERROR - Failed to parse number 'آپارتمانی': [<class 'decimal.ConversionSyntax'>]
2025-08-06 11:28:03,295 - ERROR - Failed to parse number '(پس': [<class 'decimal.ConversionSyntax'>]
2025-08-06 11:28:03,295 - ERROR - Failed to parse number 'کرایه)': [<class 'decimal.ConversionSyntax'>]
2025-08-06 11:28:03,295 - INFO - No amount-unit match found in text: خاک گیاهان آپارتمانی (پس کرایه)
2025-08-06 11:28:04,647 - DEBUG - UnitExtractor initialized with 85 unit mappings and 3 package patterns
2025-08-06 11:28:04,648 - ERROR - Failed to parse number 'خاک': [<class 'decimal.ConversionSyntax'>]
2025-08-06 11:28:04,648 - ERROR - Failed to parse number 'مخصوص': [<class 'decimal.ConversionSyntax'>]
2025-08-06 11:28:04,648 - ERROR - Failed to parse number 'بنفشه': [<class 'decimal.ConversionSyntax'>]
2025-08-06 11:28:04,648 - ERROR - Failed to parse number 'آفریقائی': [<class 'decimal.ConversionSyntax'>]
2025-08-06 11:28:04,648 - ERROR - Failed to parse number 'دولیتری': [<class 'decimal.ConversionSyntax'>]
2025-08-06 11:28:04,648 - ERROR - Failed to parse number 'مارک': [<class 'decimal.ConversionSyntax'>]
2025-08-06 11:28:04,648 - ERROR - Failed to parse number 'ملکه': [<class 'decimal.ConversionSyntax'>]
2025-08-06 11:28:04,648 - INFO - No amount-unit match found in text: خاک مخصوص بنفشه آفریقائی دولیتری مارک ملکه
2025-08-06 11:28:06,005 - DEBUG - UnitExtractor initialized with 85 unit mappings and 3 package patterns
2025-08-06 11:28:06,005 - DEBUG - Extracted 4 لیتر -> 4.0 kg
2025-08-06 11:28:07,355 - DEBUG - UnitExtractor initialized with 85 unit mappings and 3 package patterns
2025-08-06 11:28:07,356 - ERROR - Failed to parse number 'خاک': [<class 'decimal.ConversionSyntax'>]
2025-08-06 11:28:07,356 - ERROR - Failed to parse number 'گل': [<class 'decimal.ConversionSyntax'>]
2025-08-06 11:28:07,356 - ERROR - Failed to parse number 'بنفشه': [<class 'decimal.ConversionSyntax'>]
2025-08-06 11:28:07,356 - ERROR - Failed to parse number 'آفریقایی': [<class 'decimal.ConversionSyntax'>]
2025-08-06 11:28:07,356 - ERROR - Failed to parse number 'باغبان': [<class 'decimal.ConversionSyntax'>]
2025-08-06 11:28:07,356 - INFO - No amount-unit match found in text: خاک گل بنفشه آفریقایی باغبان
2025-08-06 11:28:08,718 - DEBUG - UnitExtractor initialized with 85 unit mappings and 3 package patterns
2025-08-06 11:28:08,719 - DEBUG - Extracted 5 کیلویی -> 5.0 kg
2025-08-06 11:28:10,095 - DEBUG - UnitExtractor initialized with 85 unit mappings and 3 package patterns
2025-08-06 11:28:10,095 - DEBUG - Extracted 15 لیتری -> 15.0 kg
2025-08-06 11:28:11,611 - DEBUG - UnitExtractor initialized with 85 unit mappings and 3 package patterns
2025-08-06 11:28:11,611 - ERROR - Failed to parse number 'خاک': [<class 'decimal.ConversionSyntax'>]
2025-08-06 11:28:11,611 - ERROR - Failed to parse number 'نسوز': [<class 'decimal.ConversionSyntax'>]
2025-08-06 11:28:11,611 - INFO - No amount-unit match found in text: خاک نسوز
2025-08-06 11:28:13,147 - DEBUG - UnitExtractor initialized with 85 unit mappings and 3 package patterns
2025-08-06 11:28:13,147 - DEBUG - Extracted 7 لیتری -> 7.0 kg
2025-08-06 11:28:14,581 - DEBUG - UnitExtractor initialized with 85 unit mappings and 3 package patterns
2025-08-06 11:28:14,581 - DEBUG - Extracted 2 گرم -> 0.002 kg
2025-08-06 11:28:15,959 - DEBUG - UnitExtractor initialized with 85 unit mappings and 3 package patterns
2025-08-06 11:28:15,960 - DEBUG - Package extracted 5 units -> 0.020 kg
2025-08-06 11:28:17,338 - DEBUG - UnitExtractor initialized with 85 unit mappings and 3 package patterns
2025-08-06 11:28:17,338 - DEBUG - Extracted 2.5 کیلوگرمی -> 2.50 kg
2025-08-06 11:28:18,698 - DEBUG - UnitExtractor initialized with 85 unit mappings and 3 package patterns
2025-08-06 11:28:18,698 - ERROR - Failed to parse number 'خاک': [<class 'decimal.ConversionSyntax'>]
2025-08-06 11:28:18,698 - ERROR - Failed to parse number 'مخصوص': [<class 'decimal.ConversionSyntax'>]
2025-08-06 11:28:18,698 - ERROR - Failed to parse number 'گیاهان': [<class 'decimal.ConversionSyntax'>]
2025-08-06 11:28:18,698 - ERROR - Failed to parse number 'آپارتمانی': [<class 'decimal.ConversionSyntax'>]
2025-08-06 11:28:18,698 - ERROR - Failed to parse number '(پس': [<class 'decimal.ConversionSyntax'>]
2025-08-06 11:28:18,698 - ERROR - Failed to parse number 'کرایه)': [<class 'decimal.ConversionSyntax'>]
2025-08-06 11:28:18,698 - INFO - No amount-unit match found in text: خاک مخصوص گیاهان آپارتمانی (پس کرایه)
2025-08-06 11:28:20,069 - DEBUG - UnitExtractor initialized with 85 unit mappings and 3 package patterns
2025-08-06 11:28:20,069 - ERROR - Failed to parse number 'خاک': [<class 'decimal.ConversionSyntax'>]
2025-08-06 11:28:20,069 - ERROR - Failed to parse number 'ژله': [<class 'decimal.ConversionSyntax'>]
2025-08-06 11:28:20,069 - ERROR - Failed to parse number 'ای': [<class 'decimal.ConversionSyntax'>]
2025-08-06 11:28:20,069 - ERROR - Failed to parse number 'شفاف': [<class 'decimal.ConversionSyntax'>]
2025-08-06 11:28:20,069 - ERROR - Failed to parse number 'بی': [<class 'decimal.ConversionSyntax'>]
2025-08-06 11:28:20,069 - ERROR - Failed to parse number 'رنگ': [<class 'decimal.ConversionSyntax'>]
2025-08-06 11:28:20,069 - INFO - No amount-unit match found in text: خاک ژله ای شفاف بی رنگ
2025-08-06 11:28:21,425 - DEBUG - UnitExtractor initialized with 85 unit mappings and 3 package patterns
2025-08-06 11:28:21,425 - ERROR - Failed to parse number 'خاک': [<class 'decimal.ConversionSyntax'>]
2025-08-06 11:28:21,425 - ERROR - Failed to parse number 'انداز': [<class 'decimal.ConversionSyntax'>]
2025-08-06 11:28:21,425 - INFO - No amount-unit match found in text: خاک انداز
2025-08-06 11:28:22,795 - DEBUG - UnitExtractor initialized with 85 unit mappings and 3 package patterns
2025-08-06 11:28:22,795 - ERROR - Failed to parse number 'خاک': [<class 'decimal.ConversionSyntax'>]
2025-08-06 11:28:22,795 - ERROR - Failed to parse number 'ژله': [<class 'decimal.ConversionSyntax'>]
2025-08-06 11:28:22,795 - ERROR - Failed to parse number 'ای': [<class 'decimal.ConversionSyntax'>]
2025-08-06 11:28:22,795 - ERROR - Failed to parse number 'رنگی': [<class 'decimal.ConversionSyntax'>]
2025-08-06 11:28:22,795 - ERROR - Failed to parse number 'مدل': [<class 'decimal.ConversionSyntax'>]
2025-08-06 11:28:22,795 - ERROR - Failed to parse number 'Seven': [<class 'decimal.ConversionSyntax'>]
2025-08-06 11:28:22,795 - ERROR - Failed to parse number 'Color،مناسب': [<class 'decimal.ConversionSyntax'>]
2025-08-06 11:28:22,795 - ERROR - Failed to parse number 'برای': [<class 'decimal.ConversionSyntax'>]
2025-08-06 11:28:22,795 - ERROR - Failed to parse number 'سبزه،گلها،گلدان': [<class 'decimal.ConversionSyntax'>]
2025-08-06 11:28:22,795 - ERROR - Failed to parse number 'آکواریوم،تنگ': [<class 'decimal.ConversionSyntax'>]
2025-08-06 11:28:22,795 - ERROR - Failed to parse number 'آب': [<class 'decimal.ConversionSyntax'>]
2025-08-06 11:28:22,796 - ERROR - Failed to parse number 'و...': [<class 'decimal.ConversionSyntax'>]
2025-08-06 11:28:22,796 - ERROR - Failed to parse number '(تخفیف': [<class 'decimal.ConversionSyntax'>]
2025-08-06 11:28:22,796 - ERROR - Failed to parse number 'ویژه)': [<class 'decimal.ConversionSyntax'>]
2025-08-06 11:28:22,796 - INFO - No amount-unit match found in text: خاک ژله ای رنگی مدل Seven Color،مناسب برای سبزه،گلها،گلدان آکواریوم،تنگ آب و... (تخفیف ویژه)
2025-08-06 11:28:24,216 - DEBUG - UnitExtractor initialized with 85 unit mappings and 3 package patterns
2025-08-06 11:28:24,216 - ERROR - Failed to parse number 'خاک': [<class 'decimal.ConversionSyntax'>]
2025-08-06 11:28:24,216 - ERROR - Failed to parse number 'رس': [<class 'decimal.ConversionSyntax'>]
2025-08-06 11:28:24,216 - ERROR - Failed to parse number 'قرمز': [<class 'decimal.ConversionSyntax'>]
2025-08-06 11:28:24,216 - ERROR - Failed to parse number 'طبی': [<class 'decimal.ConversionSyntax'>]
2025-08-06 11:28:24,216 - ERROR - Failed to parse number 'یک': [<class 'decimal.ConversionSyntax'>]
2025-08-06 11:28:24,216 - ERROR - Failed to parse number 'کیلویی': [<class 'decimal.ConversionSyntax'>]
2025-08-06 11:28:24,216 - INFO - No amount-unit match found in text: خاک رس قرمز طبی یک کیلویی
2025-08-06 11:28:25,698 - DEBUG - UnitExtractor initialized with 85 unit mappings and 3 package patterns
2025-08-06 11:28:25,698 - DEBUG - Package extracted 2 units -> 0.008 kg
2025-08-06 11:28:27,141 - DEBUG - UnitExtractor initialized with 85 unit mappings and 3 package patterns
2025-08-06 11:28:27,141 - ERROR - Failed to parse number 'خاک': [<class 'decimal.ConversionSyntax'>]
2025-08-06 11:28:27,141 - ERROR - Failed to parse number 'مخصوص': [<class 'decimal.ConversionSyntax'>]
2025-08-06 11:28:27,141 - ERROR - Failed to parse number 'گل': [<class 'decimal.ConversionSyntax'>]
2025-08-06 11:28:27,141 - ERROR - Failed to parse number 'های': [<class 'decimal.ConversionSyntax'>]
2025-08-06 11:28:27,141 - ERROR - Failed to parse number 'آپارتمانی': [<class 'decimal.ConversionSyntax'>]
2025-08-06 11:28:27,141 - INFO - No amount-unit match found in text: خاک مخصوص گل های آپارتمانی
2025-08-06 11:28:30,088 - DEBUG - UnitExtractor initialized with 85 unit mappings and 3 package patterns
2025-08-06 11:28:30,088 - DEBUG - Extracted 4 لیتر -> 4.0 kg
2025-08-06 11:28:31,499 - DEBUG - UnitExtractor initialized with 85 unit mappings and 3 package patterns
2025-08-06 11:28:31,499 - ERROR - Failed to parse number 'خاک': [<class 'decimal.ConversionSyntax'>]
2025-08-06 11:28:31,499 - ERROR - Failed to parse number 'بستر': [<class 'decimal.ConversionSyntax'>]
2025-08-06 11:28:31,499 - ERROR - Failed to parse number 'کشت': [<class 'decimal.ConversionSyntax'>]
2025-08-06 11:28:31,499 - ERROR - Failed to parse number 'مخلوط': [<class 'decimal.ConversionSyntax'>]
2025-08-06 11:28:31,499 - ERROR - Failed to parse number 'پرلیت': [<class 'decimal.ConversionSyntax'>]
2025-08-06 11:28:31,499 - ERROR - Failed to parse number 'ورمی': [<class 'decimal.ConversionSyntax'>]
2025-08-06 11:28:31,499 - ERROR - Failed to parse number 'کمپوست': [<class 'decimal.ConversionSyntax'>]
2025-08-06 11:28:31,499 - ERROR - Failed to parse number 'پیت': [<class 'decimal.ConversionSyntax'>]
2025-08-06 11:28:31,499 - ERROR - Failed to parse number 'ماس': [<class 'decimal.ConversionSyntax'>]
2025-08-06 11:28:31,499 - ERROR - Failed to parse number 'کوکوپیت': [<class 'decimal.ConversionSyntax'>]
2025-08-06 11:28:31,499 - INFO - No amount-unit match found in text: خاک بستر کشت مخلوط پرلیت ورمی کمپوست پیت ماس کوکوپیت
2025-08-06 11:28:32,912 - DEBUG - UnitExtractor initialized with 85 unit mappings and 3 package patterns
2025-08-06 11:28:32,912 - ERROR - Failed to parse number 'خاک': [<class 'decimal.ConversionSyntax'>]
2025-08-06 11:28:32,912 - ERROR - Failed to parse number 'گلدان': [<class 'decimal.ConversionSyntax'>]
2025-08-06 11:28:32,912 - ERROR - Failed to parse number 'درجه': [<class 'decimal.ConversionSyntax'>]
2025-08-06 11:28:32,912 - ERROR - Failed to parse number 'یک': [<class 'decimal.ConversionSyntax'>]
2025-08-06 11:28:32,912 - ERROR - Failed to parse number 'ارگانیک': [<class 'decimal.ConversionSyntax'>]
2025-08-06 11:28:32,912 - INFO - No amount-unit match found in text: خاک گلدان درجه یک ارگانیک
2025-08-06 11:28:34,403 - DEBUG - UnitExtractor initialized with 85 unit mappings and 3 package patterns
2025-08-06 11:28:34,403 - DEBUG - Extracted 25 لیتری -> 25.0 kg
2025-08-06 11:28:35,792 - DEBUG - UnitExtractor initialized with 85 unit mappings and 3 package patterns
2025-08-06 11:28:35,792 - DEBUG - Extracted 5 لیتری -> 5.0 kg
2025-08-06 11:28:37,166 - DEBUG - UnitExtractor initialized with 85 unit mappings and 3 package patterns
2025-08-06 11:28:37,166 - DEBUG - Extracted 10 لیتری -> 10.0 kg
2025-08-06 11:28:38,637 - DEBUG - UnitExtractor initialized with 85 unit mappings and 3 package patterns
2025-08-06 11:28:38,637 - DEBUG - Extracted 5 لیتری -> 5.0 kg
2025-08-06 11:28:40,206 - DEBUG - UnitExtractor initialized with 85 unit mappings and 3 package patterns
2025-08-06 11:28:40,206 - ERROR - Failed to parse number 'خاک': [<class 'decimal.ConversionSyntax'>]
2025-08-06 11:28:40,206 - ERROR - Failed to parse number 'مخصوص': [<class 'decimal.ConversionSyntax'>]
2025-08-06 11:28:40,206 - ERROR - Failed to parse number 'گیاهان': [<class 'decimal.ConversionSyntax'>]
2025-08-06 11:28:40,206 - ERROR - Failed to parse number 'آپارتمانی': [<class 'decimal.ConversionSyntax'>]
2025-08-06 11:28:40,206 - ERROR - Failed to parse number '(پس': [<class 'decimal.ConversionSyntax'>]
2025-08-06 11:28:40,206 - ERROR - Failed to parse number 'کرایه)': [<class 'decimal.ConversionSyntax'>]
2025-08-06 11:28:40,206 - INFO - No amount-unit match found in text: خاک مخصوص گیاهان آپارتمانی (پس کرایه)
2025-08-06 11:28:41,706 - DEBUG - UnitExtractor initialized with 85 unit mappings and 3 package patterns
2025-08-06 11:28:41,706 - ERROR - Failed to parse number 'خاک': [<class 'decimal.ConversionSyntax'>]
2025-08-06 11:28:41,706 - ERROR - Failed to parse number 'ژله': [<class 'decimal.ConversionSyntax'>]
2025-08-06 11:28:41,706 - ERROR - Failed to parse number 'ای': [<class 'decimal.ConversionSyntax'>]
2025-08-06 11:28:41,707 - ERROR - Failed to parse number 'شفاف': [<class 'decimal.ConversionSyntax'>]
2025-08-06 11:28:41,707 - ERROR - Failed to parse number 'بی': [<class 'decimal.ConversionSyntax'>]
2025-08-06 11:28:41,707 - ERROR - Failed to parse number 'رنگ': [<class 'decimal.ConversionSyntax'>]
2025-08-06 11:28:41,707 - INFO - No amount-unit match found in text: خاک ژله ای شفاف بی رنگ
2025-08-06 11:28:43,121 - DEBUG - UnitExtractor initialized with 85 unit mappings and 3 package patterns
2025-08-06 11:28:43,121 - DEBUG - Extracted 2 لیتری -> 2.0 kg
2025-08-06 11:28:44,473 - DEBUG - UnitExtractor initialized with 85 unit mappings and 3 package patterns
2025-08-06 11:28:44,473 - DEBUG - Extracted 2 لیتری -> 2.0 kg
2025-08-06 11:28:45,826 - DEBUG - UnitExtractor initialized with 85 unit mappings and 3 package patterns
2025-08-06 11:28:45,826 - DEBUG - Extracted 3 کیلویی -> 3.0 kg
2025-08-06 11:28:47,174 - DEBUG - UnitExtractor initialized with 85 unit mappings and 3 package patterns
2025-08-06 11:28:47,174 - DEBUG - Extracted 4.5 کیلوگرمی -> 4.50 kg
2025-08-06 11:28:48,566 - DEBUG - UnitExtractor initialized with 85 unit mappings and 3 package patterns
2025-08-06 11:28:48,566 - ERROR - Failed to parse number 'خاک': [<class 'decimal.ConversionSyntax'>]
2025-08-06 11:28:48,566 - ERROR - Failed to parse number 'نیمه': [<class 'decimal.ConversionSyntax'>]
2025-08-06 11:28:48,566 - ERROR - Failed to parse number 'سنگین': [<class 'decimal.ConversionSyntax'>]
2025-08-06 11:28:48,566 - ERROR - Failed to parse number 'مناسب': [<class 'decimal.ConversionSyntax'>]
2025-08-06 11:28:48,566 - ERROR - Failed to parse number 'گیاهانی': [<class 'decimal.ConversionSyntax'>]
2025-08-06 11:28:48,566 - ERROR - Failed to parse number 'مانند': [<class 'decimal.ConversionSyntax'>]
2025-08-06 11:28:48,566 - ERROR - Failed to parse number 'فیکوس': [<class 'decimal.ConversionSyntax'>]
2025-08-06 11:28:48,566 - ERROR - Failed to parse number 'و': [<class 'decimal.ConversionSyntax'>]
2025-08-06 11:28:48,566 - ERROR - Failed to parse number 'سانسوریا': [<class 'decimal.ConversionSyntax'>]
2025-08-06 11:28:48,566 - INFO - No amount-unit match found in text: خاک نیمه سنگین مناسب گیاهانی مانند فیکوس و سانسوریا
2025-08-06 11:28:49,917 - DEBUG - UnitExtractor initialized with 85 unit mappings and 3 package patterns
2025-08-06 11:28:49,917 - ERROR - Failed to parse number 'خاک': [<class 'decimal.ConversionSyntax'>]
2025-08-06 11:28:49,917 - ERROR - Failed to parse number 'سبک': [<class 'decimal.ConversionSyntax'>]
2025-08-06 11:28:49,917 - ERROR - Failed to parse number 'برای': [<class 'decimal.ConversionSyntax'>]
2025-08-06 11:28:49,917 - ERROR - Failed to parse number 'ریشه': [<class 'decimal.ConversionSyntax'>]
2025-08-06 11:28:49,917 - ERROR - Failed to parse number 'دار': [<class 'decimal.ConversionSyntax'>]
2025-08-06 11:28:49,917 - ERROR - Failed to parse number 'کردن': [<class 'decimal.ConversionSyntax'>]
2025-08-06 11:28:49,917 - ERROR - Failed to parse number 'قلمه': [<class 'decimal.ConversionSyntax'>]
2025-08-06 11:28:49,917 - ERROR - Failed to parse number 'ها': [<class 'decimal.ConversionSyntax'>]
2025-08-06 11:28:49,917 - ERROR - Failed to parse number 'حاوی': [<class 'decimal.ConversionSyntax'>]
2025-08-06 11:28:49,917 - ERROR - Failed to parse number 'کوکوپیت': [<class 'decimal.ConversionSyntax'>]
2025-08-06 11:28:49,917 - ERROR - Failed to parse number 'و': [<class 'decimal.ConversionSyntax'>]
2025-08-06 11:28:49,917 - ERROR - Failed to parse number 'پرلیت': [<class 'decimal.ConversionSyntax'>]
2025-08-06 11:28:49,917 - INFO - No amount-unit match found in text: خاک سبک برای ریشه دار کردن قلمه ها حاوی کوکوپیت و پرلیت
2025-08-06 11:28:51,347 - DEBUG - UnitExtractor initialized with 85 unit mappings and 3 package patterns
2025-08-06 11:28:51,347 - DEBUG - Extracted 3 کیلویی -> 3.0 kg
2025-08-06 11:28:52,782 - DEBUG - UnitExtractor initialized with 85 unit mappings and 3 package patterns
2025-08-06 11:28:52,782 - ERROR - Failed to parse number 'خاک': [<class 'decimal.ConversionSyntax'>]
2025-08-06 11:28:52,782 - ERROR - Failed to parse number 'ژله': [<class 'decimal.ConversionSyntax'>]
2025-08-06 11:28:52,782 - ERROR - Failed to parse number 'ای': [<class 'decimal.ConversionSyntax'>]
2025-08-06 11:28:52,782 - ERROR - Failed to parse number 'کروی': [<class 'decimal.ConversionSyntax'>]
2025-08-06 11:28:52,782 - ERROR - Failed to parse number 'قرمز': [<class 'decimal.ConversionSyntax'>]
2025-08-06 11:28:52,782 - ERROR - Failed to parse number 'رنگ': [<class 'decimal.ConversionSyntax'>]
2025-08-06 11:28:52,782 - INFO - No amount-unit match found in text: خاک ژله ای کروی قرمز رنگ
2025-08-06 11:28:54,311 - DEBUG - UnitExtractor initialized with 85 unit mappings and 3 package patterns
2025-08-06 11:28:54,311 - ERROR - Failed to parse number 'خاک': [<class 'decimal.ConversionSyntax'>]
2025-08-06 11:28:54,311 - ERROR - Failed to parse number 'ژله': [<class 'decimal.ConversionSyntax'>]
2025-08-06 11:28:54,311 - ERROR - Failed to parse number 'ای': [<class 'decimal.ConversionSyntax'>]
2025-08-06 11:28:54,311 - ERROR - Failed to parse number 'کروی': [<class 'decimal.ConversionSyntax'>]
2025-08-06 11:28:54,311 - ERROR - Failed to parse number 'سبز': [<class 'decimal.ConversionSyntax'>]
2025-08-06 11:28:54,311 - INFO - No amount-unit match found in text: خاک ژله ای کروی سبز
2025-08-06 11:28:55,878 - DEBUG - UnitExtractor initialized with 85 unit mappings and 3 package patterns
2025-08-06 11:28:55,878 - DEBUG - Extracted 2 لیتری -> 2.0 kg
2025-08-06 11:28:57,282 - DEBUG - UnitExtractor initialized with 85 unit mappings and 3 package patterns
2025-08-06 11:28:57,282 - DEBUG - Extracted 250 گرمی -> 0.250 kg
2025-08-06 11:28:58,699 - DEBUG - UnitExtractor initialized with 85 unit mappings and 3 package patterns
2025-08-06 11:28:58,699 - ERROR - Failed to parse number 'خاک': [<class 'decimal.ConversionSyntax'>]
2025-08-06 11:28:58,699 - ERROR - Failed to parse number 'ژله': [<class 'decimal.ConversionSyntax'>]
2025-08-06 11:28:58,699 - ERROR - Failed to parse number 'ای': [<class 'decimal.ConversionSyntax'>]
2025-08-06 11:28:58,699 - ERROR - Failed to parse number 'بیرنگ': [<class 'decimal.ConversionSyntax'>]
2025-08-06 11:28:58,699 - ERROR - Failed to parse number 'بسته': [<class 'decimal.ConversionSyntax'>]
2025-08-06 11:28:58,699 - INFO - No amount-unit match found in text: خاک ژله ای بیرنگ 1 بسته
2025-08-06 11:29:00,376 - DEBUG - UnitExtractor initialized with 85 unit mappings and 3 package patterns
2025-08-06 11:29:00,376 - DEBUG - Extracted 186 گرم -> 0.186 kg
2025-08-06 11:29:01,790 - DEBUG - UnitExtractor initialized with 85 unit mappings and 3 package patterns
2025-08-06 11:29:01,790 - DEBUG - Extracted 20 لیتری -> 20.0 kg
2025-08-06 11:29:03,339 - DEBUG - UnitExtractor initialized with 85 unit mappings and 3 package patterns
2025-08-06 11:29:03,339 - DEBUG - Extracted 20 لیتری -> 20.0 kg
2025-08-06 11:29:04,903 - DEBUG - UnitExtractor initialized with 85 unit mappings and 3 package patterns
2025-08-06 11:29:04,903 - DEBUG - Extracted 20 لیتری -> 20.0 kg
2025-08-06 11:29:06,439 - DEBUG - UnitExtractor initialized with 85 unit mappings and 3 package patterns
2025-08-06 11:29:06,439 - DEBUG - Extracted 900 گرم -> 0.900 kg
2025-08-06 11:29:07,993 - DEBUG - UnitExtractor initialized with 85 unit mappings and 3 package patterns
2025-08-06 11:29:07,993 - DEBUG - Extracted 100 گرمی -> 0.100 kg
2025-08-06 11:29:09,501 - DEBUG - UnitExtractor initialized with 85 unit mappings and 3 package patterns
2025-08-06 11:29:09,501 - DEBUG - Extracted 5 لیتری -> 5.0 kg
2025-08-06 11:29:10,895 - DEBUG - UnitExtractor initialized with 85 unit mappings and 3 package patterns
2025-08-06 11:29:10,895 - DEBUG - Package extracted 20 units -> 0.080 kg
2025-08-06 11:29:12,325 - DEBUG - UnitExtractor initialized with 85 unit mappings and 3 package patterns
2025-08-06 11:29:12,325 - DEBUG - Extracted 20 لیتری -> 20.0 kg
2025-08-06 11:29:13,752 - DEBUG - UnitExtractor initialized with 85 unit mappings and 3 package patterns
2025-08-06 11:29:13,752 - DEBUG - Extracted 20 لیتری -> 20.0 kg
2025-08-06 11:29:15,210 - DEBUG - UnitExtractor initialized with 85 unit mappings and 3 package patterns
2025-08-06 11:29:15,210 - DEBUG - Extracted 30 گرم -> 0.030 kg
2025-08-06 11:29:16,628 - DEBUG - UnitExtractor initialized with 85 unit mappings and 3 package patterns
2025-08-06 11:29:16,628 - DEBUG - Package extracted 20 units -> 0.080 kg
2025-08-06 11:29:18,025 - DEBUG - UnitExtractor initialized with 85 unit mappings and 3 package patterns
2025-08-06 11:29:18,026 - DEBUG - Extracted 20 لیتری -> 20.0 kg
2025-08-06 11:29:19,378 - DEBUG - UnitExtractor initialized with 85 unit mappings and 3 package patterns
2025-08-06 11:29:19,378 - DEBUG - Extracted 20 لیتری -> 20.0 kg
2025-08-06 11:29:20,833 - DEBUG - UnitExtractor initialized with 85 unit mappings and 3 package patterns
2025-08-06 11:29:20,833 - DEBUG - Extracted 20 لیتری -> 20.0 kg
2025-08-06 11:29:22,255 - DEBUG - UnitExtractor initialized with 85 unit mappings and 3 package patterns
2025-08-06 11:29:22,255 - DEBUG - Extracted 20 لیتری -> 20.0 kg
2025-08-06 11:29:23,707 - DEBUG - UnitExtractor initialized with 85 unit mappings and 3 package patterns
2025-08-06 11:29:23,707 - DEBUG - Extracted 3 لیتری -> 3.0 kg
2025-08-06 11:29:25,155 - DEBUG - UnitExtractor initialized with 85 unit mappings and 3 package patterns
2025-08-06 11:29:25,155 - DEBUG - Extracted 20 لیتری -> 20.0 kg
2025-08-06 11:29:26,572 - DEBUG - UnitExtractor initialized with 85 unit mappings and 3 package patterns
2025-08-06 11:29:26,572 - ERROR - Failed to parse number 'کتاب': [<class 'decimal.ConversionSyntax'>]
2025-08-06 11:29:26,572 - ERROR - Failed to parse number 'خاک': [<class 'decimal.ConversionSyntax'>]
2025-08-06 11:29:26,572 - ERROR - Failed to parse number 'کارخانه': [<class 'decimal.ConversionSyntax'>]
2025-08-06 11:29:26,572 - ERROR - Failed to parse number 'اطراف': [<class 'decimal.ConversionSyntax'>]
2025-08-06 11:29:26,572 - INFO - No amount-unit match found in text: کتاب خاک کارخانه اطراف
2025-08-06 11:29:27,950 - DEBUG - UnitExtractor initialized with 85 unit mappings and 3 package patterns
2025-08-06 11:29:27,951 - DEBUG - Extracted 17 کیلویی -> 17.0 kg
2025-08-06 11:29:29,359 - DEBUG - UnitExtractor initialized with 85 unit mappings and 3 package patterns
2025-08-06 11:29:29,359 - DEBUG - Extracted 20 لیتری -> 20.0 kg
2025-08-06 11:29:30,761 - DEBUG - UnitExtractor initialized with 85 unit mappings and 3 package patterns
2025-08-06 11:29:30,761 - DEBUG - Extracted 20 لیتری -> 20.0 kg
2025-08-06 11:29:32,183 - DEBUG - UnitExtractor initialized with 85 unit mappings and 3 package patterns
2025-08-06 11:29:32,183 - DEBUG - Extracted 20 لیتری -> 20.0 kg
2025-08-06 11:29:33,735 - DEBUG - UnitExtractor initialized with 85 unit mappings and 3 package patterns
2025-08-06 11:29:33,735 - DEBUG - Extracted 20 لیتری -> 20.0 kg
2025-08-06 11:29:35,151 - DEBUG - UnitExtractor initialized with 85 unit mappings and 3 package patterns
2025-08-06 11:29:35,151 - DEBUG - Extracted 1000 گرمی -> 1.000 kg
2025-08-06 11:29:36,537 - DEBUG - UnitExtractor initialized with 85 unit mappings and 3 package patterns
2025-08-06 11:29:36,537 - ERROR - Failed to parse number 'کاکتوس': [<class 'decimal.ConversionSyntax'>]
2025-08-06 11:29:36,537 - ERROR - Failed to parse number 'افوربیا': [<class 'decimal.ConversionSyntax'>]
2025-08-06 11:29:36,537 - ERROR - Failed to parse number 'لاکتی': [<class 'decimal.ConversionSyntax'>]
2025-08-06 11:29:36,537 - ERROR - Failed to parse number 'روی': [<class 'decimal.ConversionSyntax'>]
2025-08-06 11:29:36,537 - ERROR - Failed to parse number 'خاک': [<class 'decimal.ConversionSyntax'>]
2025-08-06 11:29:36,537 - ERROR - Failed to parse number '(سبز)': [<class 'decimal.ConversionSyntax'>]
2025-08-06 11:29:36,537 - INFO - No amount-unit match found in text: کاکتوس افوربیا لاکتی روی خاک (سبز)
2025-08-06 11:29:37,896 - DEBUG - UnitExtractor initialized with 85 unit mappings and 3 package patterns
2025-08-06 11:29:37,896 - DEBUG - Extracted 20 لیتری -> 20.0 kg
2025-08-06 11:29:41,996 - DEBUG - UnitExtractor initialized with 85 unit mappings and 3 package patterns
2025-08-06 11:29:41,996 - ERROR - Failed to parse number 'پک': [<class 'decimal.ConversionSyntax'>]
2025-08-06 11:29:41,996 - ERROR - Failed to parse number 'خاک': [<class 'decimal.ConversionSyntax'>]
2025-08-06 11:29:41,996 - ERROR - Failed to parse number 'آپارتمانی': [<class 'decimal.ConversionSyntax'>]
2025-08-06 11:29:41,996 - ERROR - Failed to parse number 'و': [<class 'decimal.ConversionSyntax'>]
2025-08-06 11:29:41,996 - ERROR - Failed to parse number 'کاکتوس': [<class 'decimal.ConversionSyntax'>]
2025-08-06 11:29:41,996 - ERROR - Failed to parse number 'و': [<class 'decimal.ConversionSyntax'>]
2025-08-06 11:29:41,996 - ERROR - Failed to parse number 'زاموفیلیا': [<class 'decimal.ConversionSyntax'>]
2025-08-06 11:29:41,997 - ERROR - Failed to parse number '(با': [<class 'decimal.ConversionSyntax'>]
2025-08-06 11:29:41,997 - ERROR - Failed to parse number 'حداقل': [<class 'decimal.ConversionSyntax'>]
2025-08-06 11:29:41,997 - ERROR - Failed to parse number 'تومن': [<class 'decimal.ConversionSyntax'>]
2025-08-06 11:29:41,997 - ERROR - Failed to parse number 'خرید': [<class 'decimal.ConversionSyntax'>]
2025-08-06 11:29:41,997 - ERROR - Failed to parse number 'از': [<class 'decimal.ConversionSyntax'>]
2025-08-06 11:29:41,997 - ERROR - Failed to parse number 'غرفه': [<class 'decimal.ConversionSyntax'>]
2025-08-06 11:29:41,997 - ERROR - Failed to parse number 'ارسال': [<class 'decimal.ConversionSyntax'>]
2025-08-06 11:29:41,997 - ERROR - Failed to parse number 'قطعی': [<class 'decimal.ConversionSyntax'>]
2025-08-06 11:29:41,997 - ERROR - Failed to parse number 'میشه)(هزینه': [<class 'decimal.ConversionSyntax'>]
2025-08-06 11:29:41,997 - ERROR - Failed to parse number 'پسکرایه)': [<class 'decimal.ConversionSyntax'>]
2025-08-06 11:29:41,997 - INFO - No amount-unit match found in text: پک خاک آپارتمانی و کاکتوس و زاموفیلیا (با حداقل 400 تومن خرید از غرفه ارسال قطعی میشه)(هزینه پسکرایه)
2025-08-06 11:29:43,421 - DEBUG - UnitExtractor initialized with 85 unit mappings and 3 package patterns
2025-08-06 11:29:43,421 - ERROR - Failed to parse number 'کاکوتی': [<class 'decimal.ConversionSyntax'>]
2025-08-06 11:29:43,421 - ERROR - Failed to parse number 'اردبیل': [<class 'decimal.ConversionSyntax'>]
2025-08-06 11:29:43,421 - ERROR - Failed to parse number '((': [<class 'decimal.ConversionSyntax'>]
2025-08-06 11:29:43,421 - ERROR - Failed to parse number 'کهلیک': [<class 'decimal.ConversionSyntax'>]
2025-08-06 11:29:43,421 - ERROR - Failed to parse number 'اوتی': [<class 'decimal.ConversionSyntax'>]
2025-08-06 11:29:43,421 - ERROR - Failed to parse number '))': [<class 'decimal.ConversionSyntax'>]
2025-08-06 11:29:43,421 - ERROR - Failed to parse number 'طعم': [<class 'decimal.ConversionSyntax'>]
2025-08-06 11:29:43,421 - ERROR - Failed to parse number 'و': [<class 'decimal.ConversionSyntax'>]
2025-08-06 11:29:43,421 - ERROR - Failed to parse number 'عطر': [<class 'decimal.ConversionSyntax'>]
2025-08-06 11:29:43,421 - ERROR - Failed to parse number 'بینظیر': [<class 'decimal.ConversionSyntax'>]
2025-08-06 11:29:43,421 - ERROR - Failed to parse number 'دستچین': [<class 'decimal.ConversionSyntax'>]
2025-08-06 11:29:43,421 - ERROR - Failed to parse number '،': [<class 'decimal.ConversionSyntax'>]
2025-08-06 11:29:43,421 - ERROR - Failed to parse number 'بدون': [<class 'decimal.ConversionSyntax'>]
2025-08-06 11:29:43,421 - ERROR - Failed to parse number 'خاک': [<class 'decimal.ConversionSyntax'>]
2025-08-06 11:29:43,421 - INFO - No amount-unit match found in text: کاکوتی اردبیل (( کهلیک اوتی )) طعم و عطر بینظیر دستچین ، بدون خاک
2025-08-06 11:29:45,478 - DEBUG - UnitExtractor initialized with 85 unit mappings and 3 package patterns
2025-08-06 11:29:45,478 - DEBUG - Extracted 5 گرمی -> 0.005 kg
2025-08-06 11:29:47,045 - DEBUG - UnitExtractor initialized with 85 unit mappings and 3 package patterns
2025-08-06 11:29:47,045 - ERROR - Failed to parse number 'کتاب': [<class 'decimal.ConversionSyntax'>]
2025-08-06 11:29:47,045 - ERROR - Failed to parse number 'خاک': [<class 'decimal.ConversionSyntax'>]
2025-08-06 11:29:47,045 - ERROR - Failed to parse number 'آمریکا': [<class 'decimal.ConversionSyntax'>]
2025-08-06 11:29:47,045 - ERROR - Failed to parse number 'نشر': [<class 'decimal.ConversionSyntax'>]
2025-08-06 11:29:47,045 - ERROR - Failed to parse number 'آموت': [<class 'decimal.ConversionSyntax'>]
2025-08-06 11:29:47,045 - INFO - No amount-unit match found in text: کتاب خاک آمریکا نشر آموت
2025-08-06 11:29:48,566 - DEBUG - UnitExtractor initialized with 85 unit mappings and 3 package patterns
2025-08-06 11:29:48,566 - ERROR - Failed to parse number 'پک': [<class 'decimal.ConversionSyntax'>]
2025-08-06 11:29:48,566 - ERROR - Failed to parse number 'خاک': [<class 'decimal.ConversionSyntax'>]
2025-08-06 11:29:48,566 - ERROR - Failed to parse number 'کوکوپیت': [<class 'decimal.ConversionSyntax'>]
2025-08-06 11:29:48,566 - ERROR - Failed to parse number 'پیت': [<class 'decimal.ConversionSyntax'>]
2025-08-06 11:29:48,566 - ERROR - Failed to parse number 'ماس': [<class 'decimal.ConversionSyntax'>]
2025-08-06 11:29:48,566 - ERROR - Failed to parse number 'و': [<class 'decimal.ConversionSyntax'>]
2025-08-06 11:29:48,566 - ERROR - Failed to parse number 'لیکاپن': [<class 'decimal.ConversionSyntax'>]
2025-08-06 11:29:48,566 - ERROR - Failed to parse number 'بسیار': [<class 'decimal.ConversionSyntax'>]
2025-08-06 11:29:48,566 - ERROR - Failed to parse number 'با': [<class 'decimal.ConversionSyntax'>]
2025-08-06 11:29:48,566 - ERROR - Failed to parse number 'کیفیت': [<class 'decimal.ConversionSyntax'>]
2025-08-06 11:29:48,567 - ERROR - Failed to parse number 'و': [<class 'decimal.ConversionSyntax'>]
2025-08-06 11:29:48,567 - ERROR - Failed to parse number 'مناسب': [<class 'decimal.ConversionSyntax'>]
2025-08-06 11:29:48,567 - ERROR - Failed to parse number 'انواع': [<class 'decimal.ConversionSyntax'>]
2025-08-06 11:29:48,567 - ERROR - Failed to parse number 'گیاهان': [<class 'decimal.ConversionSyntax'>]
2025-08-06 11:29:48,567 - ERROR - Failed to parse number 'آپارتمانی': [<class 'decimal.ConversionSyntax'>]
2025-08-06 11:29:48,567 - INFO - No amount-unit match found in text: پک خاک کوکوپیت پیت ماس و لیکاپن بسیار با کیفیت و مناسب انواع گیاهان آپارتمانی
2025-08-06 11:29:50,076 - DEBUG - UnitExtractor initialized with 85 unit mappings and 3 package patterns
2025-08-06 11:29:50,076 - DEBUG - Extracted 20 لیتری -> 20.0 kg
2025-08-06 11:29:51,487 - DEBUG - UnitExtractor initialized with 85 unit mappings and 3 package patterns
2025-08-06 11:29:51,487 - DEBUG - Extracted 20 لیتری -> 20.0 kg
2025-08-06 11:29:52,908 - DEBUG - UnitExtractor initialized with 85 unit mappings and 3 package patterns
2025-08-06 11:29:52,908 - DEBUG - Extracted 20 لیتری -> 20.0 kg
2025-08-06 11:29:54,375 - DEBUG - UnitExtractor initialized with 85 unit mappings and 3 package patterns
2025-08-06 11:29:54,376 - ERROR - Failed to parse number 'خاکبرگ': [<class 'decimal.ConversionSyntax'>]
2025-08-06 11:29:54,376 - ERROR - Failed to parse number 'ترکیبی2و': [<class 'decimal.ConversionSyntax'>]
2025-08-06 11:29:54,376 - ERROR - Failed to parse number 'نیم': [<class 'decimal.ConversionSyntax'>]
2025-08-06 11:29:54,376 - ERROR - Failed to parse number 'لیتری': [<class 'decimal.ConversionSyntax'>]
2025-08-06 11:29:54,376 - ERROR - Failed to parse number 'ملکه': [<class 'decimal.ConversionSyntax'>]
2025-08-06 11:29:54,376 - INFO - No amount-unit match found in text: خاکبرگ ترکیبی2و نیم لیتری ملکه
2025-08-06 11:29:56,441 - DEBUG - UnitExtractor initialized with 85 unit mappings and 3 package patterns
2025-08-06 11:29:56,441 - DEBUG - Extracted 50 گرمی -> 0.050 kg
2025-08-06 11:29:58,340 - DEBUG - UnitExtractor initialized with 85 unit mappings and 3 package patterns
2025-08-06 11:29:58,341 - ERROR - Failed to parse number 'گل': [<class 'decimal.ConversionSyntax'>]
2025-08-06 11:29:58,341 - ERROR - Failed to parse number 'کاغذی': [<class 'decimal.ConversionSyntax'>]
2025-08-06 11:29:58,341 - ERROR - Failed to parse number 'بنفش': [<class 'decimal.ConversionSyntax'>]
2025-08-06 11:29:58,341 - ERROR - Failed to parse number 'قرمز': [<class 'decimal.ConversionSyntax'>]
2025-08-06 11:29:58,341 - ERROR - Failed to parse number 'سرخابی': [<class 'decimal.ConversionSyntax'>]
2025-08-06 11:29:58,341 - ERROR - Failed to parse number 'صورتی': [<class 'decimal.ConversionSyntax'>]
2025-08-06 11:29:58,341 - ERROR - Failed to parse number 'زرد': [<class 'decimal.ConversionSyntax'>]
2025-08-06 11:29:58,341 - ERROR - Failed to parse number 'سفید': [<class 'decimal.ConversionSyntax'>]
2025-08-06 11:29:58,341 - ERROR - Failed to parse number 'طبیعی': [<class 'decimal.ConversionSyntax'>]
2025-08-06 11:29:58,341 - ERROR - Failed to parse number 'ارتفاع': [<class 'decimal.ConversionSyntax'>]
2025-08-06 11:29:58,341 - ERROR - Failed to parse number 'حدود': [<class 'decimal.ConversionSyntax'>]
2025-08-06 11:29:58,341 - ERROR - Failed to parse number 'سانت': [<class 'decimal.ConversionSyntax'>]
2025-08-06 11:29:58,341 - ERROR - Failed to parse number 'از': [<class 'decimal.ConversionSyntax'>]
2025-08-06 11:29:58,341 - ERROR - Failed to parse number 'سطح': [<class 'decimal.ConversionSyntax'>]
2025-08-06 11:29:58,341 - ERROR - Failed to parse number 'خاک': [<class 'decimal.ConversionSyntax'>]
2025-08-06 11:29:58,341 - ERROR - Failed to parse number 'ارسال': [<class 'decimal.ConversionSyntax'>]
2025-08-06 11:29:58,341 - ERROR - Failed to parse number 'پسکرایه': [<class 'decimal.ConversionSyntax'>]
2025-08-06 11:29:58,341 - ERROR - Failed to parse number 'باربری': [<class 'decimal.ConversionSyntax'>]
2025-08-06 11:29:58,341 - ERROR - Failed to parse number 'با': [<class 'decimal.ConversionSyntax'>]
2025-08-06 11:29:58,341 - ERROR - Failed to parse number 'هزینه': [<class 'decimal.ConversionSyntax'>]
2025-08-06 11:29:58,341 - ERROR - Failed to parse number 'مشتری': [<class 'decimal.ConversionSyntax'>]
2025-08-06 11:29:58,341 - INFO - No amount-unit match found in text: گل کاغذی بنفش قرمز سرخابی صورتی زرد سفید طبیعی ارتفاع حدود 30 سانت از سطح خاک ارسال پسکرایه باربری با هزینه مشتری
2025-08-06 11:29:59,819 - DEBUG - UnitExtractor initialized with 85 unit mappings and 3 package patterns
2025-08-06 11:29:59,819 - DEBUG - Extracted 40 سی سی -> 0.040 kg
2025-08-06 11:30:01,244 - DEBUG - UnitExtractor initialized with 85 unit mappings and 3 package patterns
2025-08-06 11:30:01,244 - DEBUG - Extracted 3 لیتر -> 3.0 kg
2025-08-06 11:30:02,690 - DEBUG - UnitExtractor initialized with 85 unit mappings and 3 package patterns
2025-08-06 11:30:02,690 - ERROR - Failed to parse number 'کود': [<class 'decimal.ConversionSyntax'>]
2025-08-06 11:30:02,690 - ERROR - Failed to parse number 'گرانولی': [<class 'decimal.ConversionSyntax'>]
2025-08-06 11:30:02,690 - ERROR - Failed to parse number 'هیومیک': [<class 'decimal.ConversionSyntax'>]
2025-08-06 11:30:02,690 - ERROR - Failed to parse number 'و': [<class 'decimal.ConversionSyntax'>]
2025-08-06 11:30:02,690 - ERROR - Failed to parse number 'کربن': [<class 'decimal.ConversionSyntax'>]
2025-08-06 11:30:02,690 - ERROR - Failed to parse number 'آلی': [<class 'decimal.ConversionSyntax'>]
2025-08-06 11:30:02,690 - ERROR - Failed to parse number '،': [<class 'decimal.ConversionSyntax'>]
2025-08-06 11:30:02,690 - ERROR - Failed to parse number 'چالکود،مکمل': [<class 'decimal.ConversionSyntax'>]
2025-08-06 11:30:02,690 - ERROR - Failed to parse number 'گلدان،تقویت': [<class 'decimal.ConversionSyntax'>]
2025-08-06 11:30:02,690 - ERROR - Failed to parse number 'خاک': [<class 'decimal.ConversionSyntax'>]
2025-08-06 11:30:02,690 - ERROR - Failed to parse number 'باغ': [<class 'decimal.ConversionSyntax'>]
2025-08-06 11:30:02,690 - ERROR - Failed to parse number 'یک': [<class 'decimal.ConversionSyntax'>]
2025-08-06 11:30:02,690 - ERROR - Failed to parse number 'کیلو': [<class 'decimal.ConversionSyntax'>]
2025-08-06 11:30:02,690 - INFO - No amount-unit match found in text: کود گرانولی هیومیک و کربن آلی ، چالکود،مکمل گلدان،تقویت خاک باغ یک کیلو
2025-08-06 11:30:04,093 - DEBUG - UnitExtractor initialized with 85 unit mappings and 3 package patterns
2025-08-06 11:30:04,094 - ERROR - Failed to parse number 'قارچ': [<class 'decimal.ConversionSyntax'>]
2025-08-06 11:30:04,094 - ERROR - Failed to parse number 'کش': [<class 'decimal.ConversionSyntax'>]
2025-08-06 11:30:04,094 - ERROR - Failed to parse number 'کاربندازیم': [<class 'decimal.ConversionSyntax'>]
2025-08-06 11:30:04,094 - ERROR - Failed to parse number 'سیستمیک(آبیاری)قارچ': [<class 'decimal.ConversionSyntax'>]
2025-08-06 11:30:04,094 - ERROR - Failed to parse number 'کش': [<class 'decimal.ConversionSyntax'>]
2025-08-06 11:30:04,094 - ERROR - Failed to parse number 'و': [<class 'decimal.ConversionSyntax'>]
2025-08-06 11:30:04,094 - ERROR - Failed to parse number 'ضدعفونی': [<class 'decimal.ConversionSyntax'>]
2025-08-06 11:30:04,094 - ERROR - Failed to parse number 'خاک': [<class 'decimal.ConversionSyntax'>]
2025-08-06 11:30:04,094 - ERROR - Failed to parse number 'و': [<class 'decimal.ConversionSyntax'>]
2025-08-06 11:30:04,094 - ERROR - Failed to parse number 'ریشه': [<class 'decimal.ConversionSyntax'>]
2025-08-06 11:30:04,094 - ERROR - Failed to parse number 'گیاهان-سم': [<class 'decimal.ConversionSyntax'>]
2025-08-06 11:30:04,094 - ERROR - Failed to parse number 'قارچکش': [<class 'decimal.ConversionSyntax'>]
2025-08-06 11:30:04,094 - ERROR - Failed to parse number 'کاربندازیم-': [<class 'decimal.ConversionSyntax'>]
2025-08-06 11:30:04,094 - ERROR - Failed to parse number 'گیاهان': [<class 'decimal.ConversionSyntax'>]
2025-08-06 11:30:04,094 - ERROR - Failed to parse number 'آپارتمانی-': [<class 'decimal.ConversionSyntax'>]
2025-08-06 11:30:04,094 - ERROR - Failed to parse number 'گلدونه': [<class 'decimal.ConversionSyntax'>]
2025-08-06 11:30:04,094 - INFO - No amount-unit match found in text: قارچ کش کاربندازیم سیستمیک(آبیاری)قارچ کش و ضدعفونی خاک و ریشه گیاهان-سم قارچکش کاربندازیم- گیاهان آپارتمانی- گلدونه
2025-08-06 11:30:05,472 - DEBUG - UnitExtractor initialized with 85 unit mappings and 3 package patterns
2025-08-06 11:30:05,472 - DEBUG - Extracted 200 گرم -> 0.200 kg
2025-08-06 11:30:06,874 - DEBUG - UnitExtractor initialized with 85 unit mappings and 3 package patterns
2025-08-06 11:30:06,875 - ERROR - Failed to parse number 'ماسک': [<class 'decimal.ConversionSyntax'>]
2025-08-06 11:30:06,875 - ERROR - Failed to parse number 'خاک': [<class 'decimal.ConversionSyntax'>]
2025-08-06 11:30:06,875 - ERROR - Failed to parse number 'رس': [<class 'decimal.ConversionSyntax'>]
2025-08-06 11:30:06,875 - ERROR - Failed to parse number 'سفید،': [<class 'decimal.ConversionSyntax'>]
2025-08-06 11:30:06,875 - ERROR - Failed to parse number 'لایه': [<class 'decimal.ConversionSyntax'>]
2025-08-06 11:30:06,875 - ERROR - Failed to parse number 'بردار،': [<class 'decimal.ConversionSyntax'>]
2025-08-06 11:30:06,875 - ERROR - Failed to parse number 'سفید': [<class 'decimal.ConversionSyntax'>]
2025-08-06 11:30:06,875 - ERROR - Failed to parse number 'کننده': [<class 'decimal.ConversionSyntax'>]
2025-08-06 11:30:06,875 - ERROR - Failed to parse number 'و': [<class 'decimal.ConversionSyntax'>]
2025-08-06 11:30:06,875 - ERROR - Failed to parse number 'روشن': [<class 'decimal.ConversionSyntax'>]
2025-08-06 11:30:06,875 - ERROR - Failed to parse number 'کننده': [<class 'decimal.ConversionSyntax'>]
2025-08-06 11:30:06,875 - ERROR - Failed to parse number 'پوست،': [<class 'decimal.ConversionSyntax'>]
2025-08-06 11:30:06,875 - ERROR - Failed to parse number 'پاکسازی': [<class 'decimal.ConversionSyntax'>]
2025-08-06 11:30:06,875 - ERROR - Failed to parse number 'منافذ': [<class 'decimal.ConversionSyntax'>]
2025-08-06 11:30:06,875 - ERROR - Failed to parse number 'و': [<class 'decimal.ConversionSyntax'>]
2025-08-06 11:30:06,875 - ERROR - Failed to parse number 'از': [<class 'decimal.ConversionSyntax'>]
2025-08-06 11:30:06,875 - ERROR - Failed to parse number 'بین': [<class 'decimal.ConversionSyntax'>]
2025-08-06 11:30:06,875 - ERROR - Failed to parse number 'برنده': [<class 'decimal.ConversionSyntax'>]
2025-08-06 11:30:06,875 - ERROR - Failed to parse number 'چربی': [<class 'decimal.ConversionSyntax'>]
2025-08-06 11:30:06,875 - ERROR - Failed to parse number 'اضافی': [<class 'decimal.ConversionSyntax'>]
2025-08-06 11:30:06,875 - ERROR - Failed to parse number 'پوست': [<class 'decimal.ConversionSyntax'>]
2025-08-06 11:30:06,875 - INFO - No amount-unit match found in text: ماسک خاک رس سفید، لایه بردار، سفید کننده و روشن کننده پوست، پاکسازی منافذ و از بین برنده چربی اضافی پوست
2025-08-06 11:30:08,244 - DEBUG - UnitExtractor initialized with 85 unit mappings and 3 package patterns
2025-08-06 11:30:08,244 - ERROR - Failed to parse number 'برچسب': [<class 'decimal.ConversionSyntax'>]
2025-08-06 11:30:08,244 - ERROR - Failed to parse number 'خاک': [<class 'decimal.ConversionSyntax'>]
2025-08-06 11:30:08,244 - ERROR - Failed to parse number 'باش': [<class 'decimal.ConversionSyntax'>]
2025-08-06 11:30:08,244 - INFO - No amount-unit match found in text: برچسب خاک باش
2025-08-06 11:30:09,628 - DEBUG - UnitExtractor initialized with 85 unit mappings and 3 package patterns
2025-08-06 11:30:09,628 - DEBUG - Extracted 5 لیتری -> 5.0 kg
2025-08-06 11:30:11,066 - DEBUG - UnitExtractor initialized with 85 unit mappings and 3 package patterns
2025-08-06 11:30:11,066 - DEBUG - Extracted 100 گرمی -> 0.100 kg
2025-08-06 11:30:12,758 - DEBUG - UnitExtractor initialized with 85 unit mappings and 3 package patterns
2025-08-06 11:30:12,758 - DEBUG - Extracted 50 گرمی -> 0.050 kg
2025-08-06 11:30:14,209 - DEBUG - UnitExtractor initialized with 85 unit mappings and 3 package patterns
2025-08-06 11:30:14,209 - DEBUG - Extracted 50 گرمی -> 0.050 kg
2025-08-06 11:30:15,651 - DEBUG - UnitExtractor initialized with 85 unit mappings and 3 package patterns
2025-08-06 11:30:15,651 - DEBUG - Extracted 50 گرمی -> 0.050 kg
2025-08-06 11:30:17,030 - DEBUG - UnitExtractor initialized with 85 unit mappings and 3 package patterns
2025-08-06 11:30:17,031 - DEBUG - Extracted 50 گرمی -> 0.050 kg
2025-08-06 11:30:18,535 - DEBUG - UnitExtractor initialized with 85 unit mappings and 3 package patterns
2025-08-06 11:30:18,535 - ERROR - Failed to parse number 'بیس': [<class 'decimal.ConversionSyntax'>]
2025-08-06 11:30:18,535 - ERROR - Failed to parse number 'خاک': [<class 'decimal.ConversionSyntax'>]
2025-08-06 11:30:18,535 - ERROR - Failed to parse number 'گل': [<class 'decimal.ConversionSyntax'>]
2025-08-06 11:30:18,535 - INFO - No amount-unit match found in text: بیس خاک گل
2025-08-06 11:30:20,101 - DEBUG - UnitExtractor initialized with 85 unit mappings and 3 package patterns
2025-08-06 11:30:20,101 - ERROR - Failed to parse number 'خزه': [<class 'decimal.ConversionSyntax'>]
2025-08-06 11:30:20,101 - ERROR - Failed to parse number 'اسپانیایی': [<class 'decimal.ConversionSyntax'>]
2025-08-06 11:30:20,101 - ERROR - Failed to parse number 'بدون': [<class 'decimal.ConversionSyntax'>]
2025-08-06 11:30:20,101 - ERROR - Failed to parse number 'نیاز': [<class 'decimal.ConversionSyntax'>]
2025-08-06 11:30:20,101 - ERROR - Failed to parse number 'به': [<class 'decimal.ConversionSyntax'>]
2025-08-06 11:30:20,101 - ERROR - Failed to parse number 'خاک': [<class 'decimal.ConversionSyntax'>]
2025-08-06 11:30:20,101 - INFO - No amount-unit match found in text: خزه اسپانیایی بدون نیاز به خاک
2025-08-06 11:30:21,541 - DEBUG - UnitExtractor initialized with 85 unit mappings and 3 package patterns
2025-08-06 11:30:21,541 - ERROR - Failed to parse number 'کود': [<class 'decimal.ConversionSyntax'>]
2025-08-06 11:30:21,541 - ERROR - Failed to parse number 'مایع': [<class 'decimal.ConversionSyntax'>]
2025-08-06 11:30:21,541 - ERROR - Failed to parse number 'اصلاح': [<class 'decimal.ConversionSyntax'>]
2025-08-06 11:30:21,541 - ERROR - Failed to parse number 'کننده': [<class 'decimal.ConversionSyntax'>]
2025-08-06 11:30:21,541 - ERROR - Failed to parse number 'اسیدیسیته': [<class 'decimal.ConversionSyntax'>]
2025-08-06 11:30:21,542 - ERROR - Failed to parse number 'و': [<class 'decimal.ConversionSyntax'>]
2025-08-06 11:30:21,542 - ERROR - Failed to parse number 'رفع': [<class 'decimal.ConversionSyntax'>]
2025-08-06 11:30:21,542 - ERROR - Failed to parse number 'سختی': [<class 'decimal.ConversionSyntax'>]
2025-08-06 11:30:21,542 - ERROR - Failed to parse number 'آب': [<class 'decimal.ConversionSyntax'>]
2025-08-06 11:30:21,542 - ERROR - Failed to parse number 'و': [<class 'decimal.ConversionSyntax'>]
2025-08-06 11:30:21,542 - ERROR - Failed to parse number 'خاک': [<class 'decimal.ConversionSyntax'>]
2025-08-06 11:30:21,542 - ERROR - Failed to parse number 'کشاورزی': [<class 'decimal.ConversionSyntax'>]
2025-08-06 11:30:21,542 - ERROR - Failed to parse number 'ریگولتور': [<class 'decimal.ConversionSyntax'>]
2025-08-06 11:30:21,542 - ERROR - Failed to parse number 'یک': [<class 'decimal.ConversionSyntax'>]
2025-08-06 11:30:21,542 - ERROR - Failed to parse number 'لیتری(ارسال': [<class 'decimal.ConversionSyntax'>]
2025-08-06 11:30:21,542 - ERROR - Failed to parse number 'با': [<class 'decimal.ConversionSyntax'>]
2025-08-06 11:30:21,542 - ERROR - Failed to parse number 'باربری': [<class 'decimal.ConversionSyntax'>]
2025-08-06 11:30:21,542 - ERROR - Failed to parse number 'و': [<class 'decimal.ConversionSyntax'>]
2025-08-06 11:30:21,542 - ERROR - Failed to parse number 'به': [<class 'decimal.ConversionSyntax'>]
2025-08-06 11:30:21,542 - ERROR - Failed to parse number 'صورت': [<class 'decimal.ConversionSyntax'>]
2025-08-06 11:30:21,542 - ERROR - Failed to parse number 'پس': [<class 'decimal.ConversionSyntax'>]
2025-08-06 11:30:21,542 - ERROR - Failed to parse number 'کرایه)': [<class 'decimal.ConversionSyntax'>]
2025-08-06 11:30:21,542 - INFO - No amount-unit match found in text: کود مایع اصلاح کننده اسیدیسیته و رفع سختی آب و خاک کشاورزی ریگولتور یک لیتری(ارسال با باربری و به صورت پس کرایه)
2025-08-06 11:30:22,915 - DEBUG - UnitExtractor initialized with 85 unit mappings and 3 package patterns
2025-08-06 11:30:22,915 - ERROR - Failed to parse number 'ماسک': [<class 'decimal.ConversionSyntax'>]
2025-08-06 11:30:22,915 - ERROR - Failed to parse number 'صورت': [<class 'decimal.ConversionSyntax'>]
2025-08-06 11:30:22,915 - ERROR - Failed to parse number 'خاک': [<class 'decimal.ConversionSyntax'>]
2025-08-06 11:30:22,915 - ERROR - Failed to parse number 'رس': [<class 'decimal.ConversionSyntax'>]
2025-08-06 11:30:22,915 - ERROR - Failed to parse number 'قرمز،': [<class 'decimal.ConversionSyntax'>]
2025-08-06 11:30:22,915 - ERROR - Failed to parse number 'لایه': [<class 'decimal.ConversionSyntax'>]
2025-08-06 11:30:22,915 - ERROR - Failed to parse number 'بردار،': [<class 'decimal.ConversionSyntax'>]
2025-08-06 11:30:22,915 - ERROR - Failed to parse number 'سفید': [<class 'decimal.ConversionSyntax'>]
2025-08-06 11:30:22,915 - ERROR - Failed to parse number 'کننده': [<class 'decimal.ConversionSyntax'>]
2025-08-06 11:30:22,915 - ERROR - Failed to parse number 'و': [<class 'decimal.ConversionSyntax'>]
2025-08-06 11:30:22,915 - ERROR - Failed to parse number 'روشن': [<class 'decimal.ConversionSyntax'>]
2025-08-06 11:30:22,915 - ERROR - Failed to parse number 'کننده': [<class 'decimal.ConversionSyntax'>]
2025-08-06 11:30:22,915 - ERROR - Failed to parse number 'پوست،': [<class 'decimal.ConversionSyntax'>]
2025-08-06 11:30:22,915 - ERROR - Failed to parse number 'افزایش': [<class 'decimal.ConversionSyntax'>]
2025-08-06 11:30:22,915 - ERROR - Failed to parse number 'گردش': [<class 'decimal.ConversionSyntax'>]
2025-08-06 11:30:22,915 - ERROR - Failed to parse number 'خون،': [<class 'decimal.ConversionSyntax'>]
2025-08-06 11:30:22,915 - ERROR - Failed to parse number 'از': [<class 'decimal.ConversionSyntax'>]
2025-08-06 11:30:22,915 - ERROR - Failed to parse number 'بین': [<class 'decimal.ConversionSyntax'>]
2025-08-06 11:30:22,915 - ERROR - Failed to parse number 'برنده': [<class 'decimal.ConversionSyntax'>]
2025-08-06 11:30:22,915 - ERROR - Failed to parse number 'آکنه': [<class 'decimal.ConversionSyntax'>]
2025-08-06 11:30:22,915 - ERROR - Failed to parse number 'و': [<class 'decimal.ConversionSyntax'>]
2025-08-06 11:30:22,915 - ERROR - Failed to parse number 'جوش': [<class 'decimal.ConversionSyntax'>]
2025-08-06 11:30:22,915 - ERROR - Failed to parse number 'های': [<class 'decimal.ConversionSyntax'>]
2025-08-06 11:30:22,915 - ERROR - Failed to parse number 'قرمز': [<class 'decimal.ConversionSyntax'>]
2025-08-06 11:30:22,915 - INFO - No amount-unit match found in text: ماسک صورت خاک رس قرمز، لایه بردار، سفید کننده و روشن کننده پوست، افزایش گردش خون، از بین برنده آکنه و جوش های قرمز
2025-08-06 11:30:24,440 - DEBUG - UnitExtractor initialized with 85 unit mappings and 3 package patterns
2025-08-06 11:30:24,440 - DEBUG - Extracted 500 گرمی -> 0.500 kg
2025-08-06 11:30:26,062 - DEBUG - UnitExtractor initialized with 85 unit mappings and 3 package patterns
2025-08-06 11:30:26,062 - ERROR - Failed to parse number 'شاهتره': [<class 'decimal.ConversionSyntax'>]
2025-08-06 11:30:26,062 - ERROR - Failed to parse number 'تمیز': [<class 'decimal.ConversionSyntax'>]
2025-08-06 11:30:26,062 - ERROR - Failed to parse number 'خشک': [<class 'decimal.ConversionSyntax'>]
2025-08-06 11:30:26,062 - ERROR - Failed to parse number 'شده': [<class 'decimal.ConversionSyntax'>]
2025-08-06 11:30:26,062 - ERROR - Failed to parse number 'امسالی': [<class 'decimal.ConversionSyntax'>]
2025-08-06 11:30:26,062 - ERROR - Failed to parse number 'بدون': [<class 'decimal.ConversionSyntax'>]
2025-08-06 11:30:26,062 - ERROR - Failed to parse number 'خاک': [<class 'decimal.ConversionSyntax'>]
2025-08-06 11:30:26,062 - ERROR - Failed to parse number 'نیم': [<class 'decimal.ConversionSyntax'>]
2025-08-06 11:30:26,062 - ERROR - Failed to parse number 'کیلویی': [<class 'decimal.ConversionSyntax'>]
2025-08-06 11:30:26,062 - INFO - No amount-unit match found in text: شاهتره تمیز خشک شده امسالی بدون خاک نیم کیلویی
2025-08-06 11:30:27,586 - DEBUG - UnitExtractor initialized with 85 unit mappings and 3 package patterns
2025-08-06 11:30:27,586 - ERROR - Failed to parse number 'گل': [<class 'decimal.ConversionSyntax'>]
2025-08-06 11:30:27,586 - ERROR - Failed to parse number 'آپارتمانی': [<class 'decimal.ConversionSyntax'>]
2025-08-06 11:30:27,586 - ERROR - Failed to parse number 'سینگونیوم': [<class 'decimal.ConversionSyntax'>]
2025-08-06 11:30:27,586 - ERROR - Failed to parse number 'مسی': [<class 'decimal.ConversionSyntax'>]
2025-08-06 11:30:27,586 - ERROR - Failed to parse number 'کلکسیونی': [<class 'decimal.ConversionSyntax'>]
2025-08-06 11:30:27,586 - ERROR - Failed to parse number 'خاک': [<class 'decimal.ConversionSyntax'>]
2025-08-06 11:30:27,587 - ERROR - Failed to parse number 'استریل': [<class 'decimal.ConversionSyntax'>]
2025-08-06 11:30:27,587 - ERROR - Failed to parse number 'و': [<class 'decimal.ConversionSyntax'>]
2025-08-06 11:30:27,587 - ERROR - Failed to parse number 'گلدان': [<class 'decimal.ConversionSyntax'>]
2025-08-06 11:30:27,587 - ERROR - Failed to parse number 'سفید': [<class 'decimal.ConversionSyntax'>]
2025-08-06 11:30:27,587 - INFO - No amount-unit match found in text: گل آپارتمانی سینگونیوم مسی کلکسیونی خاک استریل و گلدان سفید
2025-08-06 11:30:29,134 - DEBUG - UnitExtractor initialized with 85 unit mappings and 3 package patterns
2025-08-06 11:30:29,134 - ERROR - Failed to parse number 'نخل': [<class 'decimal.ConversionSyntax'>]
2025-08-06 11:30:29,134 - ERROR - Failed to parse number 'شامادورا': [<class 'decimal.ConversionSyntax'>]
2025-08-06 11:30:29,134 - ERROR - Failed to parse number 'خاک': [<class 'decimal.ConversionSyntax'>]
2025-08-06 11:30:29,134 - ERROR - Failed to parse number 'استریل': [<class 'decimal.ConversionSyntax'>]
2025-08-06 11:30:29,134 - ERROR - Failed to parse number 'گلدان': [<class 'decimal.ConversionSyntax'>]
2025-08-06 11:30:29,134 - ERROR - Failed to parse number 'سفید': [<class 'decimal.ConversionSyntax'>]
2025-08-06 11:30:29,134 - INFO - No amount-unit match found in text: نخل شامادورا خاک استریل گلدان سفید
2025-08-06 11:30:30,844 - DEBUG - UnitExtractor initialized with 85 unit mappings and 3 package patterns
2025-08-06 11:30:30,844 - ERROR - Failed to parse number 'گل': [<class 'decimal.ConversionSyntax'>]
2025-08-06 11:30:30,844 - ERROR - Failed to parse number 'دراماسیس': [<class 'decimal.ConversionSyntax'>]
2025-08-06 11:30:30,844 - ERROR - Failed to parse number 'خاک': [<class 'decimal.ConversionSyntax'>]
2025-08-06 11:30:30,844 - ERROR - Failed to parse number 'استریل': [<class 'decimal.ConversionSyntax'>]
2025-08-06 11:30:30,844 - ERROR - Failed to parse number 'و': [<class 'decimal.ConversionSyntax'>]
2025-08-06 11:30:30,844 - ERROR - Failed to parse number 'گلدان': [<class 'decimal.ConversionSyntax'>]
2025-08-06 11:30:30,844 - ERROR - Failed to parse number 'سفید': [<class 'decimal.ConversionSyntax'>]
2025-08-06 11:30:30,844 - INFO - No amount-unit match found in text: گل دراماسیس خاک استریل و گلدان سفید
2025-08-06 11:30:32,415 - DEBUG - UnitExtractor initialized with 85 unit mappings and 3 package patterns
2025-08-06 11:30:32,415 - ERROR - Failed to parse number 'گل': [<class 'decimal.ConversionSyntax'>]
2025-08-06 11:30:32,415 - ERROR - Failed to parse number 'آپارتمانی': [<class 'decimal.ConversionSyntax'>]
2025-08-06 11:30:32,415 - ERROR - Failed to parse number 'آگلونما': [<class 'decimal.ConversionSyntax'>]
2025-08-06 11:30:32,415 - ERROR - Failed to parse number 'برفی': [<class 'decimal.ConversionSyntax'>]
2025-08-06 11:30:32,415 - ERROR - Failed to parse number 'غلافه': [<class 'decimal.ConversionSyntax'>]
2025-08-06 11:30:32,415 - ERROR - Failed to parse number 'گلدان': [<class 'decimal.ConversionSyntax'>]
2025-08-06 11:30:32,415 - ERROR - Failed to parse number 'سفید': [<class 'decimal.ConversionSyntax'>]
2025-08-06 11:30:32,415 - ERROR - Failed to parse number 'خاک': [<class 'decimal.ConversionSyntax'>]
2025-08-06 11:30:32,415 - ERROR - Failed to parse number 'پرغوب': [<class 'decimal.ConversionSyntax'>]
2025-08-06 11:30:32,415 - ERROR - Failed to parse number 'و': [<class 'decimal.ConversionSyntax'>]
2025-08-06 11:30:32,415 - ERROR - Failed to parse number 'استریل': [<class 'decimal.ConversionSyntax'>]
2025-08-06 11:30:32,415 - INFO - No amount-unit match found in text: گل آپارتمانی آگلونما برفی 3 غلافه گلدان سفید خاک پرغوب و استریل
2025-08-06 11:30:33,911 - DEBUG - UnitExtractor initialized with 85 unit mappings and 3 package patterns
2025-08-06 11:30:33,912 - ERROR - Failed to parse number 'زاموفیلیا': [<class 'decimal.ConversionSyntax'>]
2025-08-06 11:30:33,912 - ERROR - Failed to parse number 'سبز': [<class 'decimal.ConversionSyntax'>]
2025-08-06 11:30:33,912 - ERROR - Failed to parse number 'نشایی': [<class 'decimal.ConversionSyntax'>]
2025-08-06 11:30:33,912 - ERROR - Failed to parse number 'دو': [<class 'decimal.ConversionSyntax'>]
2025-08-06 11:30:33,912 - ERROR - Failed to parse number 'بوته': [<class 'decimal.ConversionSyntax'>]
2025-08-06 11:30:33,912 - ERROR - Failed to parse number 'خاک': [<class 'decimal.ConversionSyntax'>]
2025-08-06 11:30:33,912 - ERROR - Failed to parse number 'استریل': [<class 'decimal.ConversionSyntax'>]
2025-08-06 11:30:33,912 - INFO - No amount-unit match found in text: زاموفیلیا سبز نشایی دو بوته خاک استریل
2025-08-06 11:30:35,415 - DEBUG - UnitExtractor initialized with 85 unit mappings and 3 package patterns
2025-08-06 11:30:35,415 - ERROR - Failed to parse number 'گل': [<class 'decimal.ConversionSyntax'>]
2025-08-06 11:30:35,415 - ERROR - Failed to parse number 'آپارتمانی': [<class 'decimal.ConversionSyntax'>]
2025-08-06 11:30:35,415 - ERROR - Failed to parse number 'زاموفیلیا': [<class 'decimal.ConversionSyntax'>]
2025-08-06 11:30:35,415 - ERROR - Failed to parse number 'بلک': [<class 'decimal.ConversionSyntax'>]
2025-08-06 11:30:35,415 - ERROR - Failed to parse number 'خاک': [<class 'decimal.ConversionSyntax'>]
2025-08-06 11:30:35,415 - ERROR - Failed to parse number 'استریل': [<class 'decimal.ConversionSyntax'>]
2025-08-06 11:30:35,415 - ERROR - Failed to parse number 'و': [<class 'decimal.ConversionSyntax'>]
2025-08-06 11:30:35,415 - ERROR - Failed to parse number 'مرغوب': [<class 'decimal.ConversionSyntax'>]
2025-08-06 11:30:35,415 - ERROR - Failed to parse number 'گلدان': [<class 'decimal.ConversionSyntax'>]
2025-08-06 11:30:35,415 - ERROR - Failed to parse number 'سفید': [<class 'decimal.ConversionSyntax'>]
2025-08-06 11:30:35,415 - INFO - No amount-unit match found in text: گل آپارتمانی زاموفیلیا بلک خاک استریل و مرغوب گلدان سفید
2025-08-06 11:30:36,914 - DEBUG - UnitExtractor initialized with 85 unit mappings and 3 package patterns
2025-08-06 11:30:36,914 - ERROR - Failed to parse number 'گل': [<class 'decimal.ConversionSyntax'>]
2025-08-06 11:30:36,915 - ERROR - Failed to parse number 'آپارتمانی': [<class 'decimal.ConversionSyntax'>]
2025-08-06 11:30:36,915 - ERROR - Failed to parse number 'اسکاندیس': [<class 'decimal.ConversionSyntax'>]
2025-08-06 11:30:36,915 - ERROR - Failed to parse number 'ابلق': [<class 'decimal.ConversionSyntax'>]
2025-08-06 11:30:36,915 - ERROR - Failed to parse number 'خاک': [<class 'decimal.ConversionSyntax'>]
2025-08-06 11:30:36,915 - ERROR - Failed to parse number 'استریل': [<class 'decimal.ConversionSyntax'>]
2025-08-06 11:30:36,915 - ERROR - Failed to parse number 'و': [<class 'decimal.ConversionSyntax'>]
2025-08-06 11:30:36,915 - ERROR - Failed to parse number 'گلدان': [<class 'decimal.ConversionSyntax'>]
2025-08-06 11:30:36,915 - ERROR - Failed to parse number 'سفید': [<class 'decimal.ConversionSyntax'>]
2025-08-06 11:30:36,915 - INFO - No amount-unit match found in text: گل آپارتمانی اسکاندیس ابلق خاک استریل و گلدان سفید
2025-08-06 11:30:38,347 - DEBUG - UnitExtractor initialized with 85 unit mappings and 3 package patterns
2025-08-06 11:30:38,348 - ERROR - Failed to parse number 'دیفن': [<class 'decimal.ConversionSyntax'>]
2025-08-06 11:30:38,348 - ERROR - Failed to parse number 'باخیا': [<class 'decimal.ConversionSyntax'>]
2025-08-06 11:30:38,348 - ERROR - Failed to parse number 'بزرگ': [<class 'decimal.ConversionSyntax'>]
2025-08-06 11:30:38,348 - ERROR - Failed to parse number 'با': [<class 'decimal.ConversionSyntax'>]
2025-08-06 11:30:38,348 - ERROR - Failed to parse number 'خاک': [<class 'decimal.ConversionSyntax'>]
2025-08-06 11:30:38,348 - ERROR - Failed to parse number 'استریل': [<class 'decimal.ConversionSyntax'>]
2025-08-06 11:30:38,348 - ERROR - Failed to parse number 'مخصوص': [<class 'decimal.ConversionSyntax'>]
2025-08-06 11:30:38,348 - ERROR - Failed to parse number 'هدیه': [<class 'decimal.ConversionSyntax'>]
2025-08-06 11:30:38,348 - ERROR - Failed to parse number 'غول': [<class 'decimal.ConversionSyntax'>]
2025-08-06 11:30:38,348 - ERROR - Failed to parse number 'پیکر': [<class 'decimal.ConversionSyntax'>]
2025-08-06 11:30:38,348 - INFO - No amount-unit match found in text: دیفن باخیا بزرگ با خاک استریل مخصوص هدیه غول پیکر
2025-08-06 11:30:39,800 - DEBUG - UnitExtractor initialized with 85 unit mappings and 3 package patterns
2025-08-06 11:30:39,800 - ERROR - Failed to parse number 'پرلیت': [<class 'decimal.ConversionSyntax'>]
2025-08-06 11:30:39,800 - ERROR - Failed to parse number 'کشاورزی': [<class 'decimal.ConversionSyntax'>]
2025-08-06 11:30:39,800 - ERROR - Failed to parse number 'مخصوص': [<class 'decimal.ConversionSyntax'>]
2025-08-06 11:30:39,800 - ERROR - Failed to parse number 'قلمه': [<class 'decimal.ConversionSyntax'>]
2025-08-06 11:30:39,800 - ERROR - Failed to parse number 'و': [<class 'decimal.ConversionSyntax'>]
2025-08-06 11:30:39,800 - ERROR - Failed to parse number 'مخلوط': [<class 'decimal.ConversionSyntax'>]
2025-08-06 11:30:39,800 - ERROR - Failed to parse number 'خاک.': [<class 'decimal.ConversionSyntax'>]
2025-08-06 11:30:39,800 - ERROR - Failed to parse number 'بسته': [<class 'decimal.ConversionSyntax'>]
2025-08-06 11:30:39,800 - ERROR - Failed to parse number 'سه': [<class 'decimal.ConversionSyntax'>]
2025-08-06 11:30:39,800 - ERROR - Failed to parse number 'لیتری': [<class 'decimal.ConversionSyntax'>]
2025-08-06 11:30:39,800 - ERROR - Failed to parse number '.': [<class 'decimal.ConversionSyntax'>]
2025-08-06 11:30:39,801 - ERROR - Failed to parse number 'ارسال': [<class 'decimal.ConversionSyntax'>]
2025-08-06 11:30:39,801 - ERROR - Failed to parse number 'با': [<class 'decimal.ConversionSyntax'>]
2025-08-06 11:30:39,801 - ERROR - Failed to parse number 'پست،': [<class 'decimal.ConversionSyntax'>]
2025-08-06 11:30:39,801 - ERROR - Failed to parse number 'تیپاکس': [<class 'decimal.ConversionSyntax'>]
2025-08-06 11:30:39,801 - ERROR - Failed to parse number 'یا': [<class 'decimal.ConversionSyntax'>]
2025-08-06 11:30:39,801 - ERROR - Failed to parse number 'چاپار': [<class 'decimal.ConversionSyntax'>]
2025-08-06 11:30:39,801 - ERROR - Failed to parse number 'انجام،': [<class 'decimal.ConversionSyntax'>]
2025-08-06 11:30:39,801 - ERROR - Failed to parse number 'هزینه': [<class 'decimal.ConversionSyntax'>]
2025-08-06 11:30:39,801 - ERROR - Failed to parse number 'با': [<class 'decimal.ConversionSyntax'>]
2025-08-06 11:30:39,801 - ERROR - Failed to parse number 'مشتری': [<class 'decimal.ConversionSyntax'>]
2025-08-06 11:30:39,801 - ERROR - Failed to parse number 'و': [<class 'decimal.ConversionSyntax'>]
2025-08-06 11:30:39,801 - ERROR - Failed to parse number 'پسکرایه': [<class 'decimal.ConversionSyntax'>]
2025-08-06 11:30:39,801 - INFO - No amount-unit match found in text: پرلیت کشاورزی مخصوص قلمه و مخلوط خاک. بسته سه لیتری . ارسال با پست، تیپاکس یا چاپار انجام، هزینه با مشتری و پسکرایه
2025-08-06 11:30:41,241 - DEBUG - UnitExtractor initialized with 85 unit mappings and 3 package patterns
2025-08-06 11:30:41,241 - ERROR - Failed to parse number 'سم': [<class 'decimal.ConversionSyntax'>]
2025-08-06 11:30:41,241 - ERROR - Failed to parse number 'مخصوص': [<class 'decimal.ConversionSyntax'>]
2025-08-06 11:30:41,241 - ERROR - Failed to parse number 'حشرات': [<class 'decimal.ConversionSyntax'>]
2025-08-06 11:30:41,241 - ERROR - Failed to parse number 'خاک': [<class 'decimal.ConversionSyntax'>]
2025-08-06 11:30:41,241 - ERROR - Failed to parse number 'گلدان': [<class 'decimal.ConversionSyntax'>]
2025-08-06 11:30:41,241 - ERROR - Failed to parse number '..': [<class 'decimal.ConversionSyntax'>]
2025-08-06 11:30:41,241 - INFO - No amount-unit match found in text: سم مخصوص حشرات خاک گلدان ..
2025-08-06 11:30:42,695 - DEBUG - UnitExtractor initialized with 85 unit mappings and 3 package patterns
2025-08-06 11:30:42,695 - DEBUG - Extracted 10 لیتری -> 10.0 kg
2025-08-06 11:30:44,133 - DEBUG - UnitExtractor initialized with 85 unit mappings and 3 package patterns
2025-08-06 11:30:44,133 - DEBUG - Extracted 5 لیتری -> 5.0 kg
2025-08-06 11:30:45,584 - DEBUG - UnitExtractor initialized with 85 unit mappings and 3 package patterns
2025-08-06 11:30:45,584 - ERROR - Failed to parse number 'سانسوریا': [<class 'decimal.ConversionSyntax'>]
2025-08-06 11:30:45,584 - ERROR - Failed to parse number 'لیلنتروم': [<class 'decimal.ConversionSyntax'>]
2025-08-06 11:30:45,584 - ERROR - Failed to parse number 'دو': [<class 'decimal.ConversionSyntax'>]
2025-08-06 11:30:45,584 - ERROR - Failed to parse number 'بوته': [<class 'decimal.ConversionSyntax'>]
2025-08-06 11:30:45,584 - ERROR - Failed to parse number 'مادری': [<class 'decimal.ConversionSyntax'>]
2025-08-06 11:30:45,584 - ERROR - Failed to parse number 'با': [<class 'decimal.ConversionSyntax'>]
2025-08-06 11:30:45,584 - ERROR - Failed to parse number 'یک': [<class 'decimal.ConversionSyntax'>]
2025-08-06 11:30:45,584 - ERROR - Failed to parse number 'پاجوش': [<class 'decimal.ConversionSyntax'>]
2025-08-06 11:30:45,584 - ERROR - Failed to parse number 'روی': [<class 'decimal.ConversionSyntax'>]
2025-08-06 11:30:45,584 - ERROR - Failed to parse number 'خاک': [<class 'decimal.ConversionSyntax'>]
2025-08-06 11:30:45,584 - INFO - No amount-unit match found in text: سانسوریا لیلنتروم دو بوته مادری با یک پاجوش روی خاک
2025-08-06 11:30:47,002 - DEBUG - UnitExtractor initialized with 85 unit mappings and 3 package patterns
2025-08-06 11:30:47,003 - ERROR - Failed to parse number 'سانسوریا': [<class 'decimal.ConversionSyntax'>]
2025-08-06 11:30:47,003 - ERROR - Failed to parse number 'ابرورین': [<class 'decimal.ConversionSyntax'>]
2025-08-06 11:30:47,003 - ERROR - Failed to parse number 'اسوورد': [<class 'decimal.ConversionSyntax'>]
2025-08-06 11:30:47,003 - ERROR - Failed to parse number 'گیاه': [<class 'decimal.ConversionSyntax'>]
2025-08-06 11:30:47,003 - ERROR - Failed to parse number 'مادری': [<class 'decimal.ConversionSyntax'>]
2025-08-06 11:30:47,003 - ERROR - Failed to parse number 'ریش': [<class 'decimal.ConversionSyntax'>]
2025-08-06 11:30:47,003 - ERROR - Failed to parse number 'پر': [<class 'decimal.ConversionSyntax'>]
2025-08-06 11:30:47,003 - ERROR - Failed to parse number 'با': [<class 'decimal.ConversionSyntax'>]
2025-08-06 11:30:47,003 - ERROR - Failed to parse number 'پاجوش': [<class 'decimal.ConversionSyntax'>]
2025-08-06 11:30:47,003 - ERROR - Failed to parse number 'روی': [<class 'decimal.ConversionSyntax'>]
2025-08-06 11:30:47,003 - ERROR - Failed to parse number 'خاک': [<class 'decimal.ConversionSyntax'>]
2025-08-06 11:30:47,003 - INFO - No amount-unit match found in text: سانسوریا ابرورین اسوورد گیاه مادری ریش پر با پاجوش روی خاک
2025-08-06 11:30:48,392 - DEBUG - UnitExtractor initialized with 85 unit mappings and 3 package patterns
2025-08-06 11:30:48,392 - ERROR - Failed to parse number 'ماسک': [<class 'decimal.ConversionSyntax'>]
2025-08-06 11:30:48,392 - ERROR - Failed to parse number 'صورت': [<class 'decimal.ConversionSyntax'>]
2025-08-06 11:30:48,392 - ERROR - Failed to parse number 'خاک': [<class 'decimal.ConversionSyntax'>]
2025-08-06 11:30:48,392 - ERROR - Failed to parse number 'رس': [<class 'decimal.ConversionSyntax'>]
2025-08-06 11:30:48,392 - ERROR - Failed to parse number 'سفید': [<class 'decimal.ConversionSyntax'>]
2025-08-06 11:30:48,392 - ERROR - Failed to parse number 'پاکتی': [<class 'decimal.ConversionSyntax'>]
2025-08-06 11:30:48,392 - ERROR - Failed to parse number 'دو': [<class 'decimal.ConversionSyntax'>]
2025-08-06 11:30:48,392 - ERROR - Failed to parse number 'منظوره': [<class 'decimal.ConversionSyntax'>]
2025-08-06 11:30:48,392 - ERROR - Failed to parse number '(روشن': [<class 'decimal.ConversionSyntax'>]
2025-08-06 11:30:48,392 - ERROR - Failed to parse number 'کننده)': [<class 'decimal.ConversionSyntax'>]
2025-08-06 11:30:48,392 - INFO - No amount-unit match found in text: ماسک صورت خاک رس سفید پاکتی دو منظوره (روشن کننده)
2025-08-06 11:30:49,883 - DEBUG - UnitExtractor initialized with 85 unit mappings and 3 package patterns
2025-08-06 11:30:49,883 - ERROR - Failed to parse number 'گیاه': [<class 'decimal.ConversionSyntax'>]
2025-08-06 11:30:49,883 - ERROR - Failed to parse number 'سانسوریا،مدل': [<class 'decimal.ConversionSyntax'>]
2025-08-06 11:30:49,883 - ERROR - Failed to parse number 'پوست': [<class 'decimal.ConversionSyntax'>]
2025-08-06 11:30:49,883 - ERROR - Failed to parse number 'ماری،خاص،ارتفاع': [<class 'decimal.ConversionSyntax'>]
2025-08-06 11:30:49,883 - ERROR - Failed to parse number '29سانت': [<class 'decimal.ConversionSyntax'>]
2025-08-06 11:30:49,883 - ERROR - Failed to parse number 'آبیاری': [<class 'decimal.ConversionSyntax'>]
2025-08-06 11:30:49,883 - ERROR - Failed to parse number 'خشک': [<class 'decimal.ConversionSyntax'>]
2025-08-06 11:30:49,883 - ERROR - Failed to parse number 'شدن': [<class 'decimal.ConversionSyntax'>]
2025-08-06 11:30:49,883 - ERROR - Failed to parse number 'سه': [<class 'decimal.ConversionSyntax'>]
2025-08-06 11:30:49,883 - ERROR - Failed to parse number 'سانت': [<class 'decimal.ConversionSyntax'>]
2025-08-06 11:30:49,883 - ERROR - Failed to parse number 'از': [<class 'decimal.ConversionSyntax'>]
2025-08-06 11:30:49,883 - ERROR - Failed to parse number 'خاک': [<class 'decimal.ConversionSyntax'>]
2025-08-06 11:30:49,883 - ERROR - Failed to parse number 'گلدان': [<class 'decimal.ConversionSyntax'>]
2025-08-06 11:30:49,883 - INFO - No amount-unit match found in text: گیاه سانسوریا،مدل پوست ماری،خاص،ارتفاع 29سانت آبیاری خشک شدن سه سانت از خاک گلدان
2025-08-06 11:30:51,515 - DEBUG - UnitExtractor initialized with 85 unit mappings and 3 package patterns
2025-08-06 11:30:51,515 - ERROR - Failed to parse number 'هیومیک': [<class 'decimal.ConversionSyntax'>]
2025-08-06 11:30:51,515 - ERROR - Failed to parse number 'اسید': [<class 'decimal.ConversionSyntax'>]
2025-08-06 11:30:51,515 - ERROR - Failed to parse number 'گرومور': [<class 'decimal.ConversionSyntax'>]
2025-08-06 11:30:51,516 - ERROR - Failed to parse number 'آمریکا': [<class 'decimal.ConversionSyntax'>]
2025-08-06 11:30:51,516 - ERROR - Failed to parse number 'اصلاح': [<class 'decimal.ConversionSyntax'>]
2025-08-06 11:30:51,516 - ERROR - Failed to parse number 'کننده': [<class 'decimal.ConversionSyntax'>]
2025-08-06 11:30:51,516 - ERROR - Failed to parse number 'خاک': [<class 'decimal.ConversionSyntax'>]
2025-08-06 11:30:51,516 - ERROR - Failed to parse number 'با': [<class 'decimal.ConversionSyntax'>]
2025-08-06 11:30:51,516 - ERROR - Failed to parse number 'کیفیت': [<class 'decimal.ConversionSyntax'>]
2025-08-06 11:30:51,516 - ERROR - Failed to parse number 'عالی': [<class 'decimal.ConversionSyntax'>]
2025-08-06 11:30:51,516 - INFO - No amount-unit match found in text: هیومیک اسید گرومور آمریکا اصلاح کننده خاک با کیفیت عالی
2025-08-06 11:30:52,892 - DEBUG - UnitExtractor initialized with 85 unit mappings and 3 package patterns
2025-08-06 11:30:52,892 - DEBUG - Extracted 1 لیتری -> 1.0 kg
2025-08-06 11:30:56,125 - DEBUG - UnitExtractor initialized with 85 unit mappings and 3 package patterns
2025-08-06 11:30:56,125 - ERROR - Failed to parse number 'ماسک': [<class 'decimal.ConversionSyntax'>]
2025-08-06 11:30:56,125 - ERROR - Failed to parse number 'صورت': [<class 'decimal.ConversionSyntax'>]
2025-08-06 11:30:56,125 - ERROR - Failed to parse number 'خاک': [<class 'decimal.ConversionSyntax'>]
2025-08-06 11:30:56,125 - ERROR - Failed to parse number 'رس': [<class 'decimal.ConversionSyntax'>]
2025-08-06 11:30:56,125 - ERROR - Failed to parse number 'سفید': [<class 'decimal.ConversionSyntax'>]
2025-08-06 11:30:56,125 - ERROR - Failed to parse number 'آرال': [<class 'decimal.ConversionSyntax'>]
2025-08-06 11:30:56,125 - INFO - No amount-unit match found in text: ماسک صورت خاک رس سفید آرال
2025-08-06 11:30:57,729 - DEBUG - UnitExtractor initialized with 85 unit mappings and 3 package patterns
2025-08-06 11:30:57,729 - DEBUG - Extracted 130 گرمی -> 0.130 kg
2025-08-06 11:30:59,154 - DEBUG - UnitExtractor initialized with 85 unit mappings and 3 package patterns
2025-08-06 11:30:59,155 - ERROR - Failed to parse number 'سومارین': [<class 'decimal.ConversionSyntax'>]
2025-08-06 11:30:59,155 - ERROR - Failed to parse number 'خاک': [<class 'decimal.ConversionSyntax'>]
2025-08-06 11:30:59,155 - ERROR - Failed to parse number 'ترکیبی': [<class 'decimal.ConversionSyntax'>]
2025-08-06 11:30:59,155 - ERROR - Failed to parse number 'احیا': [<class 'decimal.ConversionSyntax'>]
2025-08-06 11:30:59,155 - ERROR - Failed to parse number 'باغچه،نشا،گل،حلزون': [<class 'decimal.ConversionSyntax'>]
2025-08-06 11:30:59,155 - INFO - No amount-unit match found in text: سومارین خاک ترکیبی احیا باغچه،نشا،گل،حلزون
2025-08-06 11:31:00,628 - DEBUG - UnitExtractor initialized with 85 unit mappings and 3 package patterns
2025-08-06 11:31:00,628 - ERROR - Failed to parse number 'کود': [<class 'decimal.ConversionSyntax'>]
2025-08-06 11:31:00,628 - ERROR - Failed to parse number 'مایع': [<class 'decimal.ConversionSyntax'>]
2025-08-06 11:31:00,628 - ERROR - Failed to parse number 'طبیعی': [<class 'decimal.ConversionSyntax'>]
2025-08-06 11:31:00,628 - ERROR - Failed to parse number 'کِرِسِر': [<class 'decimal.ConversionSyntax'>]
2025-08-06 11:31:00,628 - ERROR - Failed to parse number 'مناسب': [<class 'decimal.ConversionSyntax'>]
2025-08-06 11:31:00,628 - ERROR - Failed to parse number 'برای': [<class 'decimal.ConversionSyntax'>]
2025-08-06 11:31:00,628 - ERROR - Failed to parse number 'تغذیه': [<class 'decimal.ConversionSyntax'>]
2025-08-06 11:31:00,628 - ERROR - Failed to parse number 'گیاهی': [<class 'decimal.ConversionSyntax'>]
2025-08-06 11:31:00,628 - ERROR - Failed to parse number 'و': [<class 'decimal.ConversionSyntax'>]
2025-08-06 11:31:00,628 - ERROR - Failed to parse number 'اصلاح': [<class 'decimal.ConversionSyntax'>]
2025-08-06 11:31:00,628 - ERROR - Failed to parse number 'خاک': [<class 'decimal.ConversionSyntax'>]
2025-08-06 11:31:00,628 - INFO - No amount-unit match found in text: کود مایع طبیعی کِرِسِر مناسب برای تغذیه گیاهی و اصلاح خاک
2025-08-06 11:31:02,094 - DEBUG - UnitExtractor initialized with 85 unit mappings and 3 package patterns
2025-08-06 11:31:02,094 - DEBUG - Extracted 20 لیتر -> 20.0 kg
2025-08-06 11:31:03,671 - DEBUG - UnitExtractor initialized with 85 unit mappings and 3 package patterns
2025-08-06 11:31:03,671 - DEBUG - Extracted 10 لیتری -> 10.0 kg
2025-08-06 11:31:05,190 - DEBUG - UnitExtractor initialized with 85 unit mappings and 3 package patterns
2025-08-06 11:31:05,190 - WARNING - Unknown unit: K
2025-08-06 11:31:05,190 - DEBUG - Fallback extracted 50 گرمی -> 0.050 kg
2025-08-06 11:31:06,630 - DEBUG - UnitExtractor initialized with 85 unit mappings and 3 package patterns
2025-08-06 11:31:06,631 - WARNING - Unknown unit: K
2025-08-06 11:31:06,631 - DEBUG - Fallback extracted 50 گرمی -> 0.050 kg
2025-08-06 11:31:07,991 - DEBUG - UnitExtractor initialized with 85 unit mappings and 3 package patterns
2025-08-06 11:31:07,991 - DEBUG - Extracted 50 گرمی -> 0.050 kg
2025-08-06 11:31:09,399 - DEBUG - UnitExtractor initialized with 85 unit mappings and 3 package patterns
2025-08-06 11:31:09,399 - DEBUG - Extracted 50 گرمی -> 0.050 kg
2025-08-06 11:31:10,795 - DEBUG - UnitExtractor initialized with 85 unit mappings and 3 package patterns
2025-08-06 11:31:10,795 - WARNING - Unknown unit: K
2025-08-06 11:31:10,795 - DEBUG - Fallback extracted 50 گرمی -> 0.050 kg
2025-08-06 11:31:12,193 - DEBUG - UnitExtractor initialized with 85 unit mappings and 3 package patterns
2025-08-06 11:31:12,193 - ERROR - Failed to parse number 'ماسک': [<class 'decimal.ConversionSyntax'>]
2025-08-06 11:31:12,193 - ERROR - Failed to parse number 'صورت': [<class 'decimal.ConversionSyntax'>]
2025-08-06 11:31:12,193 - ERROR - Failed to parse number 'خاک': [<class 'decimal.ConversionSyntax'>]
2025-08-06 11:31:12,193 - ERROR - Failed to parse number 'رس': [<class 'decimal.ConversionSyntax'>]
2025-08-06 11:31:12,194 - ERROR - Failed to parse number 'طبیعی': [<class 'decimal.ConversionSyntax'>]
2025-08-06 11:31:12,194 - ERROR - Failed to parse number 'نیوآ': [<class 'decimal.ConversionSyntax'>]
2025-08-06 11:31:12,194 - ERROR - Failed to parse number 'اورجینال': [<class 'decimal.ConversionSyntax'>]
2025-08-06 11:31:12,194 - INFO - No amount-unit match found in text: ماسک صورت خاک رس طبیعی نیوآ اورجینال
2025-08-06 11:31:13,696 - DEBUG - UnitExtractor initialized with 85 unit mappings and 3 package patterns
2025-08-06 11:31:13,696 - DEBUG - Extracted 10 کیلویی -> 10.0 kg
2025-08-06 11:31:15,189 - DEBUG - UnitExtractor initialized with 85 unit mappings and 3 package patterns
2025-08-06 11:31:15,189 - ERROR - Failed to parse number 'کود': [<class 'decimal.ConversionSyntax'>]
2025-08-06 11:31:15,189 - ERROR - Failed to parse number 'هیومیک': [<class 'decimal.ConversionSyntax'>]
2025-08-06 11:31:15,189 - ERROR - Failed to parse number 'اسید': [<class 'decimal.ConversionSyntax'>]
2025-08-06 11:31:15,189 - ERROR - Failed to parse number '-': [<class 'decimal.ConversionSyntax'>]
2025-08-06 11:31:15,189 - ERROR - Failed to parse number 'بهبود': [<class 'decimal.ConversionSyntax'>]
2025-08-06 11:31:15,189 - ERROR - Failed to parse number 'خاک': [<class 'decimal.ConversionSyntax'>]
2025-08-06 11:31:15,189 - ERROR - Failed to parse number '(پس': [<class 'decimal.ConversionSyntax'>]
2025-08-06 11:31:15,189 - ERROR - Failed to parse number 'کرایه)': [<class 'decimal.ConversionSyntax'>]
2025-08-06 11:31:15,189 - INFO - No amount-unit match found in text: کود هیومیک اسید - بهبود خاک (پس کرایه)
2025-08-06 11:31:16,660 - DEBUG - UnitExtractor initialized with 85 unit mappings and 3 package patterns
2025-08-06 11:31:16,660 - DEBUG - Extracted 500 گرمی -> 0.500 kg
2025-08-06 11:31:18,183 - DEBUG - UnitExtractor initialized with 85 unit mappings and 3 package patterns
2025-08-06 11:31:18,183 - DEBUG - Extracted 50 گرمی -> 0.050 kg
2025-08-06 11:31:19,725 - DEBUG - UnitExtractor initialized with 85 unit mappings and 3 package patterns
2025-08-06 11:31:19,725 - ERROR - Failed to parse number 'ژمینو': [<class 'decimal.ConversionSyntax'>]
2025-08-06 11:31:19,725 - ERROR - Failed to parse number 'دی': [<class 'decimal.ConversionSyntax'>]
2025-08-06 11:31:19,725 - ERROR - Failed to parse number 'دریم': [<class 'decimal.ConversionSyntax'>]
2025-08-06 11:31:19,725 - ERROR - Failed to parse number 'بسیار': [<class 'decimal.ConversionSyntax'>]
2025-08-06 11:31:19,725 - ERROR - Failed to parse number 'کمیاب': [<class 'decimal.ConversionSyntax'>]
2025-08-06 11:31:19,725 - ERROR - Failed to parse number 'روی': [<class 'decimal.ConversionSyntax'>]
2025-08-06 11:31:19,725 - ERROR - Failed to parse number 'خاک': [<class 'decimal.ConversionSyntax'>]
2025-08-06 11:31:19,725 - INFO - No amount-unit match found in text: ژمینو دی دریم بسیار کمیاب روی خاک
2025-08-06 11:31:21,180 - DEBUG - UnitExtractor initialized with 85 unit mappings and 3 package patterns
2025-08-06 11:31:21,181 - ERROR - Failed to parse number 'گل': [<class 'decimal.ConversionSyntax'>]
2025-08-06 11:31:21,181 - ERROR - Failed to parse number 'طبیعی': [<class 'decimal.ConversionSyntax'>]
2025-08-06 11:31:21,181 - ERROR - Failed to parse number 'گیاهان': [<class 'decimal.ConversionSyntax'>]
2025-08-06 11:31:21,181 - ERROR - Failed to parse number 'اپارتمانی': [<class 'decimal.ConversionSyntax'>]
2025-08-06 11:31:21,181 - ERROR - Failed to parse number 'خاک': [<class 'decimal.ConversionSyntax'>]
2025-08-06 11:31:21,181 - ERROR - Failed to parse number 'و': [<class 'decimal.ConversionSyntax'>]
2025-08-06 11:31:21,181 - ERROR - Failed to parse number 'کود': [<class 'decimal.ConversionSyntax'>]
2025-08-06 11:31:21,181 - ERROR - Failed to parse number 'پرلیت': [<class 'decimal.ConversionSyntax'>]
2025-08-06 11:31:21,181 - INFO - No amount-unit match found in text: گل طبیعی گیاهان اپارتمانی خاک و کود پرلیت
2025-08-06 11:31:22,544 - DEBUG - UnitExtractor initialized with 85 unit mappings and 3 package patterns
2025-08-06 11:31:22,544 - ERROR - Failed to parse number 'کود': [<class 'decimal.ConversionSyntax'>]
2025-08-06 11:31:22,544 - ERROR - Failed to parse number 'هیومیک': [<class 'decimal.ConversionSyntax'>]
2025-08-06 11:31:22,544 - ERROR - Failed to parse number 'اسید': [<class 'decimal.ConversionSyntax'>]
2025-08-06 11:31:22,544 - ERROR - Failed to parse number 'وپروفرت': [<class 'decimal.ConversionSyntax'>]
2025-08-06 11:31:22,544 - ERROR - Failed to parse number 'هلند': [<class 'decimal.ConversionSyntax'>]
2025-08-06 11:31:22,544 - ERROR - Failed to parse number 'یک': [<class 'decimal.ConversionSyntax'>]
2025-08-06 11:31:22,544 - ERROR - Failed to parse number 'کیلویی': [<class 'decimal.ConversionSyntax'>]
2025-08-06 11:31:22,544 - ERROR - Failed to parse number '(افزایش': [<class 'decimal.ConversionSyntax'>]
2025-08-06 11:31:22,544 - ERROR - Failed to parse number 'ریشه': [<class 'decimal.ConversionSyntax'>]
2025-08-06 11:31:22,544 - ERROR - Failed to parse number 'زایی': [<class 'decimal.ConversionSyntax'>]
2025-08-06 11:31:22,544 - ERROR - Failed to parse number 'و': [<class 'decimal.ConversionSyntax'>]
2025-08-06 11:31:22,544 - ERROR - Failed to parse number 'جذب': [<class 'decimal.ConversionSyntax'>]
2025-08-06 11:31:22,544 - ERROR - Failed to parse number 'مواد': [<class 'decimal.ConversionSyntax'>]
2025-08-06 11:31:22,544 - ERROR - Failed to parse number 'مغذی': [<class 'decimal.ConversionSyntax'>]
2025-08-06 11:31:22,544 - ERROR - Failed to parse number 'خاک)': [<class 'decimal.ConversionSyntax'>]
2025-08-06 11:31:22,544 - INFO - No amount-unit match found in text: کود هیومیک اسید وپروفرت هلند یک کیلویی (افزایش ریشه زایی و جذب مواد مغذی خاک)
2025-08-06 11:31:23,949 - DEBUG - UnitExtractor initialized with 85 unit mappings and 3 package patterns
2025-08-06 11:31:23,950 - ERROR - Failed to parse number 'گل': [<class 'decimal.ConversionSyntax'>]
2025-08-06 11:31:23,950 - ERROR - Failed to parse number 'آپارتمانی': [<class 'decimal.ConversionSyntax'>]
2025-08-06 11:31:23,950 - ERROR - Failed to parse number 'گندمی': [<class 'decimal.ConversionSyntax'>]
2025-08-06 11:31:23,950 - ERROR - Failed to parse number 'گلدان': [<class 'decimal.ConversionSyntax'>]
2025-08-06 11:31:23,950 - ERROR - Failed to parse number 'سفید': [<class 'decimal.ConversionSyntax'>]
2025-08-06 11:31:23,950 - ERROR - Failed to parse number 'خاک': [<class 'decimal.ConversionSyntax'>]
2025-08-06 11:31:23,950 - ERROR - Failed to parse number 'استریل': [<class 'decimal.ConversionSyntax'>]
2025-08-06 11:31:23,950 - INFO - No amount-unit match found in text: گل آپارتمانی گندمی گلدان سفید خاک استریل
2025-08-06 11:31:25,413 - DEBUG - UnitExtractor initialized with 85 unit mappings and 3 package patterns
2025-08-06 11:31:25,413 - ERROR - Failed to parse number 'برگ': [<class 'decimal.ConversionSyntax'>]
2025-08-06 11:31:25,413 - ERROR - Failed to parse number 'انجیری': [<class 'decimal.ConversionSyntax'>]
2025-08-06 11:31:25,413 - ERROR - Failed to parse number 'ابلق': [<class 'decimal.ConversionSyntax'>]
2025-08-06 11:31:25,413 - ERROR - Failed to parse number 'خاک': [<class 'decimal.ConversionSyntax'>]
2025-08-06 11:31:25,413 - ERROR - Failed to parse number 'استریل': [<class 'decimal.ConversionSyntax'>]
2025-08-06 11:31:25,413 - ERROR - Failed to parse number 'گلدان': [<class 'decimal.ConversionSyntax'>]
2025-08-06 11:31:25,413 - ERROR - Failed to parse number 'سفید': [<class 'decimal.ConversionSyntax'>]
2025-08-06 11:31:25,413 - INFO - No amount-unit match found in text: برگ انجیری ابلق خاک استریل گلدان سفید
2025-08-06 11:31:26,878 - DEBUG - UnitExtractor initialized with 85 unit mappings and 3 package patterns
2025-08-06 11:31:26,878 - ERROR - Failed to parse number 'کوکوپیت': [<class 'decimal.ConversionSyntax'>]
2025-08-06 11:31:26,878 - ERROR - Failed to parse number 'خاک': [<class 'decimal.ConversionSyntax'>]
2025-08-06 11:31:26,878 - ERROR - Failed to parse number 'بستر': [<class 'decimal.ConversionSyntax'>]
2025-08-06 11:31:26,878 - ERROR - Failed to parse number 'حلزون': [<class 'decimal.ConversionSyntax'>]
2025-08-06 11:31:26,878 - ERROR - Failed to parse number 'کود': [<class 'decimal.ConversionSyntax'>]
2025-08-06 11:31:26,878 - ERROR - Failed to parse number 'گیاه': [<class 'decimal.ConversionSyntax'>]
2025-08-06 11:31:26,878 - INFO - No amount-unit match found in text: کوکوپیت خاک بستر حلزون کود گیاه
2025-08-06 11:31:28,377 - DEBUG - UnitExtractor initialized with 85 unit mappings and 3 package patterns
2025-08-06 11:31:28,377 - ERROR - Failed to parse number 'کود': [<class 'decimal.ConversionSyntax'>]
2025-08-06 11:31:28,377 - ERROR - Failed to parse number 'چالکود': [<class 'decimal.ConversionSyntax'>]
2025-08-06 11:31:28,377 - ERROR - Failed to parse number '،مکمل': [<class 'decimal.ConversionSyntax'>]
2025-08-06 11:31:28,377 - ERROR - Failed to parse number 'خاک': [<class 'decimal.ConversionSyntax'>]
2025-08-06 11:31:28,377 - ERROR - Failed to parse number 'گیاهان،': [<class 'decimal.ConversionSyntax'>]
2025-08-06 11:31:28,377 - ERROR - Failed to parse number '(هیومیک': [<class 'decimal.ConversionSyntax'>]
2025-08-06 11:31:28,377 - ERROR - Failed to parse number 'اسید': [<class 'decimal.ConversionSyntax'>]
2025-08-06 11:31:28,377 - ERROR - Failed to parse number 'گرانول)': [<class 'decimal.ConversionSyntax'>]
2025-08-06 11:31:28,377 - ERROR - Failed to parse number 'حاوی': [<class 'decimal.ConversionSyntax'>]
2025-08-06 11:31:28,377 - ERROR - Failed to parse number 'کربن': [<class 'decimal.ConversionSyntax'>]
2025-08-06 11:31:28,377 - ERROR - Failed to parse number 'آلی': [<class 'decimal.ConversionSyntax'>]
2025-08-06 11:31:28,377 - ERROR - Failed to parse number 'و': [<class 'decimal.ConversionSyntax'>]
2025-08-06 11:31:28,377 - ERROR - Failed to parse number 'مواد': [<class 'decimal.ConversionSyntax'>]
2025-08-06 11:31:28,377 - ERROR - Failed to parse number 'آلی': [<class 'decimal.ConversionSyntax'>]
2025-08-06 11:31:28,377 - INFO - No amount-unit match found in text: کود چالکود ،مکمل خاک گیاهان، (هیومیک اسید گرانول) حاوی کربن آلی و مواد آلی
2025-08-06 11:31:29,799 - DEBUG - UnitExtractor initialized with 85 unit mappings and 3 package patterns
2025-08-06 11:31:29,800 - ERROR - Failed to parse number 'سانسوریا': [<class 'decimal.ConversionSyntax'>]
2025-08-06 11:31:29,800 - ERROR - Failed to parse number 'سیلور': [<class 'decimal.ConversionSyntax'>]
2025-08-06 11:31:29,800 - ERROR - Failed to parse number 'گلد': [<class 'decimal.ConversionSyntax'>]
2025-08-06 11:31:29,800 - ERROR - Failed to parse number 'لورنتی': [<class 'decimal.ConversionSyntax'>]
2025-08-06 11:31:29,800 - ERROR - Failed to parse number 'دو': [<class 'decimal.ConversionSyntax'>]
2025-08-06 11:31:29,800 - ERROR - Failed to parse number 'برگی': [<class 'decimal.ConversionSyntax'>]
2025-08-06 11:31:29,800 - ERROR - Failed to parse number 'بدون': [<class 'decimal.ConversionSyntax'>]
2025-08-06 11:31:29,800 - ERROR - Failed to parse number 'نقص': [<class 'decimal.ConversionSyntax'>]
2025-08-06 11:31:29,800 - ERROR - Failed to parse number 'و': [<class 'decimal.ConversionSyntax'>]
2025-08-06 11:31:29,800 - ERROR - Failed to parse number 'زدگی': [<class 'decimal.ConversionSyntax'>]
2025-08-06 11:31:29,800 - ERROR - Failed to parse number 'با': [<class 'decimal.ConversionSyntax'>]
2025-08-06 11:31:29,800 - ERROR - Failed to parse number 'دو': [<class 'decimal.ConversionSyntax'>]
2025-08-06 11:31:29,800 - ERROR - Failed to parse number 'پاجوش': [<class 'decimal.ConversionSyntax'>]
2025-08-06 11:31:29,800 - ERROR - Failed to parse number 'بزرگ': [<class 'decimal.ConversionSyntax'>]
2025-08-06 11:31:29,800 - ERROR - Failed to parse number 'روی': [<class 'decimal.ConversionSyntax'>]
2025-08-06 11:31:29,800 - ERROR - Failed to parse number 'خاک': [<class 'decimal.ConversionSyntax'>]
2025-08-06 11:31:29,800 - ERROR - Failed to parse number 'با': [<class 'decimal.ConversionSyntax'>]
2025-08-06 11:31:29,800 - ERROR - Failed to parse number 'کیفیت': [<class 'decimal.ConversionSyntax'>]
2025-08-06 11:31:29,800 - ERROR - Failed to parse number 'عالی': [<class 'decimal.ConversionSyntax'>]
2025-08-06 11:31:29,800 - INFO - No amount-unit match found in text: سانسوریا سیلور گلد لورنتی دو برگی بدون نقص و زدگی با دو پاجوش بزرگ روی خاک با کیفیت عالی
2025-08-06 11:31:31,309 - DEBUG - UnitExtractor initialized with 85 unit mappings and 3 package patterns
2025-08-06 11:31:31,309 - DEBUG - Extracted 3 لیتری -> 3.0 kg
2025-08-06 11:31:32,722 - DEBUG - UnitExtractor initialized with 85 unit mappings and 3 package patterns
2025-08-06 11:31:32,722 - DEBUG - Extracted 25 کیلویی -> 25.0 kg
2025-08-06 11:31:34,116 - DEBUG - UnitExtractor initialized with 85 unit mappings and 3 package patterns
2025-08-06 11:31:34,116 - ERROR - Failed to parse number 'قارچ': [<class 'decimal.ConversionSyntax'>]
2025-08-06 11:31:34,116 - ERROR - Failed to parse number 'کش': [<class 'decimal.ConversionSyntax'>]
2025-08-06 11:31:34,116 - ERROR - Failed to parse number 'فله': [<class 'decimal.ConversionSyntax'>]
2025-08-06 11:31:34,116 - ERROR - Failed to parse number 'ای': [<class 'decimal.ConversionSyntax'>]
2025-08-06 11:31:34,116 - ERROR - Failed to parse number 'کاربندازیم': [<class 'decimal.ConversionSyntax'>]
2025-08-06 11:31:34,116 - ERROR - Failed to parse number 'گل': [<class 'decimal.ConversionSyntax'>]
2025-08-06 11:31:34,116 - ERROR - Failed to parse number 'سم': [<class 'decimal.ConversionSyntax'>]
2025-08-06 11:31:34,116 - ERROR - Failed to parse number 'جهت': [<class 'decimal.ConversionSyntax'>]
2025-08-06 11:31:34,117 - ERROR - Failed to parse number 'ضد': [<class 'decimal.ConversionSyntax'>]
2025-08-06 11:31:34,117 - ERROR - Failed to parse number 'عفونی': [<class 'decimal.ConversionSyntax'>]
2025-08-06 11:31:34,117 - ERROR - Failed to parse number 'و': [<class 'decimal.ConversionSyntax'>]
2025-08-06 11:31:34,117 - ERROR - Failed to parse number 'قارچکشی': [<class 'decimal.ConversionSyntax'>]
2025-08-06 11:31:34,117 - ERROR - Failed to parse number 'گل': [<class 'decimal.ConversionSyntax'>]
2025-08-06 11:31:34,117 - ERROR - Failed to parse number 'و': [<class 'decimal.ConversionSyntax'>]
2025-08-06 11:31:34,117 - ERROR - Failed to parse number 'خاک': [<class 'decimal.ConversionSyntax'>]
2025-08-06 11:31:34,117 - ERROR - Failed to parse number 'گلدان': [<class 'decimal.ConversionSyntax'>]
2025-08-06 11:31:34,117 - INFO - No amount-unit match found in text: قارچ کش فله ای کاربندازیم گل سم جهت ضد عفونی و قارچکشی گل و خاک گلدان
2025-08-06 11:31:35,472 - DEBUG - UnitExtractor initialized with 85 unit mappings and 3 package patterns
2025-08-06 11:31:35,472 - ERROR - Failed to parse number 'پاکسازی': [<class 'decimal.ConversionSyntax'>]
2025-08-06 11:31:35,472 - ERROR - Failed to parse number 'پوست': [<class 'decimal.ConversionSyntax'>]
2025-08-06 11:31:35,472 - ERROR - Failed to parse number 'صورت': [<class 'decimal.ConversionSyntax'>]
2025-08-06 11:31:35,472 - ERROR - Failed to parse number '(ماسک': [<class 'decimal.ConversionSyntax'>]
2025-08-06 11:31:35,472 - ERROR - Failed to parse number 'صورت': [<class 'decimal.ConversionSyntax'>]
2025-08-06 11:31:35,472 - ERROR - Failed to parse number 'خاک': [<class 'decimal.ConversionSyntax'>]
2025-08-06 11:31:35,472 - ERROR - Failed to parse number 'رس': [<class 'decimal.ConversionSyntax'>]
2025-08-06 11:31:35,472 - ERROR - Failed to parse number 'سفید)': [<class 'decimal.ConversionSyntax'>]
2025-08-06 11:31:35,472 - INFO - No amount-unit match found in text: پاکسازی پوست صورت (ماسک صورت خاک رس سفید)
2025-08-06 11:31:36,840 - DEBUG - UnitExtractor initialized with 85 unit mappings and 3 package patterns
2025-08-06 11:31:36,840 - ERROR - Failed to parse number 'گیاه': [<class 'decimal.ConversionSyntax'>]
2025-08-06 11:31:36,840 - ERROR - Failed to parse number 'کاکتوس': [<class 'decimal.ConversionSyntax'>]
2025-08-06 11:31:36,840 - ERROR - Failed to parse number 'مدل': [<class 'decimal.ConversionSyntax'>]
2025-08-06 11:31:36,840 - ERROR - Failed to parse number 'چتری': [<class 'decimal.ConversionSyntax'>]
2025-08-06 11:31:36,840 - ERROR - Failed to parse number 'زیبا': [<class 'decimal.ConversionSyntax'>]
2025-08-06 11:31:36,840 - ERROR - Failed to parse number 'وخاص،نیاز': [<class 'decimal.ConversionSyntax'>]
2025-08-06 11:31:36,840 - ERROR - Failed to parse number 'ب': [<class 'decimal.ConversionSyntax'>]
2025-08-06 11:31:36,840 - ERROR - Failed to parse number 'نور': [<class 'decimal.ConversionSyntax'>]
2025-08-06 11:31:36,840 - ERROR - Failed to parse number 'کافی،آبیاری': [<class 'decimal.ConversionSyntax'>]
2025-08-06 11:31:36,840 - ERROR - Failed to parse number 'بعد': [<class 'decimal.ConversionSyntax'>]
2025-08-06 11:31:36,840 - ERROR - Failed to parse number 'از': [<class 'decimal.ConversionSyntax'>]
2025-08-06 11:31:36,840 - ERROR - Failed to parse number 'خشک': [<class 'decimal.ConversionSyntax'>]
2025-08-06 11:31:36,841 - ERROR - Failed to parse number 'شدن': [<class 'decimal.ConversionSyntax'>]
2025-08-06 11:31:36,841 - ERROR - Failed to parse number 'خاک': [<class 'decimal.ConversionSyntax'>]
2025-08-06 11:31:36,841 - ERROR - Failed to parse number 'گلدان': [<class 'decimal.ConversionSyntax'>]
2025-08-06 11:31:36,841 - INFO - No amount-unit match found in text: گیاه کاکتوس مدل چتری زیبا وخاص،نیاز ب نور کافی،آبیاری بعد از خشک شدن خاک گلدان
2025-08-06 11:31:38,194 - DEBUG - UnitExtractor initialized with 85 unit mappings and 3 package patterns
2025-08-06 11:31:38,194 - ERROR - Failed to parse number 'گل': [<class 'decimal.ConversionSyntax'>]
2025-08-06 11:31:38,194 - ERROR - Failed to parse number 'هویا': [<class 'decimal.ConversionSyntax'>]
2025-08-06 11:31:38,194 - ERROR - Failed to parse number 'نیاز': [<class 'decimal.ConversionSyntax'>]
2025-08-06 11:31:38,194 - ERROR - Failed to parse number 'ب': [<class 'decimal.ConversionSyntax'>]
2025-08-06 11:31:38,194 - ERROR - Failed to parse number 'نور': [<class 'decimal.ConversionSyntax'>]
2025-08-06 11:31:38,194 - ERROR - Failed to parse number 'کافی': [<class 'decimal.ConversionSyntax'>]
2025-08-06 11:31:38,194 - ERROR - Failed to parse number 'کود': [<class 'decimal.ConversionSyntax'>]
2025-08-06 11:31:38,194 - ERROR - Failed to parse number 'گلدهی': [<class 'decimal.ConversionSyntax'>]
2025-08-06 11:31:38,194 - ERROR - Failed to parse number 'هر': [<class 'decimal.ConversionSyntax'>]
2025-08-06 11:31:38,194 - ERROR - Failed to parse number 'دوهفته': [<class 'decimal.ConversionSyntax'>]
2025-08-06 11:31:38,194 - ERROR - Failed to parse number 'یکبار،آبیاری': [<class 'decimal.ConversionSyntax'>]
2025-08-06 11:31:38,194 - ERROR - Failed to parse number 'بعد': [<class 'decimal.ConversionSyntax'>]
2025-08-06 11:31:38,194 - ERROR - Failed to parse number 'از': [<class 'decimal.ConversionSyntax'>]
2025-08-06 11:31:38,194 - ERROR - Failed to parse number 'خشک': [<class 'decimal.ConversionSyntax'>]
2025-08-06 11:31:38,194 - ERROR - Failed to parse number 'شدن': [<class 'decimal.ConversionSyntax'>]
2025-08-06 11:31:38,194 - ERROR - Failed to parse number '3سانت': [<class 'decimal.ConversionSyntax'>]
2025-08-06 11:31:38,194 - ERROR - Failed to parse number 'از': [<class 'decimal.ConversionSyntax'>]
2025-08-06 11:31:38,194 - ERROR - Failed to parse number 'خاک': [<class 'decimal.ConversionSyntax'>]
2025-08-06 11:31:38,194 - ERROR - Failed to parse number 'گلدان': [<class 'decimal.ConversionSyntax'>]
2025-08-06 11:31:38,194 - INFO - No amount-unit match found in text: گل هویا نیاز ب نور کافی کود گلدهی هر دوهفته یکبار،آبیاری بعد از خشک شدن 3سانت از خاک گلدان
2025-08-06 11:31:39,720 - DEBUG - UnitExtractor initialized with 85 unit mappings and 3 package patterns
2025-08-06 11:31:39,720 - ERROR - Failed to parse number 'پتوس': [<class 'decimal.ConversionSyntax'>]
2025-08-06 11:31:39,720 - ERROR - Failed to parse number 'ببری': [<class 'decimal.ConversionSyntax'>]
2025-08-06 11:31:39,720 - ERROR - Failed to parse number 'نشایی': [<class 'decimal.ConversionSyntax'>]
2025-08-06 11:31:39,720 - ERROR - Failed to parse number 'خاک': [<class 'decimal.ConversionSyntax'>]
2025-08-06 11:31:39,720 - ERROR - Failed to parse number 'استریل': [<class 'decimal.ConversionSyntax'>]
2025-08-06 11:31:39,720 - ERROR - Failed to parse number 'و': [<class 'decimal.ConversionSyntax'>]
2025-08-06 11:31:39,720 - ERROR - Failed to parse number 'گلدان': [<class 'decimal.ConversionSyntax'>]
2025-08-06 11:31:39,720 - ERROR - Failed to parse number 'سفید': [<class 'decimal.ConversionSyntax'>]
2025-08-06 11:31:39,720 - INFO - No amount-unit match found in text: پتوس ببری نشایی خاک استریل و گلدان سفید
2025-08-06 11:31:41,171 - DEBUG - UnitExtractor initialized with 85 unit mappings and 3 package patterns
2025-08-06 11:31:41,172 - ERROR - Failed to parse number 'زاموفیلیا': [<class 'decimal.ConversionSyntax'>]
2025-08-06 11:31:41,172 - ERROR - Failed to parse number 'بلک': [<class 'decimal.ConversionSyntax'>]
2025-08-06 11:31:41,172 - ERROR - Failed to parse number 'خاک': [<class 'decimal.ConversionSyntax'>]
2025-08-06 11:31:41,172 - ERROR - Failed to parse number 'استریل': [<class 'decimal.ConversionSyntax'>]
2025-08-06 11:31:41,172 - ERROR - Failed to parse number 'گلدان': [<class 'decimal.ConversionSyntax'>]
2025-08-06 11:31:41,172 - ERROR - Failed to parse number 'سفید': [<class 'decimal.ConversionSyntax'>]
2025-08-06 11:31:41,172 - INFO - No amount-unit match found in text: زاموفیلیا بلک خاک استریل گلدان سفید
2025-08-06 11:31:42,589 - DEBUG - UnitExtractor initialized with 85 unit mappings and 3 package patterns
2025-08-06 11:31:42,589 - ERROR - Failed to parse number 'پتوس': [<class 'decimal.ConversionSyntax'>]
2025-08-06 11:31:42,589 - ERROR - Failed to parse number 'ارتشی': [<class 'decimal.ConversionSyntax'>]
2025-08-06 11:31:42,589 - ERROR - Failed to parse number 'سایز': [<class 'decimal.ConversionSyntax'>]
2025-08-06 11:31:42,589 - ERROR - Failed to parse number 'کوچک': [<class 'decimal.ConversionSyntax'>]
2025-08-06 11:31:42,589 - ERROR - Failed to parse number 'گلدان': [<class 'decimal.ConversionSyntax'>]
2025-08-06 11:31:42,589 - ERROR - Failed to parse number 'سفید': [<class 'decimal.ConversionSyntax'>]
2025-08-06 11:31:42,589 - ERROR - Failed to parse number 'و': [<class 'decimal.ConversionSyntax'>]
2025-08-06 11:31:42,589 - ERROR - Failed to parse number 'خاک': [<class 'decimal.ConversionSyntax'>]
2025-08-06 11:31:42,589 - ERROR - Failed to parse number 'استریل': [<class 'decimal.ConversionSyntax'>]
2025-08-06 11:31:42,589 - INFO - No amount-unit match found in text: پتوس ارتشی سایز کوچک گلدان سفید و خاک استریل
2025-08-06 11:31:44,066 - DEBUG - UnitExtractor initialized with 85 unit mappings and 3 package patterns
2025-08-06 11:31:44,067 - ERROR - Failed to parse number 'قارچ': [<class 'decimal.ConversionSyntax'>]
2025-08-06 11:31:44,067 - ERROR - Failed to parse number 'کش': [<class 'decimal.ConversionSyntax'>]
2025-08-06 11:31:44,067 - ERROR - Failed to parse number 'کاپیتان': [<class 'decimal.ConversionSyntax'>]
2025-08-06 11:31:44,067 - ERROR - Failed to parse number 'سیستمیک(آبیاری)قارچ': [<class 'decimal.ConversionSyntax'>]
2025-08-06 11:31:44,067 - ERROR - Failed to parse number 'کش': [<class 'decimal.ConversionSyntax'>]
2025-08-06 11:31:44,067 - ERROR - Failed to parse number 'و': [<class 'decimal.ConversionSyntax'>]
2025-08-06 11:31:44,067 - ERROR - Failed to parse number 'ضدعفونی': [<class 'decimal.ConversionSyntax'>]
2025-08-06 11:31:44,067 - ERROR - Failed to parse number 'خاک': [<class 'decimal.ConversionSyntax'>]
2025-08-06 11:31:44,067 - ERROR - Failed to parse number 'و': [<class 'decimal.ConversionSyntax'>]
2025-08-06 11:31:44,067 - ERROR - Failed to parse number 'ریشه': [<class 'decimal.ConversionSyntax'>]
2025-08-06 11:31:44,067 - ERROR - Failed to parse number 'گیاهان-سم': [<class 'decimal.ConversionSyntax'>]
2025-08-06 11:31:44,067 - ERROR - Failed to parse number 'قارچکش': [<class 'decimal.ConversionSyntax'>]
2025-08-06 11:31:44,067 - ERROR - Failed to parse number 'کاپیتان-': [<class 'decimal.ConversionSyntax'>]
2025-08-06 11:31:44,067 - ERROR - Failed to parse number 'گیاهان': [<class 'decimal.ConversionSyntax'>]
2025-08-06 11:31:44,067 - ERROR - Failed to parse number 'آپارتمانی-': [<class 'decimal.ConversionSyntax'>]
2025-08-06 11:31:44,067 - ERROR - Failed to parse number 'گلدونه': [<class 'decimal.ConversionSyntax'>]
2025-08-06 11:31:44,067 - INFO - No amount-unit match found in text: قارچ کش کاپیتان سیستمیک(آبیاری)قارچ کش و ضدعفونی خاک و ریشه گیاهان-سم قارچکش کاپیتان- گیاهان آپارتمانی- گلدونه
2025-08-06 11:31:45,491 - DEBUG - UnitExtractor initialized with 85 unit mappings and 3 package patterns
2025-08-06 11:31:45,491 - ERROR - Failed to parse number 'سویل،بستر': [<class 'decimal.ConversionSyntax'>]
2025-08-06 11:31:45,491 - ERROR - Failed to parse number 'کشت(خاک': [<class 'decimal.ConversionSyntax'>]
2025-08-06 11:31:45,491 - ERROR - Failed to parse number 'مخصوص)': [<class 'decimal.ConversionSyntax'>]
2025-08-06 11:31:45,491 - ERROR - Failed to parse number 'چمن': [<class 'decimal.ConversionSyntax'>]
2025-08-06 11:31:45,491 - ERROR - Failed to parse number 'آکواریومی(soil)': [<class 'decimal.ConversionSyntax'>]
2025-08-06 11:31:45,491 - ERROR - Failed to parse number 'نیم': [<class 'decimal.ConversionSyntax'>]
2025-08-06 11:31:45,491 - ERROR - Failed to parse number 'کیلویی': [<class 'decimal.ConversionSyntax'>]
2025-08-06 11:31:45,491 - ERROR - Failed to parse number 'نیکوبذر': [<class 'decimal.ConversionSyntax'>]
2025-08-06 11:31:45,491 - INFO - No amount-unit match found in text: سویل،بستر کشت(خاک مخصوص) چمن آکواریومی(soil) نیم کیلویی نیکوبذر
2025-08-06 11:31:46,922 - DEBUG - UnitExtractor initialized with 85 unit mappings and 3 package patterns
2025-08-06 11:31:46,922 - ERROR - Failed to parse number 'دویست': [<class 'decimal.ConversionSyntax'>]
2025-08-06 11:31:46,922 - ERROR - Failed to parse number 'و': [<class 'decimal.ConversionSyntax'>]
2025-08-06 11:31:46,922 - ERROR - Failed to parse number 'هشتاد': [<class 'decimal.ConversionSyntax'>]
2025-08-06 11:31:46,922 - ERROR - Failed to parse number 'گرم': [<class 'decimal.ConversionSyntax'>]
2025-08-06 11:31:46,922 - ERROR - Failed to parse number 'خاک': [<class 'decimal.ConversionSyntax'>]
2025-08-06 11:31:46,922 - ERROR - Failed to parse number 'مرداب': [<class 'decimal.ConversionSyntax'>]
2025-08-06 11:31:46,922 - INFO - No amount-unit match found in text: دویست و هشتاد گرم خاک مرداب
2025-08-06 11:31:48,334 - DEBUG - UnitExtractor initialized with 85 unit mappings and 3 package patterns
2025-08-06 11:31:48,334 - DEBUG - Extracted 100 سی سی -> 0.100 kg
2025-08-06 11:31:49,703 - DEBUG - UnitExtractor initialized with 85 unit mappings and 3 package patterns
2025-08-06 11:31:49,703 - ERROR - Failed to parse number 'پرلیت': [<class 'decimal.ConversionSyntax'>]
2025-08-06 11:31:49,703 - ERROR - Failed to parse number 'متوسط': [<class 'decimal.ConversionSyntax'>]
2025-08-06 11:31:49,703 - ERROR - Failed to parse number 'دانه': [<class 'decimal.ConversionSyntax'>]
2025-08-06 11:31:49,703 - ERROR - Failed to parse number 'کنترل': [<class 'decimal.ConversionSyntax'>]
2025-08-06 11:31:49,703 - ERROR - Failed to parse number 'رطوبت': [<class 'decimal.ConversionSyntax'>]
2025-08-06 11:31:49,703 - ERROR - Failed to parse number 'خاک': [<class 'decimal.ConversionSyntax'>]
2025-08-06 11:31:49,703 - ERROR - Failed to parse number 'گل': [<class 'decimal.ConversionSyntax'>]
2025-08-06 11:31:49,703 - ERROR - Failed to parse number 'و': [<class 'decimal.ConversionSyntax'>]
2025-08-06 11:31:49,703 - ERROR - Failed to parse number 'حلزون': [<class 'decimal.ConversionSyntax'>]
2025-08-06 11:31:49,703 - INFO - No amount-unit match found in text: پرلیت متوسط دانه کنترل رطوبت خاک گل و حلزون
2025-08-06 11:31:51,066 - DEBUG - UnitExtractor initialized with 85 unit mappings and 3 package patterns
2025-08-06 11:31:51,066 - ERROR - Failed to parse number 'کود': [<class 'decimal.ConversionSyntax'>]
2025-08-06 11:31:51,066 - ERROR - Failed to parse number 'سولفات': [<class 'decimal.ConversionSyntax'>]
2025-08-06 11:31:51,066 - ERROR - Failed to parse number 'پتاسیم': [<class 'decimal.ConversionSyntax'>]
2025-08-06 11:31:51,066 - ERROR - Failed to parse number 'وانوما': [<class 'decimal.ConversionSyntax'>]
2025-08-06 11:31:51,066 - ERROR - Failed to parse number 'اصلاح': [<class 'decimal.ConversionSyntax'>]
2025-08-06 11:31:51,066 - ERROR - Failed to parse number 'کننده': [<class 'decimal.ConversionSyntax'>]
2025-08-06 11:31:51,066 - ERROR - Failed to parse number 'خاک': [<class 'decimal.ConversionSyntax'>]
2025-08-06 11:31:51,066 - ERROR - Failed to parse number 'شور': [<class 'decimal.ConversionSyntax'>]
2025-08-06 11:31:51,066 - ERROR - Failed to parse number 'و': [<class 'decimal.ConversionSyntax'>]
2025-08-06 11:31:51,066 - ERROR - Failed to parse number 'قلیایی': [<class 'decimal.ConversionSyntax'>]
2025-08-06 11:31:51,066 - ERROR - Failed to parse number 'ده': [<class 'decimal.ConversionSyntax'>]
2025-08-06 11:31:51,066 - ERROR - Failed to parse number 'کیلویی': [<class 'decimal.ConversionSyntax'>]
2025-08-06 11:31:51,066 - INFO - No amount-unit match found in text: کود سولفات پتاسیم وانوما اصلاح کننده خاک شور و قلیایی ده کیلویی
2025-08-06 11:31:52,434 - DEBUG - UnitExtractor initialized with 85 unit mappings and 3 package patterns
2025-08-06 11:31:52,434 - ERROR - Failed to parse number 'ترنجبین': [<class 'decimal.ConversionSyntax'>]
2025-08-06 11:31:52,434 - ERROR - Failed to parse number 'اعلا': [<class 'decimal.ConversionSyntax'>]
2025-08-06 11:31:52,434 - ERROR - Failed to parse number 'بدون': [<class 'decimal.ConversionSyntax'>]
2025-08-06 11:31:52,434 - ERROR - Failed to parse number 'خاک': [<class 'decimal.ConversionSyntax'>]
2025-08-06 11:31:52,434 - ERROR - Failed to parse number 'و': [<class 'decimal.ConversionSyntax'>]
2025-08-06 11:31:52,434 - ERROR - Failed to parse number 'تمیز': [<class 'decimal.ConversionSyntax'>]
2025-08-06 11:31:52,434 - ERROR - Failed to parse number '(یک': [<class 'decimal.ConversionSyntax'>]
2025-08-06 11:31:52,434 - ERROR - Failed to parse number 'کیلویی)': [<class 'decimal.ConversionSyntax'>]
2025-08-06 11:31:52,434 - INFO - No amount-unit match found in text: ترنجبین اعلا بدون خاک و تمیز (یک کیلویی)
2025-08-06 11:31:53,848 - DEBUG - UnitExtractor initialized with 85 unit mappings and 3 package patterns
2025-08-06 11:31:53,848 - ERROR - Failed to parse number 'کود': [<class 'decimal.ConversionSyntax'>]
2025-08-06 11:31:53,848 - ERROR - Failed to parse number 'ریشه': [<class 'decimal.ConversionSyntax'>]
2025-08-06 11:31:53,848 - ERROR - Failed to parse number 'زا': [<class 'decimal.ConversionSyntax'>]
2025-08-06 11:31:53,848 - ERROR - Failed to parse number 'و': [<class 'decimal.ConversionSyntax'>]
2025-08-06 11:31:53,848 - ERROR - Failed to parse number 'اصلاح': [<class 'decimal.ConversionSyntax'>]
2025-08-06 11:31:53,848 - ERROR - Failed to parse number 'کننده': [<class 'decimal.ConversionSyntax'>]
2025-08-06 11:31:53,848 - ERROR - Failed to parse number 'خاک': [<class 'decimal.ConversionSyntax'>]
2025-08-06 11:31:53,848 - ERROR - Failed to parse number 'نواتر': [<class 'decimal.ConversionSyntax'>]
2025-08-06 11:31:53,848 - INFO - No amount-unit match found in text: کود ریشه زا و اصلاح کننده خاک نواتر
2025-08-06 11:31:55,274 - DEBUG - UnitExtractor initialized with 85 unit mappings and 3 package patterns
2025-08-06 11:31:55,274 - DEBUG - Extracted 50 گرمی -> 0.050 kg
2025-08-06 11:31:56,682 - DEBUG - UnitExtractor initialized with 85 unit mappings and 3 package patterns
2025-08-06 11:31:56,682 - DEBUG - Extracted 20 لیتری -> 20.0 kg
2025-08-06 11:31:58,133 - DEBUG - UnitExtractor initialized with 85 unit mappings and 3 package patterns
2025-08-06 11:31:58,133 - ERROR - Failed to parse number 'کود': [<class 'decimal.ConversionSyntax'>]
2025-08-06 11:31:58,133 - ERROR - Failed to parse number 'مایع': [<class 'decimal.ConversionSyntax'>]
2025-08-06 11:31:58,133 - ERROR - Failed to parse number 'ویژه': [<class 'decimal.ConversionSyntax'>]
2025-08-06 11:31:58,133 - ERROR - Failed to parse number 'اصلاح': [<class 'decimal.ConversionSyntax'>]
2025-08-06 11:31:58,133 - ERROR - Failed to parse number 'خاک': [<class 'decimal.ConversionSyntax'>]
2025-08-06 11:31:58,133 - ERROR - Failed to parse number 'و': [<class 'decimal.ConversionSyntax'>]
2025-08-06 11:31:58,133 - ERROR - Failed to parse number 'محرک': [<class 'decimal.ConversionSyntax'>]
2025-08-06 11:31:58,133 - ERROR - Failed to parse number 'رشد': [<class 'decimal.ConversionSyntax'>]
2025-08-06 11:31:58,133 - INFO - No amount-unit match found in text: کود مایع ویژه اصلاح خاک و محرک رشد
2025-08-06 11:31:59,505 - DEBUG - UnitExtractor initialized with 85 unit mappings and 3 package patterns
2025-08-06 11:31:59,505 - DEBUG - Extracted 2 لیتری -> 2.0 kg
2025-08-06 11:32:00,879 - DEBUG - UnitExtractor initialized with 85 unit mappings and 3 package patterns
2025-08-06 11:32:00,879 - ERROR - Failed to parse number 'ورمی': [<class 'decimal.ConversionSyntax'>]
2025-08-06 11:32:00,879 - ERROR - Failed to parse number 'کمپوست': [<class 'decimal.ConversionSyntax'>]
2025-08-06 11:32:00,879 - ERROR - Failed to parse number 'زرین': [<class 'decimal.ConversionSyntax'>]
2025-08-06 11:32:00,879 - ERROR - Failed to parse number 'خاک': [<class 'decimal.ConversionSyntax'>]
2025-08-06 11:32:00,879 - ERROR - Failed to parse number '(سه': [<class 'decimal.ConversionSyntax'>]
2025-08-06 11:32:00,879 - ERROR - Failed to parse number 'کیلویی)': [<class 'decimal.ConversionSyntax'>]
2025-08-06 11:32:00,879 - INFO - No amount-unit match found in text: ورمی کمپوست زرین خاک (سه کیلویی)
2025-08-06 11:32:02,267 - DEBUG - UnitExtractor initialized with 85 unit mappings and 3 package patterns
2025-08-06 11:32:02,267 - DEBUG - Extracted 15 کیلویی -> 15.0 kg
2025-08-06 11:32:04,287 - DEBUG - UnitExtractor initialized with 85 unit mappings and 3 package patterns
2025-08-06 11:32:04,287 - ERROR - Failed to parse number 'گیاه': [<class 'decimal.ConversionSyntax'>]
2025-08-06 11:32:04,287 - ERROR - Failed to parse number 'هوازی': [<class 'decimal.ConversionSyntax'>]
2025-08-06 11:32:04,287 - ERROR - Failed to parse number 'فانکیانا': [<class 'decimal.ConversionSyntax'>]
2025-08-06 11:32:04,287 - ERROR - Failed to parse number 'بدون': [<class 'decimal.ConversionSyntax'>]
2025-08-06 11:32:04,287 - ERROR - Failed to parse number 'نیاز': [<class 'decimal.ConversionSyntax'>]
2025-08-06 11:32:04,287 - ERROR - Failed to parse number 'به': [<class 'decimal.ConversionSyntax'>]
2025-08-06 11:32:04,287 - ERROR - Failed to parse number 'خاک': [<class 'decimal.ConversionSyntax'>]
2025-08-06 11:32:04,287 - INFO - No amount-unit match found in text: گیاه هوازی فانکیانا بدون نیاز به خاک
2025-08-06 11:32:07,967 - DEBUG - UnitExtractor initialized with 85 unit mappings and 3 package patterns
2025-08-06 11:32:07,967 - ERROR - Failed to parse number 'ساکولنت': [<class 'decimal.ConversionSyntax'>]
2025-08-06 11:32:07,967 - ERROR - Failed to parse number 'خرفه': [<class 'decimal.ConversionSyntax'>]
2025-08-06 11:32:07,968 - ERROR - Failed to parse number 'ای': [<class 'decimal.ConversionSyntax'>]
2025-08-06 11:32:07,968 - ERROR - Failed to parse number 'بسیارزیباوسازگاربامحیط': [<class 'decimal.ConversionSyntax'>]
2025-08-06 11:32:07,968 - ERROR - Failed to parse number 'وتکثیربه': [<class 'decimal.ConversionSyntax'>]
2025-08-06 11:32:07,968 - ERROR - Failed to parse number 'صورت': [<class 'decimal.ConversionSyntax'>]
2025-08-06 11:32:07,968 - ERROR - Failed to parse number 'قلمه': [<class 'decimal.ConversionSyntax'>]
2025-08-06 11:32:07,968 - ERROR - Failed to parse number 'ونورزیادرودوست': [<class 'decimal.ConversionSyntax'>]
2025-08-06 11:32:07,968 - ERROR - Failed to parse number 'داره': [<class 'decimal.ConversionSyntax'>]
2025-08-06 11:32:07,968 - ERROR - Failed to parse number 'ابیاری': [<class 'decimal.ConversionSyntax'>]
2025-08-06 11:32:07,968 - ERROR - Failed to parse number 'بعدازخشک': [<class 'decimal.ConversionSyntax'>]
2025-08-06 11:32:07,968 - ERROR - Failed to parse number 'شدن': [<class 'decimal.ConversionSyntax'>]
2025-08-06 11:32:07,968 - ERROR - Failed to parse number 'خاک': [<class 'decimal.ConversionSyntax'>]
2025-08-06 11:32:07,968 - INFO - No amount-unit match found in text: ساکولنت خرفه ای بسیارزیباوسازگاربامحیط وتکثیربه صورت قلمه ونورزیادرودوست داره ابیاری بعدازخشک شدن خاک
2025-08-06 11:32:09,429 - DEBUG - UnitExtractor initialized with 85 unit mappings and 3 package patterns
2025-08-06 11:32:09,429 - ERROR - Failed to parse number 'مینی': [<class 'decimal.ConversionSyntax'>]
2025-08-06 11:32:09,429 - ERROR - Failed to parse number 'خاک': [<class 'decimal.ConversionSyntax'>]
2025-08-06 11:32:09,429 - ERROR - Failed to parse number 'انداز': [<class 'decimal.ConversionSyntax'>]
2025-08-06 11:32:09,429 - ERROR - Failed to parse number 'همه': [<class 'decimal.ConversionSyntax'>]
2025-08-06 11:32:09,429 - ERROR - Failed to parse number 'کاره': [<class 'decimal.ConversionSyntax'>]
2025-08-06 11:32:09,429 - INFO - No amount-unit match found in text: مینی خاک انداز همه کاره
2025-08-06 11:32:10,800 - DEBUG - UnitExtractor initialized with 85 unit mappings and 3 package patterns
2025-08-06 11:32:10,800 - ERROR - Failed to parse number 'ماسک': [<class 'decimal.ConversionSyntax'>]
2025-08-06 11:32:10,800 - ERROR - Failed to parse number 'صورت': [<class 'decimal.ConversionSyntax'>]
2025-08-06 11:32:10,800 - ERROR - Failed to parse number 'خاک': [<class 'decimal.ConversionSyntax'>]
2025-08-06 11:32:10,800 - ERROR - Failed to parse number 'رس': [<class 'decimal.ConversionSyntax'>]
2025-08-06 11:32:10,800 - ERROR - Failed to parse number 'سفید،': [<class 'decimal.ConversionSyntax'>]
2025-08-06 11:32:10,800 - ERROR - Failed to parse number 'لایه': [<class 'decimal.ConversionSyntax'>]
2025-08-06 11:32:10,800 - ERROR - Failed to parse number 'بردار،': [<class 'decimal.ConversionSyntax'>]
2025-08-06 11:32:10,800 - ERROR - Failed to parse number 'سفید': [<class 'decimal.ConversionSyntax'>]
2025-08-06 11:32:10,800 - ERROR - Failed to parse number 'کننده': [<class 'decimal.ConversionSyntax'>]
2025-08-06 11:32:10,800 - ERROR - Failed to parse number 'و': [<class 'decimal.ConversionSyntax'>]
2025-08-06 11:32:10,800 - ERROR - Failed to parse number 'روشن': [<class 'decimal.ConversionSyntax'>]
2025-08-06 11:32:10,800 - ERROR - Failed to parse number 'کننده': [<class 'decimal.ConversionSyntax'>]
2025-08-06 11:32:10,800 - ERROR - Failed to parse number 'پوست': [<class 'decimal.ConversionSyntax'>]
2025-08-06 11:32:10,800 - INFO - No amount-unit match found in text: ماسک صورت خاک رس سفید، لایه بردار، سفید کننده و روشن کننده پوست
2025-08-06 11:32:12,147 - DEBUG - UnitExtractor initialized with 85 unit mappings and 3 package patterns
2025-08-06 11:32:12,147 - ERROR - Failed to parse number 'کائولن': [<class 'decimal.ConversionSyntax'>]
2025-08-06 11:32:12,147 - ERROR - Failed to parse number 'یا': [<class 'decimal.ConversionSyntax'>]
2025-08-06 11:32:12,147 - ERROR - Failed to parse number 'خاک': [<class 'decimal.ConversionSyntax'>]
2025-08-06 11:32:12,147 - ERROR - Failed to parse number 'رس': [<class 'decimal.ConversionSyntax'>]
2025-08-06 11:32:12,147 - ERROR - Failed to parse number 'سفید': [<class 'decimal.ConversionSyntax'>]
2025-08-06 11:32:12,147 - ERROR - Failed to parse number 'یا': [<class 'decimal.ConversionSyntax'>]
2025-08-06 11:32:12,147 - ERROR - Failed to parse number 'خاک': [<class 'decimal.ConversionSyntax'>]
2025-08-06 11:32:12,147 - ERROR - Failed to parse number 'چینی': [<class 'decimal.ConversionSyntax'>]
2025-08-06 11:32:12,147 - ERROR - Failed to parse number 'درجه': [<class 'decimal.ConversionSyntax'>]
2025-08-06 11:32:12,147 - ERROR - Failed to parse number 'یک': [<class 'decimal.ConversionSyntax'>]
2025-08-06 11:32:12,147 - INFO - No amount-unit match found in text: کائولن یا خاک رس سفید یا خاک چینی درجه یک
2025-08-06 11:32:13,520 - DEBUG - UnitExtractor initialized with 85 unit mappings and 3 package patterns
2025-08-06 11:32:13,520 - ERROR - Failed to parse number 'گلناز': [<class 'decimal.ConversionSyntax'>]
2025-08-06 11:32:13,520 - ERROR - Failed to parse number 'فارسی': [<class 'decimal.ConversionSyntax'>]
2025-08-06 11:32:13,520 - ERROR - Failed to parse number 'درشت': [<class 'decimal.ConversionSyntax'>]
2025-08-06 11:32:13,520 - ERROR - Failed to parse number 'بدون': [<class 'decimal.ConversionSyntax'>]
2025-08-06 11:32:13,520 - ERROR - Failed to parse number 'خاک': [<class 'decimal.ConversionSyntax'>]
2025-08-06 11:32:13,520 - ERROR - Failed to parse number 'یک': [<class 'decimal.ConversionSyntax'>]
2025-08-06 11:32:13,520 - ERROR - Failed to parse number 'کیلویی': [<class 'decimal.ConversionSyntax'>]
2025-08-06 11:32:13,520 - ERROR - Failed to parse number 'و': [<class 'decimal.ConversionSyntax'>]
2025-08-06 11:32:13,520 - ERROR - Failed to parse number 'قیمت': [<class 'decimal.ConversionSyntax'>]
2025-08-06 11:32:13,520 - ERROR - Failed to parse number 'عمده': [<class 'decimal.ConversionSyntax'>]
2025-08-06 11:32:13,520 - INFO - No amount-unit match found in text: گلناز فارسی درشت بدون خاک یک کیلویی و 300 قیمت عمده
2025-08-06 11:32:14,925 - DEBUG - UnitExtractor initialized with 85 unit mappings and 3 package patterns
2025-08-06 11:32:14,925 - ERROR - Failed to parse number 'ریشه': [<class 'decimal.ConversionSyntax'>]
2025-08-06 11:32:14,925 - ERROR - Failed to parse number 'گیاه': [<class 'decimal.ConversionSyntax'>]
2025-08-06 11:32:14,925 - ERROR - Failed to parse number 'انجبار': [<class 'decimal.ConversionSyntax'>]
2025-08-06 11:32:14,925 - ERROR - Failed to parse number 'خارجی': [<class 'decimal.ConversionSyntax'>]
2025-08-06 11:32:14,925 - ERROR - Failed to parse number 'خشک': [<class 'decimal.ConversionSyntax'>]
2025-08-06 11:32:14,925 - ERROR - Failed to parse number 'بدون': [<class 'decimal.ConversionSyntax'>]
2025-08-06 11:32:14,925 - ERROR - Failed to parse number 'خاک': [<class 'decimal.ConversionSyntax'>]
2025-08-06 11:32:14,925 - ERROR - Failed to parse number 'صد': [<class 'decimal.ConversionSyntax'>]
2025-08-06 11:32:14,925 - ERROR - Failed to parse number 'گرمی': [<class 'decimal.ConversionSyntax'>]
2025-08-06 11:32:14,925 - INFO - No amount-unit match found in text: ریشه گیاه انجبار خارجی خشک بدون خاک صد گرمی
2025-08-06 11:32:16,366 - DEBUG - UnitExtractor initialized with 85 unit mappings and 3 package patterns
2025-08-06 11:32:16,366 - DEBUG - Extracted 500 گرمی -> 0.500 kg
2025-08-06 11:32:17,802 - DEBUG - UnitExtractor initialized with 85 unit mappings and 3 package patterns
2025-08-06 11:32:17,803 - ERROR - Failed to parse number 'اسفند': [<class 'decimal.ConversionSyntax'>]
2025-08-06 11:32:17,803 - ERROR - Failed to parse number '(تمیز': [<class 'decimal.ConversionSyntax'>]
2025-08-06 11:32:17,803 - ERROR - Failed to parse number 'بدون': [<class 'decimal.ConversionSyntax'>]
2025-08-06 11:32:17,803 - ERROR - Failed to parse number 'خاک-': [<class 'decimal.ConversionSyntax'>]
2025-08-06 11:32:17,803 - ERROR - Failed to parse number 'ضدمیکروبی': [<class 'decimal.ConversionSyntax'>]
2025-08-06 11:32:17,803 - ERROR - Failed to parse number 'با': [<class 'decimal.ConversionSyntax'>]
2025-08-06 11:32:17,803 - ERROR - Failed to parse number 'متد': [<class 'decimal.ConversionSyntax'>]
2025-08-06 11:32:17,803 - ERROR - Failed to parse number 'Ozone)': [<class 'decimal.ConversionSyntax'>]
2025-08-06 11:32:17,803 - INFO - No amount-unit match found in text: اسفند (تمیز بدون خاک- ضدمیکروبی با متد Ozone)
2025-08-06 11:32:19,173 - DEBUG - UnitExtractor initialized with 85 unit mappings and 3 package patterns
2025-08-06 11:32:19,173 - ERROR - Failed to parse number 'سانسوریا': [<class 'decimal.ConversionSyntax'>]
2025-08-06 11:32:19,173 - ERROR - Failed to parse number 'بنسل': [<class 'decimal.ConversionSyntax'>]
2025-08-06 11:32:19,173 - ERROR - Failed to parse number 'خاک': [<class 'decimal.ConversionSyntax'>]
2025-08-06 11:32:19,173 - ERROR - Failed to parse number 'استریل': [<class 'decimal.ConversionSyntax'>]
2025-08-06 11:32:19,173 - ERROR - Failed to parse number 'و': [<class 'decimal.ConversionSyntax'>]
2025-08-06 11:32:19,173 - ERROR - Failed to parse number 'گلدان': [<class 'decimal.ConversionSyntax'>]
2025-08-06 11:32:19,173 - ERROR - Failed to parse number 'سفید': [<class 'decimal.ConversionSyntax'>]
2025-08-06 11:32:19,173 - INFO - No amount-unit match found in text: سانسوریا بنسل خاک استریل و گلدان سفید
2025-08-06 11:32:20,572 - DEBUG - UnitExtractor initialized with 85 unit mappings and 3 package patterns
2025-08-06 11:32:20,572 - ERROR - Failed to parse number 'کود': [<class 'decimal.ConversionSyntax'>]
2025-08-06 11:32:20,572 - ERROR - Failed to parse number 'اصلاح': [<class 'decimal.ConversionSyntax'>]
2025-08-06 11:32:20,572 - ERROR - Failed to parse number 'کننده': [<class 'decimal.ConversionSyntax'>]
2025-08-06 11:32:20,572 - ERROR - Failed to parse number 'خاک': [<class 'decimal.ConversionSyntax'>]
2025-08-06 11:32:20,572 - ERROR - Failed to parse number 'آذر': [<class 'decimal.ConversionSyntax'>]
2025-08-06 11:32:20,572 - ERROR - Failed to parse number 'سبزینه': [<class 'decimal.ConversionSyntax'>]
2025-08-06 11:32:20,572 - INFO - No amount-unit match found in text: کود اصلاح کننده خاک آذر سبزینه
2025-08-06 11:32:21,954 - DEBUG - UnitExtractor initialized with 85 unit mappings and 3 package patterns
2025-08-06 11:32:21,954 - ERROR - Failed to parse number 'کود': [<class 'decimal.ConversionSyntax'>]
2025-08-06 11:32:21,954 - ERROR - Failed to parse number 'سولفور': [<class 'decimal.ConversionSyntax'>]
2025-08-06 11:32:21,954 - ERROR - Failed to parse number 'پلاس': [<class 'decimal.ConversionSyntax'>]
2025-08-06 11:32:21,954 - ERROR - Failed to parse number 'رفع': [<class 'decimal.ConversionSyntax'>]
2025-08-06 11:32:21,954 - ERROR - Failed to parse number 'کمبود': [<class 'decimal.ConversionSyntax'>]
2025-08-06 11:32:21,954 - ERROR - Failed to parse number 'مواد': [<class 'decimal.ConversionSyntax'>]
2025-08-06 11:32:21,954 - ERROR - Failed to parse number 'غذایی': [<class 'decimal.ConversionSyntax'>]
2025-08-06 11:32:21,954 - ERROR - Failed to parse number 'خاک': [<class 'decimal.ConversionSyntax'>]
2025-08-06 11:32:21,954 - INFO - No amount-unit match found in text: کود سولفور پلاس رفع کمبود مواد غذایی خاک
2025-08-06 11:32:23,311 - DEBUG - UnitExtractor initialized with 85 unit mappings and 3 package patterns
2025-08-06 11:32:23,311 - DEBUG - Extracted 1 کیلوگرم -> 1.0 kg
2025-08-06 11:32:24,672 - DEBUG - UnitExtractor initialized with 85 unit mappings and 3 package patterns
2025-08-06 11:32:24,672 - DEBUG - Extracted 5 کیلوگرمی -> 5.0 kg
2025-08-06 11:32:26,029 - DEBUG - UnitExtractor initialized with 85 unit mappings and 3 package patterns
2025-08-06 11:32:26,029 - ERROR - Failed to parse number 'پوست': [<class 'decimal.ConversionSyntax'>]
2025-08-06 11:32:26,029 - ERROR - Failed to parse number 'بادام': [<class 'decimal.ConversionSyntax'>]
2025-08-06 11:32:26,029 - ERROR - Failed to parse number 'زمینی': [<class 'decimal.ConversionSyntax'>]
2025-08-06 11:32:26,029 - ERROR - Failed to parse number 'کیسه': [<class 'decimal.ConversionSyntax'>]
2025-08-06 11:32:26,029 - ERROR - Failed to parse number 'ای': [<class 'decimal.ConversionSyntax'>]
2025-08-06 11:32:26,029 - ERROR - Failed to parse number '(': [<class 'decimal.ConversionSyntax'>]
2025-08-06 11:32:26,029 - ERROR - Failed to parse number 'زهکش': [<class 'decimal.ConversionSyntax'>]
2025-08-06 11:32:26,029 - ERROR - Failed to parse number 'و': [<class 'decimal.ConversionSyntax'>]
2025-08-06 11:32:26,029 - ERROR - Failed to parse number 'سبک': [<class 'decimal.ConversionSyntax'>]
2025-08-06 11:32:26,029 - ERROR - Failed to parse number 'کننده': [<class 'decimal.ConversionSyntax'>]
2025-08-06 11:32:26,029 - ERROR - Failed to parse number 'برای': [<class 'decimal.ConversionSyntax'>]
2025-08-06 11:32:26,029 - ERROR - Failed to parse number 'گلدان': [<class 'decimal.ConversionSyntax'>]
2025-08-06 11:32:26,029 - ERROR - Failed to parse number 'و': [<class 'decimal.ConversionSyntax'>]
2025-08-06 11:32:26,029 - ERROR - Failed to parse number 'خاک': [<class 'decimal.ConversionSyntax'>]
2025-08-06 11:32:26,029 - ERROR - Failed to parse number ')': [<class 'decimal.ConversionSyntax'>]
2025-08-06 11:32:26,029 - INFO - No amount-unit match found in text: پوست بادام زمینی کیسه ای ( زهکش و سبک کننده برای گلدان و خاک )
2025-08-06 11:32:27,473 - DEBUG - UnitExtractor initialized with 85 unit mappings and 3 package patterns
2025-08-06 11:32:27,473 - DEBUG - Extracted 3 لیتری -> 3.0 kg
2025-08-06 11:32:28,878 - DEBUG - UnitExtractor initialized with 85 unit mappings and 3 package patterns
2025-08-06 11:32:28,878 - ERROR - Failed to parse number 'کود': [<class 'decimal.ConversionSyntax'>]
2025-08-06 11:32:28,878 - ERROR - Failed to parse number 'هیومیک': [<class 'decimal.ConversionSyntax'>]
2025-08-06 11:32:28,878 - ERROR - Failed to parse number 'لئو': [<class 'decimal.ConversionSyntax'>]
2025-08-06 11:32:28,878 - ERROR - Failed to parse number 'پودری': [<class 'decimal.ConversionSyntax'>]
2025-08-06 11:32:28,878 - ERROR - Failed to parse number 'اصلاح': [<class 'decimal.ConversionSyntax'>]
2025-08-06 11:32:28,878 - ERROR - Failed to parse number 'کننده': [<class 'decimal.ConversionSyntax'>]
2025-08-06 11:32:28,878 - ERROR - Failed to parse number 'خاک': [<class 'decimal.ConversionSyntax'>]
2025-08-06 11:32:28,878 - ERROR - Failed to parse number 'یک': [<class 'decimal.ConversionSyntax'>]
2025-08-06 11:32:28,878 - ERROR - Failed to parse number 'کیلویی': [<class 'decimal.ConversionSyntax'>]
2025-08-06 11:32:28,878 - ERROR - Failed to parse number 'افزایش': [<class 'decimal.ConversionSyntax'>]
2025-08-06 11:32:28,878 - ERROR - Failed to parse number 'گلدهی': [<class 'decimal.ConversionSyntax'>]
2025-08-06 11:32:28,878 - ERROR - Failed to parse number 'کاهش': [<class 'decimal.ConversionSyntax'>]
2025-08-06 11:32:28,878 - ERROR - Failed to parse number 'بیماری': [<class 'decimal.ConversionSyntax'>]
2025-08-06 11:32:28,878 - INFO - No amount-unit match found in text: کود هیومیک لئو پودری اصلاح کننده خاک یک کیلویی افزایش گلدهی کاهش بیماری
2025-08-06 11:32:30,322 - DEBUG - UnitExtractor initialized with 85 unit mappings and 3 package patterns
2025-08-06 11:32:30,322 - ERROR - Failed to parse number 'پوکه': [<class 'decimal.ConversionSyntax'>]
2025-08-06 11:32:30,322 - ERROR - Failed to parse number 'معدنی': [<class 'decimal.ConversionSyntax'>]
2025-08-06 11:32:30,322 - ERROR - Failed to parse number 'کیفیت': [<class 'decimal.ConversionSyntax'>]
2025-08-06 11:32:30,322 - ERROR - Failed to parse number 'ویژه': [<class 'decimal.ConversionSyntax'>]
2025-08-06 11:32:30,322 - ERROR - Failed to parse number 'گلدان': [<class 'decimal.ConversionSyntax'>]
2025-08-06 11:32:30,322 - ERROR - Failed to parse number 'های': [<class 'decimal.ConversionSyntax'>]
2025-08-06 11:32:30,322 - ERROR - Failed to parse number 'هیدروپونیک': [<class 'decimal.ConversionSyntax'>]
2025-08-06 11:32:30,322 - ERROR - Failed to parse number 'و': [<class 'decimal.ConversionSyntax'>]
2025-08-06 11:32:30,322 - ERROR - Failed to parse number 'کشت': [<class 'decimal.ConversionSyntax'>]
2025-08-06 11:32:30,322 - ERROR - Failed to parse number 'بدون': [<class 'decimal.ConversionSyntax'>]
2025-08-06 11:32:30,322 - ERROR - Failed to parse number 'خاک': [<class 'decimal.ConversionSyntax'>]
2025-08-06 11:32:30,322 - INFO - No amount-unit match found in text: پوکه معدنی کیفیت ویژه گلدان های هیدروپونیک و کشت بدون خاک
2025-08-06 11:32:31,771 - DEBUG - UnitExtractor initialized with 85 unit mappings and 3 package patterns
2025-08-06 11:32:31,771 - ERROR - Failed to parse number 'پرلیت': [<class 'decimal.ConversionSyntax'>]
2025-08-06 11:32:31,771 - ERROR - Failed to parse number 'دانه': [<class 'decimal.ConversionSyntax'>]
2025-08-06 11:32:31,771 - ERROR - Failed to parse number 'متوسط': [<class 'decimal.ConversionSyntax'>]
2025-08-06 11:32:31,771 - ERROR - Failed to parse number '،': [<class 'decimal.ConversionSyntax'>]
2025-08-06 11:32:31,771 - ERROR - Failed to parse number 'عالی': [<class 'decimal.ConversionSyntax'>]
2025-08-06 11:32:31,771 - ERROR - Failed to parse number 'برای': [<class 'decimal.ConversionSyntax'>]
2025-08-06 11:32:31,771 - ERROR - Failed to parse number 'قلمه': [<class 'decimal.ConversionSyntax'>]
2025-08-06 11:32:31,771 - ERROR - Failed to parse number 'گیری': [<class 'decimal.ConversionSyntax'>]
2025-08-06 11:32:31,771 - ERROR - Failed to parse number 'و': [<class 'decimal.ConversionSyntax'>]
2025-08-06 11:32:31,771 - ERROR - Failed to parse number 'همچنین': [<class 'decimal.ConversionSyntax'>]
2025-08-06 11:32:31,771 - ERROR - Failed to parse number 'سبک': [<class 'decimal.ConversionSyntax'>]
2025-08-06 11:32:31,771 - ERROR - Failed to parse number 'سازی': [<class 'decimal.ConversionSyntax'>]
2025-08-06 11:32:31,771 - ERROR - Failed to parse number 'خاک': [<class 'decimal.ConversionSyntax'>]
2025-08-06 11:32:31,771 - INFO - No amount-unit match found in text: پرلیت دانه متوسط ، عالی برای قلمه گیری و همچنین سبک سازی خاک
2025-08-06 11:32:33,176 - DEBUG - UnitExtractor initialized with 85 unit mappings and 3 package patterns
2025-08-06 11:32:33,177 - ERROR - Failed to parse number 'سانسوریا': [<class 'decimal.ConversionSyntax'>]
2025-08-06 11:32:33,177 - ERROR - Failed to parse number 'ماسونیانا': [<class 'decimal.ConversionSyntax'>]
2025-08-06 11:32:33,177 - ERROR - Failed to parse number 'پوست': [<class 'decimal.ConversionSyntax'>]
2025-08-06 11:32:33,177 - ERROR - Failed to parse number 'ماری': [<class 'decimal.ConversionSyntax'>]
2025-08-06 11:32:33,177 - ERROR - Failed to parse number 'دو': [<class 'decimal.ConversionSyntax'>]
2025-08-06 11:32:33,177 - ERROR - Failed to parse number 'قلافی': [<class 'decimal.ConversionSyntax'>]
2025-08-06 11:32:33,177 - ERROR - Failed to parse number 'ریشه': [<class 'decimal.ConversionSyntax'>]
2025-08-06 11:32:33,177 - ERROR - Failed to parse number 'پر': [<class 'decimal.ConversionSyntax'>]
2025-08-06 11:32:33,177 - ERROR - Failed to parse number 'بالای': [<class 'decimal.ConversionSyntax'>]
2025-08-06 11:32:33,177 - ERROR - Failed to parse number 'سانت': [<class 'decimal.ConversionSyntax'>]
2025-08-06 11:32:33,177 - ERROR - Failed to parse number 'روی': [<class 'decimal.ConversionSyntax'>]
2025-08-06 11:32:33,177 - ERROR - Failed to parse number 'خاک': [<class 'decimal.ConversionSyntax'>]
2025-08-06 11:32:33,177 - ERROR - Failed to parse number '(پس': [<class 'decimal.ConversionSyntax'>]
2025-08-06 11:32:33,177 - ERROR - Failed to parse number 'کرایه)': [<class 'decimal.ConversionSyntax'>]
2025-08-06 11:32:33,177 - INFO - No amount-unit match found in text: سانسوریا ماسونیانا پوست ماری دو قلافی ریشه پر بالای 55 سانت روی خاک (پس کرایه)
2025-08-06 11:32:34,636 - DEBUG - UnitExtractor initialized with 85 unit mappings and 3 package patterns
2025-08-06 11:32:34,636 - ERROR - Failed to parse number 'سانسوریا': [<class 'decimal.ConversionSyntax'>]
2025-08-06 11:32:34,636 - ERROR - Failed to parse number 'کرواتی': [<class 'decimal.ConversionSyntax'>]
2025-08-06 11:32:34,636 - ERROR - Failed to parse number 'ابلق': [<class 'decimal.ConversionSyntax'>]
2025-08-06 11:32:34,636 - ERROR - Failed to parse number 'با': [<class 'decimal.ConversionSyntax'>]
2025-08-06 11:32:34,636 - ERROR - Failed to parse number 'خاک': [<class 'decimal.ConversionSyntax'>]
2025-08-06 11:32:34,636 - ERROR - Failed to parse number 'استریل': [<class 'decimal.ConversionSyntax'>]
2025-08-06 11:32:34,636 - ERROR - Failed to parse number 'و': [<class 'decimal.ConversionSyntax'>]
2025-08-06 11:32:34,636 - ERROR - Failed to parse number 'گلدان': [<class 'decimal.ConversionSyntax'>]
2025-08-06 11:32:34,636 - ERROR - Failed to parse number 'سفید': [<class 'decimal.ConversionSyntax'>]
2025-08-06 11:32:34,636 - INFO - No amount-unit match found in text: سانسوریا کرواتی ابلق با خاک استریل و گلدان سفید
2025-08-06 11:32:36,121 - DEBUG - UnitExtractor initialized with 85 unit mappings and 3 package patterns
2025-08-06 11:32:36,121 - ERROR - Failed to parse number 'ماسک': [<class 'decimal.ConversionSyntax'>]
2025-08-06 11:32:36,121 - ERROR - Failed to parse number 'صورت': [<class 'decimal.ConversionSyntax'>]
2025-08-06 11:32:36,121 - ERROR - Failed to parse number 'خاک': [<class 'decimal.ConversionSyntax'>]
2025-08-06 11:32:36,121 - ERROR - Failed to parse number 'رس': [<class 'decimal.ConversionSyntax'>]
2025-08-06 11:32:36,121 - ERROR - Failed to parse number 'پوست': [<class 'decimal.ConversionSyntax'>]
2025-08-06 11:32:36,121 - ERROR - Failed to parse number 'معمولی': [<class 'decimal.ConversionSyntax'>]
2025-08-06 11:32:36,121 - ERROR - Failed to parse number 'کریستال': [<class 'decimal.ConversionSyntax'>]
2025-08-06 11:32:36,121 - ERROR - Failed to parse number 'پلاس': [<class 'decimal.ConversionSyntax'>]
2025-08-06 11:32:36,122 - ERROR - Failed to parse number 'حاوی': [<class 'decimal.ConversionSyntax'>]
2025-08-06 11:32:36,122 - ERROR - Failed to parse number 'عصاره': [<class 'decimal.ConversionSyntax'>]
2025-08-06 11:32:36,122 - ERROR - Failed to parse number 'انار': [<class 'decimal.ConversionSyntax'>]
2025-08-06 11:32:36,122 - INFO - No amount-unit match found in text: ماسک صورت خاک رس پوست معمولی کریستال پلاس حاوی عصاره انار
2025-08-06 11:32:37,522 - DEBUG - UnitExtractor initialized with 85 unit mappings and 3 package patterns
2025-08-06 11:32:37,522 - ERROR - Failed to parse number 'ورمی': [<class 'decimal.ConversionSyntax'>]
2025-08-06 11:32:37,522 - ERROR - Failed to parse number 'کمپوست': [<class 'decimal.ConversionSyntax'>]
2025-08-06 11:32:37,522 - ERROR - Failed to parse number 'کود': [<class 'decimal.ConversionSyntax'>]
2025-08-06 11:32:37,522 - ERROR - Failed to parse number 'تقویت': [<class 'decimal.ConversionSyntax'>]
2025-08-06 11:32:37,522 - ERROR - Failed to parse number 'کننده': [<class 'decimal.ConversionSyntax'>]
2025-08-06 11:32:37,522 - ERROR - Failed to parse number 'خاک': [<class 'decimal.ConversionSyntax'>]
2025-08-06 11:32:37,522 - INFO - No amount-unit match found in text: ورمی کمپوست کود تقویت کننده خاک
2025-08-06 11:32:38,944 - DEBUG - UnitExtractor initialized with 85 unit mappings and 3 package patterns
2025-08-06 11:32:38,944 - DEBUG - Extracted 10 کیلویی -> 10.0 kg
2025-08-06 11:32:40,324 - DEBUG - UnitExtractor initialized with 85 unit mappings and 3 package patterns
2025-08-06 11:32:40,324 - ERROR - Failed to parse number 'ماسک': [<class 'decimal.ConversionSyntax'>]
2025-08-06 11:32:40,324 - ERROR - Failed to parse number 'صورت': [<class 'decimal.ConversionSyntax'>]
2025-08-06 11:32:40,324 - ERROR - Failed to parse number 'خاک': [<class 'decimal.ConversionSyntax'>]
2025-08-06 11:32:40,324 - ERROR - Failed to parse number 'رس': [<class 'decimal.ConversionSyntax'>]
2025-08-06 11:32:40,324 - ERROR - Failed to parse number 'سفید،': [<class 'decimal.ConversionSyntax'>]
2025-08-06 11:32:40,324 - ERROR - Failed to parse number 'لایه': [<class 'decimal.ConversionSyntax'>]
2025-08-06 11:32:40,324 - ERROR - Failed to parse number 'بردار،': [<class 'decimal.ConversionSyntax'>]
2025-08-06 11:32:40,324 - ERROR - Failed to parse number 'پاکسازی': [<class 'decimal.ConversionSyntax'>]
2025-08-06 11:32:40,324 - ERROR - Failed to parse number 'صورت،': [<class 'decimal.ConversionSyntax'>]
2025-08-06 11:32:40,324 - ERROR - Failed to parse number 'رفع': [<class 'decimal.ConversionSyntax'>]
2025-08-06 11:32:40,324 - ERROR - Failed to parse number 'آلودگی': [<class 'decimal.ConversionSyntax'>]
2025-08-06 11:32:40,324 - ERROR - Failed to parse number 'پوست،': [<class 'decimal.ConversionSyntax'>]
2025-08-06 11:32:40,324 - ERROR - Failed to parse number 'سفید': [<class 'decimal.ConversionSyntax'>]
2025-08-06 11:32:40,324 - ERROR - Failed to parse number 'کننده': [<class 'decimal.ConversionSyntax'>]
2025-08-06 11:32:40,324 - ERROR - Failed to parse number 'و': [<class 'decimal.ConversionSyntax'>]
2025-08-06 11:32:40,324 - ERROR - Failed to parse number 'روشن': [<class 'decimal.ConversionSyntax'>]
2025-08-06 11:32:40,324 - ERROR - Failed to parse number 'کننده': [<class 'decimal.ConversionSyntax'>]
2025-08-06 11:32:40,324 - ERROR - Failed to parse number 'پوست': [<class 'decimal.ConversionSyntax'>]
2025-08-06 11:32:40,324 - ERROR - Failed to parse number '،': [<class 'decimal.ConversionSyntax'>]
2025-08-06 11:32:40,324 - ERROR - Failed to parse number 'رفع': [<class 'decimal.ConversionSyntax'>]
2025-08-06 11:32:40,324 - ERROR - Failed to parse number 'تیرگی': [<class 'decimal.ConversionSyntax'>]
2025-08-06 11:32:40,324 - ERROR - Failed to parse number 'پوست': [<class 'decimal.ConversionSyntax'>]
2025-08-06 11:32:40,324 - INFO - No amount-unit match found in text: ماسک صورت خاک رس سفید، لایه بردار، پاکسازی صورت، رفع آلودگی پوست، سفید کننده و روشن کننده پوست ، رفع تیرگی پوست
2025-08-06 11:32:41,709 - DEBUG - UnitExtractor initialized with 85 unit mappings and 3 package patterns
2025-08-06 11:32:41,709 - ERROR - Failed to parse number 'ماسک': [<class 'decimal.ConversionSyntax'>]
2025-08-06 11:32:41,709 - ERROR - Failed to parse number 'صورت': [<class 'decimal.ConversionSyntax'>]
2025-08-06 11:32:41,709 - ERROR - Failed to parse number 'خاک': [<class 'decimal.ConversionSyntax'>]
2025-08-06 11:32:41,709 - ERROR - Failed to parse number 'رس': [<class 'decimal.ConversionSyntax'>]
2025-08-06 11:32:41,709 - ERROR - Failed to parse number 'سفید': [<class 'decimal.ConversionSyntax'>]
2025-08-06 11:32:41,709 - INFO - No amount-unit match found in text: ماسک صورت خاک رس سفید
2025-08-06 11:32:43,152 - DEBUG - UnitExtractor initialized with 85 unit mappings and 3 package patterns
2025-08-06 11:32:43,153 - DEBUG - Extracted 120 میلی لیتر -> 0.120 kg
2025-08-06 11:32:44,554 - DEBUG - UnitExtractor initialized with 85 unit mappings and 3 package patterns
2025-08-06 11:32:44,554 - DEBUG - Extracted 120 میلی لیتر -> 0.120 kg
2025-08-06 11:32:45,976 - DEBUG - UnitExtractor initialized with 85 unit mappings and 3 package patterns
2025-08-06 11:32:45,976 - DEBUG - Extracted 50 گرمی -> 0.050 kg
2025-08-06 11:32:47,374 - DEBUG - UnitExtractor initialized with 85 unit mappings and 3 package patterns
2025-08-06 11:32:47,374 - DEBUG - Extracted 50 گرمی -> 0.050 kg
2025-08-06 11:32:48,789 - DEBUG - UnitExtractor initialized with 85 unit mappings and 3 package patterns
2025-08-06 11:32:48,789 - WARNING - Unknown unit: K
2025-08-06 11:32:48,789 - DEBUG - Fallback extracted 50 گرمی -> 0.050 kg
2025-08-06 11:32:50,171 - DEBUG - UnitExtractor initialized with 85 unit mappings and 3 package patterns
2025-08-06 11:32:50,171 - DEBUG - Extracted 50 گرمی -> 0.050 kg
2025-08-06 11:32:51,574 - DEBUG - UnitExtractor initialized with 85 unit mappings and 3 package patterns
2025-08-06 11:32:51,575 - DEBUG - Extracted 50 گرمی -> 0.050 kg
2025-08-06 11:32:53,000 - DEBUG - UnitExtractor initialized with 85 unit mappings and 3 package patterns
2025-08-06 11:32:53,000 - DEBUG - Extracted 50 گرمی -> 0.050 kg
2025-08-06 11:32:54,397 - DEBUG - UnitExtractor initialized with 85 unit mappings and 3 package patterns
2025-08-06 11:32:54,397 - DEBUG - Extracted 50 گرمی -> 0.050 kg
2025-08-06 11:32:55,799 - DEBUG - UnitExtractor initialized with 85 unit mappings and 3 package patterns
2025-08-06 11:32:55,800 - ERROR - Failed to parse number 'ماسک': [<class 'decimal.ConversionSyntax'>]
2025-08-06 11:32:55,800 - ERROR - Failed to parse number 'صورت': [<class 'decimal.ConversionSyntax'>]
2025-08-06 11:32:55,800 - ERROR - Failed to parse number 'خاک': [<class 'decimal.ConversionSyntax'>]
2025-08-06 11:32:55,800 - ERROR - Failed to parse number 'رس': [<class 'decimal.ConversionSyntax'>]
2025-08-06 11:32:55,800 - ERROR - Failed to parse number '-': [<class 'decimal.ConversionSyntax'>]
2025-08-06 11:32:55,800 - ERROR - Failed to parse number 'HELLO': [<class 'decimal.ConversionSyntax'>]
2025-08-06 11:32:55,800 - INFO - No amount-unit match found in text: ماسک صورت خاک رس - HELLO
2025-08-06 11:32:57,194 - DEBUG - UnitExtractor initialized with 85 unit mappings and 3 package patterns
2025-08-06 11:32:57,195 - ERROR - Failed to parse number 'فروش': [<class 'decimal.ConversionSyntax'>]
2025-08-06 11:32:57,195 - ERROR - Failed to parse number 'خاک': [<class 'decimal.ConversionSyntax'>]
2025-08-06 11:32:57,195 - ERROR - Failed to parse number 'تخصصی': [<class 'decimal.ConversionSyntax'>]
2025-08-06 11:32:57,195 - ERROR - Failed to parse number 'فروشگاه': [<class 'decimal.ConversionSyntax'>]
2025-08-06 11:32:57,195 - ERROR - Failed to parse number 'ارکیده': [<class 'decimal.ConversionSyntax'>]
2025-08-06 11:32:57,195 - ERROR - Failed to parse number 'خونه': [<class 'decimal.ConversionSyntax'>]
2025-08-06 11:32:57,195 - ERROR - Failed to parse number 'مخصوص': [<class 'decimal.ConversionSyntax'>]
2025-08-06 11:32:57,195 - ERROR - Failed to parse number 'انواع': [<class 'decimal.ConversionSyntax'>]
2025-08-06 11:32:57,195 - ERROR - Failed to parse number 'ارکیده': [<class 'decimal.ConversionSyntax'>]
2025-08-06 11:32:57,195 - ERROR - Failed to parse number 'به': [<class 'decimal.ConversionSyntax'>]
2025-08-06 11:32:57,195 - ERROR - Failed to parse number 'همراه': [<class 'decimal.ConversionSyntax'>]
2025-08-06 11:32:57,195 - ERROR - Failed to parse number 'هدیه': [<class 'decimal.ConversionSyntax'>]
2025-08-06 11:32:57,195 - ERROR - Failed to parse number 'کود': [<class 'decimal.ConversionSyntax'>]
2025-08-06 11:32:57,195 - INFO - No amount-unit match found in text: فروش خاک تخصصی فروشگاه ارکیده خونه مخصوص انواع ارکیده به همراه هدیه کود
2025-08-06 11:32:58,574 - DEBUG - UnitExtractor initialized with 85 unit mappings and 3 package patterns
2025-08-06 11:32:58,574 - DEBUG - Package extracted 3 units -> 0.012 kg
2025-08-06 11:32:59,945 - DEBUG - UnitExtractor initialized with 85 unit mappings and 3 package patterns
2025-08-06 11:32:59,946 - DEBUG - Extracted 100 گرمی -> 0.100 kg
2025-08-06 11:33:01,337 - DEBUG - UnitExtractor initialized with 85 unit mappings and 3 package patterns
2025-08-06 11:33:01,337 - DEBUG - Extracted 70 گرمی -> 0.070 kg
2025-08-06 11:33:02,753 - DEBUG - UnitExtractor initialized with 85 unit mappings and 3 package patterns
2025-08-06 11:33:02,754 - ERROR - Failed to parse number 'هویا': [<class 'decimal.ConversionSyntax'>]
2025-08-06 11:33:02,754 - ERROR - Failed to parse number 'تریکالر': [<class 'decimal.ConversionSyntax'>]
2025-08-06 11:33:02,754 - ERROR - Failed to parse number 'با': [<class 'decimal.ConversionSyntax'>]
2025-08-06 11:33:02,754 - ERROR - Failed to parse number 'گلدان': [<class 'decimal.ConversionSyntax'>]
2025-08-06 11:33:02,754 - ERROR - Failed to parse number 'آلمانی': [<class 'decimal.ConversionSyntax'>]
2025-08-06 11:33:02,754 - ERROR - Failed to parse number 'و': [<class 'decimal.ConversionSyntax'>]
2025-08-06 11:33:02,754 - ERROR - Failed to parse number 'خاک': [<class 'decimal.ConversionSyntax'>]
2025-08-06 11:33:02,754 - ERROR - Failed to parse number 'تخصصی': [<class 'decimal.ConversionSyntax'>]
2025-08-06 11:33:02,754 - ERROR - Failed to parse number '(': [<class 'decimal.ConversionSyntax'>]
2025-08-06 11:33:02,754 - ERROR - Failed to parse number 'ارسال': [<class 'decimal.ConversionSyntax'>]
2025-08-06 11:33:02,754 - ERROR - Failed to parse number 'پس': [<class 'decimal.ConversionSyntax'>]
2025-08-06 11:33:02,754 - ERROR - Failed to parse number 'کرایه': [<class 'decimal.ConversionSyntax'>]
2025-08-06 11:33:02,754 - ERROR - Failed to parse number ')': [<class 'decimal.ConversionSyntax'>]
2025-08-06 11:33:02,754 - INFO - No amount-unit match found in text: هویا تریکالر با گلدان آلمانی و خاک تخصصی ( ارسال پس کرایه )
2025-08-06 11:33:04,169 - DEBUG - UnitExtractor initialized with 85 unit mappings and 3 package patterns
2025-08-06 11:33:04,170 - ERROR - Failed to parse number 'کود': [<class 'decimal.ConversionSyntax'>]
2025-08-06 11:33:04,170 - ERROR - Failed to parse number 'اسید': [<class 'decimal.ConversionSyntax'>]
2025-08-06 11:33:04,170 - ERROR - Failed to parse number 'هیومک': [<class 'decimal.ConversionSyntax'>]
2025-08-06 11:33:04,170 - ERROR - Failed to parse number 'بهساز': [<class 'decimal.ConversionSyntax'>]
2025-08-06 11:33:04,170 - ERROR - Failed to parse number 'خاک': [<class 'decimal.ConversionSyntax'>]
2025-08-06 11:33:04,170 - INFO - No amount-unit match found in text: کود اسید هیومک بهساز خاک
2025-08-06 11:33:05,562 - DEBUG - UnitExtractor initialized with 85 unit mappings and 3 package patterns
2025-08-06 11:33:05,562 - ERROR - Failed to parse number 'قلمه': [<class 'decimal.ConversionSyntax'>]
2025-08-06 11:33:05,562 - ERROR - Failed to parse number 'هویا': [<class 'decimal.ConversionSyntax'>]
2025-08-06 11:33:05,562 - ERROR - Failed to parse number 'از': [<class 'decimal.ConversionSyntax'>]
2025-08-06 11:33:05,562 - ERROR - Failed to parse number 'مدل': [<class 'decimal.ConversionSyntax'>]
2025-08-06 11:33:05,562 - ERROR - Failed to parse number 'های': [<class 'decimal.ConversionSyntax'>]
2025-08-06 11:33:05,562 - ERROR - Failed to parse number 'مختلف': [<class 'decimal.ConversionSyntax'>]
2025-08-06 11:33:05,562 - ERROR - Failed to parse number '(پک': [<class 'decimal.ConversionSyntax'>]
2025-08-06 11:33:05,562 - ERROR - Failed to parse number 'عددی': [<class 'decimal.ConversionSyntax'>]
2025-08-06 11:33:05,562 - ERROR - Failed to parse number 'به': [<class 'decimal.ConversionSyntax'>]
2025-08-06 11:33:05,562 - ERROR - Failed to parse number 'همراه': [<class 'decimal.ConversionSyntax'>]
2025-08-06 11:33:05,562 - ERROR - Failed to parse number 'خاک': [<class 'decimal.ConversionSyntax'>]
2025-08-06 11:33:05,562 - ERROR - Failed to parse number 'و': [<class 'decimal.ConversionSyntax'>]
2025-08-06 11:33:05,562 - ERROR - Failed to parse number 'گلدان': [<class 'decimal.ConversionSyntax'>]
2025-08-06 11:33:05,562 - ERROR - Failed to parse number 'و': [<class 'decimal.ConversionSyntax'>]
2025-08-06 11:33:05,562 - ERROR - Failed to parse number 'کود)': [<class 'decimal.ConversionSyntax'>]
2025-08-06 11:33:05,562 - ERROR - Failed to parse number '(پس': [<class 'decimal.ConversionSyntax'>]
2025-08-06 11:33:05,562 - ERROR - Failed to parse number 'کرایه)': [<class 'decimal.ConversionSyntax'>]
2025-08-06 11:33:05,562 - INFO - No amount-unit match found in text: قلمه هویا از مدل های مختلف (پک 6 عددی به همراه خاک و گلدان و کود) (پس کرایه)
2025-08-06 11:33:07,019 - DEBUG - UnitExtractor initialized with 85 unit mappings and 3 package patterns
2025-08-06 11:33:07,019 - ERROR - Failed to parse number 'برگ': [<class 'decimal.ConversionSyntax'>]
2025-08-06 11:33:07,019 - ERROR - Failed to parse number 'بنفشه': [<class 'decimal.ConversionSyntax'>]
2025-08-06 11:33:07,019 - ERROR - Failed to parse number 'آفریقایی(پک': [<class 'decimal.ConversionSyntax'>]
2025-08-06 11:33:07,019 - ERROR - Failed to parse number 'عددی': [<class 'decimal.ConversionSyntax'>]
2025-08-06 11:33:07,019 - ERROR - Failed to parse number 'رنگبندی': [<class 'decimal.ConversionSyntax'>]
2025-08-06 11:33:07,019 - ERROR - Failed to parse number 'مختلف': [<class 'decimal.ConversionSyntax'>]
2025-08-06 11:33:07,019 - ERROR - Failed to parse number 'بهمراه': [<class 'decimal.ConversionSyntax'>]
2025-08-06 11:33:07,019 - ERROR - Failed to parse number 'خاک': [<class 'decimal.ConversionSyntax'>]
2025-08-06 11:33:07,019 - ERROR - Failed to parse number 'و': [<class 'decimal.ConversionSyntax'>]
2025-08-06 11:33:07,019 - ERROR - Failed to parse number 'کود': [<class 'decimal.ConversionSyntax'>]
2025-08-06 11:33:07,019 - ERROR - Failed to parse number 'و': [<class 'decimal.ConversionSyntax'>]
2025-08-06 11:33:07,019 - ERROR - Failed to parse number 'گلدان)': [<class 'decimal.ConversionSyntax'>]
2025-08-06 11:33:07,019 - ERROR - Failed to parse number '(پس': [<class 'decimal.ConversionSyntax'>]
2025-08-06 11:33:07,019 - ERROR - Failed to parse number 'کرایه)': [<class 'decimal.ConversionSyntax'>]
2025-08-06 11:33:07,019 - INFO - No amount-unit match found in text: برگ بنفشه آفریقایی(پک 20 عددی رنگبندی مختلف بهمراه خاک و کود و گلدان) (پس کرایه)
2025-08-06 11:33:08,453 - DEBUG - UnitExtractor initialized with 85 unit mappings and 3 package patterns
2025-08-06 11:33:08,453 - ERROR - Failed to parse number 'سم': [<class 'decimal.ConversionSyntax'>]
2025-08-06 11:33:08,453 - ERROR - Failed to parse number 'مخصوص': [<class 'decimal.ConversionSyntax'>]
2025-08-06 11:33:08,453 - ERROR - Failed to parse number 'حشرات': [<class 'decimal.ConversionSyntax'>]
2025-08-06 11:33:08,453 - ERROR - Failed to parse number 'داخل': [<class 'decimal.ConversionSyntax'>]
2025-08-06 11:33:08,453 - ERROR - Failed to parse number 'خاک': [<class 'decimal.ConversionSyntax'>]
2025-08-06 11:33:08,453 - ERROR - Failed to parse number 'گلدان': [<class 'decimal.ConversionSyntax'>]
2025-08-06 11:33:08,453 - INFO - No amount-unit match found in text: سم مخصوص حشرات داخل خاک گلدان
2025-08-06 11:33:09,897 - DEBUG - UnitExtractor initialized with 85 unit mappings and 3 package patterns
2025-08-06 11:33:09,897 - ERROR - Failed to parse number 'گل': [<class 'decimal.ConversionSyntax'>]
2025-08-06 11:33:09,897 - ERROR - Failed to parse number 'آپارتمانی': [<class 'decimal.ConversionSyntax'>]
2025-08-06 11:33:09,897 - ERROR - Failed to parse number 'دراسانا': [<class 'decimal.ConversionSyntax'>]
2025-08-06 11:33:09,897 - ERROR - Failed to parse number 'سوزنی': [<class 'decimal.ConversionSyntax'>]
2025-08-06 11:33:09,897 - ERROR - Failed to parse number 'دو': [<class 'decimal.ConversionSyntax'>]
2025-08-06 11:33:09,897 - ERROR - Failed to parse number 'سر': [<class 'decimal.ConversionSyntax'>]
2025-08-06 11:33:09,897 - ERROR - Failed to parse number 'گلدان': [<class 'decimal.ConversionSyntax'>]
2025-08-06 11:33:09,898 - ERROR - Failed to parse number 'سفید': [<class 'decimal.ConversionSyntax'>]
2025-08-06 11:33:09,898 - ERROR - Failed to parse number 'و': [<class 'decimal.ConversionSyntax'>]
2025-08-06 11:33:09,898 - ERROR - Failed to parse number 'خاک': [<class 'decimal.ConversionSyntax'>]
2025-08-06 11:33:09,898 - ERROR - Failed to parse number 'استریل': [<class 'decimal.ConversionSyntax'>]
2025-08-06 11:33:09,898 - INFO - No amount-unit match found in text: گل آپارتمانی دراسانا سوزنی دو سر گلدان سفید و خاک استریل
2025-08-06 11:33:11,367 - DEBUG - UnitExtractor initialized with 85 unit mappings and 3 package patterns
2025-08-06 11:33:11,368 - ERROR - Failed to parse number 'ورمی': [<class 'decimal.ConversionSyntax'>]
2025-08-06 11:33:11,368 - ERROR - Failed to parse number 'کولیت': [<class 'decimal.ConversionSyntax'>]
2025-08-06 11:33:11,368 - ERROR - Failed to parse number '،مواد': [<class 'decimal.ConversionSyntax'>]
2025-08-06 11:33:11,368 - ERROR - Failed to parse number 'معدنی': [<class 'decimal.ConversionSyntax'>]
2025-08-06 11:33:11,368 - ERROR - Failed to parse number 'و': [<class 'decimal.ConversionSyntax'>]
2025-08-06 11:33:11,368 - ERROR - Failed to parse number 'مغذی': [<class 'decimal.ConversionSyntax'>]
2025-08-06 11:33:11,368 - ERROR - Failed to parse number 'مکمل': [<class 'decimal.ConversionSyntax'>]
2025-08-06 11:33:11,368 - ERROR - Failed to parse number 'خاک': [<class 'decimal.ConversionSyntax'>]
2025-08-06 11:33:11,368 - ERROR - Failed to parse number '،ورمیکولیت': [<class 'decimal.ConversionSyntax'>]
2025-08-06 11:33:11,368 - INFO - No amount-unit match found in text: ورمی کولیت ،مواد معدنی و مغذی مکمل خاک ،ورمیکولیت
2025-08-06 11:33:12,884 - DEBUG - UnitExtractor initialized with 85 unit mappings and 3 package patterns
2025-08-06 11:33:12,884 - DEBUG - Extracted 5 لیتری -> 5.0 kg
2025-08-06 11:33:14,345 - DEBUG - UnitExtractor initialized with 85 unit mappings and 3 package patterns
2025-08-06 11:33:14,345 - DEBUG - Extracted 3 لیتری -> 3.0 kg
2025-08-06 11:33:18,510 - DEBUG - UnitExtractor initialized with 85 unit mappings and 3 package patterns
2025-08-06 11:33:18,510 - DEBUG - Extracted 50 لیتری -> 50.0 kg
2025-08-06 11:33:19,932 - DEBUG - UnitExtractor initialized with 85 unit mappings and 3 package patterns
2025-08-06 11:33:19,933 - ERROR - Failed to parse number 'پتوس': [<class 'decimal.ConversionSyntax'>]
2025-08-06 11:33:19,933 - ERROR - Failed to parse number 'مرمری': [<class 'decimal.ConversionSyntax'>]
2025-08-06 11:33:19,933 - ERROR - Failed to parse number 'گلدان': [<class 'decimal.ConversionSyntax'>]
2025-08-06 11:33:19,933 - ERROR - Failed to parse number 'سفید': [<class 'decimal.ConversionSyntax'>]
2025-08-06 11:33:19,933 - ERROR - Failed to parse number 'خاک': [<class 'decimal.ConversionSyntax'>]
2025-08-06 11:33:19,933 - ERROR - Failed to parse number 'استریل': [<class 'decimal.ConversionSyntax'>]
2025-08-06 11:33:19,933 - INFO - No amount-unit match found in text: پتوس مرمری گلدان سفید خاک استریل
2025-08-06 11:33:21,345 - DEBUG - UnitExtractor initialized with 85 unit mappings and 3 package patterns
2025-08-06 11:33:21,345 - ERROR - Failed to parse number 'سانسوریا': [<class 'decimal.ConversionSyntax'>]
2025-08-06 11:33:21,345 - ERROR - Failed to parse number 'مهتابی': [<class 'decimal.ConversionSyntax'>]
2025-08-06 11:33:21,345 - ERROR - Failed to parse number 'خاک': [<class 'decimal.ConversionSyntax'>]
2025-08-06 11:33:21,345 - ERROR - Failed to parse number 'استریل': [<class 'decimal.ConversionSyntax'>]
2025-08-06 11:33:21,345 - ERROR - Failed to parse number 'و': [<class 'decimal.ConversionSyntax'>]
2025-08-06 11:33:21,345 - ERROR - Failed to parse number 'گلدان': [<class 'decimal.ConversionSyntax'>]
2025-08-06 11:33:21,345 - ERROR - Failed to parse number 'سفید': [<class 'decimal.ConversionSyntax'>]
2025-08-06 11:33:21,345 - INFO - No amount-unit match found in text: سانسوریا مهتابی خاک استریل و گلدان سفید
2025-08-06 11:33:22,764 - DEBUG - UnitExtractor initialized with 85 unit mappings and 3 package patterns
2025-08-06 11:33:22,765 - ERROR - Failed to parse number 'پرلیت': [<class 'decimal.ConversionSyntax'>]
2025-08-06 11:33:22,765 - ERROR - Failed to parse number 'متوسط': [<class 'decimal.ConversionSyntax'>]
2025-08-06 11:33:22,765 - ERROR - Failed to parse number 'جهت': [<class 'decimal.ConversionSyntax'>]
2025-08-06 11:33:22,765 - ERROR - Failed to parse number 'زهکشی': [<class 'decimal.ConversionSyntax'>]
2025-08-06 11:33:22,765 - ERROR - Failed to parse number 'خاک': [<class 'decimal.ConversionSyntax'>]
2025-08-06 11:33:22,765 - INFO - No amount-unit match found in text: پرلیت متوسط جهت زهکشی خاک
2025-08-06 11:33:24,143 - DEBUG - UnitExtractor initialized with 85 unit mappings and 3 package patterns
2025-08-06 11:33:24,143 - ERROR - Failed to parse number 'استروفیتوم': [<class 'decimal.ConversionSyntax'>]
2025-08-06 11:33:24,143 - ERROR - Failed to parse number 'کیکو': [<class 'decimal.ConversionSyntax'>]
2025-08-06 11:33:24,143 - ERROR - Failed to parse number 'نودوم': [<class 'decimal.ConversionSyntax'>]
2025-08-06 11:33:24,143 - ERROR - Failed to parse number 'روی': [<class 'decimal.ConversionSyntax'>]
2025-08-06 11:33:24,143 - ERROR - Failed to parse number 'خاک': [<class 'decimal.ConversionSyntax'>]
2025-08-06 11:33:24,143 - INFO - No amount-unit match found in text: استروفیتوم کیکو نودوم روی خاک
2025-08-06 11:33:25,577 - DEBUG - UnitExtractor initialized with 85 unit mappings and 3 package patterns
2025-08-06 11:33:25,577 - ERROR - Failed to parse number 'استروفیتوم': [<class 'decimal.ConversionSyntax'>]
2025-08-06 11:33:25,577 - ERROR - Failed to parse number 'کیکو': [<class 'decimal.ConversionSyntax'>]
2025-08-06 11:33:25,577 - ERROR - Failed to parse number 'رامپو': [<class 'decimal.ConversionSyntax'>]
2025-08-06 11:33:25,577 - ERROR - Failed to parse number 'روی': [<class 'decimal.ConversionSyntax'>]
2025-08-06 11:33:25,577 - ERROR - Failed to parse number 'خاک': [<class 'decimal.ConversionSyntax'>]
2025-08-06 11:33:25,578 - INFO - No amount-unit match found in text: استروفیتوم کیکو رامپو روی خاک
2025-08-06 11:33:26,979 - DEBUG - UnitExtractor initialized with 85 unit mappings and 3 package patterns
2025-08-06 11:33:26,979 - ERROR - Failed to parse number 'گلنار': [<class 'decimal.ConversionSyntax'>]
2025-08-06 11:33:26,979 - ERROR - Failed to parse number '(گل': [<class 'decimal.ConversionSyntax'>]
2025-08-06 11:33:26,980 - ERROR - Failed to parse number 'انار)': [<class 'decimal.ConversionSyntax'>]
2025-08-06 11:33:26,980 - ERROR - Failed to parse number 'تمیز': [<class 'decimal.ConversionSyntax'>]
2025-08-06 11:33:26,980 - ERROR - Failed to parse number 'بدون': [<class 'decimal.ConversionSyntax'>]
2025-08-06 11:33:26,980 - ERROR - Failed to parse number 'خرده': [<class 'decimal.ConversionSyntax'>]
2025-08-06 11:33:26,980 - ERROR - Failed to parse number 'خاک': [<class 'decimal.ConversionSyntax'>]
2025-08-06 11:33:26,980 - INFO - No amount-unit match found in text: گلنار (گل انار) تمیز بدون خرده خاک
2025-08-06 11:33:28,421 - DEBUG - UnitExtractor initialized with 85 unit mappings and 3 package patterns
2025-08-06 11:33:28,421 - ERROR - Failed to parse number 'ماسک': [<class 'decimal.ConversionSyntax'>]
2025-08-06 11:33:28,421 - ERROR - Failed to parse number 'صورت': [<class 'decimal.ConversionSyntax'>]
2025-08-06 11:33:28,421 - ERROR - Failed to parse number 'خاک': [<class 'decimal.ConversionSyntax'>]
2025-08-06 11:33:28,421 - ERROR - Failed to parse number 'رس': [<class 'decimal.ConversionSyntax'>]
2025-08-06 11:33:28,421 - ERROR - Failed to parse number 'سفید،': [<class 'decimal.ConversionSyntax'>]
2025-08-06 11:33:28,421 - ERROR - Failed to parse number 'لایه': [<class 'decimal.ConversionSyntax'>]
2025-08-06 11:33:28,421 - ERROR - Failed to parse number 'بردار،': [<class 'decimal.ConversionSyntax'>]
2025-08-06 11:33:28,421 - ERROR - Failed to parse number 'پاکسازی': [<class 'decimal.ConversionSyntax'>]
2025-08-06 11:33:28,421 - ERROR - Failed to parse number 'صورت،': [<class 'decimal.ConversionSyntax'>]
2025-08-06 11:33:28,421 - ERROR - Failed to parse number 'رفع': [<class 'decimal.ConversionSyntax'>]
2025-08-06 11:33:28,421 - ERROR - Failed to parse number 'آلودگی': [<class 'decimal.ConversionSyntax'>]
2025-08-06 11:33:28,421 - ERROR - Failed to parse number 'پوست،': [<class 'decimal.ConversionSyntax'>]
2025-08-06 11:33:28,421 - ERROR - Failed to parse number 'سفید': [<class 'decimal.ConversionSyntax'>]
2025-08-06 11:33:28,421 - ERROR - Failed to parse number 'کننده': [<class 'decimal.ConversionSyntax'>]
2025-08-06 11:33:28,421 - ERROR - Failed to parse number 'و': [<class 'decimal.ConversionSyntax'>]
2025-08-06 11:33:28,421 - ERROR - Failed to parse number 'روشن': [<class 'decimal.ConversionSyntax'>]
2025-08-06 11:33:28,421 - ERROR - Failed to parse number 'کننده': [<class 'decimal.ConversionSyntax'>]
2025-08-06 11:33:28,421 - ERROR - Failed to parse number 'پوست': [<class 'decimal.ConversionSyntax'>]
2025-08-06 11:33:28,421 - ERROR - Failed to parse number '،': [<class 'decimal.ConversionSyntax'>]
2025-08-06 11:33:28,421 - ERROR - Failed to parse number 'رفع': [<class 'decimal.ConversionSyntax'>]
2025-08-06 11:33:28,421 - ERROR - Failed to parse number 'تیرگی': [<class 'decimal.ConversionSyntax'>]
2025-08-06 11:33:28,421 - ERROR - Failed to parse number 'پوست': [<class 'decimal.ConversionSyntax'>]
2025-08-06 11:33:28,421 - INFO - No amount-unit match found in text: ماسک صورت خاک رس سفید، لایه بردار، پاکسازی صورت، رفع آلودگی پوست، سفید کننده و روشن کننده پوست ، رفع تیرگی پوست
2025-08-06 11:33:29,794 - DEBUG - UnitExtractor initialized with 85 unit mappings and 3 package patterns
2025-08-06 11:33:29,794 - DEBUG - Extracted 10 لیتری -> 10.0 kg
2025-08-06 11:33:31,166 - DEBUG - UnitExtractor initialized with 85 unit mappings and 3 package patterns
2025-08-06 11:33:31,166 - ERROR - Failed to parse number 'آفت': [<class 'decimal.ConversionSyntax'>]
2025-08-06 11:33:31,166 - ERROR - Failed to parse number 'کش': [<class 'decimal.ConversionSyntax'>]
2025-08-06 11:33:31,166 - ERROR - Failed to parse number 'و': [<class 'decimal.ConversionSyntax'>]
2025-08-06 11:33:31,166 - ERROR - Failed to parse number 'قارچ': [<class 'decimal.ConversionSyntax'>]
2025-08-06 11:33:31,166 - ERROR - Failed to parse number 'گیاهان': [<class 'decimal.ConversionSyntax'>]
2025-08-06 11:33:31,166 - ERROR - Failed to parse number 'آپارتمانی(پکیج': [<class 'decimal.ConversionSyntax'>]
2025-08-06 11:33:31,166 - ERROR - Failed to parse number 'مراقبتی': [<class 'decimal.ConversionSyntax'>]
2025-08-06 11:33:31,166 - ERROR - Failed to parse number 'دفع': [<class 'decimal.ConversionSyntax'>]
2025-08-06 11:33:31,166 - ERROR - Failed to parse number 'حشرات': [<class 'decimal.ConversionSyntax'>]
2025-08-06 11:33:31,166 - ERROR - Failed to parse number 'خاک': [<class 'decimal.ConversionSyntax'>]
2025-08-06 11:33:31,166 - ERROR - Failed to parse number 'و': [<class 'decimal.ConversionSyntax'>]
2025-08-06 11:33:31,166 - ERROR - Failed to parse number 'گلدان)': [<class 'decimal.ConversionSyntax'>]
2025-08-06 11:33:31,166 - INFO - No amount-unit match found in text: آفت کش و قارچ گیاهان آپارتمانی(پکیج مراقبتی دفع حشرات خاک و گلدان)
2025-08-06 11:33:32,540 - DEBUG - UnitExtractor initialized with 85 unit mappings and 3 package patterns
2025-08-06 11:33:32,541 - ERROR - Failed to parse number 'پک': [<class 'decimal.ConversionSyntax'>]
2025-08-06 11:33:32,541 - ERROR - Failed to parse number 'سه': [<class 'decimal.ConversionSyntax'>]
2025-08-06 11:33:32,541 - ERROR - Failed to parse number 'عددی': [<class 'decimal.ConversionSyntax'>]
2025-08-06 11:33:32,541 - ERROR - Failed to parse number 'میرتلو': [<class 'decimal.ConversionSyntax'>]
2025-08-06 11:33:32,541 - ERROR - Failed to parse number 'آماده': [<class 'decimal.ConversionSyntax'>]
2025-08-06 11:33:32,541 - ERROR - Failed to parse number 'پیونده': [<class 'decimal.ConversionSyntax'>]
2025-08-06 11:33:32,541 - ERROR - Failed to parse number 'ریشه': [<class 'decimal.ConversionSyntax'>]
2025-08-06 11:33:32,541 - ERROR - Failed to parse number 'توی': [<class 'decimal.ConversionSyntax'>]
2025-08-06 11:33:32,541 - ERROR - Failed to parse number 'خاک': [<class 'decimal.ConversionSyntax'>]
2025-08-06 11:33:32,541 - ERROR - Failed to parse number 'بسیار': [<class 'decimal.ConversionSyntax'>]
2025-08-06 11:33:32,541 - ERROR - Failed to parse number 'قوی': [<class 'decimal.ConversionSyntax'>]
2025-08-06 11:33:32,541 - ERROR - Failed to parse number '(پس': [<class 'decimal.ConversionSyntax'>]
2025-08-06 11:33:32,541 - ERROR - Failed to parse number 'کرایه)': [<class 'decimal.ConversionSyntax'>]
2025-08-06 11:33:32,541 - INFO - No amount-unit match found in text: پک سه عددی میرتلو آماده پیونده ریشه توی خاک بسیار قوی (پس کرایه)
2025-08-06 11:33:34,005 - DEBUG - UnitExtractor initialized with 85 unit mappings and 3 package patterns
2025-08-06 11:33:34,005 - DEBUG - Extracted 10 لیتری -> 10.0 kg
2025-08-06 11:33:35,412 - DEBUG - UnitExtractor initialized with 85 unit mappings and 3 package patterns
2025-08-06 11:33:35,412 - WARNING - Unknown unit: K
2025-08-06 11:33:35,412 - DEBUG - Fallback extracted 50 گرمی -> 0.050 kg
2025-08-06 11:33:36,824 - DEBUG - UnitExtractor initialized with 85 unit mappings and 3 package patterns
2025-08-06 11:33:36,824 - DEBUG - Extracted 50 گرمی -> 0.050 kg
2025-08-06 11:33:38,327 - DEBUG - UnitExtractor initialized with 85 unit mappings and 3 package patterns
2025-08-06 11:33:38,327 - WARNING - Unknown unit: K
2025-08-06 11:33:38,327 - DEBUG - Fallback extracted 50 گرمی -> 0.050 kg
2025-08-06 11:33:39,809 - DEBUG - UnitExtractor initialized with 85 unit mappings and 3 package patterns
2025-08-06 11:33:39,809 - DEBUG - Extracted 5 لیتری -> 5.0 kg
2025-08-06 11:33:41,343 - DEBUG - UnitExtractor initialized with 85 unit mappings and 3 package patterns
2025-08-06 11:33:41,343 - ERROR - Failed to parse number 'Orchid': [<class 'decimal.ConversionSyntax'>]
2025-08-06 11:33:41,343 - ERROR - Failed to parse number 'bark': [<class 'decimal.ConversionSyntax'>]
2025-08-06 11:33:41,343 - ERROR - Failed to parse number 'خاک': [<class 'decimal.ConversionSyntax'>]
2025-08-06 11:33:41,343 - ERROR - Failed to parse number 'مخصوص': [<class 'decimal.ConversionSyntax'>]
2025-08-06 11:33:41,343 - ERROR - Failed to parse number 'ارکیده': [<class 'decimal.ConversionSyntax'>]
2025-08-06 11:33:41,343 - ERROR - Failed to parse number '(پس': [<class 'decimal.ConversionSyntax'>]
2025-08-06 11:33:41,343 - ERROR - Failed to parse number 'کرایه)': [<class 'decimal.ConversionSyntax'>]
2025-08-06 11:33:41,343 - INFO - No amount-unit match found in text: Orchid bark خاک مخصوص ارکیده (پس کرایه)
2025-08-06 11:33:42,778 - DEBUG - UnitExtractor initialized with 85 unit mappings and 3 package patterns
2025-08-06 11:33:42,778 - ERROR - Failed to parse number 'کود': [<class 'decimal.ConversionSyntax'>]
2025-08-06 11:33:42,778 - ERROR - Failed to parse number 'گیاهی': [<class 'decimal.ConversionSyntax'>]
2025-08-06 11:33:42,778 - ERROR - Failed to parse number 'خاک': [<class 'decimal.ConversionSyntax'>]
2025-08-06 11:33:42,779 - INFO - No amount-unit match found in text: کود گیاهی خاک
2025-08-06 11:33:44,257 - DEBUG - UnitExtractor initialized with 85 unit mappings and 3 package patterns
2025-08-06 11:33:44,257 - ERROR - Failed to parse number 'گل': [<class 'decimal.ConversionSyntax'>]
2025-08-06 11:33:44,257 - ERROR - Failed to parse number 'آپارتمانی': [<class 'decimal.ConversionSyntax'>]
2025-08-06 11:33:44,257 - ERROR - Failed to parse number 'گل': [<class 'decimal.ConversionSyntax'>]
2025-08-06 11:33:44,257 - ERROR - Failed to parse number 'طبیعی.': [<class 'decimal.ConversionSyntax'>]
2025-08-06 11:33:44,257 - ERROR - Failed to parse number 'کودو': [<class 'decimal.ConversionSyntax'>]
2025-08-06 11:33:44,257 - ERROR - Failed to parse number 'خاک': [<class 'decimal.ConversionSyntax'>]
2025-08-06 11:33:44,257 - ERROR - Failed to parse number 'و': [<class 'decimal.ConversionSyntax'>]
2025-08-06 11:33:44,257 - ERROR - Failed to parse number 'پرلیت': [<class 'decimal.ConversionSyntax'>]
2025-08-06 11:33:44,257 - ERROR - Failed to parse number 'لیکاپن': [<class 'decimal.ConversionSyntax'>]
2025-08-06 11:33:44,257 - INFO - No amount-unit match found in text: گل آپارتمانی گل طبیعی. کودو خاک و پرلیت لیکاپن
2025-08-06 11:33:45,697 - DEBUG - UnitExtractor initialized with 85 unit mappings and 3 package patterns
2025-08-06 11:33:45,697 - ERROR - Failed to parse number 'هیومیک': [<class 'decimal.ConversionSyntax'>]
2025-08-06 11:33:45,697 - ERROR - Failed to parse number 'اسید': [<class 'decimal.ConversionSyntax'>]
2025-08-06 11:33:45,697 - ERROR - Failed to parse number 'پرک،': [<class 'decimal.ConversionSyntax'>]
2025-08-06 11:33:45,697 - ERROR - Failed to parse number 'معجزه': [<class 'decimal.ConversionSyntax'>]
2025-08-06 11:33:45,697 - ERROR - Failed to parse number 'ای': [<class 'decimal.ConversionSyntax'>]
2025-08-06 11:33:45,697 - ERROR - Failed to parse number 'برای': [<class 'decimal.ConversionSyntax'>]
2025-08-06 11:33:45,697 - ERROR - Failed to parse number 'خاک': [<class 'decimal.ConversionSyntax'>]
2025-08-06 11:33:45,697 - ERROR - Failed to parse number '(پس': [<class 'decimal.ConversionSyntax'>]
2025-08-06 11:33:45,697 - ERROR - Failed to parse number 'کرایه)': [<class 'decimal.ConversionSyntax'>]
2025-08-06 11:33:45,697 - INFO - No amount-unit match found in text: هیومیک اسید پرک، معجزه ای برای خاک (پس کرایه)
2025-08-06 11:33:47,124 - DEBUG - UnitExtractor initialized with 85 unit mappings and 3 package patterns
2025-08-06 11:33:47,124 - ERROR - Failed to parse number 'گل': [<class 'decimal.ConversionSyntax'>]
2025-08-06 11:33:47,124 - ERROR - Failed to parse number 'آپارتمانی': [<class 'decimal.ConversionSyntax'>]
2025-08-06 11:33:47,124 - ERROR - Failed to parse number 'زاموفیلیا': [<class 'decimal.ConversionSyntax'>]
2025-08-06 11:33:47,124 - ERROR - Failed to parse number 'بلک': [<class 'decimal.ConversionSyntax'>]
2025-08-06 11:33:47,124 - ERROR - Failed to parse number 'چند': [<class 'decimal.ConversionSyntax'>]
2025-08-06 11:33:47,124 - ERROR - Failed to parse number 'بوته': [<class 'decimal.ConversionSyntax'>]
2025-08-06 11:33:47,124 - ERROR - Failed to parse number 'خاک': [<class 'decimal.ConversionSyntax'>]
2025-08-06 11:33:47,124 - ERROR - Failed to parse number 'استریل': [<class 'decimal.ConversionSyntax'>]
2025-08-06 11:33:47,124 - ERROR - Failed to parse number 'و': [<class 'decimal.ConversionSyntax'>]
2025-08-06 11:33:47,124 - ERROR - Failed to parse number 'گلدون': [<class 'decimal.ConversionSyntax'>]
2025-08-06 11:33:47,124 - ERROR - Failed to parse number 'سفید': [<class 'decimal.ConversionSyntax'>]
2025-08-06 11:33:47,124 - INFO - No amount-unit match found in text: گل آپارتمانی زاموفیلیا بلک چند بوته خاک استریل و گلدون سفید
2025-08-06 11:33:48,533 - DEBUG - UnitExtractor initialized with 85 unit mappings and 3 package patterns
2025-08-06 11:33:48,534 - ERROR - Failed to parse number 'گل': [<class 'decimal.ConversionSyntax'>]
2025-08-06 11:33:48,534 - ERROR - Failed to parse number 'آپارتمانی': [<class 'decimal.ConversionSyntax'>]
2025-08-06 11:33:48,534 - ERROR - Failed to parse number 'زاموفیلیاسبز': [<class 'decimal.ConversionSyntax'>]
2025-08-06 11:33:48,534 - ERROR - Failed to parse number 'خاک': [<class 'decimal.ConversionSyntax'>]
2025-08-06 11:33:48,534 - ERROR - Failed to parse number 'استریل': [<class 'decimal.ConversionSyntax'>]
2025-08-06 11:33:48,534 - ERROR - Failed to parse number 'نشایی': [<class 'decimal.ConversionSyntax'>]
2025-08-06 11:33:48,534 - INFO - No amount-unit match found in text: گل آپارتمانی زاموفیلیاسبز خاک استریل نشایی
2025-08-06 11:33:49,908 - DEBUG - UnitExtractor initialized with 85 unit mappings and 3 package patterns
2025-08-06 11:33:49,908 - ERROR - Failed to parse number 'گل': [<class 'decimal.ConversionSyntax'>]
2025-08-06 11:33:49,908 - ERROR - Failed to parse number 'آپارتمانی': [<class 'decimal.ConversionSyntax'>]
2025-08-06 11:33:49,908 - ERROR - Failed to parse number 'پتوس': [<class 'decimal.ConversionSyntax'>]
2025-08-06 11:33:49,908 - ERROR - Failed to parse number 'مرمری': [<class 'decimal.ConversionSyntax'>]
2025-08-06 11:33:49,908 - ERROR - Failed to parse number 'گلدان': [<class 'decimal.ConversionSyntax'>]
2025-08-06 11:33:49,908 - ERROR - Failed to parse number 'سفید': [<class 'decimal.ConversionSyntax'>]
2025-08-06 11:33:49,908 - ERROR - Failed to parse number 'خاک': [<class 'decimal.ConversionSyntax'>]
2025-08-06 11:33:49,908 - ERROR - Failed to parse number 'استریل': [<class 'decimal.ConversionSyntax'>]
2025-08-06 11:33:49,908 - ERROR - Failed to parse number 'و': [<class 'decimal.ConversionSyntax'>]
2025-08-06 11:33:49,908 - ERROR - Failed to parse number 'مرغوب': [<class 'decimal.ConversionSyntax'>]
2025-08-06 11:33:49,908 - INFO - No amount-unit match found in text: گل آپارتمانی پتوس مرمری گلدان سفید خاک استریل و مرغوب
2025-08-06 11:33:51,314 - DEBUG - UnitExtractor initialized with 85 unit mappings and 3 package patterns
2025-08-06 11:33:51,314 - ERROR - Failed to parse number 'قلمه': [<class 'decimal.ConversionSyntax'>]
2025-08-06 11:33:51,314 - ERROR - Failed to parse number 'گل': [<class 'decimal.ConversionSyntax'>]
2025-08-06 11:33:51,314 - ERROR - Failed to parse number 'آپارتمانی': [<class 'decimal.ConversionSyntax'>]
2025-08-06 11:33:51,314 - ERROR - Failed to parse number 'سینگونیوم': [<class 'decimal.ConversionSyntax'>]
2025-08-06 11:33:51,314 - ERROR - Failed to parse number 'ابلق': [<class 'decimal.ConversionSyntax'>]
2025-08-06 11:33:51,314 - ERROR - Failed to parse number 'در': [<class 'decimal.ConversionSyntax'>]
2025-08-06 11:33:51,314 - ERROR - Failed to parse number 'خاک': [<class 'decimal.ConversionSyntax'>]
2025-08-06 11:33:51,314 - ERROR - Failed to parse number 'قلمه': [<class 'decimal.ConversionSyntax'>]
2025-08-06 11:33:51,314 - INFO - No amount-unit match found in text: قلمه گل آپارتمانی سینگونیوم ابلق در خاک قلمه
2025-08-06 11:33:52,716 - DEBUG - UnitExtractor initialized with 85 unit mappings and 3 package patterns
2025-08-06 11:33:52,716 - DEBUG - Extracted 100 گرمی -> 0.100 kg
2025-08-06 11:33:54,140 - DEBUG - UnitExtractor initialized with 85 unit mappings and 3 package patterns
2025-08-06 11:33:54,140 - ERROR - Failed to parse number 'کود': [<class 'decimal.ConversionSyntax'>]
2025-08-06 11:33:54,140 - ERROR - Failed to parse number 'گوگرد': [<class 'decimal.ConversionSyntax'>]
2025-08-06 11:33:54,140 - ERROR - Failed to parse number 'مایع': [<class 'decimal.ConversionSyntax'>]
2025-08-06 11:33:54,140 - ERROR - Failed to parse number 'ضد': [<class 'decimal.ConversionSyntax'>]
2025-08-06 11:33:54,140 - ERROR - Failed to parse number 'قارچ': [<class 'decimal.ConversionSyntax'>]
2025-08-06 11:33:54,140 - ERROR - Failed to parse number 'و': [<class 'decimal.ConversionSyntax'>]
2025-08-06 11:33:54,140 - ERROR - Failed to parse number 'اصلاح': [<class 'decimal.ConversionSyntax'>]
2025-08-06 11:33:54,140 - ERROR - Failed to parse number 'خاک': [<class 'decimal.ConversionSyntax'>]
2025-08-06 11:33:54,140 - INFO - No amount-unit match found in text: کود گوگرد مایع ضد قارچ و اصلاح خاک
2025-08-06 11:33:55,537 - DEBUG - UnitExtractor initialized with 85 unit mappings and 3 package patterns
2025-08-06 11:33:55,538 - DEBUG - Extracted 20 لیتری -> 20.0 kg
2025-08-06 11:33:56,955 - DEBUG - UnitExtractor initialized with 85 unit mappings and 3 package patterns
2025-08-06 11:33:56,955 - ERROR - Failed to parse number 'پتوس': [<class 'decimal.ConversionSyntax'>]
2025-08-06 11:33:56,955 - ERROR - Failed to parse number 'ارتشی': [<class 'decimal.ConversionSyntax'>]
2025-08-06 11:33:56,955 - ERROR - Failed to parse number 'خاک': [<class 'decimal.ConversionSyntax'>]
2025-08-06 11:33:56,955 - ERROR - Failed to parse number 'استریل': [<class 'decimal.ConversionSyntax'>]
2025-08-06 11:33:56,955 - ERROR - Failed to parse number 'گلدان': [<class 'decimal.ConversionSyntax'>]
2025-08-06 11:33:56,955 - ERROR - Failed to parse number 'بزرگ': [<class 'decimal.ConversionSyntax'>]
2025-08-06 11:33:56,955 - INFO - No amount-unit match found in text: پتوس ارتشی خاک استریل گلدان بزرگ
2025-08-06 11:33:58,388 - DEBUG - UnitExtractor initialized with 85 unit mappings and 3 package patterns
2025-08-06 11:33:58,388 - ERROR - Failed to parse number 'گل': [<class 'decimal.ConversionSyntax'>]
2025-08-06 11:33:58,388 - ERROR - Failed to parse number 'آپارتمانی': [<class 'decimal.ConversionSyntax'>]
2025-08-06 11:33:58,388 - ERROR - Failed to parse number 'سانسوریا': [<class 'decimal.ConversionSyntax'>]
2025-08-06 11:33:58,388 - ERROR - Failed to parse number 'مهتابی': [<class 'decimal.ConversionSyntax'>]
2025-08-06 11:33:58,388 - ERROR - Failed to parse number 'دوغلاف': [<class 'decimal.ConversionSyntax'>]
2025-08-06 11:33:58,388 - ERROR - Failed to parse number 'خاک': [<class 'decimal.ConversionSyntax'>]
2025-08-06 11:33:58,388 - ERROR - Failed to parse number 'استریل': [<class 'decimal.ConversionSyntax'>]
2025-08-06 11:33:58,388 - ERROR - Failed to parse number 'و': [<class 'decimal.ConversionSyntax'>]
2025-08-06 11:33:58,388 - ERROR - Failed to parse number 'مرغوب': [<class 'decimal.ConversionSyntax'>]
2025-08-06 11:33:58,388 - ERROR - Failed to parse number 'با': [<class 'decimal.ConversionSyntax'>]
2025-08-06 11:33:58,388 - ERROR - Failed to parse number 'گلدان': [<class 'decimal.ConversionSyntax'>]
2025-08-06 11:33:58,388 - ERROR - Failed to parse number 'سفید': [<class 'decimal.ConversionSyntax'>]
2025-08-06 11:33:58,388 - INFO - No amount-unit match found in text: گل آپارتمانی سانسوریا مهتابی دوغلاف خاک استریل و مرغوب با گلدان سفید
2025-08-06 11:33:59,743 - DEBUG - UnitExtractor initialized with 85 unit mappings and 3 package patterns
2025-08-06 11:33:59,743 - ERROR - Failed to parse number 'گل': [<class 'decimal.ConversionSyntax'>]
2025-08-06 11:33:59,743 - ERROR - Failed to parse number 'شویدی': [<class 'decimal.ConversionSyntax'>]
2025-08-06 11:33:59,743 - ERROR - Failed to parse number 'سرخسی': [<class 'decimal.ConversionSyntax'>]
2025-08-06 11:33:59,743 - ERROR - Failed to parse number 'یا': [<class 'decimal.ConversionSyntax'>]
2025-08-06 11:33:59,743 - ERROR - Failed to parse number 'مارچوبه': [<class 'decimal.ConversionSyntax'>]
2025-08-06 11:33:59,743 - ERROR - Failed to parse number 'زینتی،': [<class 'decimal.ConversionSyntax'>]
2025-08-06 11:33:59,743 - ERROR - Failed to parse number 'گلدان': [<class 'decimal.ConversionSyntax'>]
2025-08-06 11:33:59,743 - ERROR - Failed to parse number 'گرد': [<class 'decimal.ConversionSyntax'>]
2025-08-06 11:33:59,743 - ERROR - Failed to parse number 'دهنه': [<class 'decimal.ConversionSyntax'>]
2025-08-06 11:33:59,743 - ERROR - Failed to parse number 'تا': [<class 'decimal.ConversionSyntax'>]
2025-08-06 11:33:59,743 - ERROR - Failed to parse number 'سانت،': [<class 'decimal.ConversionSyntax'>]
2025-08-06 11:33:59,743 - ERROR - Failed to parse number 'ارتفاع': [<class 'decimal.ConversionSyntax'>]
2025-08-06 11:33:59,743 - ERROR - Failed to parse number 'از': [<class 'decimal.ConversionSyntax'>]
2025-08-06 11:33:59,743 - ERROR - Failed to parse number 'سطح': [<class 'decimal.ConversionSyntax'>]
2025-08-06 11:33:59,743 - ERROR - Failed to parse number 'خاک': [<class 'decimal.ConversionSyntax'>]
2025-08-06 11:33:59,743 - ERROR - Failed to parse number 'سانت،': [<class 'decimal.ConversionSyntax'>]
2025-08-06 11:33:59,743 - ERROR - Failed to parse number 'ارسال': [<class 'decimal.ConversionSyntax'>]
2025-08-06 11:33:59,743 - ERROR - Failed to parse number 'پسکرایه': [<class 'decimal.ConversionSyntax'>]
2025-08-06 11:33:59,743 - ERROR - Failed to parse number 'با': [<class 'decimal.ConversionSyntax'>]
2025-08-06 11:33:59,743 - ERROR - Failed to parse number 'مشتری': [<class 'decimal.ConversionSyntax'>]
2025-08-06 11:33:59,743 - INFO - No amount-unit match found in text: گل شویدی سرخسی یا مارچوبه زینتی، گلدان گرد دهنه 14 تا 19 سانت، ارتفاع از سطح خاک 50 سانت، ارسال پسکرایه با مشتری
2025-08-06 11:34:01,128 - DEBUG - UnitExtractor initialized with 85 unit mappings and 3 package patterns
2025-08-06 11:34:01,128 - DEBUG - Extracted 15 لیتری -> 15.0 kg
2025-08-06 11:34:02,496 - DEBUG - UnitExtractor initialized with 85 unit mappings and 3 package patterns
2025-08-06 11:34:02,496 - ERROR - Failed to parse number 'ماسک': [<class 'decimal.ConversionSyntax'>]
2025-08-06 11:34:02,496 - ERROR - Failed to parse number 'صورت': [<class 'decimal.ConversionSyntax'>]
2025-08-06 11:34:02,496 - ERROR - Failed to parse number 'خاک': [<class 'decimal.ConversionSyntax'>]
2025-08-06 11:34:02,496 - ERROR - Failed to parse number 'رس': [<class 'decimal.ConversionSyntax'>]
2025-08-06 11:34:02,496 - ERROR - Failed to parse number 'سفید': [<class 'decimal.ConversionSyntax'>]
2025-08-06 11:34:02,496 - ERROR - Failed to parse number 'والا(سفیدکننده': [<class 'decimal.ConversionSyntax'>]
2025-08-06 11:34:02,496 - ERROR - Failed to parse number 'لایه': [<class 'decimal.ConversionSyntax'>]
2025-08-06 11:34:02,496 - ERROR - Failed to parse number 'بردار)': [<class 'decimal.ConversionSyntax'>]
2025-08-06 11:34:02,496 - INFO - No amount-unit match found in text: ماسک صورت خاک رس سفید والا(سفیدکننده لایه بردار)
2025-08-06 11:34:03,844 - DEBUG - UnitExtractor initialized with 85 unit mappings and 3 package patterns
2025-08-06 11:34:03,844 - ERROR - Failed to parse number 'ماسک': [<class 'decimal.ConversionSyntax'>]
2025-08-06 11:34:03,844 - ERROR - Failed to parse number 'صورت': [<class 'decimal.ConversionSyntax'>]
2025-08-06 11:34:03,844 - ERROR - Failed to parse number 'خاک': [<class 'decimal.ConversionSyntax'>]
2025-08-06 11:34:03,844 - ERROR - Failed to parse number 'رس': [<class 'decimal.ConversionSyntax'>]
2025-08-06 11:34:03,844 - INFO - No amount-unit match found in text: ماسک صورت خاک رس
2025-08-06 11:34:05,256 - DEBUG - UnitExtractor initialized with 85 unit mappings and 3 package patterns
2025-08-06 11:34:05,256 - DEBUG - Extracted 20 لیتری -> 20.0 kg
2025-08-06 11:34:06,679 - DEBUG - UnitExtractor initialized with 85 unit mappings and 3 package patterns
2025-08-06 11:34:06,679 - DEBUG - Extracted 3 لیتر -> 3.0 kg
2025-08-06 11:34:08,094 - DEBUG - UnitExtractor initialized with 85 unit mappings and 3 package patterns
2025-08-06 11:34:08,094 - DEBUG - Extracted 1 لیتری -> 1.0 kg
2025-08-06 11:34:09,680 - ERROR - Future exception was never retrieved
future: <Future finished exception=BrokenPipeError(32, 'The pipe is being closed', None, 232, None)>
Traceback (most recent call last):
  File "C:\Users\pc\AppData\Local\Programs\Python\Python311\Lib\asyncio\proactor_events.py", line 397, in _loop_writing
    self._write_fut = self._loop._proactor.send(self._sock, data)
                      ^^^^^^^^^^^^^^^^^^^^^^^^^^^^^^^^^^^^^^^^^^^
  File "C:\Users\pc\AppData\Local\Programs\Python\Python311\Lib\asyncio\windows_events.py", line 559, in send
    ov.WriteFile(conn.fileno(), buf)
BrokenPipeError: [WinError 232] The pipe is being closed
2025-08-06 11:36:09,148 - DEBUG - Using proactor: IocpProactor
2025-08-06 11:36:11,459 - DEBUG - UnitExtractor initialized with 85 unit mappings and 3 package patterns
2025-08-06 11:36:11,459 - DEBUG - Extracted 4 لیتری -> 4.0 kg
2025-08-06 11:36:11,459 - DEBUG - Attempting to acquire lock 1582798192720 on D:\webscraping\venv\Lib\site-packages\tldextract\.suffix_cache\publicsuffix.org-tlds\de84b5ca2167d4c83e38fb162f2e8738.tldextract.json.lock
2025-08-06 11:36:11,459 - DEBUG - Lock 1582798192720 acquired on D:\webscraping\venv\Lib\site-packages\tldextract\.suffix_cache\publicsuffix.org-tlds\de84b5ca2167d4c83e38fb162f2e8738.tldextract.json.lock
2025-08-06 11:36:11,459 - DEBUG - Attempting to release lock 1582798192720 on D:\webscraping\venv\Lib\site-packages\tldextract\.suffix_cache\publicsuffix.org-tlds\de84b5ca2167d4c83e38fb162f2e8738.tldextract.json.lock
2025-08-06 11:36:11,459 - DEBUG - Lock 1582798192720 released on D:\webscraping\venv\Lib\site-packages\tldextract\.suffix_cache\publicsuffix.org-tlds\de84b5ca2167d4c83e38fb162f2e8738.tldextract.json.lock
2025-08-06 11:36:12,843 - DEBUG - UnitExtractor initialized with 85 unit mappings and 3 package patterns
2025-08-06 11:36:12,843 - ERROR - Failed to parse number 'خاک': [<class 'decimal.ConversionSyntax'>]
2025-08-06 11:36:12,843 - ERROR - Failed to parse number 'و': [<class 'decimal.ConversionSyntax'>]
2025-08-06 11:36:12,843 - ERROR - Failed to parse number 'کود': [<class 'decimal.ConversionSyntax'>]
2025-08-06 11:36:12,843 - ERROR - Failed to parse number 'بستر': [<class 'decimal.ConversionSyntax'>]
2025-08-06 11:36:12,843 - ERROR - Failed to parse number 'مخصوص': [<class 'decimal.ConversionSyntax'>]
2025-08-06 11:36:12,843 - ERROR - Failed to parse number 'گیاهان': [<class 'decimal.ConversionSyntax'>]
2025-08-06 11:36:12,843 - ERROR - Failed to parse number 'آبزی': [<class 'decimal.ConversionSyntax'>]
2025-08-06 11:36:12,843 - ERROR - Failed to parse number 'و': [<class 'decimal.ConversionSyntax'>]
2025-08-06 11:36:12,843 - ERROR - Failed to parse number 'میگوها': [<class 'decimal.ConversionSyntax'>]
2025-08-06 11:36:12,843 - ERROR - Failed to parse number 'اوشن': [<class 'decimal.ConversionSyntax'>]
2025-08-06 11:36:12,843 - ERROR - Failed to parse number 'فری': [<class 'decimal.ConversionSyntax'>]
2025-08-06 11:36:12,843 - INFO - No amount-unit match found in text: خاک و کود بستر مخصوص گیاهان آبزی و میگوها اوشن فری
2025-08-06 11:36:14,293 - DEBUG - UnitExtractor initialized with 85 unit mappings and 3 package patterns
2025-08-06 11:36:14,293 - DEBUG - Extracted 4 لیتری -> 4.0 kg
2025-08-06 11:36:15,698 - DEBUG - UnitExtractor initialized with 85 unit mappings and 3 package patterns
2025-08-06 11:36:15,698 - DEBUG - Extracted 4 لیتری -> 4.0 kg
2025-08-06 11:36:17,048 - DEBUG - UnitExtractor initialized with 85 unit mappings and 3 package patterns
2025-08-06 11:36:17,049 - ERROR - Failed to parse number 'خاک': [<class 'decimal.ConversionSyntax'>]
2025-08-06 11:36:17,049 - ERROR - Failed to parse number 'کود': [<class 'decimal.ConversionSyntax'>]
2025-08-06 11:36:17,049 - ERROR - Failed to parse number 'آفت': [<class 'decimal.ConversionSyntax'>]
2025-08-06 11:36:17,049 - ERROR - Failed to parse number 'کش': [<class 'decimal.ConversionSyntax'>]
2025-08-06 11:36:17,049 - ERROR - Failed to parse number 'و': [<class 'decimal.ConversionSyntax'>]
2025-08-06 11:36:17,049 - ERROR - Failed to parse number 'گلدان': [<class 'decimal.ConversionSyntax'>]
2025-08-06 11:36:17,049 - ERROR - Failed to parse number 'پلیمری': [<class 'decimal.ConversionSyntax'>]
2025-08-06 11:36:17,049 - ERROR - Failed to parse number 'پک': [<class 'decimal.ConversionSyntax'>]
2025-08-06 11:36:17,049 - ERROR - Failed to parse number 'تعویض': [<class 'decimal.ConversionSyntax'>]
2025-08-06 11:36:17,049 - ERROR - Failed to parse number 'گلدان': [<class 'decimal.ConversionSyntax'>]
2025-08-06 11:36:17,049 - ERROR - Failed to parse number 'کد': [<class 'decimal.ConversionSyntax'>]
2025-08-06 11:36:17,049 - INFO - No amount-unit match found in text: خاک کود آفت کش و گلدان پلیمری پک تعویض گلدان کد 202
2025-08-06 11:36:18,423 - DEBUG - UnitExtractor initialized with 85 unit mappings and 3 package patterns
2025-08-06 11:36:18,424 - DEBUG - Extracted 20 لیتری -> 20.0 kg
2025-08-06 11:36:19,800 - DEBUG - UnitExtractor initialized with 85 unit mappings and 3 package patterns
2025-08-06 11:36:19,800 - DEBUG - Extracted 5 لیتری -> 5.0 kg
2025-08-06 11:36:21,196 - DEBUG - UnitExtractor initialized with 85 unit mappings and 3 package patterns
2025-08-06 11:36:21,196 - DEBUG - Extracted 11 لیتری -> 11.0 kg
2025-08-06 11:36:22,577 - DEBUG - UnitExtractor initialized with 85 unit mappings and 3 package patterns
2025-08-06 11:36:22,577 - DEBUG - Extracted 5 کیلویی -> 5.0 kg
2025-08-06 11:36:24,019 - DEBUG - UnitExtractor initialized with 85 unit mappings and 3 package patterns
2025-08-06 11:36:24,019 - DEBUG - Extracted 50 لیتری -> 50.0 kg
2025-08-06 11:36:25,432 - DEBUG - UnitExtractor initialized with 85 unit mappings and 3 package patterns
2025-08-06 11:36:25,432 - ERROR - Failed to parse number 'خاک': [<class 'decimal.ConversionSyntax'>]
2025-08-06 11:36:25,432 - ERROR - Failed to parse number 'گلدان.خاک.خاک': [<class 'decimal.ConversionSyntax'>]
2025-08-06 11:36:25,432 - ERROR - Failed to parse number 'گلدان.خاک': [<class 'decimal.ConversionSyntax'>]
2025-08-06 11:36:25,432 - ERROR - Failed to parse number 'و': [<class 'decimal.ConversionSyntax'>]
2025-08-06 11:36:25,432 - ERROR - Failed to parse number 'کود': [<class 'decimal.ConversionSyntax'>]
2025-08-06 11:36:25,432 - INFO - No amount-unit match found in text: خاک گلدان.خاک.خاک گلدان.خاک و کود
2025-08-06 11:36:26,823 - DEBUG - UnitExtractor initialized with 85 unit mappings and 3 package patterns
2025-08-06 11:36:26,824 - DEBUG - Extracted 12 لیتری -> 12.0 kg
2025-08-06 11:36:28,179 - DEBUG - UnitExtractor initialized with 85 unit mappings and 3 package patterns
2025-08-06 11:36:28,179 - DEBUG - Extracted 8 لیتری -> 8.0 kg
2025-08-06 11:36:29,585 - DEBUG - UnitExtractor initialized with 85 unit mappings and 3 package patterns
2025-08-06 11:36:29,586 - DEBUG - Extracted 20 لیتری -> 20.0 kg
2025-08-06 11:36:30,936 - DEBUG - UnitExtractor initialized with 85 unit mappings and 3 package patterns
2025-08-06 11:36:30,936 - DEBUG - Extracted 50 لیتری -> 50.0 kg
2025-08-06 11:36:32,284 - DEBUG - UnitExtractor initialized with 85 unit mappings and 3 package patterns
2025-08-06 11:36:32,284 - DEBUG - Extracted 8 لیتری -> 8.0 kg
2025-08-06 11:36:33,623 - DEBUG - UnitExtractor initialized with 85 unit mappings and 3 package patterns
2025-08-06 11:36:33,625 - ERROR - Failed to parse number 'خاک': [<class 'decimal.ConversionSyntax'>]
2025-08-06 11:36:33,625 - ERROR - Failed to parse number 'کود': [<class 'decimal.ConversionSyntax'>]
2025-08-06 11:36:33,625 - ERROR - Failed to parse number 'آفت': [<class 'decimal.ConversionSyntax'>]
2025-08-06 11:36:33,625 - ERROR - Failed to parse number 'کش': [<class 'decimal.ConversionSyntax'>]
2025-08-06 11:36:33,625 - ERROR - Failed to parse number 'و': [<class 'decimal.ConversionSyntax'>]
2025-08-06 11:36:33,625 - ERROR - Failed to parse number 'گلدان': [<class 'decimal.ConversionSyntax'>]
2025-08-06 11:36:33,625 - ERROR - Failed to parse number 'پلیمری': [<class 'decimal.ConversionSyntax'>]
2025-08-06 11:36:33,625 - ERROR - Failed to parse number 'پک': [<class 'decimal.ConversionSyntax'>]
2025-08-06 11:36:33,625 - ERROR - Failed to parse number 'تعویض': [<class 'decimal.ConversionSyntax'>]
2025-08-06 11:36:33,625 - ERROR - Failed to parse number 'گلدان': [<class 'decimal.ConversionSyntax'>]
2025-08-06 11:36:33,625 - INFO - No amount-unit match found in text: خاک کود آفت کش و گلدان پلیمری پک تعویض گلدان
2025-08-06 11:36:34,973 - DEBUG - UnitExtractor initialized with 85 unit mappings and 3 package patterns
2025-08-06 11:36:34,974 - ERROR - Failed to parse number 'خاک': [<class 'decimal.ConversionSyntax'>]
2025-08-06 11:36:34,974 - ERROR - Failed to parse number 'بهداشتی': [<class 'decimal.ConversionSyntax'>]
2025-08-06 11:36:34,974 - ERROR - Failed to parse number 'غنی': [<class 'decimal.ConversionSyntax'>]
2025-08-06 11:36:34,974 - ERROR - Failed to parse number 'شده': [<class 'decimal.ConversionSyntax'>]
2025-08-06 11:36:34,974 - ERROR - Failed to parse number 'با': [<class 'decimal.ConversionSyntax'>]
2025-08-06 11:36:34,974 - ERROR - Failed to parse number 'کود': [<class 'decimal.ConversionSyntax'>]
2025-08-06 11:36:34,974 - ERROR - Failed to parse number 'حلزون': [<class 'decimal.ConversionSyntax'>]
2025-08-06 11:36:34,974 - ERROR - Failed to parse number 'آچاتینا': [<class 'decimal.ConversionSyntax'>]
2025-08-06 11:36:34,974 - ERROR - Failed to parse number '(پس': [<class 'decimal.ConversionSyntax'>]
2025-08-06 11:36:34,974 - ERROR - Failed to parse number 'کرایه)': [<class 'decimal.ConversionSyntax'>]
2025-08-06 11:36:34,974 - INFO - No amount-unit match found in text: خاک بهداشتی غنی شده با کود حلزون آچاتینا (پس کرایه)
2025-08-06 11:36:36,311 - DEBUG - UnitExtractor initialized with 85 unit mappings and 3 package patterns
2025-08-06 11:36:36,311 - ERROR - Failed to parse number 'خاک': [<class 'decimal.ConversionSyntax'>]
2025-08-06 11:36:36,311 - ERROR - Failed to parse number 'پیتماس': [<class 'decimal.ConversionSyntax'>]
2025-08-06 11:36:36,311 - ERROR - Failed to parse number '(دوکیلویی)': [<class 'decimal.ConversionSyntax'>]
2025-08-06 11:36:36,311 - ERROR - Failed to parse number 'کود': [<class 'decimal.ConversionSyntax'>]
2025-08-06 11:36:36,311 - ERROR - Failed to parse number 'گیاه': [<class 'decimal.ConversionSyntax'>]
2025-08-06 11:36:36,311 - INFO - No amount-unit match found in text: خاک پیتماس (دوکیلویی) کود گیاه
2025-08-06 11:36:37,659 - DEBUG - UnitExtractor initialized with 85 unit mappings and 3 package patterns
2025-08-06 11:36:37,659 - DEBUG - Package extracted 5 units -> 0.020 kg
2025-08-06 11:36:39,012 - DEBUG - UnitExtractor initialized with 85 unit mappings and 3 package patterns
2025-08-06 11:36:39,012 - DEBUG - Extracted 25 لیتری -> 25.0 kg
2025-08-06 11:36:40,371 - DEBUG - UnitExtractor initialized with 85 unit mappings and 3 package patterns
2025-08-06 11:36:40,371 - DEBUG - Extracted 200 گرم -> 0.200 kg
2025-08-06 11:36:41,890 - DEBUG - UnitExtractor initialized with 85 unit mappings and 3 package patterns
2025-08-06 11:36:41,891 - DEBUG - Extracted 8 لیتری -> 8.0 kg
2025-08-06 11:36:43,304 - DEBUG - UnitExtractor initialized with 85 unit mappings and 3 package patterns
2025-08-06 11:36:43,304 - ERROR - Failed to parse number 'خاک': [<class 'decimal.ConversionSyntax'>]
2025-08-06 11:36:43,304 - ERROR - Failed to parse number 'بسته': [<class 'decimal.ConversionSyntax'>]
2025-08-06 11:36:43,304 - ERROR - Failed to parse number 'بندی': [<class 'decimal.ConversionSyntax'>]
2025-08-06 11:36:43,304 - ERROR - Failed to parse number 'شده': [<class 'decimal.ConversionSyntax'>]
2025-08-06 11:36:43,304 - ERROR - Failed to parse number 'مناسب': [<class 'decimal.ConversionSyntax'>]
2025-08-06 11:36:43,304 - ERROR - Failed to parse number 'گلها': [<class 'decimal.ConversionSyntax'>]
2025-08-06 11:36:43,304 - ERROR - Failed to parse number 'و': [<class 'decimal.ConversionSyntax'>]
2025-08-06 11:36:43,304 - ERROR - Failed to parse number 'گیاهان': [<class 'decimal.ConversionSyntax'>]
2025-08-06 11:36:43,304 - ERROR - Failed to parse number 'آپارتمانی': [<class 'decimal.ConversionSyntax'>]
2025-08-06 11:36:43,304 - ERROR - Failed to parse number 'و': [<class 'decimal.ConversionSyntax'>]
2025-08-06 11:36:43,304 - ERROR - Failed to parse number 'باغچه': [<class 'decimal.ConversionSyntax'>]
2025-08-06 11:36:43,304 - ERROR - Failed to parse number 'ای': [<class 'decimal.ConversionSyntax'>]
2025-08-06 11:36:43,304 - INFO - No amount-unit match found in text: خاک بسته بندی شده مناسب گلها و گیاهان آپارتمانی و باغچه ای
2025-08-06 11:36:44,824 - DEBUG - UnitExtractor initialized with 85 unit mappings and 3 package patterns
2025-08-06 11:36:44,824 - ERROR - Failed to parse number 'خاک': [<class 'decimal.ConversionSyntax'>]
2025-08-06 11:36:44,824 - ERROR - Failed to parse number 'دیاتومه': [<class 'decimal.ConversionSyntax'>]
2025-08-06 11:36:44,824 - ERROR - Failed to parse number 'و': [<class 'decimal.ConversionSyntax'>]
2025-08-06 11:36:44,824 - ERROR - Failed to parse number 'سه': [<class 'decimal.ConversionSyntax'>]
2025-08-06 11:36:44,824 - ERROR - Failed to parse number 'سم': [<class 'decimal.ConversionSyntax'>]
2025-08-06 11:36:44,824 - ERROR - Failed to parse number 'قوی': [<class 'decimal.ConversionSyntax'>]
2025-08-06 11:36:44,824 - ERROR - Failed to parse number 'برای': [<class 'decimal.ConversionSyntax'>]
2025-08-06 11:36:44,824 - ERROR - Failed to parse number 'ساس': [<class 'decimal.ConversionSyntax'>]
2025-08-06 11:36:44,824 - ERROR - Failed to parse number 'فوق': [<class 'decimal.ConversionSyntax'>]
2025-08-06 11:36:44,824 - ERROR - Failed to parse number 'قوی': [<class 'decimal.ConversionSyntax'>]
2025-08-06 11:36:44,824 - INFO - No amount-unit match found in text: خاک دیاتومه و سه سم قوی برای ساس فوق قوی
2025-08-06 11:36:46,278 - DEBUG - UnitExtractor initialized with 85 unit mappings and 3 package patterns
2025-08-06 11:36:46,278 - DEBUG - Extracted 4 گرمی -> 0.004 kg
2025-08-06 11:36:47,743 - DEBUG - UnitExtractor initialized with 85 unit mappings and 3 package patterns
2025-08-06 11:36:47,743 - ERROR - Failed to parse number 'خاک': [<class 'decimal.ConversionSyntax'>]
2025-08-06 11:36:47,743 - ERROR - Failed to parse number 'ژله': [<class 'decimal.ConversionSyntax'>]
2025-08-06 11:36:47,743 - ERROR - Failed to parse number 'ای': [<class 'decimal.ConversionSyntax'>]
2025-08-06 11:36:47,743 - ERROR - Failed to parse number 'کروی': [<class 'decimal.ConversionSyntax'>]
2025-08-06 11:36:47,744 - ERROR - Failed to parse number 'رنگبندی': [<class 'decimal.ConversionSyntax'>]
2025-08-06 11:36:47,744 - ERROR - Failed to parse number 'مخلوط': [<class 'decimal.ConversionSyntax'>]
2025-08-06 11:36:47,744 - INFO - No amount-unit match found in text: خاک ژله ای کروی رنگبندی مخلوط
2025-08-06 11:36:49,198 - DEBUG - UnitExtractor initialized with 85 unit mappings and 3 package patterns
2025-08-06 11:36:49,198 - ERROR - Failed to parse number 'خاک': [<class 'decimal.ConversionSyntax'>]
2025-08-06 11:36:49,198 - ERROR - Failed to parse number 'سفید': [<class 'decimal.ConversionSyntax'>]
2025-08-06 11:36:49,198 - ERROR - Failed to parse number 'مخصوص': [<class 'decimal.ConversionSyntax'>]
2025-08-06 11:36:49,198 - ERROR - Failed to parse number 'شیره': [<class 'decimal.ConversionSyntax'>]
2025-08-06 11:36:49,198 - ERROR - Failed to parse number 'انگور': [<class 'decimal.ConversionSyntax'>]
2025-08-06 11:36:49,198 - INFO - No amount-unit match found in text: خاک سفید مخصوص شیره انگور
2025-08-06 11:36:50,562 - DEBUG - UnitExtractor initialized with 85 unit mappings and 3 package patterns
2025-08-06 11:36:50,562 - ERROR - Failed to parse number 'خاک': [<class 'decimal.ConversionSyntax'>]
2025-08-06 11:36:50,562 - ERROR - Failed to parse number 'مخصوص': [<class 'decimal.ConversionSyntax'>]
2025-08-06 11:36:50,562 - ERROR - Failed to parse number 'گلهای': [<class 'decimal.ConversionSyntax'>]
2025-08-06 11:36:50,562 - ERROR - Failed to parse number 'آپارتمانی': [<class 'decimal.ConversionSyntax'>]
2025-08-06 11:36:50,562 - INFO - No amount-unit match found in text: خاک مخصوص گلهای آپارتمانی
2025-08-06 11:36:51,967 - DEBUG - UnitExtractor initialized with 85 unit mappings and 3 package patterns
2025-08-06 11:36:51,968 - DEBUG - Extracted 2 لیتری -> 2.0 kg
2025-08-06 11:36:53,369 - DEBUG - UnitExtractor initialized with 85 unit mappings and 3 package patterns
2025-08-06 11:36:53,370 - ERROR - Failed to parse number 'خاک': [<class 'decimal.ConversionSyntax'>]
2025-08-06 11:36:53,370 - ERROR - Failed to parse number 'گلدان': [<class 'decimal.ConversionSyntax'>]
2025-08-06 11:36:53,370 - INFO - No amount-unit match found in text: خاک گلدان
2025-08-06 11:36:54,770 - DEBUG - UnitExtractor initialized with 85 unit mappings and 3 package patterns
2025-08-06 11:36:54,770 - DEBUG - Extracted 20 لیتری -> 20.0 kg
2025-08-06 11:36:56,228 - DEBUG - UnitExtractor initialized with 85 unit mappings and 3 package patterns
2025-08-06 11:36:56,228 - DEBUG - Extracted 20 لیتری -> 20.0 kg
2025-08-06 11:36:57,620 - DEBUG - UnitExtractor initialized with 85 unit mappings and 3 package patterns
2025-08-06 11:36:57,620 - DEBUG - Extracted 10 لیتری -> 10.0 kg
2025-08-06 11:36:59,027 - DEBUG - UnitExtractor initialized with 85 unit mappings and 3 package patterns
2025-08-06 11:36:59,027 - DEBUG - Extracted 10 لیتری -> 10.0 kg
2025-08-06 11:37:00,378 - DEBUG - UnitExtractor initialized with 85 unit mappings and 3 package patterns
2025-08-06 11:37:00,379 - DEBUG - Extracted 10 لیتری -> 10.0 kg
2025-08-06 11:37:01,804 - DEBUG - UnitExtractor initialized with 85 unit mappings and 3 package patterns
2025-08-06 11:37:01,804 - DEBUG - Extracted 20 لیتری -> 20.0 kg
2025-08-06 11:37:03,155 - DEBUG - UnitExtractor initialized with 85 unit mappings and 3 package patterns
2025-08-06 11:37:03,155 - DEBUG - Extracted 20 لیتری -> 20.0 kg
2025-08-06 11:37:04,549 - DEBUG - UnitExtractor initialized with 85 unit mappings and 3 package patterns
2025-08-06 11:37:04,549 - DEBUG - Extracted 2 تن -> 2000.0 kg
2025-08-06 11:37:05,988 - DEBUG - UnitExtractor initialized with 85 unit mappings and 3 package patterns
2025-08-06 11:37:05,988 - DEBUG - Extracted 10 لیتری -> 10.0 kg
2025-08-06 11:37:07,382 - DEBUG - UnitExtractor initialized with 85 unit mappings and 3 package patterns
2025-08-06 11:37:07,382 - DEBUG - Extracted 10 لیتری -> 10.0 kg
2025-08-06 11:37:08,761 - DEBUG - UnitExtractor initialized with 85 unit mappings and 3 package patterns
2025-08-06 11:37:08,761 - DEBUG - Extracted 10 لیتری -> 10.0 kg
2025-08-06 11:37:10,219 - DEBUG - UnitExtractor initialized with 85 unit mappings and 3 package patterns
2025-08-06 11:37:10,219 - DEBUG - Extracted 15 لیتری -> 15.0 kg
2025-08-06 11:37:11,637 - DEBUG - UnitExtractor initialized with 85 unit mappings and 3 package patterns
2025-08-06 11:37:11,637 - DEBUG - Extracted 1.700 کیلوگرم -> 1.7000 kg
2025-08-06 11:37:13,031 - DEBUG - UnitExtractor initialized with 85 unit mappings and 3 package patterns
2025-08-06 11:37:13,031 - DEBUG - Extracted 4 لیتری -> 4.0 kg
2025-08-06 11:37:14,459 - DEBUG - UnitExtractor initialized with 85 unit mappings and 3 package patterns
2025-08-06 11:37:14,459 - DEBUG - Extracted 2 لیتری -> 2.0 kg
2025-08-06 11:37:15,852 - DEBUG - UnitExtractor initialized with 85 unit mappings and 3 package patterns
2025-08-06 11:37:15,852 - DEBUG - Extracted 3 لیتری -> 3.0 kg
2025-08-06 11:37:17,252 - DEBUG - UnitExtractor initialized with 85 unit mappings and 3 package patterns
2025-08-06 11:37:17,252 - ERROR - Failed to parse number 'خاک': [<class 'decimal.ConversionSyntax'>]
2025-08-06 11:37:17,252 - ERROR - Failed to parse number 'پلنت': [<class 'decimal.ConversionSyntax'>]
2025-08-06 11:37:17,252 - ERROR - Failed to parse number 'و': [<class 'decimal.ConversionSyntax'>]
2025-08-06 11:37:17,252 - ERROR - Failed to parse number 'بذر': [<class 'decimal.ConversionSyntax'>]
2025-08-06 11:37:17,252 - ERROR - Failed to parse number 'مونت': [<class 'decimal.ConversionSyntax'>]
2025-08-06 11:37:17,252 - ERROR - Failed to parse number 'کارلو': [<class 'decimal.ConversionSyntax'>]
2025-08-06 11:37:17,252 - ERROR - Failed to parse number 'اکواریوم': [<class 'decimal.ConversionSyntax'>]
2025-08-06 11:37:17,252 - ERROR - Failed to parse number '(پس': [<class 'decimal.ConversionSyntax'>]
2025-08-06 11:37:17,252 - ERROR - Failed to parse number 'کرایه)': [<class 'decimal.ConversionSyntax'>]
2025-08-06 11:37:17,252 - INFO - No amount-unit match found in text: خاک پلنت و بذر مونت کارلو اکواریوم (پس کرایه)
2025-08-06 11:37:20,048 - DEBUG - UnitExtractor initialized with 85 unit mappings and 3 package patterns
2025-08-06 11:37:20,049 - ERROR - Failed to parse number 'خاک': [<class 'decimal.ConversionSyntax'>]
2025-08-06 11:37:20,049 - ERROR - Failed to parse number 'سبک': [<class 'decimal.ConversionSyntax'>]
2025-08-06 11:37:20,049 - ERROR - Failed to parse number 'یک': [<class 'decimal.ConversionSyntax'>]
2025-08-06 11:37:20,049 - ERROR - Failed to parse number 'لیتری': [<class 'decimal.ConversionSyntax'>]
2025-08-06 11:37:20,049 - INFO - No amount-unit match found in text: خاک سبک یک لیتری
2025-08-06 11:37:21,487 - DEBUG - UnitExtractor initialized with 85 unit mappings and 3 package patterns
2025-08-06 11:37:21,487 - ERROR - Failed to parse number 'خاک': [<class 'decimal.ConversionSyntax'>]
2025-08-06 11:37:21,487 - ERROR - Failed to parse number 'مخصوص': [<class 'decimal.ConversionSyntax'>]
2025-08-06 11:37:21,487 - ERROR - Failed to parse number 'گلهای': [<class 'decimal.ConversionSyntax'>]
2025-08-06 11:37:21,487 - ERROR - Failed to parse number 'آپارتمانی': [<class 'decimal.ConversionSyntax'>]
2025-08-06 11:37:21,487 - INFO - No amount-unit match found in text: خاک مخصوص گلهای آپارتمانی
2025-08-06 11:37:22,959 - DEBUG - UnitExtractor initialized with 85 unit mappings and 3 package patterns
2025-08-06 11:37:22,959 - DEBUG - Extracted 3 گرمی -> 0.003 kg
2025-08-06 11:37:24,415 - DEBUG - UnitExtractor initialized with 85 unit mappings and 3 package patterns
2025-08-06 11:37:24,415 - ERROR - Failed to parse number 'خاک': [<class 'decimal.ConversionSyntax'>]
2025-08-06 11:37:24,415 - ERROR - Failed to parse number 'برگ': [<class 'decimal.ConversionSyntax'>]
2025-08-06 11:37:24,416 - ERROR - Failed to parse number 'بزرگ': [<class 'decimal.ConversionSyntax'>]
2025-08-06 11:37:24,416 - ERROR - Failed to parse number '(پس': [<class 'decimal.ConversionSyntax'>]
2025-08-06 11:37:24,416 - ERROR - Failed to parse number 'کرایه)': [<class 'decimal.ConversionSyntax'>]
2025-08-06 11:37:24,416 - ERROR - Failed to parse number 'خاک': [<class 'decimal.ConversionSyntax'>]
2025-08-06 11:37:24,416 - ERROR - Failed to parse number 'سبک': [<class 'decimal.ConversionSyntax'>]
2025-08-06 11:37:24,416 - INFO - No amount-unit match found in text: خاک برگ بزرگ (پس کرایه) خاک سبک
2025-08-06 11:37:25,808 - DEBUG - UnitExtractor initialized with 85 unit mappings and 3 package patterns
2025-08-06 11:37:25,808 - ERROR - Failed to parse number 'خاک': [<class 'decimal.ConversionSyntax'>]
2025-08-06 11:37:25,808 - ERROR - Failed to parse number 'برگ': [<class 'decimal.ConversionSyntax'>]
2025-08-06 11:37:25,808 - ERROR - Failed to parse number 'متوسط': [<class 'decimal.ConversionSyntax'>]
2025-08-06 11:37:25,808 - ERROR - Failed to parse number '(پس': [<class 'decimal.ConversionSyntax'>]
2025-08-06 11:37:25,809 - ERROR - Failed to parse number 'کرایه)': [<class 'decimal.ConversionSyntax'>]
2025-08-06 11:37:25,809 - ERROR - Failed to parse number 'خاک': [<class 'decimal.ConversionSyntax'>]
2025-08-06 11:37:25,809 - ERROR - Failed to parse number 'سبک': [<class 'decimal.ConversionSyntax'>]
2025-08-06 11:37:25,809 - INFO - No amount-unit match found in text: خاک برگ متوسط (پس کرایه) خاک سبک
2025-08-06 11:37:27,202 - DEBUG - UnitExtractor initialized with 85 unit mappings and 3 package patterns
2025-08-06 11:37:27,203 - ERROR - Failed to parse number 'خاک': [<class 'decimal.ConversionSyntax'>]
2025-08-06 11:37:27,203 - ERROR - Failed to parse number 'ژله': [<class 'decimal.ConversionSyntax'>]
2025-08-06 11:37:27,203 - ERROR - Failed to parse number 'ای': [<class 'decimal.ConversionSyntax'>]
2025-08-06 11:37:27,203 - ERROR - Failed to parse number 'شفاف': [<class 'decimal.ConversionSyntax'>]
2025-08-06 11:37:27,203 - ERROR - Failed to parse number 'بسته': [<class 'decimal.ConversionSyntax'>]
2025-08-06 11:37:27,203 - ERROR - Failed to parse number 'های': [<class 'decimal.ConversionSyntax'>]
2025-08-06 11:37:27,203 - ERROR - Failed to parse number 'پر': [<class 'decimal.ConversionSyntax'>]
2025-08-06 11:37:27,203 - ERROR - Failed to parse number 'پنج': [<class 'decimal.ConversionSyntax'>]
2025-08-06 11:37:27,203 - ERROR - Failed to parse number 'عددی': [<class 'decimal.ConversionSyntax'>]
2025-08-06 11:37:27,203 - INFO - No amount-unit match found in text: خاک ژله ای شفاف بسته های پر پنج عددی
2025-08-06 11:37:28,598 - DEBUG - UnitExtractor initialized with 85 unit mappings and 3 package patterns
2025-08-06 11:37:28,598 - ERROR - Failed to parse number 'خاک': [<class 'decimal.ConversionSyntax'>]
2025-08-06 11:37:28,598 - ERROR - Failed to parse number 'تربت': [<class 'decimal.ConversionSyntax'>]
2025-08-06 11:37:28,598 - ERROR - Failed to parse number 'شیشه': [<class 'decimal.ConversionSyntax'>]
2025-08-06 11:37:28,598 - ERROR - Failed to parse number 'ای': [<class 'decimal.ConversionSyntax'>]
2025-08-06 11:37:28,598 - INFO - No amount-unit match found in text: خاک تربت شیشه ای
2025-08-06 11:37:30,001 - DEBUG - UnitExtractor initialized with 85 unit mappings and 3 package patterns
2025-08-06 11:37:30,001 - DEBUG - Extracted 2 لیتری -> 2.0 kg
2025-08-06 11:37:31,416 - DEBUG - UnitExtractor initialized with 85 unit mappings and 3 package patterns
2025-08-06 11:37:31,416 - ERROR - Failed to parse number 'خاک': [<class 'decimal.ConversionSyntax'>]
2025-08-06 11:37:31,416 - ERROR - Failed to parse number 'نسوز': [<class 'decimal.ConversionSyntax'>]
2025-08-06 11:37:31,416 - ERROR - Failed to parse number 'H9': [<class 'decimal.ConversionSyntax'>]
2025-08-06 11:37:31,416 - ERROR - Failed to parse number 'درجه': [<class 'decimal.ConversionSyntax'>]
2025-08-06 11:37:31,416 - ERROR - Failed to parse number 'بالا': [<class 'decimal.ConversionSyntax'>]
2025-08-06 11:37:31,416 - INFO - No amount-unit match found in text: خاک نسوز H9 درجه بالا
2025-08-06 11:37:32,902 - DEBUG - UnitExtractor initialized with 85 unit mappings and 3 package patterns
2025-08-06 11:37:32,902 - ERROR - Failed to parse number 'خاک': [<class 'decimal.ConversionSyntax'>]
2025-08-06 11:37:32,902 - ERROR - Failed to parse number 'ژله': [<class 'decimal.ConversionSyntax'>]
2025-08-06 11:37:32,902 - ERROR - Failed to parse number 'ای': [<class 'decimal.ConversionSyntax'>]
2025-08-06 11:37:32,902 - ERROR - Failed to parse number 'رنگی': [<class 'decimal.ConversionSyntax'>]
2025-08-06 11:37:32,902 - ERROR - Failed to parse number 'بسته': [<class 'decimal.ConversionSyntax'>]
2025-08-06 11:37:32,902 - ERROR - Failed to parse number 'ی': [<class 'decimal.ConversionSyntax'>]
2025-08-06 11:37:32,902 - ERROR - Failed to parse number 'عددی': [<class 'decimal.ConversionSyntax'>]
2025-08-06 11:37:32,903 - ERROR - Failed to parse number 'بسیار': [<class 'decimal.ConversionSyntax'>]
2025-08-06 11:37:32,903 - ERROR - Failed to parse number 'مرغوب': [<class 'decimal.ConversionSyntax'>]
2025-08-06 11:37:32,903 - INFO - No amount-unit match found in text: خاک ژله ای رنگی بسته ی 24 عددی بسیار مرغوب
2025-08-06 11:37:34,301 - DEBUG - UnitExtractor initialized with 85 unit mappings and 3 package patterns
2025-08-06 11:37:34,301 - DEBUG - Extracted 150 گرم -> 0.150 kg
2025-08-06 11:37:35,769 - DEBUG - UnitExtractor initialized with 85 unit mappings and 3 package patterns
2025-08-06 11:37:35,769 - ERROR - Failed to parse number 'خاک': [<class 'decimal.ConversionSyntax'>]
2025-08-06 11:37:35,769 - ERROR - Failed to parse number 'پوکه': [<class 'decimal.ConversionSyntax'>]
2025-08-06 11:37:35,769 - ERROR - Failed to parse number 'درشت': [<class 'decimal.ConversionSyntax'>]
2025-08-06 11:37:35,769 - INFO - No amount-unit match found in text: خاک پوکه درشت
2025-08-06 11:37:37,274 - DEBUG - UnitExtractor initialized with 85 unit mappings and 3 package patterns
2025-08-06 11:37:37,274 - ERROR - Failed to parse number 'خاک': [<class 'decimal.ConversionSyntax'>]
2025-08-06 11:37:37,274 - ERROR - Failed to parse number 'مخصوص': [<class 'decimal.ConversionSyntax'>]
2025-08-06 11:37:37,274 - ERROR - Failed to parse number 'سانسوریا': [<class 'decimal.ConversionSyntax'>]
2025-08-06 11:37:37,274 - ERROR - Failed to parse number 'و': [<class 'decimal.ConversionSyntax'>]
2025-08-06 11:37:37,274 - ERROR - Failed to parse number 'زاموفیلیا': [<class 'decimal.ConversionSyntax'>]
2025-08-06 11:37:37,274 - ERROR - Failed to parse number 'استریل': [<class 'decimal.ConversionSyntax'>]
2025-08-06 11:37:37,274 - INFO - No amount-unit match found in text: خاک مخصوص سانسوریا و زاموفیلیا استریل
2025-08-06 11:37:38,712 - DEBUG - UnitExtractor initialized with 85 unit mappings and 3 package patterns
2025-08-06 11:37:38,712 - DEBUG - Extracted 2 لیتری -> 2.0 kg
2025-08-06 11:37:40,158 - DEBUG - UnitExtractor initialized with 85 unit mappings and 3 package patterns
2025-08-06 11:37:40,159 - DEBUG - Extracted 5 لیتر -> 5.0 kg
2025-08-06 11:37:41,569 - DEBUG - UnitExtractor initialized with 85 unit mappings and 3 package patterns
2025-08-06 11:37:41,569 - DEBUG - Extracted 40 گرمی -> 0.040 kg
2025-08-06 11:37:43,031 - DEBUG - UnitExtractor initialized with 85 unit mappings and 3 package patterns
2025-08-06 11:37:43,039 - ERROR - Failed to parse number 'خاکشیر': [<class 'decimal.ConversionSyntax'>]
2025-08-06 11:37:43,039 - ERROR - Failed to parse number 'ارگانیک': [<class 'decimal.ConversionSyntax'>]
2025-08-06 11:37:43,039 - ERROR - Failed to parse number 'اعلا': [<class 'decimal.ConversionSyntax'>]
2025-08-06 11:37:43,039 - ERROR - Failed to parse number 'تمیز': [<class 'decimal.ConversionSyntax'>]
2025-08-06 11:37:43,039 - ERROR - Failed to parse number 'و': [<class 'decimal.ConversionSyntax'>]
2025-08-06 11:37:43,039 - ERROR - Failed to parse number 'بدون': [<class 'decimal.ConversionSyntax'>]
2025-08-06 11:37:43,039 - ERROR - Failed to parse number 'خاک': [<class 'decimal.ConversionSyntax'>]
2025-08-06 11:37:43,039 - INFO - No amount-unit match found in text: خاکشیر ارگانیک اعلا تمیز و بدون خاک
2025-08-06 11:37:44,553 - DEBUG - UnitExtractor initialized with 85 unit mappings and 3 package patterns
2025-08-06 11:37:44,553 - DEBUG - Extracted 3 لیتری -> 3.0 kg
2025-08-06 11:37:46,107 - ERROR - Future exception was never retrieved
future: <Future finished exception=BrokenPipeError(32, 'The pipe is being closed', None, 232, None)>
Traceback (most recent call last):
  File "C:\Users\pc\AppData\Local\Programs\Python\Python311\Lib\asyncio\proactor_events.py", line 397, in _loop_writing
    self._write_fut = self._loop._proactor.send(self._sock, data)
                      ^^^^^^^^^^^^^^^^^^^^^^^^^^^^^^^^^^^^^^^^^^^
  File "C:\Users\pc\AppData\Local\Programs\Python\Python311\Lib\asyncio\windows_events.py", line 559, in send
    ov.WriteFile(conn.fileno(), buf)
BrokenPipeError: [WinError 232] The pipe is being closed
2025-08-06 11:37:57,488 - DEBUG - Using proactor: IocpProactor
2025-08-06 11:37:59,871 - DEBUG - UnitExtractor initialized with 85 unit mappings and 3 package patterns
2025-08-06 11:37:59,872 - DEBUG - Extracted 4 لیتری -> 4.0 kg
2025-08-06 11:37:59,872 - DEBUG - Attempting to acquire lock 2034873212944 on D:\webscraping\venv\Lib\site-packages\tldextract\.suffix_cache\publicsuffix.org-tlds\de84b5ca2167d4c83e38fb162f2e8738.tldextract.json.lock
2025-08-06 11:37:59,872 - DEBUG - Lock 2034873212944 acquired on D:\webscraping\venv\Lib\site-packages\tldextract\.suffix_cache\publicsuffix.org-tlds\de84b5ca2167d4c83e38fb162f2e8738.tldextract.json.lock
2025-08-06 11:37:59,874 - DEBUG - Attempting to release lock 2034873212944 on D:\webscraping\venv\Lib\site-packages\tldextract\.suffix_cache\publicsuffix.org-tlds\de84b5ca2167d4c83e38fb162f2e8738.tldextract.json.lock
2025-08-06 11:37:59,874 - DEBUG - Lock 2034873212944 released on D:\webscraping\venv\Lib\site-packages\tldextract\.suffix_cache\publicsuffix.org-tlds\de84b5ca2167d4c83e38fb162f2e8738.tldextract.json.lock
2025-08-06 11:38:01,284 - DEBUG - UnitExtractor initialized with 85 unit mappings and 3 package patterns
2025-08-06 11:38:01,284 - ERROR - Failed to parse number 'خاک': [<class 'decimal.ConversionSyntax'>]
2025-08-06 11:38:01,284 - ERROR - Failed to parse number 'و': [<class 'decimal.ConversionSyntax'>]
2025-08-06 11:38:01,284 - ERROR - Failed to parse number 'کود': [<class 'decimal.ConversionSyntax'>]
2025-08-06 11:38:01,284 - ERROR - Failed to parse number 'بستر': [<class 'decimal.ConversionSyntax'>]
2025-08-06 11:38:01,284 - ERROR - Failed to parse number 'مخصوص': [<class 'decimal.ConversionSyntax'>]
2025-08-06 11:38:01,284 - ERROR - Failed to parse number 'گیاهان': [<class 'decimal.ConversionSyntax'>]
2025-08-06 11:38:01,284 - ERROR - Failed to parse number 'آبزی': [<class 'decimal.ConversionSyntax'>]
2025-08-06 11:38:01,284 - ERROR - Failed to parse number 'و': [<class 'decimal.ConversionSyntax'>]
2025-08-06 11:38:01,284 - ERROR - Failed to parse number 'میگوها': [<class 'decimal.ConversionSyntax'>]
2025-08-06 11:38:01,284 - ERROR - Failed to parse number 'اوشن': [<class 'decimal.ConversionSyntax'>]
2025-08-06 11:38:01,284 - ERROR - Failed to parse number 'فری': [<class 'decimal.ConversionSyntax'>]
2025-08-06 11:38:01,284 - INFO - No amount-unit match found in text: خاک و کود بستر مخصوص گیاهان آبزی و میگوها اوشن فری
2025-08-06 11:38:02,728 - DEBUG - UnitExtractor initialized with 85 unit mappings and 3 package patterns
2025-08-06 11:38:02,728 - DEBUG - Extracted 4 لیتری -> 4.0 kg
2025-08-06 11:38:04,124 - DEBUG - UnitExtractor initialized with 85 unit mappings and 3 package patterns
2025-08-06 11:38:04,124 - DEBUG - Extracted 4 لیتری -> 4.0 kg
2025-08-06 11:38:05,532 - DEBUG - UnitExtractor initialized with 85 unit mappings and 3 package patterns
2025-08-06 11:38:05,532 - ERROR - Failed to parse number 'خاک': [<class 'decimal.ConversionSyntax'>]
2025-08-06 11:38:05,532 - ERROR - Failed to parse number 'کود': [<class 'decimal.ConversionSyntax'>]
2025-08-06 11:38:05,532 - ERROR - Failed to parse number 'آفت': [<class 'decimal.ConversionSyntax'>]
2025-08-06 11:38:05,532 - ERROR - Failed to parse number 'کش': [<class 'decimal.ConversionSyntax'>]
2025-08-06 11:38:05,532 - ERROR - Failed to parse number 'و': [<class 'decimal.ConversionSyntax'>]
2025-08-06 11:38:05,532 - ERROR - Failed to parse number 'گلدان': [<class 'decimal.ConversionSyntax'>]
2025-08-06 11:38:05,532 - ERROR - Failed to parse number 'پلیمری': [<class 'decimal.ConversionSyntax'>]
2025-08-06 11:38:05,532 - ERROR - Failed to parse number 'پک': [<class 'decimal.ConversionSyntax'>]
2025-08-06 11:38:05,532 - ERROR - Failed to parse number 'تعویض': [<class 'decimal.ConversionSyntax'>]
2025-08-06 11:38:05,532 - ERROR - Failed to parse number 'گلدان': [<class 'decimal.ConversionSyntax'>]
2025-08-06 11:38:05,532 - ERROR - Failed to parse number 'کد': [<class 'decimal.ConversionSyntax'>]
2025-08-06 11:38:05,532 - INFO - No amount-unit match found in text: خاک کود آفت کش و گلدان پلیمری پک تعویض گلدان کد 202
2025-08-06 11:38:06,952 - DEBUG - UnitExtractor initialized with 85 unit mappings and 3 package patterns
2025-08-06 11:38:06,952 - DEBUG - Extracted 20 لیتری -> 20.0 kg
2025-08-06 11:38:08,359 - DEBUG - UnitExtractor initialized with 85 unit mappings and 3 package patterns
2025-08-06 11:38:08,359 - DEBUG - Extracted 5 لیتری -> 5.0 kg
2025-08-06 11:38:09,775 - DEBUG - UnitExtractor initialized with 85 unit mappings and 3 package patterns
2025-08-06 11:38:09,775 - DEBUG - Extracted 11 لیتری -> 11.0 kg
2025-08-06 11:38:11,162 - DEBUG - UnitExtractor initialized with 85 unit mappings and 3 package patterns
2025-08-06 11:38:11,163 - DEBUG - Extracted 5 کیلویی -> 5.0 kg
2025-08-06 11:38:12,499 - DEBUG - UnitExtractor initialized with 85 unit mappings and 3 package patterns
2025-08-06 11:38:12,500 - DEBUG - Extracted 50 لیتری -> 50.0 kg
2025-08-06 11:38:13,832 - DEBUG - UnitExtractor initialized with 85 unit mappings and 3 package patterns
2025-08-06 11:38:13,833 - ERROR - Failed to parse number 'خاک': [<class 'decimal.ConversionSyntax'>]
2025-08-06 11:38:13,833 - ERROR - Failed to parse number 'گلدان.خاک.خاک': [<class 'decimal.ConversionSyntax'>]
2025-08-06 11:38:13,833 - ERROR - Failed to parse number 'گلدان.خاک': [<class 'decimal.ConversionSyntax'>]
2025-08-06 11:38:13,833 - ERROR - Failed to parse number 'و': [<class 'decimal.ConversionSyntax'>]
2025-08-06 11:38:13,833 - ERROR - Failed to parse number 'کود': [<class 'decimal.ConversionSyntax'>]
2025-08-06 11:38:13,833 - INFO - No amount-unit match found in text: خاک گلدان.خاک.خاک گلدان.خاک و کود
2025-08-06 11:38:15,183 - DEBUG - UnitExtractor initialized with 85 unit mappings and 3 package patterns
2025-08-06 11:38:15,184 - DEBUG - Extracted 12 لیتری -> 12.0 kg
2025-08-06 11:38:16,564 - DEBUG - UnitExtractor initialized with 85 unit mappings and 3 package patterns
2025-08-06 11:38:16,564 - DEBUG - Extracted 8 لیتری -> 8.0 kg
2025-08-06 11:38:17,960 - DEBUG - UnitExtractor initialized with 85 unit mappings and 3 package patterns
2025-08-06 11:38:17,960 - DEBUG - Extracted 20 لیتری -> 20.0 kg
2025-08-06 11:38:19,368 - DEBUG - UnitExtractor initialized with 85 unit mappings and 3 package patterns
2025-08-06 11:38:19,368 - DEBUG - Extracted 50 لیتری -> 50.0 kg
2025-08-06 11:38:20,763 - DEBUG - UnitExtractor initialized with 85 unit mappings and 3 package patterns
2025-08-06 11:38:20,763 - DEBUG - Extracted 8 لیتری -> 8.0 kg
2025-08-06 11:38:22,159 - DEBUG - UnitExtractor initialized with 85 unit mappings and 3 package patterns
2025-08-06 11:38:22,159 - ERROR - Failed to parse number 'خاک': [<class 'decimal.ConversionSyntax'>]
2025-08-06 11:38:22,159 - ERROR - Failed to parse number 'کود': [<class 'decimal.ConversionSyntax'>]
2025-08-06 11:38:22,159 - ERROR - Failed to parse number 'آفت': [<class 'decimal.ConversionSyntax'>]
2025-08-06 11:38:22,159 - ERROR - Failed to parse number 'کش': [<class 'decimal.ConversionSyntax'>]
2025-08-06 11:38:22,159 - ERROR - Failed to parse number 'و': [<class 'decimal.ConversionSyntax'>]
2025-08-06 11:38:22,159 - ERROR - Failed to parse number 'گلدان': [<class 'decimal.ConversionSyntax'>]
2025-08-06 11:38:22,159 - ERROR - Failed to parse number 'پلیمری': [<class 'decimal.ConversionSyntax'>]
2025-08-06 11:38:22,159 - ERROR - Failed to parse number 'پک': [<class 'decimal.ConversionSyntax'>]
2025-08-06 11:38:22,159 - ERROR - Failed to parse number 'تعویض': [<class 'decimal.ConversionSyntax'>]
2025-08-06 11:38:22,159 - ERROR - Failed to parse number 'گلدان': [<class 'decimal.ConversionSyntax'>]
2025-08-06 11:38:22,159 - INFO - No amount-unit match found in text: خاک کود آفت کش و گلدان پلیمری پک تعویض گلدان
2025-08-06 11:38:23,705 - ERROR - Future exception was never retrieved
future: <Future finished exception=BrokenPipeError(32, 'The pipe is being closed', None, 232, None)>
Traceback (most recent call last):
  File "C:\Users\pc\AppData\Local\Programs\Python\Python311\Lib\asyncio\proactor_events.py", line 397, in _loop_writing
    self._write_fut = self._loop._proactor.send(self._sock, data)
                      ^^^^^^^^^^^^^^^^^^^^^^^^^^^^^^^^^^^^^^^^^^^
  File "C:\Users\pc\AppData\Local\Programs\Python\Python311\Lib\asyncio\windows_events.py", line 559, in send
    ov.WriteFile(conn.fileno(), buf)
BrokenPipeError: [WinError 232] The pipe is being closed
