category,url,product_menu_url,name,is_available,price,amount_kg,price_per_kg
,https://digikala.com/product/dkp-2029583/%DA%A9%D9%88%D8%AF-%D9%85%D8%A7%DB%8C%D8%B9-%DA%A9%D8%A7%DA%A9%D8%AA%D9%88%D8%B3-%DA%AF%DB%8C%D9%84%D8%AF%D8%A7-%DA%A9%D8%AF-gc30-%D8%AD%D8%AC%D9%85-30-%D9%85%DB%8C%D9%84%DB%8C-%D9%84%DB%8C%D8%AA%D8%B1/?ad_variant_id=5638090,https://www.digikala.com/search/category-soils-and-fertilizers/?page=1,کود مایع کاکتوس گیلدا کد GC30 حجم 30 میلی لیتر,True,83600,,
,https://digikala.com/product/dkp-7777162/%DA%A9%D9%88%D8%AF-%D8%AA%D9%82%D9%88%DB%8C%D8%AA%DB%8C-%D9%85%D8%AE%D8%B5%D9%88%D8%B5-%DA%AF%D9%84-%D8%B1%D8%B2-%D9%87%D9%BE%DB%8C-%D9%BE%D9%84%D9%86%D8%AA-%D9%85%D8%AF%D9%84-hp502-%D8%AD%D8%AC%D9%85-120-%D9%85%DB%8C%D9%84%DB%8C-%D9%84%DB%8C%D8%AA%D8%B1/,https://www.digikala.com/search/category-soils-and-fertilizers/?page=1,کود تقویتی مخصوص گل رز هپی پلنت مدل HP502 حجم 120 میلی لیتر,True,83000,,
,https://digikala.com/product/dkp-6769723/%D8%A7%D8%B3%D9%BE%D8%B1%DB%8C-%D8%A8%D8%B1%D8%A7%D9%82-%DA%A9%D9%86%D9%86%D8%AF%D9%87-%DA%AF%DB%8C%D8%A7%D9%87-%DA%A9%D8%A7%D8%B3%D9%BE%DB%8C%D9%86-%D9%85%D8%AF%D9%84-01-%D8%AD%D8%AC%D9%85-500-%D9%85%DB%8C%D9%84%DB%8C-%D9%84%DB%8C%D8%AA%D8%B1/,https://www.digikala.com/search/category-soils-and-fertilizers/?page=1,اسپری براق کننده گیاه کاسپین مدل 01 حجم 500 میلی لیتر,True,185090,,
,https://digikala.com/product/dkp-8152779/%DA%A9%D9%88%D8%AF-%D8%B3%D9%88%D9%84%D9%81%D8%A7%D8%AA-%D9%85%D9%86%DA%AF%D9%86%D8%B2-%DA%AF%D8%B1%DB%8C%D9%86-%D9%BE%DB%8C%DA%A9-%D9%85%D8%AF%D9%84-manganese-sulfate-1000-%D9%88%D8%B2%D9%86-%DB%8C%DA%A9-%DA%A9%DB%8C%D9%84%D9%88%DA%AF%D8%B1%D9%85/,https://www.digikala.com/search/category-soils-and-fertilizers/?page=1,کود سولفات منگنز گرین پیک مدل MANGANESE SULFATE 1000 وزن یک کیلوگرم,True,267000,,
,https://digikala.com/product/dkp-6879514/%DA%A9%D9%88%D8%AF-%DA%A9%D8%A7%D9%85%D9%84-%D9%85%D8%AF%D9%84-202020-npk-%D9%88%D8%B2%D9%86-10-%DA%A9%DB%8C%D9%84%D9%88%DA%AF%D8%B1%D9%85/,https://www.digikala.com/search/category-soils-and-fertilizers/?page=1,کود کامل مدل 20+20+20 NPK وزن 10 کیلوگرم,True,1160000,10.0,116000.0
,https://digikala.com/product/dkp-18255749/%DA%A9%D9%88%D8%AF-%D8%A7%D8%B3%DB%8C%D8%AF-%D9%87%DB%8C%D9%88%D9%85%DB%8C%DA%A9-%D9%BE%D9%88%D8%AF%D8%B1%DB%8C-%DA%AF%D8%B1%DB%8C%D9%86-%D9%BE%DB%8C%DA%A9-%D9%85%D8%AF%D9%84-hu-10-%D9%88%D8%B2%D9%86-10-%DA%A9%DB%8C%D9%84%D9%88%DA%AF%D8%B1%D9%85/,https://www.digikala.com/search/category-soils-and-fertilizers/?page=1,کود اسید هیومیک پودری گرین پیک مدل Hu 10 وزن 10 کیلوگرم,True,2807000,10.0,280700.0
,https://digikala.com/product/dkp-2029583/%DA%A9%D9%88%D8%AF-%D9%85%D8%A7%DB%8C%D8%B9-%DA%A9%D8%A7%DA%A9%D8%AA%D9%88%D8%B3-%DA%AF%DB%8C%D9%84%D8%AF%D8%A7-%DA%A9%D8%AF-gc30-%D8%AD%D8%AC%D9%85-30-%D9%85%DB%8C%D9%84%DB%8C-%D9%84%DB%8C%D8%AA%D8%B1/?ad_variant_id=5638090,https://www.digikala.com/search/category-soils-and-fertilizers/?page=1,کود مایع کاکتوس گیلدا کد GC30 حجم 30 میلی لیتر,True,83600,,
,https://digikala.com/product/dkp-4349267/%DA%A9%D9%88%D8%AF-%DA%AF%D8%A7%D9%88%DB%8C-%DA%AF%DB%8C%D9%84%D8%AF%D8%A7-%DA%A9%D8%AF-gcm04-%D8%AD%D8%AC%D9%85-4-%D9%84%DB%8C%D8%AA%D8%B1/?ad_variant_id=14095029,https://www.digikala.com/search/category-soils-and-fertilizers/?page=1,کود گاوی گیلدا کد GCM04 حجم 4 لیتر,True,89000,4.0,22250.0
,https://digikala.com/product/dkp-19948922/%DA%A9%D9%88%D8%AF-%D9%85%D8%A7%DB%8C%D8%B9-%D8%A7%D8%B3%DB%8C%D8%AF-%D9%87%DB%8C%D9%88%D9%85%DB%8C%DA%A9-%DA%A9%D9%88%D8%AF%DB%8C%D8%B1%D8%A7%D9%86-%D9%85%D8%AF%D9%84-%D9%87%DB%8C%D9%88%D9%85%DB%8C%D9%86%D9%88-%D8%AD%D8%AC%D9%85-5-%D9%84%DB%8C%D8%AA%D8%B1/,https://www.digikala.com/search/category-soils-and-fertilizers/?page=1,کود مایع اسید هیومیک کودیران مدل هیومینو حجم 5 لیتر,True,390000,5.0,78000.0
,https://digikala.com/product/dkp-3316709/%D8%AE%D8%A7%DA%A9-%DA%AF%D9%84%D8%AF%D8%A7%D9%86-%DA%AF%DB%8C%D9%84%D8%AF%D8%A7-%DA%A9%D8%AF-gk11l-%D8%AD%D8%AC%D9%85-11-%D9%84%DB%8C%D8%AA%D8%B1/,https://www.digikala.com/search/category-soils-and-fertilizers/?page=2,خاک گلدان گیلدا کد GK11L حجم 11 لیتر,True,209360,11.0,19032.727272727272
,https://digikala.com/product/dkp-7221546/%DA%A9%D9%88%D8%AF-%D8%B3%D9%87-%D8%A8%DB%8C%D8%B3%D8%AA-%DA%AF%D8%B1%DB%8C%D9%86-%D9%BE%DB%8C%DA%A9-%D9%85%D8%AF%D9%84-npk-20-20-20-%D9%88%D8%B2%D9%86-10-%DA%A9%DB%8C%D9%84%D9%88%DA%AF%D8%B1%D9%85/,https://www.digikala.com/search/category-soils-and-fertilizers/?page=2,کود سه بیست گرین پیک مدل NPK 20-20-20 وزن 10 کیلوگرم,True,1897000,10.0,189700.0
,https://digikala.com/product/dkp-7909647/%DA%86%D8%B3%D8%A8-%D9%85%D8%AD%D8%A7%D9%81%D8%B8-%D8%AA%D9%86%D9%87-%D8%AF%D8%B1%D8%AE%D8%AA-%D9%85%D8%B1%D9%87%D9%85-%DA%A9%D8%AF-d2-%D9%88%D8%B2%D9%86-45%DA%A9%DB%8C%D9%84%D9%88%DA%AF%D8%B1%D9%85/,https://www.digikala.com/search/category-soils-and-fertilizers/?page=2,چسب محافظ تنه درخت مرهم کد d2 وزن 4.5کیلوگرم,True,654100,4.5,163525.0
,https://digikala.com/product/dkp-12996174/%DA%A9%D9%88%D8%AF-%D9%85%D8%A7%DB%8C%D8%B9-%D8%B1%DB%8C%D8%B4%D9%87-%D8%B2%D8%A7%DB%8C-%D8%A8%DB%8C%D9%88%D8%B1%D8%A7%D8%AF%DB%8C%DA%A9%D8%A7%D9%86%D8%AA-%D9%81%DB%8C%D9%88%DA%86%D8%B1%DA%A9%D9%88-%D8%A8%D8%A7%DB%8C%D9%88%D8%B3%D8%A7%DB%8C%D9%86%D8%B3-%DA%A9%D8%AF-3-%D8%AD%D8%AC%D9%85-1-%D9%84%DB%8C%D8%AA%D8%B1/,https://www.digikala.com/search/category-soils-and-fertilizers/?page=2,کود مایع ریشه زای بیورادیکانت فیوچرکو بایوساینس کد 3 حجم 1 لیتر,True,2116000,1.0,2116000.0
,https://digikala.com/product/dkp-7437424/%DA%A9%D9%88%D8%AF-%D8%B3%D9%88%D9%84%D9%81%D8%A7%D8%AA-%D9%BE%D8%AA%D8%A7%D8%B3%DB%8C%D9%85-%D9%84%D8%AA%DA%A9%D8%A7-%D9%85%D8%AF%D9%84-sa1-%D9%88%D8%B2%D9%86-50-%DA%A9%DB%8C%D9%84%D9%88%DA%AF%D8%B1%D9%85/,https://www.digikala.com/search/category-soils-and-fertilizers/?page=2,کود سولفات پتاسیم لتکا مدل sa1 وزن 50 کیلوگرم,True,2100000,50.0,42000.0
,https://digikala.com/product/dkp-4851464/%DA%A9%D9%88%D8%AF-%D8%AC%D9%84%D8%A8%DA%A9-%D8%AF%D8%B1%DB%8C%D8%A7%DB%8C%DB%8C-%D9%88-%D8%B1%DB%8C%D8%B2-%D9%85%D8%BA%D8%B0%DB%8C-%DA%AF%D8%B1%D9%88%D9%85%D9%88%D8%B1-%D9%85%D8%AF%D9%84-se1-%D8%AD%D8%AC%D9%85-1-%D9%84%DB%8C%D8%AA%D8%B1/,https://www.digikala.com/search/category-soils-and-fertilizers/?page=3,کود جلبک دریایی و ریز مغذی گرومور مدل se1 حجم 1 لیتر,True,1900000,1.0,1900000.0
,https://digikala.com/product/dkp-7307332/%DA%A9%D9%88%D8%AF-%D9%85%D8%A7%DB%8C%D8%B9-%D8%A7%D9%85%DA%A9%D8%B3-%D9%85%D8%AF%D9%84-%D8%B3%DA%A9%D9%88%D9%86%D8%B4%DB%8C%D8%A7%D9%84-2-%D9%BE%D8%AA%D8%A7%D8%B3-%D8%A8%D8%A7%D9%84%D8%A7-%D8%AD%D8%AC%D9%85-1-%D9%84%DB%8C%D8%AA%D8%B1/,https://www.digikala.com/search/category-soils-and-fertilizers/?page=3,کود مایع امکس مدل سکونشیال 2 پتاس بالا حجم 1 لیتر,True,1500000,1.0,1500000.0
,https://digikala.com/product/dkp-14132061/%DA%A9%D9%88%D8%AF-%DA%A9%D8%A7%D9%85%D9%84-%D9%88%D8%A7%D9%86%D9%88%D9%85%D8%A7-%D9%85%D8%AF%D9%84-36-12-12-npk-%D9%88%D8%B2%D9%86-1-%DA%A9%DB%8C%D9%84%D9%88%DA%AF%D8%B1%D9%85/,https://www.digikala.com/search/category-soils-and-fertilizers/?page=3,کود کامل وانوما مدل 36-12-12 NPK وزن 1 کیلوگرم,True,340000,1.0,340000.0
,https://digikala.com/product/dkp-4350151/%D9%BE%D9%88%DA%A9%D9%87-%D9%84%DB%8C%DA%A9%D8%A7-%D8%AF%D8%B1%D8%B4%D8%AA-%DA%AF%DB%8C%D9%84%D8%AF%D8%A7-%DA%A9%D8%AF-lecapon-%D8%AD%D8%AC%D9%85-50-%D9%84%DB%8C%D8%AA%D8%B1/,https://www.digikala.com/search/category-soils-and-fertilizers/?page=3,پوکه لیکا درشت گیلدا کد Lecapon حجم 50 لیتر,True,269200,50.0,5384.0
,https://digikala.com/product/dkp-7363867/%DA%A9%D9%88%D8%AF-%DA%AF%D9%88%DA%AF%D8%B1%D8%AF-%D8%A2%D8%B3%DB%8C%D8%A7-%D9%85%D8%AF%D9%84-%D8%B3%D8%A7%D9%88%D9%87-%D9%88%D8%B2%D9%86-25-%DA%A9%DB%8C%D9%84%D9%88%DA%AF%D8%B1%D9%85/,https://www.digikala.com/search/category-soils-and-fertilizers/?page=3,کود گوگرد آسیا مدل ساوه وزن 25 کیلوگرم,True,1680000,25.0,67200.0
,https://digikala.com/product/dkp-16082279/%D8%AE%D8%A7%DA%A9-%D8%A8%D8%A7%D8%BA%DA%86%D9%87-%DB%8C%D9%88%D9%86%DB%8C%DA%A9%D8%A7-%D9%85%D8%AF%D9%84-20litr-%D9%88%D8%B2%D9%86-10-%DA%A9%DB%8C%D9%84%D9%88%DA%AF%D8%B1%D9%85/,https://www.digikala.com/search/category-soils-and-fertilizers/?page=4,خاک باغچه یونیکا مدل 20litr وزن 10 کیلوگرم,True,235530,10.0,23553.0
,https://digikala.com/product/dkp-17009294/%DA%A9%D9%88%D8%AF-%D9%81%D8%B3%D9%81%DB%8C%D8%AA-%D9%BE%D8%AA%D8%A7%D8%B3%DB%8C%D9%85-%D8%AC%D9%86%D9%88%D8%A8%DA%AF%D8%A7%D9%86-%D9%85%D8%AF%D9%84-%D9%BE%DB%8C%DA%A9%D8%A7%D8%AA%D8%B1%DB%8C%DA%A9%D8%B3-%D8%AD%D8%AC%D9%85-1-%D9%84%DB%8C%D8%AA%D8%B1/,https://www.digikala.com/search/category-soils-and-fertilizers/?page=4,کود فسفیت پتاسیم جنوبگان مدل پیکاتریکس حجم 1 لیتر,True,499000,1.0,499000.0
,https://digikala.com/product/dkp-1942835/%DA%A9%D9%88%D8%AF-%D9%88%D8%B1%D9%85%DB%8C-%DA%A9%D9%85%D9%BE%D9%88%D8%B3%D8%AA-%DA%AF%DB%8C%D9%84%D8%AF%D8%A7-%D9%85%D8%AF%D9%84-gv07k-%D9%88%D8%B2%D9%86-7-%DA%A9%DB%8C%D9%84%D9%88%DA%AF%D8%B1%D9%85/,https://www.digikala.com/search/category-soils-and-fertilizers/?page=4,کود ورمی کمپوست گیلدا مدل GV07K وزن 7 کیلوگرم,True,204000,7.0,29142.85714285714
,https://digikala.com/product/dkp-16491188/%DA%A9%D9%88%D8%AF-%D9%BE%D8%AA%D8%A7%D8%B3-%D8%A8%D8%A7%D9%84%D8%A7-%D9%88-%D8%B1%DB%8C%D8%B2%D9%85%D8%BA%D8%B0%DB%8C-%D8%AC%D9%86%D9%88%D8%A8%DA%AF%D8%A7%D9%86-%D9%85%D8%AF%D9%84-%D9%87%D8%A7%DB%8C-%D9%BE%D8%AA%D8%A7%D8%B3-%D9%88%D8%B2%D9%86-1-%DA%A9%DB%8C%D9%84%D9%88%DA%AF%D8%B1%D9%85/,https://www.digikala.com/search/category-soils-and-fertilizers/?page=4,کود پتاس بالا و ریزمغذی جنوبگان مدل های پتاس وزن 1 کیلوگرم,True,420000,1.0,420000.0
,https://digikala.com/product/dkp-1631359/%DA%A9%D9%88%D8%AF-%D9%85%D8%A7%DB%8C%D8%B9-%D8%AC%D9%86%DA%AF%D9%84-%DA%A9%D8%AF-1821-%D8%AD%D8%AC%D9%85-1-%D9%84%DB%8C%D8%AA%D8%B1/,https://www.digikala.com/search/category-soils-and-fertilizers/?page=4,کود مایع جنگل کد 1821 حجم 1 لیتر,True,349000,1.0,349000.0
,https://digikala.com/product/dkp-14367657/%D9%BE%D9%88%D8%AF%D8%B1-%DA%A9%D8%B1%D8%A8%D9%86%D8%A7%D8%AA-%D8%B3%D8%AF%DB%8C%D9%85-%D9%85%D8%AF%D9%84-na2co3-%DA%A9%D8%AF-634-%D9%88%D8%B2%D9%86-1-%DA%A9%DB%8C%D9%84%D9%88%DA%AF%D8%B1%D9%85/,https://www.digikala.com/search/category-soils-and-fertilizers/?page=5,پودر کربنات سدیم مدل Na2CO3 کد 634 وزن 1 کیلوگرم,True,225000,1.0,225000.0
,https://digikala.com/product/dkp-3436934/%DA%A9%D9%88%D8%AF-%D8%AF%D8%A7%D9%85%DB%8C-%D8%B3%D9%88%D8%B1%DB%8C%D9%86-%D8%AE%D8%A7%DA%A9-%D9%85%D8%AF%D9%84-dm20-%D8%AD%D8%AC%D9%85-20-%D9%84%DB%8C%D8%AA%D8%B1/,https://www.digikala.com/search/category-soils-and-fertilizers/?page=5,کود دامی سورین خاک مدل DM20 حجم 20 لیتر,True,221250,20.0,11062.5
,https://digikala.com/product/dkp-8152596/%DA%A9%D9%88%D8%AF-%D9%BE%D8%AA%D8%A7%D8%B3-%D8%A8%D8%A7%D9%84%D8%A7-%DA%AF%D8%B1%DB%8C%D9%86-%D9%BE%DB%8C%DA%A9-%D9%85%D8%AF%D9%84-npk-12-12-36-%D9%88%D8%B2%D9%86-%DB%8C%DA%A9-%DA%A9%DB%8C%D9%84%D9%88%DA%AF%D8%B1%D9%85/,https://www.digikala.com/search/category-soils-and-fertilizers/?page=5,کود پتاس بالا گرین پیک مدل NPK 12-12-36 وزن یک کیلوگرم,True,267000,,
,https://digikala.com/product/dkp-12962891/%D8%A7%D8%B3%D9%BE%D8%B1%DB%8C-%D8%A8%D8%B1%D8%A7%D9%82-%DA%A9%D9%86%D9%86%D8%AF%D9%87-%D9%88-%D8%AE%D9%88%D8%B4%D8%A8%D9%88-%DA%A9%D9%86%D9%86%D8%AF%D9%87-%DA%AF%D9%84-%D9%88-%DA%AF%DB%8C%D8%A7%D9%87-%D8%AA%D8%A7%D9%84%DB%8C%D9%86-%D9%85%D8%AF%D9%84-bz495-%D8%AD%D8%AC%D9%85-420-%D9%85%DB%8C%D9%84%DB%8C-%D9%84%DB%8C%D8%AA%D8%B1-%D9%85%D8%AC%D9%85%D9%88%D8%B9%D9%87-2%D8%B9%D8%AF%D8%AF%DB%8C/,https://www.digikala.com/search/category-soils-and-fertilizers/?page=5,اسپری براق کننده و خوشبو کننده گل و گیاه تالین مدل bz495 حجم 420 میلی لیتر مجموعه 2عددی,True,225000,,
,https://digikala.com/product/dkp-3935171/%DA%A9%D9%88%D8%AF-%D8%A7%D9%88%D8%B1%D9%87-%D9%85%D8%AF%D9%84-%D9%BE%D8%B1%DB%8C%D9%84-%D9%88%D8%B2%D9%86-10%DA%A9%DB%8C%D9%84%D9%88%DA%AF%D8%B1%D9%85/,https://www.digikala.com/search/category-soils-and-fertilizers/?page=5,کود اوره مدل پریل وزن 10کیلوگرم,True,375000,10.0,37500.0
,https://digikala.com/product/dkp-11188966/%D8%A7%D8%B3%D9%BE%D8%B1%DB%8C-%D8%AA%D9%85%DB%8C%D8%B2-%DA%A9%D9%86%D9%86%D8%AF%D9%87-%D9%88-%D8%A8%D8%B1%D8%A7%D9%82-%DA%A9%D9%86%D9%86%D8%AF%D9%87-%DA%AF%DB%8C%D8%A7%D9%87%D8%A7%D9%86-%D9%BE%D8%B1%D9%88%D8%AA%DA%A9%D8%AA-%D9%86%DB%8C%DA%86%D8%B1-%D9%85%D8%AF%D9%84-shiny-leaf-%D8%AD%D8%AC%D9%85-180-%D9%85%DB%8C%D9%84%DB%8C-%D9%84%DB%8C%D8%AA%D8%B1/,https://www.digikala.com/search/category-soils-and-fertilizers/?page=6,اسپری تمیز کننده و براق کننده گیاهان پروتکت نیچر مدل Shiny Leaf حجم 180 میلی لیتر,True,120000,,
,https://digikala.com/product/dkp-14190768/%D8%B1%D9%88%D8%BA%D9%86-%D9%88%D9%84%DA%A9-%D9%BE%D8%B1%D8%AA%D9%88%D9%86%D8%A7%D8%B1-%D9%85%D8%AF%D9%84-%D8%B2%D9%85%D8%B3%D8%AA%D8%A7%D9%86%D9%87-%D8%AD%D8%AC%D9%85-1-%D9%84%DB%8C%D8%AA%D8%B1/,https://www.digikala.com/search/category-soils-and-fertilizers/?page=6,روغن ولک پرتونار مدل زمستانه حجم 1 لیتر,True,200000,1.0,200000.0
,https://digikala.com/product/dkp-12542667/%DA%A9%D9%88%D8%AF-%D9%85%D8%A7%DB%8C%D8%B9-%D8%AC%D9%84%D8%A8%DA%A9-%D8%AF%D8%B1%DB%8C%D8%A7%DB%8C%DB%8C-%D9%BE%D8%B1%D9%88%D8%AA%DA%A9%D8%AA-%D9%86%DB%8C%DA%86%D8%B1-%D9%85%D8%AF%D9%84-seaweed-%D8%AD%D8%AC%D9%85-500-%D9%85%DB%8C%D9%84%DB%8C-%D9%84%DB%8C%D8%AA%D8%B1/,https://www.digikala.com/search/category-soils-and-fertilizers/?page=6,کود مایع جلبک دریایی پروتکت نیچر مدل Seaweed حجم 500 میلی لیتر,True,510000,,
,https://digikala.com/product/dkp-4520067/%D9%BE%D9%88%DA%A9%D9%87-%D9%84%DB%8C%DA%A9%D8%A7-%D8%AF%D8%B1%D8%B4%D8%AA-%DA%AF%DB%8C%D9%84%D8%AF%D8%A7-%DA%A9%D8%AF-lecapon-%D8%AD%D8%AC%D9%85-15-%D9%84%DB%8C%D8%AA%D8%B1/,https://www.digikala.com/search/category-soils-and-fertilizers/?page=6,پوکه لیکا درشت گیلدا کد Lecapon حجم 15 لیتر,True,142000,15.0,9466.666666666666
,https://digikala.com/product/dkp-2801871/%DA%A9%D9%88%D8%AF-%DA%A9%D8%A7%D9%85%D9%84-%D8%B2%D8%B1%D8%A8%D8%A7%D8%B1-%D9%85%D8%AF%D9%84-ab03-%D8%AD%D8%AC%D9%85-1-%D9%84%DB%8C%D8%AA%D8%B1/,https://www.digikala.com/search/category-soils-and-fertilizers/?page=6,کود کامل زربار مدل AB03 حجم 1 لیتر,True,190000,1.0,190000.0
,https://digikala.com/product/dkp-11210783/%DA%A9%D9%88%D8%AF-%D8%B3%D9%88%D9%84%D9%81%D8%A7%D8%AA-%D8%B1%D9%88%DB%8C-%D8%AA%D8%AA%D8%A7%DA%A9%D9%88-%D9%85%D8%AF%D9%84-vigorous-%D9%88%D8%B2%D9%86-1-%DA%A9%DB%8C%D9%84%D9%88%DA%AF%D8%B1%D9%85/,https://www.digikala.com/search/category-soils-and-fertilizers/?page=7,کود سولفات روی تتاکو مدل VIGOROUS وزن 1 کیلوگرم,True,255000,1.0,255000.0
,https://digikala.com/product/dkp-5947030/%D8%AE%D8%A7%DA%A9-%D8%A8%D8%A7%D8%BA%DA%86%D9%87-%DA%AF%D9%84%D9%81%D8%A7%D9%85-%D9%85%D8%AF%D9%84-gb22-%D8%AD%D8%AC%D9%85-22-%D9%84%DB%8C%D8%AA%D8%B1/,https://www.digikala.com/search/category-soils-and-fertilizers/?page=7,خاک باغچه گلفام مدل GB22 حجم 22 لیتر,True,235530,22.0,10705.90909090909
,https://digikala.com/product/dkp-5941436/%D8%AE%D8%A7%DA%A9-%D8%A8%D8%B1%DA%AF-%DA%AF%D9%84%D9%81%D8%A7%D9%85-%D9%85%D8%AF%D9%84-gb22-%D8%AD%D8%AC%D9%85-22-%D9%84%DB%8C%D8%AA%D8%B1/,https://www.digikala.com/search/category-soils-and-fertilizers/?page=7,خاک برگ گلفام مدل GB22 حجم 22 لیتر,True,236000,22.0,10727.272727272728
,https://digikala.com/product/dkp-12553751/%D9%85%D8%AD%D9%84%D9%88%D9%84-%D8%A2%D9%85%DB%8C%D9%86%D9%88-%D8%A7%D8%B3%DB%8C%D8%AF-%D9%BE%D8%B1%D9%88%D8%AA%DA%A9%D8%AA-%D9%85%D8%AF%D9%84-amino-food-%D8%AD%D8%AC%D9%85-500-%D9%85%DB%8C%D9%84%DB%8C-%D9%84%DB%8C%D8%AA%D8%B1/,https://www.digikala.com/search/category-soils-and-fertilizers/?page=7,محلول آمینو اسید پروتکت مدل Amino Food حجم 500 میلی لیتر,True,420000,,
,https://digikala.com/product/dkp-7718852/%DA%A9%D9%88%D8%AF-%D9%87%DB%8C%D9%88%D9%85%DB%8C%DA%A9-%D8%A7%D8%B3%DB%8C%D8%AF-%D9%85%D8%A7%DB%8C%D8%B9-%D8%AA%D8%AA%D8%A7%DA%A9%D9%88-%D9%85%D8%AF%D9%84-gold-%D8%AD%D8%AC%D9%85-5-%D9%84%DB%8C%D8%AA%D8%B1/,https://www.digikala.com/search/category-soils-and-fertilizers/?page=7,کود هیومیک اسید مایع تتاکو مدل GOLD حجم 5 لیتر,True,566440,5.0,113288.0
,https://digikala.com/product/dkp-16384220/%DA%A9%D9%88%D8%AF-%D8%AC%D9%84%D8%A8%DA%A9-%D8%AF%D8%B1%DB%8C%D8%A7%DB%8C%DB%8C-%D8%B3%D8%A8%D8%B2%DA%AF%DB%8C%D8%A7%D9%87-%D9%85%D8%AF%D9%84-seaweed-%D9%88%D8%B2%D9%86-50-%DA%AF%D8%B1%D9%85/,https://www.digikala.com/search/category-soils-and-fertilizers/?page=8,کود جلبک دریایی سبزگیاه مدل seaweed وزن 50 گرم,True,176660,,
,https://digikala.com/product/dkp-10661416/%D8%AE%D8%A7%DA%A9-%D8%A8%D9%86%D9%81%D8%B4%D9%87-%D8%A2%D9%81%D8%B1%DB%8C%D9%82%D8%A7%DB%8C%DB%8C-%D8%A2%D9%86%D8%AA%DB%8C%DA%A9-%D8%AE%D8%A7%DA%A9-%D9%85%D8%AF%D9%84-10litr-%D9%88%D8%B2%D9%86-5-%DA%A9%DB%8C%D9%84%D9%88%DA%AF%D8%B1%D9%85/,https://www.digikala.com/search/category-soils-and-fertilizers/?page=8,خاک بنفشه آفریقایی آنتیک خاک مدل 10Litr وزن 5 کیلوگرم,True,139180,5.0,27836.0
,https://digikala.com/product/dkp-7585870/%DA%A9%D9%88%D8%AF-%DA%A9%D8%A7%D9%85%D9%84-20-20-20-%D9%81%DB%8C%D9%86%D8%A7%D9%84-%D9%85%D8%AF%D9%84-%D8%A7%DB%8C%DA%A9%D8%B3-%D8%AD%D8%AC%D9%85-%DB%8C%DA%A9-%D9%84%DB%8C%D8%AA%D8%B1/,https://www.digikala.com/search/category-soils-and-fertilizers/?page=8,کود کامل 20-20-20 فینال مدل ایکس حجم یک لیتر,True,454000,,
,https://digikala.com/product/dkp-14539999/%DA%A9%D9%88%D8%AF-npk-202020te-%D8%AA%D8%A7%D9%84%DB%8C%D8%B3-%D9%85%D8%AF%D9%84-a1-%D9%88%D8%B2%D9%86-10-%DA%A9%DB%8C%D9%84%D9%88%DA%AF%D8%B1%D9%85/,https://www.digikala.com/search/category-soils-and-fertilizers/?page=8,کود NPK 20+20+20+TE تالیس مدل ََA1 وزن 10 کیلوگرم,True,1240000,10.0,124000.0
,https://digikala.com/product/dkp-10697974/%DA%A9%D9%88%DA%A9%D9%88%D9%BE%DB%8C%D8%AA-%D9%88-%D9%BE%D8%B1%D9%84%DB%8C%D8%AA-%DA%AF%D9%84%D9%88%D8%B1%DB%8C%D8%A7-%D8%AE%D8%A7%DA%A9-%D9%85%D8%AF%D9%84-4ltr-%D9%88%D8%B2%D9%86-1-%DA%A9%DB%8C%D9%84%D9%88%DA%AF%D8%B1%D9%85/,https://www.digikala.com/search/category-soils-and-fertilizers/?page=8,کوکوپیت و پرلیت گلوریا خاک مدل 4Ltr وزن 1 کیلوگرم,True,178000,1.0,178000.0
,https://digikala.com/product/dkp-6966989/%DA%A9%D9%88%D8%AF-%DA%A9%D8%A7%D9%85%D9%84-%DA%AF%D8%B1%D8%A7%D9%86%D9%88%D9%84-%D9%81%D8%B1%D8%A7%DA%AF%DB%8C%D9%86-%D9%85%D8%AF%D9%84-gr-%D9%88%D8%B2%D9%86-5-%DA%A9%DB%8C%D9%84%D9%88%DA%AF%D8%B1%D9%85/,https://www.digikala.com/search/category-soils-and-fertilizers/?page=9,کود کامل گرانول فراگین مدل GR وزن 5 کیلوگرم,True,189000,5.0,37800.0
,https://digikala.com/product/dkp-3773200/%DA%A9%D9%88%D8%AF-%D9%85%D8%A7%DB%8C%D8%B9-%D8%B1%DB%8C%D8%B4%D9%87-%D8%B2%D8%A7-%D8%A8%DB%8C%D9%88%D8%B1%D8%A7%D8%AF%DB%8C%DA%A9%D8%A7%D9%86%D8%AA-%DA%A9%D8%AF-2021-%D8%AD%D8%AC%D9%85-05-%D9%84%DB%8C%D8%AA%D8%B1/,https://www.digikala.com/search/category-soils-and-fertilizers/?page=9,کود مایع ریشه زا بیورادیکانت کد 2021 حجم 0.5 لیتر,True,1000000,,
,https://digikala.com/product/dkp-10687260/%D9%BE%D8%B1%D9%84%D9%8A%D8%AA-%D8%AF%D8%A7%D9%86%D9%87-%D9%85%D8%AA%D9%88%D8%B3%D8%B7-%D8%B3%D9%88%D8%B1%DB%8C%D9%86-%D8%AE%D8%A7%DA%A9-%D9%85%D8%AF%D9%84-s3-5-%D9%88%D8%B2%D9%86-1-%DA%A9%DB%8C%D9%84%D9%88%DA%AF%D8%B1%D9%85/,https://www.digikala.com/search/category-soils-and-fertilizers/?page=9,پرليت دانه متوسط سورین خاک مدل S3-5 وزن 1 کیلوگرم,True,96000,1.0,96000.0
,https://digikala.com/product/dkp-12993774/%D8%AE%D8%A7%DA%A9-%D8%A7%D8%B1%D9%87-%D9%85%D8%AF%D9%84-rk-%D9%88%D8%B2%D9%86-5-%DA%A9%DB%8C%D9%84%D9%88%DA%AF%D8%B1%D9%85/,https://www.digikala.com/search/category-soils-and-fertilizers/?page=9,خاک اره مدل RK وزن 5 کیلوگرم,True,109000,5.0,21800.0
,https://digikala.com/product/dkp-16312642/%D9%BE%D8%B1%D9%84%DB%8C%D8%AA-%D8%AF%D8%A7%D9%86%D9%87-%D8%AF%D8%B1%D8%B4%D8%AA-%DB%8C%D9%88%D9%86%DB%8C%DA%A9-%D9%85%D8%AF%D9%84-p10-%D8%AD%D8%AC%D9%85-10-%D9%84%DB%8C%D8%AA%D8%B1/,https://www.digikala.com/search/category-soils-and-fertilizers/?page=9,پرلیت دانه درشت یونیک مدل P10 حجم 10 لیتر,True,143000,10.0,14300.0
,https://digikala.com/product/dkp-9833599/%DA%A9%D9%88%DA%A9%D9%88%D9%BE%DB%8C%D8%AA-%DA%AF%DB%8C%D9%84%D8%AF%D8%A7-%D9%85%D8%AF%D9%84-gc15-%D8%AD%D8%AC%D9%85-15-%D9%84%DB%8C%D8%AA%D8%B1/,https://www.digikala.com/search/category-soils-and-fertilizers/?page=10,کوکوپیت گیلدا مدل GC15 حجم 15 لیتر,True,281200,15.0,18746.666666666668
,https://digikala.com/product/dkp-15506880/%DA%A9%D9%88%D8%AF-%D8%B1%D8%B4%D8%AF-%D8%A7%D9%86%D9%81%D8%AC%D8%A7%D8%B1%DB%8C-%DA%AF%DB%8C%D8%A7%D9%87-%D9%85%D8%AF%D9%84-%D9%86%DB%8C%D8%AA%D8%B1%D9%88%DA%98%D9%86-%D8%A8%D8%A7%D9%84%D8%A7-%D8%BA%D9%86%DB%8C-%D8%B4%D8%AF%D9%87-%D8%A8%D8%A7-%DA%AF%D9%88%DA%AF%D8%B1%D8%AF-%D9%88%D8%B2%D9%86-1000-%DA%AF%D8%B1%D9%85/,https://www.digikala.com/search/category-soils-and-fertilizers/?page=10,کود رشد انفجاری گیاه مدل نیتروژن بالا غنی شده با گوگرد وزن 1000 گرم,True,170000,1.0,170000.0
,https://digikala.com/product/dkp-9975586/%DA%A9%D9%88%D8%AF-%D9%88%D8%B1%D9%85%DB%8C-%DA%A9%D9%85%D9%BE%D9%88%D8%B3%D8%AA-%D8%A8%D9%87%DA%A9%D8%A7%D9%85-%D9%85%D8%AF%D9%84-ve00-%D9%88%D8%B2%D9%86-2-%DA%A9%DB%8C%D9%84%D9%88%DA%AF%D8%B1%D9%85/,https://www.digikala.com/search/category-soils-and-fertilizers/?page=10,کود ورمی کمپوست بهکام مدل VE00 وزن 2 کیلوگرم,True,88820,2.0,44410.0
,https://digikala.com/product/dkp-3297106/%DA%A9%D9%88%D8%AF-%D9%85%D8%A7%DB%8C%D8%B9-%D8%A7%D8%B1%DA%A9%DB%8C%D8%AF%D9%87-%D8%A8%D9%84%D8%AA-%D9%88%D8%B1%DA%A9-%DA%A9%D8%AF-orch1-%D8%AD%D8%AC%D9%85-250-%D9%85%DB%8C%D9%84%DB%8C-%D9%84%DB%8C%D8%AA%D8%B1/,https://www.digikala.com/search/category-soils-and-fertilizers/?page=10,کود مایع ارکیده بلت ورک کد ORCH1 حجم 250 میلی لیتر,True,165000,,
,https://digikala.com/product/dkp-800378/%D8%AE%D8%A7%DA%A9-%DA%A9%D9%88%D8%AF-%D8%A7%D8%B1%DA%AF%D8%A7%D9%86%DB%8C%DA%A9-%D8%B3%D9%88%D8%B1%DB%8C%D9%86-%D8%AE%D8%A7%DA%A9-%D8%B3%D8%A7%DB%8C%D8%B2-%D8%A8%D8%B2%D8%B1%DA%AF-10-%D9%84%DB%8C%D8%AA%D8%B1%DB%8C/,https://www.digikala.com/search/category-soils-and-fertilizers/?page=10,خاک کود سورین خاک سایز بزرگ (10 لیتری),True,139330,10.0,13933.0
,https://digikala.com/product/dkp-16043375/%D9%82%D8%B1%D8%B5-%DA%A9%D9%88%D8%AF-%DA%A9%D8%A7%D9%85%D9%84-%D9%85%D8%AE%D8%B5%D9%88%D8%B5-%DA%AF%DB%8C%D8%A7%D9%87%D8%A7%D9%86-%D9%87%D9%85%DB%8C%D8%B4%D9%87-%D8%B3%D8%A8%D8%B2-%D9%88-%DA%AF%D9%84-%D8%AF%D9%87%DB%8C-%D9%88-%D8%B3%D9%87-%D8%AF%D9%87-%D9%88-%D8%A7%DA%AF%D8%B1%D9%88%DA%A9%D8%B3%DB%8C%D8%B1-%D9%85%D8%AF%D9%84-n4-%D8%A8%D8%B3%D8%AA%D9%87-300%D8%B9%D8%AF%D8%AF%DB%8C/,https://www.digikala.com/search/category-soils-and-fertilizers/?page=11,قرص کود کامل مخصوص گیاهان همیشه سبز و گل دهی  و سه ده و اگروکسیر مدل N4 بسته 300عددی,True,560000,,
,https://digikala.com/product/dkp-14132009/%DA%A9%D9%88%D8%AF-%DA%A9%D8%A7%D9%85%D9%84-%D9%BE%D9%88%D8%AF%D8%B1%DB%8C-%D9%88%D8%A7%D9%86%D9%88%D9%85%D8%A7-%D9%85%D8%AF%D9%84-10-52-10-npk-%D9%88%D8%B2%D9%86-1-%DA%A9%DB%8C%D9%84%D9%88%DA%AF%D8%B1%D9%85/,https://www.digikala.com/search/category-soils-and-fertilizers/?page=11,کود کامل پودری وانوما مدل 10-52-10 NPK وزن 1 کیلوگرم,True,391000,1.0,391000.0
,https://digikala.com/product/dkp-7524359/%DA%A9%D9%88%D8%AF-%D9%85%D8%A7%DB%8C%D8%B9-%D9%87%DB%8C%D9%88%D9%85%DB%8C%DA%A9-%D8%A7%D8%B3%DB%8C%D8%AF-%D8%AC%D9%88%D8%A7%D9%86%D9%87-%D9%85%D8%AF%D9%84-a1-%D8%AD%D8%AC%D9%85-5-%D9%84%DB%8C%D8%AA%D8%B1/,https://www.digikala.com/search/category-soils-and-fertilizers/?page=11,کود مایع هیومیک اسید جوانه مدل A1 حجم 5 لیتر,True,450000,5.0,90000.0
,https://digikala.com/product/dkp-17999943/%D8%AE%D8%A7%DA%A9-%D9%85%D8%AE%D8%B5%D9%88%D8%B5-%D8%B2%D8%A7%D9%85%D9%88%D9%81%DB%8C%D9%84%DB%8C%D8%A7-%D9%88-%D8%B3%D8%A7%D9%86%D8%B3%D9%88%D8%B1%DB%8C%D8%A7-%D8%B1%D9%88%DB%8C%D8%A7%D9%86-%DA%AF%D9%84-%D9%85%D8%AF%D9%84-zs7-%D8%AD%D8%AC%D9%85-7-%D9%84%DB%8C%D8%AA%D8%B1/,https://www.digikala.com/search/category-soils-and-fertilizers/?page=11,خاک مخصوص زاموفیلیا و سانسوریا رویان گل مدل ZS7 حجم 7 لیتر,True,216000,7.0,30857.14285714286
,https://digikala.com/product/dkp-12185511/%D8%AE%D8%A7%DA%A9-%DA%A9%D8%A7%DA%A9%D8%AA%D9%88%D8%B3-%D8%B3%D8%B1%D8%B2%D9%85%DB%8C%D9%86-%D8%AE%D8%A7%DA%A9-%D9%85%D8%AF%D9%84-k05-%D9%88%D8%B2%D9%86-10-%DA%A9%DB%8C%D9%84%D9%88%DA%AF%D8%B1%D9%85/,https://www.digikala.com/search/category-soils-and-fertilizers/?page=11,خاک کاکتوس سرزمین خاک مدل K05 وزن 10 کیلوگرم,True,234120,10.0,23412.0
,https://digikala.com/product/dkp-8400462/%DA%A9%D9%88%D8%AF-%DA%A9%D8%A7%D9%85%D9%84-%D9%85%D8%A7%DB%8C%D8%B9-%D9%BE%D8%AA%D9%88%D8%B3-%D9%85%D8%AF%D9%84-a33-%D8%AD%D8%AC%D9%85-120-%D9%85%DB%8C%D9%84%DB%8C-%D9%84%DB%8C%D8%AA%D8%B1-%D8%A8%D8%B3%D8%AA%D9%87-%D8%AF%D9%88-%D8%B9%D8%AF%D8%AF%DB%8C/,https://www.digikala.com/search/category-soils-and-fertilizers/?page=12,کود کامل مایع پتوس مدل A33 حجم 120 میلی لیتر بسته دو عددی,True,84500,,
,https://digikala.com/product/dkp-4714940/%D8%AE%D8%A7%DA%A9-%D8%A8%D8%B1%DA%AF-%DA%AF%DB%8C%D9%84%D8%AF%D8%A7-%D9%85%D8%AF%D9%84-humus-%D8%AD%D8%AC%D9%85-30-%D9%84%DB%8C%D8%AA%D8%B1/,https://www.digikala.com/search/category-soils-and-fertilizers/?page=12,خاک برگ گیلدا مدل Humus حجم 30 لیتر,True,350080,30.0,11669.333333333334
,https://digikala.com/product/dkp-14030018/%DA%A9%D9%88%DA%A9%D9%88%D9%BE%DB%8C%D8%AA-%D9%81%D8%B4%D8%B1%D8%AF%D9%87-%DA%AF%DB%8C%D9%84%D8%AF%D8%A7-%D9%85%D8%AF%D9%84-%DA%A9%D9%88%DA%A9%D9%88%DA%86%DB%8C%D9%BE%D8%B3-%D8%AD%D8%AC%D9%85-60-%D9%84%DB%8C%D8%AA%D8%B1/,https://www.digikala.com/search/category-soils-and-fertilizers/?page=12,کوکوپیت فشرده گیلدا مدل کوکوچیپس حجم 60 لیتر,True,515000,60.0,8583.333333333334
,https://digikala.com/product/dkp-5942147/%D8%AE%D8%A7%DA%A9-%D9%BE%DB%8C%D8%AA-%D9%85%D8%A7%D8%B3-%DA%AF%D9%84%D9%81%D8%A7%D9%85-%D9%85%D8%AF%D9%84-gp12-%D8%AD%D8%AC%D9%85-12-%D9%84%DB%8C%D8%AA%D8%B1/,https://www.digikala.com/search/category-soils-and-fertilizers/?page=12,خاک پیت ماس گلفام مدل GP12 حجم 12 لیتر,True,139800,12.0,11650.0
,https://digikala.com/product/dkp-6235688/%DA%A9%D9%88%D8%AF-%D9%85%D8%A7%DB%8C%D8%B9-%D9%81%D8%B1%D9%88%D8%AA-%D8%B3%D8%AA-%D9%88%DB%8C%DA%98%D9%87-%D8%AC%D9%86%D9%88%D8%A8%DA%AF%D8%A7%D9%86-%D9%85%D8%AF%D9%84-%D9%BE%D9%84%D8%A7%D8%B3-%D8%AD%D8%AC%D9%85-%DB%8C%DA%A9-%D9%84%DB%8C%D8%AA%D8%B1/,https://www.digikala.com/search/category-soils-and-fertilizers/?page=12,کود مایع فروت ست ویژه جنوبگان مدل پلاس حجم یک لیتر,True,344000,,
,https://digikala.com/product/dkp-11207440/%DA%A9%D9%88%D8%AF-npk-12-12-36te-%D8%AA%D8%AA%D8%A7%DA%A9%D9%88-%D9%85%D8%AF%D9%84-vigorous-%D9%88%D8%B2%D9%86-1-%DA%A9%DB%8C%D9%84%D9%88%DA%AF%D8%B1%D9%85/,https://www.digikala.com/search/category-soils-and-fertilizers/?page=13,کود NPK 12-12-36+TE تتاکو مدل VIGOROUS وزن 1 کیلوگرم,True,249000,1.0,249000.0
,https://digikala.com/product/dkp-12369634/%DA%A9%D9%88%D8%AF-%D8%AA%D9%82%D9%88%DB%8C%D8%AA%DB%8C-%D8%B3%D9%87-%D8%A8%DB%8C%D8%B3%D8%AA-%D9%85%D8%A7%DB%8C%D8%B9-%D9%85%D8%AE%D8%B5%D9%88%D8%B5-%DA%AF%D9%84-%D9%88-%DA%AF%DB%8C%D8%A7%D9%87%D8%A7%D9%86-%D8%A2%D9%BE%D8%A7%D8%B1%D8%AA%D9%85%D8%A7%D9%86%DB%8C-%D9%87%D9%BE%DB%8C-%D9%BE%D9%84%D9%86%D8%AA-%D9%85%D8%AF%D9%84-20-20-20-%D8%AD%D8%AC%D9%85-120-%D9%85%DB%8C%D9%84%DB%8C-%D9%84%DB%8C%D8%AA%D8%B1-%D8%A8%D8%B3%D8%AA%D9%87-%D8%AF%D9%88-%D8%B9%D8%AF%D8%AF%DB%8C/,https://www.digikala.com/search/category-soils-and-fertilizers/?page=13,کود تقویتی سه بیست مایع مخصوص گل و گیاهان آپارتمانی هپی پلنت مدل 20-20-20 حجم 120 میلی لیتر بسته دو عددی,True,90000,,
,https://digikala.com/product/dkp-2874454/%DA%A9%D9%88%D8%AF-%D9%81%D8%B3%D9%81%DB%8C%D8%AA-%D9%BE%D8%AA%D8%A7%D8%B3%DB%8C%D9%85-%D8%B2%D8%A7%DA%A9-%DA%A9%D8%AF-z-2695-%D8%AD%D8%AC%D9%85-1000%D9%85%DB%8C%D9%84%DB%8C-%D9%84%DB%8C%D8%AA%D8%B1/,https://www.digikala.com/search/category-soils-and-fertilizers/?page=13,کود فسفیت پتاسیم زاک کد Z 2695 حجم 1000میلی لیتر,True,330000,1.0,330000.0
,https://digikala.com/product/dkp-6170303/%DA%A9%D9%88%D8%AF-%D8%A2%D9%87%D9%86-%D9%BE%D9%88%D8%AF%D8%B1%DB%8C-9-%D9%81%D8%B1%D8%A7%DA%AF%DB%8C%D9%86-%D9%85%D8%AF%D9%84-fe22-%D9%88%D8%B2%D9%86-1000-%DA%AF%D8%B1%D9%85/,https://www.digikala.com/search/category-soils-and-fertilizers/?page=13,کود آهن پودری 9% فراگین مدل Fe22 وزن 1000 گرم,True,368000,1.0,368000.0
,https://digikala.com/product/dkp-8586297/%D9%85%D8%A7%D8%B3%D9%87-%D8%A8%D8%A7%D8%AF%DB%8C-%D8%B3%D8%B1%D8%B2%D9%85%DB%8C%D9%86-%D8%AE%D8%A7%DA%A9-%D9%85%D8%AF%D9%84-mb05-%D9%88%D8%B2%D9%86-5-%DA%A9%DB%8C%D9%84%D9%88%DA%AF%D8%B1%D9%85/,https://www.digikala.com/search/category-soils-and-fertilizers/?page=13,ماسه بادی سرزمین خاک مدل MB05 وزن 5 کیلوگرم,True,96000,5.0,19200.0
,https://digikala.com/product/dkp-803072/%DA%A9%D9%88%D8%AF-%D8%A2%D9%87%D9%86-%D9%81%D8%B1%D9%88%D9%85%DB%8C%D8%AA%D9%88-%D9%85%D8%AF%D9%84-ferromitofe-%D8%A8%D8%B3%D8%AA%D9%87-%DB%8C%DA%A9-%DA%A9%DB%8C%D9%84%D9%88%DA%AF%D8%B1%D9%85%DB%8C/,https://www.digikala.com/search/category-soils-and-fertilizers/?page=14,کود آهن فرومیتو مدل FerroMitoFe بسته یک کیلوگرمی,True,450000,,
,https://digikala.com/product/dkp-7264425/%DA%A9%D9%88%D8%AF-%D8%AA%D9%82%D9%88%DB%8C%D8%AA%DB%8C-%D9%85%D8%AE%D8%B5%D9%88%D8%B5-%D9%81%DB%8C%DA%A9%D9%88%D8%B3-%D9%87%D9%BE%DB%8C-%D9%BE%D9%84%D9%86%D8%AA-%D9%85%D8%AF%D9%84-hp64-%D8%AD%D8%AC%D9%85-120-%D9%85%DB%8C%D9%84%DB%8C-%D9%84%DB%8C%D8%AA%D8%B1/,https://www.digikala.com/search/category-soils-and-fertilizers/?page=14,کود تقویتی مخصوص فیکوس هپی پلنت مدل HP64 حجم 120 میلی لیتر,True,83000,,
,https://digikala.com/product/dkp-815068/%DA%A9%D9%88%D8%AF-%D9%81%D8%B1%D9%85%D9%88%D9%84-%DB%8C%DA%A9-%D9%85%D8%AF%D9%84-npk-202020-%D8%A8%D8%B3%D8%AA%D9%87-50-%DA%AF%D8%B1%D9%85%DB%8C/,https://www.digikala.com/search/category-soils-and-fertilizers/?page=14,کود فرمول یک مدل NPK : 20.20.20 بسته 50 گرمی,True,55000,,
,https://digikala.com/product/dkp-1924194/%D8%AE%D8%A7%DA%A9-%D9%BE%DB%8C%D8%AA-%D9%85%D8%A7%D8%B3-%D8%B3%D9%88%D8%B1%DB%8C%D9%86-%D8%AE%D8%A7%DA%A9-%D9%85%D8%AF%D9%84-pm01-%D8%AD%D8%AC%D9%85-2-%D9%84%DB%8C%D8%AA%D8%B1%DB%8C/,https://www.digikala.com/search/category-soils-and-fertilizers/?page=14,خاک پیت ماس سورین خاک مدل PM01 حجم 2 لیتری,True,74400,2.0,37200.0
,https://digikala.com/product/dkp-9347058/%D9%BE%D9%88%DA%A9%D9%87-%D9%84%DB%8C%DA%A9%D8%A7-%D9%85%D8%AA%D9%88%D8%B3%D8%B7-%DA%AF%DB%8C%D9%84%D8%AF%D8%A7-%D9%85%D8%AF%D9%84-lecapon-%D8%AD%D8%AC%D9%85-50-%D9%84%DB%8C%D8%AA%D8%B1/,https://www.digikala.com/search/category-soils-and-fertilizers/?page=14,پوکه لیکا متوسط گیلدا مدل Lecapon حجم 50 لیتر,True,269200,50.0,5384.0
,https://digikala.com/product/dkp-11361815/%DA%A9%D9%88%D8%AF-%D8%A7%D9%88%D8%B1%D9%87-46-0-0-%D8%AA%D8%AA%D8%A7%DA%A9%D9%88-%D9%85%D8%AF%D9%84-vigorous-%D9%88%D8%B2%D9%86-1-%DA%A9%DB%8C%D9%84%D9%88%DA%AF%D8%B1%D9%85/,https://www.digikala.com/search/category-soils-and-fertilizers/?page=15,کود اوره 46-0-0 تتاکو مدل VIGOROUS وزن 1 کیلوگرم,True,75000,1.0,75000.0
,https://digikala.com/product/dkp-9623411/%DA%A9%D9%88%D8%AF-%D8%B2%D8%A7%D9%85%D9%88%D9%81%DB%8C%D9%84%DB%8C%D8%A7-%D8%AA%D8%A7%DB%8C%D9%85%DA%A9%D8%B3-%D9%85%D8%AF%D9%84-t150-%D8%AD%D8%AC%D9%85-150-%D9%85%DB%8C%D9%84%DB%8C-%D9%84%DB%8C%D8%AA%D8%B1/,https://www.digikala.com/search/category-soils-and-fertilizers/?page=15,کود زاموفیلیا تایمکس مدل T150 حجم 150 میلی لیتر,True,89900,,
,https://digikala.com/product/dkp-12553755/%DA%A9%D9%88%D8%AF-%D9%85%D8%A7%DB%8C%D8%B9-%D8%B1%DB%8C%D8%B4%D9%87-%D8%B2%D8%A7%DB%8C%DB%8C-%D9%BE%D8%B1%D9%88%D8%AA%DA%A9%D8%AA-%D9%86%DB%8C%DA%86%D8%B1-%D9%85%D8%AF%D9%84-root-power-%D8%AD%D8%AC%D9%85-500-%D9%85%DB%8C%D9%84%DB%8C-%D9%84%DB%8C%D8%AA%D8%B1/,https://www.digikala.com/search/category-soils-and-fertilizers/?page=15,کود مایع ریشه زایی پروتکت نیچر مدل Root Power حجم 500 میلی لیتر,True,500000,,
,https://digikala.com/product/dkp-7062273/%DA%A9%D9%88%D8%AF-%D8%AA%D9%82%D9%88%DB%8C%D8%AA%DB%8C-%D9%85%D8%AE%D8%B5%D9%88%D8%B5-%D8%A8%D9%86%D8%AC%D8%A7%D9%85%DB%8C%D9%86-%D9%87%D9%BE%DB%8C-%D9%BE%D9%84%D9%86%D8%AA-%D9%85%D8%AF%D9%84-hp34-%D8%AD%D8%AC%D9%85-120-%D9%85%DB%8C%D9%84%DB%8C-%D9%84%DB%8C%D8%AA%D8%B1/,https://www.digikala.com/search/category-soils-and-fertilizers/?page=15,کود تقویتی مخصوص بنجامین هپی پلنت مدل HP34 حجم 120 میلی لیتر,True,83000,,
,https://digikala.com/product/dkp-3679799/%D8%B4%D9%86-%D8%B7%D8%A8%DB%8C%D8%B9%DB%8C-%D8%B9%D8%B1%D9%81%D8%A7%D9%86-%D9%85%D8%AF%D9%84-sht19-%D9%88%D8%B2%D9%86-10-%DA%A9%DB%8C%D9%84%D9%88%DA%AF%D8%B1%D9%85/,https://www.digikala.com/search/category-soils-and-fertilizers/?page=15,شن طبیعی عرفان مدل ShT19 وزن 10 کیلوگرم,True,72000,10.0,7200.0
,https://digikala.com/product/dkp-10218663/%D9%BE%D9%88%D8%AF%D8%B1-%D8%B3%D9%88%D8%AF-%D9%BE%D8%B1%DA%A9-%D9%85%D8%AF%D9%84-naoh-%DA%A9%D8%AF-40-%D9%88%D8%B2%D9%86-1-%DA%A9%DB%8C%D9%84%D9%88%DA%AF%D8%B1%D9%85/,https://www.digikala.com/search/category-soils-and-fertilizers/?page=16,پودر سود پرک مدل NaOH کد 40 وزن 1 کیلوگرم,True,180000,1.0,180000.0
,https://digikala.com/product/dkp-16349933/%D9%87%DB%8C%D9%88%D9%85%DB%8C%DA%A9-%D8%A7%D8%B3%DB%8C%D8%AF-%DA%AF%D8%B1%D8%A7%D9%86%D9%88%D9%84-%D8%AF%D8%B1%D8%AE%D8%AA-%D9%88-%D8%A8%D8%A7%D8%BA%DA%86%D9%87-%DA%AF%DB%8C%D9%84%D8%AF%D8%A7-%D9%85%D8%AF%D9%84-ghag1-%D9%88%D8%B2%D9%86-1-%DA%A9%DB%8C%D9%84%D9%88%DA%AF%D8%B1%D9%85/,https://www.digikala.com/search/category-soils-and-fertilizers/?page=16,هیومیک اسید گرانول درخت و باغچه گیلدا مدل GHAG1 وزن 1 کیلوگرم,True,299000,1.0,299000.0
,https://digikala.com/product/dkp-3686304/%DA%A9%D9%88%D8%AF-%D9%85%D8%A7%DB%8C%D8%B9-%D9%81%D8%B1%D9%88%D8%AA-%D8%B3%D8%AA-%D8%AC%D9%88%D8%A7%D9%86%D9%87-%D9%85%D8%AF%D9%84-f1-%D8%AD%D8%AC%D9%85-1000-%D9%85%DB%8C%D9%84%DB%8C-%D9%84%DB%8C%D8%AA%D8%B1/,https://www.digikala.com/search/category-soils-and-fertilizers/?page=16,کود مایع فروت ست جوانه مدل f1 حجم 1000 میلی لیتر,True,210000,1.0,210000.0
,https://digikala.com/product/dkp-7925535/%D8%AE%D8%A7%DA%A9-%D8%A8%D8%B3%D8%AA%D8%B1-%DA%A9%D8%B4%D8%AA-%D8%A2%D9%82%D8%A7%DB%8C-%D8%AE%D8%A7%DA%A9-%D9%85%D8%AF%D9%84-10litr-%D9%88%D8%B2%D9%86-5-%DA%A9%DB%8C%D9%84%D9%88%DA%AF%D8%B1%D9%85/,https://www.digikala.com/search/category-soils-and-fertilizers/?page=16,خاک بستر کشت آقای خاک مدل 10Litr وزن 5 کیلوگرم,True,139180,5.0,27836.0
,https://digikala.com/product/dkp-2065386/%DA%A9%D9%88%D8%AF-%DA%A9%D9%85%D9%BE%D9%84%DA%A9%D8%B3-%D8%A7%D8%B3%DB%8C%D8%AF-%D8%A2%D9%85%DB%8C%D9%86%D9%87-%D8%B2%D8%A7%DA%A9-%DA%A9%D8%AF-2660-z-%D8%AD%D8%AC%D9%85-1000-%D9%85%DB%8C%D9%84%DB%8C-%D9%84%DB%8C%D8%AA%D8%B1/,https://www.digikala.com/search/category-soils-and-fertilizers/?page=16,کود کمپلکس اسید آمینه زاک کد 2660 Z حجم 1000 میلی لیتر,True,270000,1.0,270000.0
,https://digikala.com/product/dkp-6433202/%D8%AE%D8%A7%DA%A9-%D8%B3%D8%A7%D9%86%D8%B3%D9%88%D8%B1%DB%8C%D8%A7-%D9%88-%D8%B2%D8%A7%D9%85%D9%88%D9%81%DB%8C%D9%84%DB%8C%D8%A7-%DA%AF%DB%8C%D9%84%D8%AF%D8%A7-%D9%85%D8%AF%D9%84-sz2-%D8%AD%D8%AC%D9%85-2-%D9%84%DB%8C%D8%AA%D8%B1/,https://www.digikala.com/search/category-soils-and-fertilizers/?page=17,خاک سانسوریا و زاموفیلیا گیلدا مدل SZ2 حجم 2 لیتر,True,91000,2.0,45500.0
,https://digikala.com/product/dkp-9411691/%D9%BE%D9%88%DA%A9%D9%87-%D9%85%D8%B9%D8%AF%D9%86%DB%8C-%D8%AE%D8%A7%D9%86%D9%87-%D8%B7%D9%84%D8%A7%DB%8C%DB%8C-%DA%AF%D9%84-%DA%A9%D8%AF-a-1-%D9%88%D8%B2%D9%86-1-%DA%A9%DB%8C%D9%84%D9%88%DA%AF%D8%B1%D9%85/,https://www.digikala.com/search/category-soils-and-fertilizers/?page=17,پوکه معدنی خانه طلایی گل کد A_1 وزن 1 کیلوگرم,True,70000,1.0,70000.0
,https://digikala.com/product/dkp-15436091/%D8%AE%D8%A7%DA%A9-%D8%A7%D8%B1%DA%A9%DB%8C%D8%AF%D9%87-%DA%AF%DB%8C%D9%84%D8%AF%D8%A7-%D9%85%D8%AF%D9%84-cc2-%D8%AD%D8%AC%D9%85-2-%D9%84%DB%8C%D8%AA%D8%B1/,https://www.digikala.com/search/category-soils-and-fertilizers/?page=17,خاک ارکیده گیلدا مدل CC2 حجم 2 لیتر,True,129000,2.0,64500.0
,https://digikala.com/product/dkp-8739791/%D8%AE%D8%A7%DA%A9-%D9%BE%DB%8C%D8%AA-%D9%85%D8%A7%D8%B3-%D8%A2%D9%86%D8%AA%DB%8C%DA%A9-%D8%AE%D8%A7%DA%A9-%D9%85%D8%AF%D9%84-20ltr-%D9%88%D8%B2%D9%86-10-%DA%A9%DB%8C%D9%84%D9%88%DA%AF%D8%B1%D9%85/,https://www.digikala.com/search/category-soils-and-fertilizers/?page=17,خاک پیت ماس آنتیک خاک مدل 20Ltr وزن 10 کیلوگرم,True,235540,10.0,23554.0
,https://digikala.com/product/dkp-15157153/%DA%A9%D9%88%D8%AF-%D8%A2%D9%81%D8%AA-%DA%A9%D8%B4-%D8%A7%D8%B1%DA%AF%D8%A7%D9%86%DB%8C%DA%A9-%DA%AF%DB%8C%D8%A7%D9%87%D8%A7%D9%86-%D8%A2%D9%BE%D8%A7%D8%B1%D8%AA%D9%85%D8%A7%D9%86%DB%8C-%D8%A7%D9%85%D8%A7%D9%85%DB%8C-%D9%85%D8%AF%D9%84-%D9%88%D8%A7%DA%86%D9%85%D9%86-%D8%A8%D8%B3%D8%AA%D9%87-20-%D8%B9%D8%AF%D8%AF%DB%8C/,https://www.digikala.com/search/category-soils-and-fertilizers/?page=17,کود آفت کش ارگانیک گیاهان آپارتمانی امامی مدل واچمن بسته 20 عددی,True,158000,,
,https://digikala.com/product/dkp-11085293/%D8%A2%D9%85%DB%8C%D9%86%D9%88-%D8%A7%D8%B3%DB%8C%D8%AF-%D9%81%D8%B1%D9%85%D9%88%D9%84-%DB%8C%DA%A9-%D9%85%D8%AF%D9%84-grand-amino-500nitrogen-%D9%88%D8%B2%D9%86-25-%DA%AF%D8%B1%D9%85/,https://www.digikala.com/search/category-soils-and-fertilizers/?page=18,آمینو اسید فرمول یک مدل Grand amino 500+nitrogen وزن 25 گرم,True,100000,,
,https://digikala.com/product/dkp-10801486/%DA%A9%D9%88%D8%AF-%D8%AA%D9%82%D9%88%DB%8C%D8%AA%DB%8C-%D9%85%D8%AE%D8%B5%D9%88%D8%B5-%D8%AF%D8%B1%D8%AE%D8%AA-%DA%AF%D9%88%D8%AC%D9%87-%D8%B3%D8%A8%D8%B2-%D9%87%D9%BE%DB%8C-%D9%BE%D9%84%D9%86%D8%AA-%D9%85%D8%AF%D9%84-hp457-%D8%AD%D8%AC%D9%85-120-%D9%85%DB%8C%D9%84%DB%8C-%D9%84%DB%8C%D8%AA%D8%B1/,https://www.digikala.com/search/category-soils-and-fertilizers/?page=18,کود تقویتی مخصوص درخت گوجه سبز هپی پلنت مدل HP457 حجم 120 میلی لیتر,True,83000,,
,https://digikala.com/product/dkp-6879514/%DA%A9%D9%88%D8%AF-%DA%A9%D8%A7%D9%85%D9%84-%D9%85%D8%AF%D9%84-202020-npk-%D9%88%D8%B2%D9%86-10-%DA%A9%DB%8C%D9%84%D9%88%DA%AF%D8%B1%D9%85/,https://www.digikala.com/search/category-soils-and-fertilizers/?page=1,کود کامل مدل 20+20+20 NPK وزن 10 کیلوگرم,True,1160000,10.0,116000.0
,https://digikala.com/product/dkp-18255749/%DA%A9%D9%88%D8%AF-%D8%A7%D8%B3%DB%8C%D8%AF-%D9%87%DB%8C%D9%88%D9%85%DB%8C%DA%A9-%D9%BE%D9%88%D8%AF%D8%B1%DB%8C-%DA%AF%D8%B1%DB%8C%D9%86-%D9%BE%DB%8C%DA%A9-%D9%85%D8%AF%D9%84-hu-10-%D9%88%D8%B2%D9%86-10-%DA%A9%DB%8C%D9%84%D9%88%DA%AF%D8%B1%D9%85/,https://www.digikala.com/search/category-soils-and-fertilizers/?page=1,کود اسید هیومیک پودری گرین پیک مدل Hu 10 وزن 10 کیلوگرم,True,2807000,10.0,280700.0
,https://digikala.com/product/dkp-15572115/%DA%A9%D9%88%D8%AF-%D8%B3%D9%87-%D8%A8%DB%8C%D8%B3%D8%AA-%D8%BA%D9%86%DB%8C-%D8%A8%D8%A7-%D8%A2%D9%85%DB%8C%D9%86%D9%88-%D8%A7%D8%B3%DB%8C%D8%AF-%D8%A2%DA%AF%D9%86%D8%B3-%D9%85%D8%AF%D9%84-ag202020amino-%D9%88%D8%B2%D9%86-100%DA%AF%D8%B1%D9%85/?ad_variant_id=53514860,https://www.digikala.com/search/category-soils-and-fertilizers/?page=1,کود سه بیست غنی با آمینو اسید آگنس مدل Ag202020Amino وزن 100گرم,True,174000,,
,https://digikala.com/product/dkp-15883902/%DA%A9%D9%88%D8%AF-%D8%B1%DB%8C%D8%B4%D9%87-%D8%B2%D8%A7-%D8%A2%DA%AF%D9%86%D8%B3-%D9%85%D8%AF%D9%84-ag-npk-10-52-10-%D9%88%D8%B2%D9%86-300%DA%AF%D8%B1%D9%85/?ad_variant_id=54640416,https://www.digikala.com/search/category-soils-and-fertilizers/?page=1,کود ریشه زا آگنس مدل Ag-NPK 10-52-10 وزن 300گرم,True,186200,,
,https://digikala.com/product/dkp-19948922/%DA%A9%D9%88%D8%AF-%D9%85%D8%A7%DB%8C%D8%B9-%D8%A7%D8%B3%DB%8C%D8%AF-%D9%87%DB%8C%D9%88%D9%85%DB%8C%DA%A9-%DA%A9%D9%88%D8%AF%DB%8C%D8%B1%D8%A7%D9%86-%D9%85%D8%AF%D9%84-%D9%87%DB%8C%D9%88%D9%85%DB%8C%D9%86%D9%88-%D8%AD%D8%AC%D9%85-5-%D9%84%DB%8C%D8%AA%D8%B1/,https://www.digikala.com/search/category-soils-and-fertilizers/?page=1,کود مایع اسید هیومیک کودیران مدل هیومینو حجم 5 لیتر,True,390000,5.0,78000.0
,https://digikala.com/product/dkp-15934123/%D8%AE%D8%A7%DA%A9-%DA%AF%D9%84%D8%AF%D8%A7%D9%86-%D9%85%D9%87%DB%8C%D8%A7-%D8%AE%D8%A7%DA%A9-%D9%85%D8%AF%D9%84-1itr-%D9%88%D8%B2%D9%86-5-%DA%A9%DB%8C%D9%84%D9%88%DA%AF%D8%B1%D9%85/,https://www.digikala.com/search/category-soils-and-fertilizers/?page=19,خاک گلدان مهیا خاک مدل 1itr وزن 5 کیلوگرم,True,138000,5.0,27600.0
,https://digikala.com/product/dkp-4216195/%D9%BE%D9%88%DA%A9%D9%87-%D9%85%D8%B9%D8%AF%D9%86%D9%8A-%DA%AF%D9%84%D8%AF%D9%88%D8%B3%D8%AA-%D9%85%D8%AF%D9%84-d001-%D8%AD%D8%AC%D9%85-4-%D9%84%DB%8C%D8%AA%D8%B1/,https://www.digikala.com/search/category-soils-and-fertilizers/?page=19,پوکه معدني گلدوست مدل D001 حجم 4 لیتر,True,63000,4.0,15750.0
,https://digikala.com/product/dkp-10617701/%D8%AE%D8%A7%DA%A9-%D8%A8%D9%86%D8%AA%D9%88%D9%86%DB%8C%D8%AA-%D8%A8%D9%87%D8%A7%D8%B1%D8%A7%D9%86-%D9%85%D8%AF%D9%84-%D8%B2%D9%84%D8%A7%D9%84-%D8%B3%D8%A7%D8%B2-%D9%88%D8%B2%D9%86-40-%DA%AF%D8%B1%D9%85/,https://www.digikala.com/search/category-soils-and-fertilizers/?page=19,خاک بنتونیت بهاران مدل زلال ساز وزن 40 گرم,True,55000,,
,https://digikala.com/product/dkp-3436555/%D8%AE%D8%A7%DA%A9-%D9%BE%DB%8C%D8%AA-%D9%85%D8%A7%D8%B3-%D8%B3%D9%88%D8%B1%DB%8C%D9%86-%D8%AE%D8%A7%DA%A9-%D9%85%D8%AF%D9%84-p20-%D8%AD%D8%AC%D9%85-20-%D9%84%DB%8C%D8%AA%D8%B1/,https://www.digikala.com/search/category-soils-and-fertilizers/?page=19,خاک پیت ماس سورین خاک مدل P20 حجم 20 لیتر,True,236000,20.0,11800.0
,https://digikala.com/product/dkp-568685/%DA%A9%D9%88%D8%AF-%D9%88%D8%B1%D9%85%DB%8C-%DA%A9%D9%85%D9%BE%D9%88%D8%B3%D8%AA-%D9%88%D8%B1%D9%88%D9%86%DB%8C%DA%A9%D8%A7-%D8%A8%D8%B3%D8%AA%D9%87-3-%DA%A9%DB%8C%D9%84%D9%88%DA%AF%D8%B1%D9%85/,https://www.digikala.com/search/category-soils-and-fertilizers/?page=19,کود ورمی کمپوست ورونیکا بسته 3 کیلوگرم,True,57000,3.0,19000.0
,https://digikala.com/product/dkp-14285845/%D9%BE%D9%88%D8%AF%D8%B1-%D8%A7%D8%B3%DB%8C%D8%AF-%D8%B3%DB%8C%D8%AA%D8%B1%DB%8C%DA%A9-%D8%AE%D8%B4%DA%A9-%D9%85%D8%AF%D9%84-c6h8o7-%DA%A9%D8%AF-152-%D9%88%D8%B2%D9%86-1-%DA%A9%DB%8C%D9%84%D9%88%DA%AF%D8%B1%D9%85/,https://www.digikala.com/search/category-soils-and-fertilizers/?page=20,پودر اسید سیتریک خشک مدل C6H8O7 کد 152 وزن 1 کیلوگرم,True,359000,1.0,359000.0
,https://digikala.com/product/dkp-13887216/%DA%A9%D9%88%D8%AF-%D9%85%D8%AD%D8%B1%DA%A9-%D8%B1%DB%8C%D8%B4%D9%87-%D8%A8%DB%8C%D9%88%D8%B1%D8%A7%D8%AF%DB%8C%DA%A9%D8%A7%D9%86%D8%AA-%D9%85%D8%AF%D9%84-060-%D8%AD%D8%AC%D9%85-60-%D9%85%DB%8C%D9%84%DB%8C-%D9%84%DB%8C%D8%AA%D8%B1/,https://www.digikala.com/search/category-soils-and-fertilizers/?page=20,کود محرک ریشه بیورادیکانت مدل 060 حجم 60 میلی لیتر,True,216000,,
,https://digikala.com/product/dkp-14368167/%D9%BE%D9%88%D8%AF%D8%B1-%D8%A7%D8%B3%DB%8C%D8%AF-%D8%A8%D9%88%D8%B1%DB%8C%DA%A9-%D9%85%D8%AF%D9%84-h3bo3-%DA%A9%D8%AF-653-%D9%88%D8%B2%D9%86-500-%DA%AF%D8%B1%D9%85/,https://www.digikala.com/search/category-soils-and-fertilizers/?page=20,پودر اسید بوریک مدل H3BO3 کد 653 وزن 500 گرم,True,254150,,
,https://digikala.com/product/dkp-14927142/%DA%A9%D9%88%D8%AF-%D9%85%D8%A7%DB%8C%D8%B9-%D9%81%D8%B3%D9%81%D8%B1-%D8%B1%DB%8C%D8%B4%D9%87-%D8%B2%D8%A7%DB%8C%DB%8C-10-52-10-%D9%88-%DA%A9%D9%84%D8%A7%D8%AA-%D8%A2%D9%87%D9%86-%D9%88-%DA%A9%D9%88%D8%AF-%DA%A9%D8%A7%D9%85%D9%84-%DA%AF%DB%8C%D8%A7%D9%87%D8%A7%D9%86-%D8%A8%D8%B1%DA%AF-%D8%B3%D8%A8%D8%B2-%D9%88-%DA%A9%D9%88%D8%AF-%D8%AC%D9%84%D8%A8%DA%A9-%D8%AF%D8%B1%DB%8C%D8%A7%DB%8C%DB%8C-%D9%88-%DA%A9%D9%88%D8%AF-%D8%B3%D8%A7%D9%86%D8%B3%D9%88%D8%B1%DB%8C%D8%A7-%D9%88-%DA%A9%D9%88%D8%AF-%D8%B3%D9%87-%D8%A8%DB%8C%D8%B3%D8%AA-%D9%85%D8%AF%D9%84-life-drop-%D8%AD%D8%AC%D9%85-120-%D9%85%DB%8C%D9%84%DB%8C-%D9%84%DB%8C%D8%AA%D8%B1/,https://www.digikala.com/search/category-soils-and-fertilizers/?page=20,کود مایع فسفر ریشه زایی 10-52-10 و کلات آهن و کود کامل گیاهان برگ سبز و کود جلبک دریایی و کود سانسوریا و کود سه بیست مدل life drop حجم 120 میلی لیتر,True,150000,,
,https://digikala.com/product/dkp-3598694/%DA%A9%D9%88%D8%AF-%D9%85%D8%A7%DB%8C%D8%B9-%D8%A2%D9%87%D9%86-%D9%BE%D8%B1%D9%88%D8%AA%DA%A9%D8%AA-%D9%86%DB%8C%DA%86%D8%B1-%D9%85%D8%AF%D9%84-iron-plus-%D8%AD%D8%AC%D9%85-125-%D9%85%DB%8C%D9%84%DB%8C-%D9%84%DB%8C%D8%AA%D8%B1/,https://www.digikala.com/search/category-soils-and-fertilizers/?page=20,کود مایع آهن پروتکت نیچر مدل Iron plus حجم 125 میلی لیتر,True,120000,,
,https://digikala.com/product/dkp-5607315/%DA%A9%D9%88%D8%AF-%D9%85%D8%A7%DB%8C%D8%B9-%DA%AF%DB%8C%D8%A7%D9%87%D8%A7%D9%86-%D9%87%D9%88%D8%A7%D8%B2%DB%8C-%D9%88-%D8%AA%D8%B1%D8%A7%D8%B1%DB%8C%D9%88%D9%85-%D8%A8%D9%84%D8%AA-%D9%88%D8%B1%DA%A9-%DA%A9%D8%AF-air2-%D8%AD%D8%AC%D9%85-118-%D9%85%DB%8C%D9%84%DB%8C-%D9%84%DB%8C%D8%AA%D8%B1/,https://www.digikala.com/search/category-soils-and-fertilizers/?page=21,کود مایع گیاهان هوازی و تراریوم بلت ورک کد AIR2 حجم 118 میلی لیتر,True,95000,,
,https://digikala.com/product/dkp-4033784/%DA%A9%D9%88%D8%AF-%D8%B3%D9%88%D9%84%D9%81%D8%A7%D8%AA-%D9%BE%D8%AA%D8%A7%D8%B3%DB%8C%D9%85-%D9%85%D8%AF%D9%84-sa1-%D9%88%D8%B2%D9%86-7-%DA%A9%DB%8C%D9%84%D9%88%DA%AF%D8%B1%D9%85/,https://www.digikala.com/search/category-soils-and-fertilizers/?page=21,کود سولفات پتاسیم مدل sa1 وزن 7 کیلوگرم,True,410000,7.0,58571.42857142857
,https://digikala.com/product/dkp-3297261/%DA%A9%D9%88%D8%AF-%D9%85%D8%A7%DB%8C%D8%B9-%D8%A8%D9%86%D8%AC%D8%A7%D9%85%DB%8C%D9%86-%D8%A8%D9%84%D8%AA-%D9%88%D8%B1%DA%A9-%DA%A9%D8%AF-bnj2-%D8%AD%D8%AC%D9%85-118-%D9%85%DB%8C%D9%84%DB%8C-%D9%84%DB%8C%D8%AA%D8%B1/,https://www.digikala.com/search/category-soils-and-fertilizers/?page=21,کود مایع بنجامین بلت ورک کد BNJ2 حجم 118 میلی لیتر,True,95000,,
,https://digikala.com/product/dkp-2973885/%D8%AE%D8%A7%DA%A9-%D8%A8%D8%B1%DA%AF-%D8%A8%D9%87%DA%A9%D8%A7%D9%85-%DA%A9%D8%AF-barg04-%D8%AD%D8%AC%D9%85-4-%D9%84%DB%8C%D8%AA%D8%B1/,https://www.digikala.com/search/category-soils-and-fertilizers/?page=21,خاک برگ بهکام کد BARG04 حجم 4 لیتر,True,115210,4.0,28802.5
,https://digikala.com/product/dkp-2838412/%D8%AE%D8%A7%DA%A9-%DA%A9%D8%A7%DA%A9%D8%AA%D9%88%D8%B3-%D8%A8%D9%87%DA%A9%D8%A7%D9%85-%DA%A9%D8%AF-beh0202-%D9%88%D8%B2%D9%86-1-%DA%A9%DB%8C%D9%84%D9%88%DA%AF%D8%B1%D9%85/,https://www.digikala.com/search/category-soils-and-fertilizers/?page=21,خاک کاکتوس بهکام کد Beh0202 وزن 1 کیلوگرم,True,84000,1.0,84000.0
,https://digikala.com/product/dkp-10296433/%DA%A9%D9%88%D8%AF-%D9%85%D8%A7%DB%8C%D8%B9-%D8%A2%D9%85%DB%8C%D9%86%D9%88-%D8%A7%D8%B3%DB%8C%D8%AF-%DA%A9%D8%AF-01-%D8%AD%D8%AC%D9%85-120-%D9%85%DB%8C%D9%84%DB%8C-%D9%84%DB%8C%D8%AA%D8%B1-%D8%A8%D8%B3%D8%AA%D9%87-2-%D8%B9%D8%AF%D8%AF%DB%8C/,https://www.digikala.com/search/category-soils-and-fertilizers/?page=22,کود مایع آمینو اسید کد 01 حجم 120 میلی لیتر بسته 2 عددی,True,78000,,
,https://digikala.com/product/dkp-895095/%D9%82%D8%A7%D8%B1%DA%86-%DA%A9%D8%B4-%D9%85%D8%A7%DB%8C%D8%B9-%D8%AF%DA%A9%D8%AA%D8%B1-%D9%BE%D9%84%D9%86%D8%AA-%D8%AD%D8%AC%D9%85-150%D9%85%DB%8C%D9%84%DB%8C-%D9%84%DB%8C%D8%AA%D8%B1/,https://www.digikala.com/search/category-soils-and-fertilizers/?page=22,قارچ کش مایع دکتر پلنت حجم 150میلی لیتر,True,130000,,
,https://digikala.com/product/dkp-934948/%D8%AE%D8%A7%DA%A9-%D8%A8%D9%86%D9%81%D8%B4%D9%87-%D8%A2%D9%81%D8%B1%DB%8C%D9%82%D8%A7%DB%8C%DB%8C-%D8%B1%D9%88%DB%8C%D8%B4-%D8%AD%D8%AC%D9%85-%DB%8C%DA%A9-%D9%84%DB%8C%D8%AA%D8%B1%DB%8C-%D8%A8%D8%B3%D8%AA%D9%87-3-%D8%B9%D8%AF%D8%AF%DB%8C/,https://www.digikala.com/search/category-soils-and-fertilizers/?page=22,خاک بنفشه آفریقایی رویش حجم یک لیتری بسته 3 عددی,True,95200,,
,https://digikala.com/product/dkp-7974755/%D8%AE%D8%A7%DA%A9-%DA%AF%D9%84%D8%AF%D8%A7%D9%86-%DA%AF%D9%84%D9%88%D8%B1%DB%8C%D8%A7-%D8%AE%D8%A7%DA%A9-%D9%85%D8%AF%D9%84-20ltr-%D9%88%D8%B2%D9%86-10-%DA%A9%DB%8C%D9%84%D9%88%DA%AF%D8%B1%D9%85/,https://www.digikala.com/search/category-soils-and-fertilizers/?page=22,خاک گلدان گلوریا خاک مدل 20Ltr وزن 10 کیلوگرم,True,235000,10.0,23500.0
,https://digikala.com/product/dkp-8478550/%DA%A9%D9%88%D8%AF-%DA%A9%D9%84%D8%A7%D8%AA-%D8%A2%D9%87%D9%86-6-%DA%AF%D8%B1%DB%8C%D9%86-%D9%BE%DB%8C%DA%A9-%D9%85%D8%AF%D9%84-fe500-%D9%88%D8%B2%D9%86-500-%DA%AF%D8%B1%D9%85/,https://www.digikala.com/search/category-soils-and-fertilizers/?page=22,کود کلات آهن 6% گرین پیک مدل Fe500 وزن 500 گرم,True,277000,,
,https://digikala.com/product/dkp-17791666/%DA%A9%D9%88%D8%AF-%D8%A2%D9%85%DB%8C%D9%86%D9%88-%D8%A7%D8%B3%DB%8C%D8%AF-%D8%A2%DA%AF%D9%86%D8%B3-%D9%85%D8%AF%D9%84-ag-amino-acid100-%D9%88%D8%B2%D9%86-100-%DA%AF%D8%B1%D9%85/,https://www.digikala.com/search/category-soils-and-fertilizers/?page=23,کود آمینو اسید آگنس مدل Ag-Amino-Acid100 وزن 100 گرم,True,181120,,
,https://digikala.com/product/dkp-926095/%D8%AE%D8%A7%DA%A9-%DA%AF%D8%AF%D8%A7%D9%86-%D8%A7%D8%B1%DA%AF%D8%A7%D9%86%DB%8C%DA%A9-%D8%A8%D8%B3%D8%AA%D8%B1-%DA%A9%D8%B4%D8%AA-%D8%A2%D9%85%D8%A7%D8%AF%D9%87-%DA%A9%D8%A7%D8%B4%D8%AA-%D8%B1%D9%88%DB%8C%D8%B4-%D9%85%D9%82%D8%AF%D8%A7%D8%B1-35-%DA%A9%DB%8C%D9%84%D9%88-%DA%AF%D8%B1%D9%85-%D8%A8%D8%B3%D8%AA%D9%87-3-%D8%B9%D8%AF%D8%AF%DB%8C/,https://www.digikala.com/search/category-soils-and-fertilizers/?page=23,خاک گدان ( بستر کشت آماده کاشت ) رویش مقدار 3.5 کیلو گرم بسته 3 عددی,True,137000,3.5,45666.66666666666
,https://digikala.com/product/dkp-13286762/%DA%A9%D9%88%D8%AF-%D9%85%D8%AE%D8%B5%D9%88%D8%B5-%DA%AF%D9%84-%D8%A8%D8%A7%D8%A8%D8%A7%D8%A2%D8%AF%D9%85-%D8%AA%D8%A7%DB%8C%D9%85%DA%A9%D8%B3-%D9%85%D8%AF%D9%84s150-%D8%AD%D8%AC%D9%85-150%D9%85%DB%8C%D9%84%DB%8C-%D9%84%DB%8C%D8%AA%D8%B1/,https://www.digikala.com/search/category-soils-and-fertilizers/?page=23,کود مخصوص گل باباآدم تایمکس مدلs150 حجم 150میلی لیتر,True,78900,,
,https://digikala.com/product/dkp-13399114/%DA%A9%D9%88%D8%AF-%D9%85%D8%A7%DB%8C%D8%B9-%D8%B6%D8%AF-%D8%B4%D9%88%DA%A9-%D9%88-%D8%AA%D9%86%D8%B4-%D9%85%D8%AD%DB%8C%D8%B7%DB%8C-%D9%81%D8%B1%DB%8C%D8%B2%D8%A8%D9%86-%DA%AF%DB%8C%D9%84%D8%AF%D8%A7-%DA%A9%D8%AF-fbn-%D8%AD%D8%AC%D9%85-120-%D9%85%DB%8C%D9%84%DB%8C-%D9%84%DB%8C%D8%AA%D8%B1/,https://www.digikala.com/search/category-soils-and-fertilizers/?page=23,کود مایع ضد شوک و تنش محیطی فریزبن گیلدا کد FBN حجم 120 میلی لیتر,True,79420,,
,https://digikala.com/product/dkp-6433138/%DA%A9%D9%88%DA%A9%D9%88%D9%BE%DB%8C%D8%AA-%D9%88-%D9%BE%DB%8C%D8%AA-%D9%85%D8%A7%D8%B3-%D9%88-%D9%BE%D8%B1%D9%84%DB%8C%D8%AA-%DA%AF%DB%8C%D9%84%D8%AF%D8%A7-%D9%85%D8%AF%D9%84-cocolite-%D8%AD%D8%AC%D9%85-2-%D9%84%DB%8C%D8%AA%D8%B1/,https://www.digikala.com/search/category-soils-and-fertilizers/?page=23,کوکوپیت و پیت ماس و پرلیت گیلدا مدل Cocolite حجم 2 لیتر,True,142000,2.0,71000.0
,https://digikala.com/product/dkp-16271934/%DA%A9%D9%88%D8%AF-%D8%A2%D9%85%DB%8C%D9%86%D9%88-%D8%A7%D8%B3%DB%8C%D8%AF-%DA%AF%D8%B1%DB%8C%D9%86-%D9%BE%DB%8C%DA%A9-%D9%85%D8%AF%D9%84-amino500-%D9%88%D8%B2%D9%86-500-%DA%AF%D8%B1%D9%85/,https://www.digikala.com/search/category-soils-and-fertilizers/?page=24,کود آمینو اسید گرین پیک مدل Amino500 وزن 500 گرم,True,467000,,
,https://digikala.com/product/dkp-17484060/%DA%A9%D9%88%D8%AF-%D9%85%D8%A7%DB%8C%D8%B9-%D9%BE%D8%AA%D8%A7%D8%B3-%D8%A8%D8%A7%D9%84%D8%A7-%DA%AF%D8%B1%DB%8C%D9%86-%D9%BE%DB%8C%DA%A9-%D9%85%D8%AF%D9%84-npk-12-12-36-%D8%AD%D8%AC%D9%85-250-%D9%85%DB%8C%D9%84%DB%8C-%D9%84%DB%8C%D8%AA%D8%B1/,https://www.digikala.com/search/category-soils-and-fertilizers/?page=24,کود مایع پتاس بالا گرین پیک مدل NPK 12 12 36 حجم 250 میلی لیتر,True,127000,,
,https://digikala.com/product/dkp-17727376/%D8%AE%D8%A7%DA%A9-%DA%98%D9%84%D9%87-%D8%A7%DB%8C-%D9%85%D8%AF%D9%84-%DA%A9%D8%B1%DB%8C%D8%B3%D8%AA%D8%A7%D9%84%DB%8C-%D8%B4%D9%81%D8%A7%D9%81-%D9%88%D8%B2%D9%86-3-%DA%AF%D8%B1%D9%85-%D8%A8%D8%B3%D8%AA%D9%87-8-%D8%B9%D8%AF%D8%AF%DB%8C/,https://www.digikala.com/search/category-soils-and-fertilizers/?page=24,خاک ژله ای مدل کریستالی  شفاف وزن 3 گرم بسته 8 عددی,True,82000,,
,https://digikala.com/product/dkp-9276130/%DA%A9%D9%88%D8%AF-%DA%A9%D9%84%D8%A7%D8%AA-%D8%A2%D9%87%D9%86-%D8%A7%D9%81%D8%B2%D8%A7%DB%8C%D8%B4-%D8%B3%D8%A8%D8%B2%DB%8C%D9%86%DA%AF%DB%8C-%DA%AF%DB%8C%D9%84%D8%AF%D8%A7-%D9%85%D8%AF%D9%84-fe6-eddha-%D9%88%D8%B2%D9%86-20-%DA%AF%D8%B1%D9%85/,https://www.digikala.com/search/category-soils-and-fertilizers/?page=24,کود کلات آهن افزایش سبزینگی گیلدا مدل Fe6%-EDDHA وزن 20 گرم,True,79420,,
,https://digikala.com/product/dkp-6769441/%D9%87%D9%88%D8%B1%D9%85%D9%88%D9%86-%D8%AC%DB%8C%D8%A8%D8%B1%D9%84%DB%8C%D9%86-%D8%AA%D8%A7%DB%8C%D9%85%DA%A9%D8%B3-%D9%85%D8%AF%D9%84-34-%D8%AD%D8%AC%D9%85-150-%D9%85%DB%8C%D9%84%DB%8C-%D9%84%DB%8C%D8%AA%D8%B1/,https://www.digikala.com/search/category-soils-and-fertilizers/?page=24,هورمون جیبرلین تایمکس مدل 34 حجم 150 میلی لیتر,True,98800,,
,https://digikala.com/product/dkp-5940717/%D8%AE%D8%A7%DA%A9-%DA%AF%D9%84%D8%AF%D8%A7%D9%86-%DA%AF%D9%84%D9%81%D8%A7%D9%85-%D9%85%D8%AF%D9%84-g20-%D8%AD%D8%AC%D9%85-22-%D9%84%DB%8C%D8%AA%D8%B1/,https://www.digikala.com/search/category-soils-and-fertilizers/?page=25,خاک گلدان گلفام مدل G20 حجم 22 لیتر,True,234000,22.0,10636.363636363636
,https://digikala.com/product/dkp-10978886/%DA%A9%D9%88%D8%AF-%D9%81%DB%8C%DA%A9%D9%88%D8%B3-%D9%85%D8%AF%D9%84-npk-%D9%88%D8%B2%D9%86-100-%DA%AF%D8%B1%D9%85/,https://www.digikala.com/search/category-soils-and-fertilizers/?page=25,کود فیکوس مدل NPK وزن 100 گرم,True,132710,,
,https://digikala.com/product/dkp-718777/%DA%A9%D9%88%D8%AF-%D9%85%D8%A7%DB%8C%D8%B9-%D9%85%D8%AD%D8%B1%DA%A9-%D8%B1%D8%B4%D8%AF-%D8%B6%D8%AF-%D8%AA%D9%86%D8%B4-%D9%88-%D8%B1%DB%8C%D8%B4%D9%87-%D8%B2%D8%A7-%DA%AF%D8%B1%DB%8C%D9%86-%DA%AF%D9%84%D8%AF-%D9%85%D8%AF%D9%84-aktivator-%D8%AD%D8%AC%D9%85-300-%D9%85%DB%8C%D9%84%DB%8C-%D9%84%DB%8C%D8%AA%D8%B1/,https://www.digikala.com/search/category-soils-and-fertilizers/?page=25,کود مایع محرک رشد ، ضد تنش و ریشه زا گرین گلد مدل AKTIVATOR حجم 300 میلی لیتر,True,175000,,
,https://digikala.com/product/dkp-5906726/%D8%AE%D8%A7%DA%A9-%DA%98%D9%84%D9%87-%D8%A7%DB%8C-%D9%85%D8%AF%D9%84-seven-color-%D8%A8%D8%B3%D8%AA%D9%87-20-%D8%B9%D8%AF%D8%AF%DB%8C/,https://www.digikala.com/search/category-soils-and-fertilizers/?page=25,خاک ژله ای مدل Seven Color بسته 20 عددی,True,190000,,
,https://digikala.com/product/dkp-302203/%DA%A9%D9%88%D8%AF-%D9%85%D8%A7%DB%8C%D8%B9-%D8%A7%D8%B3%DB%8C%D8%AF-%D9%87%DB%8C%D9%88%D9%85%DB%8C%DA%A9-%D9%88-%D8%A2%D9%87%D9%86-%DA%AF%D8%B1%DB%8C%D9%86-%DA%AF%D8%B1%D9%88%D8%AA-%D8%A8%D8%B3%D8%AA%D9%87-3-%D8%B9%D8%AF%D8%AF%DB%8C/,https://www.digikala.com/search/category-soils-and-fertilizers/?page=25,کود مایع اسید هیومیک و آهن گرین گروت بسته 3 عددی,True,325000,,
,https://digikala.com/product/dkp-4387022/%DA%A9%D9%88%D8%AF-%D9%85%D8%AE%D8%B5%D9%88%D8%B5-%D8%B1%D8%B4%D8%AF-%D8%B1%D9%88%DB%8C%D8%B4%DB%8C-%D9%88-%D8%B2%D8%A7%DB%8C%D8%B4%DB%8C-%D9%81%D8%B5%D9%84-%D8%B3%D8%A8%D8%B2-%D9%85%D8%AF%D9%84-npk-20-20-20-%D9%88%D8%B2%D9%86-200-%DA%AF%D8%B1%D9%85/,https://www.digikala.com/search/category-soils-and-fertilizers/?page=26,کود مخصوص رشد رویشی و زایشی فصل سبز مدل NPK 20-20-20 وزن 200 گرم,True,96600,,
,https://digikala.com/product/dkp-18016573/%DA%A9%D9%88%D8%AF-%D8%A7%D8%B3%D9%BE%D8%B1%DB%8C-%D8%AA%D9%82%D9%88%DB%8C%D8%AA%DB%8C-%DA%AF%DB%8C%D8%A7%D9%87%D8%A7%D9%86-%D8%A2%D9%BE%D8%A7%D8%B1%D8%AA%D9%85%D8%A7%D9%86%DB%8C-%D9%88%D8%A7%DA%AF%D8%B1%D9%88%DA%A9%D8%B3%DB%8C%D8%B1-%D8%B7%D8%B1%D8%AD-%D8%A7%DA%A9%D8%B3%DB%8C%D8%B1-%D8%B3%D8%A8%D8%B2-%D9%85%D8%AF%D9%84-s2-%D8%AD%D8%AC%D9%85-240-%D9%85%DB%8C%D9%84%DB%8C-%D9%84%DB%8C%D8%AA%D8%B1/,https://www.digikala.com/search/category-soils-and-fertilizers/?page=26,کود اسپری تقویتی گیاهان آپارتمانی واگروکسیر طرح اکسیر سبز مدل S2 حجم 240 میلی لیتر,True,170000,,
,https://digikala.com/product/dkp-1924052/%D8%AE%D8%A7%DA%A9-%D8%A2%D9%85%D8%A7%D8%AF%D9%87-%DA%A9%D8%B4%D8%AA-%D8%B3%D9%88%D8%B1%DB%8C%D9%86-%D8%AE%D8%A7%DA%A9-%D9%85%D8%AF%D9%84-ak02-%D8%AD%D8%AC%D9%85-4-%D9%84%DB%8C%D8%AA%D8%B1%DB%8C/,https://www.digikala.com/search/category-soils-and-fertilizers/?page=26,خاک آماده کشت سورین خاک مدل AK02 حجم 4 لیتری,True,96000,4.0,24000.0
,https://digikala.com/product/dkp-7066791/%DA%A9%D9%88%D8%AF-%D9%87%DB%8C%D9%88%D9%85%DB%8C%DA%A9-%D8%A7%D8%B3%DB%8C%D8%AF-%D9%BE%D8%B1%DA%A9-%D8%A2%D8%A8%D8%A7%D8%AF%DB%8C%D8%B3-%D9%85%D8%AF%D9%84-01-%D8%AD%D8%AC%D9%85-1-%DA%A9%DB%8C%D9%84%D9%88%DA%AF%D8%B1%D9%85/,https://www.digikala.com/search/category-soils-and-fertilizers/?page=26,کود هیومیک اسید پرک آبادیس مدل 01 حجم 1 کیلوگرم,True,381800,1.0,381800.0
,https://digikala.com/product/dkp-13114673/%D8%B3%D9%88%D9%84%D9%81%D8%A7%D8%AA-%D8%A7%D9%85%D9%88%D9%86%DB%8C%D9%88%D9%85-%DA%A9%D8%B1%DB%8C%D8%B3%D8%AA%D8%A7%D9%84-%D9%85%D8%AF%D9%84-po3-%D9%88%D8%B2%D9%86-1-%DA%A9%DB%8C%D9%84%D9%88%DA%AF%D8%B1%D9%85/,https://www.digikala.com/search/category-soils-and-fertilizers/?page=26,سولفات امونیوم کریستال مدل po3 وزن 1 کیلوگرم,True,58000,1.0,58000.0
,https://digikala.com/product/dkp-8153027/%DA%A9%D9%88%D8%AF-%D9%86%DB%8C%D8%AA%D8%B1%D8%A7%D8%AA-%DA%A9%D9%84%D8%B3%DB%8C%D9%85-%DA%AF%D8%B1%DB%8C%D9%86-%D9%BE%DB%8C%DA%A9-%D9%85%D8%AF%D9%84-calsium-nitrate-1000-%D9%88%D8%B2%D9%86-%DB%8C%DA%A9-%DA%A9%DB%8C%D9%84%D9%88%DA%AF%D8%B1%D9%85/,https://www.digikala.com/search/category-soils-and-fertilizers/?page=27,کود نیترات کلسیم گرین پیک مدل CALSIUM NITRATE 1000 وزن یک کیلوگرم,True,247000,,
,https://digikala.com/product/dkp-13418353/%DA%A9%D9%88%D8%AF-%D9%85%D8%A7%DB%8C%D8%B9-%DA%A9%D8%A7%DA%A9%D8%AA%D9%88%D8%B3-%DA%AF%DB%8C%D9%84%D8%AF%D8%A7-%D9%85%D8%AF%D9%84-gcc-%D8%AD%D8%AC%D9%85-120-%D9%85%DB%8C%D9%84%DB%8C-%D9%84%DB%8C%D8%AA%D8%B1/,https://www.digikala.com/search/category-soils-and-fertilizers/?page=27,کود مایع کاکتوس گیلدا مدل GCC حجم 120 میلی لیتر,True,83600,,
,https://digikala.com/product/dkp-1921442/%D8%AE%D8%A7%DA%A9-%DA%A9%D8%A7%DA%A9%D8%AA%D9%88%D8%B3-%D9%88-%D8%B3%D8%A7%DA%A9%D9%88%D9%84%D9%86%D8%AA-%DA%AF%DB%8C%D9%84%D8%AF%D8%A7-%D9%85%D8%AF%D9%84-gc01l-%D8%A8%D8%B3%D8%AA%D9%87-1-%D9%84%DB%8C%D8%AA%D8%B1%DB%8C/,https://www.digikala.com/search/category-soils-and-fertilizers/?page=27,خاک کاکتوس و ساکولنت گیلدا مدل GC01L بسته 1 لیتری,True,68020,1.0,68020.0
,https://digikala.com/product/dkp-15280893/%DA%A9%D9%88%D8%AF-%D9%85%D8%A7%DB%8C%D8%B9-%D8%AC%D9%84%D8%A8%DA%A9-%D8%AF%D8%B1%DB%8C%D8%A7%DB%8C%DB%8C-%D9%88%D8%A7%D8%AA%D8%B1%D9%BE%D9%84%D8%A7%D8%B3-%D9%85%D8%AF%D9%84-vigorous-%D8%AD%D8%AC%D9%85-1-%D9%84%DB%8C%D8%AA%D8%B1/,https://www.digikala.com/search/category-soils-and-fertilizers/?page=27,کود مایع جلبک دریایی واترپلاس مدل VIGOROUS حجم 1 لیتر,True,171000,1.0,171000.0
,https://digikala.com/product/dkp-8717383/%DA%A9%D9%88%D8%AF-%DA%A9%D8%A7%D9%85%D9%84-%D9%BE%D9%88%D8%AF%D8%B1%DB%8C-%D9%85%D8%AE%D8%B5%D9%88%D8%B5-%DA%AF%D9%84%D8%AF%D9%87%DB%8C-%D9%85%D8%AF%D9%84-npk-12-12-36-%D9%88%D8%B2%D9%86-50-%DA%AF%D8%B1%D9%85/,https://www.digikala.com/search/category-soils-and-fertilizers/?page=27,کود کامل پودری مخصوص گلدهی مدل NPK 12-12-36 وزن 50 گرم,True,80000,,
,https://digikala.com/product/dkp-6063120/%DA%A9%D9%88%D8%AF-%D9%85%D8%A7%DB%8C%D8%B9-%DA%A9%D8%A7%D9%85%D9%84-%D9%88-%D8%AA%D9%82%D9%88%DB%8C%D8%AA-%DA%A9%D9%86%D9%86%D8%AF%D9%87-%DA%AF%D9%84-%D9%BE%DB%8C%DA%86%DA%A9-%D9%85%D8%AF%D9%84-brg12-%D8%AD%D8%AC%D9%85-120-%D9%85%DB%8C%D9%84%DB%8C-%D9%84%DB%8C%D8%AA%D8%B1/,https://www.digikala.com/search/category-soils-and-fertilizers/?page=28,کود مایع کامل و تقویت کننده گل پیچک مدل BRG12 حجم 120 میلی لیتر,True,65900,,
,https://digikala.com/product/dkp-11107061/%D9%BE%D8%B1%D9%84%DB%8C%D8%AA-%D8%B4%DA%A9%D8%B1%DB%8C-%D8%B1%D9%88%DB%8C%D8%B4-%D9%85%D8%AF%D9%84-pes11-%D8%AD%D8%AC%D9%85-3-%D9%84%DB%8C%D8%AA%D8%B1/,https://www.digikala.com/search/category-soils-and-fertilizers/?page=28,پرلیت شکری رویش مدل PES11 حجم 3 لیتر,True,65000,3.0,21666.666666666668
,https://digikala.com/product/dkp-14794775/%D8%AE%D8%A7%DA%A9-%D8%A8%D8%B1%DA%AF-%D8%B1%D9%88%DB%8C%D8%A7%D9%86-%DA%AF%D9%84-%D9%85%D8%AF%D9%84-kb20-%D8%AD%D8%AC%D9%85-20-%D9%84%DB%8C%D8%AA%D8%B1/,https://www.digikala.com/search/category-soils-and-fertilizers/?page=28,خاک برگ رویان گل مدل KB20 حجم 20 لیتر,True,168000,20.0,8400.0
,https://digikala.com/product/dkp-7499479/%D9%BE%D9%88%D8%AF%D8%B1-%D9%87%D9%88%D8%B1%D9%85%D9%88%D9%86-%D8%B1%DB%8C%D8%B4%D9%87-%D8%B2%D8%A7%DB%8C%DB%8C-%D9%BE%D8%B1%D9%88%D8%AA%DA%A9%D8%AA-%D9%86%DB%8C%DA%86%D8%B1-%D9%85%D8%AF%D9%84-root-power-%D8%AD%D8%AC%D9%85-60-%D9%85%DB%8C%D9%84%DB%8C-%D9%84%DB%8C%D8%AA%D8%B1/,https://www.digikala.com/search/category-soils-and-fertilizers/?page=28,پودر هورمون ریشه زایی پروتکت نیچر مدل Root power حجم 60 میلی لیتر,True,160000,,
,https://digikala.com/product/dkp-6879514/%DA%A9%D9%88%D8%AF-%DA%A9%D8%A7%D9%85%D9%84-%D9%85%D8%AF%D9%84-202020-npk-%D9%88%D8%B2%D9%86-10-%DA%A9%DB%8C%D9%84%D9%88%DA%AF%D8%B1%D9%85/,https://www.digikala.com/search/category-soils-and-fertilizers/?page=1,کود کامل مدل 20+20+20 NPK وزن 10 کیلوگرم,True,1160000,10.0,116000.0
,https://digikala.com/product/dkp-18255749/%DA%A9%D9%88%D8%AF-%D8%A7%D8%B3%DB%8C%D8%AF-%D9%87%DB%8C%D9%88%D9%85%DB%8C%DA%A9-%D9%BE%D9%88%D8%AF%D8%B1%DB%8C-%DA%AF%D8%B1%DB%8C%D9%86-%D9%BE%DB%8C%DA%A9-%D9%85%D8%AF%D9%84-hu-10-%D9%88%D8%B2%D9%86-10-%DA%A9%DB%8C%D9%84%D9%88%DA%AF%D8%B1%D9%85/,https://www.digikala.com/search/category-soils-and-fertilizers/?page=1,کود اسید هیومیک پودری گرین پیک مدل Hu 10 وزن 10 کیلوگرم,True,2807000,10.0,280700.0
,https://digikala.com/product/dkp-14567816/%DA%A9%D9%88%D8%AF-npk-12-12-36-%D8%A2%DA%AF%D9%86%D8%B3-%D9%85%D8%AF%D9%84-ag121236-%D9%88%D8%B2%D9%86-300%DA%AF%D8%B1%D9%85/?ad_variant_id=52508918,https://www.digikala.com/search/category-soils-and-fertilizers/?page=1,کود NPK 12-12-36 آگنس مدل Ag121236 وزن 300گرم,True,171000,,
,https://digikala.com/product/dkp-15569391/%DA%A9%D9%88%D8%AF-npk-20-20-20-%D8%A2%DA%AF%D9%86%D8%B3-%D9%85%D8%AF%D9%84-ag202020-%D9%88%D8%B2%D9%86-100%DA%AF%D8%B1%D9%85/?ad_variant_id=53514692,https://www.digikala.com/search/category-soils-and-fertilizers/?page=1,کود NPK 20-20-20 آگنس مدل Ag202020 وزن 100گرم,True,110000,,
,https://digikala.com/product/dkp-19948922/%DA%A9%D9%88%D8%AF-%D9%85%D8%A7%DB%8C%D8%B9-%D8%A7%D8%B3%DB%8C%D8%AF-%D9%87%DB%8C%D9%88%D9%85%DB%8C%DA%A9-%DA%A9%D9%88%D8%AF%DB%8C%D8%B1%D8%A7%D9%86-%D9%85%D8%AF%D9%84-%D9%87%DB%8C%D9%88%D9%85%DB%8C%D9%86%D9%88-%D8%AD%D8%AC%D9%85-5-%D9%84%DB%8C%D8%AA%D8%B1/,https://www.digikala.com/search/category-soils-and-fertilizers/?page=1,کود مایع اسید هیومیک کودیران مدل هیومینو حجم 5 لیتر,True,390000,5.0,78000.0
,https://digikala.com/product/dkp-18545779/%DA%A9%D9%88%D8%AF-%D9%85%D8%A7%DB%8C%D8%B9-%D9%82%D9%84%D9%85%D9%87-%D8%B2%D9%86%DB%8C-%D9%88-%D8%B1%DB%8C%D8%B4%D9%87-%D8%B2%D8%A7%DB%8C%DB%8C-%DA%AF%DB%8C%D9%84%D8%AF%D8%A7-%D9%85%D8%AF%D9%84-root-booster-%D8%AD%D8%AC%D9%85-30-%D9%85%DB%8C%D9%84%DB%8C-%D9%84%DB%8C%D8%AA%D8%B1/,https://www.digikala.com/search/category-soils-and-fertilizers/?page=29,کود مایع قلمه زنی و ریشه زایی گیلدا مدل Root Booster حجم 30 میلی لیتر,True,79420,,
,https://digikala.com/product/dkp-10770696/%DA%A9%D9%88%D8%AF-%DA%AF%DB%8C%D8%A7%D9%87%D8%A7%D9%86-%D8%A2%D9%BE%D8%A7%D8%B1%D8%AA%D9%85%D8%A7%D9%86%DB%8C-%D9%85%D8%AF%D9%84-%D8%B1%D8%B4%D8%AF-%D9%88%D8%B2%D9%86-100-%DA%AF%D8%B1%D9%85/,https://www.digikala.com/search/category-soils-and-fertilizers/?page=29,کود گیاهان آپارتمانی مدل رشد وزن 100 گرم,True,98500,,
,https://digikala.com/product/dkp-14060708/%DA%A9%D9%88%D8%AF-%D9%85%D8%A7%DB%8C%D8%B9-%D9%81%D8%B3%D9%81%D8%B1-%D8%B1%DB%8C%D8%B4%D9%87-%D8%B2%D8%A7%DB%8C%DB%8C-10-52-10-%D9%88-%DA%A9%D9%84%D8%A7%D8%AA-%D8%A2%D9%87%D9%86-%D9%88-%DA%A9%D9%88%D8%AF-%D8%A8%D9%86%D9%81%D8%B4%D9%87-%D8%A2%D9%81%D8%B1%DB%8C%D9%82%D8%A7%DB%8C%DB%8C-%D9%88-%DA%AF%DB%8C%D8%A7%D9%87%D8%A7%D9%86-%D8%A8%D8%B1%DA%AF-%D8%B3%D8%A8%D8%B2-%D9%88-%D9%87%DB%8C%D9%88%D9%85%DB%8C%DA%A9-%D8%A7%D8%B3%DB%8C%D8%AF-%D9%88-%DA%A9%D9%88%D8%AF-%DA%AF%D9%84%D8%AF%D9%87%DB%8C-%D9%85%D8%AF%D9%84-life-drop-%D8%AD%D8%AC%D9%85-120-%D9%85%DB%8C%D9%84%DB%8C-%D9%84%DB%8C%D8%AA%D8%B1/,https://www.digikala.com/search/category-soils-and-fertilizers/?page=29,کود مایع فسفر ریشه زایی 10-52-10 و کلات آهن و کود بنفشه آفریقایی و گیاهان برگ سبز و هیومیک اسید و کود گلدهی مدل life drop حجم 120 میلی لیتر,True,150000,,
,https://digikala.com/product/dkp-8138459/%DA%A9%D9%88%D8%AF-%D9%BE%D9%88%D8%AF%D8%B1%DB%8C-%D9%87%D9%88%D8%B1%D9%85%D9%88%D9%86-%D8%B1%DB%8C%D8%B4%D9%87-%D8%B2%D8%A7%DB%8C%DB%8C-%D9%85%D8%AF%D9%84-a-2-%D9%88%D8%B2%D9%86-50-%DA%AF%D8%B1%D9%85-%D8%A8%D8%B3%D8%AA%D9%87-2%D8%B9%D8%AF%D8%AF%DB%8C/,https://www.digikala.com/search/category-soils-and-fertilizers/?page=29,کود پودری هورمون ریشه زایی مدل A_2 وزن 50 گرم بسته 2عددی,True,150000,,
,https://digikala.com/product/dkp-4387110/%DA%A9%D9%88%D8%AF-%D9%85%D8%AE%D8%B5%D9%88%D8%B5-%DA%A9%D8%A7%DA%A9%D8%AA%D9%88%D8%B3-%D9%81%D8%B5%D9%84-%D8%B3%D8%A8%D8%B2-%D9%85%D8%AF%D9%84-npk-3-11-38-%D9%88%D8%B2%D9%86-200-%DA%AF%D8%B1%D9%85/,https://www.digikala.com/search/category-soils-and-fertilizers/?page=29,کود مخصوص کاکتوس فصل سبز مدل NPK 3-11-38 وزن 200 گرم,True,96600,,
,https://digikala.com/product/dkp-19705162/%D8%A8%D8%B3%D8%AA%D8%B1-%DA%A9%D8%B4%D8%AA-%D8%AF%D8%B1%D8%AF%D8%A7%D9%86%D9%87-%D9%85%D8%AF%D9%84-pitmas-%D8%AD%D8%AC%D9%85-15-%D9%84%DB%8C%D8%AA%D8%B1/,https://www.digikala.com/search/category-soils-and-fertilizers/?page=30,بستر کشت دردانه مدل pitmas حجم 15 لیتر,True,223500,15.0,14900.0
,https://digikala.com/product/dkp-14192912/%DA%A9%D9%88%D8%AF-%D9%85%D8%A7%DB%8C%D8%B9-%D9%81%D8%B3%D9%81%D8%B1-%D8%B1%DB%8C%D8%B4%D9%87-%D8%B2%D8%A7%DB%8C%DB%8C-10-52-10-%D9%88-%DA%A9%D9%84%D8%A7%D8%AA-%D8%A2%D9%87%D9%86-%D9%88-%DA%A9%D9%88%D8%AF-%D8%B2%D8%A7%D9%85%D9%88%D9%81%DB%8C%D9%84%DB%8C%D8%A7-%D9%88-%D8%A7%D9%85%DB%8C%D9%86%D9%88-%D8%A7%D8%B3%DB%8C%D8%AF-%D9%88-%DA%A9%D9%88%D8%AF-%D8%AC%D9%84%D8%A8%DA%A9-%D8%AF%D8%B1%DB%8C%D8%A7%DB%8C%DB%8C-%D9%88-%DA%A9%D9%88%D8%AF-%D8%B3%D8%A7%D9%86%D8%B3%D9%88%D8%B1%DB%8C%D8%A7-%D9%85%D8%AF%D9%84-life-drop-%D8%AD%D8%AC%D9%85-120-%D9%85%DB%8C%D9%84%DB%8C-%D9%84%DB%8C%D8%AA%D8%B1/,https://www.digikala.com/search/category-soils-and-fertilizers/?page=30,کود مایع فسفر ریشه زایی 10-52-10 و کلات آهن و کود زاموفیلیا و امینو اسید و کود جلبک دریایی و کود سانسوریا مدل life drop حجم 120 میلی لیتر,True,150000,,
,https://digikala.com/product/dkp-15314241/%DA%A9%D9%88%D8%AF-%D9%85%D8%A7%DB%8C%D8%B9-%D9%85%D9%88%D9%86%D9%88-%D9%BE%D8%AA%D8%A7%D8%B3%DB%8C%D9%85-%D9%81%D8%B3%D9%81%D8%A7%D8%AA-34-52-00-%D9%88%D8%A7%D8%AA%D8%B1%D9%BE%D9%84%D8%A7%D8%B3-%D9%85%D8%AF%D9%84-vigorous-%D8%AD%D8%AC%D9%85-1-%D9%84%DB%8C%D8%AA%D8%B1/,https://www.digikala.com/search/category-soils-and-fertilizers/?page=30,کود مایع مونو پتاسیم فسفات 34-52-00 واترپلاس مدل VIGOROUS حجم 1 لیتر,True,147250,1.0,147250.0
,https://digikala.com/product/dkp-12247506/%D9%BE%D8%B1%D9%84%DB%8C%D8%AA-%D8%AF%D8%A7%D9%86%D9%87-%D8%AF%D8%B1%D8%B4%D8%AA-%D9%81%D8%B5%D9%84-%D8%B3%D8%A8%D8%B2-%D9%85%D8%AF%D9%84-perlit-5-7-%DA%A9%D8%AF-003-%D9%88%D8%B2%D9%86-2-%DA%A9%DB%8C%D9%84%D9%88%DA%AF%D8%B1%D9%85/,https://www.digikala.com/search/category-soils-and-fertilizers/?page=30,پرلیت دانه درشت فصل سبز مدل Perlit-5-7 کد 003 وزن 2 کیلوگرم,True,133500,5000.0,26.7
,https://digikala.com/product/dkp-15269939/%DA%A9%D9%88%D8%AF-%D9%85%D8%A7%DB%8C%D8%B9-%D8%A2%D9%85%DB%8C%D9%86%D9%88-%D8%A7%D8%B3%DB%8C%D8%AF-%D9%88%D8%A7%D8%AA%D8%B1%D9%BE%D9%84%D8%A7%D8%B3-%D9%85%D8%AF%D9%84-vigorous-%D8%AD%D8%AC%D9%85-1-%D9%84%DB%8C%D8%AA%D8%B1/,https://www.digikala.com/search/category-soils-and-fertilizers/?page=30,کود مایع آمینو اسید واترپلاس مدل VIGOROUS حجم 1 لیتر,True,122550,1.0,122550.0
,https://digikala.com/product/dkp-8014353/%D9%BE%D8%B1%D9%84%DB%8C%D8%AA-%D8%AF%D8%A7%D9%86%D9%87-%D9%85%D8%AA%D9%88%D8%B3%D8%B7-%D9%85%D8%AF%D9%84-po-35-%D8%A8%D8%A7-%D9%88%D8%B2%D9%86-2-%DA%A9%DB%8C%D9%84%D9%88%DA%AF%D8%B1%D9%85/,https://www.digikala.com/search/category-soils-and-fertilizers/?page=31,پرلیت دانه متوسط مدل PO-35 با وزن 2 کیلوگرم,True,79000,2.0,39500.0
,https://digikala.com/product/dkp-8651901/%D9%86%DB%8C%D8%AA%D8%B1%D8%A7%D8%AA-%D9%BE%D8%AA%D8%A7%D8%B3%DB%8C%D9%85-%D9%81%D9%84%D8%A7%D8%AA-%DA%A9%D8%A7%D9%84%D8%A7-%D9%85%D8%AF%D9%84-np1k-%D9%88%D8%B2%D9%86-1-%DA%A9%DB%8C%D9%84%D9%88%DA%AF%D8%B1%D9%85/,https://www.digikala.com/search/category-soils-and-fertilizers/?page=31,نیترات پتاسیم فلات کالا مدل NP1K وزن 1 کیلوگرم,True,339000,1.0,339000.0
,https://digikala.com/product/dkp-8031572/%DA%A9%D9%88%D8%AF-%D8%A2%D9%85%DB%8C%D9%86%D9%88-%D8%A7%D8%B3%DB%8C%D8%AF-%D8%AA%D8%AA%D8%A7%DA%A9%D9%88-%D9%85%D8%AF%D9%84-amin-120-%D9%88%D8%B2%D9%86-120-%DA%AF%D8%B1%D9%85/,https://www.digikala.com/search/category-soils-and-fertilizers/?page=31,کود آمینو اسید تتاکو مدل AMIN-120 وزن 120 گرم,True,99000,,
,https://digikala.com/product/dkp-7777330/%DA%A9%D9%88%D8%AF-%D8%AA%D9%82%D9%88%DB%8C%D8%AA%DB%8C-%D9%85%D8%AE%D8%B5%D9%88%D8%B5-%DA%AF%D9%84-%DA%A9%D8%A7%D8%BA%D8%B0%DB%8C-%D9%87%D9%BE%DB%8C-%D9%BE%D9%84%D9%86%D8%AA-%D9%85%D8%AF%D9%84-hp341-%D8%AD%D8%AC%D9%85-120-%D9%85%DB%8C%D9%84%DB%8C-%D9%84%DB%8C%D8%AA%D8%B1/,https://www.digikala.com/search/category-soils-and-fertilizers/?page=31,کود تقویتی مخصوص گل کاغذی هپی پلنت مدل HP341 حجم 120 میلی لیتر,True,83000,,
,https://digikala.com/product/dkp-789379/%DA%A9%D9%88%D8%AF-%DA%A9%D8%A7%D9%85%D9%84-%D9%BE%D9%88%D8%AF%D8%B1%DB%8C-%DA%AF%D8%B1%DB%8C%D9%86-%D8%AF%D8%B1%D8%A7%D9%BE-%D9%85%D8%AF%D9%84-20-20-20-%D9%85%D8%AE%D8%B5%D9%88%D8%B5-%D8%B1%D8%B4%D8%AF-%D8%B1%D9%88%DB%8C%D8%B4%DB%8C-%D9%88-%D8%B2%D8%A7%DB%8C%D8%B4%DB%8C-%DA%AF%D9%84-%D9%88-%DA%AF%DB%8C%D8%A7%D9%87-%D8%AE%D8%A7%D9%86%DA%AF%DB%8C-%D8%A8%D8%B3%D8%AA%D9%87-50-%DA%AF%D8%B1%D9%85%DB%8C/,https://www.digikala.com/search/category-soils-and-fertilizers/?page=31,کود کامل پودری گرین دراپ مدل 20-20-20 مخصوص رشد رویشی و زایشی گل و گیاه خانگی بسته 50 گرمی,True,70000,,
,https://digikala.com/product/dkp-9650492/%DA%A9%D9%88%D8%AF-%D9%86%DB%8C%D8%AA%D8%B1%D8%A7%D8%AA-%D9%BE%D8%AA%D8%A7%D8%B3%DB%8C%D9%85-%D9%88-%DA%AF%D9%88%DA%AF%D8%B1%D8%AF-%D9%BE%D9%88%D8%AF%D8%B1%DB%8C-%D9%81%D9%84%D8%A7%D8%AA-%DA%A9%D8%A7%D9%84%D8%A7-%DA%A9%D8%AF-nps1k-%D9%88%D8%B2%D9%86-1-%DA%A9%DB%8C%D9%84%D9%88%DA%AF%D8%B1%D9%85-%D9%85%D8%AC%D9%85%D9%88%D8%B9%D9%87-2-%D8%B9%D8%AF%D8%AF%DB%8C/,https://www.digikala.com/search/category-soils-and-fertilizers/?page=32,کود نیترات پتاسیم و گوگرد پودری فلات کالا کد NPS1K وزن 1 کیلوگرم مجموعه 2 عددی,True,339000,1.0,339000.0
,https://digikala.com/product/dkp-3436509/%D8%AE%D8%A7%DA%A9-%DA%AF%D9%84%D8%AF%D8%A7%D9%86-%D8%B3%D9%88%D8%B1%DB%8C%D9%86-%D8%AE%D8%A7%DA%A9-%D9%85%D8%AF%D9%84-g20-%D8%AD%D8%AC%D9%85-20-%D9%84%DB%8C%D8%AA%D8%B1/,https://www.digikala.com/search/category-soils-and-fertilizers/?page=32,خاک گلدان سورین خاک مدل G20 حجم 20 لیتر,True,234000,20.0,11700.0
,https://digikala.com/product/dkp-3059764/%D9%87%D9%88%D8%B1%D9%85%D9%88%D9%86-%D8%B1%DB%8C%D8%B4%D9%87-%D8%B2%D8%A7%DB%8C%DB%8C-%DB%8C%D8%A7%D8%B3-%D8%B4%DB%8C%D9%85%DB%8C-%D9%85%D8%AF%D9%84-k-22-%D8%AD%D8%AC%D9%85-50-%D9%85%DB%8C%D9%84%DB%8C-%D9%84%DB%8C%D8%AA%D8%B1/,https://www.digikala.com/search/category-soils-and-fertilizers/?page=32,هورمون ریشه زایی یاس شیمی مدل K-22 حجم 50 میلی لیتر,True,93000,,
,https://digikala.com/product/dkp-8470358/%DA%A9%D9%88%D8%AF-%D9%87%DB%8C%D9%88%D9%85%DB%8C%DA%A9-%D8%A7%D8%B3%DB%8C%D8%AF-%D9%85%D8%A7%DB%8C%D8%B9-%D8%AA%D8%AA%D8%A7%DA%A9%D9%88-%D9%85%D8%AF%D9%84-plas-humore-%D8%AD%D8%AC%D9%85-1-%D9%84%DB%8C%D8%AA%D8%B1/,https://www.digikala.com/search/category-soils-and-fertilizers/?page=32,کود هیومیک اسید مایع تتاکو مدل PLAS HUMORE حجم 1 لیتر,True,137750,1.0,137750.0
,https://digikala.com/product/dkp-2029569/%DA%A9%D9%88%D8%AF-%D9%85%D8%A7%DB%8C%D8%B9-%D8%A8%D8%A7%D9%85%D8%A8%D9%88-%DA%AF%DB%8C%D9%84%D8%AF%D8%A7-%DA%A9%D8%AF-gb30-%D8%AD%D8%AC%D9%85-30-%D9%85%DB%8C%D9%84%DB%8C-%D9%84%DB%8C%D8%AA%D8%B1/,https://www.digikala.com/search/category-soils-and-fertilizers/?page=32,کود مایع بامبو گیلدا کد GB30 حجم 30 میلی لیتر,True,83600,,
,https://digikala.com/product/dkp-15054953/%DA%A9%D9%88%D8%AF-%D9%85%D8%A7%DB%8C%D8%B9-npk-20-20-20te-%D9%88%D8%A7%D8%AA%D8%B1%D9%BE%D9%84%D8%A7%D8%B3-%D9%85%D8%AF%D9%84-vigorous-%D8%AD%D8%AC%D9%85-1-%D9%84%DB%8C%D8%AA%D8%B1/,https://www.digikala.com/search/category-soils-and-fertilizers/?page=33,کود مایع NPK 20-20-20+TE واترپلاس مدل VIGOROUS حجم 1 لیتر,True,133000,1.0,133000.0
,https://digikala.com/product/dkp-7364845/%DA%A9%D9%88%D8%AF-%D8%AA%D9%82%D9%88%DB%8C%D8%AA%DB%8C-%D9%85%D8%AE%D8%B5%D9%88%D8%B5-%DA%A9%D8%B1%D9%88%D8%AA%D9%88%D9%86-%D9%87%D9%BE%DB%8C-%D9%BE%D9%84%D9%86%D8%AA-%D9%85%D8%AF%D9%84-hp112-%D8%AD%D8%AC%D9%85-120-%D9%85%DB%8C%D9%84%DB%8C-%D9%84%DB%8C%D8%AA%D8%B1/,https://www.digikala.com/search/category-soils-and-fertilizers/?page=33,کود تقویتی مخصوص کروتون هپی پلنت مدل HP112 حجم 120 میلی لیتر,True,83000,,
,https://digikala.com/product/dkp-8888313/%DA%A9%D9%88%D8%AF-%D9%81%D9%88%D9%84%D9%88%DB%8C%DA%A9-%D8%A7%D8%B3%DB%8C%D8%AF-%D9%87%D9%BE%DB%8C-%D9%BE%D9%84%D9%86%D8%AA-%D9%85%D8%AF%D9%84-b-%D9%88%D8%B2%D9%86-50-%DA%AF%D8%B1%D9%85/,https://www.digikala.com/search/category-soils-and-fertilizers/?page=33,کود فولویک اسید هپی پلنت مدل B وزن 50 گرم,True,68450,,
,https://digikala.com/product/dkp-15316963/%DA%A9%D9%88%D8%AF-npk-20-20-20-%D8%A2%DA%AF%D9%86%D8%B3-%D9%85%D8%AF%D9%84-ag202020-%D9%88%D8%B2%D9%86-200%DA%AF%D8%B1%D9%85/,https://www.digikala.com/search/category-soils-and-fertilizers/?page=33,کود NPK 20-20-20 آگنس مدل Ag202020 وزن 200گرم,True,164000,,
,https://digikala.com/product/dkp-18015944/%DA%A9%D9%88%D8%AF-%D9%85%D8%A7%DB%8C%D8%B9-%D8%AA%D9%82%D9%88%DB%8C%D8%AA%DB%8C-%DA%AF%DB%8C%D8%A7%D9%87%D8%A7%D9%86-%D8%A2%D9%BE%D8%A7%D8%B1%D8%AA%D9%85%D8%A7%D9%86%DB%8C-%D9%88%D8%A7%DA%AF%D8%B1%D9%88%DA%A9%D8%B3%DB%8C%D8%B1-%D9%85%D8%AF%D9%84-%D8%A8%D9%85%D8%A8-%D8%B1%DB%8C%D8%B4%D9%87-%D8%B2%D8%A7-%DA%A9%D8%AF-l1-%D8%AD%D8%AC%D9%85-240-%D9%85%DB%8C%D9%84%DB%8C-%D9%84%DB%8C%D8%AA%D8%B1/,https://www.digikala.com/search/category-soils-and-fertilizers/?page=33,کود مایع تقویتی گیاهان آپارتمانی واگروکسیر مدل بمب ریشه زا کد L1 حجم 240 میلی لیتر,True,144000,1.0,144000.0
,https://digikala.com/product/dkp-8174258/%DA%A9%D9%88%D8%AF-%D8%B3%D8%A7%D9%86%D8%B3%D9%88%D8%B1%DB%8C%D8%A7-%D9%88-%D8%B2%D8%A7%D9%85%D9%88%D9%81%DB%8C%D9%84%DB%8C%D8%A7-%D9%88-%D9%BE%D8%AA%D9%88%D8%B3-%DA%A9%D8%AF-10-%D8%AD%D8%AC%D9%85-100-%D9%85%DB%8C%D9%84%DB%8C-%D9%84%DB%8C%D8%AA%D8%B1-%D8%A8%D8%B3%D8%AA%D9%87-%D8%B3%D9%87-%D8%B9%D8%AF%D8%AF%DB%8C/,https://www.digikala.com/search/category-soils-and-fertilizers/?page=34,کود سانسوریا و زاموفیلیا و پتوس کد 10 حجم 100 میلی لیتر بسته سه عددی,True,129800,,
,https://digikala.com/product/dkp-7945717/%D9%85%D8%A7%D8%B3%D9%87-%D8%B9%D8%AF%D8%B3%DB%8C-%DA%AF%D9%84%D8%AF%D8%A7%D9%86-%DA%AF%DB%8C%D9%84%D8%AF%D8%A7-%D9%85%D8%AF%D9%84-gs02-%D8%AD%D8%AC%D9%85-2-%D9%84%DB%8C%D8%AA%D8%B1/,https://www.digikala.com/search/category-soils-and-fertilizers/?page=34,ماسه عدسی گلدان گیلدا مدل GS02 حجم 2 لیتر,True,89600,2.0,44800.0
,https://digikala.com/product/dkp-5715904/%DA%A9%D9%88%D8%AF-%D9%85%D8%A7%DB%8C%D8%B9-%D8%B3%D8%A7%D9%86%D8%B3%D9%88%D8%B1%DB%8C%D8%A7-%D9%85%D8%AF%D9%84-1001-%D9%85%D8%AC%D9%85%D9%88%D8%B9%D9%87-2-%D8%B9%D8%AF%D8%AF%DB%8C/,https://www.digikala.com/search/category-soils-and-fertilizers/?page=34,کود مایع سانسوریا مدل 1001 مجموعه 2 عددی,True,90000,,
,https://digikala.com/product/dkp-8069642/%DA%A9%D9%88%D8%AF-%D8%AA%D8%B1%DA%A9%DB%8C%D8%A8%DB%8C-%DA%A9%D9%84%D8%B3%DB%8C%D9%85-%D9%88-%D8%A8%D9%88%D8%B1-%D8%AA%D8%AA%D8%A7%DA%A9%D9%88-%D9%85%D8%AF%D9%84-cab120-%D9%88%D8%B2%D9%86-120-%DA%AF%D8%B1%D9%85/,https://www.digikala.com/search/category-soils-and-fertilizers/?page=34,کود ترکیبی کلسیم و بور تتاکو مدل CaB120 وزن 120 گرم,True,75000,,
,https://digikala.com/product/dkp-8994078/%DA%A9%D9%88%D8%AF-%D8%AA%D9%82%D9%88%DB%8C%D8%AA%DB%8C-%D9%85%D8%AE%D8%B5%D9%88%D8%B5-%D8%AF%D8%B1%D8%AE%D8%AA-%DA%AF%D8%B1%D8%AF%D9%88-%D9%87%D9%BE%DB%8C-%D9%BE%D9%84%D9%86%D8%AA-%D9%85%D8%AF%D9%84-hp444-%D8%AD%D8%AC%D9%85-120-%D9%85%DB%8C%D9%84%DB%8C-%D9%84%DB%8C%D8%AA%D8%B1/,https://www.digikala.com/search/category-soils-and-fertilizers/?page=34,کود تقویتی مخصوص درخت گردو هپی پلنت مدل HP444 حجم 120 میلی لیتر,True,83000,,
,https://digikala.com/product/dkp-16024045/%D9%82%D8%B1%D8%B5-%DA%A9%D9%88%D8%AF-%DA%A9%D8%A7%D9%85%D9%84-%D9%85%D8%AE%D8%B5%D9%88%D8%B5-%DA%AF%DB%8C%D8%A7%D9%87%D8%A7%D9%86-%DA%AF%D9%84-%D8%AF%D9%87-%D9%88-%D9%85%DB%8C%D9%88%D9%87-%D8%AF%D9%87-%D9%88%D8%A7%DA%AF%D8%B1%D9%88%DA%A9%D8%B3%DB%8C%D8%B1-%D9%85%D8%AF%D9%84-n2-%D8%A8%D8%B3%D8%AA%D9%87-100%D8%B9%D8%AF%D8%AF%DB%8C/,https://www.digikala.com/search/category-soils-and-fertilizers/?page=35,قرص کود کامل مخصوص گیاهان گل ده و میوه ده واگروکسیر مدل N2 بسته 100عددی,True,204000,,
,https://digikala.com/product/dkp-9679986/%DA%A9%D9%88%D8%AF-%D9%85%D8%A7%DB%8C%D8%B9-%DA%A9%D9%84%D8%A7%D8%AA-%D8%A2%D9%87%D9%86-%DA%A9%D9%88%D8%AF%DB%8C%D9%86%D9%88-%D9%85%D8%AF%D9%84-k-15-%D8%AD%D8%AC%D9%85-120-%D9%85%DB%8C%D9%84%DB%8C-%D9%84%DB%8C%D8%AA%D8%B1/,https://www.digikala.com/search/category-soils-and-fertilizers/?page=35,کود مایع کلات آهن کودینو مدل K-15 حجم 120 میلی لیتر,True,29000,,
,https://digikala.com/product/dkp-2029483/%DA%A9%D9%88%D8%AF-%D9%81%D8%B9%D8%A7%D9%84-%DA%A9%D9%86%D9%86%D8%AF%D9%87-%D8%A2%D9%86%D8%B2%DB%8C%D9%85-%D9%87%D8%A7%DB%8C-%DA%AF%DB%8C%D8%A7%D9%87%DB%8C-%DA%AF%DB%8C%D9%84%D8%AF%D8%A7-%DA%A9%D8%AF-k25-n5-%D9%88%D8%B2%D9%86-25-%DA%AF%D8%B1%D9%85/,https://www.digikala.com/search/category-soils-and-fertilizers/?page=35,کود فعال کننده آنزیم های گیاهی گیلدا کد K25-N5 وزن 25 گرم,True,83600,,
,https://digikala.com/product/dkp-14555695/%D9%BE%D8%B1%D9%84%DB%8C%D8%AA-%D8%AF%D8%A7%D9%86%D9%87-%D8%AF%D8%B1%D8%B4%D8%AA-%D8%B1%D9%88%DB%8C%D8%A7%D9%86-%DA%AF%D9%84-%D9%85%D8%AF%D9%84-bp5-%D8%AD%D8%AC%D9%85-5%D9%84%DB%8C%D8%AA%D8%B1/,https://www.digikala.com/search/category-soils-and-fertilizers/?page=35,پرلیت دانه درشت رویان گل مدل BP5 حجم 5لیتر,True,84000,5.0,16800.0
,https://digikala.com/product/dkp-3506197/%D8%AE%D8%A7%DA%A9-%D8%B0%D8%BA%D8%A7%D9%84-%DA%AF%DB%8C%D9%84%D8%AF%D8%A7-%D9%85%D8%AF%D9%84-gz50-%D9%88%D8%B2%D9%86-50-%DA%AF%D8%B1%D9%85/,https://www.digikala.com/search/category-soils-and-fertilizers/?page=35,خاک ذغال گیلدا مدل GZ50 وزن 50 گرم,True,55840,,
,https://digikala.com/product/dkp-2004899/%DA%A9%D9%88%D8%AF-%D9%88%D8%B1%D9%85%DB%8C-%DA%A9%D9%85%D9%BE%D9%88%D8%B3%D8%AA-%DA%AF%DB%8C%D9%84%D8%AF%D8%A7-%DA%A9%D8%AF-gv100g-%D9%88%D8%B2%D9%86-100-%DA%AF%D8%B1%D9%85/,https://www.digikala.com/search/category-soils-and-fertilizers/?page=36,کود ورمی کمپوست گیلدا کد GV100G وزن 100 گرم,True,45760,,
,https://digikala.com/product/dkp-770091/%DA%A9%D9%88%D8%AF-%D8%AA%D8%AA%D8%A7%DA%A9%D9%88-%D9%85%D8%AF%D9%84-npk-20-20-20-%D8%A8%D8%B3%D8%AA%D9%87-100-%DA%AF%D8%B1%D9%85%DB%8C/,https://www.digikala.com/search/category-soils-and-fertilizers/?page=36,کود تتاکو مدل NPK 20-20-20 بسته 100 گرمی,True,70000,,
,https://digikala.com/product/dkp-6793087/%DA%A9%D9%88%D8%AF-%D9%85%D8%A7%DB%8C%D8%B9-%D8%A8%D8%B1%DA%AF-%D8%AF%D9%87%DB%8C-%DA%AF%DB%8C%D8%A7%D9%87%D8%A7%D9%86-%D8%A2%D9%BE%D8%A7%D8%B1%D8%AA%D9%85%D8%A7%D9%86%DB%8C-%DA%AF%D9%84%D8%A8%D8%A7%D9%86-%DA%A9%D9%88%D8%AF-%D9%85%D8%AF%D9%84-g-%D8%AD%D8%AC%D9%85-100-%D9%85%DB%8C%D9%84%DB%8C-%D9%84%DB%8C%D8%AA%D8%B1/,https://www.digikala.com/search/category-soils-and-fertilizers/?page=36,کود مایع برگ دهی گیاهان آپارتمانی گلبان کود مدل G حجم 100 میلی لیتر,True,65000,,
,https://digikala.com/product/dkp-5799769/%D8%AE%D8%A7%DA%A9-%DA%98%D9%84%D9%87-%D8%A7%DB%8C-%DA%A9%D8%AF-seven-color-%D8%A8%D8%B3%D8%AA%D9%87-%D8%B3%D9%87-%D8%B9%D8%AF%D8%AF%DB%8C/,https://www.digikala.com/search/category-soils-and-fertilizers/?page=36,خاک ژله ای کد Seven Color بسته سه عددی,True,52000,,
,https://digikala.com/product/dkp-6654592/%DA%A9%D9%88%D8%AF-%D9%85%D8%A7%DB%8C%D8%B9-%D8%A7%D8%B3%DB%8C%D8%AF-%D9%87%DB%8C%D9%88%D9%85%DB%8C%DA%A9-%DA%AF%DB%8C%D8%A7%D9%87%D8%A7%D9%86-%D8%A2%D9%BE%D8%A7%D8%B1%D8%AA%D9%85%D8%A7%D9%86%DB%8C-%D9%85%D8%AF%D9%84-zd2-%D8%AD%D8%AC%D9%85-12-%D9%85%DB%8C%D9%84%DB%8C-%D9%84%DB%8C%D8%AA%D8%B1-%D8%A8%D8%B3%D8%AA%D9%87-2-%D8%B9%D8%AF%D8%AF%DB%8C/,https://www.digikala.com/search/category-soils-and-fertilizers/?page=36,کود مایع اسید هیومیک گیاهان آپارتمانی مدل ZD2 حجم 12 میلی لیتر بسته 2 عددی,True,98900,,
,https://digikala.com/product/dkp-7544447/%DA%A9%D9%88%D8%AF-%D9%85%D8%A7%DB%8C%D8%B9-%D9%85%D8%AD%D8%B1%DA%A9-%D8%B1%D8%B4%D8%AF-%D9%81%DB%8C%DA%A9%D9%88%D8%B3-%D9%85%D8%AF%D9%84-super-power%D8%AD%D8%AC%D9%85-120-%D9%85%DB%8C%D9%84%DB%8C-%D9%84%DB%8C%D8%AA%D8%B1-%D8%A8%D8%B3%D8%AA%D9%87-%D8%AF%D9%88-%D8%B9%D8%AF%D8%AF%DB%8C/,https://www.digikala.com/search/category-soils-and-fertilizers/?page=37,کود مایع محرک رشد فیکوس مدل Super powerحجم  120 میلی لیتر بسته دو عددی,True,98900,,
,https://digikala.com/product/dkp-18855267/%D8%AE%D8%A7%DA%A9-%D8%A7%D8%B1%D9%87-%D9%85%D8%AF%D9%84-%DA%86%D9%88%D8%A8-%DA%AF%D8%B1%D8%AF%D9%88-%DA%AF%D8%B1%DB%8C%D8%AF-%D9%BE%D9%88%D8%AF%D8%B1%DB%8C-%D9%88%D8%B2%D9%86-%DB%8C%DA%A9-%DA%A9%DB%8C%D9%84%D9%88%DA%AF%D8%B1%D9%85/,https://www.digikala.com/search/category-soils-and-fertilizers/?page=37,خاک اره مدل چوب گردو گرید پودری وزن یک کیلوگرم,True,15000,,
,https://digikala.com/product/dkp-1438198/%DA%A9%D9%88%D8%AF-%D9%85%D8%A7%DB%8C%D8%B9-%DA%AF%D8%B1%DB%8C%D9%86-%DA%AF%D8%B1%D9%88%D8%AA-%D9%85%D8%AF%D9%84-07-%D8%AD%D8%AC%D9%85-90-%D9%85%DB%8C%D9%84%DB%8C-%D9%84%DB%8C%D8%AA%D8%B1-%D9%85%D9%86%D8%A7%D8%B3%D8%A8-%D8%A8%D8%B1%D8%A7%DB%8C-%D8%B1%DB%8C%D8%B4%D9%87-%D8%B2%D8%A7%DB%8C%DB%8C/,https://www.digikala.com/search/category-soils-and-fertilizers/?page=37,کود مایع ریشه زایی گرین گروت مدل 07 حجم 90 میلی لیتر,True,104390,,
,https://digikala.com/product/dkp-10685528/%DA%A9%D9%88%D8%AF-%D9%85%D8%A7%DB%8C%D8%B9-%D8%B6%D8%AF-%D8%B4%D9%88%DA%A9-%D9%88-%D8%AA%D9%86%D8%B4-%D9%85%D8%AD%DB%8C%D8%B7%DB%8C-%DA%AF%DB%8C%D9%84%D8%AF%D8%A7-%D9%85%D8%AF%D9%84-freezbon-%D8%AD%D8%AC%D9%85-30-%D9%85%DB%8C%D9%84%DB%8C-%D9%84%DB%8C%D8%AA%D8%B1/,https://www.digikala.com/search/category-soils-and-fertilizers/?page=37,کود مایع ضد شوک و تنش محیطی گیلدا مدل FREEZBON حجم 30 میلی لیتر,True,83600,,
,https://digikala.com/product/dkp-5160449/%D8%AE%D8%A7%DA%A9-%DA%98%D9%84%D9%87-%D8%A7%DB%8C-%D9%85%D8%AF%D9%84-seven-color-%D8%A8%D8%B3%D8%AA%D9%87-5-%D8%B9%D8%AF%D8%AF%DB%8C/,https://www.digikala.com/search/category-soils-and-fertilizers/?page=37,خاک ژله ای مدل Seven Color بسته 5 عددی,True,63000,,
,https://digikala.com/product/dkp-5655882/%DA%A9%D9%88%D8%AF-%DA%A9%D8%A7%D9%85%D9%84-%D9%85%D8%A7%DB%8C%D8%B9-%D8%A8%D8%B1%DA%AF-%D8%AF%D9%87%DB%8C-%DA%AF%DB%8C%D8%A7%D9%87%D8%A7%D9%86-%D8%A2%D9%BE%D8%A7%D8%B1%D8%AA%D9%85%D8%A7%D9%86%DB%8C-%D9%85%D8%AF%D9%84-%D8%B1%D9%88%DB%8C%D8%B4-%D9%BE%D9%84%D8%A7%D8%B3-15-%D8%AD%D8%AC%D9%85-120-%D9%85%DB%8C%D9%84%DB%8C-%D9%84%DB%8C%D8%AA%D8%B1/,https://www.digikala.com/search/category-soils-and-fertilizers/?page=38,کود کامل مایع برگ دهی گیاهان آپارتمانی مدل رویش پلاس 15 حجم 120 میلی لیتر,True,65900,,
,https://digikala.com/product/dkp-9679693/%DA%A9%D9%88%D8%AF-%D9%85%D9%88%D9%84%D8%AA%DB%8C-%DA%A9%D9%88%D8%AF-%D9%85%D8%A7%DB%8C%D8%B9-%DA%A9%D9%88%D8%AF%DB%8C%D9%86%D9%88-%D9%85%D8%AF%D9%84-multikuod-%D8%AD%D8%AC%D9%85-120-%D9%85%DB%8C%D9%84%DB%8C-%D9%84%DB%8C%D8%AA%D8%B1/,https://www.digikala.com/search/category-soils-and-fertilizers/?page=38,کود مولتی کود مایع کودینو مدل Multikuod حجم 120 میلی لیتر,True,29000,,
,https://digikala.com/product/dkp-14794992/%D8%AE%D8%A7%DA%A9-%DA%A9%D8%A7%D9%85%D9%84-%DA%AF%D9%84%D8%AF%D8%A7%D9%86-%D8%B1%D9%88%DB%8C%D8%A7%D9%86-%DA%AF%D9%84-%D9%85%D8%AF%D9%84-kp15-%D8%AD%D8%AC%D9%85-15-%D9%84%DB%8C%D8%AA%D8%B1/,https://www.digikala.com/search/category-soils-and-fertilizers/?page=38,خاک کامل گلدان رویان گل مدل KP15 حجم 15 لیتر,True,140000,15.0,9333.333333333334
,https://digikala.com/product/dkp-935010/%DA%A9%D9%88%D8%AF-%D9%88%D8%B1%D9%85%DB%8C-%DA%A9%D9%85%D9%BE%D9%88%D8%B3%D8%AA-%D8%B1%D9%88%DB%8C%D8%B4-%D8%A8%D8%B3%D8%AA%D9%87-2-%DA%A9%DB%8C%D9%84%D9%88%DA%AF%D8%B1%D9%85%DB%8C/,https://www.digikala.com/search/category-soils-and-fertilizers/?page=38,کود ورمی کمپوست رویش بسته 2 کیلوگرمی,True,59000,2.0,29500.0
,https://digikala.com/product/dkp-15883592/%DA%A9%D9%88%D8%AF-npk-12-12-36-%D8%A2%DA%AF%D9%86%D8%B3-%D9%85%D8%AF%D9%84-ag121236-%D9%88%D8%B2%D9%86-100%DA%AF%D8%B1%D9%85/,https://www.digikala.com/search/category-soils-and-fertilizers/?page=38,کود NPK 12-12-36 آگنس مدل Ag121236 وزن 100گرم,True,99960,,
,https://digikala.com/product/dkp-10289140/%DA%A9%D9%88%D8%AF-%DA%A9%D8%A7%D9%85%D9%84-npk-%D8%B3%D9%87-%D8%A8%DB%8C%D8%B3%D8%AA-%D8%AF%DA%A9%D8%AA%D8%B1-%D8%A8%D8%A7%DB%8C%D9%88-%D9%85%D8%AF%D9%84-20series-new-%D9%88%D8%B2%D9%86-100-%DA%AF%D8%B1%D9%85/,https://www.digikala.com/search/category-soils-and-fertilizers/?page=39,کود کامل NPK سه بیست دکتر بایو مدل 20Series-New وزن 100 گرم,True,67000,,
,https://digikala.com/product/dkp-9546192/%DA%A9%D9%88%D8%AF-%D8%B1%DB%8C%D8%B4%D9%87-%D8%B2%D8%A7-%D9%81%D8%B3%D9%81%D8%B1-%D8%A8%D8%A7%D9%84%D8%A7-%D9%81%D8%B5%D9%84-%D8%B3%D8%A8%D8%B2-%D9%85%D8%AF%D9%84-npk-10-52-10-%D9%88%D8%B2%D9%86-100-%DA%AF%D8%B1%D9%85/,https://www.digikala.com/search/category-soils-and-fertilizers/?page=39,کود ریشه زا فسفر بالا فصل سبز مدل NPK-10-52-10 وزن 100 گرم,True,95200,,
,https://digikala.com/product/dkp-17691968/%DA%A9%D9%88%D8%AF-%D9%85%D8%A7%DB%8C%D8%B9-%D9%87%DB%8C%D8%AF%D8%B1%D9%88%D9%BE%D9%88%D9%86%DB%8C%DA%A9-%D9%88-%D9%82%D9%84%D9%85%D9%87-%D8%B2%D9%86%DB%8C-%D9%85%D8%AF%D9%84-life-drop-%D8%AD%D8%AC%D9%85-110-%D9%85%DB%8C%D9%84%DB%8C-%D9%84%DB%8C%D8%AA%D8%B1/,https://www.digikala.com/search/category-soils-and-fertilizers/?page=39,کود مایع هیدروپونیک و قلمه زنی مدل life drop حجم 110 میلی لیتر,True,53000,,
,https://digikala.com/product/dkp-8611660/%DA%A9%D9%88%D8%AF-%DA%A9%D8%A7%D9%85%D9%84-%D8%AA%D9%82%D9%88%DB%8C%D8%AA-%DA%A9%D9%86%D9%86%D8%AF%D9%87-%D9%88-%D9%85%D8%AD%D8%B1%DA%A9-%D8%B1%D8%B4%D8%AF-%D8%B2%D8%A7%D9%85%D9%88%D9%81%DB%8C%D9%84%DB%8C%D8%A7-%D9%85%D8%AF%D9%84-bahar-%D8%AD%D8%AC%D9%85-120-%D9%85%DB%8C%D9%84%DB%8C-%D9%84%DB%8C%D8%AA%D8%B1-%D8%A8%D8%B3%D8%AA%D9%87-3-%D8%B9%D8%AF%D8%AF%DB%8C/,https://www.digikala.com/search/category-soils-and-fertilizers/?page=39,کود کامل تقویت کننده و محرک رشد زاموفیلیا مدل Bahar حجم 120 میلی لیتر بسته 3 عددی,True,75000,,
,https://digikala.com/product/dkp-12639483/%DA%A9%D9%88%D8%AF-%D9%85%D8%A7%DB%8C%D8%B9-%D8%A2%D9%85%DB%8C%D9%86%D9%88-%D8%A7%D8%B3%DB%8C%D8%AF-%D9%88-%D9%87%DB%8C%D9%88%D9%85%DB%8C%DA%A9-%D8%A7%D8%B3%DB%8C%D8%AF-%DA%A9%D8%AF-000-%D8%AD%D8%AC%D9%85-120-%D9%85%DB%8C%D9%84%DB%8C-%D9%84%DB%8C%D8%AA%D8%B1-%D8%A8%D8%B3%D8%AA%D9%87-2-%D8%B9%D8%AF%D8%AF%DB%8C/,https://www.digikala.com/search/category-soils-and-fertilizers/?page=39,کود مایع آمینو اسید و هیومیک اسید کد 000 حجم 120 میلی لیتر بسته 2 عددی,True,78000,,
,https://digikala.com/product/dkp-9664894/%DA%A9%D9%88%D8%AF-%D9%85%D8%A7%DB%8C%D8%B9-%D9%85%D8%AD%D8%B1%DA%A9-%D8%B1%D8%B4%D8%AF-%D8%B6%D8%AF-%D8%AA%D9%86%D8%B4-%D9%88-%D8%B1%DB%8C%D8%B4%D9%87-%D8%B2%D8%A7-%DA%A9%D9%88%D8%AF%DB%8C%D9%86%D9%88-%D9%85%D8%AF%D9%84-1001-%D8%AD%D8%AC%D9%85-30-%D9%85%DB%8C%D9%84%DB%8C-%D9%84%DB%8C%D8%AA%D8%B1/,https://www.digikala.com/search/category-soils-and-fertilizers/?page=40,کود مایع محرک رشد ، ضد تنش و ریشه زا کودینو مدل 1001 حجم 30 میلی لیتر,True,27500,,
,https://digikala.com/product/dkp-15569391/%DA%A9%D9%88%D8%AF-npk-20-20-20-%D8%A2%DA%AF%D9%86%D8%B3-%D9%85%D8%AF%D9%84-ag202020-%D9%88%D8%B2%D9%86-100%DA%AF%D8%B1%D9%85/,https://www.digikala.com/search/category-soils-and-fertilizers/?page=40,کود NPK 20-20-20 آگنس مدل Ag202020 وزن 100گرم,True,110000,,
,https://digikala.com/product/dkp-6063740/%DA%A9%D9%88%D8%AF-%D9%85%D8%A7%DB%8C%D8%B9-%DA%A9%D8%A7%D9%85%D9%84-%D9%88-%D8%AA%D9%82%D9%88%DB%8C%D8%AA-%DA%A9%D9%86%D9%86%D8%AF%D9%87-%DA%AF%D9%84-%D8%A8%D8%B1%DA%AF-%D9%82%D8%A7%D8%B4%D9%82%DB%8C-%D9%85%D8%AF%D9%84-brg13-%D8%AD%D8%AC%D9%85-120-%D9%85%DB%8C%D9%84%DB%8C-%D9%84%DB%8C%D8%AA%D8%B1/,https://www.digikala.com/search/category-soils-and-fertilizers/?page=40,کود مایع کامل و تقویت کننده گل برگ قاشقی مدل BRG13 حجم 120 میلی لیتر,True,65900,,
,https://digikala.com/product/dkp-9680744/%DA%A9%D9%88%D8%AF-%DA%A9%D8%A7%D9%85%D9%84-%D9%85%D8%A7%DB%8C%D8%B9-%DA%AF%D9%84-%D9%BE%D8%AA%D9%88%D8%B3-%DA%A9%D9%88%D8%AF%DB%8C%D9%86%D9%88-%D9%85%D8%AF%D9%84-k-71-%D8%AD%D8%AC%D9%85-120-%D9%85%DB%8C%D9%84%DB%8C-%D9%84%DB%8C%D8%AA%D8%B1/,https://www.digikala.com/search/category-soils-and-fertilizers/?page=40,کود کامل مایع گل پتوس کودینو مدل K-71 حجم 120 میلی لیتر,True,28350,,
,https://digikala.com/product/dkp-6879514/%DA%A9%D9%88%D8%AF-%DA%A9%D8%A7%D9%85%D9%84-%D9%85%D8%AF%D9%84-202020-npk-%D9%88%D8%B2%D9%86-10-%DA%A9%DB%8C%D9%84%D9%88%DA%AF%D8%B1%D9%85/,https://www.digikala.com/search/category-soils-and-fertilizers/?page=1,کود کامل مدل 20+20+20 NPK وزن 10 کیلوگرم,True,1160000,10.0,116000.0
,https://digikala.com/product/dkp-18255749/%DA%A9%D9%88%D8%AF-%D8%A7%D8%B3%DB%8C%D8%AF-%D9%87%DB%8C%D9%88%D9%85%DB%8C%DA%A9-%D9%BE%D9%88%D8%AF%D8%B1%DB%8C-%DA%AF%D8%B1%DB%8C%D9%86-%D9%BE%DB%8C%DA%A9-%D9%85%D8%AF%D9%84-hu-10-%D9%88%D8%B2%D9%86-10-%DA%A9%DB%8C%D9%84%D9%88%DA%AF%D8%B1%D9%85/,https://www.digikala.com/search/category-soils-and-fertilizers/?page=1,کود اسید هیومیک پودری گرین پیک مدل Hu 10 وزن 10 کیلوگرم,True,2807000,10.0,280700.0
,https://digikala.com/product/dkp-15569391/%DA%A9%D9%88%D8%AF-npk-20-20-20-%D8%A2%DA%AF%D9%86%D8%B3-%D9%85%D8%AF%D9%84-ag202020-%D9%88%D8%B2%D9%86-100%DA%AF%D8%B1%D9%85/?ad_variant_id=53514692,https://www.digikala.com/search/category-soils-and-fertilizers/?page=1,کود NPK 20-20-20 آگنس مدل Ag202020 وزن 100گرم,True,110000,,
,https://digikala.com/product/dkp-15316963/%DA%A9%D9%88%D8%AF-npk-20-20-20-%D8%A2%DA%AF%D9%86%D8%B3-%D9%85%D8%AF%D9%84-ag202020-%D9%88%D8%B2%D9%86-200%DA%AF%D8%B1%D9%85/?ad_variant_id=52525885,https://www.digikala.com/search/category-soils-and-fertilizers/?page=1,کود NPK 20-20-20 آگنس مدل Ag202020 وزن 200گرم,True,164000,,
,https://digikala.com/product/dkp-19948922/%DA%A9%D9%88%D8%AF-%D9%85%D8%A7%DB%8C%D8%B9-%D8%A7%D8%B3%DB%8C%D8%AF-%D9%87%DB%8C%D9%88%D9%85%DB%8C%DA%A9-%DA%A9%D9%88%D8%AF%DB%8C%D8%B1%D8%A7%D9%86-%D9%85%D8%AF%D9%84-%D9%87%DB%8C%D9%88%D9%85%DB%8C%D9%86%D9%88-%D8%AD%D8%AC%D9%85-5-%D9%84%DB%8C%D8%AA%D8%B1/,https://www.digikala.com/search/category-soils-and-fertilizers/?page=1,کود مایع اسید هیومیک کودیران مدل هیومینو حجم 5 لیتر,True,390000,5.0,78000.0
,https://digikala.com/product/dkp-12053740/%DA%A9%D9%88%D8%AF-%D9%85%D8%A7%DB%8C%D8%B9-%D8%B4%D9%81%D9%84%D8%B1%D8%A7-%D8%A7%DA%A9%D9%88%D9%84%D8%A7%DB%8C%D9%81-%D9%85%D8%AF%D9%84-k120-%D8%AD%D8%AC%D9%85-120-%D9%85%DB%8C%D9%84%DB%8C-%D9%84%DB%8C%D8%AA%D8%B1/,https://www.digikala.com/search/category-soils-and-fertilizers/?page=41,کود مایع شفلرا اکولایف مدل K120 حجم 120 میلی لیتر,True,44100,,
,https://digikala.com/product/dkp-16452166/%DA%AF%D9%88%DA%AF%D8%B1%D8%AF-%D9%85%D8%AF%D9%84-%D9%BE%D8%A7%D9%84%D8%A7%DB%8C%D8%B4%DA%AF%D8%A7%D9%87%DB%8C-%D9%88%D8%B2%D9%86-1-%DA%A9%DB%8C%D9%84%D9%88%DA%AF%D8%B1%D9%85/,https://www.digikala.com/search/category-soils-and-fertilizers/?page=41,گوگرد مدل پالایشگاهی وزن 1 کیلوگرم,True,147000,1.0,147000.0
,https://digikala.com/product/dkp-13604468/%DA%A9%D9%88%D8%AF-%D9%87%D8%A7%D8%B3%DA%A9%D9%88%D9%86-%D8%A7%D9%85-10-%DA%AF%D8%B1%DB%8C%D9%86-%D9%87%D8%A7%D8%B3-%D9%85%D8%AF%D9%84-m10-%D8%AD%D8%AC%D9%85-%DB%8C%DA%A9-%D9%84%DB%8C%D8%AA%D8%B1/,https://www.digikala.com/search/category-soils-and-fertilizers/?page=41,کود هاسکون ام 10 گرین هاس مدل M10 حجم یک لیتر,True,2100000,,
,https://digikala.com/product/dkp-15437651/%DA%A9%D9%88%D8%AF-%D8%B3%D9%88%D9%BE%D8%B1-%D9%85%D8%A7%DB%8C%D8%B9-%DA%AF%D8%B1%DB%8C%D9%86-%D9%88%D8%B1%D9%84%D8%AF-%D9%85%D8%AF%D9%84-%D8%AC%D9%84%D8%A8%DA%A9-%D8%AF%D8%B1%DB%8C%D8%A7%DB%8C%DB%8C-%D8%AD%D8%AC%D9%85-1-%D9%84%DB%8C%D8%AA%D8%B1/,https://www.digikala.com/search/category-soils-and-fertilizers/?page=41,کود سوپر مایع گرین ورلد مدل جلبک دریایی حجم 1 لیتر,True,394000,1.0,394000.0
,https://digikala.com/product/dkp-12696200/%DA%A9%D9%88%D8%AF-%DA%A9%D8%A7%D9%85%D9%84-npk-%D8%B3%D9%87-%D8%A8%DB%8C%D8%B3%D8%AA-%D9%BE%D9%84%D9%86%D8%AA-%D9%BE%D8%A7%D9%88%D8%B1-%DA%A9%D8%AF-20-20-20-%D9%88%D8%B2%D9%86-1-%DA%A9%DB%8C%D9%84%D9%88%DA%AF%D8%B1%D9%85/,https://www.digikala.com/search/category-soils-and-fertilizers/?page=41,کود کامل NPK سه بیست پلنت پاور کد 20-20-20 وزن 1 کیلوگرم,True,240000,1.0,240000.0
,https://digikala.com/product/dkp-14201805/%DA%A9%D9%88%D8%AF-%D9%85%D8%A7%DB%8C%D8%B9-%D9%81%D8%B3%D9%81%D8%B1-%D8%B1%DB%8C%D8%B4%D9%87-%D8%B2%D8%A7%DB%8C%DB%8C-10-52-10-%D9%88-%DA%A9%D9%84%D8%A7%D8%AA-%D8%A2%D9%87%D9%86-%D9%88-%DA%A9%D9%88%D8%AF-%D8%B2%D8%A7%D9%85%D9%88%D9%81%DB%8C%D9%84%DB%8C%D8%A7-%D9%88-%DA%A9%D9%88%D8%AF-%DA%AF%DB%8C%D8%A7%D9%87%D8%A7%D9%86-%D8%A8%D8%B1%DA%AF-%D8%B3%D8%A8%D8%B2-%D9%88-%DA%A9%D9%88%D8%AF-%D9%BE%D8%AA%D9%88%D8%B3-%D9%88-%DA%A9%D9%88%D8%AF-%DA%A9%D8%A7%D9%85%D9%84-%D8%B3%D9%87-%D8%A8%DB%8C%D8%B3%D8%AA-%D9%85%D8%AF%D9%84-life-drop-%D8%AD%D8%AC%D9%85-120-%D9%85%DB%8C%D9%84%DB%8C-%D9%84%DB%8C%D8%AA%D8%B1/,https://www.digikala.com/search/category-soils-and-fertilizers/?page=42,کود مایع فسفر ریشه زایی 10-52-10 و کلات آهن و کود زاموفیلیا و کود گیاهان برگ سبز و کود پتوس و کود کامل سه بیست مدل life drop حجم 120 میلی لیتر,True,150000,,
,https://digikala.com/product/dkp-16892455/%DA%A9%D9%88%D8%AF-%D9%85%D8%A7%DB%8C%D8%B9-%D8%B1%DB%8C%D8%B4%D9%87-%D8%B2%D8%A7%DB%8C%DB%8C-%D8%AD%D8%A7%D8%B5%D9%84%D8%AE%DB%8C%D8%B2-%D9%85%D8%AF%D9%84-105210-%D8%AD%D8%AC%D9%85-1-%D9%84%DB%8C%D8%AA%D8%B1/,https://www.digikala.com/search/category-soils-and-fertilizers/?page=42,کود مایع ریشه زایی حاصلخیز مدل 10.52.10 حجم 1 لیتر,True,600000,1.0,600000.0
,https://digikala.com/product/dkp-15983472/%DA%A9%D9%88%D8%AF-%D9%85%D9%88%D9%86%D9%88%D8%B3%DB%8C%D9%84%DB%8C%D8%B3%DB%8C%DA%A9-%D8%A7%D8%B3%DB%8C%D8%AF-%D9%81%D8%B1%D9%85%D9%88%D9%84%D8%A7%DB%8C%D9%81-%D9%85%D8%AF%D9%84-silicon-%D8%AD%D8%AC%D9%85-1-%D9%84%DB%8C%D8%AA%D8%B1/,https://www.digikala.com/search/category-soils-and-fertilizers/?page=42,کود مونوسیلیسیک اسید فرمولایف مدل silicon حجم 1 لیتر,True,288830,1.0,288830.0
,https://digikala.com/product/dkp-12185529/%D8%AE%D8%A7%DA%A9-%DA%A9%D8%A7%DA%A9%D8%AA%D9%88%D8%B3-%D8%A2%D9%82%D8%A7%DB%8C-%D8%AE%D8%A7%DA%A9-%D9%85%D8%AF%D9%84-k05-%D9%88%D8%B2%D9%86-5-%DA%A9%DB%8C%D9%84%D9%88%DA%AF%D8%B1%D9%85/,https://www.digikala.com/search/category-soils-and-fertilizers/?page=42,خاک کاکتوس آقای خاک مدل K05 وزن 5 کیلوگرم,True,138080,5.0,27616.0
,https://digikala.com/product/dkp-2354717/%DA%A9%D9%88%D8%AF-%D9%85%D8%A7%DB%8C%D8%B9-%D8%A7%D8%AF%D9%86-%D8%B3%D8%A8%D8%B2%DB%8C-%D9%88-%D8%B5%DB%8C%D9%81%DB%8C-%D8%AC%D8%A7%D8%AA-%D9%85%D8%AF%D9%84-a27-%D8%AD%D8%AC%D9%85-1000-%D9%85%DB%8C%D9%84%DB%8C-%D9%84%DB%8C%D8%AA%D8%B1/,https://www.digikala.com/search/category-soils-and-fertilizers/?page=42,کود مایع ادن سبزی و صیفی جات مدل A27 حجم 1000 میلی لیتر,True,209000,1.0,209000.0
,https://digikala.com/product/dkp-18679684/%DA%A9%D9%88%D8%AF-%D9%85%D8%A7%DB%8C%D8%B9-%D9%85%D8%A7%DA%A9%D8%B1%D9%88%D9%85%DB%8C%DA%A9%D8%B3-%DA%AF%D9%84%D8%AF-%D9%81%DB%8C%D9%88%DA%86%D8%B1%D8%A7%DA%A9%D9%88-%D8%A8%D8%A7%DB%8C%D9%88%D8%B3%D9%86%D8%B3-%D9%85%D8%AF%D9%84-8-6-9-%D8%AD%D8%AC%D9%85-1-%D9%84%DB%8C%D8%AA%D8%B1/,https://www.digikala.com/search/category-soils-and-fertilizers/?page=43,کود مایع ماکرومیکس گلد فیوچراکو بایوسنس مدل +8-6-9 حجم 1 لیتر,True,850000,1.0,850000.0
,https://digikala.com/product/dkp-18679784/%DA%A9%D9%88%D8%AF-%D9%85%D8%A7%DB%8C%D8%B9-%D8%AF%D9%81%D9%86%D8%AF%D8%B1-%D8%B3%DB%8C%D9%84%DB%8C%D8%B3%DB%8C%D9%85-%D9%81%DB%8C%D9%88%DA%86%D8%B1%DA%A9%D9%88-%D8%A8%D8%A7%DB%8C%D9%88%D8%B3%D8%A7%DB%8C%D9%86%D8%B3-%D9%85%D8%AF%D9%84-si-%D8%AD%D8%AC%D9%85-1-%D9%84%DB%8C%D8%AA%D8%B1/,https://www.digikala.com/search/category-soils-and-fertilizers/?page=43,کود مایع دفندر سیلیسیم فیوچرکو بایوساینس مدل Si حجم 1 لیتر,True,1250000,1.0,1250000.0
,https://digikala.com/product/dkp-18997071/%DA%A9%D9%88%D8%AF-%D8%A8%D8%B1%DA%A9%D8%B3%DB%8C%D9%84-%D9%88%D8%A7%D9%84%DA%AF%D8%B1%D9%88-%D9%85%D8%AF%D9%84-%DA%A9%D9%85%D8%A8%DB%8C-%D9%88%D8%B2%D9%86-1-%DA%A9%DB%8C%D9%84%D9%88%DA%AF%D8%B1%D9%85/,https://www.digikala.com/search/category-soils-and-fertilizers/?page=43,کود برکسیل والگرو مدل کمبی وزن 1 کیلوگرم,True,1750000,1.0,1750000.0
,https://digikala.com/product/dkp-18859842/%D8%AE%D8%A7%DA%A9-%D9%85%D8%AE%D8%B5%D9%88%D8%B5-%DA%AF%D9%84-%D8%A2%D9%BE%D8%A7%D8%B1%D8%AA%D9%85%D8%A7%D9%86%DB%8C-%D8%A7%DA%A9%D8%B3%DB%8C%D8%B1-%DA%AF%D9%84-%DA%A9%D8%AF-1-%D8%AD%D8%AC%D9%85-10-%D9%84%DB%8C%D8%AA%D8%B1/,https://www.digikala.com/search/category-soils-and-fertilizers/?page=43,خاک مخصوص گل آپارتمانی اکسیر گل کد 1 حجم 10 لیتر,True,380000,10.0,38000.0
,https://digikala.com/product/dkp-18851589/%DA%A9%D9%88%D8%AF-%D9%85%D8%A7%DB%8C%D8%B9-%D9%BE%D8%AA%D8%A7%D8%B3%DB%8C%D9%85-%D9%88-%D9%81%D8%B3%D9%81%D8%B1-%D9%85%D8%AF%D9%84-%D8%A7%D8%B1%D8%AA%D8%A7%DA%AF%D8%B1%D9%88-%D8%AD%D8%AC%D9%85-1%D9%84%DB%8C%D8%AA%D8%B1/,https://www.digikala.com/search/category-soils-and-fertilizers/?page=43,کود مایع پتاسیم و فسفر مدل ارتاگرو حجم 1لیتر,True,824460,1.0,824460.0
,https://digikala.com/product/dkp-13158667/%DA%A9%D9%88%D8%AF-%D8%AA%D9%82%D9%88%DB%8C%D8%AA%DB%8C-%D9%85%D8%AE%D8%B5%D9%88%D8%B5-%DA%AF%D9%84-%D8%A7%DA%A9%D8%B3%D8%A7%DA%A9%D9%88%D9%85-%D8%B8%D8%B1%D8%A7%D9%81%D8%AA-%D9%85%D8%AF%D9%84-ko25855-%D9%88%D8%B2%D9%86-250-%DA%AF%D8%B1%D9%85/,https://www.digikala.com/search/category-soils-and-fertilizers/?page=44,کود تقویتی مخصوص گل اکساکوم ظرافت مدل KO25855 وزن 250 گرم,True,260000,,
,https://digikala.com/product/dkp-13190913/%DA%A9%D9%88%D8%AF-%D9%85%D8%AD%D8%B1%DA%A9-%D8%B1%D8%B4%D8%AF-%D8%A2%D8%B1%DB%8C%D8%A7%D8%B4%DB%8C%D9%85%DB%8C-%D9%85%D8%AF%D9%84-%D8%A2%D9%84%DA%AF%D9%88%D8%B1%D8%A7-%D9%88%D8%B2%D9%86-15-%DA%A9%DB%8C%D9%84%D9%88%DA%AF%D8%B1%D9%85/,https://www.digikala.com/search/category-soils-and-fertilizers/?page=44,کود محرک رشد آریاشیمی مدل آلگورا وزن 1.5 کیلوگرم,True,1070000,1.5,1070000.0
,https://digikala.com/product/dkp-14385334/%D9%BE%DA%A9%DB%8C%D8%AC-%D8%B1%D8%B4%D8%AF-%D9%88-%D9%86%DA%AF%D9%87%D8%AF%D8%A7%D8%B1%DB%8C-%DA%AF%DB%8C%D8%A7%D9%87-%DA%A9%D9%86%D8%AA%DB%8C%D8%A7-%D9%85%D8%AF%D9%84-%D9%BE%D8%B1%D9%88%D8%AA%DA%A9%D8%AA-%D9%86%DB%8C%DA%86%D8%B1-%D9%88%D8%B2%D9%86-1-%DA%A9%DB%8C%D9%84%D9%88%DA%AF%D8%B1%D9%85-%D9%85%D8%AC%D9%85%D9%88%D8%B9%D9%87-8-%D8%B9%D8%AF%D8%AF%DB%8C/,https://www.digikala.com/search/category-soils-and-fertilizers/?page=44,پکیج رشد و نگهداری گیاه کنتیا مدل پروتکت نیچر وزن 1 کیلوگرم مجموعه 8 عددی,True,850000,1.0,850000.0
,https://digikala.com/product/dkp-14385649/%D9%BE%DA%A9%DB%8C%D8%AC-%D8%B1%D8%B4%D8%AF-%D9%88-%D9%86%DA%AF%D9%87%D8%AF%D8%A7%D8%B1%DB%8C-%D8%B3%D8%A7%D9%86%D8%B3%D9%88%D8%B1%DB%8C%D8%A7-%D9%85%D8%AF%D9%84-%D9%BE%D8%B1%D9%88%D8%AA%DA%A9%D8%AA-%D9%86%DB%8C%DA%86%D8%B1-%D9%88%D8%B2%D9%86-800-%DA%AF%D8%B1%D9%85-%D9%85%D8%AC%D9%85%D9%88%D8%B9%D9%87-8-%D8%B9%D8%AF%D8%AF%DB%8C/,https://www.digikala.com/search/category-soils-and-fertilizers/?page=44,پکیج رشد و نگهداری سانسوریا مدل پروتکت نیچر وزن 800 گرم مجموعه 8 عددی,True,850000,,
,https://digikala.com/product/dkp-14385980/%D9%BE%DA%A9%DB%8C%D8%AC-%D8%B1%D8%B4%D8%AF-%D9%88-%D9%86%DA%AF%D9%87%D8%AF%D8%A7%D8%B1%DB%8C-%D8%A2%D9%86%D8%AA%D9%88%D8%B1%DB%8C%D9%88%D9%85-%D9%85%D8%AF%D9%84-%D9%BE%D8%B1%D9%88%D8%AA%DA%A9%D8%AA-%D9%86%DB%8C%DA%86%D8%B1-%D9%88%D8%B2%D9%86-800-%DA%AF%D8%B1%D9%85-%D9%85%D8%AC%D9%85%D9%88%D8%B9%D9%87-4-%D8%B9%D8%AF%D8%AF%DB%8C/,https://www.digikala.com/search/category-soils-and-fertilizers/?page=44,پکیج رشد و نگهداری آنتوریوم مدل پروتکت نیچر وزن 800 گرم مجموعه 4 عددی,True,500000,,
,https://digikala.com/product/dkp-13712514/%D9%BE%DA%A9%DB%8C%D8%AC-%D8%B1%D8%B4%D8%AF-%D9%88-%D9%86%DA%AF%D9%87%D8%AF%D8%A7%D8%B1%DB%8C-%DA%AF%DB%8C%D8%A7%D9%87-%DB%8C%D9%88%DA%A9%D8%A7-%D9%85%D8%AF%D9%84-%D9%BE%D8%B1%D9%88%D8%AA%DA%A9%D8%AA-%D9%86%DB%8C%DA%86%D8%B1-%D9%88%D8%B2%D9%86-800-%DA%AF%D8%B1%D9%85-%D9%85%D8%AC%D9%85%D9%88%D8%B9%D9%87-5-%D8%B9%D8%AF%D8%AF%DB%8C/,https://www.digikala.com/search/category-soils-and-fertilizers/?page=45,پکیج رشد و نگهداری گیاه یوکا مدل پروتکت نیچر وزن 800 گرم مجموعه 5 عددی,True,550000,,
,https://digikala.com/product/dkp-13674956/%DA%A9%D9%88%D8%AF-%D8%AA%D9%82%D9%88%DB%8C%D8%AA%DB%8C-%D9%87%DB%8C%D9%88%D9%85%DB%8C%DA%A9-%D8%A7%D8%B3%DB%8C%D8%AF-%D9%87%D9%BE%DB%8C-%D9%BE%D9%84%D9%86%D8%AA-%D9%85%D8%AF%D9%84-%D9%87%D8%A7%DB%8C%D9%BE%D8%B1-%D8%AD%D8%AC%D9%85-%D9%86%DB%8C%D9%85-%D9%84%DB%8C%D8%AA%D8%B1/,https://www.digikala.com/search/category-soils-and-fertilizers/?page=45,کود تقویتی هیومیک اسید هپی پلنت مدل هایپر حجم نیم لیتر,True,190000,,
,https://digikala.com/product/dkp-13785138/%DA%A9%D9%88%D8%AF-%D8%A2%D9%87%D9%86-%DA%A9%D8%A7%D9%88%D8%B4-%D9%85%D8%AF%D9%84-222-%D8%AD%D8%AC%D9%85-80-%D9%85%DB%8C%D9%84%DB%8C-%D9%84%DB%8C%D8%AA%D8%B1/,https://www.digikala.com/search/category-soils-and-fertilizers/?page=45,کود آهن کاوش مدل 222 حجم 80 میلی لیتر,True,50000,,
,https://digikala.com/product/dkp-13754059/%DA%A9%D9%88%D8%AF-%D8%B3%D8%A8%D8%B2%DB%8C%D9%86%DA%AF%DB%8C-%D9%88-%D8%AA%D9%82%D9%88%DB%8C%D8%AA-%D8%B3%D8%A7%D9%82%D9%87-10-10-30-%D9%88-%D8%AC%D9%84%D8%A8%DA%A9-%D8%AF%D8%B1%DB%8C%D8%A7%DB%8C%DB%8C-%D9%88-%DA%A9%D9%88%D8%AF-%D8%B2%D8%A7%D9%85%D9%88%D9%81%DB%8C%D9%84%DB%8C%D8%A7-%D9%88-%D8%B3%D8%A7%D9%86%D8%B3%D9%88%D8%B1%DB%8C%D8%A7-%D9%88-%DA%A9%D9%88%D8%AF-%DA%A9%D8%A7%DA%A9%D8%AA%D9%88%D8%B3-%D9%85%D8%AF%D9%84-raw-material-%D9%88%D8%B2%D9%86-200-%DA%AF%D8%B1%D9%85/,https://www.digikala.com/search/category-soils-and-fertilizers/?page=45,کود سبزینگی و تقویت ساقه 10-10-30 و جلبک دریایی و کود زاموفیلیا و سانسوریا و کود کاکتوس مدل raw material وزن 200 گرم,True,98000,,
,https://digikala.com/product/dkp-13754152/%DA%A9%D9%88%D8%AF-%D8%B3%D8%A8%D8%B2%DB%8C%D9%86%DA%AF%DB%8C-%D9%88-%D8%AA%D9%82%D9%88%DB%8C%D8%AA-%D8%B3%D8%A7%D9%82%D9%87-10-10-30-%D9%88-%D8%AC%D9%84%D8%A8%DA%A9-%D8%AF%D8%B1%DB%8C%D8%A7%DB%8C%DB%8C-%D9%88-%DA%A9%D9%88%D8%AF-%D8%B2%D8%A7%D9%85%D9%88%D9%81%DB%8C%D9%84%DB%8C%D8%A7-%D9%88-%D8%B3%D8%A7%D9%86%D8%B3%D9%88%D8%B1%DB%8C%D8%A7-%D9%88-%D9%87%DB%8C%D9%88%D9%85%DB%8C%DA%A9-%D8%A7%D8%B3%DB%8C%D8%AF-%D9%85%D8%AF%D9%84-raw-material-%D9%88%D8%B2%D9%86-200-%DA%AF%D8%B1%D9%85/,https://www.digikala.com/search/category-soils-and-fertilizers/?page=45,کود سبزینگی و تقویت ساقه 10-10-30 و جلبک دریایی و کود زاموفیلیا و سانسوریا و هیومیک اسید مدل raw material وزن 200 گرم,True,105000,,
,https://digikala.com/product/dkp-14585328/%DA%A9%D9%88%D8%AF-%D8%A8%D9%86%D8%AC%D8%A7%D9%85%DB%8C%D9%86-%D9%85%D8%AF%D9%84-%D9%82%D8%B7%D8%B1%D9%87-%DA%86%DA%A9%D8%A7%D9%86-%D8%AD%D8%AC%D9%85-120-%D9%85%DB%8C%D9%84%DB%8C-%D9%84%DB%8C%D8%AA%D8%B1-%D8%A8%D8%B3%D8%AA%D9%87-%D8%AF%D9%88-%D8%B9%D8%AF%D8%AF%DB%8C/,https://www.digikala.com/search/category-soils-and-fertilizers/?page=46,کود بنجامین مدل قطره چکان حجم 120 میلی لیتر بسته دو عددی,True,220000,,
,https://digikala.com/product/dkp-14585515/%DA%A9%D9%88%D8%AF-%D9%81%DB%8C%DA%A9%D9%88%D8%B3-%D9%84%DB%8C%D8%B1%D8%A7%D8%AA%D8%A7-%D9%85%D8%AF%D9%84-%D9%82%D8%B7%D8%B1%D9%87-%DA%86%DA%A9%D8%A7%D9%86-%D8%AD%D8%AC%D9%85-120-%D9%85%DB%8C%D9%84%DB%8C-%D9%84%DB%8C%D8%AA%D8%B1-%D8%A8%D8%B3%D8%AA%D9%87-%D8%AF%D9%88-%D8%B9%D8%AF%D8%AF%DB%8C/,https://www.digikala.com/search/category-soils-and-fertilizers/?page=46,کود فیکوس لیراتا مدل قطره چکان حجم 120 میلی لیتر بسته دو عددی,True,250000,,
,https://digikala.com/product/dkp-14585634/%DA%A9%D9%88%D8%AF-%D8%A8%D9%86%D9%81%D8%B4%D9%87-%D8%A2%D9%81%D8%B1%DB%8C%D9%82%D8%A7%DB%8C%DB%8C-%D9%85%D8%AF%D9%84-%D9%82%D8%B7%D8%B1%D9%87-%DA%86%DA%A9%D8%A7%D9%86-%D8%AD%D8%AC%D9%85-120-%D9%85%DB%8C%D9%84%DB%8C-%D9%84%DB%8C%D8%AA%D8%B1-%D8%A8%D8%B3%D8%AA%D9%87-%D8%AF%D9%88-%D8%B9%D8%AF%D8%AF%DB%8C/,https://www.digikala.com/search/category-soils-and-fertilizers/?page=46,کود بنفشه آفریقایی مدل قطره چکان حجم 120 میلی لیتر بسته دو عددی,True,210000,,
,https://digikala.com/product/dkp-14590714/%DA%A9%D9%88%D8%AF-%D9%84%DB%8C%D9%86%D8%AF%D8%A7-%D9%85%D8%AF%D9%84-%D9%82%D8%B7%D8%B1%D9%87-%DA%86%DA%A9%D8%A7%D9%86-%D8%AD%D8%AC%D9%85-120-%D9%85%DB%8C%D9%84%DB%8C-%D9%84%DB%8C%D8%AA%D8%B1-%D8%A8%D8%B3%D8%AA%D9%87-%D8%AF%D9%88-%D8%B9%D8%AF%D8%AF%DB%8C/,https://www.digikala.com/search/category-soils-and-fertilizers/?page=46,کود لیندا مدل قطره چکان حجم 120 میلی لیتر بسته دو عددی,True,250000,,
,https://digikala.com/product/dkp-14795081/%D9%BE%D8%B1%D9%84%DB%8C%D8%AA-%D8%AF%D8%A7%D9%86%D9%87-%D8%B1%DB%8C%D8%B2-%D8%B1%D9%88%DB%8C%D8%A7%D9%86-%DA%AF%D9%84-%D9%85%D8%AF%D9%84-sp5-%D8%AD%D8%AC%D9%85-5-%D9%84%DB%8C%D8%AA%D8%B1/,https://www.digikala.com/search/category-soils-and-fertilizers/?page=46,پرلیت دانه ریز رویان گل مدل SP5 حجم 5 لیتر,True,84000,5.0,16800.0
,https://digikala.com/product/dkp-15135344/%DA%A9%D9%88%D8%AF-%D9%85%D8%A7%DB%8C%D8%B9-%D8%A8%D8%A7%D8%B1%D8%A7%D9%81%D8%B4%D8%A7%D9%86-%D9%85%D8%AF%D9%84-%DA%A9%D9%88%D9%BE%D8%B1%D9%81%DB%8C%D8%AA-%D8%AD%D8%AC%D9%85-1-%D9%84%DB%8C%D8%AA%D8%B1/,https://www.digikala.com/search/category-soils-and-fertilizers/?page=47,کود مایع بارافشان مدل کوپرفیت حجم 1 لیتر,True,410000,1.0,410000.0
,https://digikala.com/product/dkp-15074596/%DA%A9%D9%88%D8%AF-%D9%85%D8%A7%DB%8C%D8%B9-npk-34-10-10te-%D9%88%D8%A7%D8%AA%D8%B1%D9%BE%D9%84%D8%A7%D8%B3-%D9%85%D8%AF%D9%84-vigorous-%D8%AD%D8%AC%D9%85-1-%D9%84%DB%8C%D8%AA%D8%B1/,https://www.digikala.com/search/category-soils-and-fertilizers/?page=47,کود مایع NPK 34-10-10+TE واترپلاس مدل VIGOROUS حجم 1 لیتر,True,104500,1.0,104500.0
,https://digikala.com/product/dkp-14941786/%DA%A9%D9%88%D8%AF-%D9%85%D8%A7%DB%8C%D8%B9-%D9%81%D8%B3%D9%81%D8%B1-%D8%B1%DB%8C%D8%B4%D9%87-%D8%B2%D8%A7%DB%8C%DB%8C-10-52-10-%D9%88-%DA%A9%D9%84%D8%A7%D8%AA-%D8%A2%D9%87%D9%86-%D9%88-%DA%A9%D9%88%D8%AF-%D8%AC%D9%84%D8%A8%DA%A9-%D8%AF%D8%B1%DB%8C%D8%A7%DB%8C%DB%8C-%D9%88-%DA%A9%D9%88%D8%AF-%D8%B3%D8%A7%D9%86%D8%B3%D9%88%D8%B1%DB%8C%D8%A7-%D9%88-%DA%A9%D9%88%D8%AF-20-20-20-%D9%88-%DA%A9%D9%88%D8%AF-%DA%AF%D9%84%D8%AF%D9%87%DB%8C-%D9%85%D8%AF%D9%84-life-drop-%D8%AD%D8%AC%D9%85-120-%D9%85%DB%8C%D9%84%DB%8C-%D9%84%DB%8C%D8%AA%D8%B1/,https://www.digikala.com/search/category-soils-and-fertilizers/?page=47,کود مایع فسفر ریشه زایی 10-52-10 و کلات آهن و کود جلبک دریایی و کود سانسوریا و کود 20-20-20 و کود گلدهی مدل life drop حجم 120 میلی لیتر,True,150000,,
,https://digikala.com/product/dkp-14941917/%DA%A9%D9%88%D8%AF-%D9%85%D8%A7%DB%8C%D8%B9-%D9%81%D8%B3%D9%81%D8%B1-%D8%B1%DB%8C%D8%B4%D9%87-%D8%B2%D8%A7%DB%8C%DB%8C-10-52-10-%D9%88-%DA%A9%D9%84%D8%A7%D8%AA-%D8%A2%D9%87%D9%86-%D9%88-%DA%A9%D9%88%D8%AF-%D8%AC%D9%84%D8%A8%DA%A9-%D8%AF%D8%B1%DB%8C%D8%A7%DB%8C%DB%8C-%D9%88-%DA%A9%D9%88%D8%AF-20-20-20-%D9%88-%DA%A9%D9%88%D8%AF-%DA%A9%D8%A7%DA%A9%D8%AA%D9%88%D8%B3-%D9%88-%D9%85%D9%88%D9%84%D8%AA%DB%8C-%DA%A9%D9%88%D8%AF-%D9%85%D8%AF%D9%84-life-drop-%D8%AD%D8%AC%D9%85-120-%D9%85%DB%8C%D9%84%DB%8C-%D9%84%DB%8C%D8%AA%D8%B1/,https://www.digikala.com/search/category-soils-and-fertilizers/?page=47,کود مایع فسفر ریشه زایی 10-52-10 و کلات آهن و کود جلبک دریایی و کود 20 20 20 و کود کاکتوس و مولتی کود مدل life drop حجم 120 میلی لیتر,True,150000,,
,https://digikala.com/product/dkp-14941953/%DA%A9%D9%88%D8%AF-%D9%85%D8%A7%DB%8C%D8%B9-%D9%81%D8%B3%D9%81%D8%B1-%D8%B1%DB%8C%D8%B4%D9%87-%D8%B2%D8%A7%DB%8C%DB%8C-10-52-10-%D9%88-%DA%A9%D9%84%D8%A7%D8%AA-%D8%A2%D9%87%D9%86-%D9%88-%DA%A9%D9%88%D8%AF-%D8%AC%D9%84%D8%A8%DA%A9-%D8%AF%D8%B1%DB%8C%D8%A7%DB%8C%DB%8C-%D9%88-%DA%A9%D9%88%D8%AF-20-20-20-%D9%88-%D9%85%D9%88%D9%84%D8%AA%DB%8C-%DA%A9%D9%88%D8%AF-%D9%88-%D9%87%DB%8C%D9%88%D9%85%DB%8C%DA%A9-%D8%A7%D8%B3%DB%8C%D8%AF-%D9%85%D8%AF%D9%84-life-drop-%D8%AD%D8%AC%D9%85-120-%D9%85%DB%8C%D9%84%DB%8C-%D9%84%DB%8C%D8%AA%D8%B1/,https://www.digikala.com/search/category-soils-and-fertilizers/?page=47,کود مایع فسفر ریشه زایی 10-52-10 و کلات آهن و کود جلبک دریایی و کود 20 20 20 و مولتی کود و هیومیک اسید مدل life drop حجم 120 میلی لیتر,True,150000,,
,https://digikala.com/product/dkp-19103650/%DA%A9%D9%88%D8%AF-%D9%85%D8%A7%DB%8C%D8%B9-%D8%A2%D9%87%D9%86-%D9%85%D9%86%DA%AF%D9%86%D8%B2-%D9%85%D8%AF%D9%84-%D8%A2%D8%B1%D8%AA%D8%A7%DA%AF%D8%B1%D9%88-%D8%B3%DB%8C%D8%AA%D8%B1%D9%88-%D8%AD%D8%AC%D9%85-1%D9%84%DB%8C%D8%AA%D8%B1/,https://www.digikala.com/search/category-soils-and-fertilizers/?page=48,کود مایع آهن منگنز مدل آرتاگرو سیترو حجم 1لیتر,True,223990,1.0,223990.0
,https://digikala.com/product/dkp-19294399/%DA%A9%D9%88%D8%AF-%DA%A9%D9%84%D8%B3%DB%8C%D9%85-%D8%B3%DB%8C%D9%84%DB%8C%D8%B3-%D8%AA%D8%AA%D8%A7%DA%A9%D9%88-%D9%85%D8%AF%D9%84-morespray-%D9%88%D8%B2%D9%86-1-%DA%A9%DB%8C%D9%84%D9%88%DA%AF%D8%B1%D9%85/,https://www.digikala.com/search/category-soils-and-fertilizers/?page=48,کود کلسیم سیلیس تتاکو مدل Morespray وزن 1 کیلوگرم,True,468000,1.0,468000.0
,https://digikala.com/product/dkp-19151882/%DA%A9%D9%88%D8%AF-%D8%AF%D8%B1%D8%AE%D8%AA-%D9%BE%D8%B1%D8%AA%D9%82%D8%A7%D9%84-%D9%85%D8%AF%D9%84-a1000-%D9%88%D8%B2%D9%86-1000-%DA%AF%D8%B1%D9%85/,https://www.digikala.com/search/category-soils-and-fertilizers/?page=48,کود درخت پرتقال مدل A1000 وزن 1000 گرم,True,968000,1.0,968000.0
,https://digikala.com/product/dkp-19152077/%DA%A9%D9%88%D8%AF-%D8%AF%D8%B1%D8%AE%D8%AA-%D9%BE%D8%A7%D9%BE%D8%A7%DB%8C%D8%A7-%D9%85%D8%AF%D9%84-a1000-%D9%88%D8%B2%D9%86-1000-%DA%AF%D8%B1%D9%85/,https://www.digikala.com/search/category-soils-and-fertilizers/?page=48,کود درخت پاپایا مدل A1000 وزن 1000 گرم,True,1040000,1.0,1040000.0
,https://digikala.com/product/dkp-19152389/%DA%A9%D9%88%D8%AF-%D8%AF%D8%B1%D8%AE%D8%AA-%DA%AF%D8%B1%D8%AF%D9%88-%D9%85%D8%AF%D9%84-a1000-%D9%88%D8%B2%D9%86-1000-%DA%AF%D8%B1%D9%85/,https://www.digikala.com/search/category-soils-and-fertilizers/?page=48,کود درخت گردو مدل A1000 وزن 1000 گرم,True,1020000,1.0,1020000.0
,https://digikala.com/product/dkp-5607200/%DA%A9%D9%88%D8%AF-%D9%85%D8%A7%DB%8C%D8%B9-%D8%B2%D8%A7%D9%85%DB%8C%D9%81%D9%88%D9%84%DB%8C%D8%A7-%D8%A8%D9%84%D8%AA-%D9%88%D8%B1%DA%A9-%DA%A9%D8%AF-zam1-%D8%AD%D8%AC%D9%85-250-%D9%85%DB%8C%D9%84%DB%8C-%D9%84%DB%8C%D8%AA%D8%B1/,https://www.digikala.com/search/category-soils-and-fertilizers/?page=49,کود مایع زامیفولیا بلت ورک کد ZAM1 حجم 250 میلی لیتر,True,165000,,
,https://digikala.com/product/dkp-5710186/%DA%A9%D9%88%D8%AF-%D9%85%D8%AE%D8%B5%D9%88%D8%B5-%D8%B3%D8%A8%D8%B2%DB%8C%D8%AC%D8%A7%D8%AA-%D8%AC%D9%88%D8%A7%D9%86%D9%87-%D9%85%D8%AF%D9%84-r2-%D9%88%D8%B2%D9%86-1-%DA%A9%DB%8C%D9%84%D9%88%DA%AF%D8%B1%D9%85/,https://www.digikala.com/search/category-soils-and-fertilizers/?page=49,کود مخصوص سبزیجات جوانه مدل R2 وزن 1 کیلوگرم,True,190000,1.0,190000.0
,https://digikala.com/product/dkp-5710238/%DA%A9%D9%88%D8%AF-%D9%85%D8%AE%D8%B5%D9%88%D8%B5-%D8%B2%D8%B9%D9%81%D8%B1%D8%A7%D9%86-%D8%AC%D9%88%D8%A7%D9%86%D9%87-%D9%85%D8%AF%D9%84-t2-%D9%88%D8%B2%D9%86-1-%DA%A9%DB%8C%D9%84%D9%88%DA%AF%D8%B1%D9%85/,https://www.digikala.com/search/category-soils-and-fertilizers/?page=49,کود مخصوص زعفران جوانه مدل T2 وزن 1 کیلوگرم,True,190000,1.0,190000.0
,https://digikala.com/product/dkp-5710274/%DA%A9%D9%88%D8%AF-%D9%85%D8%AE%D8%B5%D9%88%D8%B5-%DB%8C%D9%88%D9%86%D8%AC%D9%87-%D8%AC%D9%88%D8%A7%D9%86%D9%87-%D9%85%D8%AF%D9%84-f2-%D9%88%D8%B2%D9%86-1-%DA%A9%DB%8C%D9%84%D9%88%DA%AF%D8%B1%D9%85/,https://www.digikala.com/search/category-soils-and-fertilizers/?page=49,کود مخصوص یونجه جوانه مدل F2 وزن 1 کیلوگرم,True,190000,1.0,190000.0
,https://digikala.com/product/dkp-5710318/%DA%A9%D9%88%D8%AF-%D9%85%D8%AE%D8%B5%D9%88%D8%B5-%DA%86%D8%BA%D9%86%D8%AF%D8%B1-%D8%AC%D9%88%D8%A7%D9%86%D9%87-%D9%85%D8%AF%D9%84-k2-%D9%88%D8%B2%D9%86-1-%DA%A9%DB%8C%D9%84%D9%88%DA%AF%D8%B1%D9%85/,https://www.digikala.com/search/category-soils-and-fertilizers/?page=49,کود مخصوص چغندر جوانه مدل K2 وزن 1 کیلوگرم,True,190000,1.0,190000.0
,https://digikala.com/product/dkp-14941500/%DA%A9%D9%88%D8%AF-%D8%B3%D9%87-%D8%AF%D9%87-%D8%B1%D8%A7%DA%AF%D8%A7-%D9%85%D8%AF%D9%84-npk-10-10-10-%D9%88%D8%B2%D9%86-1-%DA%A9%DB%8C%D9%84%D9%88%DA%AF%D8%B1%D9%85/,https://www.digikala.com/search/category-soils-and-fertilizers/?page=50,کود سه ده راگا مدل NPK 10-10-10 وزن 1 کیلوگرم,True,257000,1.0,257000.0
,https://digikala.com/product/dkp-14941786/%DA%A9%D9%88%D8%AF-%D9%85%D8%A7%DB%8C%D8%B9-%D9%81%D8%B3%D9%81%D8%B1-%D8%B1%DB%8C%D8%B4%D9%87-%D8%B2%D8%A7%DB%8C%DB%8C-10-52-10-%D9%88-%DA%A9%D9%84%D8%A7%D8%AA-%D8%A2%D9%87%D9%86-%D9%88-%DA%A9%D9%88%D8%AF-%D8%AC%D9%84%D8%A8%DA%A9-%D8%AF%D8%B1%DB%8C%D8%A7%DB%8C%DB%8C-%D9%88-%DA%A9%D9%88%D8%AF-%D8%B3%D8%A7%D9%86%D8%B3%D9%88%D8%B1%DB%8C%D8%A7-%D9%88-%DA%A9%D9%88%D8%AF-20-20-20-%D9%88-%DA%A9%D9%88%D8%AF-%DA%AF%D9%84%D8%AF%D9%87%DB%8C-%D9%85%D8%AF%D9%84-life-drop-%D8%AD%D8%AC%D9%85-120-%D9%85%DB%8C%D9%84%DB%8C-%D9%84%DB%8C%D8%AA%D8%B1/,https://www.digikala.com/search/category-soils-and-fertilizers/?page=50,کود مایع فسفر ریشه زایی 10-52-10 و کلات آهن و کود جلبک دریایی و کود سانسوریا و کود 20-20-20 و کود گلدهی مدل life drop حجم 120 میلی لیتر,True,150000,,
,https://digikala.com/product/dkp-14941917/%DA%A9%D9%88%D8%AF-%D9%85%D8%A7%DB%8C%D8%B9-%D9%81%D8%B3%D9%81%D8%B1-%D8%B1%DB%8C%D8%B4%D9%87-%D8%B2%D8%A7%DB%8C%DB%8C-10-52-10-%D9%88-%DA%A9%D9%84%D8%A7%D8%AA-%D8%A2%D9%87%D9%86-%D9%88-%DA%A9%D9%88%D8%AF-%D8%AC%D9%84%D8%A8%DA%A9-%D8%AF%D8%B1%DB%8C%D8%A7%DB%8C%DB%8C-%D9%88-%DA%A9%D9%88%D8%AF-20-20-20-%D9%88-%DA%A9%D9%88%D8%AF-%DA%A9%D8%A7%DA%A9%D8%AA%D9%88%D8%B3-%D9%88-%D9%85%D9%88%D9%84%D8%AA%DB%8C-%DA%A9%D9%88%D8%AF-%D9%85%D8%AF%D9%84-life-drop-%D8%AD%D8%AC%D9%85-120-%D9%85%DB%8C%D9%84%DB%8C-%D9%84%DB%8C%D8%AA%D8%B1/,https://www.digikala.com/search/category-soils-and-fertilizers/?page=50,کود مایع فسفر ریشه زایی 10-52-10 و کلات آهن و کود جلبک دریایی و کود 20 20 20 و کود کاکتوس و مولتی کود مدل life drop حجم 120 میلی لیتر,True,150000,,
,https://digikala.com/product/dkp-14941953/%DA%A9%D9%88%D8%AF-%D9%85%D8%A7%DB%8C%D8%B9-%D9%81%D8%B3%D9%81%D8%B1-%D8%B1%DB%8C%D8%B4%D9%87-%D8%B2%D8%A7%DB%8C%DB%8C-10-52-10-%D9%88-%DA%A9%D9%84%D8%A7%D8%AA-%D8%A2%D9%87%D9%86-%D9%88-%DA%A9%D9%88%D8%AF-%D8%AC%D9%84%D8%A8%DA%A9-%D8%AF%D8%B1%DB%8C%D8%A7%DB%8C%DB%8C-%D9%88-%DA%A9%D9%88%D8%AF-20-20-20-%D9%88-%D9%85%D9%88%D9%84%D8%AA%DB%8C-%DA%A9%D9%88%D8%AF-%D9%88-%D9%87%DB%8C%D9%88%D9%85%DB%8C%DA%A9-%D8%A7%D8%B3%DB%8C%D8%AF-%D9%85%D8%AF%D9%84-life-drop-%D8%AD%D8%AC%D9%85-120-%D9%85%DB%8C%D9%84%DB%8C-%D9%84%DB%8C%D8%AA%D8%B1/,https://www.digikala.com/search/category-soils-and-fertilizers/?page=50,کود مایع فسفر ریشه زایی 10-52-10 و کلات آهن و کود جلبک دریایی و کود 20 20 20 و مولتی کود و هیومیک اسید مدل life drop حجم 120 میلی لیتر,True,150000,,
,https://digikala.com/product/dkp-14958188/%DA%A9%D9%88%D8%AF-%D9%85%D8%A7%DB%8C%D8%B9-%DA%A9%D9%84%D8%A7%D8%AA-%D8%A2%D9%87%D9%86-%D9%88-%D8%A8%D9%86%D9%81%D8%B4%D9%87-%D8%A2%D9%81%D8%B1%DB%8C%D9%82%D8%A7%DB%8C%DB%8C-%D9%88-%D8%B1%DB%8C%D8%B2-%D9%85%D8%BA%D8%B0%DB%8C-%D9%88-%D8%A7%D9%85%DB%8C%D9%86%D9%88-%D8%A7%D8%B3%DB%8C%D8%AF-%D9%88-%DA%AF%DB%8C%D8%A7%D9%87%D8%A7%D9%86-%D8%A8%D8%B1%DA%AF-%D8%B3%D8%A8%D8%B2-%D9%88-%D9%BE%D8%AA%D9%88%D8%B3-%D9%85%D8%AF%D9%84-life-drop-%D8%AD%D8%AC%D9%85-120-%D9%85%DB%8C%D9%84%DB%8C-%D9%84%DB%8C%D8%AA%D8%B1/,https://www.digikala.com/search/category-soils-and-fertilizers/?page=50,کود مایع کلات آهن و بنفشه آفریقایی و ریز مغذی و امینو اسید و گیاهان برگ سبز و پتوس مدل life drop حجم 120 میلی لیتر,True,150000,,
,https://digikala.com/product/dkp-16665334/%DA%A9%D9%88%D8%AF-%D9%BE%D8%AA%D8%A7%D8%B3-%D8%A8%D8%A7%D9%84%D8%A7-npk-5545-te-%D8%B8%D8%B1%D8%A7%D9%81%D8%AA-%D9%85%D8%AF%D9%84-ko30207-%D9%88%D8%B2%D9%86-250-%DA%AF%D8%B1%D9%85/,https://www.digikala.com/search/category-soils-and-fertilizers/?page=51,کود پتاس بالا NPK 5545 +TE ظرافت مدل KO30207 وزن 250 گرم,True,175000,,
,https://digikala.com/product/dkp-16637017/%DA%A9%D9%88%D8%AF-%D9%BE%D8%AA%D8%A7%D8%B3-%D8%A8%D8%A7%D9%84%D8%A7-npk-121236-te-%D8%B8%D8%B1%D8%A7%D9%81%D8%AA-%D9%85%D8%AF%D9%84-ko2756-%D9%88%D8%B2%D9%86-50-%DA%AF%D8%B1%D9%85/,https://www.digikala.com/search/category-soils-and-fertilizers/?page=51,کود پتاس بالا NPK 121236 +TE ظرافت مدل KO2756 وزن 50 گرم,True,105000,,
,https://digikala.com/product/dkp-16306041/%DA%A9%D9%88%D8%AF-%DA%A9%D8%A7%D9%85%D9%84-%D8%B3%D8%A8%D8%B2%DB%8C%D9%86%D9%87-%D9%85%D8%AF%D9%84-npk-20-20-20-%D9%88%D8%B2%D9%86-10-%DA%A9%DB%8C%D9%84%D9%88%DA%AF%D8%B1%D9%85/,https://www.digikala.com/search/category-soils-and-fertilizers/?page=51,کود کامل سبزینه مدل NPK 20-20-20 وزن 10 کیلوگرم,True,1780000,10.0,178000.0
,https://digikala.com/product/dkp-17060567/%DA%A9%D9%88%D8%AF-%D8%A2%D9%87%D9%86-%DA%A9%D9%84%D8%A7%D8%AA-%D8%B4%D8%AF%D9%87-6-%D8%AF%D8%B1%D8%B5%D8%AF-%D9%85%D8%AF%D9%84-niron-%D9%88%D8%B2%D9%86-800-%DA%AF%D8%B1%D9%85/,https://www.digikala.com/search/category-soils-and-fertilizers/?page=51,کود آهن کلات شده 6 درصد مدل Niron وزن 800 گرم,True,260000,,
,https://digikala.com/product/dkp-17064640/%DA%A9%D9%88%D8%AF-%D9%85%D8%A7%DB%8C%D8%B9-%D8%B2%D8%A7%D9%85%D9%88%D9%81%DB%8C%D9%84%DB%8C%D8%A7-%D8%A2%D9%86%D8%AA%DB%8C%DA%A9-%D8%AE%D8%A7%DA%A9-%D9%85%D8%AF%D9%84-za12-%D8%AD%D8%AC%D9%85-120-%D9%85%DB%8C%D9%84%DB%8C-%D9%84%DB%8C%D8%AA%D8%B1/,https://www.digikala.com/search/category-soils-and-fertilizers/?page=51,کود مایع زاموفیلیا آنتیک خاک مدل ZA12 حجم 120 میلی لیتر,True,94000,,
,https://digikala.com/product/dkp-17871192/%DA%A9%D9%88%D8%AF-%D9%85%D8%A7%DB%8C%D8%B9-%DA%A9%D8%A7%D9%85%D9%84-%D8%B3%D9%87-%D8%A8%DB%8C%D8%B3%D8%AA-%D9%88-%DA%A9%D8%A7%DA%A9%D8%AA%D9%88%D8%B3-%D9%88-%DA%AF%D9%84%D8%AF%D9%87%DB%8C-%D9%85%D8%AF%D9%84-life-drop-%D8%AD%D8%AC%D9%85-110-%D9%85%DB%8C%D9%84%DB%8C-%D9%84%DB%8C%D8%AA%D8%B1-%D8%A8%D8%B3%D8%AA%D9%87-3-%D8%B9%D8%AF%D8%AF%DB%8C/,https://www.digikala.com/search/category-soils-and-fertilizers/?page=52,کود مایع کامل سه بیست و کاکتوس و گلدهی مدل life drop حجم 110 میلی لیتر بسته 3 عددی,True,99000,,
,https://digikala.com/product/dkp-17871202/%DA%A9%D9%88%D8%AF-%D9%85%D8%A7%DB%8C%D8%B9-%DA%A9%D8%A7%D9%85%D9%84-%D8%B3%D9%87-%D8%A8%DB%8C%D8%B3%D8%AA-%D9%88-%DA%A9%D8%A7%DA%A9%D8%AA%D9%88%D8%B3-%D9%88-%D9%85%D9%88%D9%84%D8%AA%DB%8C-%DA%A9%D9%88%D8%AF-%D9%85%D8%AF%D9%84-life-drop-%D8%AD%D8%AC%D9%85-110-%D9%85%DB%8C%D9%84%DB%8C-%D9%84%DB%8C%D8%AA%D8%B1-%D8%A8%D8%B3%D8%AA%D9%87-3-%D8%B9%D8%AF%D8%AF%DB%8C/,https://www.digikala.com/search/category-soils-and-fertilizers/?page=52,کود مایع کامل سه بیست و کاکتوس و مولتی کود مدل life drop حجم 110 میلی لیتر بسته 3 عددی,True,99000,,
,https://digikala.com/product/dkp-17871263/%DA%A9%D9%88%D8%AF-%D9%85%D8%A7%DB%8C%D8%B9-%DA%A9%D8%A7%D9%85%D9%84-%D8%B3%D9%87-%D8%A8%DB%8C%D8%B3%D8%AA-%D9%88-%DA%A9%D9%84%D8%A7%D8%AA-%D8%A2%D9%87%D9%86-%D9%88-%D9%85%D9%88%D9%84%D8%AA%DB%8C-%DA%A9%D9%88%D8%AF-%D9%85%D8%AF%D9%84-life-drop-%D8%AD%D8%AC%D9%85-110-%D9%85%DB%8C%D9%84%DB%8C-%D9%84%DB%8C%D8%AA%D8%B1-%D8%A8%D8%B3%D8%AA%D9%87-3-%D8%B9%D8%AF%D8%AF%DB%8C/,https://www.digikala.com/search/category-soils-and-fertilizers/?page=52,کود مایع کامل سه بیست و کلات آهن و مولتی کود مدل life drop حجم 110 میلی لیتر بسته 3 عددی,True,99000,,
,https://digikala.com/product/dkp-17871276/%DA%A9%D9%88%D8%AF-%D9%85%D8%A7%DB%8C%D8%B9-%DA%A9%D8%A7%D9%85%D9%84-%D8%B3%D9%87-%D8%A8%DB%8C%D8%B3%D8%AA-%D9%88-%DA%A9%D9%84%D8%A7%D8%AA-%D8%A2%D9%87%D9%86-%D9%88-%D9%87%D9%88%D8%B1%D9%85%D9%88%D9%86-%D8%B1%DB%8C%D8%B4%D9%87-%D8%B2%D8%A7-%D9%85%D8%AF%D9%84-life-drop-%D8%AD%D8%AC%D9%85-110-%D9%85%DB%8C%D9%84%DB%8C-%D9%84%DB%8C%D8%AA%D8%B1-%D8%A8%D8%B3%D8%AA%D9%87-3-%D8%B9%D8%AF%D8%AF%DB%8C/,https://www.digikala.com/search/category-soils-and-fertilizers/?page=52,کود مایع کامل سه بیست و کلات آهن و هورمون ریشه زا مدل life drop حجم 110 میلی لیتر بسته 3 عددی,True,99000,,
,https://digikala.com/product/dkp-17871317/%DA%A9%D9%88%D8%AF-%D9%85%D8%A7%DB%8C%D8%B9-%DA%A9%D8%A7%D9%85%D9%84-%D8%B3%D9%87-%D8%A8%DB%8C%D8%B3%D8%AA-%D9%88-%DA%A9%D9%88%D8%AF-%DA%AF%D9%84%D8%AF%D9%87%DB%8C-%D9%88-%D9%85%D9%88%D9%84%D8%AA%DB%8C-%DA%A9%D9%88%D8%AF-%D9%85%D8%AF%D9%84-life-drop-%D8%AD%D8%AC%D9%85-110-%D9%85%DB%8C%D9%84%DB%8C-%D9%84%DB%8C%D8%AA%D8%B1-%D8%A8%D8%B3%D8%AA%D9%87-3-%D8%B9%D8%AF%D8%AF%DB%8C/,https://www.digikala.com/search/category-soils-and-fertilizers/?page=52,کود مایع کامل سه بیست و کود گلدهی و مولتی کود مدل life drop حجم 110 میلی لیتر بسته 3 عددی,True,99000,,
,https://digikala.com/product/dkp-6879514/%DA%A9%D9%88%D8%AF-%DA%A9%D8%A7%D9%85%D9%84-%D9%85%D8%AF%D9%84-202020-npk-%D9%88%D8%B2%D9%86-10-%DA%A9%DB%8C%D9%84%D9%88%DA%AF%D8%B1%D9%85/,https://www.digikala.com/search/category-soils-and-fertilizers/?page=1,کود کامل مدل 20+20+20 NPK وزن 10 کیلوگرم,True,1160000,10.0,116000.0
,https://digikala.com/product/dkp-18255749/%DA%A9%D9%88%D8%AF-%D8%A7%D8%B3%DB%8C%D8%AF-%D9%87%DB%8C%D9%88%D9%85%DB%8C%DA%A9-%D9%BE%D9%88%D8%AF%D8%B1%DB%8C-%DA%AF%D8%B1%DB%8C%D9%86-%D9%BE%DB%8C%DA%A9-%D9%85%D8%AF%D9%84-hu-10-%D9%88%D8%B2%D9%86-10-%DA%A9%DB%8C%D9%84%D9%88%DA%AF%D8%B1%D9%85/,https://www.digikala.com/search/category-soils-and-fertilizers/?page=1,کود اسید هیومیک پودری گرین پیک مدل Hu 10 وزن 10 کیلوگرم,True,2807000,10.0,280700.0
,https://digikala.com/product/dkp-15569391/%DA%A9%D9%88%D8%AF-npk-20-20-20-%D8%A2%DA%AF%D9%86%D8%B3-%D9%85%D8%AF%D9%84-ag202020-%D9%88%D8%B2%D9%86-100%DA%AF%D8%B1%D9%85/?ad_variant_id=53514692,https://www.digikala.com/search/category-soils-and-fertilizers/?page=1,کود NPK 20-20-20 آگنس مدل Ag202020 وزن 100گرم,True,110000,,
,https://digikala.com/product/dkp-15883592/%DA%A9%D9%88%D8%AF-npk-12-12-36-%D8%A2%DA%AF%D9%86%D8%B3-%D9%85%D8%AF%D9%84-ag121236-%D9%88%D8%B2%D9%86-100%DA%AF%D8%B1%D9%85/?ad_variant_id=54640102,https://www.digikala.com/search/category-soils-and-fertilizers/?page=1,کود NPK 12-12-36 آگنس مدل Ag121236 وزن 100گرم,True,99960,,
,https://digikala.com/product/dkp-19948922/%DA%A9%D9%88%D8%AF-%D9%85%D8%A7%DB%8C%D8%B9-%D8%A7%D8%B3%DB%8C%D8%AF-%D9%87%DB%8C%D9%88%D9%85%DB%8C%DA%A9-%DA%A9%D9%88%D8%AF%DB%8C%D8%B1%D8%A7%D9%86-%D9%85%D8%AF%D9%84-%D9%87%DB%8C%D9%88%D9%85%DB%8C%D9%86%D9%88-%D8%AD%D8%AC%D9%85-5-%D9%84%DB%8C%D8%AA%D8%B1/,https://www.digikala.com/search/category-soils-and-fertilizers/?page=1,کود مایع اسید هیومیک کودیران مدل هیومینو حجم 5 لیتر,True,390000,5.0,78000.0
,https://digikala.com/product/dkp-14941953/%DA%A9%D9%88%D8%AF-%D9%85%D8%A7%DB%8C%D8%B9-%D9%81%D8%B3%D9%81%D8%B1-%D8%B1%DB%8C%D8%B4%D9%87-%D8%B2%D8%A7%DB%8C%DB%8C-10-52-10-%D9%88-%DA%A9%D9%84%D8%A7%D8%AA-%D8%A2%D9%87%D9%86-%D9%88-%DA%A9%D9%88%D8%AF-%D8%AC%D9%84%D8%A8%DA%A9-%D8%AF%D8%B1%DB%8C%D8%A7%DB%8C%DB%8C-%D9%88-%DA%A9%D9%88%D8%AF-20-20-20-%D9%88-%D9%85%D9%88%D9%84%D8%AA%DB%8C-%DA%A9%D9%88%D8%AF-%D9%88-%D9%87%DB%8C%D9%88%D9%85%DB%8C%DA%A9-%D8%A7%D8%B3%DB%8C%D8%AF-%D9%85%D8%AF%D9%84-life-drop-%D8%AD%D8%AC%D9%85-120-%D9%85%DB%8C%D9%84%DB%8C-%D9%84%DB%8C%D8%AA%D8%B1/,https://www.digikala.com/search/category-soils-and-fertilizers/?page=53,کود مایع فسفر ریشه زایی 10-52-10 و کلات آهن و کود جلبک دریایی و کود 20 20 20 و مولتی کود و هیومیک اسید مدل life drop حجم 120 میلی لیتر,True,150000,,
,https://digikala.com/product/dkp-14960176/%DA%A9%D9%88%D8%AF-%D9%87%DB%8C%D9%88%D9%85%DB%8C%DA%A9-%D8%A7%D8%B3%DB%8C%D8%AF-%DA%AF%DB%8C%D8%A7%D9%87-%DB%8C%D8%A7%D8%B1-%D9%85%D8%AF%D9%84-%DA%AF%DB%8C%D8%A7%D9%87%D8%A7%D9%86-%D8%A2%D9%BE%D8%A7%D8%B1%D8%AA%D9%85%D8%A7%D9%86%DB%8C-%D9%88%D8%B2%D9%86-100-%DA%AF%D8%B1%D9%85/,https://www.digikala.com/search/category-soils-and-fertilizers/?page=53,کود هیومیک اسید گیاه یار مدل گیاهان آپارتمانی وزن 100 گرم,True,90000,,
,https://digikala.com/product/dkp-14958188/%DA%A9%D9%88%D8%AF-%D9%85%D8%A7%DB%8C%D8%B9-%DA%A9%D9%84%D8%A7%D8%AA-%D8%A2%D9%87%D9%86-%D9%88-%D8%A8%D9%86%D9%81%D8%B4%D9%87-%D8%A2%D9%81%D8%B1%DB%8C%D9%82%D8%A7%DB%8C%DB%8C-%D9%88-%D8%B1%DB%8C%D8%B2-%D9%85%D8%BA%D8%B0%DB%8C-%D9%88-%D8%A7%D9%85%DB%8C%D9%86%D9%88-%D8%A7%D8%B3%DB%8C%D8%AF-%D9%88-%DA%AF%DB%8C%D8%A7%D9%87%D8%A7%D9%86-%D8%A8%D8%B1%DA%AF-%D8%B3%D8%A8%D8%B2-%D9%88-%D9%BE%D8%AA%D9%88%D8%B3-%D9%85%D8%AF%D9%84-life-drop-%D8%AD%D8%AC%D9%85-120-%D9%85%DB%8C%D9%84%DB%8C-%D9%84%DB%8C%D8%AA%D8%B1/,https://www.digikala.com/search/category-soils-and-fertilizers/?page=53,کود مایع کلات آهن و بنفشه آفریقایی و ریز مغذی و امینو اسید و گیاهان برگ سبز و پتوس مدل life drop حجم 120 میلی لیتر,True,150000,,
,https://digikala.com/product/dkp-14776823/%DA%A9%D9%88%D8%AF-%DA%AF%D9%88%D8%AC%D9%87-%D9%81%D8%B1%D9%86%DA%AF%DB%8C-%D9%87%DB%8C%D8%AF%D8%B1%D9%88%D9%BE%D9%88%D9%86%DB%8C%DA%A9-%D9%85%D8%AF%D9%84-%D8%B1%D8%AF-%D9%85%D9%88%D8%B1-%D9%88%D8%B2%D9%86-200-%DA%AF%D8%B1%D9%85-%D8%A8%D8%B3%D8%AA%D9%87-%D8%AF%D9%88-%D8%B9%D8%AF%D8%AF%DB%8C/,https://www.digikala.com/search/category-soils-and-fertilizers/?page=53,کود گوجه فرنگی هیدروپونیک مدل رد مور وزن 200 گرم بسته دو عددی,True,330000,,
,https://digikala.com/product/dkp-6879514/%DA%A9%D9%88%D8%AF-%DA%A9%D8%A7%D9%85%D9%84-%D9%85%D8%AF%D9%84-202020-npk-%D9%88%D8%B2%D9%86-10-%DA%A9%DB%8C%D9%84%D9%88%DA%AF%D8%B1%D9%85/,https://www.digikala.com/search/category-soils-and-fertilizers/?page=1,کود کامل مدل 20+20+20 NPK وزن 10 کیلوگرم,True,1160000,10.0,116000.0
,https://digikala.com/product/dkp-18255749/%DA%A9%D9%88%D8%AF-%D8%A7%D8%B3%DB%8C%D8%AF-%D9%87%DB%8C%D9%88%D9%85%DB%8C%DA%A9-%D9%BE%D9%88%D8%AF%D8%B1%DB%8C-%DA%AF%D8%B1%DB%8C%D9%86-%D9%BE%DB%8C%DA%A9-%D9%85%D8%AF%D9%84-hu-10-%D9%88%D8%B2%D9%86-10-%DA%A9%DB%8C%D9%84%D9%88%DA%AF%D8%B1%D9%85/,https://www.digikala.com/search/category-soils-and-fertilizers/?page=1,کود اسید هیومیک پودری گرین پیک مدل Hu 10 وزن 10 کیلوگرم,True,2807000,10.0,280700.0
,https://digikala.com/product/dkp-15883989/%DA%A9%D9%88%D8%AF-%D8%B1%DB%8C%D8%B4%D9%87-%D8%B2%D8%A7-%D8%A2%DA%AF%D9%86%D8%B3-%D9%85%D8%AF%D9%84-ag-npk-10-52-10-%D9%88%D8%B2%D9%86-130%DA%AF%D8%B1%D9%85/?ad_variant_id=54640685,https://www.digikala.com/search/category-soils-and-fertilizers/?page=1,کود ریشه زا آگنس مدل Ag-NPK 10-52-10 وزن 130گرم,True,129360,,
,https://digikala.com/product/dkp-15572115/%DA%A9%D9%88%D8%AF-%D8%B3%D9%87-%D8%A8%DB%8C%D8%B3%D8%AA-%D8%BA%D9%86%DB%8C-%D8%A8%D8%A7-%D8%A2%D9%85%DB%8C%D9%86%D9%88-%D8%A7%D8%B3%DB%8C%D8%AF-%D8%A2%DA%AF%D9%86%D8%B3-%D9%85%D8%AF%D9%84-ag202020amino-%D9%88%D8%B2%D9%86-100%DA%AF%D8%B1%D9%85/?ad_variant_id=53514860,https://www.digikala.com/search/category-soils-and-fertilizers/?page=1,کود سه بیست غنی با آمینو اسید آگنس مدل Ag202020Amino وزن 100گرم,True,174000,,
,https://digikala.com/product/dkp-19948922/%DA%A9%D9%88%D8%AF-%D9%85%D8%A7%DB%8C%D8%B9-%D8%A7%D8%B3%DB%8C%D8%AF-%D9%87%DB%8C%D9%88%D9%85%DB%8C%DA%A9-%DA%A9%D9%88%D8%AF%DB%8C%D8%B1%D8%A7%D9%86-%D9%85%D8%AF%D9%84-%D9%87%DB%8C%D9%88%D9%85%DB%8C%D9%86%D9%88-%D8%AD%D8%AC%D9%85-5-%D9%84%DB%8C%D8%AA%D8%B1/,https://www.digikala.com/search/category-soils-and-fertilizers/?page=1,کود مایع اسید هیومیک کودیران مدل هیومینو حجم 5 لیتر,True,390000,5.0,78000.0
,https://digikala.com/product/dkp-17763744/%DA%A9%D9%88%D8%AF-%D9%85%D8%A7%DB%8C%D8%B9-%D8%A7%D9%85%DB%8C%D9%86%D9%88-%D8%A7%D8%B3%DB%8C%D8%AF-%D9%88-%DA%A9%D9%88%D8%AF-%DA%A9%D8%A7%D9%85%D9%84-%DA%AF%DB%8C%D8%A7%D9%87%D8%A7%D9%86-%D8%B3%D8%A8%D8%B2-%D9%88-%DA%A9%D9%88%D8%AF-%D8%B3%D8%A8%D8%B2%DB%8C%D9%86%DA%AF%DB%8C-%D9%88-%D8%AA%D9%82%D9%88%DB%8C%D8%AA-%D8%B3%D8%A7%D9%82%D9%87-%D9%85%D8%AF%D9%84-life-drop-%D8%AD%D8%AC%D9%85-110-%D9%85%DB%8C%D9%84%DB%8C-%D9%84%DB%8C%D8%AA%D8%B1-%D8%A8%D8%B3%D8%AA%D9%87-3-%D8%B9%D8%AF%D8%AF%DB%8C/,https://www.digikala.com/search/category-soils-and-fertilizers/?page=54,کود مایع امینو اسید و کود کامل گیاهان سبز و کود سبزینگی و تقویت ساقه مدل life drop حجم 110 میلی لیتر بسته 3 عددی,True,96500,,
,https://digikala.com/product/dkp-17763771/%DA%A9%D9%88%D8%AF-%D9%85%D8%A7%DB%8C%D8%B9-%D8%A7%D9%85%DB%8C%D9%86%D9%88-%D8%A7%D8%B3%DB%8C%D8%AF-%D9%88-%DA%A9%D9%88%D8%AF-%DA%A9%D8%A7%D9%85%D9%84-%DA%AF%DB%8C%D8%A7%D9%87%D8%A7%D9%86-%D8%B3%D8%A8%D8%B2-%D9%88-%DA%A9%D9%88%D8%AF-%D8%B3%D9%87-%D8%A8%DB%8C%D8%B3%D8%AA-%D9%85%D8%AF%D9%84-life-drop-%D8%AD%D8%AC%D9%85-110-%D9%85%DB%8C%D9%84%DB%8C-%D9%84%DB%8C%D8%AA%D8%B1-%D8%A8%D8%B3%D8%AA%D9%87-3-%D8%B9%D8%AF%D8%AF%DB%8C/,https://www.digikala.com/search/category-soils-and-fertilizers/?page=54,کود مایع امینو اسید و کود کامل گیاهان سبز و کود سه بیست مدل life drop حجم 110 میلی لیتر بسته 3 عددی,True,99000,,
,https://digikala.com/product/dkp-17763824/%DA%A9%D9%88%D8%AF-%D9%85%D8%A7%DB%8C%D8%B9-%D8%A7%D9%85%DB%8C%D9%86%D9%88-%D8%A7%D8%B3%DB%8C%D8%AF-%D9%88-%DA%A9%D9%88%D8%AF-%DA%A9%D8%A7%D9%85%D9%84-%DA%AF%DB%8C%D8%A7%D9%87%D8%A7%D9%86-%D8%B3%D8%A8%D8%B2-%D9%88-%DA%A9%D9%84%D8%A7%D8%AA-%D8%A2%D9%87%D9%86-%D9%85%D8%AF%D9%84-life-drop-%D8%AD%D8%AC%D9%85-110-%D9%85%DB%8C%D9%84%DB%8C-%D9%84%DB%8C%D8%AA%D8%B1-%D8%A8%D8%B3%D8%AA%D9%87-3-%D8%B9%D8%AF%D8%AF%DB%8C/,https://www.digikala.com/search/category-soils-and-fertilizers/?page=54,کود مایع امینو اسید و کود کامل گیاهان سبز و کلات آهن مدل life drop حجم 110 میلی لیتر بسته 3 عددی,True,99000,,
,https://digikala.com/product/dkp-17763871/%DA%A9%D9%88%D8%AF-%D9%85%D8%A7%DB%8C%D8%B9-%D8%A7%D9%85%DB%8C%D9%86%D9%88-%D8%A7%D8%B3%DB%8C%D8%AF-%D9%88-%DA%A9%D9%88%D8%AF-%DA%A9%D8%A7%D9%85%D9%84-%DA%AF%DB%8C%D8%A7%D9%87%D8%A7%D9%86-%D8%B3%D8%A8%D8%B2-%D9%88-%D9%85%D9%88%D9%84%D8%AA%DB%8C-%DA%A9%D9%88%D8%AF-%D9%85%D8%AF%D9%84-life-drop-%D8%AD%D8%AC%D9%85-110-%D9%85%DB%8C%D9%84%DB%8C-%D9%84%DB%8C%D8%AA%D8%B1-%D8%A8%D8%B3%D8%AA%D9%87-3-%D8%B9%D8%AF%D8%AF%DB%8C/,https://www.digikala.com/search/category-soils-and-fertilizers/?page=54,کود مایع امینو اسید و کود کامل گیاهان سبز و مولتی کود مدل life drop حجم 110 میلی لیتر بسته 3 عددی,True,99000,,
,https://digikala.com/product/dkp-17765873/%DA%A9%D9%88%D8%AF-%D9%85%D8%A7%DB%8C%D8%B9-%D8%A7%D9%85%DB%8C%D9%86%D9%88-%D8%A7%D8%B3%DB%8C%D8%AF-%D9%88-%DA%A9%D9%88%D8%AF-%D8%B3%D8%A8%D8%B2%DB%8C%D8%AC%D8%A7%D8%AA-%D9%88-%D8%B5%DB%8C%D9%81%DB%8C-%D8%AC%D8%A7%D8%AA-%D9%88-%DA%A9%D9%88%D8%AF-%D8%B3%D8%A8%D8%B2%DB%8C%D9%86%DA%AF%DB%8C-%D9%88-%D8%AA%D9%82%D9%88%DB%8C%D8%AA-%D8%B3%D8%A7%D9%82%D9%87-%D9%85%D8%AF%D9%84-life-drop-%D8%AD%D8%AC%D9%85-110-%D9%85%DB%8C%D9%84%DB%8C-%D9%84%DB%8C%D8%AA%D8%B1-%D8%A8%D8%B3%D8%AA%D9%87-3-%D8%B9%D8%AF%D8%AF%DB%8C/,https://www.digikala.com/search/category-soils-and-fertilizers/?page=54,کود مایع امینو اسید و کود سبزیجات و صیفی جات و کود سبزینگی و تقویت ساقه مدل life drop حجم 110 میلی لیتر بسته 3 عددی,True,99000,,
,https://digikala.com/product/dkp-17921950/%DA%A9%D9%88%D8%AF-%D9%85%D8%A7%DB%8C%D8%B9-%D9%BE%D8%AA%D8%A7%D8%B3-%D8%B3%D9%88%D9%84%D9%81%D8%A7%D8%AA-%D9%BE%D8%AA%D8%A7%D8%B3%DB%8C%D9%85-%D9%88-%D8%A8%D8%A7%D9%85%D8%A8%D9%88-%D9%88-%D8%A8%D9%86-%D8%B3%D8%A7%DB%8C-%D9%88-%D8%A7%D9%85%DB%8C%D9%86%D9%88-%D8%A7%D8%B3%DB%8C%D8%AF-%D9%88-%D8%A8%D9%86%D9%81%D8%B4%D9%87-%D8%A2%D9%81%D8%B1%DB%8C%D9%82%D8%A7%DB%8C%DB%8C-%D9%88-%DA%A9%D9%88%D8%AF-%D8%B3%D8%A8%D8%B2%DB%8C%D9%86%DA%AF%DB%8C-%D9%88-%D8%AA%D9%82%D9%88%DB%8C%D8%AA-%D8%B3%D8%A7%D9%82%D9%87-%D9%85%D8%AF%D9%84-life-drop-%D8%AD%D8%AC%D9%85-110-%D9%85%DB%8C%D9%84%DB%8C-%D9%84%DB%8C%D8%AA%D8%B1/,https://www.digikala.com/search/category-soils-and-fertilizers/?page=55,کود مایع پتاس (سولفات پتاسیم) و بامبو و بن سای و امینو اسید و بنفشه آفریقایی و کود سبزینگی و تقویت ساقه مدل life drop حجم 110 میلی لیتر,True,150000,,
,https://digikala.com/product/dkp-17921992/%DA%A9%D9%88%D8%AF-%D9%85%D8%A7%DB%8C%D8%B9-%D9%BE%D8%AA%D8%A7%D8%B3-%D8%B3%D9%88%D9%84%D9%81%D8%A7%D8%AA-%D9%BE%D8%AA%D8%A7%D8%B3%DB%8C%D9%85-%D9%88-%D8%A8%D8%A7%D9%85%D8%A8%D9%88-%D9%88-%D8%A8%D9%86-%D8%B3%D8%A7%DB%8C-%D9%88-%D8%A7%D9%85%DB%8C%D9%86%D9%88-%D8%A7%D8%B3%DB%8C%D8%AF-%D9%88-%D8%A8%D9%86%D9%81%D8%B4%D9%87-%D8%A2%D9%81%D8%B1%DB%8C%D9%82%D8%A7%DB%8C%DB%8C-%D9%88-%D8%B4%D9%81%D9%84%D8%B1%D8%A7-%D9%85%D8%AF%D9%84-life-drop-%D8%AD%D8%AC%D9%85-110-%D9%85%DB%8C%D9%84%DB%8C-%D9%84%DB%8C%D8%AA%D8%B1/,https://www.digikala.com/search/category-soils-and-fertilizers/?page=55,کود مایع پتاس (سولفات پتاسیم) و بامبو و بن سای و امینو اسید و بنفشه آفریقایی و شفلرا مدل life drop حجم 110 میلی لیتر,True,150000,,
,https://digikala.com/product/dkp-17922005/%DA%A9%D9%88%D8%AF-%D9%85%D8%A7%DB%8C%D8%B9-%D9%BE%D8%AA%D8%A7%D8%B3-%D8%B3%D9%88%D9%84%D9%81%D8%A7%D8%AA-%D9%BE%D8%AA%D8%A7%D8%B3%DB%8C%D9%85-%D9%88-%D8%A8%D8%A7%D9%85%D8%A8%D9%88-%D9%88-%D8%A8%D9%86-%D8%B3%D8%A7%DB%8C-%D9%88-%D8%A7%D9%85%DB%8C%D9%86%D9%88-%D8%A7%D8%B3%DB%8C%D8%AF-%D9%88-%D8%A8%D9%86%D9%81%D8%B4%D9%87-%D8%A2%D9%81%D8%B1%DB%8C%D9%82%D8%A7%DB%8C%DB%8C-%D9%88-%DA%A9%D8%A7%DA%A9%D8%AA%D9%88%D8%B3-%D9%85%D8%AF%D9%84-life-drop-%D8%AD%D8%AC%D9%85-110-%D9%85%DB%8C%D9%84%DB%8C-%D9%84%DB%8C%D8%AA%D8%B1/,https://www.digikala.com/search/category-soils-and-fertilizers/?page=55,کود مایع پتاس (سولفات پتاسیم) و بامبو و بن سای و امینو اسید و بنفشه آفریقایی و کاکتوس مدل life drop حجم 110 میلی لیتر,True,150000,,
,https://digikala.com/product/dkp-17945571/%DA%A9%D9%88%D8%AF-%D9%85%D8%A7%DB%8C%D8%B9-%D9%BE%D8%AA%D8%A7%D8%B3-%D9%88-%D8%A7%D9%85%DB%8C%D9%86%D9%88-%D8%A7%D8%B3%DB%8C%D8%AF-%D9%88-%D8%A8%D8%A7%D9%85%D8%A8%D9%88-%D9%88-%D8%A8%D9%86-%D8%B3%D8%A7%DB%8C-%D9%88-%DA%A9%D9%88%D8%AF-%D8%B1%DB%8C%D8%B4%D9%87-%D8%B2%D8%A7%DB%8C%DB%8C-%D9%88-%D8%B4%D9%81%D9%84%D8%B1%D8%A7-%D9%85%D8%AF%D9%84-life-drop-%D8%AD%D8%AC%D9%85-110-%D9%85%DB%8C%D9%84%DB%8C-%D9%84%DB%8C%D8%AA%D8%B1-%D8%A8%D8%B3%D8%AA%D9%87-6-%D8%B9%D8%AF%D8%AF%DB%8C/,https://www.digikala.com/search/category-soils-and-fertilizers/?page=55,کود مایع پتاس و امینو اسید و بامبو و بن سای و کود ریشه زایی و شفلرا مدل life drop حجم 110 میلی لیتر بسته 6 عددی,True,150000,,
,https://digikala.com/product/dkp-17898374/%DA%A9%D9%88%D8%AF-%D9%85%D8%A7%DB%8C%D8%B9-%D9%81%DB%8C%DA%A9%D9%88%D8%B3-%D8%A8%D9%86%D8%AC%D8%A7%D9%85%DB%8C%D9%86-%DA%AF%D8%B1%DB%8C%D9%86-%D9%BE%DB%8C%DA%A9-%D9%85%D8%AF%D9%84-ficusbenjamina-%D8%AD%D8%AC%D9%85-%DB%B2%DB%B5%DB%B0-%D9%85%DB%8C%D9%84%DB%8C-%D9%84%DB%8C%D8%AA%D8%B1/,https://www.digikala.com/search/category-soils-and-fertilizers/?page=55,کود مایع فیکوس بنجامین گرین پیک مدل FicusBenjamina حجم ۲۵۰ میلی لیتر,True,137000,,
,https://digikala.com/product/dkp-17798158/%DA%A9%D9%88%D8%AF-%D9%85%D8%A7%DB%8C%D8%B9-%D8%A7%D9%85%DB%8C%D9%86%D9%88-%D8%A7%D8%B3%DB%8C%D8%AF-%D9%88-%DA%A9%D9%84%D8%A7%D8%AA-%D8%A2%D9%87%D9%86-%D9%88-%D9%85%D9%88%D9%84%D8%AA%DB%8C-%DA%A9%D9%88%D8%AF-%D9%85%D8%AF%D9%84-life-drop-%D8%AD%D8%AC%D9%85-110-%D9%85%DB%8C%D9%84%DB%8C-%D9%84%DB%8C%D8%AA%D8%B1-%D8%A8%D8%B3%D8%AA%D9%87-3-%D8%B9%D8%AF%D8%AF%DB%8C/,https://www.digikala.com/search/category-soils-and-fertilizers/?page=56,کود مایع امینو اسید و کلات آهن و مولتی کود مدل life drop حجم 110 میلی لیتر بسته 3 عددی,True,99000,,
,https://digikala.com/product/dkp-17798242/%DA%A9%D9%88%D8%AF-%D9%85%D8%A7%DB%8C%D8%B9-%D8%A7%D9%85%DB%8C%D9%86%D9%88-%D8%A7%D8%B3%DB%8C%D8%AF-%D9%88-%DA%A9%D9%88%D8%AF-%DA%AF%D9%84%D8%AF%D9%87%DB%8C-%D9%88-%D9%87%D9%88%D8%B1%D9%85%D9%88%D9%86-%D8%B1%DB%8C%D8%B4%D9%87-%D8%B2%D8%A7-%D9%85%D8%AF%D9%84-life-drop-%D8%AD%D8%AC%D9%85-110-%D9%85%DB%8C%D9%84%DB%8C-%D9%84%DB%8C%D8%AA%D8%B1-%D8%A8%D8%B3%D8%AA%D9%87-3-%D8%B9%D8%AF%D8%AF%DB%8C/,https://www.digikala.com/search/category-soils-and-fertilizers/?page=56,کود مایع امینو اسید و کود گلدهی و هورمون ریشه زا مدل life drop حجم 110 میلی لیتر بسته 3 عددی,True,99000,,
,https://digikala.com/product/dkp-17798274/%DA%A9%D9%88%D8%AF-%D9%85%D8%A7%DB%8C%D8%B9-%D8%A7%D9%85%DB%8C%D9%86%D9%88-%D8%A7%D8%B3%DB%8C%D8%AF-%D9%88-%DA%A9%D9%88%D8%AF-%DA%AF%D9%84%D8%AF%D9%87%DB%8C-%D9%88-%D9%87%DB%8C%D9%88%D9%85%DB%8C%DA%A9-%D8%A7%D8%B3%DB%8C%D8%AF-%D9%85%D8%AF%D9%84-life-drop-%D8%AD%D8%AC%D9%85-110-%D9%85%DB%8C%D9%84%DB%8C-%D9%84%DB%8C%D8%AA%D8%B1-%D8%A8%D8%B3%D8%AA%D9%87-3-%D8%B9%D8%AF%D8%AF%DB%8C/,https://www.digikala.com/search/category-soils-and-fertilizers/?page=56,کود مایع امینو اسید و کود گلدهی و هیومیک اسید مدل life drop حجم 110 میلی لیتر بسته 3 عددی,True,96500,,
,https://digikala.com/product/dkp-17798315/%DA%A9%D9%88%D8%AF-%D9%85%D8%A7%DB%8C%D8%B9-%D8%A7%D9%85%DB%8C%D9%86%D9%88-%D8%A7%D8%B3%DB%8C%D8%AF-%D9%88-%D9%85%D9%88%D9%84%D8%AA%DB%8C-%DA%A9%D9%88%D8%AF-%D9%88-%DA%A9%D9%88%D8%AF-%D9%87%DB%8C%D8%AF%D8%B1%D9%88%D9%BE%D9%88%D9%86%DB%8C%DA%A9-%D9%88-%D9%82%D9%84%D9%85%D9%87-%D9%85%D8%AF%D9%84-life-drop-%D8%AD%D8%AC%D9%85-110-%D9%85%DB%8C%D9%84%DB%8C-%D9%84%DB%8C%D8%AA%D8%B1-%D8%A8%D8%B3%D8%AA%D9%87-3-%D8%B9%D8%AF%D8%AF%DB%8C/,https://www.digikala.com/search/category-soils-and-fertilizers/?page=56,کود مایع امینو اسید و مولتی کود و کود هیدروپونیک و قلمه مدل life drop حجم 110 میلی لیتر بسته 3 عددی,True,99000,,
,https://digikala.com/product/dkp-17821719/%DA%A9%D9%88%D8%AF-%DA%A9%D8%A7%D9%85%D9%84-npk-15-5-30-%D9%BE%D8%AA%D8%A7%D8%B3%DB%8C%D9%85-%D8%A8%D8%A7%D9%84%D8%A7%DB%8C-%D8%B2%D8%B1%DB%8C%D9%86-%DA%A9%D9%88%D8%AF-%D9%85%D8%AF%D9%84-verano%D9%88%D8%B2%D9%86-1%DA%A9%DB%8C%D9%84%D9%88%DA%AF%D8%B1%D9%85/,https://www.digikala.com/search/category-soils-and-fertilizers/?page=56,کود کامل NPK 15-5-30 پتاسیم بالای زرین کود مدل Veranoوزن 1کیلوگرم,True,450000,1.0,450000.0
,https://digikala.com/product/dkp-17813521/%DA%A9%D9%88%D8%AF-%D9%85%D8%A7%DB%8C%D8%B9-%D9%87%DB%8C%D9%88%D9%85%DB%8C%DA%A9-%D8%A7%D8%B3%DB%8C%D8%AF-%D9%88-%DA%A9%D9%88%D8%AF-%D8%B1%DB%8C%D8%B4%D9%87-%D8%B2%D8%A7%DB%8C%DB%8C-%D9%88-%D8%A8%D9%86%D9%81%D8%B4%D9%87-%D8%A2%D9%81%D8%B1%DB%8C%D9%82%D8%A7%DB%8C%DB%8C-%D9%85%D8%AF%D9%84-life-drop-%D8%AD%D8%AC%D9%85-110-%D9%85%DB%8C%D9%84%DB%8C-%D9%84%DB%8C%D8%AA%D8%B1-%D8%A8%D8%B3%D8%AA%D9%87-3-%D8%B9%D8%AF%D8%AF%DB%8C/,https://www.digikala.com/search/category-soils-and-fertilizers/?page=57,کود مایع هیومیک اسید و کود ریشه زایی و بنفشه آفریقایی مدل life drop حجم 110 میلی لیتر بسته 3 عددی,True,99000,,
,https://digikala.com/product/dkp-17813538/%DA%A9%D9%88%D8%AF-%D9%85%D8%A7%DB%8C%D8%B9-%D9%87%DB%8C%D9%88%D9%85%DB%8C%DA%A9-%D8%A7%D8%B3%DB%8C%D8%AF-%D9%88-%DA%A9%D9%88%D8%AF-%D8%B1%DB%8C%D8%B4%D9%87-%D8%B2%D8%A7%DB%8C%DB%8C-%D9%88-%D9%BE%D8%AA%D8%A7%D8%B3-%D9%85%D8%AF%D9%84-life-drop-%D8%AD%D8%AC%D9%85-110-%D9%85%DB%8C%D9%84%DB%8C-%D9%84%DB%8C%D8%AA%D8%B1-%D8%A8%D8%B3%D8%AA%D9%87-3-%D8%B9%D8%AF%D8%AF%DB%8C/,https://www.digikala.com/search/category-soils-and-fertilizers/?page=57,کود مایع هیومیک اسید و کود ریشه زایی و پتاس مدل life drop حجم 110 میلی لیتر بسته 3 عددی,True,99000,,
,https://digikala.com/product/dkp-17813561/%DA%A9%D9%88%D8%AF-%D9%85%D8%A7%DB%8C%D8%B9-%D9%87%DB%8C%D9%88%D9%85%DB%8C%DA%A9-%D8%A7%D8%B3%DB%8C%D8%AF-%D9%88-%DA%A9%D9%88%D8%AF-%D8%B1%DB%8C%D8%B4%D9%87-%D8%B2%D8%A7%DB%8C%DB%8C-%D9%88-%DA%A9%D9%88%D8%AF-%D9%BE%D8%AA%D9%88%D8%B3-%D9%85%D8%AF%D9%84-life-drop-%D8%AD%D8%AC%D9%85-110-%D9%85%DB%8C%D9%84%DB%8C-%D9%84%DB%8C%D8%AA%D8%B1-%D8%A8%D8%B3%D8%AA%D9%87-3-%D8%B9%D8%AF%D8%AF%DB%8C/,https://www.digikala.com/search/category-soils-and-fertilizers/?page=57,کود مایع هیومیک اسید و کود ریشه زایی و کود پتوس مدل life drop حجم 110 میلی لیتر بسته 3 عددی,True,99000,,
,https://digikala.com/product/dkp-17813607/%DA%A9%D9%88%D8%AF-%D9%85%D8%A7%DB%8C%D8%B9-%D9%87%DB%8C%D9%88%D9%85%DB%8C%DA%A9-%D8%A7%D8%B3%DB%8C%D8%AF-%D9%88-%DA%A9%D9%88%D8%AF-%D8%B1%DB%8C%D8%B4%D9%87-%D8%B2%D8%A7%DB%8C%DB%8C-%D9%88-%D8%B1%DB%8C%D8%B2-%D9%85%D8%BA%D8%B0%DB%8C-%D9%85%D8%AF%D9%84-life-drop-%D8%AD%D8%AC%D9%85-110-%D9%85%DB%8C%D9%84%DB%8C-%D9%84%DB%8C%D8%AA%D8%B1-%D8%A8%D8%B3%D8%AA%D9%87-3-%D8%B9%D8%AF%D8%AF%DB%8C/,https://www.digikala.com/search/category-soils-and-fertilizers/?page=57,کود مایع هیومیک اسید و کود ریشه زایی و ریز مغذی مدل life drop حجم 110 میلی لیتر بسته 3 عددی,True,99000,,
,https://digikala.com/product/dkp-17813628/%DA%A9%D9%88%D8%AF-%D9%85%D8%A7%DB%8C%D8%B9-%D9%87%DB%8C%D9%88%D9%85%DB%8C%DA%A9-%D8%A7%D8%B3%DB%8C%D8%AF-%D9%88-%DA%A9%D9%88%D8%AF-%D8%B1%DB%8C%D8%B4%D9%87-%D8%B2%D8%A7%DB%8C%DB%8C-%D9%88-%DA%A9%D9%88%D8%AF-%D8%B2%D8%A7%D9%85%D9%88%D9%81%DB%8C%D9%84%DB%8C%D8%A7-%D9%85%D8%AF%D9%84-life-drop-%D8%AD%D8%AC%D9%85-110-%D9%85%DB%8C%D9%84%DB%8C-%D9%84%DB%8C%D8%AA%D8%B1-%D8%A8%D8%B3%D8%AA%D9%87-3-%D8%B9%D8%AF%D8%AF%DB%8C/,https://www.digikala.com/search/category-soils-and-fertilizers/?page=57,کود مایع هیومیک اسید و کود ریشه زایی و کود زاموفیلیا مدل life drop حجم 110 میلی لیتر بسته 3 عددی,True,99000,,
,https://digikala.com/product/dkp-17857047/%DA%A9%D9%88%D8%AF-%D8%A2%D9%84%DB%8C-%DA%A9%DB%8C%D9%84%DB%8C%D8%AA%D8%B1%DB%8C%D9%86-%D9%85%D8%AF%D9%84-%D9%BE%D8%AA%D8%A7%D8%B3%DB%8C%D9%85-%DB%B2%DB%B5-%D8%AF%D8%B1%D8%B5%D8%AF-%D8%AD%D8%AC%D9%85-%DB%B5-%D9%84%DB%8C%D8%AA%D8%B1/,https://www.digikala.com/search/category-soils-and-fertilizers/?page=58,کود آلی کیلیترین مدل پتاسیم ۲۵ درصد حجم ۵ لیتر,True,3460600,5.0,692120.0
,https://digikala.com/product/dkp-17945571/%DA%A9%D9%88%D8%AF-%D9%85%D8%A7%DB%8C%D8%B9-%D9%BE%D8%AA%D8%A7%D8%B3-%D9%88-%D8%A7%D9%85%DB%8C%D9%86%D9%88-%D8%A7%D8%B3%DB%8C%D8%AF-%D9%88-%D8%A8%D8%A7%D9%85%D8%A8%D9%88-%D9%88-%D8%A8%D9%86-%D8%B3%D8%A7%DB%8C-%D9%88-%DA%A9%D9%88%D8%AF-%D8%B1%DB%8C%D8%B4%D9%87-%D8%B2%D8%A7%DB%8C%DB%8C-%D9%88-%D8%B4%D9%81%D9%84%D8%B1%D8%A7-%D9%85%D8%AF%D9%84-life-drop-%D8%AD%D8%AC%D9%85-110-%D9%85%DB%8C%D9%84%DB%8C-%D9%84%DB%8C%D8%AA%D8%B1-%D8%A8%D8%B3%D8%AA%D9%87-6-%D8%B9%D8%AF%D8%AF%DB%8C/,https://www.digikala.com/search/category-soils-and-fertilizers/?page=58,کود مایع پتاس و امینو اسید و بامبو و بن سای و کود ریشه زایی و شفلرا مدل life drop حجم 110 میلی لیتر بسته 6 عددی,True,150000,,
,https://digikala.com/product/dkp-17842329/%DA%A9%D9%88%D8%AF-%D9%85%D8%A7%DB%8C%D8%B9-%DA%A9%D8%A7%D9%85%D9%84-%D8%B3%D9%87-%D8%A8%DB%8C%D8%B3%D8%AA-%D9%88-%D8%B1%DB%8C%D8%B2-%D9%85%D8%BA%D8%B0%DB%8C-%D9%88-%DA%A9%D9%88%D8%AF-%D8%B3%D8%A8%D8%B2%DB%8C%D9%86%DA%AF%DB%8C-%D9%88-%D8%AA%D9%82%D9%88%DB%8C%D8%AA-%D8%B3%D8%A7%D9%82%D9%87-%D9%85%D8%AF%D9%84-life-drop-%D8%AD%D8%AC%D9%85-110-%D9%85%DB%8C%D9%84%DB%8C-%D9%84%DB%8C%D8%AA%D8%B1-%D8%A8%D8%B3%D8%AA%D9%87-3-%D8%B9%D8%AF%D8%AF%DB%8C/,https://www.digikala.com/search/category-soils-and-fertilizers/?page=58,کود مایع کامل سه بیست و ریز مغذی و کود سبزینگی و تقویت ساقه مدل life drop حجم 110 میلی لیتر بسته 3 عددی,True,96500,,
,https://digikala.com/product/dkp-17842341/%DA%A9%D9%88%D8%AF-%D9%85%D8%A7%DB%8C%D8%B9-%DA%A9%D8%A7%D9%85%D9%84-%D8%B3%D9%87-%D8%A8%DB%8C%D8%B3%D8%AA-%D9%88-%D8%B1%DB%8C%D8%B2-%D9%85%D8%BA%D8%B0%DB%8C-%D9%88-%DA%A9%D9%88%D8%AF-%D8%B4%D9%81%D9%84%D8%B1%D8%A7-%D9%85%D8%AF%D9%84-life-drop-%D8%AD%D8%AC%D9%85-110-%D9%85%DB%8C%D9%84%DB%8C-%D9%84%DB%8C%D8%AA%D8%B1-%D8%A8%D8%B3%D8%AA%D9%87-3-%D8%B9%D8%AF%D8%AF%DB%8C/,https://www.digikala.com/search/category-soils-and-fertilizers/?page=58,کود مایع کامل سه بیست و ریز مغذی و کود شفلرا مدل life drop حجم 110 میلی لیتر بسته 3 عددی,True,99000,,
,https://digikala.com/product/dkp-17842364/%DA%A9%D9%88%D8%AF-%D9%85%D8%A7%DB%8C%D8%B9-%DA%A9%D8%A7%D9%85%D9%84-%D8%B3%D9%87-%D8%A8%DB%8C%D8%B3%D8%AA-%D9%88-%D8%B1%DB%8C%D8%B2-%D9%85%D8%BA%D8%B0%DB%8C-%D9%88-%DA%A9%D9%88%D8%AF-%DA%A9%D8%A7%DA%A9%D8%AA%D9%88%D8%B3-%D9%85%D8%AF%D9%84-life-drop-%D8%AD%D8%AC%D9%85-110-%D9%85%DB%8C%D9%84%DB%8C-%D9%84%DB%8C%D8%AA%D8%B1-%D8%A8%D8%B3%D8%AA%D9%87-3-%D8%B9%D8%AF%D8%AF%DB%8C/,https://www.digikala.com/search/category-soils-and-fertilizers/?page=58,کود مایع کامل سه بیست و ریز مغذی و کود کاکتوس مدل life drop حجم 110 میلی لیتر بسته 3 عددی,True,99000,,
,https://digikala.com/product/dkp-17770935/%DA%A9%D9%88%D8%AF-%D9%85%D8%A7%DB%8C%D8%B9-%D8%A7%D9%85%DB%8C%D9%86%D9%88-%D8%A7%D8%B3%DB%8C%D8%AF-%D9%88-%DA%A9%D9%88%D8%AF-%D8%B4%D9%81%D9%84%D8%B1%D8%A7-%D9%88-%D9%87%DB%8C%D9%88%D9%85%DB%8C%DA%A9-%D8%A7%D8%B3%DB%8C%D8%AF-%D9%85%D8%AF%D9%84-life-drop-%D8%AD%D8%AC%D9%85-110-%D9%85%DB%8C%D9%84%DB%8C-%D9%84%DB%8C%D8%AA%D8%B1/,https://www.digikala.com/search/category-soils-and-fertilizers/?page=59,کود مایع امینو اسید و کود شفلرا و هیومیک اسید مدل life drop حجم 110 میلی لیتر,True,99000,,
,https://digikala.com/product/dkp-17759147/%DA%A9%D9%88%D8%AF-%D9%85%D8%A7%DB%8C%D8%B9-%D8%A2%D9%87%D9%86-%DA%AF%D9%88%D8%AF-%D9%BE%D9%84%D9%86%D8%AA-%D9%85%D8%AF%D9%84-fegp-%D8%AD%D8%AC%D9%85-200-%D9%85%DB%8C%D9%84%DB%8C-%D9%84%DB%8C%D8%AA%D8%B1-%D8%A8%D8%B3%D8%AA%D9%87-3-%D8%B9%D8%AF%D8%AF%DB%8C/,https://www.digikala.com/search/category-soils-and-fertilizers/?page=59,کود مایع آهن گود پلنت مدل FeGp حجم 200 میلی لیتر بسته 3 عددی,True,258000,,
,https://digikala.com/product/dkp-17779350/%DA%A9%D9%88%D8%AF-%D9%85%D8%A7%DB%8C%D8%B9-%DA%A9%DB%8C%D9%84%DB%8C%D8%AA%D8%B1%DB%8C%D9%86-%D9%85%D8%AF%D9%84-%D8%A2%D9%88%DB%8C%D8%B1%D8%A7-%D9%88%DB%8C%D8%B1%D9%88%D8%B3%D9%86%D8%B3-%D8%AD%D8%AC%D9%85-1-%D9%84%DB%8C%D8%AA%D8%B1/,https://www.digikala.com/search/category-soils-and-fertilizers/?page=59,کود مایع کیلیترین مدل آویرا ویروسنس حجم 1 لیتر,True,4356000,1.0,4356000.0
,https://digikala.com/product/dkp-17961840/%DA%A9%D9%88%D8%AF-%D9%85%D8%A7%DB%8C%D8%B9-%D9%BE%D8%AA%D8%A7%D8%B3-%D9%88-%D8%A7%D9%85%DB%8C%D9%86%D9%88-%D8%A7%D8%B3%DB%8C%D8%AF-%D9%88-%D8%A8%D8%A7%D9%85%D8%A8%D9%88-%D9%88-%D8%A8%D9%86-%D8%B3%D8%A7%DB%8C-%D9%88-%D8%B2%D8%A7%D9%85%D9%88%D9%81%DB%8C%D9%84%DB%8C%D8%A7-%D9%88-%DA%A9%D9%84%D8%A7%D8%AA-%D8%A2%D9%87%D9%86-%D9%85%D8%AF%D9%84-life-drop-%D8%AD%D8%AC%D9%85-110-%D9%85%DB%8C%D9%84%DB%8C-%D9%84%DB%8C%D8%AA%D8%B1-%D8%A8%D8%B3%D8%AA%D9%87-6-%D8%B9%D8%AF%D8%AF%DB%8C/,https://www.digikala.com/search/category-soils-and-fertilizers/?page=59,کود مایع پتاس و امینو اسید و بامبو و بن سای و زاموفیلیا و کلات آهن مدل life drop حجم 110 میلی لیتر بسته 6 عددی,True,150000,,
,https://digikala.com/product/dkp-17961875/%DA%A9%D9%88%D8%AF-%D9%85%D8%A7%DB%8C%D8%B9-%D9%BE%D8%AA%D8%A7%D8%B3-%D9%88-%D8%A7%D9%85%DB%8C%D9%86%D9%88-%D8%A7%D8%B3%DB%8C%D8%AF-%D9%88-%D8%A8%D8%A7%D9%85%D8%A8%D9%88-%D9%88-%D8%A8%D9%86-%D8%B3%D8%A7%DB%8C-%D9%88-%D8%B2%D8%A7%D9%85%D9%88%D9%81%DB%8C%D9%84%DB%8C%D8%A7-%D9%88-%DA%AF%D9%84%D8%AF%D9%87%DB%8C-%D9%85%D8%AF%D9%84-life-drop-%D8%AD%D8%AC%D9%85-110-%D9%85%DB%8C%D9%84%DB%8C-%D9%84%DB%8C%D8%AA%D8%B1-%D8%A8%D8%B3%D8%AA%D9%87-6-%D8%B9%D8%AF%D8%AF%DB%8C/,https://www.digikala.com/search/category-soils-and-fertilizers/?page=59,کود مایع پتاس و امینو اسید و بامبو و بن سای و زاموفیلیا و گلدهی مدل life drop حجم 110 میلی لیتر بسته 6 عددی,True,150000,,
,https://digikala.com/product/dkp-3751042/%DA%A9%D9%88%D8%AF-%D8%A2%D9%87%D9%86-%DA%AF%D8%B1%D9%88%D8%B3%DB%8C%D9%81-%D9%85%D8%AF%D9%84-bzg242-%D9%88%D8%B2%D9%86-25-%DA%AF%D8%B1%D9%85/,https://www.digikala.com/search/category-soils-and-fertilizers/?page=60,کود آهن گروسیف مدل BZG242 وزن 25 گرم,True,60000,,
,https://digikala.com/product/dkp-4099675/%D8%AD%D8%B4%D8%B1%D9%87-%DA%A9%D8%B4-%D8%A2%D8%B1%DB%8C%D8%B3%D8%A8%D8%A7%D9%86-%D8%A2%D8%B1%DB%8C%D8%A7-%D8%B4%DB%8C%D9%85%DB%8C-%D9%85%D8%AF%D9%84-%DA%A9%D9%84%D8%B1%D9%BE%DB%8C%D8%B1%D9%81%D9%88%D8%B3-%D8%AD%D8%AC%D9%85-1%D9%84%DB%8C%D8%AA%D8%B1/,https://www.digikala.com/search/category-soils-and-fertilizers/?page=60,حشره کش آریسبان آریا شیمی مدل کلرپیرفوس حجم 1لیتر,True,1090000,1.0,1090000.0
,https://digikala.com/product/dkp-4099780/%D8%B9%D9%84%D9%81%DA%A9%D8%B4-%D9%87%D8%A7%D9%84%D9%88%DA%A9%D8%B3%DB%8C-%D9%81%D9%88%D8%A8-%D8%A2%D8%B1-%D9%85%D8%AA%DB%8C%D9%84-%DA%A9%D8%A7%D9%88%D8%B4-%D9%85%D8%AF%D9%84-%DA%AF%D8%A7%D9%84%D8%A7%D9%86%D8%AA-%D8%B3%D9%88%D9%BE%D8%B1-%D8%AD%D8%AC%D9%85-%DB%B0%DB%B5-%D9%84%DB%8C%D8%AA%D8%B1/,https://www.digikala.com/search/category-soils-and-fertilizers/?page=60,علفکش هالوکسی فوب آر متیل کاوش مدل گالانت سوپر حجم ۰.۵ لیتر,True,322000,,
,https://digikala.com/product/dkp-4034272/%DA%A9%D9%88%D8%AF-%D8%A8%D8%A7%DA%A9%D8%AA%D8%B1%DB%8C-%D8%AA%DB%8C%D9%88%D8%A8%D8%A7%D8%B3%DB%8C%D9%84%D9%88%D8%B3-%D9%85%D8%AF%D9%84-ba1-%D9%88%D8%B2%D9%86-1-%DA%A9%DB%8C%D9%84%D9%88%DA%AF%D8%B1%D9%85-2%D8%B9%D8%AF%D8%AF%DB%8C/,https://www.digikala.com/search/category-soils-and-fertilizers/?page=60,کود باکتری تیوباسیلوس مدل ba1 وزن 1 کیلوگرم ( 2عددی),True,320000,1.0,320000.0
,https://digikala.com/product/dkp-4041195/%DA%A9%D9%88%D8%AF-%D9%85%D8%A7%DB%8C%D8%B9-%DA%AF%D8%B1%D9%88%D9%85%D9%88%D8%B1-%D9%85%D8%AF%D9%84-%DA%AF%D8%B1%D9%88%D9%81%D9%84%D8%A7%D9%86-%D8%AD%D8%AC%D9%85-1%D9%84%DB%8C%D8%AA%D8%B1/,https://www.digikala.com/search/category-soils-and-fertilizers/?page=60,کود مایع گرومور مدل گروفلان حجم 1لیتر,True,1880000,1.0,1880000.0
,https://digikala.com/product/dkp-12325190/%DA%A9%D9%88%D8%AF-%D8%AA%D9%82%D9%88%DB%8C%D8%AA%DB%8C-%D9%85%D8%AE%D8%B5%D9%88%D8%B5-%D9%84%D9%88%D8%A8%DB%8C%D8%A7-%D9%87%D9%BE%DB%8C-%D9%BE%D9%84%D9%86%D8%AA-%D9%85%D8%AF%D9%84-hp917-%D8%AD%D8%AC%D9%85-120-%D9%85%DB%8C%D9%84%DB%8C-%D9%84%DB%8C%D8%AA%D8%B1/,https://www.digikala.com/search/category-soils-and-fertilizers/?page=61,کود تقویتی مخصوص لوبیا هپی پلنت مدل HP917 حجم 120 میلی لیتر,True,83000,,
,https://digikala.com/product/dkp-12325765/%DA%A9%D9%88%D8%AF-%D8%AA%D9%82%D9%88%DB%8C%D8%AA%DB%8C-%D9%85%D8%AE%D8%B5%D9%88%D8%B5-%D9%87%D9%86%D8%AF%D9%88%D8%A7%D9%86%D9%87-%D9%87%D9%BE%DB%8C-%D9%BE%D9%84%D9%86%D8%AA-%D9%85%D8%AF%D9%84-hp929-%D8%AD%D8%AC%D9%85-120-%D9%85%DB%8C%D9%84%DB%8C-%D9%84%DB%8C%D8%AA%D8%B1/,https://www.digikala.com/search/category-soils-and-fertilizers/?page=61,کود تقویتی مخصوص هندوانه هپی پلنت مدل HP929 حجم 120 میلی لیتر,True,83000,,
,https://digikala.com/product/dkp-12127826/%DA%A9%D9%88%D8%AF-%D8%B9%D9%86%D8%A7%D8%B5%D8%B1-%D8%B3%D9%87-%DA%AF%D8%A7%D9%86%D9%87-%D8%A2%D9%87%D9%86-%D8%B1%D9%88%DB%8C-%D9%88-%D9%85%D9%86%DA%AF%D9%86%D8%B2-%D9%87%D9%BE%DB%8C-%D9%BE%D9%84%D9%86%D8%AA-%D9%85%D8%AF%D9%84-fmz-%D8%AD%D8%AC%D9%85-120-%D9%85%DB%8C%D9%84%DB%8C-%D9%84%DB%8C%D8%AA%D8%B1/,https://www.digikala.com/search/category-soils-and-fertilizers/?page=61,کود عناصر سه گانه آهن، روی و منگنز هپی پلنت مدل FMZ حجم 120 میلی لیتر,True,83000,,
,https://digikala.com/product/dkp-12501084/%DA%A9%D9%88%D8%AF-%D8%AA%D9%82%D9%88%DB%8C%D8%AA%DB%8C-%D9%85%D8%AE%D8%B5%D9%88%D8%B5-%D8%AF%D8%B1%D8%AE%D8%AA-%D8%B3%DB%8C%D8%A8-%D9%87%D9%BE%DB%8C-%D9%BE%D9%84%D9%86%D8%AA-%D9%85%D8%AF%D9%84-hp445-%D8%AD%D8%AC%D9%85-120-%D9%85%DB%8C%D9%84%DB%8C-%D9%84%DB%8C%D8%AA%D8%B1/,https://www.digikala.com/search/category-soils-and-fertilizers/?page=61,کود تقویتی مخصوص درخت سیب هپی پلنت مدل HP445 حجم 120 میلی لیتر,True,55000,,
,https://digikala.com/product/dkp-12499627/%DA%A9%D9%88%D8%AF-%D9%81%D8%B3%D9%81%D8%B1-%D9%BE%D8%AA%D8%A7%D8%B3-%DA%A9%D9%88%D8%A6%DB%8C%D9%86-%D9%85%D8%AF%D9%84-%D8%A7%DB%8C%DA%A9%D8%B3-%DA%AF%D8%B1%DB%8C%D9%86-%D8%AD%D8%AC%D9%85-05-%D9%84%DB%8C%D8%AA%D8%B1/,https://www.digikala.com/search/category-soils-and-fertilizers/?page=61,کود فسفر پتاس کوئین مدل ایکس گرین حجم 0.5 لیتر,True,450000,,
,https://digikala.com/product/dkp-16787224/%D8%B3%DB%8C%D9%84%DB%8C%D8%B3-%D9%85%D8%AF%D9%84-%D8%AF%D8%A7%D9%86%D9%87-%D8%B4%DA%A9%D8%B1%DB%8C-1-%D8%AA%D8%A7-2-%D9%88%D8%B2%D9%86-3-%DA%A9%DB%8C%D9%84%D9%88%DA%AF%D8%B1%D9%85/,https://www.digikala.com/search/category-soils-and-fertilizers/?page=62,سیلیس مدل دانه شکری 1 تا 2 وزن 3 کیلوگرم,True,697500,3.0,232500.0
,https://digikala.com/product/dkp-16892229/%DA%A9%D9%88%D8%AF-%D9%85%D8%A7%DB%8C%D8%B9-%DA%AF%D9%84%D8%AF%D9%87%DB%8C-%D8%AD%D8%A7%D8%B5%D9%84%D8%AE%DB%8C%D8%B2-%D9%85%D8%AF%D9%84-52040-%D8%AD%D8%AC%D9%85-1-%D9%84%DB%8C%D8%AA%D8%B1/,https://www.digikala.com/search/category-soils-and-fertilizers/?page=62,کود مایع گلدهی حاصلخیز مدل 5.20.40 حجم 1 لیتر,True,600000,1.0,600000.0
,https://digikala.com/product/dkp-16892411/%DA%A9%D9%88%D8%AF-%D9%85%D8%A7%DB%8C%D8%B9-%D8%B1%DB%8C%D8%B4%D9%87-%D8%B2%D8%A7%DB%8C%DB%8C-%D8%AD%D8%A7%D8%B5%D9%84%D8%AE%DB%8C%D8%B2-%D9%85%D8%AF%D9%84-105210-%D8%AD%D8%AC%D9%85-100-%D9%85%DB%8C%D9%84%DB%8C-%D9%84%DB%8C%D8%AA%D8%B1/,https://www.digikala.com/search/category-soils-and-fertilizers/?page=62,کود مایع ریشه زایی حاصلخیز مدل 10.52.10 حجم 100 میلی لیتر,True,110000,,
,https://digikala.com/product/dkp-16711051/%DA%A9%D9%88%DA%A9%D9%88%D9%BE%DB%8C%D8%AA-%D8%AA%D8%B1%DA%A9%DB%8C%D8%A8-%D8%B4%D8%AF%D9%87-%D8%A8%D8%A7-%D9%BE%D8%B1%D9%84%DB%8C%D8%AA-%D8%A8%D8%A7%D8%BA%D8%A8%D8%A7%D9%86-%D9%85%D8%AF%D9%84-coco-%D8%AD%D8%AC%D9%85-20-%D9%84%DB%8C%D8%AA%D8%B1/,https://www.digikala.com/search/category-soils-and-fertilizers/?page=62,کوکوپیت ترکیب شده با پرلیت باغبان مدل Coco حجم 20 لیتر,True,230000,20.0,11500.0
,https://digikala.com/product/dkp-16583020/%D8%A8%D8%B3%D8%AA%D8%B1-%D8%A2%D9%85%D8%A7%D8%AF%D9%87-%DA%A9%D8%A7%D8%B4%D8%AA-%D8%A8%D8%A7%D8%BA%D8%A8%D8%A7%D9%86-%D9%85%D8%AF%D9%84-bastar8-%D8%AD%D8%AC%D9%85-8-%D9%84%DB%8C%D8%AA%D8%B1/,https://www.digikala.com/search/category-soils-and-fertilizers/?page=62,بستر آماده کاشت باغبان مدل Bastar8 حجم 8 لیتر,True,80000,8.0,10000.0
,https://digikala.com/product/dkp-12247146/%D9%BE%D8%B1%D9%84%DB%8C%D8%AA-%D8%AF%D8%A7%D9%86%D9%87-%D8%B1%DB%8C%D8%B2-%D9%81%D8%B5%D9%84-%D8%B3%D8%A8%D8%B2-%D9%85%D8%AF%D9%84-perlit-1-3-%DA%A9%D8%AF-001-%D9%88%D8%B2%D9%86-2-%DA%A9%DB%8C%D9%84%D9%88%DA%AF%D8%B1%D9%85/,https://www.digikala.com/search/category-soils-and-fertilizers/?page=63,پرلیت دانه ریز فصل سبز مدل Perlit-1-3 کد 001 وزن 2 کیلوگرم,True,126000,1000.0,126.0
,https://digikala.com/product/dkp-13310782/%DA%A9%D9%88%D8%AF-%D8%AA%D9%82%D9%88%DB%8C%D8%AA%DB%8C-%D8%B9%D9%86%D8%A7%D8%B5%D8%B1-%D8%B1%DB%8C%D8%B2-%D9%85%D8%BA%D8%B0%DB%8C-%D9%85%DB%8C%DA%A9%D8%B1%D9%88-%D9%85%D8%A7%DB%8C%D8%B9-%D9%87%D9%BE%DB%8C-%D9%BE%D9%84%D9%86%D8%AA-%D9%85%D8%AF%D9%84-%D9%85%DB%8C%DA%A9%D8%B1%D9%88%D9%85%DB%8C%DA%A9%D8%B3-%D8%AD%D8%AC%D9%85-60-%D9%85%DB%8C%D9%84%DB%8C-%D9%84%DB%8C%D8%AA%D8%B1/,https://www.digikala.com/search/category-soils-and-fertilizers/?page=63,کود تقویتی عناصر ریز مغذی میکرو مایع هپی پلنت مدل میکرومیکس حجم 60 میلی لیتر,True,83000,,
,https://digikala.com/product/dkp-13412662/%DA%A9%D9%88%D8%AF-%D8%AA%D9%82%D9%88%DB%8C%D8%AA%DB%8C-%D8%B3%D9%87-%DA%AF%D8%A7%D9%86%D9%87-%D8%A2%D9%87%D9%86-%D8%B1%D9%88%DB%8C-%D9%88-%D9%85%D9%86%DA%AF%D9%86%D8%B2-%D9%87%D9%BE%DB%8C-%D9%BE%D9%84%D9%86%D8%AA-%D9%85%D8%AF%D9%84-fmz-%D8%AD%D8%AC%D9%85-60-%D9%85%DB%8C%D9%84%DB%8C-%D9%84%DB%8C%D8%AA%D8%B1/,https://www.digikala.com/search/category-soils-and-fertilizers/?page=63,کود تقویتی سه گانه آهن روی و منگنز هپی پلنت مدل FMZ حجم 60 میلی لیتر,True,83000,,
,https://digikala.com/product/dkp-13337176/%DA%A9%D9%88%D8%AF-%D8%AA%D9%82%D9%88%DB%8C%D8%AA%DB%8C-%D8%A2%D9%87%D9%86-%DA%A9%D9%84%D8%A7%D8%AA%D9%87-%D9%85%D8%A7%DB%8C%D8%B9-%D9%87%D9%BE%DB%8C-%D9%BE%D9%84%D9%86%D8%AA-%D9%85%D8%AF%D9%84-eddha-%D8%AD%D8%AC%D9%85-60-%D9%85%DB%8C%D9%84%DB%8C-%D9%84%DB%8C%D8%AA%D8%B1/,https://www.digikala.com/search/category-soils-and-fertilizers/?page=63,کود تقویتی آهن کلاته مایع هپی پلنت مدل EDDHA حجم 60 میلی لیتر,True,83000,,
,https://digikala.com/product/dkp-13388023/%DA%A9%D9%88%D8%AF-%DA%A9%D8%A7%D9%85%D9%84-%DA%AF%D8%B1%D8%A7%D9%86%D9%88%D9%84-%D9%85%D8%B1%D8%B3%DB%8C%D9%85%DA%A9%D8%B3-%D9%85%D8%AF%D9%84-npk-7-4-7-%D9%88%D8%B2%D9%86-1-%DA%A9%DB%8C%D9%84%D9%88%DA%AF%D8%B1%D9%85/,https://www.digikala.com/search/category-soils-and-fertilizers/?page=63,کود کامل گرانول مرسیمکس مدل NPK 7-4-7 وزن 1 کیلوگرم,True,130000,1.0,130000.0
,https://digikala.com/product/dkp-3122868/%DA%A9%D9%88%D8%AF-%DA%AF%DB%8C%D8%A7%D9%87-%D9%85%D8%AF%D9%84-202020-npk-%D9%88%D8%B2%D9%86-30-%DA%AF%D8%B1%D9%85/,https://www.digikala.com/search/category-soils-and-fertilizers/?page=64,کود گیاه مدل 20.20.20 NPK وزن 30 گرم,True,69000,,
,https://digikala.com/product/dkp-15917788/%DA%A9%D9%88%D8%AF-%D8%B1%DB%8C%D8%B4%D9%87-%D8%B2%D8%A7%DB%8C%DB%8C-%D9%85%D8%AF%D9%84-%D9%81%D8%B3%D9%81%D8%B1-%D8%A8%D8%A7%D9%84%D8%A7-%D9%88%D8%B2%D9%86-1-%DA%A9%DB%8C%D9%84%D9%88%DA%AF%D8%B1%D9%85/,https://www.digikala.com/search/category-soils-and-fertilizers/?page=64,کود ریشه زایی مدل فسفر بالا وزن 1 کیلوگرم,True,137000,1.0,137000.0
,https://digikala.com/product/dkp-15651042/%DA%A9%D9%88%D8%AF-%D8%B3%D9%88%D9%BE%D8%B1-%D9%81%DB%8C%D9%88%D8%AA%D8%A7%D9%BE-%D9%81%DB%8C%D9%88%DA%86%D8%B1%DA%A9%D9%88-%D8%A8%D8%A7%DB%8C%D9%88%D8%B3%D8%A7%DB%8C%D9%86%D8%B3-%D9%85%D8%AF%D9%84-top-%D8%AD%D8%AC%D9%85-1-%D9%84%DB%8C%D8%AA%D8%B1/,https://www.digikala.com/search/category-soils-and-fertilizers/?page=64,کود سوپر فیوتاپ فیوچرکو بایوساینس مدل Top حجم 1 لیتر,True,1500000,1.0,1500000.0
,https://digikala.com/product/dkp-3436611/%D8%AE%D8%A7%DA%A9-%D9%88%D8%B1%D9%85%DB%8C-%DA%A9%D9%85%D9%BE%D9%88%D8%B3%D8%AA-%D8%B3%D9%88%D8%B1%DB%8C%D9%86-%D8%AE%D8%A7%DA%A9-%D9%85%D8%AF%D9%84-w10-%D8%AD%D8%AC%D9%85-20-%D9%84%DB%8C%D8%AA%D8%B1/,https://www.digikala.com/search/category-soils-and-fertilizers/?page=64,خاک ورمی کمپوست سورین خاک مدل W10 حجم 20 لیتر,True,221250,20.0,11062.5
,https://digikala.com/product/dkp-3436696/%D8%AE%D8%A7%DA%A9-%D8%A2%D9%85%D8%A7%D8%AF%D9%87-%DA%A9%D8%B4%D8%AA-%D9%BE%D9%84%D8%A7%D8%B3-%D8%B3%D9%88%D8%B1%DB%8C%D9%86-%D8%AE%D8%A7%DA%A9-%D9%85%D8%AF%D9%84-akp20-%D8%AD%D8%AC%D9%85-20-%D9%84%DB%8C%D8%AA%D8%B1/,https://www.digikala.com/search/category-soils-and-fertilizers/?page=64,خاک آماده کشت پلاس سورین خاک مدل AKP20 حجم 20 لیتر,True,221250,20.0,11062.5
,https://digikala.com/product/dkp-17693764/%DA%A9%D9%88%D8%AF-%D9%85%D8%A7%DB%8C%D8%B9-%D9%82%D9%84%D9%85%D9%87-%D9%88-%DA%A9%D9%88%D8%AF-%DA%A9%D8%A7%DA%A9%D8%AA%D9%88%D8%B3-%D9%85%D8%AF%D9%84-life-drop-%D8%AD%D8%AC%D9%85-110-%D9%85%DB%8C%D9%84%DB%8C-%D9%84%DB%8C%D8%AA%D8%B1-%D8%A8%D8%B3%D8%AA%D9%87-2-%D8%B9%D8%AF%D8%AF%DB%8C/,https://www.digikala.com/search/category-soils-and-fertilizers/?page=65,کود مایع قلمه و کود کاکتوس مدل life drop حجم 110 میلی لیتر بسته 2 عددی,True,70000,,
,https://digikala.com/product/dkp-18222646/%D9%86%DB%8C%D8%AA%D8%B1%D8%A7%D8%AA-%D9%BE%D8%AA%D8%A7%D8%B3%DB%8C%D9%85-%D9%85%D8%AF%D9%84-life-d-%D8%AD%D8%AC%D9%85-110-%D9%85%DB%8C%D9%84%DB%8C-%D9%84%DB%8C%D8%AA%D8%B1/,https://www.digikala.com/search/category-soils-and-fertilizers/?page=65,نیترات پتاسیم مدل life - D حجم 110 میلی لیتر,True,48000,,
,https://digikala.com/product/dkp-18222721/%D9%85%D9%82%D8%AF%D8%A7%D8%B1-%D9%82%D8%A8%D9%84%DB%8C-%DA%A9%D9%88%D8%AF-%D8%A7%D8%B2%D8%AA-10-10-30-%D9%85%D8%AF%D9%84-life-d-%D8%AD%D8%AC%D9%85-110-%D9%85%DB%8C%D9%84%DB%8C-%D9%84%DB%8C%D8%AA%D8%B1/,https://www.digikala.com/search/category-soils-and-fertilizers/?page=65,مقدار قبلی: کود ازت 10-10-30 مدل life - D حجم 110 میلی لیتر,True,48000,,
,https://digikala.com/product/dkp-18254783/%DA%A9%D9%88%D8%AF-%D9%85%DB%8C%DA%A9%D8%B1%D9%88%D8%AA%D8%A7%D9%BE-%D8%A7%DB%8C%DA%A9%D8%B3-%DA%AF%D8%B1%DB%8C%D9%86-%D9%85%D8%AF%D9%84-top-micro-%D8%AD%D8%AC%D9%85-%DB%8C%DA%A9-%D9%84%DB%8C%D8%AA%D8%B1/,https://www.digikala.com/search/category-soils-and-fertilizers/?page=65,کود میکروتاپ ایکس گرین مدل Top micro حجم یک لیتر,True,630000,,
,https://digikala.com/product/dkp-18254942/%DA%A9%D9%88%D8%AF-%D9%85%D8%A7%DB%8C%D8%B9-%D8%A8%D8%A7%D9%85%D8%A8%D9%88-%D9%88-%D9%85%D8%A7%D9%84%D8%A7%D8%AA%DB%8C%D9%88%D9%86-%D9%85%D8%AF%D9%84-life-d-%D8%AD%D8%AC%D9%85-110-%D9%85%DB%8C%D9%84%DB%8C-%D9%84%DB%8C%D8%AA%D8%B1-%D8%A8%D8%B3%D8%AA%D9%87-2-%D8%B9%D8%AF%D8%AF%DB%8C/,https://www.digikala.com/search/category-soils-and-fertilizers/?page=65,کود مایع بامبو و مالاتیون مدل life - D حجم 110 میلی لیتر بسته 2 عددی,True,78000,,
,https://digikala.com/product/dkp-17635676/%DA%A9%D9%88%D8%AF-%DA%A9%D9%84%D8%B3%DB%8C%D9%85-%D9%85%D8%A7%DB%8C%D8%B9-%D9%BE%D8%B1%D9%88%D9%81%D8%B1%D8%AA-%D9%85%D8%AF%D9%84-%D9%BE%D8%B1%D9%88%D9%85%DB%8C%DA%A9%D8%B3-135-%D8%AD%D8%AC%D9%85-1-%D9%84%DB%8C%D8%AA%D8%B1/,https://www.digikala.com/search/category-soils-and-fertilizers/?page=66,کود کلسیم مایع پروفرت مدل پرومیکس 135 حجم 1 لیتر,True,690000,1.0,690000.0
,https://digikala.com/product/dkp-17636908/%DA%A9%D9%88%D8%AF-%D9%85%D8%A7%DB%8C%D8%B9-%D8%A8%D8%A7%D9%85%D8%A8%D9%88-%D9%88-%D8%B1%DB%8C%D8%B2-%D9%85%D8%BA%D8%B0%DB%8C-%D9%85%D8%AF%D9%84-life-drop-%D8%AD%D8%AC%D9%85-110-%D9%85%DB%8C%D9%84%DB%8C-%D9%84%DB%8C%D8%AA%D8%B1/,https://www.digikala.com/search/category-soils-and-fertilizers/?page=66,کود مایع بامبو و ریز مغذی مدل life drop حجم 110 میلی لیتر,True,65000,,
,https://digikala.com/product/dkp-17636959/%DA%A9%D9%88%D8%AF-%D9%85%D8%A7%DB%8C%D8%B9-%D8%A8%D8%A7%D9%85%D8%A8%D9%88-%D9%88-%D8%B3%D8%A7%D9%86%D8%B3%D9%88%D8%B1%DB%8C%D8%A7-%D9%85%D8%AF%D9%84-life-drop-%D8%AD%D8%AC%D9%85-110-%D9%85%DB%8C%D9%84%DB%8C-%D9%84%DB%8C%D8%AA%D8%B1/,https://www.digikala.com/search/category-soils-and-fertilizers/?page=66,کود مایع بامبو و سانسوریا مدل life drop حجم 110 میلی لیتر,True,65000,,
,https://digikala.com/product/dkp-17637041/%DA%A9%D9%88%D8%AF-%D9%85%D8%A7%DB%8C%D8%B9-%D8%A8%D8%A7%D9%85%D8%A8%D9%88-%D9%88-%D8%B4%D9%81%D9%84%D8%B1%D8%A7-%D9%85%D8%AF%D9%84-life-drop-%D8%AD%D8%AC%D9%85-110-%D9%85%DB%8C%D9%84%DB%8C-%D9%84%DB%8C%D8%AA%D8%B1/,https://www.digikala.com/search/category-soils-and-fertilizers/?page=66,کود مایع بامبو و شفلرا مدل life drop حجم 110 میلی لیتر,True,65000,,
,https://digikala.com/product/dkp-17637063/%DA%A9%D9%88%D8%AF-%D9%85%D8%A7%DB%8C%D8%B9-%D8%A8%D8%A7%D9%85%D8%A8%D9%88-%D9%88-%DA%A9%D8%A7%DA%A9%D8%AA%D9%88%D8%B3-%D9%85%D8%AF%D9%84-life-drop-%D8%AD%D8%AC%D9%85-110-%D9%85%DB%8C%D9%84%DB%8C-%D9%84%DB%8C%D8%AA%D8%B1/,https://www.digikala.com/search/category-soils-and-fertilizers/?page=66,کود مایع بامبو و کاکتوس مدل life drop حجم 110 میلی لیتر,True,65000,,
,https://digikala.com/product/dkp-17458050/%DA%A9%D9%88%D8%AF-%D9%85%D8%A7%DB%8C%D8%B9-%D9%BE%D8%A7%DA%86%DB%8C%D8%B1%D8%A7-%D8%B8%D8%B1%D8%A7%D9%81%D8%AA-%D9%85%D8%AF%D9%84-ko19160-%D8%AD%D8%AC%D9%85-250-%D9%85%DB%8C%D9%84%DB%8C-%D9%84%DB%8C%D8%AA%D8%B1/,https://www.digikala.com/search/category-soils-and-fertilizers/?page=67,کود مایع پاچیرا ظرافت مدل KO19160 حجم 250 میلی لیتر,True,139000,,
,https://digikala.com/product/dkp-17203468/%D9%87%D9%88%D8%B1%D9%85%D9%88%D9%86-%D8%B1%DB%8C%D8%B4%D9%87-%D8%B2%D8%A7%DB%8C%DB%8C-%DB%8C%D8%A7%D8%B3-%D9%85%D8%AF%D9%84-h-%D8%AD%D8%AC%D9%85-50-%D9%85%DB%8C%D9%84%DB%8C-%D9%84%DB%8C%D8%AA%D8%B1/,https://www.digikala.com/search/category-soils-and-fertilizers/?page=67,هورمون ریشه زایی یاس مدل +H حجم 50 میلی لیتر,True,97500,,
,https://digikala.com/product/dkp-17207605/%DA%A9%D9%88%D8%AF-npk-12-12-36-%D8%B3%D8%A7%D9%86%D8%B3%D9%88%DB%8C-%DA%AF%D8%B1%DB%8C%D9%86-%D9%85%D8%AF%D9%84-%D9%BE%D9%88%D8%AF%D8%B1%DB%8C-%D9%88%D8%B2%D9%86-%D8%AF%D9%87-%DA%A9%DB%8C%D9%84%D9%88%DA%AF%D8%B1%D9%85/,https://www.digikala.com/search/category-soils-and-fertilizers/?page=67,کود NPK 12-12-36 سانسوی گرین مدل پودری وزن ده کیلوگرم,True,2716000,,
,https://digikala.com/product/dkp-17199966/%DA%A9%D9%88%D8%AF-npk-15-5-30-%D8%B3%D8%A7%D9%86%D8%B3%D9%88%DB%8C-%DA%AF%D8%B1%DB%8C%D9%86-%D9%85%D8%AF%D9%84-%D9%BE%D9%88%D8%AF%D8%B1%DB%8C-%D9%88%D8%B2%D9%86-%D8%AF%D9%87-%DA%A9%DB%8C%D9%84%D9%88%DA%AF%D8%B1%D9%85/,https://www.digikala.com/search/category-soils-and-fertilizers/?page=67,کود NPK 15-5-30 سانسوی گرین مدل پودری وزن ده کیلوگرم,True,2502600,,
,https://digikala.com/product/dkp-17474501/%DA%A9%D9%88%D8%AF-%DA%A9%D8%A7%D9%85%D9%84-%D8%B3%D9%87-%D8%A8%DB%8C%D8%B3%D8%AA-20-20-20-%D9%BE%D9%88%D8%AF%D8%B1%DB%8C-npk-%D8%B4%DB%8C%D8%B1%D8%A7%D8%B2%DA%A9%D8%B4%D8%AA-%D9%85%D8%AF%D9%84-%D8%AE%D8%A7%D9%86%DA%AF%DB%8C-%D9%88%D8%B2%D9%86-100-%DA%AF%D8%B1%D9%85/,https://www.digikala.com/search/category-soils-and-fertilizers/?page=67,کود کامل سه بیست (20-20-20) پودری NPK شیرازکشت مدل خانگی وزن 100 گرم,True,129000,,
,https://digikala.com/product/dkp-4659921/%DA%A9%D9%88%D8%AF-%D8%A7%D8%B3%DB%8C%D8%AF-%D8%A2%D9%85%DB%8C%D9%86%D9%87-%D9%88-%DA%A9%D8%B1%D8%A8%D9%86-%D8%A7%D9%84%DB%8C-%DA%AF%D8%B1%D9%88%D9%85%D9%88%D8%B1-%D9%85%D8%AF%D9%84-%D9%81%D9%88%DA%AF%D9%88-%D8%A8%DB%8C%D8%B3-%D8%AD%D8%AC%D9%85-1-%D9%84%DB%8C%D8%AA%D8%B1/,https://www.digikala.com/search/category-soils-and-fertilizers/?page=68,کود اسید آمینه و کربن الی گرومور مدل فوگو بیس حجم 1 لیتر,True,1052000,1.0,1052000.0
,https://digikala.com/product/dkp-4743687/%D9%85%D8%AC%D9%85%D9%88%D8%B9%D9%87-%D8%A2%D9%85%D8%A7%D8%AF%D9%87-%DA%A9%D8%A7%D8%B4%D8%AA-%D8%B3%D8%A8%D8%B2%D9%87-%D8%AC%D8%A7%D8%AF%D9%88%DB%8C%DB%8C-%DA%A9%D8%AF-2021/,https://www.digikala.com/search/category-soils-and-fertilizers/?page=68,مجموعه آماده کاشت سبزه جادویی کد 2021,True,197000,,
,https://digikala.com/product/dkp-4704420/%DA%A9%D9%88%D8%AF-%D8%A2%D9%85%DB%8C%D9%86%D9%88-%D8%A7%D8%B3%DB%8C%D8%AF-%DA%AF%DB%8C%D8%A7%D9%87%D8%A7%D9%86-%D8%A2%D9%BE%D8%A7%D8%B1%D8%AA%D9%85%D8%A7%D9%86%DB%8C-%D9%85%D8%AF%D9%84-%D8%A7%D8%B1%DA%AF%D8%A7%D9%86%D8%A7%D9%85%DB%8C%D9%86-%D8%AD%D8%AC%D9%85-1-%D9%84%DB%8C%D8%AA%D8%B1/,https://www.digikala.com/search/category-soils-and-fertilizers/?page=68,کود آمینو اسید گیاهان آپارتمانی مدل ارگانامین حجم 1 لیتر,True,690000,1.0,690000.0
,https://digikala.com/product/dkp-5625385/%DA%A9%D9%88%D8%AF-%D8%AC%D8%A7%D9%85%D8%AF-%D9%85%D8%AD%D8%B1%DA%A9-%D8%B1%D8%B4%D8%AF-%D8%AA%D8%B1%DB%8C-%D8%B3%D8%AA-%D9%81%DB%8C%D9%88%DA%86%D8%B1%DA%A9%D9%88-%D8%A8%D8%A7%DB%8C%D9%88%D8%B3%D8%A7%DB%8C%D9%86%D8%B3-%D9%85%D8%AF%D9%84-fd4243-%D9%88%D8%B2%D9%86-1-%DA%A9%DB%8C%D9%84%D9%88%DA%AF%D8%B1%D9%85/,https://www.digikala.com/search/category-soils-and-fertilizers/?page=68,کود جامد محرک رشد تری ست فیوچرکو بایوساینس مدل FD4243 وزن 1 کیلوگرم,True,3300000,1.0,3300000.0
,https://digikala.com/product/dkp-5607200/%DA%A9%D9%88%D8%AF-%D9%85%D8%A7%DB%8C%D8%B9-%D8%B2%D8%A7%D9%85%DB%8C%D9%81%D9%88%D9%84%DB%8C%D8%A7-%D8%A8%D9%84%D8%AA-%D9%88%D8%B1%DA%A9-%DA%A9%D8%AF-zam1-%D8%AD%D8%AC%D9%85-250-%D9%85%DB%8C%D9%84%DB%8C-%D9%84%DB%8C%D8%AA%D8%B1/,https://www.digikala.com/search/category-soils-and-fertilizers/?page=68,کود مایع زامیفولیا بلت ورک کد ZAM1 حجم 250 میلی لیتر,True,165000,,
,https://digikala.com/product/dkp-6817177/%DA%A9%D9%88%D8%AF-%DA%A9%D8%A7%D9%85%D9%84-%D8%A8%D8%B1%DA%AF-%D8%A7%D9%86%D8%AC%DB%8C%D8%B1%DB%8C-%D9%85%D9%88%D9%86%D8%B3%D8%AA%D8%B1%D8%A7-%D9%85%D8%AF%D9%84-a22-%D8%AD%D8%AC%D9%85-120-%D9%85%DB%8C%D9%84%DB%8C-%D9%84%DB%8C%D8%AA%D8%B1/,https://www.digikala.com/search/category-soils-and-fertilizers/?page=69,کود کامل برگ انجیری مونسترا مدل A22 حجم 120 میلی لیتر,True,65900,,
,https://digikala.com/product/dkp-6839476/%DA%A9%D9%88%D8%AF-%DA%A9%D8%A7%D9%85%D9%84-%D9%85%D8%A7%DB%8C%D8%B9-%DA%AF%D9%84-%DB%8C%D8%A7%D8%B3-%D9%85%D8%AF%D9%84-gl2-%D8%AD%D8%AC%D9%85-120-%D9%85%DB%8C%D9%84%DB%8C-%D9%84%DB%8C%D8%AA%D8%B1-%D8%A8%D8%B3%D8%AA%D9%87-%D8%AF%D9%88-%D8%B9%D8%AF%D8%AF%DB%8C/,https://www.digikala.com/search/category-soils-and-fertilizers/?page=69,کود کامل مایع گل یاس مدل GL2 حجم 120 میلی لیتر بسته دو عددی,True,65900,2.0,32950.0
,https://digikala.com/product/dkp-6839552/%DA%A9%D9%88%D8%AF-%DA%A9%D8%A7%D9%85%D9%84-%D8%A2%D8%A6%D9%88%D9%86%DB%8C%D9%88%D9%85-%DA%AF%D9%84-%D8%A8%D8%B4%D9%82%D8%A7%D8%A8%DB%8C-%D9%85%D8%AF%D9%84-a38-%D8%AD%D8%AC%D9%85-120-%D9%85%DB%8C%D9%84%DB%8C-%D9%84%DB%8C%D8%AA%D8%B1/,https://www.digikala.com/search/category-soils-and-fertilizers/?page=69,کود کامل آئونیوم گل بشقابی مدل A38 حجم 120 میلی لیتر,True,65900,,
,https://digikala.com/product/dkp-6839876/%DA%A9%D9%88%D8%AF-%DA%AF%D9%84-%D9%87%D8%A7%DB%8C-%D8%A2%D9%BE%D8%A7%D8%B1%D8%AA%D9%85%D8%A7%D9%86%DB%8C-%D9%81%D9%84%D8%A7%D9%88%D8%B1%DA%AF%D8%B1%D9%88-%D9%85%D8%AF%D9%84-p10-%D9%88%D8%B2%D9%86-80-%DA%AF%D8%B1%D9%85-%D8%A8%D8%B3%D8%AA%D9%87-10-%D8%B9%D8%AF%D8%AF%DB%8C/,https://www.digikala.com/search/category-soils-and-fertilizers/?page=69,کود گل های آپارتمانی فلاورگرو مدل P10 وزن 80 گرم بسته 10 عددی,True,595000,,
,https://digikala.com/product/dkp-7576486/%DA%A9%D9%88%D8%AF-%D9%85%D8%A7%DB%8C%D8%B9-%D9%85%D8%AD%D8%B1%DA%A9-%D8%B1%D8%B4%D8%AF-%D9%BE%D9%BE%D8%B1%D9%88%D9%85%DB%8C%D8%A7-%D9%85%D8%AF%D9%84-mpower-%D8%AD%D8%AC%D9%85-120-%D9%85%DB%8C%D9%84%DB%8C-%D9%84%DB%8C%D8%AA%D8%B1-%D8%A8%D8%B3%D8%AA%D9%87-%D8%B3%D9%87-%D8%B9%D8%AF%D8%AF%DB%8C/,https://www.digikala.com/search/category-soils-and-fertilizers/?page=69,کود مایع محرک رشد پپرومیا مدل Mpower حجم 120 میلی لیتر بسته سه عددی,True,129800,,
,https://digikala.com/product/dkp-7544146/%DA%A9%D9%88%D8%AF-%D9%85%D8%A7%DB%8C%D8%B9-%D9%85%D8%AD%D8%B1%DA%A9-%D8%B1%D8%B4%D8%AF-%DA%86%D8%AA%D8%B1%DB%8C-%D8%B4%D9%81%D9%84%D8%B1%D8%A7-%D9%85%D8%AF%D9%84-super-power%D8%AD%D8%AC%D9%85-120-%D9%85%DB%8C%D9%84%DB%8C-%D9%84%DB%8C%D8%AA%D8%B1-%D8%A8%D8%B3%D8%AA%D9%87-%D8%AF%D9%88-%D8%B9%D8%AF%D8%AF%DB%8C/,https://www.digikala.com/search/category-soils-and-fertilizers/?page=70,کود مایع محرک رشد چتری شفلرا مدل Super powerحجم  120 میلی لیتر بسته دو عددی,True,98900,,
,https://digikala.com/product/dkp-7544416/%DA%A9%D9%88%D8%AF-%D9%85%D8%A7%DB%8C%D8%B9-%D9%85%D8%AD%D8%B1%DA%A9-%D8%B1%D8%B4%D8%AF-%D8%B3%D8%B1%D8%AE%D8%B3-%D8%B2%DB%8C%D9%86%D8%AA%DB%8C-%D9%85%D8%AF%D9%84-super-power%D8%AD%D8%AC%D9%85-120-%D9%85%DB%8C%D9%84%DB%8C-%D9%84%DB%8C%D8%AA%D8%B1-%D8%A8%D8%B3%D8%AA%D9%87-%D8%AF%D9%88-%D8%B9%D8%AF%D8%AF%DB%8C/,https://www.digikala.com/search/category-soils-and-fertilizers/?page=70,کود مایع محرک رشد سرخس زینتی مدل Super powerحجم  120 میلی لیتر بسته دو عددی,True,98900,,
,https://digikala.com/product/dkp-7533863/%DA%A9%D9%88%D8%AF-%D9%85%D8%A7%DB%8C%D8%B9-%D9%85%D8%AD%D8%B1%DA%A9-%D8%B1%D8%B4%D8%AF-%D8%A7%D8%B3%D8%B7%D9%88%D8%AE%D8%AF%D9%88%D8%B3-%D9%85%D8%AF%D9%84-super-power-%D8%AD%D8%AC%D9%85-120-%D9%85%DB%8C%D9%84%DB%8C-%D9%84%DB%8C%D8%AA%D8%B1-%D8%A8%D8%B3%D8%AA%D9%87-%D8%AF%D9%88-%D8%B9%D8%AF%D8%AF%DB%8C/,https://www.digikala.com/search/category-soils-and-fertilizers/?page=70,کود مایع محرک رشد اسطوخدوس مدل Super power حجم  120 میلی لیتر بسته دو عددی,True,97680,,
,https://digikala.com/product/dkp-7534039/%DA%A9%D9%88%D8%AF-%D9%85%D8%A7%DB%8C%D8%B9-%D9%85%D8%AD%D8%B1%DA%A9-%D8%B1%D8%B4%D8%AF-%D8%A8%D8%A7%D9%85%D8%A8%D9%88-%D9%85%D8%AF%D9%84-super-power-%D8%AD%D8%AC%D9%85-120-%D9%85%DB%8C%D9%84%DB%8C-%D9%84%DB%8C%D8%AA%D8%B1-%D8%A8%D8%B3%D8%AA%D9%87-%D8%AF%D9%88-%D8%B9%D8%AF%D8%AF%DB%8C/,https://www.digikala.com/search/category-soils-and-fertilizers/?page=70,کود مایع محرک رشد بامبو مدل Super power حجم 120 میلی لیتر بسته دو عددی,True,98900,,
,https://digikala.com/product/dkp-7534359/%DA%A9%D9%88%D8%AF-%D9%85%D8%A7%DB%8C%D8%B9-%D9%85%D8%AD%D8%B1%DA%A9-%D8%B1%D8%B4%D8%AF-%D8%A8%D8%B1%DA%AF-%D8%B9%D8%A8%D8%A7%DB%8C%DB%8C-%D9%85%D8%AF%D9%84-super-power-%D8%AD%D8%AC%D9%85-120-%D9%85%DB%8C%D9%84%DB%8C-%D9%84%DB%8C%D8%AA%D8%B1-%D8%A8%D8%B3%D8%AA%D9%87-%D8%AF%D9%88-%D8%B9%D8%AF%D8%AF%DB%8C/,https://www.digikala.com/search/category-soils-and-fertilizers/?page=70,کود مایع محرک رشد برگ عبایی مدل Super power حجم 120 میلی لیتر بسته دو عددی,True,98900,,
,https://digikala.com/product/dkp-18222679/%D9%85%D8%A7%D9%84%D8%A7%D8%AA%DB%8C%D9%88%D9%86-%D9%85%D8%AF%D9%84-life-d-%D8%AD%D8%AC%D9%85-110-%D9%85%DB%8C%D9%84%DB%8C-%D9%84%DB%8C%D8%AA%D8%B1/,https://www.digikala.com/search/category-soils-and-fertilizers/?page=71,مالاتیون مدل life - D حجم 110 میلی لیتر,True,58000,,
,https://digikala.com/product/dkp-273864/%DA%A9%D9%88%D8%AF-%D8%AC%D8%A7%D9%85%D8%AF-%D9%81%D9%84%D9%88%D8%B1%DB%8C%D8%B4-%D9%85%D8%A7%DA%A9%D8%B1%D9%88-20-20-20-%D8%A8%D8%B3%D8%AA%D9%87-1-%DA%A9%DB%8C%D9%84%D9%88%DA%AF%D8%B1%D9%85%DB%8C/,https://www.digikala.com/search/category-soils-and-fertilizers/?page=71,کود جامد فلوریش ماکرو 20-20-20 بسته 1 کیلوگرمی,True,655000,1.0,655000.0
,https://digikala.com/product/dkp-15373230/%DA%A9%D9%88%D8%AF-%DA%A9%D8%A7%D9%85%D9%84-%D9%BE%D9%88%D8%AF%D8%B1%DB%8C-%D9%88%D8%A7%D9%86%D9%88%D9%85%D8%A7-%D9%85%D8%AF%D9%84-10-52-10-npk-%D9%88%D8%B2%D9%86-1-%DA%A9%DB%8C%D9%84%D9%88%DA%AF%D8%B1%D9%85/,https://www.digikala.com/search/category-soils-and-fertilizers/?page=71,کود کامل پودری وانوما مدل 10-52-10 NPK وزن 1 کیلوگرم,True,351000,1.0,351000.0
,https://digikala.com/product/dkp-768579/%DA%A9%D9%88%D8%AF-%DA%A9%D8%A7%D9%85%D9%84-%D8%AA%D8%AA%D8%A7%DA%A9%D9%88-%D9%85%D8%AF%D9%84-morespray-npk-20-20-20te-%D8%A8%D8%B3%D8%AA%D9%87-%DB%8C%DA%A9-%DA%A9%DB%8C%D9%84%D9%88%DA%AF%D8%B1%D9%85%DB%8C/,https://www.digikala.com/search/category-soils-and-fertilizers/?page=71,کود کامل تتاکو مدل MORESPRAY-NPK 20-20-20+TE بسته یک کیلوگرمی,True,320000,,
,https://digikala.com/product/dkp-17113366/%D8%A8%D8%B1%DA%AF-%D9%BE%D9%88%D8%B3%DB%8C%D8%AF%D9%87-%D8%B4%D8%AF%D9%87-%D8%B3%D8%B1%D8%B2%D9%85%DB%8C%D9%86-%D8%AE%D8%A7%DA%A9-%D9%85%D8%AF%D9%84-ba10-%D8%AD%D8%AC%D9%85-10-%D9%84%DB%8C%D8%AA%D8%B1/,https://www.digikala.com/search/category-soils-and-fertilizers/?page=71,برگ پوسیده شده سرزمین خاک مدل BA10 حجم 10 لیتر,True,168000,10.0,16800.0
,https://digikala.com/product/dkp-19152430/%DA%A9%D9%88%D8%AF-%D8%AF%D8%B1%D8%AE%D8%AA-%D8%B3%DB%8C%D8%A8-%D9%85%D8%AF%D9%84-a500-%D9%88%D8%B2%D9%86-500-%DA%AF%D8%B1%D9%85/,https://www.digikala.com/search/category-soils-and-fertilizers/?page=72,کود درخت سیب مدل A500 وزن 500 گرم,True,625000,,
,https://digikala.com/product/dkp-19103650/%DA%A9%D9%88%D8%AF-%D9%85%D8%A7%DB%8C%D8%B9-%D8%A2%D9%87%D9%86-%D9%85%D9%86%DA%AF%D9%86%D8%B2-%D9%85%D8%AF%D9%84-%D8%A2%D8%B1%D8%AA%D8%A7%DA%AF%D8%B1%D9%88-%D8%B3%DB%8C%D8%AA%D8%B1%D9%88-%D8%AD%D8%AC%D9%85-1%D9%84%DB%8C%D8%AA%D8%B1/,https://www.digikala.com/search/category-soils-and-fertilizers/?page=72,کود مایع آهن منگنز مدل آرتاگرو سیترو حجم 1لیتر,True,223990,1.0,223990.0
,https://digikala.com/product/dkp-19091661/%DA%A9%D9%88%D8%AF-%D9%85%D8%A7%DB%8C%D8%B9-%D9%85%D9%86%DA%AF%D9%86%D8%B2-%D9%85%D8%AF%D9%84-%D8%A2%D8%B1%D8%AA%D8%A7%DA%A9%D8%B1%D9%88-%D8%AD%D8%AC%D9%85-1%D9%84%DB%8C%D8%AA%D8%B1/,https://www.digikala.com/search/category-soils-and-fertilizers/?page=72,کود مایع منگنز مدل آرتاکرو حجم 1لیتر,True,560560,1.0,560560.0
,https://digikala.com/product/dkp-19294399/%DA%A9%D9%88%D8%AF-%DA%A9%D9%84%D8%B3%DB%8C%D9%85-%D8%B3%DB%8C%D9%84%DB%8C%D8%B3-%D8%AA%D8%AA%D8%A7%DA%A9%D9%88-%D9%85%D8%AF%D9%84-morespray-%D9%88%D8%B2%D9%86-1-%DA%A9%DB%8C%D9%84%D9%88%DA%AF%D8%B1%D9%85/,https://www.digikala.com/search/category-soils-and-fertilizers/?page=72,کود کلسیم سیلیس تتاکو مدل Morespray وزن 1 کیلوگرم,True,468000,1.0,468000.0
,https://digikala.com/product/dkp-19363436/%DA%A9%D9%88%D8%AF-%D8%B1%D9%88%DB%8C-%D9%85%D8%A7%DB%8C%D8%B9-%D8%AC%D9%86%D9%88%D8%A8%DA%AF%D8%A7%D9%86-%D9%85%D8%AF%D9%84-%D8%B2%DB%8C%D9%86%DA%A9%D8%A7%D8%B3%D9%88%D9%84-%D8%AD%D8%AC%D9%85-1-%D9%84%DB%8C%D8%AA%D8%B1/,https://www.digikala.com/search/category-soils-and-fertilizers/?page=72,کود روی مایع جنوبگان مدل زینکاسول حجم 1 لیتر,True,409000,1.0,409000.0
,https://digikala.com/product/dkp-17996715/%DA%A9%D9%88%D8%AF-%D9%81%D8%B1%D8%AA%DB%8C-%D9%88%D8%A7%D9%86-%D9%85%D8%AF%D9%84-npkmgo-%DB%B1%DB%B2-%DB%B1%DB%B2-%DB%B3%DB%B6-%D9%88%D8%B2%D9%86-%DB%B2%DB%B0%DB%B0%DB%B0-%DA%AF%D8%B1%D9%85/,https://www.digikala.com/search/category-soils-and-fertilizers/?page=73,کود فرتی وان مدل NPK+Mgo ۱۲-۱۲-۳۶ وزن ۲۰۰۰ گرم,True,641000,2.0,320500.0
,https://digikala.com/product/dkp-17987455/%DA%A9%D9%88%D8%AF-%D9%BE%D9%88%D8%AF%D8%B1%DB%8C-%D8%A7%D9%86-%D9%BE%DB%8C-%DA%A9%DB%8C-%DB%8C%D9%88%D9%86%DB%8C%DA%A9%D8%A7-%D8%AE%D8%A7%DA%A9-%D9%85%D8%AF%D9%84-npk-10-52-10-%D9%88%D8%B2%D9%86-50-%DA%AF%D8%B1%D9%85/,https://www.digikala.com/search/category-soils-and-fertilizers/?page=73,کود پودری ان پی کی یونیکا خاک مدل NPK-10-52-10 وزن 50 گرم,True,78000,,
,https://digikala.com/product/dkp-17987672/%DA%A9%D9%88%D8%AF-%D9%BE%D9%88%D8%AF%D8%B1%DB%8C-%D8%B3%D8%A7%D9%86%D8%B3%D9%88%D8%B1%DB%8C%D8%A7-%DB%8C%D9%88%D9%86%DB%8C%DA%A9%D8%A7-%D8%AE%D8%A7%DA%A9-%D9%85%D8%AF%D9%84-san-%D9%88%D8%B2%D9%86-50-%DA%AF%D8%B1%D9%85/,https://www.digikala.com/search/category-soils-and-fertilizers/?page=73,کود پودری سانسوریا یونیکا خاک مدل SAN وزن 50 گرم,True,78000,,
,https://digikala.com/product/dkp-17987766/%DA%A9%D9%88%D8%AF-%D9%BE%D9%88%D8%AF%D8%B1%DB%8C-%DA%A9%D8%A7%DA%A9%D8%AA%D9%88%D8%B3-%DB%8C%D9%88%D9%86%DB%8C%DA%A9%D8%A7-%D8%AE%D8%A7%DA%A9-%D9%85%D8%AF%D9%84-cac-%D9%88%D8%B2%D9%86-50-%DA%AF%D8%B1%D9%85/,https://www.digikala.com/search/category-soils-and-fertilizers/?page=73,کود پودری کاکتوس یونیکا خاک مدل CAC وزن 50 گرم,True,78000,,
,https://digikala.com/product/dkp-17972156/%DA%A9%D9%88%D8%AF-%DA%98%D9%84%D9%87-%D8%A7%DB%8C-%D8%B3%D9%88%D9%84%D9%81%D9%88%D8%B1-%D9%88-%D9%BE%D8%AA%D8%A7%D8%B3%DB%8C%D9%85-%D9%86%D9%88%D8%A8%D9%84-%D9%85%D8%AF%D9%84-ks-%D8%AD%D8%AC%D9%85-%DB%B5-%D9%84%DB%8C%D8%AA%D8%B1/,https://www.digikala.com/search/category-soils-and-fertilizers/?page=73,کود ژله ای سولفور و پتاسیم‌ نوبل مدل KS حجم‌ ۵ لیتر,True,1000000,5.0,200000.0
,https://digikala.com/product/dkp-17813896/%DA%A9%D9%88%D8%AF-%D9%85%D8%A7%DB%8C%D8%B9-%D9%87%DB%8C%D9%88%D9%85%DB%8C%DA%A9-%D8%A7%D8%B3%DB%8C%D8%AF-%D9%88-%DA%A9%D9%88%D8%AF-%D8%B1%DB%8C%D8%B4%D9%87-%D8%B2%D8%A7%DB%8C%DB%8C-%D9%88-%DA%A9%D9%88%D8%AF-%DA%A9%D8%A7%DA%A9%D8%AA%D9%88%D8%B3-%D9%85%D8%AF%D9%84-life-drop-%D8%AD%D8%AC%D9%85-110-%D9%85%DB%8C%D9%84%DB%8C-%D9%84%DB%8C%D8%AA%D8%B1-%D8%A8%D8%B3%D8%AA%D9%87-3-%D8%B9%D8%AF%D8%AF%DB%8C/,https://www.digikala.com/search/category-soils-and-fertilizers/?page=74,کود مایع هیومیک اسید و کود ریشه زایی و کود کاکتوس مدل life drop حجم 110 میلی لیتر بسته 3 عددی,True,99000,,
nan,https://digikala.com/product/dkp-17842329/%DA%A9%D9%88%D8%AF-%D9%85%D8%A7%DB%8C%D8%B9-%DA%A9%D8%A7%D9%85%D9%84-%D8%B3%D9%87-%D8%A8%DB%8C%D8%B3%D8%AA-%D9%88-%D8%B1%DB%8C%D8%B2-%D9%85%D8%BA%D8%B0%DB%8C-%D9%88-%DA%A9%D9%88%D8%AF-%D8%B3%D8%A8%D8%B2%DB%8C%D9%86%DA%AF%DB%8C-%D9%88-%D8%AA%D9%82%D9%88%DB%8C%D8%AA-%D8%B3%D8%A7%D9%82%D9%87-%D9%85%D8%AF%D9%84-life-drop-%D8%AD%D8%AC%D9%85-110-%D9%85%DB%8C%D9%84%DB%8C-%D9%84%DB%8C%D8%AA%D8%B1-%D8%A8%D8%B3%D8%AA%D9%87-3-%D8%B9%D8%AF%D8%AF%DB%8C/,https://www.digikala.com/search/category-soils-and-fertilizers/?page=74,کود مایع کامل سه بیست و ریز مغذی و کود سبزینگی و تقویت ساقه مدل life drop حجم 110 میلی لیتر بسته 3 عددی,True,96500,nan,nan
