name,category,price,price_per_kg,amount_kg,is_available,product_menu_url
کود 20 20 20 NPK باواریا,کود NPK,4890000,4890000.0,1.0,True,
کود NPK 18 18 18 باواریا,کود NPK,4890000,4890000.0,1.0,True,
کود NPK 19 6 20 باواریا,کود NPK,4890000,4890000.0,1.0,True,
کود اولوشن 03 40 05 03 NPK فیتوناتورا,کود NPK,5200000,5200000.0,1.0,True,
کود اوره فسفات زیگلر,کود ماکرو,2380000,2380000.0,1.0,True,
کود 06 06 30 NPK میراکل,کود NPK,1550000,1550000.0,1.0,True,
کود 36 12 12 NPK باواریا,کود NPK,4890000,4890000.0,1.0,True,
کود اولوشن 20 20 20 فیتوناتورا,کود NPK,5304000,5304000.0,1.0,True,
کود NPK 10 52 10 کوالی مکس,کود NPK,,32000000.0,1.0,False,
کود سه بیست (NPK 20 20 20) کوالی مکس,کود NPK,29000000,29000000.0,1.0,True,
کود 10 52 10 NPK زیگلر آلمان,کود NPK,3960000,3960000.0,1.0,True,
کود NPK 11 53 05 اینترمگ,کود NPK,,52600000.0,1.0,False,
کود 36 12 12 NPK فرمولایف,کود NPK,28175000,28175000.0,1.0,True,
کود NPK 15 5 30 زیگلر,کود NPK,50030000,50030000.0,1.0,True,
کود هیومیک اسید پرک 70 درصد آبادیس,کود هیومیک اسید,,19320000.0,1.0,False,
کود رکتیفایر جنوبگان,کود اصلاح کننده آب و خاک,1060000,4240.0,250.0,True,
صابون محلول پاشی یونی جنوبگان,کود اصلاح کننده آب و خاک,1290000,1290000.0,1.0,True,
کود مایع بیورادیکانت اسپانیا,کود هیدروپونیک (نمکی),,7890000.0,1.0,False,
کود مونو پتاسیم فسفات (34 52 0) کوالی مکس,کود هیدروپونیک (نمکی),4130000,4130000.0,1.0,True,
کود مونو پتاسیم فسفات زیگلر,کود هیدروپونیک (نمکی),,3960000.0,1.0,False,
کود سولفات پتاسیم (51-0-0) زیگلر,کود هیدروپونیک (نمکی),2420000,2420000.0,1.0,True,
کود اولوشن 08 48 12 فیتوناتورا,کود ماکرو,5000000,5000000.0,1.0,True,
کود سولفات پتاسیم کوالی مکس,کود هیدروپونیک (نمکی),17000000,17000000.0,1.0,True,
کود آهن لایفر,کود میکرو (ریز مغذی),13639000,13639000.0,1.0,True,
کود سولفات مس فرمولایف,کود میکرو (ریز مغذی),5926000,5926000.0,1.0,True,
کود اسید بوریک فرمولایف,کود میکرو (ریز مغذی),2830000,2830000.0,1.0,True,
کود سولفات روی نان اگری,کود هیدروپونیک (نمکی),,13750000.0,1.0,False,
کود سولفات منگنز نان اگری,کود هیدروپونیک (نمکی),1837000,1837000.0,1.0,True,
کود مونو آمونیوم فسفات باواریا,کود هیدروپونیک (نمکی),90560000,90560000.0,1.0,True,
کود نیترات منیزیم کوالی مکس,کود هیدروپونیک (نمکی),2125000,2125000.0,1.0,True,
کود نیترات پتاسیم پی ان پی,کود هیدروپونیک (نمکی),3700000,3700000.0,1.0,True,
کود نیترات کلسیم باواریا,کود هیدروپونیک (نمکی),3030000,3030000.0,1.0,True,
کود سولفات منیزیم یوروسالیدز,کود هیدروپونیک (نمکی),930000,930000.0,1.0,True,
کود مایع بمباردیر شوگر کیمیتک,کود کامل,13068000,13068000.0,1.0,True,
کود مایع محرک رشد بمباردیر,کود کامل,10920000,10920000.0,1.0,True,
هورمون شاخه‌ زایی شوتی (®Shooty) اگری پلاس,هورمون رشد گیاهی,5170000,51700.0,100.0,True,
هورمون پاکوتاهی - گلدهی کتولی (®Cotooly) اگری پلاس,هورمون رشد گیاهی,3100000,31000.0,100.0,True,
هورمون گلدهی فلوری (®Flory) اگری پلاس,هورمون رشد گیاهی,12400000,49600.0,250.0,True,
کود جلبک دریایی مایع شوک اصل 5 لیتری,,888000,177600.0,5.0,True,
کود 10x شوک نانو 1 لیتری,,306000,306000.0,1.0,True,
کود آمینو اسید ایزابیون سینجنتا 1 لیتری,,970000,970000.0,1.0,True,
کود هیومیک اسید 20 لیتری سبوسیب 2 عدد,,4990000,249500.0,20.0,True,
کود کامل 10X شوک اصل آمریکایی گالن 20 لیتری (پس کرایه),,2823300,141165.0,20.0,True,
کود پودری معجزه گر ایکس گرین آمریکا 10 کیلویی (N Plus XGreen),,554000,55400.0,10.0,True,
کود فسفر بالا 80 درصد شوک (20 لیتری),,550000,27500.0,20.0,True,
سوپر جاذب کشاورزی (10 کیلوئی) - کاهش مصرف آب تا 50%,,245000,24500.0,10.0,True,
کود سه بیست ( 20-20-20 ) شوک 1 لیتری NPK,,280000,280000.0,1.0,True,
کود مایع محرک رشد 20لیتری سبوسیب (2عدد),,457000,22850.0,20.0,True,
کود بیورادیکانت (محرک رشد) 1 لیتری فیوچرکو اسپانیا,,1300000,1300000.0,1.0,True,
کود EM باکتری های مفید در کشاورزی گالن 20لیتری,,145000,7250.0,20.0,True,
بردوفیکس 5 لیتری,,698000,139600.0,5.0,True,
کود گوگرد مایع شوک 20 لیتری,,260000,13000.0,20.0,True,
کود مرغی شوک 20 لیتری,,259000,12950.0,20.0,True,
کود پتاس بالا (k60) شوک آمریکایی نانو اصل 5 لیتری,,872100,174420.0,5.0,True,
کود دی آمونیوم فسفات 4 لیتری (فسفر بالا رویش 2),,446400,111600.0,4.0,True,
کود آهن 5 کیلوگرمی کلات اورتو 4.8 زایز انگلستان,,5690000,1138000.0,5.0,True,
کود مایع مرغی گالن 20 لیتری وارداتی میلتار,,1685000,84250.0,20.0,True,
گوگرد گرانول معدنی 25 کیلویی,,195000,7800.0,25.0,True,
عصاره کود مرغ و ماهی غنی شده با هیومیک و فولوئیک غلیظ و ژله ای x5 آرگومیکس 20 لیتری,,1600000,80000.0,20.0,True,
کود سه بیست (20-20-20 NPK) - 10کیلوگرم,,1800000,180000.0,10.0,True,
کود پلیت مرغی 25 کیلوگرمی,,227500,9100.0,25.0,True,
کود هیومیک اسید شوک اورجینال امریکا - 20 لیتر,,3597000,179850.0,20.0,True,
ورمی کمپوست 25 کیلویی ماگرو,,162000,6480.0,25.0,True,
کود مایع مخصوص یونجه 5 لیتری فلوریش,,850000,170000.0,5.0,True,
کود گوگرد مایع کلسیم دار نیچران 1 و 20 لیتری,,2400000,120000.0,20.0,True,
کود آلی روی و بور (فروت ست) کیلیترین 1 لیتری - 20,,15000000,15000000.0,1.0,True,
کود کامل گرانوله 15_15_15 همراه با هیومیک 25 کیلوگرمی (با خرید 10 کیسه کود یک کیسه رایگان بگیرید),,1250000,50000.0,25.0,True,
خرید کود سولوپتاس مایع Fts-Sulfo GOLD | کود پتاسیم و گوگرد مایع 1 لیتری,,280000,280000.0,1.0,True,
اسید انفوریک آگروفر گالن 20لیتری,,948000,47400.0,20.0,True,
فولویک اسید پودری نپاری 5 کیلوگرم,,1940000,388000.0,5.0,True,
گوگرد مایع پتاسه 40% گوگر 20% پتاسیم 5 10 20 لیتری - 10,,1200000,60000.0,20.0,True,
"""کود و کمپوست تقویتی ارگانیک طبیعت شیک - بهترین تغذیه برای گیاهان"" - بسته کوچک 1 کیلو و 400 گرم",,25000,25000.0,1.0,True,
کود پتاسیم 95 درصد شوک آمریکایی اورجینال - 20 لیتری,,4897000,244850.0,20.0,True,
کود نیترات کلسیم کیسه 25 کیلویی آگروفر,,2795000,111800.0,25.0,True,
کود سولفات منیزیم اگرونایک چینی 25 کیلویی,,750000,30000.0,25.0,True,
بور اتانول امین پومد(20لیتری)ارسال رایگان,,6250000,312500.0,20.0,True,
قیمت کود شیمیایی یا اوره 2 کیلویی,,140000,70000.0,2.0,True,
کود سولوپتاس آگروفر (25 کیلویی),,2713000,108520.0,25.0,True,
کود کشاورزی آمینو اسید پودری درصد زایز انگلستان حجم 750 کیلو گرم,,1050000,1400.0,750.0,True,
کود مرغی شوک امریکایی اورجینال 20 لیتری - 2022 میلادی,,1499000,74950.0,20.0,True,
کود مونو آمونیوم فسفات 0-61-12 فرمولایف 10 کیلو,,2220000,222000.0,10.0,True,
کود مایع مرغی و ماهی فارهام 20 کیلویی,,1200000,60000.0,20.0,True,
کود ماهی مایع 20 لیتری تهیه شده از اجزاء و ضایعات ماهی بسیار غنی و مقوی برای کشاورزی درختان میوه و بخصوص پسته,,1100000,55000.0,20.0,True,
کود های پتاس (کود پتاسیم پودری) 1 کیلوگرمی آریا شیمی,,414000,414000.0,1.0,True,
کود تقویتی اهن ترسنچل اسپانیا 1 کیلوئی,,1800000,1800000.0,1.0,True,
نیترات پتاسیم و کربن فعال و گوگرد پودری فلات کالا کد NCG1K وزن 1 کیلوگرم مجموعه 3 عددی,,273000,273000.0,1.0,True,
کود سولفات آهن 25کیلویی کنجاله ساز کیفیت تضمین شده,,690000,27600.0,25.0,True,
کود گلدهی خیار شوک 5 لیتری برا افزایش باردهی و رشد بوته یا درخت,,1950000,390000.0,5.0,True,
کود ریشه زایی سویل روت-(soil roots) 1لیتری از شرکت آمینوکر آلمان,,790000,790000.0,1.0,True,
کود سه بیست فالکون 10 کیلویی | ازت (N) فسفر (P) و پتاسیم (K),,24500000,2450000.0,10.0,True,
کود مایع محرک رشد 1 لیتری سبوسیب,,313400,313400.0,1.0,True,
کود سولفات پتاسیم پودری تایوانی مولتی کم – 25 کیلوگرم,,4200000,168000.0,25.0,True,
پتاس بالا ان کا 60 ( NK60) سبزگل 1 لیتری,,450000,450000.0,1.0,True,
کود مایع سپتا نیترو مکس نیتروژن40 1لیتری,,325000,325000.0,1.0,True,
کود کاتیوشا(سولفات پتاسیم) جنوبگان(5 لیتری),,750000,150000.0,5.0,True,
کود NPK کامل 20-20-20 به همراه ریزمغذی ها (بسیار با کیفیت) 10 کیلویی,,2046800,204680.0,10.0,True,
هیومیک اسید ابادیس پرک 70 درصد 5 کیلویی هیومیک خالص,,2000000,400000.0,5.0,True,
کود ورمی کمپوست بهکام وزن 2 کیلوگرم,,90000,45000.0,2.0,True,
خرید اینترنتی کود جلبک دریایی آکادین 1 کیلویی تولید کشور کانادا با ضمانت اصالت کالا,,2150000,2150000.0,1.0,True,
کود تقویتی جلبک دریایی گرین مارین اسپانیا 1 کیلوئی,,1920000,1920000.0,1.0,True,
متالاکسیل مانکوزب 1 کیلویی,,930000,930000.0,1.0,True,
گوگرد مایع پتاسه 40% گوگر 20% پتاسیم 5 10 20 لیتری - 20,,2200000,110000.0,20.0,True,
اسید هیومیک مایع پتاس بالا 5 10 20 لیتری - 5,,750000,37500.0,20.0,True,
سولفات پتاسیم ایرو نیکا 25 کیلوگرمی,,1730000,69200.0,25.0,True,
کود تقویتی نیترات پتاسیم K+S آلمان پودر 25 کیلوگرم کیسه,,6470000,258800.0,25.0,True,
کود سیلیکات پتاسیم 2/5 لیتری آگروفر,,735000,147000.0,5.0,True,
کود فسفر بالا NPK 10-52-10 نوبل 10 کیلوگرم,,2800000,280000.0,10.0,True,
ورمی کمپوست فله 2000 کیلویی,,10000000,5000.0,2000.0,True,
فسفیمکس مس فیوچرکو (1 لیتری),,1880000,1880000.0,1.0,True,
کود آلی روی و بور (فروت ست) کیلیترین 1 لیتری - 1,,850000,850000.0,1.0,True,
کود هیدروپونیک گوجه فرنگی (1لیتری),,350000,350000.0,1.0,True,
کود جلبک دریایی پرو تکت نیچر ارگانیک 1 کیلو,,950000,950000.0,1.0,True,
کود کامل گرانوله 10 10 10 مهاب شیمی ری 25 کیلویی,,1063000,42520.0,25.0,True,
کود گوگرد مایع لارا استار 20 لیتری,,4000000,200000.0,20.0,True,
کود تقویتی نیترات کلسیم K+S آلمان پودر 25 کیلوگرم کیسه,,3750000,150000.0,25.0,True,
کود کلاته کلسیم-بور-روی مایع کلبومکس فارمونتی CalboMax Pharmonti - 20 لیتری,,3250000,162500.0,20.0,True,
پوکه کشاورزی برای ته گلدان و هیدروپونیک کردن گیاه حجم 4 لیتری,,75000,18750.0,4.0,True,
اسید هیومیک مایع پتاس بالا 5 10 20 لیتری - 20,,2100000,105000.0,20.0,True,
کود فسفر بالا 99درصد شوک(پلاس) امریکایی 20 لیتری,,6400000,320000.0,20.0,True,
سولفونیت 20 لیتری,,1485000,74250.0,20.0,True,
سولفونیت 5 لیتری,,549000,109800.0,5.0,True,
کود ریشه زایی بیورادیکانت فیوچراکو واردات شرکت فروغ دشت 1 لیتری,,1375000,1375000.0,1.0,True,
کود اگرومیک گرانوله (محرک رشد گیاهی) وزن 25 کیلوگرم,,1650000,66000.0,25.0,True,
کودسولفات منیزیم پودری 25کیلویی کنجاله ساز,,590000,23600.0,25.0,True,
کود مرغی شوک امریکایی اورجینال 20 لیتری - 2021 میلادی,,1099000,54950.0,20.0,True,
کود مرغی مایع مهاب شیمی 10 20 لیتری,,522000,26100.0,20.0,True,
کود پودری 10-52-10 شرکت زایز انگلیس مدل growzeiz وزن 5 کیلوگرم,,2250000,450000.0,5.0,True,
کود استارتر رشد تقویت ریشه و گلدهی مونو آمونیوم فسفات وپروفرت هلند 2 کیلویی,,799000,399500.0,2.0,True,
کود مایع کامل اکتیو پلاس فارمونتی 16 عنصر (Active Plus Pharmonti (NPK10 5 5 - 5 لیتری,,952000,190400.0,5.0,True,
فلوریش گارد 1 (مقابله با کرم خراط و آفات چوبخوار) 1 کیلوگرمی,,237000,237000.0,1.0,True,
میکرومیکس بازرگان کالا بسته بندی 1 لیتری یک غذای کامل برای گیاهان,,850000,850000.0,1.0,True,
گوگرد مایع پارس خوشه 1 لیتری,,100000,100000.0,1.0,True,
مشخصات کلی کود 12-12-36 فالکون – حجم 10 کیلوگرم نام محصول: کود 12-12-36 فالکونحجم / وزن: 10 کیلوگرمنوع محصول: کود شیمیایی کاملترکیب اصلی: 12٪ نیتروژن (N) 12٪ فسفر (P) 36٪ پتاسیم (K)ویژگی‌ها: حلالیت بالا مناسب برای محلول‌پاشی دارای عناصر ریز مغذی,,2500000,250000.0,10.0,True,
کود بیورادیکانت حاصلخیز 1 لیتری با فناوری XGREEN,,350000,350000.0,1.0,True,
کود تقویتی NPK 20-20-20+ME پودر SOLUNEC سولونک ترکیه 25 کیلوگرم کیسه,,8750000,350000.0,25.0,True,
میکرومیکس فارهام - 10 کیلویی حاوی عناصر ریزمغذی,,1250000,125000.0,10.0,True,
"""کود و کمپوست تقویتی ارگانیک طبیعت شیک - بهترین تغذیه برای گیاهان"" - بسته بزرگ 6 کیلو و 500 گرم",,85000,14166.666666666666,6.0,True,
کود 12.12.36 زنیت 10کیلویی پتاس بالا,,1950000,195000.0,10.0,True,
پرلیت دانه شکری مدل PW-2s وزن 2 کیلوگرم,,95000,47500.0,2.0,True,
کود سولفات روی 34% وپروفرت هلند 2 کیلویی,,685000,342500.0,2.0,True,
کود فسفیت پتاسیم (فوس وید ) سوپر مکس 1 لیتر,,897000,897000.0,1.0,True,
کود ان پی کا 44-2-13 (پتاسیم نیترات) 10 کیلویی کوالی مکس اسپانیا,,2980000,298000.0,10.0,True,
کود مایع بور 1 لیتری بی کارب,,373000,373000.0,1.0,True,
مشخصات کلی کود 36-12-12 فالکون – حجم 2.5 کیلوگرم نام محصول: کود 36-12-12 فالکونحجم / وزن: 100 گرمنوع محصول: کود پودری محلول در آبترکیب اصلی: نیتروژن (36٪) فسفر (12٪) پتاسیم (12٪)ویژگی‌ها: حلالیت بالا قابلیت استفاده در سیستم‌های محلول‌پاشی و آبیاری مناسب برای انواع مراحل رشد گیاه,,65000,13000.0,5.0,True,
کود زر گرین 20 لیتری,,620000,31000.0,20.0,True,
کود کامل باواریا مدل 20-6-19 وزن 15 کیلوگرم,,5450000,363333.3333333333,15.0,True,
کود محرک رشد گیاهان 20 لیتری,,5480000,274000.0,20.0,True,
کود سه بیست اپکس اسپانیا پر هام 10 کیلویی,,2000000,200000.0,10.0,True,
کود مرغی مایع رستان 5 و 20 لیتری | ارسال فوری,,950000,47500.0,20.0,True,
کود کامل (NPK) 10-52-10 وپروفرت 2 10 و 25 کیلویی,,3870000,154800.0,25.0,True,
گلایفوزیت (رانداپ) بهاورشیمی 1 لیتری,,495000,495000.0,1.0,True,
کود سولفات پتاسیم کنجاله ساز 10 کیلو گرمی,,950000,95000.0,10.0,True,
پیت ماس گیلدا مدل اسفاگنوم کد GPM04 حجم 2 لیتر,,145000,72500.0,2.0,True,
کات کبود (سولفات مس)5 کیلو گرم,,1235000,247000.0,5.0,True,
کود هیومیک اسید آوا فرایند وزن 10 کیلوگرم,,1900000,190000.0,10.0,True,
فسفیت پتاسیم زایز 1 لیتری,,1411000,1411000.0,1.0,True,
روغن ولک (روغن امولسیون شونده) کاوش کیمیا کرمان گالن 10 لیتری,,880000,88000.0,10.0,True,
کود تقویت ریشه گل و افزایش حجم و وزن محصول مونو پتاسیم فسفات وپروفرت هلند 2 کیلویی,,825000,412500.0,2.0,True,
کود آلی اوره فسفات (NP) کیلیترین 1 لیتری - 20,,13000000,13000000.0,1.0,True,
کود بر اتانول آمین آگروفر(گالن 20 لیتری),,5250000,262500.0,20.0,True,
گابری گلدن(پلیت کود مرغی غنی شده)25کیلویی,,3970000,158800.0,25.0,True,
کود کامل NPK 5-5-5 با ریز مغذی گرانول وانوما 10 کیلوگرمی,,790000,79000.0,10.0,True,
کود میکرومیکس 25کیلویی آگروفر,,2325000,93000.0,25.0,True,
کود تقویتی NPK10-52-10+ME پودر SOLUNEC سولونک ترکیه 25 کیلوگرم کیسه,,10250000,410000.0,25.0,True,
کود مایع کامل مایع مرغی-20 لیتری,,1000000,50000.0,20.0,True,
گوگرد کلسیمی مایع - کلسیسول گرواستار 1 5 و 20 لیتری,,205000,10250.0,20.0,True,
کود ریشه زایی پودر 105210 حاصلخیز 1 کیلوگرمی با فناوری X-Green,,500000,500000.0,1.0,True,
لیکاپون(پوکه کشاورزی لیکا)2.5 لیتری - متوسط,,40000,8000.0,5.0,True,
کنه کش پروپارژیت 57٪ رازی شیمی 1 لیتری,,890000,890000.0,1.0,True,
کود تقویتی سولفات منیزیم K+S آلمان پودر 25 کیلوگرم کیسه,,1350000,54000.0,25.0,True,
اسید هیومیک مایع پتاس بالا 5 10 20 لیتری - 10,,1300000,65000.0,20.0,True,
12-2-44 آرکا نیترات پتاسیم چینی 10 کیلویی,,2000000,200000.0,10.0,True,
کود تقویتی هیومیک اسید فیلون کی اسپانیا 1 کیلوئی,,1520000,1520000.0,1.0,True,
کود تقویتی سولفات پتاسیم K+S آلمان پودر 25 کیلوگرم کیسه,,4625000,185000.0,25.0,True,
کود مایع گندم و جو فلوریش 5 لیتری (افزایش تناژ),,579000,115800.0,5.0,True,
کود NPK کامل 12-12-36 به همراه عناصر ریزمغذی کلاته شده 10 کیلویی (بسیار با کیفیت),,2167200,216720.0,10.0,True,
مشخصات کلی کود سه بیست فالکون – حجم 10 کیلوگرم نام محصول: کود سه بیست فالکونحجم / وزن: 10 کیلوگرمنوع محصول: کود کامل شیمیاییترکیب اصلی: ازت (20٪) فسفر (20٪) پتاسیم (20٪),,2500000,250000.0,10.0,True,
کود فروت ست برند ست گلد شرکت ردسا اسپانیایی 1 لیتری | گلدهی و تامین روی,,7500000,7500000.0,1.0,True,
هیومیک اسید مایع مدریک 20 لیتری,,1800000,90000.0,20.0,True,
کود سه 20 مایع تری پرو فارمونتی NPK 20 20 20+TE - 10 لیتری,,3000000,300000.0,10.0,True,
کود ماهی مایع رستان 5 و 20 لیتری | کود ارگانیک,,1050000,52500.0,20.0,True,
کود اسید انفوریک مایع مگافرتیل ان اس 10 لیتری سبز محصول داتیس,,540000,54000.0,10.0,True,
کود فروت ست 1 لیتری سبوسیب,,650000,650000.0,1.0,True,
کود آهن سکوسترن سینجنتا 1 کیلوگرم,,1190000,1190000.0,1.0,True,
ضد آفتاب سوختگی شید 10 لیتری فرمولایف,,1100000,110000.0,10.0,True,
گوگرد مایع پتاسه 5 لیتری 5 ستاره ساوه,,1200000,240000.0,5.0,True,
کود سولفات آهن کنجاله ساز (25 کیلویی),,580000,23200.0,25.0,True,
کود NPK 20-20-20 (10کیلو),,1200000,120000.0,10.0,True,
کود آمینواسید شوک 80 درصد اصل 20 لیتری آمریکایی (ضد سرمازدگی),,2900000,145000.0,20.0,True,
سولفونیت 1 لیتری,,155000,155000.0,1.0,True,
سوپر جاذب کشاورزی (10 کیلوئی) - افزایش 20% عملکر محصول,,4850000,485000.0,10.0,True,
کنه کش پروپارژیت مشکفام 1 لیتر,,992000,992000.0,1.0,True,
کود Flower Set – بهینه سازی گلدهی 1لیتری,,395000,395000.0,1.0,True,
کود سولفات منیزیم 24% وپروفرت هلند 1 کیلویی,,95000,95000.0,1.0,True,
کود بایو هون بایوبیز 10 لیتری,,50050000,5005000.0,10.0,True,
کات کبود (سولفات مس شکری)10کیلو گرم,,2460000,246000.0,10.0,True,
مویان (صابون محلول پاشی گوگردی) 20 لیتری,,1800000,90000.0,20.0,True,
لامباداسای هالوترین(آماج) 0/5لیتری,,480000,96000.0,5.0,True,
کود ترن 46 (اوره 46%) اگری ترن کیسه 25 کیلویی,,1700000,68000.0,25.0,True,
کود آلی روی و بور (فروت ست) کیلیترین 1 لیتری - 10,,7500000,7500000.0,1.0,True,
کود مایع نیترات کلسیم ریچ فرت داتیس سطل 20 لیتری,,1850000,92500.0,20.0,True,
کود سولفات روی کنجاله ساز (25 کیلویی),,3480000,139200.0,25.0,True,
کود مایع مرغ و ماهی ویژه زعفران 20 لیتری آرگومیکس,,1600000,80000.0,20.0,True,
کود اسپانیایی ریز مغذی سه گانه آهن روی منگنز 1 لیتری,,7500000,7500000.0,1.0,True,
صابون محلول پاشی لپیدیوم 0/5 لیتری,,60000,12000.0,5.0,True,
پوکه لیکا - کیسه 30 کیلویی,,20200000,673333.3333333334,30.0,True,
کلسیم بور جوسپال (1لیتری),,1000000,1000000.0,1.0,True,
کوکوچیپیس 3 لیتری,,58000,19333.33333333333,3.0,True,
کود ریشه زایی کدامین رادیکولار (Codamin Radicular) 1 لیتری,,745000,745000.0,1.0,True,
کود اسید هیومیک پوهوموس آلمانی 1 کیلویی POWHUMUS,,1347000,1347000.0,1.0,True,
گوگرد مایع ارگانو سولفور گرواستار 0.5 1 5 و 20 لیتری,,266291,13314.55,20.0,True,
کود پتاس بالا 27-9-18 کوالی فرت ترکیه 15 کیلوگرم,,6000000,400000.0,15.0,True,
سیلیکات پتاسیم سیترال (1 لیتری),,350000,350000.0,1.0,True,
سوپرفیوتاپ فیوچرکو (1 لیتری),,1200000,1200000.0,1.0,True,
پتاسیم مایع کالرمکس (1 لیتری),,600000,600000.0,1.0,True,
بیورادیکانت فیوچرکو (1 لیتری),,1400000,1400000.0,1.0,True,
سیلیکات پتاسیم پروسیل (1 لیتری),,500000,500000.0,1.0,True,
گوگرد پودری میکرونیزه فلات کالا مدل GPM1K وزن 1 کیلوگرم,,76000,76000.0,1.0,True,
هیومیک اسید 5 لیتری رویش(زیست فناور سبز),,550000,110000.0,5.0,True,
کود فسفر پتاسیم مایع 1لیتری,,900000,900000.0,1.0,True,
کود مایع مرغی غنی شده لارا چیکو 20 لیتری,,1504000,75200.0,20.0,True,
کود مایع کلاته منگنز 8% منگارد فارمونتی Mangard Pharmonti Mn EDTA - 1 لیتری,,270000,270000.0,1.0,True,
کود سولفات منگنز کنجاله ساز (25 کیلویی),,2820000,112800.0,25.0,True,
کود مرغی شوک اصل آمریکایی - 20 لیتری,,1697000,84850.0,20.0,True,
کود کلاته کلسیم-بور-روی مایع کلبومکس فارمونتی CalboMax Pharmonti - 10 لیتری,,1640000,164000.0,10.0,True,
کود فسفر(10-52-10) - 1کیلویی رنیور,,350000,350000.0,1.0,True,
کود کشاورزی کلسیم منیزیم برند زایز Zeiz انگلستان حجم 1 لیتری,,1050000,1050000.0,1.0,True,
کود گروول ماسو اسپانیا 1 کیلوگرمی,,2000000,2000000.0,1.0,True,
هیومیک اسید - 1کیلویی روسیه,,450000,450000.0,1.0,True,
گوگرد مایع پتاسه 40% گوگر 20% پتاسیم 5 لیتری,,880000,176000.0,5.0,True,
نیترات کلسیم وارداتی گرانول مولتی کم – 50 کیلوگرم,,7500000,150000.0,50.0,True,
کود فسفر بالا 10-52-10 آرمان سبز آدینه 10 کیلوگرم,,2300000,230000.0,10.0,True,
کود اوره فسفات (NP 18-44) فلوریش 10 کیلو,,1910000,191000.0,10.0,True,
کود تقویتی NPK پودری 18-44-0+TE ملی شیمی کشاورز 10کیلوگرم کیسه,,2850000,285000.0,10.0,True,
کود مایع مرغی پرونایس (20 لیتری),,1000000,50000.0,20.0,True,
کود مایع فسفر و پتاسیم بالا زایز انگلستان مدل fertizeiz PK حجم 1 لیتر,,1310000,1310000.0,1.0,True,
کود آلی مایع روت هیلر مخصوص زعفران 10 کیلوگرمی هزارگل,,1340000,134000.0,10.0,True,
کود هیدروپونیک آتنا بالانس (1لیتری),,150000,150000.0,1.0,True,
کود هیومیک اسید پرک آوا فرایند وزن 1 کیلو گرم,,230000,230000.0,1.0,True,
کود سولفات پتاسیم دامافارم 10 کیلویی,,1050000,105000.0,10.0,True,
کود مایع (مونو آمونیوم فسفات) فوسپامید فارمونتی (MAP) Phospamid Pharmonti NPK 8 34 0 - 5 لیتری,,1540000,308000.0,5.0,True,
کود کامل گرانوله 5-5-5 وپروفرت 25 کیلویی,,1305000,52200.0,25.0,True,
بردوفیکس - 1لیتری,,230000,230000.0,1.0,True,
اسید هیومیک پایش سبز 1 کیلویی,,450000,450000.0,1.0,True,
کود ریشه زایی رایکت روتینگ(Raykat Rooting) آتلانتیکا اسپانیا 1لیتری,,1550000,1550000.0,1.0,True,
گوگرد مایع پتاسه 40% گوگر 20% پتاسیم 5 10 20 لیتری - 5,,800000,40000.0,20.0,True,
کود پلت مرغی 25 کیلوگرمی,,170000,6800.0,25.0,True,
کود مایع طبیعی کرسر مدل فولکس حجم 1 لیتر,,300000,300000.0,1.0,True,
کود هیومیک اسید مجیک مدل پودری وزن 1 کیلوگرم,,229000,229000.0,1.0,True,
کود سولفات منیزیم کنجاله ساز (25 کیلویی),,580000,23200.0,25.0,True,
سولفات آمونیوم فلات کالا کد SAP4KG وزن 4 کیلوگرم,,177000,44250.0,4.0,True,
کود مایع کامل اکتیو پلاس فارمونتی 16 عنصر (Active Plus Pharmonti (NPK10 5 5 - 10 لیتری,,1875000,187500.0,10.0,True,
سه بیست(20-20-20) - 10کیلویی ترافارم ترکیه,,2750000,275000.0,10.0,True,
صابون محلول پاشی لپیدیم 1 لیتری,,100000,100000.0,1.0,True,
کود کلسیم سوسپانسیون و میکرونیزه آریا 1 لیتری,,290000,290000.0,1.0,True,
فسفیت پتاسیم (کوئین) سبزگل 1 لیتری,,780000,780000.0,1.0,True,
میکرومیکس 1 کیلوگرمی فلوریش,,440000,440000.0,1.0,True,
کود مایع زینک (زینکارب) روی 1 لیتری,,394000,394000.0,1.0,True,
کود هیدروپونیک کاهو (1لیتری),,350000,350000.0,1.0,True,
کود محرک رشد - 1 لیتری,,499000,499000.0,1.0,True,
اسید آمینه کیلیترین 1 لیتری - 1,,1000000,1000000.0,1.0,True,
کوکوپیت 4لیتری سریلانکایی,,55000,13750.0,4.0,True,
روغن سبزه مهان (10لیتری),,1520000,152000.0,10.0,True,
کود تقویتی NPK پودری 12-12-36 + TE ملی شیمی کشاورز 10 کیلوگرم کیسه,,2200000,220000.0,10.0,True,
کود مایع طبیعی کرسر مدل فولکس حجم 1 لیتر بسته ی 2 عددی,,594000,594000.0,1.0,True,
گابری هیومیک مایع (اسید هیومیک + فولیک)(20لیتری),,8795800,439790.0,20.0,True,
کمپوست سلولزی کیسه 60 لیتری,,165000,2750.0,60.0,True,
کود هیومیک اسید آوا فرایند وزن 5 کیلوگرم,,1000000,200000.0,5.0,True,
کود ارگانیک فراکتون کیمیتک اسپانیا 1 کیلویی,,2270000,2270000.0,1.0,True,
هیومیک اسید 5 لیتری رویش زیست فناور سبز,,580000,116000.0,5.0,True,
کود مایع کلاته روی 8% زینک پلکس فارمونتی ZinkPlex Pharmonti Zn - 1 لیتری,,210000,210000.0,1.0,True,
پروتئین هیدرولیز آن مدلور سبزاور 1 لیتری,,169000,169000.0,1.0,True,
لیکاپون(پوکه کشاورزی لیکا) 5 لیتری - ریز,,60000,12000.0,5.0,True,
کود وکسال آسکوفول کلسیم 1 لیتری وارداتی آلمان,,1200000,1200000.0,1.0,True,
کود آلی اوره فسفات (NP) کیلیترین 1 لیتری - 5,,3250000,3250000.0,1.0,True,
فروتست گرومور 1 کیلوگرمی,,1640000,1640000.0,1.0,True,
کود مایع (مونو آمونیوم فسفات) فوسپامید فارمونتی (MAP) Phospamid Pharmonti NPK 8 34 0 - 10 لیتری,,3000000,300000.0,10.0,True,
کود تقویتی ریزمغذی نوترازورب NUTRAZORB پودر مور کراپ more crop آمریکا 1 کیلوگرم فویل,,1855000,1855000.0,1.0,True,
کود جلبک دریایی پودر حاصلخیز 1 کیلویی با فناوری X-green,,700000,700000.0,1.0,True,
کود هیومیک اسید 20 لیتری,,5480000,274000.0,20.0,True,
گوگرد مایع پارس خوشه 10 لیتری,,660000,66000.0,10.0,True,
کود مرغی بیومیکس 10 لیتری,,650000,65000.0,10.0,True,
اوره فسفات اگریفرت مکزیک 25 کیلوگرم,,7000000,280000.0,25.0,True,
ورمی کولیت 2 لیتری دانه درشت(نقره ای),,105000,52500.0,2.0,True,
فروت مکس (فروت ست) اروپایی شرکت رویش سبز 1 لیتری,,700000,700000.0,1.0,True,
کود آلی فسفر (P) کیلیترین 1 لیتری - 20,,14000000,14000000.0,1.0,True,
حجم: 1 کیلوگرم مناسب برای: انواع محصولات کشاورزی (زراعی باغی گلخانه‌ای و...) نوع کود: پودری ویژگی‌ها: قابل استفاده به صورت محلول‌پاشی (برگ‌پاشی),,780000,780000.0,1.0,True,
گلایفوزیت (رانداپ) فاراد 1 لیتری,,440000,440000.0,1.0,True,
کود تقویتی امینو اسید پاور گرو پودر مور کراپ 1 کیلوگرم پاکت,,1250000,1250000.0,1.0,True,
کود آمینواسید استرس لس پرو ماسو 1کیلویی (پس کرایه),,1793125,1793125.0,1.0,True,
کود کامل 202020 حاصلخیز 5 کیلو گرمی با فناوری XGREEN,,1900000,380000.0,5.0,True,
کود مونوامونیوم فسفات (61-12) فلوریش 10 کیلو,,1870000,187000.0,10.0,True,
پرلیت 15 لیتری,,90000,6000.0,15.0,True,
کود مایع ریشه زا بیورادیکانت حجم 1 لیتر,,1620000,1620000.0,1.0,True,
ورمی کولیت باغبان 4 کیلویی,,400000,100000.0,4.0,True,
فسفیت پتاسیم اسپانیا 1 لیتری آرتاگرو,,782800,782800.0,1.0,True,
کود هیومیک اسید پرک 60% ریشه زای وپروفرت هلند 1 کیلویی,,730000,730000.0,1.0,True,
مویان (صابون محلول پاشی گوگردی) 4 لیتری,,500000,125000.0,4.0,True,
هیومیک اسید رستان حجم 5 لیتر,,350000,70000.0,5.0,True,
کود سه بیست حاصلخیز 1 کیلوگرمی با فناوری XGREEN,,500000,500000.0,1.0,True,
ورمی کمپوست 4لیتری,,85000,21250.0,4.0,True,
کود هیومیک اسید و فولویک اسید پودری جنوبگان مدل هیومیسول وزن 1 کیلوگرم,,270000,270000.0,1.0,True,
مایع سوسک کش شو 1 لیتر,,48000,48000.0,1.0,True,
مونو پتاسیم فسفات چینی 25 کیلوگرم | Monopotassium phosphate,,7500000,300000.0,25.0,True,
کود تقویتی چالکود نووانات گرانول K+S آلمان 25کیلوگرم کیسه,,3350000,134000.0,25.0,True,
کود مایع زعفران و پسته زاپستو فارمونتی NPK 6 6 18 +TE Zapesto - 20 لیتری,,5100000,255000.0,20.0,True,
کود تقویتی آهن کمپلسال آیرون COMPLESAL IRON پودر اگریکم AGRIKEM ترکیه 1 کیلو جعبه,,1088500,1088500.0,1.0,True,
کود باغچه کامل پلت سبوسیب (1 کیلویی),,264900,264900.0,1.0,True,
گوگرد مایع پتاسه 1 لیتری 5 ستاره ساوه,,240000,240000.0,1.0,True,
كود کامل 40-5-5 هورتی گرو 2 کیلویی,,685000,342500.0,2.0,True,
کود هیومیک اسید 20 لیتری چوکا کود,,5500000,275000.0,20.0,True,
کود میکرو معدنی کنجاله ساز با مس (10 کیلویی),,875000,87500.0,10.0,True,
کود ارگوفولیک اگری پلکس- 4 گالن 5 لیتری,,900000,180000.0,5.0,True,
پوکه لیکاپون دانه درشت حجم 5 لیتر | بستر کشت هیدروپونیک و تزیینی گیاهان,,85000,17000.0,5.0,True,
اسید هیومیک مایع پلنت چویس آمریکا گالن 10 لیتری | plants choice,,2200000,220000.0,10.0,True,
سیلگارد (سیلیکات پتاسیم) ریحان 5 لیتری,,1180000,236000.0,5.0,True,
کود پلگرون ترا 1 لیتری Plagron Terra Grow 1 litre,,1650000,1650000.0,1.0,True,
کود سولفات پتاسیم اگریتو 1 کیلویی,,290000,290000.0,1.0,True,
پوکه لیکا - کیسه 30 کیلویی,,20600000,686666.6666666666,30.0,True,
کود میکرو آمینو فول 1 کیلوگرمی,,416000,416000.0,1.0,True,
پرلیت گیلدا کد GP02L حجم 2 لیتر,,47000,23500.0,2.0,True,
اکسی کلرور مس 35 درصد پودر وتابل 1کیلوی,,660000,660000.0,1.0,True,
کود شیمیایی اوره گرانول 46 درصد 1 کیلوگرم,,45000,45000.0,1.0,True,
کود کامل 10X شوک آمریکایی حجم 1 لیتر,,306000,306000.0,1.0,True,
کود هیومیک اسید پلنت چویس 1 کیلوگرم,,620000,620000.0,1.0,True,
کود سوپر جاذب کشاورزی 10 کیلوگرم,,245000,24500.0,10.0,True,
کود هیومیک اسید مایع شوک 1 لیتری,,280000,280000.0,1.0,True,
کود مایع اسید آمینه ایزابیون سینجنتا حجم 1 لیتر,,970000,970000.0,1.0,True,
کود مایع هیومیک اسید سبو سیب وزن 20.5 کیلوگرم,,5200000,1040000.0,5.0,True,
کود معجزه گر ایکس گرین 10 کیلوگرم ازت بالا,,554000,55400.0,10.0,True,
کود سولفات پتاسیم جنوبگان وزن 10 کیلوگرم,,140000,14000.0,10.0,True,
کود فسفر بالا شوک آمریکایی 10-52-10 گالن 20 لیتری,,550000,27500.0,20.0,True,
کود کامل 10X شوک 20 لیتری مایع آمریکایی,,2823300,141165.0,20.0,True,
کود مایع امکس مدل بیو 20 حجم 1 کیلوگرم,,268000,268000.0,1.0,True,
گوگرد میکرونیزه 98 درصد آذرشهر وزن 25 کیلوگرم,,550000,22000.0,25.0,True,
سولفات پتاسیم 25 کیلوگرم,,75000,3000.0,25.0,True,
گوگرد پودری 25 کیلوگرم,,55000,2200.0,25.0,True,
کود جلبک دریایی آکادین 1 کیلوگرم تولید کانادا,,1595000,1595000.0,1.0,True,
کود هیومیک گرانوله ایکس گرین 25 کیلوگرم,,21800,872.0,25.0,True,
کود مونو پتاسیم فسفات وپروفرت هلند 10 کیلویی,,835000,83500.0,10.0,True,
کود باکتری ای ام (EM) 20 لیتری,,145000,7250.0,20.0,True,
سولفات پتاسیم 50 کیلوگرم,,75000,1500.0,50.0,True,
کود سه بیست شوک 1 لیتری NPK آمریکایی,,280000,280000.0,1.0,True,
کود کامل 20-20-20 زایز انگلستان 5 کیلوگرمی,,1625000,325000.0,5.0,True,
کود ریشه زا بیورادیکانت 1 لیتری,,1300000,1300000.0,1.0,True,
کود NPK 10-52-10 وزن 10 کیلوگرم,,25000,2500.0,10.0,True,
کود عصاره جلبک دریایی زایز انگلستان وزن 1 کیلوگرم,,1220000,1220000.0,1.0,True,
کود کربوزایز 1 کیلوگرم,,1786000,1786000.0,1.0,True,
کود نیترات کلسیم 0.5 کیلوگرم,,30000,6000.0,5.0,True,
کود سولفات آمونیوم 25 کیلوگرم,,50000,2000.0,25.0,True,
کود مایع هیومیک اسید سبو سیب وزن 1.2 کیلوگرم,,294500,147250.0,2.0,True,
کود هیومیک اسید مجیک وزن 1 کیلوگرم,,229000,229000.0,1.0,True,
کود تریتیکونازول + پیراکلواستروبین ب آ اس اف مدل اینشور پرفرم 12 درصد حجم 5 لیتر و 250 سی سی,,18400000,3680000.0,5.0,True,
مونو پتاسیم فسفات 25 کیلوگرم,,135000,5400.0,25.0,True,
کود مایع مرغی غنی شده برای افزایش عملکرد محصول 20 لیتری,,820000,41000.0,20.0,True,
کود مونو آمونیوم فسفات 25 کیلویی,,4500000,180000.0,25.0,True,
کود سکونشیال 2 امکس 1 لیتری,,1412000,1412000.0,1.0,True,
کود پلت مرغی غنی شده 25 کیلویی,,220000,8800.0,25.0,True,
سیلیکات پتاسیم(5لیتری),,1200000,240000.0,5.0,True,
خرید اینترنتی کود جلبک دریایی مارمارین 1لیتری از شرکت IFTC,,899000,899000.0,1.0,True,
کود ریشه‌زا باسیلار ردسا 1 لیتری,,1242000,1242000.0,1.0,True,
کود اسید هیومیک مایع گرین پیک حجم 20 لیتر,,1300000,65000.0,20.0,True,
کود هیومیک اسید 60% وانوما ریشه زا 1 کیلویی,,766000,766000.0,1.0,True,
کود محرک رشد سبو سیب 1 لیتری,,312300,312300.0,1.0,True,
کمپوست ملارد (17 کیلوگرم),,8300,488.2352941176471,17.0,True,
کود مرغی مایع بیو اگرو 20 لیتری پرهام,,998000,49900.0,20.0,True,
کود مایع اکورمون فیوچرکو بایوساینس وزن 0.5 کیلوگرم,,1070000,214000.0,5.0,True,
کود کلات روی پودری 20٪ تایمکس 1 کیلوگرم,,650000,650000.0,1.0,True,
کود 20-20-20 فلیکسپر حجم 10 کیلویی,,3000000,300000.0,10.0,True,
پرلیت باغبان - 40 لیتری,,158000,3950.0,40.0,True,
کود دامی فراوری شده باغبان - 20 لیتری,,93000,4650.0,20.0,True,
روغن ولک - 5لیتری آریا شیمی,,580000,116000.0,5.0,True,
کود فروت ست پودری وانوما 1 کیلویی,,775000,775000.0,1.0,True,
کود مایع فروت ست جنوبگان حجم 1 لیتر,,176000,176000.0,1.0,True,
کود فولیار کا50 (K50) امکس 1 لیتری,,1251000,1251000.0,1.0,True,
هیومیک اسید مایع 5 لیتری BAMFORD,,330000,66000.0,5.0,True,
کود ویتومکس امکس 1 لیتری,,1118000,1118000.0,1.0,True,
کود اسید ضد شوری کداسال پریمیوم 5 لیتری,,3054000,610800.0,5.0,True,
هیومیک اسید مایع 20 لیتری BAMFORD,,870000,43500.0,20.0,True,
فسفر بالا مایع معجزه گر 20لیتری,,1940000,97000.0,20.0,True,
کوکو پیت | 5 کیلویی | الیاف پوش‌برگ میوه نارگیل,,400000,80000.0,5.0,True,
اسید هیومیک مایع 5 لیتری,,600000,120000.0,5.0,True,
کود هیدروپونیک توت فرنگی (1لیتری),,350000,350000.0,1.0,True,
کود مایع مرغی کوکیدو (20 لیتری),,950000,47500.0,20.0,True,
کود پودری کامل 36-12-12 حجم 15 کیلویی PNP,,6200000,413333.3333333333,15.0,True,
کود کلسیم تریدکورپ 1 کیلویی,,2544000,2544000.0,1.0,True,
کود ریژو کیمیتک 1 لیتری,,1457000,1457000.0,1.0,True,
کود ورمی کمپوست 25 کیلویی گلستان,,360000,14400.0,25.0,True,
کود مایع اوره فسفات طلایه سبزکاوشان 20 لیتری,,3500000,175000.0,20.0,True,
کود ورمی کمپوست باغبان - 40 لیتری,,277500,6937.5,40.0,True,
کود دی آمونیوم فسفات پودری گرین پیک وزن 1 کیلوگرم,,224000,224000.0,1.0,True,
کود مایع بیتال ردسا 1 لیتری,,680000,680000.0,1.0,True,
کود آمینو فسفر P70 وانوما 1 لیتری,,688000,688000.0,1.0,True,
کود دامی فراوری شده باغبان - 40 لیتری,,167000,4175.0,40.0,True,
کود نیترات کلسیم وانوما گرانوله 1 کیلویی,,285000,285000.0,1.0,True,
کود اسکادران پروپاموکارب 1 لیتری سرای سپند,,845600,845600.0,1.0,True,
کود سولفات آمونیوم گرین پیک وزن 10 کیلوگرم,,680000,68000.0,10.0,True,
کوکوپیت باغبان - 20 لیتری,,190000,9500.0,20.0,True,
کود مستر سوپریم 18-18-18 والگرو 10 کیلویی,,3378437,337843.7,10.0,True,
هیومیک اسید لوکس گرین 5 لیتری,,1370000,274000.0,5.0,True,
کود سولفات آمونیوم گرین پیک وزن 25 کیلوگرم,,1120000,44800.0,25.0,True,
کود تغذیه‌ای سولفات منگنز | تولید چین | کیسه 25 کیلویی,,175000,7000.0,25.0,True,
هیومیک اسید - 5لیتری بازرگان کالا,,750000,150000.0,5.0,True,
کلتودیم (سلکت سوپر) 1 لیتری چینی 24 درصد,,790000,790000.0,1.0,True,
کود فسفیت پتاسیم وانوما 1 لیتری,,1160000,1160000.0,1.0,True,
کود کا 41 (K41) امکس 1 لیتری,,1100000,1100000.0,1.0,True,
کود اصلاح کننده گوگرد پودر | مش 300 |اصفهان | 25 کیلویی,,630000,25200.0,25.0,True,
هیومیک اسید لوکس گرین 20 لیتری,,4980000,249000.0,20.0,True,
کود پودری هیومیک اسید حاصلخیز با فناوری XGREEN - 1 کیلویی,,660000,660000.0,1.0,True,
کود مانکوزب متالاکسیل 1 کیلوگرمی مهان,,853200,853200.0,1.0,True,
کود باسشن کلات آهن 1 کیلویی,,1956000,1956000.0,1.0,True,
کود مایع نیتروژن پتاسیم NK60 ایکس گرین وزن 1.4 کیلوگرم,,277000,69250.0,4.0,True,
کود اسید هیومیک پودری گرین پیک وزن 25 کیلوگرم,,5450000,218000.0,25.0,True,
کود کامل ردفر شرکت فرتین اگرو اسپانیا مدل NPK 20-20-20 +TE وزن 25 کیلوگرم,,8250000,330000.0,25.0,True,
کود مایع توربوروت تریدکورپ حجم 5 لیتری,,4104000,820800.0,5.0,True,
کود باتالون 5 لیتری همیار دشت,,1334000,266800.0,5.0,True,
کود نیترات کلسیم کوآلی مکس 25 کیلویی,,4320000,172800.0,25.0,True,
کود آهن نوتریکل 4.8 پرمیوم 1 کیلویی,,1615000,1615000.0,1.0,True,
کود آلکورنین ردسا 1 لیتری,,1350000,1350000.0,1.0,True,
کود لبیکو مگ لبین 1 لیتری همیار منیزیم,,1015000,1015000.0,1.0,True,
کود فسفیت پتاسیم (پروتکت) ردسا 1 لیتری,,972000,972000.0,1.0,True,
کود سولفات پتاسیم 52 کوآلی مکس 10 کیلویی,,1836000,183600.0,10.0,True,
کود مایع مرغی شوک 20 لیتری,,259000,12950.0,20.0,True,
کود مایع آمینواسید سینجنتا مدل ایزابیون حجم 1 لیتر,,1130000,1130000.0,1.0,True,
کود مایع آمینواسید زایز انگلستان مدل آمینوزایز پلاس حجم 1 لیتر,,1050000,1050000.0,1.0,True,
گوگرد مایع پارس خوشه 5 لیتری,,360000,72000.0,5.0,True,
کود مونو پتاسیم فسفات(MKP) گرین پیک وزن 10 کیلوگرم,,2100000,210000.0,10.0,True,
فولویک اسید 95٪ شوک آمریکایی اصل - 5 لیتری,,1897000,379400.0,5.0,True,
کود هگزی تیازوکس 0.5 لیتری مهان,,900000,180000.0,5.0,True,
کود آلجیوس 20 ردسا 1 لیتری,,1242000,1242000.0,1.0,True,
پرینوا 20-20-20 (10 کیلویی),,2431000,243100.0,10.0,True,
کود NPK کامل 10-52-10 حاوی عناصرریز مغذی کلاته شده 10 کیلویی (بسیار با کیفیت),,2494800,249480.0,10.0,True,
هیومیک اسید مایع 1 لیتری BAMFORD,,150000,150000.0,1.0,True,
گابـری میکـس | کـود ماهـی(20لیتری),,5322000,266100.0,20.0,True,
اسید آمینه کیلیترین 1 لیتری - 20,,18400000,18400000.0,1.0,True,
کود هیومیک اسید پودری زایز انگلستان وزن 1.5 کیلوگرم,,1218000,243600.0,5.0,True,
سولفونیت 10 لیتری,,985000,98500.0,10.0,True,
کود سولفات پتاسیم پودری گرین پیک وزن 25 کیلوگرم,,1800000,72000.0,25.0,True,
کود گوگرد گرانول گرین پیک وزن 25 کیلوگرم,,675000,27000.0,25.0,True,
کود مایع کامل مایع مرغی-4 لیتری,,420000,105000.0,4.0,True,
کود کلسی بر ( کلسیم + بر ) کی پلکس کراپ توپیا اسپانیا 1 کیلو,,1040000,1040000.0,1.0,True,
کود تقویتی جلبک دریایی کانن الگ 1000 NOVICHEM مایع 1 لیتر کوئکس,,850000,850000.0,1.0,True,
پرلیت باغبان - 4 لیتری,,37000,9250.0,4.0,True,
کود آلی مایع زرگرین 20 لیتری,,820000,41000.0,20.0,True,
کود نیترات کلسیم جنوبگان وزن 25 کیلوگرم,,110000,4400.0,25.0,True,
کود گوگرد مایع شوک 20 لیتری 80 درصد ارگانیک,,260000,13000.0,20.0,True,
کود پلیت مرغی زرین مهر کیمیا 25 کیلوگرمی,,227500,9100.0,25.0,True,
فسفات گوگردی,شیمیایی جامد,850000.0,17000.0,50.0,True,
ماکرو 20 20 20,شیمیایی جامد,3500000.0,3500000.0,1.0,True,
اوره گوگردی,شیمیایی جامد,850000.0,34000.0,25.0,True,
فایبر پیت,شیمیایی جامد,700000.0,70000.0,10.0,True,
اسید هیومیک,شیمیایی جامد,58000.0,58000.0,1.0,False,
ماکرو 20 20 20,شیمیایی جامد,3500000.0,3500000.0,1.0,True,
اوره سولفات,شیمیایی جامد,1775000.0,355000.0,5.0,True,
ماکرو کامل 12/6/6,شیمیایی جامد,3517000.0,70340.0,50.0,True,
پتاسه گرانوله30%,شیمیایی جامد,5100000.0,102000.0,50.0,True,
گوگرد گرانوله بنتونیت دار 75%,شیمیایی جامد,2275000.0,91000.0,25.0,True,
گوگرد میکرونیزه 99 درصد,شیمیایی جامد,2775000.0,111000.0,25.0,True,
سولفات منیزیم,شیمیایی جامد,1575000.0,157500.0,10.0,True,
ماکرو کامل 10/52/10,شیمیایی جامد,6760000.0,676000.0,10.0,True,
ماکرو کامل 20/20/20,شیمیایی جامد,3870000.0,387000.0,10.0,True,
ماکرو کامل 14/7/29,شیمیایی جامد,3769500.0,376950.0,10.0,True,
ماکرو کامل 12/12/36,شیمیایی جامد,5190000.0,519000.0,10.0,True,
ماکرو کامل 10/52/10,شیمیایی جامد,6240000.0,624000.0,10.0,True,
کلسیم منیزیم,شیمیایی جامد,1575000.0,157500.0,10.0,True,
مایع مرغی,شیمیایی جامد,2400000.0,120000.0,20.0,True,
پلت مرغی,شیمیایی جامد,1400000.0,56000.0,25.0,True,
فسفات ازته,شیمیایی جامد,5470000.0,109400.0,50.0,True,
کلات آهن,شیمیایی جامد,1900000.0,1900000.0,1.0,True,
سولفات روی پودری 34%,شیمیایی جامد,10750000.0,430000.0,25.0,True,
اوره با پوشش گوگردی,شیمیایی جامد,2900000.0,116000.0,25.0,False,
سولفات آمونیوم گرانول شیراز,شیمیایی جامد,5550000.0,111000.0,50.0,True,
سولفات آمونیوم پودری شیراز,شیمیایی جامد,5300000.0,106000.0,50.0,True,
اسید بوریک,شیمیایی جامد,3375000.0,135000.0,25.0,True,
ماکرو کامل20/20/20,شیمیایی جامد,5650000.0,565000.0,10.0,True,
پلت مرغی,شیمیایی جامد,1250000.0,50000.0,25.0,True,
کود کاکتوس,شیمیایی جامد,65000.0,1300000.0,0.05,True,
دی آمونیوم فسفات چینی,شیمیایی جامد,23500000.0,470000.0,50.0,True,
ماکروکامل 8/5/8,شیمیایی جامد,4500000.0,150000.0,30.0,True,
کود زیستی ازتو بارور-1,شیمیایی جامد,980000.0,980000.0,1.0,True,
کود زیستی فسفاته بارور-2,شیمیایی جامد,980000.0,980000.0,1.0,True,
کود زیستی پتابارور-2,شیمیایی جامد,980000.0,980000.0,1.0,True,
سوپر فسفات ساده,شیمیایی جامد,7600000.0,152000.0,50.0,True,
سولفات روی 20 درصد,شیمیایی جامد,6130000.0,245200.0,25.0,True,
سولفات آهن 20 درصد,شیمیایی جامد,4500000.0,180000.0,25.0,True,
نیترات کلسیم,شیمیایی جامد,4750000.0,190000.0,25.0,True,
سوپر فسفات ساده,شیمیایی جامد,5800000.0,116000.0,50.0,True,
مونو پتاسیم فسفات,شیمیایی جامد,2500000.0,100000.0,25.0,True,
اوره با پوشش گوگردی,شیمیایی جامد,9800000.0,392000.0,25.0,True,
فسفات آمونیوم,شیمیایی جامد,9080000.0,181600.0,50.0,True,
گوگرد آلی گرانوله,شیمیایی جامد,950000.0,38000.0,25.0,True,
سولفات آمونیوم ازبک,شیمیایی جامد,4900000.0,98000.0,50.0,True,
ماکرو کامل 15/8/15,شیمیایی جامد,9460000.0,189200.0,50.0,True,
فسفات گوگردی,شیمیایی جامد,8500000.0,170000.0,50.0,True,
سولفات آهن 17 درصد,شیمیایی جامد,3000000.0,120000.0,25.0,True,
ماکرو کامل 12/6/6,شیمیایی جامد,6450000.0,129000.0,50.0,True,
سولفات روی گرانوله 22 درصد,شیمیایی جامد,16000000.0,640000.0,25.0,True,
سولفات منگنز چینی,شیمیایی جامد,21250000.0,850000.0,25.0,True,
دی آمونیوم فسفات رازی,شیمیایی جامد,35000000.0,700000.0,50.0,True,
سولفات روی پودری 22 درصد,شیمیایی جامد,16000000.0,640000.0,25.0,True,
سولفات آمونیوم پودری,شیمیایی جامد,875000.0,17500.0,50.0,True,
نیترات پتاسیم,شیمیایی جامد,32500000.0,1300000.0,25.0,True,
سولفات پتاسیم منیزیم 10/4,شیمیایی جامد,3550000.0,142000.0,25.0,True,
گوگرد مایع پتاسه,کودهای گوگردی,2750000.0,550000.0,5.0,True,
کود بیولوژیک بیوراس,کود های زیستی,2125000.0,85000.0,25.0,True,
بایوکامپوزیت گوگردی (تیاس),کودهای گوگردی,3800000.0,1900000.0,2.0,True,
کمپوست آلی سلولزی,ریز مغزی,180000.0,18000.0,10.0,True,
گوگرد مایع,کودهای گوگردی,1750000.0,350000.0,5.0,True,
کود هومی پاور پودری فیوچرکو بایوساینس 1 کیلوگرم,soil-modifying,1145760,1145760.0,1.0,True,
کود هیومیک اسید مایع هیومولایف 5 لیتر,هیومیک-اسید,1155000,231000.0,5.0,True,
کود هیومیک اسید گرانول هیومولایف 25 کیلوگرم,هیومیک-اسید,2204400,88176.0,25.0,True,
کود نیچرمیک فیوچرکو بایوساینس 5 لیتر,soil-modifying,2587200,517440.0,5.0,True,
کود هومی پاور پلاس فیوچرکو بایوساینس 5 لیتر,هیومیک-اسید,2877600,575520.0,5.0,True,
چالکود فرموکمپلکس همراه با گوگرد و عناصر ریزمغذی 25 کیلوگرم,fertilizer-hole,2970000,118800.0,25.0,True,
کود یارامیلا کمپلکس 25 کیلوگرم,fertilizer-hole,6025800,241032.0,25.0,True,
کود مایع هیومیک‌اسید نوتری تک 5 لیتر,هیومیک-اسید,377520,75504.0,5.0,False,
کود هیومیک دار NPK 20-5-10 هیومولایف 5 کیلوگرم,هیومیک-اسید,675840,135168.0,5.0,False,
کود هیومیک دار NPK 12-5-20 هیومولایف 5 کیلوگرم,هیومیک-اسید,675840,135168.0,5.0,False,
کود هیومیک و فولویک اسید هیومیستار 5 لیتر,هیومیک-اسید,1141800,228360.0,5.0,False,
کود هیومیک اسید و فولویک اسید پابرا 5 لیتر,هیومیک-اسید,411400,82280.0,5.0,True,
کود فولویک اسید نوتریویم 1 کیلوگرم,powdered-folic-acid-fertilizer,776160,776160.0,1.0,True,
کود ضد شوری فورنوترینت (Anti Salt) 5 لیتر,anti-salinity-fertilizer,312000,62400.0,5.0,True,
کود ضدشوری فرمولایف مدل دسالت 5 لیتر,anti-salinity-fertilizer,1053360,210672.0,5.0,True,
چال کود پارس بلدر 25 کیلوگرم,fertilizer-hole,467500,18700.0,25.0,True,
چالکود پارسی لئون اس 25 کیلوگرم,هیومیک-اسید,561000,22440.0,25.0,True,
کود ریزمغذی هوگر 1 لیتر,هیومیک-اسید,177600,177600.0,1.0,True,
کود جلبک دریایی سیفول,هیومیک-اسید,187000,187000.0,1.0,True,
کود فول‌فورس اس نوتریویم (FULLFORCE-S) 1کیلوگرم,هیومیک-اسید,268800,268800.0,1.0,True,
کود مرغی مایع نیو داتیس آل (NEW DATIS ALL) حجم 5 لیتر,هیومیک-اسید,326400,65280.0,5.0,True,
کود پودری اسیدهیومیک ASORIK وزن 1 کیلوگرم,هیومیک-اسید,327600,327600.0,1.0,True,
کود داتیس فورنوترینت ارگانیک (کود مرغی) 5 لیتر,هیومیک-اسید,393360,78672.0,5.0,True,
کود هیومیک اسید پابرا 2.5 کیلوگرمی,هیومیک-اسید,485760,194304.0,2.5,True,
کود هیومیک اسید پودری هیومولایف 1 کیلوگرم,هیومیک-اسید,498960,498960.0,1.0,True,
کود هیومیک اسید مایع فورنوترینت OM حجم 5 لیتر,هیومیک-اسید,508200,101640.0,5.0,True,
کود هیومیک اسید پودری هوموکسال 95% وزن 1 کیلوگرم,هیومیک-اسید,513480,513480.0,1.0,True,
کود مرغی مایع چیکوتی 20 لیتر,هیومیک-اسید,2085600,104280.0,20.0,True,
کود ورمی کمپوست سوپر PLS,کود ورمی کمپوست,"۴,۰۰۰",,,,
کود ورمی کمپوست معمولی,کود ورمی کمپوست,"۳,۰۰۰",,,,
کود ورمی کمپوست غنی شده,کود ورمی کمپوست,"۳,۵۰۰",,,,
اسید هیومیک پودری 50 گرمی و ( 10 کیلویی فرومیتو ),,75000,1500000.0,0.05,True,https://basalam.com/cat/tools/%D8%AE%D8%A7%DA%A9-%DA%A9%D9%88%D8%AF-%D8%B3%D9%85%D9%88%D9%85?page=15
کود سولفات پتاسیم فلورامی 100 گرمی (potassium Sulfate ),,41000,410000.0,0.1,True,https://basalam.com/cat/tools/%D8%AE%D8%A7%DA%A9-%DA%A9%D9%88%D8%AF-%D8%B3%D9%85%D9%88%D9%85?page=92
کود هیومیک اسید نیکوبذر,,25000,3571428.571428572,0.007,True,https://basalam.com/cat/tools/%D8%AE%D8%A7%DA%A9-%DA%A9%D9%88%D8%AF-%D8%B3%D9%85%D9%88%D9%85?page=122
کود کامل پودری 30 گرمی 20-20-20 شرکت زیست فناور سبز,,40000,1333333.3333333335,0.03,True,https://basalam.com/cat/tools/%D8%AE%D8%A7%DA%A9-%DA%A9%D9%88%D8%AF-%D8%B3%D9%85%D9%88%D9%85?page=128
کود مایع مخصوص گل بابا آدم برند تایمکس حجم 150 میلی لیتر,,89000,593333.3333333334,0.15,True,https://basalam.com/cat/tools/%D8%AE%D8%A7%DA%A9-%DA%A9%D9%88%D8%AF-%D8%B3%D9%85%D9%88%D9%85?page=151
کود هیومیک اسید مایع تتاکو HUMORE بسته یک لیتری,,143000,143000.0,1.0,True,https://basalam.com/cat/tools/%D8%AE%D8%A7%DA%A9-%DA%A9%D9%88%D8%AF-%D8%B3%D9%85%D9%88%D9%85?page=20
روغن ولک براق کننده گل و گیاهان آپارتمانی,,50000,500000.0,0.1,True,https://basalam.com/cat/tools/%D8%AE%D8%A7%DA%A9-%DA%A9%D9%88%D8%AF-%D8%B3%D9%85%D9%88%D9%85?page=43
کود انپیکا 202020 . سه بیست پودری,,35000,583333.3333333334,0.06,True,https://basalam.com/cat/tools/%D8%AE%D8%A7%DA%A9-%DA%A9%D9%88%D8%AF-%D8%B3%D9%85%D9%88%D9%85?page=21
کود کلسیم,,29000,2900000.0,0.01,True,https://basalam.com/cat/tools/%D8%AE%D8%A7%DA%A9-%DA%A9%D9%88%D8%AF-%D8%B3%D9%85%D9%88%D9%85?page=161
کود سولفات پتاسیم 51-0-0 زیگلر آلمان (50 گرم کود خالص),,38000,760000.0,0.05,True,https://basalam.com/cat/tools/%D8%AE%D8%A7%DA%A9-%DA%A9%D9%88%D8%AF-%D8%B3%D9%85%D9%88%D9%85?page=181
کود جلبک دریایی مارمارین اصل ( 50 سی سی ) - تولید کمپانی IFTC آمریکا,,99000,1980000.0,0.05,True,https://basalam.com/cat/tools/%D8%AE%D8%A7%DA%A9-%DA%A9%D9%88%D8%AF-%D8%B3%D9%85%D9%88%D9%85?page=55
کود مخصوص کاکتوس و ساکولنت 38 11 3نیکوبذر,,25000,2777777.777777778,0.009,True,https://basalam.com/cat/tools/%D8%AE%D8%A7%DA%A9-%DA%A9%D9%88%D8%AF-%D8%B3%D9%85%D9%88%D9%85?page=52
کود آمینو اسید اسید آمینه. ضد تنش گیاه,,45000,900000.0,0.05,True,https://basalam.com/cat/tools/%D8%AE%D8%A7%DA%A9-%DA%A9%D9%88%D8%AF-%D8%B3%D9%85%D9%88%D9%85?page=20
کود اسید آمینه 65 درصد - ایزابیون سوئیس 50 سی سی,,97000,1940000.0,0.05,True,https://basalam.com/cat/tools/%D8%AE%D8%A7%DA%A9-%DA%A9%D9%88%D8%AF-%D8%B3%D9%85%D9%88%D9%85?page=162
بیورادیکانت کود ریشه زای قوی محصولی از فیوچراکو اسپانیا بسته بندی نیم لیتری,,950000,1900000.0,0.5,True,https://basalam.com/cat/tools/%D8%AE%D8%A7%DA%A9-%DA%A9%D9%88%D8%AF-%D8%B3%D9%85%D9%88%D9%85?page=20
کود همه کاره ارگانیک ویتامینه گیاهان (سوپر) ویژه ی گیاهان آپارتمانی و زینتی,,260000,236363.63636363635,1.1,True,https://basalam.com/cat/tools/%D8%AE%D8%A7%DA%A9-%DA%A9%D9%88%D8%AF-%D8%B3%D9%85%D9%88%D9%85?page=20
کود کلسیم +بور تتاکو مناسب گلدان و باغچه وزن 120 گرم,,87200,726666.6666666667,0.12,True,https://basalam.com/cat/tools/%D8%AE%D8%A7%DA%A9-%DA%A9%D9%88%D8%AF-%D8%B3%D9%85%D9%88%D9%85?page=56
کود مونو پتاسیم فسفات گرین پیک مدل Mono Potassium Phosphate 1000 وزن یک کیلوگرم,,369000,369000.0,1.0,True,https://basalam.com/cat/tools/%D8%AE%D8%A7%DA%A9-%DA%A9%D9%88%D8%AF-%D8%B3%D9%85%D9%88%D9%85?page=80
کود بنفشه آفریقایی محصول Pokon هلند (30 سی سی),,57000,1900000.0,0.03,True,https://basalam.com/cat/tools/%D8%AE%D8%A7%DA%A9-%DA%A9%D9%88%D8%AF-%D8%B3%D9%85%D9%88%D9%85?page=77
کود تقویتی بمب انرژی رویش سبز NPKS حاوی نیتروژن فسفر و پتاسیم.120 میلی لیتر,,55000,323529.41176470584,0.17,True,https://basalam.com/cat/tools/%D8%AE%D8%A7%DA%A9-%DA%A9%D9%88%D8%AF-%D8%B3%D9%85%D9%88%D9%85?page=195
کود سفید شکری (سولفات آمونیوم) فلونیا حجم یک کیلوگرم,,35000,35000.0,1.0,True,https://basalam.com/cat/tools/%D8%AE%D8%A7%DA%A9-%DA%A9%D9%88%D8%AF-%D8%B3%D9%85%D9%88%D9%85?page=49
کود سه 10 پودر 70 گرمی حاصلخیز با فناوری XGREEN,,120000,1714285.714285714,0.07,True,https://basalam.com/cat/tools/%D8%AE%D8%A7%DA%A9-%DA%A9%D9%88%D8%AF-%D8%B3%D9%85%D9%88%D9%85?page=83
کود مایع آلی حاوی هیومیک اسید GREEN SOUL پنج لیتری,,384000,76800.0,5.0,True,https://basalam.com/cat/tools/%D8%AE%D8%A7%DA%A9-%DA%A9%D9%88%D8%AF-%D8%B3%D9%85%D9%88%D9%85?page=92
کود کامل پودری GREEN SOUL سه بیست,,1248000,124800.0,10.0,True,https://basalam.com/cat/tools/%D8%AE%D8%A7%DA%A9-%DA%A9%D9%88%D8%AF-%D8%B3%D9%85%D9%88%D9%85?page=162
کود NPK سه بیست یک کیلویی,,150000,150000.0,1.0,True,https://basalam.com/cat/tools/%D8%AE%D8%A7%DA%A9-%DA%A9%D9%88%D8%AF-%D8%B3%D9%85%D9%88%D9%85?page=196
کود npk کود کامل گیاهان آپارتمانی غنی شده تایمکس ( 150 میلی لیتر ),,119000,793333.3333333334,0.15,True,https://basalam.com/cat/tools/%D8%AE%D8%A7%DA%A9-%DA%A9%D9%88%D8%AF-%D8%B3%D9%85%D9%88%D9%85?page=50
کود گلدهی 10-52-10 باواریا آلمان (50گرم کود خالص)- مخصوص پرحجم کردن ریشه و تحریک به گلدهی,,48000,960000.0,0.05,True,https://basalam.com/cat/tools/%D8%AE%D8%A7%DA%A9-%DA%A9%D9%88%D8%AF-%D8%B3%D9%85%D9%88%D9%85?page=162
کود مونو پتاسیم فسفات تولید زیگلر آلمان (بسته 50 گرمی),,49000,753846.1538461539,0.065,True,https://basalam.com/cat/tools/%D8%AE%D8%A7%DA%A9-%DA%A9%D9%88%D8%AF-%D8%B3%D9%85%D9%88%D9%85?page=49
مجموعه کود مولتی برگدهی وNPK و هیومیک و کود آهن مدل Danesh PK حجم 120 بسته 4تایی,,228700,476458.3333333334,0.48,True,https://basalam.com/cat/tools/%D8%AE%D8%A7%DA%A9-%DA%A9%D9%88%D8%AF-%D8%B3%D9%85%D9%88%D9%85?page=116
کود مونو آمونیوم فسفات تتاکو مناسب گیاهان خانگی وزن 120 گرم,,82500,687500.0,0.12,True,https://basalam.com/cat/tools/%D8%AE%D8%A7%DA%A9-%DA%A9%D9%88%D8%AF-%D8%B3%D9%85%D9%88%D9%85?page=126
کود سه بیست 20 20 ( 50 گرم کود خالص) برند معتبر باواریا آلمان - کود کامل npk,,44000,733333.3333333334,0.06,True,https://basalam.com/cat/tools/%D8%AE%D8%A7%DA%A9-%DA%A9%D9%88%D8%AF-%D8%B3%D9%85%D9%88%D9%85?page=80
کود سه بیست 20 20 (بسته 250 گرمی) برند معتبر باواریا (Bavaria) آلمان,,157000,628000.0,0.25,True,https://basalam.com/cat/tools/%D8%AE%D8%A7%DA%A9-%DA%A9%D9%88%D8%AF-%D8%B3%D9%85%D9%88%D9%85?page=78
کود انپیکا 121236. پتاس بالا .مخصوص پاجوش دهی و گلدهی,,35000,583333.3333333334,0.06,True,https://basalam.com/cat/tools/%D8%AE%D8%A7%DA%A9-%DA%A9%D9%88%D8%AF-%D8%B3%D9%85%D9%88%D9%85?page=21
کود انپیکا 105210 . فسفر بالا. ریشه زا,,35000,583333.3333333334,0.06,True,https://basalam.com/cat/tools/%D8%AE%D8%A7%DA%A9-%DA%A9%D9%88%D8%AF-%D8%B3%D9%85%D9%88%D9%85?page=21
کود پیلینوس (بور + جلب کننده زنبور) 250 سی سی,,506000,506000.0,1.0,True,https://basalam.com/cat/tools/%D8%AE%D8%A7%DA%A9-%DA%A9%D9%88%D8%AF-%D8%B3%D9%85%D9%88%D9%85?page=56
کود جلبک دریایی بارسلوس ضد تنش و عامل پهن شدن برگ های پتوس,,45800,916000.0,0.05,True,https://basalam.com/cat/tools/%D8%AE%D8%A7%DA%A9-%DA%A9%D9%88%D8%AF-%D8%B3%D9%85%D9%88%D9%85?page=91
کود گلدهی 10-52-10 باواریا آلمان (250 گرم کود خالص)- مخصوص تحریک به گلدهی,,189000,756000.0,0.25,True,https://basalam.com/cat/tools/%D8%AE%D8%A7%DA%A9-%DA%A9%D9%88%D8%AF-%D8%B3%D9%85%D9%88%D9%85?page=78
آشواگاندا با کیفیت عالی بار امسالی و تازه(100گرمی),,361400,3614000.0,0.1,True,https://basalam.com/cat/tools/%D8%AE%D8%A7%DA%A9-%DA%A9%D9%88%D8%AF-%D8%B3%D9%85%D9%88%D9%85?page=91
کود NPK 20-20-20 تتاکو مناسب گلدان و باغچه وزن 120 گرم,,50000,416666.6666666667,0.12,True,https://basalam.com/cat/tools/%D8%AE%D8%A7%DA%A9-%DA%A9%D9%88%D8%AF-%D8%B3%D9%85%D9%88%D9%85?page=162
کود تقویتی 105210 بارسلوس 50 گرمی,,45000,900000.0,0.05,True,https://basalam.com/cat/tools/%D8%AE%D8%A7%DA%A9-%DA%A9%D9%88%D8%AF-%D8%B3%D9%85%D9%88%D9%85?page=78
کود پتاس 121236 مناسب پاجوش زایی و گلدهی,,40000,400000.0,0.1,True,https://basalam.com/cat/tools/%D8%AE%D8%A7%DA%A9-%DA%A9%D9%88%D8%AF-%D8%B3%D9%85%D9%88%D9%85?page=21
کود گلدهی پتاس بالا 121236 نیکوبذر,,25000,1666666.6666666667,0.015,True,https://basalam.com/cat/tools/%D8%AE%D8%A7%DA%A9-%DA%A9%D9%88%D8%AF-%D8%B3%D9%85%D9%88%D9%85?page=195
کود زاموفیلیا تایمکس حجم 150میلی لیتر کود زامیفولیا,,77000,513333.3333333334,0.15,True,https://basalam.com/cat/tools/%D8%AE%D8%A7%DA%A9-%DA%A9%D9%88%D8%AF-%D8%B3%D9%85%D9%88%D9%85?page=78
کود ریشه زا بیورادیکانت نیم لیتری,,850000,1700000.0,0.5,True,https://basalam.com/cat/tools/%D8%AE%D8%A7%DA%A9-%DA%A9%D9%88%D8%AF-%D8%B3%D9%85%D9%88%D9%85?page=163
کود جلبک دریایی آمریکایی مایع + هورمون رشد,,250000,2000000.0,0.125,True,https://basalam.com/cat/tools/%D8%AE%D8%A7%DA%A9-%DA%A9%D9%88%D8%AF-%D8%B3%D9%85%D9%88%D9%85?page=186
گیاه درمنه ترکی با کیفیت عالی بار امسالی و تازه(500گرمی ),,167750,335500.0,0.5,True,https://basalam.com/cat/tools/%D8%AE%D8%A7%DA%A9-%DA%A9%D9%88%D8%AF-%D8%B3%D9%85%D9%88%D9%85?page=161
کود کامل گیاهان 10 ایکس شوک مایع اصل آمریکایی یک لیتری (پس کرایه),,272200,272200.0,1.0,True,https://basalam.com/cat/tools/%D8%AE%D8%A7%DA%A9-%DA%A9%D9%88%D8%AF-%D8%B3%D9%85%D9%88%D9%85?page=20
کود آمینو اسیدکود ویتامینه وضد تنشامینو اسید,,35000,1166666.6666666667,0.03,True,https://basalam.com/cat/tools/%D8%AE%D8%A7%DA%A9-%DA%A9%D9%88%D8%AF-%D8%B3%D9%85%D9%88%D9%85?page=57
کود مایع انرژی ایکس گرین (آمینو اسید) 250 سی سی,,180000,458015.2671755725,0.393,True,https://basalam.com/cat/tools/%D8%AE%D8%A7%DA%A9-%DA%A9%D9%88%D8%AF-%D8%B3%D9%85%D9%88%D9%85?page=161
کود کلات آهن 60گرمی- مناسب جوانه زنی وافزایش سبزینگی گیاهان-کود آهن پودری-کود گیاهان آپارتمانی-کود کامل گیاه-گلدونه,,26000,433333.3333333334,0.06,True,https://basalam.com/cat/tools/%D8%AE%D8%A7%DA%A9-%DA%A9%D9%88%D8%AF-%D8%B3%D9%85%D9%88%D9%85?page=21
کود آمینواسید شوک 80 درصد اصل آمریکایی یک لیتری (پس کرایه),,249700,249700.0,1.0,True,https://basalam.com/cat/tools/%D8%AE%D8%A7%DA%A9-%DA%A9%D9%88%D8%AF-%D8%B3%D9%85%D9%88%D9%85?page=161
کود مایع آهن افرا مخصول گل های آپارتمانی,,68000,472222.2222222223,0.144,True,https://basalam.com/cat/tools/%D8%AE%D8%A7%DA%A9-%DA%A9%D9%88%D8%AF-%D8%B3%D9%85%D9%88%D9%85?page=39
کود جلبک دریایی اسپانیائی,,675000,6750000.0,0.1,True,https://basalam.com/cat/tools/%D8%AE%D8%A7%DA%A9-%DA%A9%D9%88%D8%AF-%D8%B3%D9%85%D9%88%D9%85?page=46
آگلونما رد بیوتی Aglaonema red beauty هزینه ارسال بصورت پس کرایه و بعهده مشتری می باشد,,380000,190000.0,2.0,True,https://basalam.com/cat/tools/%D8%AE%D8%A7%DA%A9-%DA%A9%D9%88%D8%AF-%D8%B3%D9%85%D9%88%D9%85?page=47
گل منحصربفرد آلوکازیا رد سکرت که از فضا اومده هزینه ارسال بصورت پس کرایه و بعهده مشتری می باشد,,450000,300000.0,1.5,True,https://basalam.com/cat/tools/%D8%AE%D8%A7%DA%A9-%DA%A9%D9%88%D8%AF-%D8%B3%D9%85%D9%88%D9%85?page=47
کود سوپر پتاسیم هیومات,,365000,365000.0,1.0,True,https://basalam.com/cat/tools/%D8%AE%D8%A7%DA%A9-%DA%A9%D9%88%D8%AF-%D8%B3%D9%85%D9%88%D9%85?page=42
کود گیاه بلک گلد وزن 800 گرم,,45000,56250.0,0.8,True,https://basalam.com/cat/tools/%D8%AE%D8%A7%DA%A9-%DA%A9%D9%88%D8%AF-%D8%B3%D9%85%D9%88%D9%85?page=44
کود تقویتی مخصوص درخت کاج هپی پلنت مدل HP459 حجم 120 میلی لیتر,,45000,450000.0,0.1,True,https://basalam.com/cat/tools/%D8%AE%D8%A7%DA%A9-%DA%A9%D9%88%D8%AF-%D8%B3%D9%85%D9%88%D9%85?page=44
کود مایع محرک رشد کروتون مدل Super power حجم 120 میلی لیتر بسته دو عددی,,83000,830000.0,0.1,True,https://basalam.com/cat/tools/%D8%AE%D8%A7%DA%A9-%DA%A9%D9%88%D8%AF-%D8%B3%D9%85%D9%88%D9%85?page=44
کود مخصوص برگ دهی هپی پلنت مدل HP502 حجم 120 میلی لیتر,,45000,450000.0,0.1,True,https://basalam.com/cat/tools/%D8%AE%D8%A7%DA%A9-%DA%A9%D9%88%D8%AF-%D8%B3%D9%85%D9%88%D9%85?page=44
کود سولفات روی هپی پلنت مدل SZN وزن 50 گرم,,45000,450000.0,0.1,True,https://basalam.com/cat/tools/%D8%AE%D8%A7%DA%A9-%DA%A9%D9%88%D8%AF-%D8%B3%D9%85%D9%88%D9%85?page=44
کود تقویتی مخصوص گل داوودی هپی پلنت مدل HP410 حجم 120 میلی لیتر,,45000,450000.0,0.1,True,https://basalam.com/cat/tools/%D8%AE%D8%A7%DA%A9-%DA%A9%D9%88%D8%AF-%D8%B3%D9%85%D9%88%D9%85?page=44
کود نیترات کلسیم هپی پلنت مدل CAN وزن 100 گرم,,43000,430000.0,0.1,True,https://basalam.com/cat/tools/%D8%AE%D8%A7%DA%A9-%DA%A9%D9%88%D8%AF-%D8%B3%D9%85%D9%88%D9%85?page=44
کود مایع کامل سانسوریا گلبان کود مدل G حجم 220 میلی لیتر,,45000,450000.0,0.1,True,https://basalam.com/cat/tools/%D8%AE%D8%A7%DA%A9-%DA%A9%D9%88%D8%AF-%D8%B3%D9%85%D9%88%D9%85?page=44
کود مایع کامل غنی شده محرک برگ دهی گیاهان مدل DaneshPlus حجم 120 میلی لیتر,,45000,450000.0,0.1,True,https://basalam.com/cat/tools/%D8%AE%D8%A7%DA%A9-%DA%A9%D9%88%D8%AF-%D8%B3%D9%85%D9%88%D9%85?page=44
کود مایع ارگانیک غنی شده محرک رشد رویشی مدل OrgaFerti حجم 120 میلی لیتر,,45000,450000.0,0.1,True,https://basalam.com/cat/tools/%D8%AE%D8%A7%DA%A9-%DA%A9%D9%88%D8%AF-%D8%B3%D9%85%D9%88%D9%85?page=44
کود مایع کامل ارگانیک غنی شده ویژه گل مرجان مدل OrgaFerti حجم 120 میلی لیتر,,45000,450000.0,0.1,True,https://basalam.com/cat/tools/%D8%AE%D8%A7%DA%A9-%DA%A9%D9%88%D8%AF-%D8%B3%D9%85%D9%88%D9%85?page=44
کود مایع کامل ارگانیک غنی شده ویژه گیلاس اورشلیم مدل OrgaFerti حجم 120 میلی لیتر,,45000,450000.0,0.1,True,https://basalam.com/cat/tools/%D8%AE%D8%A7%DA%A9-%DA%A9%D9%88%D8%AF-%D8%B3%D9%85%D9%88%D9%85?page=44
کود مایع کامل مکمل رشد گیاه حسن یوسف مدل Super Power 13 حجم 120 میلی لیتر,,45000,450000.0,0.1,True,https://basalam.com/cat/tools/%D8%AE%D8%A7%DA%A9-%DA%A9%D9%88%D8%AF-%D8%B3%D9%85%D9%88%D9%85?page=44
کود مایع کامل ارگانیک غنی شده ویژه گل شیپوری مدل OrgaFerti حجم 120 میلی لیتر,,45000,450000.0,0.1,True,https://basalam.com/cat/tools/%D8%AE%D8%A7%DA%A9-%DA%A9%D9%88%D8%AF-%D8%B3%D9%85%D9%88%D9%85?page=44
کود مایع کامل ارگانیک غنی شده ویژه گلهای شاخه بریده مدل OrgaFerti حجم 120 میلی لیتر,,45000,450000.0,0.1,True,https://basalam.com/cat/tools/%D8%AE%D8%A7%DA%A9-%DA%A9%D9%88%D8%AF-%D8%B3%D9%85%D9%88%D9%85?page=44
کود مایع مکمل رشد فیلودندرون مدل Super Power 01 حجم 120 میلی لیتر,,45000,450000.0,0.1,True,https://basalam.com/cat/tools/%D8%AE%D8%A7%DA%A9-%DA%A9%D9%88%D8%AF-%D8%B3%D9%85%D9%88%D9%85?page=44
کود مایع کامل ارگانیک غنی شده ویژه زاموفیلیا بلک مدل OrgaFerti حجم 120 میلی لیتر,,45000,450000.0,0.1,True,https://basalam.com/cat/tools/%D8%AE%D8%A7%DA%A9-%DA%A9%D9%88%D8%AF-%D8%B3%D9%85%D9%88%D9%85?page=44
کود مایع کامل ارگانیک غنی شده ویژه سبزی کاری مدل OrgaFerti حجم 120 میلی لیتر,,45000,450000.0,0.1,True,https://basalam.com/cat/tools/%D8%AE%D8%A7%DA%A9-%DA%A9%D9%88%D8%AF-%D8%B3%D9%85%D9%88%D9%85?page=44
کود مایع کامل ارگانیک غنی شده ویژه فیکوس آفریقایی مدل OrgaFerti حجم 120 میلی لیتر,,45000,450000.0,0.1,True,https://basalam.com/cat/tools/%D8%AE%D8%A7%DA%A9-%DA%A9%D9%88%D8%AF-%D8%B3%D9%85%D9%88%D9%85?page=44
کود کامل دراسنا مدل A31 حجم 120 میلی لیتر,,45000,450000.0,0.1,True,https://basalam.com/cat/tools/%D8%AE%D8%A7%DA%A9-%DA%A9%D9%88%D8%AF-%D8%B3%D9%85%D9%88%D9%85?page=44
کود نخل لیکوالا مدل A63 حجم 120 میلی لیتر,,45000,450000.0,0.1,True,https://basalam.com/cat/tools/%D8%AE%D8%A7%DA%A9-%DA%A9%D9%88%D8%AF-%D8%B3%D9%85%D9%88%D9%85?page=44
کود کامل بنجامین فیکوس بلک ابلق و آمستل مدل A33 حجم 120 میلی لیتر,,45000,450000.0,0.1,True,https://basalam.com/cat/tools/%D8%AE%D8%A7%DA%A9-%DA%A9%D9%88%D8%AF-%D8%B3%D9%85%D9%88%D9%85?page=44
کود کامل آدنیوم مدل Adnium حجم 120 میلی لیتر,,45000,450000.0,0.1,True,https://basalam.com/cat/tools/%D8%AE%D8%A7%DA%A9-%DA%A9%D9%88%D8%AF-%D8%B3%D9%85%D9%88%D9%85?page=44
کود پاچیرا مدل A70 حجم 120 میلی لیتر,,45000,450000.0,0.1,True,https://basalam.com/cat/tools/%D8%AE%D8%A7%DA%A9-%DA%A9%D9%88%D8%AF-%D8%B3%D9%85%D9%88%D9%85?page=44
کود کامل لیراتا فیکوس افریقایی مدل A27 حجم 120 میلی لیتر,,45000,450000.0,0.1,True,https://basalam.com/cat/tools/%D8%AE%D8%A7%DA%A9-%DA%A9%D9%88%D8%AF-%D8%B3%D9%85%D9%88%D9%85?page=44
کود کامل فیلودندرون گوش گرگی مدل Filn حجم 120 میلی لیتر,,45000,450000.0,0.1,True,https://basalam.com/cat/tools/%D8%AE%D8%A7%DA%A9-%DA%A9%D9%88%D8%AF-%D8%B3%D9%85%D9%88%D9%85?page=44
کود مایع درخت لیمو کد Pak حجم 120 میلی لیتر بسته 8 عددی,,1290000,12900000.0,0.1,True,https://basalam.com/cat/tools/%D8%AE%D8%A7%DA%A9-%DA%A9%D9%88%D8%AF-%D8%B3%D9%85%D9%88%D9%85?page=44
کود سه مرحله ای پتوس مدل ABC2022 حجم 120 میلی لیتر بسته سه عددی,,110000,1100000.0,0.1,True,https://basalam.com/cat/tools/%D8%AE%D8%A7%DA%A9-%DA%A9%D9%88%D8%AF-%D8%B3%D9%85%D9%88%D9%85?page=44
کود پتوس و اسید آمینه و آهن و مولتی کود کد A01 حجم 120 میلی لیتر بسته 4 عددی,,69000,690000.0,0.1,True,https://basalam.com/cat/tools/%D8%AE%D8%A7%DA%A9-%DA%A9%D9%88%D8%AF-%D8%B3%D9%85%D9%88%D9%85?page=44
کود مایع مولتی کود مخصوص گل های آپارتمانی مدل Fast growth حجم کل 300 میلی لیتر بسته سه عددی,,109000,1090000.0,0.1,True,https://basalam.com/cat/tools/%D8%AE%D8%A7%DA%A9-%DA%A9%D9%88%D8%AF-%D8%B3%D9%85%D9%88%D9%85?page=44
کود مایع زاموفیلیا و پتوس و سانسوریا و هیومیک مدل A حجم 120 میلی لیتر بسته 8 عددی,,129000,1290000.0,0.1,True,https://basalam.com/cat/tools/%D8%AE%D8%A7%DA%A9-%DA%A9%D9%88%D8%AF-%D8%B3%D9%85%D9%88%D9%85?page=44
کود مایع قطره چکانی گلدهی گیاهان خانگی گلبان کود مدل Fast growth حجم 300 میلی لیتر بسته سه عددی,,59000,590000.0,0.1,True,https://basalam.com/cat/tools/%D8%AE%D8%A7%DA%A9-%DA%A9%D9%88%D8%AF-%D8%B3%D9%85%D9%88%D9%85?page=44
کود تقویتی مخصوص مورد زینتی هپی پلنت مدل HP447 حجم 120 میلی لیتر,,45000,450000.0,0.1,True,https://basalam.com/cat/tools/%D8%AE%D8%A7%DA%A9-%DA%A9%D9%88%D8%AF-%D8%B3%D9%85%D9%88%D9%85?page=44
کود مایع محرک رشد شامادورا مدل Super powerحجم 120 میلی لیتر بسته دو عددی,,85000,850000.0,0.1,True,https://basalam.com/cat/tools/%D8%AE%D8%A7%DA%A9-%DA%A9%D9%88%D8%AF-%D8%B3%D9%85%D9%88%D9%85?page=44
کود مایع گل دهی گیاهانو کلات آهن و سه بیست و هیومیک مدل A حجم 120 میلی لیتر بسته 8 عددی,,209000,2090000.0,0.1,True,https://basalam.com/cat/tools/%D8%AE%D8%A7%DA%A9-%DA%A9%D9%88%D8%AF-%D8%B3%D9%85%D9%88%D9%85?page=44
کود مایع محرک رشد برگ دهی مدل Mpower حجم 120 میلی لیتر بسته دو عددی,,88000,880000.0,0.1,True,https://basalam.com/cat/tools/%D8%AE%D8%A7%DA%A9-%DA%A9%D9%88%D8%AF-%D8%B3%D9%85%D9%88%D9%85?page=44
کود مایع محرک رشد حسن یوسف مدل Mpower حجم 120 میلی لیتر بسته سه عددی,,69000,690000.0,0.1,True,https://basalam.com/cat/tools/%D8%AE%D8%A7%DA%A9-%DA%A9%D9%88%D8%AF-%D8%B3%D9%85%D9%88%D9%85?page=44
کود مایع محرک رشد انواع سرخس مدل Mpower حجم 120 میلی لیتر بسته دو عددی,,490000,4900000.0,0.1,True,https://basalam.com/cat/tools/%D8%AE%D8%A7%DA%A9-%DA%A9%D9%88%D8%AF-%D8%B3%D9%85%D9%88%D9%85?page=44
کود مایع زاموفیلیا گلبان کود مدل Fast growth حجم 100 میلی لیتر بسته سه عددی,,690000,6900000.0,0.1,True,https://basalam.com/cat/tools/%D8%AE%D8%A7%DA%A9-%DA%A9%D9%88%D8%AF-%D8%B3%D9%85%D9%88%D9%85?page=44
کود مایع مخصوص گیاهان برگی هپی پلنت مدل HP26 حجم 420 میلی لیتر,,65000,650000.0,0.1,True,https://basalam.com/cat/tools/%D8%AE%D8%A7%DA%A9-%DA%A9%D9%88%D8%AF-%D8%B3%D9%85%D9%88%D9%85?page=44
کود مایع محرک رشد فیکوس مدل Spower حجم 120 میلی لیتر بسته سه عددی,,109000,1090000.0,0.1,True,https://basalam.com/cat/tools/%D8%AE%D8%A7%DA%A9-%DA%A9%D9%88%D8%AF-%D8%B3%D9%85%D9%88%D9%85?page=44
کود مایع مرکب مدل 15 حجم 120 میلی لیتر,,45000,450000.0,0.1,True,https://basalam.com/cat/tools/%D8%AE%D8%A7%DA%A9-%DA%A9%D9%88%D8%AF-%D8%B3%D9%85%D9%88%D9%85?page=44
کود کامل مایع پتوس مدل A33 حجم 120 میلی لیتر بسته دو عددی,,85000,850000.0,0.1,True,https://basalam.com/cat/tools/%D8%AE%D8%A7%DA%A9-%DA%A9%D9%88%D8%AF-%D8%B3%D9%85%D9%88%D9%85?page=44
کود مایع محرک رشد گیاه گندمی مدل Super powerحجم 120 میلی لیتر بسته دو عددی,,49000,490000.0,0.1,True,https://basalam.com/cat/tools/%D8%AE%D8%A7%DA%A9-%DA%A9%D9%88%D8%AF-%D8%B3%D9%85%D9%88%D9%85?page=45
کود تقویتی مخصوص درخت سیب هپی پلنت مدل HP436 حجم 120 میلی لیتر,,45000,450000.0,0.1,True,https://basalam.com/cat/tools/%D8%AE%D8%A7%DA%A9-%DA%A9%D9%88%D8%AF-%D8%B3%D9%85%D9%88%D9%85?page=45
کود مایع مرکب زاموفیلیا مدل ZD7 حجم 120 میلی متر بسته 3 عددی,,119000,1190000.0,0.1,True,https://basalam.com/cat/tools/%D8%AE%D8%A7%DA%A9-%DA%A9%D9%88%D8%AF-%D8%B3%D9%85%D9%88%D9%85?page=45
کود مایع دیفن باخیا و مولتی کود و کود برگ دهی و هیومیک مدل A حجم 120 میلی لیتر بسته 8 عددی,,159000,1590000.0,0.1,True,https://basalam.com/cat/tools/%D8%AE%D8%A7%DA%A9-%DA%A9%D9%88%D8%AF-%D8%B3%D9%85%D9%88%D9%85?page=45
کود تقویتی بنسای هپی پلنت مدل HP35 حجم 120 میلی لیتر,,45000,450000.0,0.1,True,https://basalam.com/cat/tools/%D8%AE%D8%A7%DA%A9-%DA%A9%D9%88%D8%AF-%D8%B3%D9%85%D9%88%D9%85?page=45
کود کامل مایع مخصوص گل مرجان مدل A33 حجم 120 میلی لیتر بسته 8 عددی,,129000,1290000.0,0.1,True,https://basalam.com/cat/tools/%D8%AE%D8%A7%DA%A9-%DA%A9%D9%88%D8%AF-%D8%B3%D9%85%D9%88%D9%85?page=45
کود مایع مرکب مدل Bahar34 حجم 120 میلی لیتر,,45000,450000.0,0.1,True,https://basalam.com/cat/tools/%D8%AE%D8%A7%DA%A9-%DA%A9%D9%88%D8%AF-%D8%B3%D9%85%D9%88%D9%85?page=45
کود مایع محرک رشد گیاه درسنا مدل Super powerحجم 120 میلی لیتر بسته دو عددی,,49000,490000.0,0.1,True,https://basalam.com/cat/tools/%D8%AE%D8%A7%DA%A9-%DA%A9%D9%88%D8%AF-%D8%B3%D9%85%D9%88%D9%85?page=45
کود تقویتی آهن کلاته مایع هپی پلنت مدل EDDHA حجم 60 میلی لیتر,,41000,410000.0,0.1,True,https://basalam.com/cat/tools/%D8%AE%D8%A7%DA%A9-%DA%A9%D9%88%D8%AF-%D8%B3%D9%85%D9%88%D9%85?page=45
کود تقویتی مخصوص درخت خرمالو هپی پلنت مدل HP428 حجم 120 میلی لیتر,,45000,450000.0,0.1,True,https://basalam.com/cat/tools/%D8%AE%D8%A7%DA%A9-%DA%A9%D9%88%D8%AF-%D8%B3%D9%85%D9%88%D9%85?page=45
کود تقویتی آگلونما هپی پلنت مدل HP55 حجم 120 میلی لیتر,,45000,450000.0,0.1,True,https://basalam.com/cat/tools/%D8%AE%D8%A7%DA%A9-%DA%A9%D9%88%D8%AF-%D8%B3%D9%85%D9%88%D9%85?page=45
کود تقویتی مخصوص حسن یوسف هپی پلنت مدل HP33 حجم 120 میلی لیتر,,45000,450000.0,0.1,True,https://basalam.com/cat/tools/%D8%AE%D8%A7%DA%A9-%DA%A9%D9%88%D8%AF-%D8%B3%D9%85%D9%88%D9%85?page=45
کود تقویتی عناصر ریز مغذی میکرو مایع هپی پلنت مدل میکرومیکس حجم 60 میلی لیتر,,41000,410000.0,0.1,True,https://basalam.com/cat/tools/%D8%AE%D8%A7%DA%A9-%DA%A9%D9%88%D8%AF-%D8%B3%D9%85%D9%88%D9%85?page=45
کود مایع آلوئه ورا کد Pak حجم 120 میلی لیتر بسته 8 عددی,,129000,1290000.0,0.1,True,https://basalam.com/cat/tools/%D8%AE%D8%A7%DA%A9-%DA%A9%D9%88%D8%AF-%D8%B3%D9%85%D9%88%D9%85?page=45
کود مایع اسپری مدل 21 حجم 100 میلی لیتر,,65000,650000.0,0.1,True,https://basalam.com/cat/tools/%D8%AE%D8%A7%DA%A9-%DA%A9%D9%88%D8%AF-%D8%B3%D9%85%D9%88%D9%85?page=45
کود سه مرحله ای سانسوریا مدل ABC2022 حجم 120 میلی لیتر بسته سه عددی,,109000,1090000.0,0.1,True,https://basalam.com/cat/tools/%D8%AE%D8%A7%DA%A9-%DA%A9%D9%88%D8%AF-%D8%B3%D9%85%D9%88%D9%85?page=45
کود مایع محرک رشد مدل 13 حجم 120 میلی لیتر بسته دو عددی,,110000,1100000.0,0.1,True,https://basalam.com/cat/tools/%D8%AE%D8%A7%DA%A9-%DA%A9%D9%88%D8%AF-%D8%B3%D9%85%D9%88%D9%85?page=45
کود ریشه زایی و سه بیست و هیومیک و آهن کد A08حجم 120 میلی لیتر بسته 4 عددی,,109000,1090000.0,0.1,True,https://basalam.com/cat/tools/%D8%AE%D8%A7%DA%A9-%DA%A9%D9%88%D8%AF-%D8%B3%D9%85%D9%88%D9%85?page=45
کود مایع کامل ارگانیک غنی شده ویژه سرو پژیا مدل OrgaFerti حجم 120 میلی لیتر,,45000,450000.0,0.1,True,https://basalam.com/cat/tools/%D8%AE%D8%A7%DA%A9-%DA%A9%D9%88%D8%AF-%D8%B3%D9%85%D9%88%D9%85?page=45
کود درسنا و سه بیست و هیومیک و آهن کد A05 حجم 120 میلی لیتر بسته 4 عددی,,115000,1150000.0,0.1,True,https://basalam.com/cat/tools/%D8%AE%D8%A7%DA%A9-%DA%A9%D9%88%D8%AF-%D8%B3%D9%85%D9%88%D9%85?page=45
کود مایع محرک رشد آلوئه ورا مدل Mpower حجم 120 میلی لیتر بسته سه عددی,,65000,650000.0,0.1,True,https://basalam.com/cat/tools/%D8%AE%D8%A7%DA%A9-%DA%A9%D9%88%D8%AF-%D8%B3%D9%85%D9%88%D9%85?page=45
کود مایع محرک رشد دیوار سبز مدل Mpower حجم 250 میلی لیتر بسته دو عددی,,84000,840000.0,0.1,True,https://basalam.com/cat/tools/%D8%AE%D8%A7%DA%A9-%DA%A9%D9%88%D8%AF-%D8%B3%D9%85%D9%88%D9%85?page=45
کود مایع NPK سه بیست کد Pak حجم 120 میلی لیتر بسته 8 عددی,,209000,2090000.0,0.1,True,https://basalam.com/cat/tools/%D8%AE%D8%A7%DA%A9-%DA%A9%D9%88%D8%AF-%D8%B3%D9%85%D9%88%D9%85?page=45
کود شمعدانی و سه بیست و هیومیک و آهن کد A09حجم 120 میلی لیتر بسته 4 عددی,,109000,1090000.0,0.1,True,https://basalam.com/cat/tools/%D8%AE%D8%A7%DA%A9-%DA%A9%D9%88%D8%AF-%D8%B3%D9%85%D9%88%D9%85?page=45
کود مایع مرکب برگ انجیری گلبان کود مدل GLBK حجم 440 میلی لیتر بسته دو عددی,,82000,820000.0,0.1,True,https://basalam.com/cat/tools/%D8%AE%D8%A7%DA%A9-%DA%A9%D9%88%D8%AF-%D8%B3%D9%85%D9%88%D9%85?page=45
کود مایع کامل مکمل رشد گیاه اسطوخدوس مدل Super Power 01 حجم 120 میلی لیتر,,45000,450000.0,0.1,True,https://basalam.com/cat/tools/%D8%AE%D8%A7%DA%A9-%DA%A9%D9%88%D8%AF-%D8%B3%D9%85%D9%88%D9%85?page=45
کود مایع قطره چکانی دیفن باخیا گلبان کود مدل Fast growth حجم 300 میلی لیتر بسته سه عددی,,125000,1250000.0,0.1,True,https://basalam.com/cat/tools/%D8%AE%D8%A7%DA%A9-%DA%A9%D9%88%D8%AF-%D8%B3%D9%85%D9%88%D9%85?page=45
کود مایع محرک رشد پتوس طلایی مدل Mpower حجم 120 میلی لیتر بسته سه عددی,,119000,1190000.0,0.1,True,https://basalam.com/cat/tools/%D8%AE%D8%A7%DA%A9-%DA%A9%D9%88%D8%AF-%D8%B3%D9%85%D9%88%D9%85?page=45
کود مایع مرکب ریشه زایی گیاهان آپارتمانی مدل Bahar25 حجم 120 میلی لیتر,,45000,450000.0,0.1,True,https://basalam.com/cat/tools/%D8%AE%D8%A7%DA%A9-%DA%A9%D9%88%D8%AF-%D8%B3%D9%85%D9%88%D9%85?page=45
کود تقویتی کالسیو آلفردو اینستا اسپانیا حاوی کلسیم و اسید آمینه یک لیتری,,695000,434375.0,1.6,True,https://basalam.com/cat/tools/%D8%AE%D8%A7%DA%A9-%DA%A9%D9%88%D8%AF-%D8%B3%D9%85%D9%88%D9%85?page=42
کود تریو پلاس ارونتیکا اسپانیا FMZ حاوی آهن  روی و منگنز,,785000,785000.0,1.0,True,https://basalam.com/cat/tools/%D8%AE%D8%A7%DA%A9-%DA%A9%D9%88%D8%AF-%D8%B3%D9%85%D9%88%D9%85?page=42
کود ریشه زای بیو رادیکانت فیوچرکو اسپانیا یک لیتری,,1800000,1800000.0,1.0,True,https://basalam.com/cat/tools/%D8%AE%D8%A7%DA%A9-%DA%A9%D9%88%D8%AF-%D8%B3%D9%85%D9%88%D9%85?page=42
کود رشد 10.52.10 فسفر بالا پودری با حلالیت بالا 100 گرمی ( هزینه ارسال پسکرایه),,50000,500000.0,0.1,True,https://basalam.com/cat/tools/%D8%AE%D8%A7%DA%A9-%DA%A9%D9%88%D8%AF-%D8%B3%D9%85%D9%88%D9%85?page=38
کود آهن فیکو مخصوص درختان مثمر و گلدان و گیاهان آپارتمانی و خانگی,,345000,345000.0,1.0,True,https://basalam.com/cat/tools/%D8%AE%D8%A7%DA%A9-%DA%A9%D9%88%D8%AF-%D8%B3%D9%85%D9%88%D9%85?page=38
کاکتوس فروتیغ طلائی بسیار باکیفیت و کلکسیونی مدل کاکتوسچی,,65000,1444444.4444444445,0.045,True,https://basalam.com/cat/tools/%D8%AE%D8%A7%DA%A9-%DA%A9%D9%88%D8%AF-%D8%B3%D9%85%D9%88%D9%85?page=39
کود آلی وتقویت کننده ورم کستینگچهار گالنی(پس کرایه),,990000,141428.57142857142,7.0,True,https://basalam.com/cat/tools/%D8%AE%D8%A7%DA%A9-%DA%A9%D9%88%D8%AF-%D8%B3%D9%85%D9%88%D9%85?page=49
کود کاکتوس و ساکولنت ملکه محصول آلمان(وزن80گرم),,85000,1062500.0,0.08,True,https://basalam.com/cat/tools/%D8%AE%D8%A7%DA%A9-%DA%A9%D9%88%D8%AF-%D8%B3%D9%85%D9%88%D9%85?page=55
کود 10 52 10 وانوما با عناصر ماکرو و میکرو ده کیلویی,,4570000,457000.0,10.0,True,https://basalam.com/cat/tools/%D8%AE%D8%A7%DA%A9-%DA%A9%D9%88%D8%AF-%D8%B3%D9%85%D9%88%D9%85?page=47
کود مایع زاموفیلیا تایمکس - کود مایع 30 میلی لیتر,,38500,1283333.3333333335,0.03,True,https://basalam.com/cat/tools/%D8%AE%D8%A7%DA%A9-%DA%A9%D9%88%D8%AF-%D8%B3%D9%85%D9%88%D9%85?page=51
کود مایع بونسای گرین گروس- پک سه عددی- هر کدام 90 میلی لیتر,,109000,198181.81818181815,0.55,True,https://basalam.com/cat/tools/%D8%AE%D8%A7%DA%A9-%DA%A9%D9%88%D8%AF-%D8%B3%D9%85%D9%88%D9%85?page=51
کود نونامیک K-CU فسفیت پتاسیم مایع(پس کرایه),,710000,710000.0,1.0,True,https://basalam.com/cat/tools/%D8%AE%D8%A7%DA%A9-%DA%A9%D9%88%D8%AF-%D8%B3%D9%85%D9%88%D9%85?page=53
کود NPK سه بیست 20/20/20+TE,,295000,295000.0,1.0,True,https://basalam.com/cat/tools/%D8%AE%D8%A7%DA%A9-%DA%A9%D9%88%D8%AF-%D8%B3%D9%85%D9%88%D9%85?page=53
کود گیاهان اپارتمانی (پس کرایه),,100000,2000000.0,0.05,True,https://basalam.com/cat/tools/%D8%AE%D8%A7%DA%A9-%DA%A9%D9%88%D8%AF-%D8%B3%D9%85%D9%88%D9%85?page=53
کود هیومیک اسید مایع جنریت پنج لیتری محصول آمریکا 95 درصد خلوص,,1700000,340000.0,5.0,True,https://basalam.com/cat/tools/%D8%AE%D8%A7%DA%A9-%DA%A9%D9%88%D8%AF-%D8%B3%D9%85%D9%88%D9%85?page=21
کود مایع آهن نانو 11درصد پنج لیتری جنریت اصلی محصول آمریکا,,6390000,1278000.0,5.0,True,https://basalam.com/cat/tools/%D8%AE%D8%A7%DA%A9-%DA%A9%D9%88%D8%AF-%D8%B3%D9%85%D9%88%D9%85?page=21
کود مایع آمینو اسید جنریت آمریکا پنج لیتری,,4150000,830000.0,5.0,True,https://basalam.com/cat/tools/%D8%AE%D8%A7%DA%A9-%DA%A9%D9%88%D8%AF-%D8%B3%D9%85%D9%88%D9%85?page=22
کود مایع کلسیم 27 درصد جنریت پنج لیتری اصلی محصول آمریکا,,3150000,630000.0,5.0,True,https://basalam.com/cat/tools/%D8%AE%D8%A7%DA%A9-%DA%A9%D9%88%D8%AF-%D8%B3%D9%85%D9%88%D9%85?page=22
کود مایع فروت ست جنریت آمریکا یک لیتری,,900000,900000.0,1.0,True,https://basalam.com/cat/tools/%D8%AE%D8%A7%DA%A9-%DA%A9%D9%88%D8%AF-%D8%B3%D9%85%D9%88%D9%85?page=22
کود مایع فسفیت پتاسیم جنریت آمریکا پنج لیتری,,6400000,1280000.0,5.0,True,https://basalam.com/cat/tools/%D8%AE%D8%A7%DA%A9-%DA%A9%D9%88%D8%AF-%D8%B3%D9%85%D9%88%D9%85?page=22
کود کلسیم شوک یک لیتری (پس کرایه),,249000,249000.0,1.0,True,https://basalam.com/cat/tools/%D8%AE%D8%A7%DA%A9-%DA%A9%D9%88%D8%AF-%D8%B3%D9%85%D9%88%D9%85?page=22
کود هیبرید 10 گرمی فیدینگ مناسب گلدهی,,150000,15000000.0,0.01,True,https://basalam.com/cat/tools/%D8%AE%D8%A7%DA%A9-%DA%A9%D9%88%D8%AF-%D8%B3%D9%85%D9%88%D9%85?page=22
کود رشد 10 گرمی فیدینگ مناسب برای مرحله رشد,,150000,15000000.0,0.01,True,https://basalam.com/cat/tools/%D8%AE%D8%A7%DA%A9-%DA%A9%D9%88%D8%AF-%D8%B3%D9%85%D9%88%D9%85?page=22
کود کامل 10-52-10 تقویت ریشه دهی و گلدهی,,75000,750000.0,0.1,True,https://basalam.com/cat/tools/%D8%AE%D8%A7%DA%A9-%DA%A9%D9%88%D8%AF-%D8%B3%D9%85%D9%88%D9%85?page=22
کود سیلیکات پتاسیم ضد ورس گندم ضد سرما و ضد سرما (پس کرایه),,420000,420000.0,1.0,True,https://basalam.com/cat/tools/%D8%AE%D8%A7%DA%A9-%DA%A9%D9%88%D8%AF-%D8%B3%D9%85%D9%88%D9%85?page=22
کود(جلبک دریایی)دکتر یشیل,,85000,1700000.0,0.05,True,https://basalam.com/cat/tools/%D8%AE%D8%A7%DA%A9-%DA%A9%D9%88%D8%AF-%D8%B3%D9%85%D9%88%D9%85?page=22
کود تقویتی فیدینگ 10 گرمی,,230000,23000000.0,0.01,True,https://basalam.com/cat/tools/%D8%AE%D8%A7%DA%A9-%DA%A9%D9%88%D8%AF-%D8%B3%D9%85%D9%88%D9%85?page=22
کود اسید آمینه بهاران پودری,,1300000,1300000.0,1.0,True,https://basalam.com/cat/tools/%D8%AE%D8%A7%DA%A9-%DA%A9%D9%88%D8%AF-%D8%B3%D9%85%D9%88%D9%85?page=22
کود تقویتی و محرک رشد اکتیواتور 250 میلی لیتر,,96000,240000.0,0.4,True,https://basalam.com/cat/tools/%D8%AE%D8%A7%DA%A9-%DA%A9%D9%88%D8%AF-%D8%B3%D9%85%D9%88%D9%85?page=46
کود NPK10 10 25 TE,,35000,583333.3333333334,0.06,True,https://basalam.com/cat/tools/%D8%AE%D8%A7%DA%A9-%DA%A9%D9%88%D8%AF-%D8%B3%D9%85%D9%88%D9%85?page=22
کود NPK20 20 20,,35000,583333.3333333334,0.06,True,https://basalam.com/cat/tools/%D8%AE%D8%A7%DA%A9-%DA%A9%D9%88%D8%AF-%D8%B3%D9%85%D9%88%D9%85?page=22
کود کلسیم ملکه,,109000,726666.6666666667,0.15,True,https://basalam.com/cat/tools/%D8%AE%D8%A7%DA%A9-%DA%A9%D9%88%D8%AF-%D8%B3%D9%85%D9%88%D9%85?page=40
کود تقویتی گیاهان آپارتمانی (مولتی کود),,50000,625000.0,0.08,True,https://basalam.com/cat/tools/%D8%AE%D8%A7%DA%A9-%DA%A9%D9%88%D8%AF-%D8%B3%D9%85%D9%88%D9%85?page=22
کود تقویتی ویژه نهالباغ و گیاهان زینتی 250سی سی جنرال پاور حاوی محرک رشد غنی شده با هیومیک اسید,,79000,316000.0,0.25,True,https://basalam.com/cat/tools/%D8%AE%D8%A7%DA%A9-%DA%A9%D9%88%D8%AF-%D8%B3%D9%85%D9%88%D9%85?page=22
کود ورمی کمپوست ورمی کمپوست یک کیلو,,22000,22000.0,1.0,True,https://basalam.com/cat/tools/%D8%AE%D8%A7%DA%A9-%DA%A9%D9%88%D8%AF-%D8%B3%D9%85%D9%88%D9%85?page=22
کود پتاسیم (40گرمی)(RICO),,80000,2000000.0,0.04,True,https://basalam.com/cat/tools/%D8%AE%D8%A7%DA%A9-%DA%A9%D9%88%D8%AF-%D8%B3%D9%85%D9%88%D9%85?page=22
ریشه شیرین بیان با کیفیت عالی بار امسالی و تازه(500گرمی ),,190000,380000.0,0.5,True,https://basalam.com/cat/tools/%D8%AE%D8%A7%DA%A9-%DA%A9%D9%88%D8%AF-%D8%B3%D9%85%D9%88%D9%85?page=56
کود فسفیت پتاسیم IFTC اردن,,1350000,1350000.0,1.0,True,https://basalam.com/cat/tools/%D8%AE%D8%A7%DA%A9-%DA%A9%D9%88%D8%AF-%D8%B3%D9%85%D9%88%D9%85?page=22
کود مخصوص گلدهی زعفران شوک پلاس یک لیتری,,550000,550000.0,1.0,True,https://basalam.com/cat/tools/%D8%AE%D8%A7%DA%A9-%DA%A9%D9%88%D8%AF-%D8%B3%D9%85%D9%88%D9%85?page=22
کود مس 99درصد شوک پلاس امریکایی یک لیتری,,400000,400000.0,1.0,True,https://basalam.com/cat/tools/%D8%AE%D8%A7%DA%A9-%DA%A9%D9%88%D8%AF-%D8%B3%D9%85%D9%88%D9%85?page=22
کود جلبک دریایی مایع با کیفیت قوی اورجینال ترکیه جلبک دریایی مایع,,45000,1500000.0,0.03,True,https://basalam.com/cat/tools/%D8%AE%D8%A7%DA%A9-%DA%A9%D9%88%D8%AF-%D8%B3%D9%85%D9%88%D9%85?page=56
کود آپارتمانی گرین مکس 1 (پس کرایه),,95000,316666.6666666667,0.3,True,https://basalam.com/cat/tools/%D8%AE%D8%A7%DA%A9-%DA%A9%D9%88%D8%AF-%D8%B3%D9%85%D9%88%D9%85?page=23
کود گارد 1 فلوریش (پس کرایه),,320000,320000.0,1.0,True,https://basalam.com/cat/tools/%D8%AE%D8%A7%DA%A9-%DA%A9%D9%88%D8%AF-%D8%B3%D9%85%D9%88%D9%85?page=23
کود جنرال هیدروپونیک باشلود 250 میلی,,500000,2000000.0,0.25,True,https://basalam.com/cat/tools/%D8%AE%D8%A7%DA%A9-%DA%A9%D9%88%D8%AF-%D8%B3%D9%85%D9%88%D9%85?page=23
کود گروتک کربومکس پودری بسته 500 گرم,,500000,1000000.0,0.5,True,https://basalam.com/cat/tools/%D8%AE%D8%A7%DA%A9-%DA%A9%D9%88%D8%AF-%D8%B3%D9%85%D9%88%D9%85?page=23
کود پتاس بالا و هیومیک اسید ارسال پس کرایه,,50000,333333.3333333334,0.15,True,https://basalam.com/cat/tools/%D8%AE%D8%A7%DA%A9-%DA%A9%D9%88%D8%AF-%D8%B3%D9%85%D9%88%D9%85?page=23
میکس سه تایی ( کودهای سه 20  محرک گلدهی و محرک ریشه زایی ),,120000,800000.0,0.15,True,https://basalam.com/cat/tools/%D8%AE%D8%A7%DA%A9-%DA%A9%D9%88%D8%AF-%D8%B3%D9%85%D9%88%D9%85?page=23
کود پتاس بالای K66 جنریت یک لیتری66درصدپتاس محصول ایالات متحده,,990000,194117.64705882355,5.1,True,https://basalam.com/cat/tools/%D8%AE%D8%A7%DA%A9-%DA%A9%D9%88%D8%AF-%D8%B3%D9%85%D9%88%D9%85?page=48
کود مایع اسید هیومیک95درصد یک لیتری جنریت محصول ایالات متحده,,810000,810000.0,1.0,True,https://basalam.com/cat/tools/%D8%AE%D8%A7%DA%A9-%DA%A9%D9%88%D8%AF-%D8%B3%D9%85%D9%88%D9%85?page=48
کود کلسیم مایع 27درصد جنریت گالن پنج لیتری گالن اصلی,,3150000,611650.4854368932,5.15,True,https://basalam.com/cat/tools/%D8%AE%D8%A7%DA%A9-%DA%A9%D9%88%D8%AF-%D8%B3%D9%85%D9%88%D9%85?page=48
کود مایع روتی فرت کود مدل سیلیکات پتاسیم حجم یک لیتر( پس کرایه ),,175000,175000.0,1.0,True,https://basalam.com/cat/tools/%D8%AE%D8%A7%DA%A9-%DA%A9%D9%88%D8%AF-%D8%B3%D9%85%D9%88%D9%85?page=23
کود روی یاراویتا-پس کرایه,,1015000,1015000.0,1.0,True,https://basalam.com/cat/tools/%D8%AE%D8%A7%DA%A9-%DA%A9%D9%88%D8%AF-%D8%B3%D9%85%D9%88%D9%85?page=23
کود کلات منگنز یاراویتا-پس کرایه,,726000,726000.0,1.0,True,https://basalam.com/cat/tools/%D8%AE%D8%A7%DA%A9-%DA%A9%D9%88%D8%AF-%D8%B3%D9%85%D9%88%D9%85?page=23
کود بذرمال روی یاراویتا-پس کرایه,,966000,966000.0,1.0,True,https://basalam.com/cat/tools/%D8%AE%D8%A7%DA%A9-%DA%A9%D9%88%D8%AF-%D8%B3%D9%85%D9%88%D9%85?page=23
کود کلسیم و فسفر یاراویتا-پس کرایه,,805000,805000.0,1.0,True,https://basalam.com/cat/tools/%D8%AE%D8%A7%DA%A9-%DA%A9%D9%88%D8%AF-%D8%B3%D9%85%D9%88%D9%85?page=23
پک کود هیدروپونیک کریستا,,285000,1187500.0,0.24,True,https://basalam.com/cat/tools/%D8%AE%D8%A7%DA%A9-%DA%A9%D9%88%D8%AF-%D8%B3%D9%85%D9%88%D9%85?page=23
کود نونامیک سیلیکون (سیلیکات پتاسیم مایع) (پس کرایه),,480000,480000.0,1.0,True,https://basalam.com/cat/tools/%D8%AE%D8%A7%DA%A9-%DA%A9%D9%88%D8%AF-%D8%B3%D9%85%D9%88%D9%85?page=23
کود آهن بمب (پس کرایه),,400000,400000.0,1.0,True,https://basalam.com/cat/tools/%D8%AE%D8%A7%DA%A9-%DA%A9%D9%88%D8%AF-%D8%B3%D9%85%D9%88%D9%85?page=23
کود پتاس بالا نیورایز 30-5-15 (پس کرایه),,2200000,220000.0,10.0,True,https://basalam.com/cat/tools/%D8%AE%D8%A7%DA%A9-%DA%A9%D9%88%D8%AF-%D8%B3%D9%85%D9%88%D9%85?page=23
کود آهن ( کلات آهن ),,50000,1666666.6666666667,0.03,True,https://basalam.com/cat/tools/%D8%AE%D8%A7%DA%A9-%DA%A9%D9%88%D8%AF-%D8%B3%D9%85%D9%88%D9%85?page=23
کود 36-12 -12 ( محرک گلدهی ),,50000,1000000.0,0.05,True,https://basalam.com/cat/tools/%D8%AE%D8%A7%DA%A9-%DA%A9%D9%88%D8%AF-%D8%B3%D9%85%D9%88%D9%85?page=23
میکس دوتایی ( کود آهن و کود 10-52-10 ),,90000,1125000.0,0.08,True,https://basalam.com/cat/tools/%D8%AE%D8%A7%DA%A9-%DA%A9%D9%88%D8%AF-%D8%B3%D9%85%D9%88%D9%85?page=23
کود ماکرو کامل غنی شده با هیومیک اسید 10-10-10,,1530000,61200.0,25.0,True,https://basalam.com/cat/tools/%D8%AE%D8%A7%DA%A9-%DA%A9%D9%88%D8%AF-%D8%B3%D9%85%D9%88%D9%85?page=23
کود مخصوص آنتوریوم,,70000,350000.0,0.2,True,https://basalam.com/cat/tools/%D8%AE%D8%A7%DA%A9-%DA%A9%D9%88%D8%AF-%D8%B3%D9%85%D9%88%D9%85?page=23
کود فسفر پتاسیم لرد رکورد یک لیتری,,680000,680000.0,1.0,True,https://basalam.com/cat/tools/%D8%AE%D8%A7%DA%A9-%DA%A9%D9%88%D8%AF-%D8%B3%D9%85%D9%88%D9%85?page=23
کود کامل مایع ایکس گرین فینیش250سی سی25-25-25,,210000,840000.0,0.25,True,https://basalam.com/cat/tools/%D8%AE%D8%A7%DA%A9-%DA%A9%D9%88%D8%AF-%D8%B3%D9%85%D9%88%D9%85?page=23
کود هربان 150,,110000,733333.3333333334,0.15,True,https://basalam.com/cat/tools/%D8%AE%D8%A7%DA%A9-%DA%A9%D9%88%D8%AF-%D8%B3%D9%85%D9%88%D9%85?page=56
پک سه عددی پتوس سبز و زعفرانی و نئون سایز 10,,110000,78571.42857142858,1.4,True,https://basalam.com/cat/tools/%D8%AE%D8%A7%DA%A9-%DA%A9%D9%88%D8%AF-%D8%B3%D9%85%D9%88%D9%85?page=23
کود اسید هیومیک پلنت استار (ارسال به صورت پس کرایه ),,350000,350000.0,1.0,True,https://basalam.com/cat/tools/%D8%AE%D8%A7%DA%A9-%DA%A9%D9%88%D8%AF-%D8%B3%D9%85%D9%88%D9%85?page=23
کود مرغی غنی شده گرانول سارک کود,,395000,15800.0,25.0,True,https://basalam.com/cat/tools/%D8%AE%D8%A7%DA%A9-%DA%A9%D9%88%D8%AF-%D8%B3%D9%85%D9%88%D9%85?page=23
کود کامل گیاهی سرشار از انواع مواد مغزی و نایاب,,377000,188500.0,2.0,True,https://basalam.com/cat/tools/%D8%AE%D8%A7%DA%A9-%DA%A9%D9%88%D8%AF-%D8%B3%D9%85%D9%88%D9%85?page=23
کود سدیم,,369100,369100.0,1.0,True,https://basalam.com/cat/tools/%D8%AE%D8%A7%DA%A9-%DA%A9%D9%88%D8%AF-%D8%B3%D9%85%D9%88%D9%85?page=23
کود گیاهی طبیعی خالص,,25000,50000.0,0.5,True,https://basalam.com/cat/tools/%D8%AE%D8%A7%DA%A9-%DA%A9%D9%88%D8%AF-%D8%B3%D9%85%D9%88%D9%85?page=24
کود کلات روی 15 درصد ترکیه ای مخصوص محلول پاشی بسته بندی یک کیلوگرمی,,790000,790000.0,1.0,True,https://basalam.com/cat/tools/%D8%AE%D8%A7%DA%A9-%DA%A9%D9%88%D8%AF-%D8%B3%D9%85%D9%88%D9%85?page=24
کود هیدروپونیک مایع مخصوص انواع ملون کد LMe1000,,479000,119750.0,4.0,True,https://basalam.com/cat/tools/%D8%AE%D8%A7%DA%A9-%DA%A9%D9%88%D8%AF-%D8%B3%D9%85%D9%88%D9%85?page=24
کود هیدروپونیک مایع مخصوص میوه دهی کد LP100,,169000,84500.0,2.0,True,https://basalam.com/cat/tools/%D8%AE%D8%A7%DA%A9-%DA%A9%D9%88%D8%AF-%D8%B3%D9%85%D9%88%D9%85?page=24
کود هیدروپونیک جامد مخصوص گوجه فرنگی و صیفی جات کد T100,,125000,1250000.0,0.1,True,https://basalam.com/cat/tools/%D8%AE%D8%A7%DA%A9-%DA%A9%D9%88%D8%AF-%D8%B3%D9%85%D9%88%D9%85?page=24
کود هیدروپونیک جامد مخصوص گلدهی کد B100,,125000,1250000.0,0.1,True,https://basalam.com/cat/tools/%D8%AE%D8%A7%DA%A9-%DA%A9%D9%88%D8%AF-%D8%B3%D9%85%D9%88%D9%85?page=24
کود هیدروپونیک مایع مخصوص مرحله رویشی کد LG100,,169000,84500.0,2.0,True,https://basalam.com/cat/tools/%D8%AE%D8%A7%DA%A9-%DA%A9%D9%88%D8%AF-%D8%B3%D9%85%D9%88%D9%85?page=24
کود هیدروپونیک مایع هوگلند کد LH100,,169000,84500.0,2.0,True,https://basalam.com/cat/tools/%D8%AE%D8%A7%DA%A9-%DA%A9%D9%88%D8%AF-%D8%B3%D9%85%D9%88%D9%85?page=24
کود هیدروپونیک جامد مخصوص دوره رویشی کد G100,,125000,1250000.0,0.1,True,https://basalam.com/cat/tools/%D8%AE%D8%A7%DA%A9-%DA%A9%D9%88%D8%AF-%D8%B3%D9%85%D9%88%D9%85?page=24
کلسیم 27 درصد مایع نانو کود,,400000,400000.0,1.0,True,https://basalam.com/cat/tools/%D8%AE%D8%A7%DA%A9-%DA%A9%D9%88%D8%AF-%D8%B3%D9%85%D9%88%D9%85?page=55
کود پودری کامل NPK 20-20-20 + TE(یک کیلویی),,390000,390000.0,1.0,True,https://basalam.com/cat/tools/%D8%AE%D8%A7%DA%A9-%DA%A9%D9%88%D8%AF-%D8%B3%D9%85%D9%88%D9%85?page=24
کود پتاس بالا یا121236 رشد انفجاری گیاهان,,64000,10666666.666666666,0.006,True,https://basalam.com/cat/tools/%D8%AE%D8%A7%DA%A9-%DA%A9%D9%88%D8%AF-%D8%B3%D9%85%D9%88%D9%85?page=56
کود سه بیست 202020 وارداتی در بسته بندی صد گرمی,,70000,700000.0,0.1,True,https://basalam.com/cat/tools/%D8%AE%D8%A7%DA%A9-%DA%A9%D9%88%D8%AF-%D8%B3%D9%85%D9%88%D9%85?page=55
هورمون گلدهی کود بلوم بوستر محرک شکوفه کینگ مکس مکزیکی,,148000,616666.6666666667,0.24,True,https://basalam.com/cat/tools/%D8%AE%D8%A7%DA%A9-%DA%A9%D9%88%D8%AF-%D8%B3%D9%85%D9%88%D9%85?page=55
کود آلی نیتروژنه و پتاسیم بسته 20 گرمی,,20250,1012500.0,0.02,True,https://basalam.com/cat/tools/%D8%AE%D8%A7%DA%A9-%DA%A9%D9%88%D8%AF-%D8%B3%D9%85%D9%88%D9%85?page=51
کود اسید آمینه نوافول نواگرو ایتالیا 60 سی سی (آمینو اسید و محرک رشد) ( novafol ),,78000,1300000.0,0.06,True,https://basalam.com/cat/tools/%D8%AE%D8%A7%DA%A9-%DA%A9%D9%88%D8%AF-%D8%B3%D9%85%D9%88%D9%85?page=56
کود ماکرو( NPK 10-10-10) غنی شده با جلبک دریایی  اسید امینه و ماده الی,,436000,545000.0,0.8,True,https://basalam.com/cat/tools/%D8%AE%D8%A7%DA%A9-%DA%A9%D9%88%D8%AF-%D8%B3%D9%85%D9%88%D9%85?page=24
فروش کود کلاته میکروکامل خضرا پسکرایه,,770000,770000.0,1.0,True,https://basalam.com/cat/tools/%D8%AE%D8%A7%DA%A9-%DA%A9%D9%88%D8%AF-%D8%B3%D9%85%D9%88%D9%85?page=24
کود های آپارتمانی,,45000,450000.0,0.1,True,https://basalam.com/cat/tools/%D8%AE%D8%A7%DA%A9-%DA%A9%D9%88%D8%AF-%D8%B3%D9%85%D9%88%D9%85?page=24
کود برگ دهی پلاس10 10 30 نیکوبذر(گرم بالا),,49000,1225000.0,0.04,True,https://basalam.com/cat/tools/%D8%AE%D8%A7%DA%A9-%DA%A9%D9%88%D8%AF-%D8%B3%D9%85%D9%88%D9%85?page=20
کود زاموفیلیا - کود کامل و تخصصی (60 گرم کو خالص),,50000,833333.3333333334,0.06,True,https://basalam.com/cat/tools/%D8%AE%D8%A7%DA%A9-%DA%A9%D9%88%D8%AF-%D8%B3%D9%85%D9%88%D9%85?page=55
کود سولفات منیزیم فلورامی 50 گرمی (Magnesium sulfate),,26000,520000.0,0.05,True,https://basalam.com/cat/tools/%D8%AE%D8%A7%DA%A9-%DA%A9%D9%88%D8%AF-%D8%B3%D9%85%D9%88%D9%85?page=56
کود کال مگ (اکتی کلسیم-منیزیم) نواگرو ایتالیا 60 سی سی ( novagro),,67000,1116666.6666666667,0.06,True,https://basalam.com/cat/tools/%D8%AE%D8%A7%DA%A9-%DA%A9%D9%88%D8%AF-%D8%B3%D9%85%D9%88%D9%85?page=56
کود امکس بیو 20 گلد 50 میلی لیتر مصرف خانگی,,155000,155000000.0,0.001,True,https://basalam.com/cat/tools/%D8%AE%D8%A7%DA%A9-%DA%A9%D9%88%D8%AF-%D8%B3%D9%85%D9%88%D9%85?page=49
گیاه سداب با کیفیت عالی بار امسالی و تازه(150گرمی),,259600,1730666.6666666667,0.15,True,https://basalam.com/cat/tools/%D8%AE%D8%A7%DA%A9-%DA%A9%D9%88%D8%AF-%D8%B3%D9%85%D9%88%D9%85?page=54
گیاه پرسیاوشان بار امسالی و تازه(50گرمی ),,107750,2155000.0,0.05,True,https://basalam.com/cat/tools/%D8%AE%D8%A7%DA%A9-%DA%A9%D9%88%D8%AF-%D8%B3%D9%85%D9%88%D9%85?page=54
گیاه مریم گلی با کیفیت عالی بار امسالی و تازه(250گرمی ),,175250,701000.0,0.25,True,https://basalam.com/cat/tools/%D8%AE%D8%A7%DA%A9-%DA%A9%D9%88%D8%AF-%D8%B3%D9%85%D9%88%D9%85?page=54
گیاه گل بنفشه با کیفیت عالی بار امسالی و تازه(50گرم),,393500,7870000.0,0.05,True,https://basalam.com/cat/tools/%D8%AE%D8%A7%DA%A9-%DA%A9%D9%88%D8%AF-%D8%B3%D9%85%D9%88%D9%85?page=54
آلوئه ورا با کیفیت عالی بار امسالی و تازه(200گرمی),,736000,3680000.0,0.2,True,https://basalam.com/cat/tools/%D8%AE%D8%A7%DA%A9-%DA%A9%D9%88%D8%AF-%D8%B3%D9%85%D9%88%D9%85?page=54
گیاه مرزنجوش پودر شده با کیفیت عالی بار امسالی و تازه(100گرمی ),,80200,1604000.0,0.05,True,https://basalam.com/cat/tools/%D8%AE%D8%A7%DA%A9-%DA%A9%D9%88%D8%AF-%D8%B3%D9%85%D9%88%D9%85?page=54
گیاه خرفه با کیفیت عالی بار امسالی و تازه(50گرمی),,59900,1198000.0,0.05,True,https://basalam.com/cat/tools/%D8%AE%D8%A7%DA%A9-%DA%A9%D9%88%D8%AF-%D8%B3%D9%85%D9%88%D9%85?page=54
گیاه درمنه ترکی بار امسالی و تازه(50گرمی ),,42875,857500.0,0.05,True,https://basalam.com/cat/tools/%D8%AE%D8%A7%DA%A9-%DA%A9%D9%88%D8%AF-%D8%B3%D9%85%D9%88%D9%85?page=54
گیاه گزنه با کیفیت عالی بار امسالی و تازه(750گرمی),,373000,497333.3333333333,0.75,True,https://basalam.com/cat/tools/%D8%AE%D8%A7%DA%A9-%DA%A9%D9%88%D8%AF-%D8%B3%D9%85%D9%88%D9%85?page=54
گیاه جعفری بار امسالی و تازه (250 گرمی),,185000,740000.0,0.25,True,https://basalam.com/cat/tools/%D8%AE%D8%A7%DA%A9-%DA%A9%D9%88%D8%AF-%D8%B3%D9%85%D9%88%D9%85?page=54
گیاه خرفه با کیفیت عالی بار امسالی و تازه(500گرمی),,222500,445000.0,0.5,True,https://basalam.com/cat/tools/%D8%AE%D8%A7%DA%A9-%DA%A9%D9%88%D8%AF-%D8%B3%D9%85%D9%88%D9%85?page=54
گیاه مرزنجوش با کیفیت عالی بار امسالی و تازه(500گرمی ),,341000,682000.0,0.5,True,https://basalam.com/cat/tools/%D8%AE%D8%A7%DA%A9-%DA%A9%D9%88%D8%AF-%D8%B3%D9%85%D9%88%D9%85?page=54
گیاه خار شتر پودر شده بار امسالی و تازه(100گرمی ),,58500,585000.0,0.1,True,https://basalam.com/cat/tools/%D8%AE%D8%A7%DA%A9-%DA%A9%D9%88%D8%AF-%D8%B3%D9%85%D9%88%D9%85?page=54
گل مینا با کیفیت عالی بار امسالی و تازه(150گرمی),,1003500,6690000.0,0.15,True,https://basalam.com/cat/tools/%D8%AE%D8%A7%DA%A9-%DA%A9%D9%88%D8%AF-%D8%B3%D9%85%D9%88%D9%85?page=54
گیاه خارخاسک با کیفیت عالی بار امسالی و تازه(100 گرمی ),,64400,644000.0,0.1,True,https://basalam.com/cat/tools/%D8%AE%D8%A7%DA%A9-%DA%A9%D9%88%D8%AF-%D8%B3%D9%85%D9%88%D9%85?page=54
ریشه آنغوزه با کیفیت عالی بار امسالی و تازه(750گرمی ),,373000,532857.1428571428,0.7,True,https://basalam.com/cat/tools/%D8%AE%D8%A7%DA%A9-%DA%A9%D9%88%D8%AF-%D8%B3%D9%85%D9%88%D9%85?page=54
گیاه نعناع دشتی با کیفیت عالی بار امسالی و تازه(100گرمی ),,181550,1815500.0,0.1,True,https://basalam.com/cat/tools/%D8%AE%D8%A7%DA%A9-%DA%A9%D9%88%D8%AF-%D8%B3%D9%85%D9%88%D9%85?page=54
گیاه کاسنی با کیفیت عالی بار امسالی و تازه(150گرمی),,107500,716666.6666666667,0.15,True,https://basalam.com/cat/tools/%D8%AE%D8%A7%DA%A9-%DA%A9%D9%88%D8%AF-%D8%B3%D9%85%D9%88%D9%85?page=54
گل قاصدک بار امسالی و تازه(150گرمی),,138325,922166.6666666667,0.15,True,https://basalam.com/cat/tools/%D8%AE%D8%A7%DA%A9-%DA%A9%D9%88%D8%AF-%D8%B3%D9%85%D9%88%D9%85?page=54
گیاه چای ترش بار امسالی و تازه(100گرم),,450500,4505000.0,0.1,True,https://basalam.com/cat/tools/%D8%AE%D8%A7%DA%A9-%DA%A9%D9%88%D8%AF-%D8%B3%D9%85%D9%88%D9%85?page=54
گل بومادارن با کیفیت عالی بار امسالی و تازه(50 گرمی ),,41750,835000.0,0.05,True,https://basalam.com/cat/tools/%D8%AE%D8%A7%DA%A9-%DA%A9%D9%88%D8%AF-%D8%B3%D9%85%D9%88%D9%85?page=53
گیاه درمنه ترکی با کیفیت عالی بار امسالی و تازه(100گرمی ),,74300,743000.0,0.1,True,https://basalam.com/cat/tools/%D8%AE%D8%A7%DA%A9-%DA%A9%D9%88%D8%AF-%D8%B3%D9%85%D9%88%D9%85?page=53
گیاه دم اسب با کیفیت عالی بار امسالی و تازه(50گرمی),,59900,1198000.0,0.05,True,https://basalam.com/cat/tools/%D8%AE%D8%A7%DA%A9-%DA%A9%D9%88%D8%AF-%D8%B3%D9%85%D9%88%D9%85?page=54
گل گاو زبان با کیفیت عالی بار امسالی و تازه(100گرمی),,497000,4970000.0,0.1,True,https://basalam.com/cat/tools/%D8%AE%D8%A7%DA%A9-%DA%A9%D9%88%D8%AF-%D8%B3%D9%85%D9%88%D9%85?page=54
پودر ریشه چله داغی ( آدمک)(اصل و کاملا خالص),,39900,570000.0,0.07,True,https://basalam.com/cat/tools/%D8%AE%D8%A7%DA%A9-%DA%A9%D9%88%D8%AF-%D8%B3%D9%85%D9%88%D9%85?page=42
ریشه شیرین بیان (بدون پوست) بار امسالی و تازه(150گرمی),,396100,2640666.666666667,0.15,True,https://basalam.com/cat/tools/%D8%AE%D8%A7%DA%A9-%DA%A9%D9%88%D8%AF-%D8%B3%D9%85%D9%88%D9%85?page=24
ریشه شیرین بیان با کیفیت عالی بار امسالی و تازه(100گرمی),,256500,2565000.0,0.1,True,https://basalam.com/cat/tools/%D8%AE%D8%A7%DA%A9-%DA%A9%D9%88%D8%AF-%D8%B3%D9%85%D9%88%D9%85?page=24
گیاه مریم گلی با کیفیت عالی بار امسالی و تازه(50گرمی),,153100,3062000.0,0.05,True,https://basalam.com/cat/tools/%D8%AE%D8%A7%DA%A9-%DA%A9%D9%88%D8%AF-%D8%B3%D9%85%D9%88%D9%85?page=24
برگ جینکو با کیفیت عالی بار امسالی و تازه(250گرمی ),,1016500,4066000.0,0.25,True,https://basalam.com/cat/tools/%D8%AE%D8%A7%DA%A9-%DA%A9%D9%88%D8%AF-%D8%B3%D9%85%D9%88%D9%85?page=24
گل بابونه با کیفیت عالی بار امسالی و تازه(50گرمی),,189300,3786000.0,0.05,True,https://basalam.com/cat/tools/%D8%AE%D8%A7%DA%A9-%DA%A9%D9%88%D8%AF-%D8%B3%D9%85%D9%88%D9%85?page=24
پونه با کیفیت عالی بار امسالی و تازه(50 گرمی ),,50300,1006000.0,0.05,True,https://basalam.com/cat/tools/%D8%AE%D8%A7%DA%A9-%DA%A9%D9%88%D8%AF-%D8%B3%D9%85%D9%88%D9%85?page=24
گیاه خار مریم با کیفیت عالی بار امسالی و تازه(750 گرمی ),,1483400,1977866.6666666667,0.75,True,https://basalam.com/cat/tools/%D8%AE%D8%A7%DA%A9-%DA%A9%D9%88%D8%AF-%D8%B3%D9%85%D9%88%D9%85?page=24
ریشه آنغوزه با کیفیت عالی بار امسالی و تازه(750گرمی ),,1709600,2442285.7142857146,0.7,True,https://basalam.com/cat/tools/%D8%AE%D8%A7%DA%A9-%DA%A9%D9%88%D8%AF-%D8%B3%D9%85%D9%88%D9%85?page=24
گیاه مرزه با کیفیت عالی بار امسالی و تازه(250گرمی ),,718000,2872000.0,0.25,True,https://basalam.com/cat/tools/%D8%AE%D8%A7%DA%A9-%DA%A9%D9%88%D8%AF-%D8%B3%D9%85%D9%88%D9%85?page=24
استویا با کیفیت عالی بار امسالی و تازه(250گرمی),,1497000,5988000.0,0.25,True,https://basalam.com/cat/tools/%D8%AE%D8%A7%DA%A9-%DA%A9%D9%88%D8%AF-%D8%B3%D9%85%D9%88%D9%85?page=24
باباآدم با کیفیت عالی بار امسالی و تازه(750 گرمی ),,1746600,2328800.0,0.75,True,https://basalam.com/cat/tools/%D8%AE%D8%A7%DA%A9-%DA%A9%D9%88%D8%AF-%D8%B3%D9%85%D9%88%D9%85?page=24
گل گاو زبان با کیفیت عالی بار امسالی و تازه(500گرمی ),,5030700,10061400.0,0.5,True,https://basalam.com/cat/tools/%D8%AE%D8%A7%DA%A9-%DA%A9%D9%88%D8%AF-%D8%B3%D9%85%D9%88%D9%85?page=24
گیاه آلوئه ورا با کیفیت عالی بار امسالی و تازه(100گرمی),,692700,6927000.0,0.1,True,https://basalam.com/cat/tools/%D8%AE%D8%A7%DA%A9-%DA%A9%D9%88%D8%AF-%D8%B3%D9%85%D9%88%D9%85?page=24
الدر بری کیفیت عالی بار امسالی و تازه(750 گرمی ),,4691400,6255200.0,0.75,True,https://basalam.com/cat/tools/%D8%AE%D8%A7%DA%A9-%DA%A9%D9%88%D8%AF-%D8%B3%D9%85%D9%88%D9%85?page=24
گیاه آلوئه ورا با کیفیت عالی بار امسالی و تازه(200گرمی),,2037000,10185000.0,0.2,True,https://basalam.com/cat/tools/%D8%AE%D8%A7%DA%A9-%DA%A9%D9%88%D8%AF-%D8%B3%D9%85%D9%88%D9%85?page=24
گل مینا با کیفیت عالی بار امسالی و تازه(100گرمی),,3219400,32194000.0,0.1,True,https://basalam.com/cat/tools/%D8%AE%D8%A7%DA%A9-%DA%A9%D9%88%D8%AF-%D8%B3%D9%85%D9%88%D9%85?page=24
پوست اسفرزه با کیفیت عالی بار امسالی و تازه(750گرمی ),,6667000,8889333.333333334,0.75,True,https://basalam.com/cat/tools/%D8%AE%D8%A7%DA%A9-%DA%A9%D9%88%D8%AF-%D8%B3%D9%85%D9%88%D9%85?page=25
باباآدم با کیفیت عالی بار امسالی و تازه(500گرمی),,1164400,2328800.0,0.5,True,https://basalam.com/cat/tools/%D8%AE%D8%A7%DA%A9-%DA%A9%D9%88%D8%AF-%D8%B3%D9%85%D9%88%D9%85?page=25
گیاه گزنه با کیفیت عالی بار امسالی و تازه(50گرمی ),,108200,2164000.0,0.05,True,https://basalam.com/cat/tools/%D8%AE%D8%A7%DA%A9-%DA%A9%D9%88%D8%AF-%D8%B3%D9%85%D9%88%D9%85?page=25
ریشه کاسنی با کیفیت عالی بار امسالی و تازه(100گرمی ),,375000,3750000.0,0.1,True,https://basalam.com/cat/tools/%D8%AE%D8%A7%DA%A9-%DA%A9%D9%88%D8%AF-%D8%B3%D9%85%D9%88%D9%85?page=25
افسنطین با کیفیت عالی بار امسالی و تازه(100 گرمی ),,326000,3260000.0,0.1,True,https://basalam.com/cat/tools/%D8%AE%D8%A7%DA%A9-%DA%A9%D9%88%D8%AF-%D8%B3%D9%85%D9%88%D9%85?page=25
گیاه رازک با کیفیت عالی بار امسالی و تازه(100گرمی),,603700,6037000.0,0.1,True,https://basalam.com/cat/tools/%D8%AE%D8%A7%DA%A9-%DA%A9%D9%88%D8%AF-%D8%B3%D9%85%D9%88%D9%85?page=25
گل بابونه با کیفیت عالی بار امسالی و تازه(500گرمی),,722000,1444000.0,0.5,True,https://basalam.com/cat/tools/%D8%AE%D8%A7%DA%A9-%DA%A9%D9%88%D8%AF-%D8%B3%D9%85%D9%88%D9%85?page=25
گل انار با کیفیت عالی بار امسالی و تازه(150 گرمی),,395600,2637333.333333333,0.15,True,https://basalam.com/cat/tools/%D8%AE%D8%A7%DA%A9-%DA%A9%D9%88%D8%AF-%D8%B3%D9%85%D9%88%D9%85?page=25
افتیمون با کیفیت عالی بار امسالی و تازه(250 گرمی),,335200,1340800.0,0.25,True,https://basalam.com/cat/tools/%D8%AE%D8%A7%DA%A9-%DA%A9%D9%88%D8%AF-%D8%B3%D9%85%D9%88%D9%85?page=25
گل اسطوخودوس (هندی) با کیفیت عالی بار امسالی و تازه(250 گرمی),,1628200,6512800.0,0.25,True,https://basalam.com/cat/tools/%D8%AE%D8%A7%DA%A9-%DA%A9%D9%88%D8%AF-%D8%B3%D9%85%D9%88%D9%85?page=25
بولاغ اوتی با کیفیت عالی بار امسالی و تازه(750 گرمی ),,1013100,1350800.0,0.75,True,https://basalam.com/cat/tools/%D8%AE%D8%A7%DA%A9-%DA%A9%D9%88%D8%AF-%D8%B3%D9%85%D9%88%D9%85?page=25
گل بید مشک با کیفیت عالی بار امسالی و تازه(500گرمی),,1138800,2277600.0,0.5,True,https://basalam.com/cat/tools/%D8%AE%D8%A7%DA%A9-%DA%A9%D9%88%D8%AF-%D8%B3%D9%85%D9%88%D9%85?page=25
غنچه گل محمدی با کیفیت عالی بار امسالی و تازه(200گرمی ),,1267400,6337000.0,0.2,True,https://basalam.com/cat/tools/%D8%AE%D8%A7%DA%A9-%DA%A9%D9%88%D8%AF-%D8%B3%D9%85%D9%88%D9%85?page=25
گیاه گزنه با کیفیت عالی بار امسالی و تازه(250گرمی ),,484000,1936000.0,0.25,True,https://basalam.com/cat/tools/%D8%AE%D8%A7%DA%A9-%DA%A9%D9%88%D8%AF-%D8%B3%D9%85%D9%88%D9%85?page=25
بارهنگ با کیفیت عالی بار امسالی و تازه(250 گرمی),,7316900,29267600.0,0.25,True,https://basalam.com/cat/tools/%D8%AE%D8%A7%DA%A9-%DA%A9%D9%88%D8%AF-%D8%B3%D9%85%D9%88%D9%85?page=25
گل همیشه بهاربا کیفیت عالی بار امسالی و تازه(150گرمی ),,550300,3668666.666666667,0.15,True,https://basalam.com/cat/tools/%D8%AE%D8%A7%DA%A9-%DA%A9%D9%88%D8%AF-%D8%B3%D9%85%D9%88%D9%85?page=25
بارهنگ با کیفیت عالی بار امسالی و تازه(500گرمی),,12481800,24963600.0,0.5,True,https://basalam.com/cat/tools/%D8%AE%D8%A7%DA%A9-%DA%A9%D9%88%D8%AF-%D8%B3%D9%85%D9%88%D9%85?page=25
بارهنگ با کیفیت عالی بار امسالی و تازه(150 گرمی ),,751300,5008666.666666667,0.15,True,https://basalam.com/cat/tools/%D8%AE%D8%A7%DA%A9-%DA%A9%D9%88%D8%AF-%D8%B3%D9%85%D9%88%D9%85?page=25
برگ خرگوشک با کیفیت عالی بار امسالی و تازه(500گرمی),,455600,911200.0,0.5,True,https://basalam.com/cat/tools/%D8%AE%D8%A7%DA%A9-%DA%A9%D9%88%D8%AF-%D8%B3%D9%85%D9%88%D9%85?page=25
آلوئه ورا با کیفیت عالی بار امسالی و تازه(250 گرمی),,1592000,6368000.0,0.25,True,https://basalam.com/cat/tools/%D8%AE%D8%A7%DA%A9-%DA%A9%D9%88%D8%AF-%D8%B3%D9%85%D9%88%D9%85?page=25
گیاه گزنه با کیفیت عالی بار امسالی و تازه(100گرمی ),,116400,1164000.0,0.1,True,https://basalam.com/cat/tools/%D8%AE%D8%A7%DA%A9-%DA%A9%D9%88%D8%AF-%D8%B3%D9%85%D9%88%D9%85?page=25
ریشه خولنجان با کیفیت عالی بار امسالی و تازه(150گرمی),,940300,6268666.666666667,0.15,True,https://basalam.com/cat/tools/%D8%AE%D8%A7%DA%A9-%DA%A9%D9%88%D8%AF-%D8%B3%D9%85%D9%88%D9%85?page=25
گیاه زوفا با کیفیت عالی بار امسالی و تازه(100گرمی),,254100,2541000.0,0.1,True,https://basalam.com/cat/tools/%D8%AE%D8%A7%DA%A9-%DA%A9%D9%88%D8%AF-%D8%B3%D9%85%D9%88%D9%85?page=25
گل قاصدک با کیفیت عالی بار امسالی و تازه(200گرمی),,513500,2567500.0,0.2,True,https://basalam.com/cat/tools/%D8%AE%D8%A7%DA%A9-%DA%A9%D9%88%D8%AF-%D8%B3%D9%85%D9%88%D9%85?page=25
گل گاو زبان با کیفیت عالی بار امسالی و تازه(750گرمی),,6715900,8954533.333333334,0.75,True,https://basalam.com/cat/tools/%D8%AE%D8%A7%DA%A9-%DA%A9%D9%88%D8%AF-%D8%B3%D9%85%D9%88%D9%85?page=25
الدر بری با کیفیت عالی بار امسالی و تازه(500گرمی),,2683000,5366000.0,0.5,True,https://basalam.com/cat/tools/%D8%AE%D8%A7%DA%A9-%DA%A9%D9%88%D8%AF-%D8%B3%D9%85%D9%88%D9%85?page=25
گل اسطوخودوس ایرانی با کیفیت عالی بار امسالی و تازه(750گرمی ),,2483000,3310666.6666666665,0.75,True,https://basalam.com/cat/tools/%D8%AE%D8%A7%DA%A9-%DA%A9%D9%88%D8%AF-%D8%B3%D9%85%D9%88%D9%85?page=25
گیاه زوفا با کیفیت عالی بار امسالی و تازه(750گرمی),,2060400,2747200.0,0.75,True,https://basalam.com/cat/tools/%D8%AE%D8%A7%DA%A9-%DA%A9%D9%88%D8%AF-%D8%B3%D9%85%D9%88%D9%85?page=25
گیاه جعفری با کیفیت عالی بار امسالی و تازه(500گرمی),,694100,1388200.0,0.5,True,https://basalam.com/cat/tools/%D8%AE%D8%A7%DA%A9-%DA%A9%D9%88%D8%AF-%D8%B3%D9%85%D9%88%D9%85?page=25
گیاه شاهتره با کیفیت عالی بار امسالی و تازه(150گرمی),,183200,1221333.3333333335,0.15,True,https://basalam.com/cat/tools/%D8%AE%D8%A7%DA%A9-%DA%A9%D9%88%D8%AF-%D8%B3%D9%85%D9%88%D9%85?page=25
گل اسطوخودوس ایرانی با کیفیت عالی بار امسالی و تازه(250 گرمی),,1359600,5438400.0,0.25,True,https://basalam.com/cat/tools/%D8%AE%D8%A7%DA%A9-%DA%A9%D9%88%D8%AF-%D8%B3%D9%85%D9%88%D9%85?page=25
برگ سنا با کیفیت عالی بار امسالی و تازه(200گرمی),,318900,1594500.0,0.2,True,https://basalam.com/cat/tools/%D8%AE%D8%A7%DA%A9-%DA%A9%D9%88%D8%AF-%D8%B3%D9%85%D9%88%D9%85?page=25
گیاه جعفری با کیفیت عالی بار امسالی و تازه(200 گرمی ),,347000,1735000.0,0.2,True,https://basalam.com/cat/tools/%D8%AE%D8%A7%DA%A9-%DA%A9%D9%88%D8%AF-%D8%B3%D9%85%D9%88%D9%85?page=25
گیاه رازک با کیفیت عالی بار امسالی و تازه(200گرمی),,1207000,6035000.0,0.2,True,https://basalam.com/cat/tools/%D8%AE%D8%A7%DA%A9-%DA%A9%D9%88%D8%AF-%D8%B3%D9%85%D9%88%D9%85?page=25
فروش الدر بری (آقطی سیاه) با کیفیت عالی بار امسالی و تازه(200گرمی),,1207000,6035000.0,0.2,True,https://basalam.com/cat/tools/%D8%AE%D8%A7%DA%A9-%DA%A9%D9%88%D8%AF-%D8%B3%D9%85%D9%88%D9%85?page=25
گیاه آلوئه ورا با کیفیت عالی بار امسالی و تازه(150گرمی),,1527900,10186000.0,0.15,True,https://basalam.com/cat/tools/%D8%AE%D8%A7%DA%A9-%DA%A9%D9%88%D8%AF-%D8%B3%D9%85%D9%88%D9%85?page=25
گیاه مریم گلی با کیفیت عالی بار امسالی و تازه(51گرمی),,153100,2355384.6153846155,0.065,True,https://basalam.com/cat/tools/%D8%AE%D8%A7%DA%A9-%DA%A9%D9%88%D8%AF-%D8%B3%D9%85%D9%88%D9%85?page=25
گیاه مورد با کیفیت عالی بار امسالی و تازه(50گرمی),,61600,1232000.0,0.05,True,https://basalam.com/cat/tools/%D8%AE%D8%A7%DA%A9-%DA%A9%D9%88%D8%AF-%D8%B3%D9%85%D9%88%D9%85?page=25
غنچه گل محمدی با کیفیت عالی بار امسالی و تازه(100گرمی ),,603700,6037000.0,0.1,True,https://basalam.com/cat/tools/%D8%AE%D8%A7%DA%A9-%DA%A9%D9%88%D8%AF-%D8%B3%D9%85%D9%88%D9%85?page=26
کود 10-52-10(مخصوص ریشه)100 گرمی,,35000,350000.0,0.1,True,https://basalam.com/cat/tools/%D8%AE%D8%A7%DA%A9-%DA%A9%D9%88%D8%AF-%D8%B3%D9%85%D9%88%D9%85?page=40
کود 36-12-12 (پتاس بالا) 200 گرمی,,40000,200000.0,0.2,True,https://basalam.com/cat/tools/%D8%AE%D8%A7%DA%A9-%DA%A9%D9%88%D8%AF-%D8%B3%D9%85%D9%88%D9%85?page=40
کود فروت ست مایع یک لیتری,,150000,125000.0,1.2,True,https://basalam.com/cat/tools/%D8%AE%D8%A7%DA%A9-%DA%A9%D9%88%D8%AF-%D8%B3%D9%85%D9%88%D9%85?page=40
کود 20-20-20 (سه بیست) 500 گرمی,,70000,140000.0,0.5,True,https://basalam.com/cat/tools/%D8%AE%D8%A7%DA%A9-%DA%A9%D9%88%D8%AF-%D8%B3%D9%85%D9%88%D9%85?page=40
کود فسفره گیاهان اپارتمانی پلاتو مدل 10-54-10 وزن 100 گرم,,89600,896000.0,0.1,True,https://basalam.com/cat/tools/%D8%AE%D8%A7%DA%A9-%DA%A9%D9%88%D8%AF-%D8%B3%D9%85%D9%88%D9%85?page=26
کود رویشی دراگون فایر cc250,,180000,313043.4782608696,0.575,True,https://basalam.com/cat/tools/%D8%AE%D8%A7%DA%A9-%DA%A9%D9%88%D8%AF-%D8%B3%D9%85%D9%88%D9%85?page=26
کود زایشی کریستا 120 سی سی,,110000,415094.3396226415,0.265,True,https://basalam.com/cat/tools/%D8%AE%D8%A7%DA%A9-%DA%A9%D9%88%D8%AF-%D8%B3%D9%85%D9%88%D9%85?page=55
کود NPK 20 20 20 ده کیلویی گهرزا,,1490000,149000.0,10.0,True,https://basalam.com/cat/tools/%D8%AE%D8%A7%DA%A9-%DA%A9%D9%88%D8%AF-%D8%B3%D9%85%D9%88%D9%85?page=26
کود فسفر بالا10.52.10 NPK پودری تایمکس,,59000,983333.3333333334,0.06,True,https://basalam.com/cat/tools/%D8%AE%D8%A7%DA%A9-%DA%A9%D9%88%D8%AF-%D8%B3%D9%85%D9%88%D9%85?page=26
کود محرک رشد ارگانیک(جلبک دریایی) کیمیا کود گواشیر,,39000,1300000.0,0.03,True,https://basalam.com/cat/tools/%D8%AE%D8%A7%DA%A9-%DA%A9%D9%88%D8%AF-%D8%B3%D9%85%D9%88%D9%85?page=26
کود اوره گرین پیک مدل UREA 1000 وزن یک کیلوگرم,,139000,139000.0,1.0,True,https://basalam.com/cat/tools/%D8%AE%D8%A7%DA%A9-%DA%A9%D9%88%D8%AF-%D8%B3%D9%85%D9%88%D9%85?page=26
کود نیترات کلسیم گرین پیک مدل CALSIUM NITRATE 1000 وزن یک کیلوگرم,,219000,219000.0,1.0,True,https://basalam.com/cat/tools/%D8%AE%D8%A7%DA%A9-%DA%A9%D9%88%D8%AF-%D8%B3%D9%85%D9%88%D9%85?page=26
کود کامل زایشی و رویشی گرین پیک مدل NPK 15-05-30 وزن یک کیلوگرم,,199000,199000.0,1.0,True,https://basalam.com/cat/tools/%D8%AE%D8%A7%DA%A9-%DA%A9%D9%88%D8%AF-%D8%B3%D9%85%D9%88%D9%85?page=27
بسته پنج تایی کود همه کاره ارگانیک ویتامینه گیاهان ویژه ی نهال باغات صیفی و سبزیجات,,995000,199000.0,5.0,True,https://basalam.com/cat/tools/%D8%AE%D8%A7%DA%A9-%DA%A9%D9%88%D8%AF-%D8%B3%D9%85%D9%88%D9%85?page=27
بسته پنج تایی کود همه کاره ارگانیک ویتامینه گیاهان ویژه ی گیاهان آپارتمانی و زینتی,,1300000,236363.63636363635,5.5,True,https://basalam.com/cat/tools/%D8%AE%D8%A7%DA%A9-%DA%A9%D9%88%D8%AF-%D8%B3%D9%85%D9%88%D9%85?page=27
کود ریشه زایی,,15000,1000000.0,0.015,True,https://basalam.com/cat/tools/%D8%AE%D8%A7%DA%A9-%DA%A9%D9%88%D8%AF-%D8%B3%D9%85%D9%88%D9%85?page=27
کود کامل 20-20-20,,15000,750000.0,0.02,True,https://basalam.com/cat/tools/%D8%AE%D8%A7%DA%A9-%DA%A9%D9%88%D8%AF-%D8%B3%D9%85%D9%88%D9%85?page=27
کود کلات آهن افزایش سبزینگی گیلدا مدل 6 درصد Fe-EDDHA وزن 20 گرم,,83000,4150000.0,0.02,True,https://basalam.com/cat/tools/%D8%AE%D8%A7%DA%A9-%DA%A9%D9%88%D8%AF-%D8%B3%D9%85%D9%88%D9%85?page=27
کود ورمی کمپوست گیلدا وزن 100 گرم,,40000,400000.0,0.1,True,https://basalam.com/cat/tools/%D8%AE%D8%A7%DA%A9-%DA%A9%D9%88%D8%AF-%D8%B3%D9%85%D9%88%D9%85?page=27
کود کامل NPK افزایش رشد گیلدا کد 10-10-30 مدل نیتروژن بالا وزن 25 گرم,,83000,3320000.0,0.025,True,https://basalam.com/cat/tools/%D8%AE%D8%A7%DA%A9-%DA%A9%D9%88%D8%AF-%D8%B3%D9%85%D9%88%D9%85?page=27
کود تقویتی فروت ست های افکت اریا,,670000,670000.0,1.0,True,https://basalam.com/cat/tools/%D8%AE%D8%A7%DA%A9-%DA%A9%D9%88%D8%AF-%D8%B3%D9%85%D9%88%D9%85?page=27
گیاه رازک با کیفیت عالی بار امسالی و تازه(50گرمی),,116000,2320000.0,0.05,True,https://basalam.com/cat/tools/%D8%AE%D8%A7%DA%A9-%DA%A9%D9%88%D8%AF-%D8%B3%D9%85%D9%88%D9%85?page=54
کود آهن مایع EDTA دوازده درصد پنج لیتری آمریکایی (پس کرایه),,1102900,220580.0,5.0,True,https://basalam.com/cat/tools/%D8%AE%D8%A7%DA%A9-%DA%A9%D9%88%D8%AF-%D8%B3%D9%85%D9%88%D9%85?page=48
کود کامل الی گرانوله,,1038000,20760.0,50.0,True,https://basalam.com/cat/tools/%D8%AE%D8%A7%DA%A9-%DA%A9%D9%88%D8%AF-%D8%B3%D9%85%D9%88%D9%85?page=27
کود کیسه ای ماسل ورم کد MV020 بسته 20 عددی (پس کرایه),,220000,2750000.0,0.08,True,https://basalam.com/cat/tools/%D8%AE%D8%A7%DA%A9-%DA%A9%D9%88%D8%AF-%D8%B3%D9%85%D9%88%D9%85?page=27
کود هیومیک اسید,,55000,1100000.0,0.05,True,https://basalam.com/cat/tools/%D8%AE%D8%A7%DA%A9-%DA%A9%D9%88%D8%AF-%D8%B3%D9%85%D9%88%D9%85?page=27
کود مایع غلیظ فسفر پتاسیم GREEN SOUL پنج لیتری,,718000,143600.0,5.0,True,https://basalam.com/cat/tools/%D8%AE%D8%A7%DA%A9-%DA%A9%D9%88%D8%AF-%D8%B3%D9%85%D9%88%D9%85?page=27
کود آهن غلیظ GREEN SOUL پنج لیتری,,718000,718000.0,1.0,True,https://basalam.com/cat/tools/%D8%AE%D8%A7%DA%A9-%DA%A9%D9%88%D8%AF-%D8%B3%D9%85%D9%88%D9%85?page=27
کود ویژه برای افزایش محصول+GREEN SOUL Psoul یک کیلوگرمی,,268000,268000.0,1.0,True,https://basalam.com/cat/tools/%D8%AE%D8%A7%DA%A9-%DA%A9%D9%88%D8%AF-%D8%B3%D9%85%D9%88%D9%85?page=27
کود عصاره جلبک دریایی سیفر استار وارداتی (پس کرایه),,650000,650000.0,1.0,True,https://basalam.com/cat/tools/%D8%AE%D8%A7%DA%A9-%DA%A9%D9%88%D8%AF-%D8%B3%D9%85%D9%88%D9%85?page=27
کود جیرلکس (جیبرلیک اسید مایع) (پس کرایه),,400000,20000.0,20.0,True,https://basalam.com/cat/tools/%D8%AE%D8%A7%DA%A9-%DA%A9%D9%88%D8%AF-%D8%B3%D9%85%D9%88%D9%85?page=27
کود تقویت کننده سه بیست مکمل غذایی گل ها و گیاهان آپارتمانی,,120000,600000.0,0.2,True,https://basalam.com/cat/tools/%D8%AE%D8%A7%DA%A9-%DA%A9%D9%88%D8%AF-%D8%B3%D9%85%D9%88%D9%85?page=27
کود تخصصی ویژه گیاهان زینتی کالاته آ و کروتون,,75000,300000.0,0.25,True,https://basalam.com/cat/tools/%D8%AE%D8%A7%DA%A9-%DA%A9%D9%88%D8%AF-%D8%B3%D9%85%D9%88%D9%85?page=27
کود جلبک معروف و نام آشنای یونی گلد(UNI GOLD),,688900,1377800.0,0.5,True,https://basalam.com/cat/tools/%D8%AE%D8%A7%DA%A9-%DA%A9%D9%88%D8%AF-%D8%B3%D9%85%D9%88%D9%85?page=27
کود نیتروژن بالا 1-0-40 مناسب رشد رویشی و پهن برگی گیاه مدل hyper Xgreen آمریکایی,,145900,145900.0,1.0,True,https://basalam.com/cat/tools/%D8%AE%D8%A7%DA%A9-%DA%A9%D9%88%D8%AF-%D8%B3%D9%85%D9%88%D9%85?page=27
کود ارگانیک گوگرد آلی آلمانی کیوسرت,,269000,269000.0,1.0,True,https://basalam.com/cat/tools/%D8%AE%D8%A7%DA%A9-%DA%A9%D9%88%D8%AF-%D8%B3%D9%85%D9%88%D9%85?page=27
کود مایع کلات آهن,,30000,300000.0,0.1,True,https://basalam.com/cat/tools/%D8%AE%D8%A7%DA%A9-%DA%A9%D9%88%D8%AF-%D8%B3%D9%85%D9%88%D9%85?page=27
گل طبیعی اشک تمساح متوسط و بزرگ سایز گلدان کد 3,,120000,100000.0,1.2,True,https://basalam.com/cat/tools/%D8%AE%D8%A7%DA%A9-%DA%A9%D9%88%D8%AF-%D8%B3%D9%85%D9%88%D9%85?page=27
کود آمینو اسید(اسید آمینه) پودری فلورامی 25 گرمی,,46000,1840000.0,0.025,True,https://basalam.com/cat/tools/%D8%AE%D8%A7%DA%A9-%DA%A9%D9%88%D8%AF-%D8%B3%D9%85%D9%88%D9%85?page=56
کود سولفات منگنز مدل خانگی وزن 50 گرم,,92000,1840000.0,0.05,True,https://basalam.com/cat/tools/%D8%AE%D8%A7%DA%A9-%DA%A9%D9%88%D8%AF-%D8%B3%D9%85%D9%88%D9%85?page=27
کود بوریک اسید مدل خانگی وزن 50 گرم,,85000,1700000.0,0.05,True,https://basalam.com/cat/tools/%D8%AE%D8%A7%DA%A9-%DA%A9%D9%88%D8%AF-%D8%B3%D9%85%D9%88%D9%85?page=27
کود سولفات مس مدل خانگی وزن 50 گرم,,93000,1860000.0,0.05,True,https://basalam.com/cat/tools/%D8%AE%D8%A7%DA%A9-%DA%A9%D9%88%D8%AF-%D8%B3%D9%85%D9%88%D9%85?page=27
کود کامل NPK سه بیست مدل خانگی وزن 100 گرم,,99000,990000.0,0.1,True,https://basalam.com/cat/tools/%D8%AE%D8%A7%DA%A9-%DA%A9%D9%88%D8%AF-%D8%B3%D9%85%D9%88%D9%85?page=27
کود مونو پتاسیم فسفات (34-52-0) مدل خانگی وزن 100 گرم,,133000,1330000.0,0.1,True,https://basalam.com/cat/tools/%D8%AE%D8%A7%DA%A9-%DA%A9%D9%88%D8%AF-%D8%B3%D9%85%D9%88%D9%85?page=27
کود محرک رشد بمباردیر شوگر مدل خانگی حجم 100 میلی لیتر,,286000,2860000.0,0.1,True,https://basalam.com/cat/tools/%D8%AE%D8%A7%DA%A9-%DA%A9%D9%88%D8%AF-%D8%B3%D9%85%D9%88%D9%85?page=28
کود عصاره جلبک دریایی مدل خانگی وزن 50 گرم,,197000,3940000.0,0.05,True,https://basalam.com/cat/tools/%D8%AE%D8%A7%DA%A9-%DA%A9%D9%88%D8%AF-%D8%B3%D9%85%D9%88%D9%85?page=28
کود هیومیک اسید مدل خانگی وزن 100 گرم,,279000,2790000.0,0.1,True,https://basalam.com/cat/tools/%D8%AE%D8%A7%DA%A9-%DA%A9%D9%88%D8%AF-%D8%B3%D9%85%D9%88%D9%85?page=28
پک کود اقتصادی نگهداری گیاهان آپارتمانی,,450000,900000.0,0.5,True,https://basalam.com/cat/tools/%D8%AE%D8%A7%DA%A9-%DA%A9%D9%88%D8%AF-%D8%B3%D9%85%D9%88%D9%85?page=43
کود سه بیست برند پروتکت نیچر,,110000,1375000.0,0.08,True,https://basalam.com/cat/tools/%D8%AE%D8%A7%DA%A9-%DA%A9%D9%88%D8%AF-%D8%B3%D9%85%D9%88%D9%85?page=43
کود فسفیت پتاسیم کینگ گلد ایکس گرین,,700000,700000.0,1.0,True,https://basalam.com/cat/tools/%D8%AE%D8%A7%DA%A9-%DA%A9%D9%88%D8%AF-%D8%B3%D9%85%D9%88%D9%85?page=28
زاموفیلیا  بین 2 تا 4 شاخه ارسال با چاپار تیپاکس پست هزینه با مشتری و پسکرایه,,50000,100000.0,0.5,True,https://basalam.com/cat/tools/%D8%AE%D8%A7%DA%A9-%DA%A9%D9%88%D8%AF-%D8%B3%D9%85%D9%88%D9%85?page=43
کود تیوسولفات پتاسیم 5kts لیتری فرمولایف پس کرایه,,1976230,395246.0,5.0,True,https://basalam.com/cat/tools/%D8%AE%D8%A7%DA%A9-%DA%A9%D9%88%D8%AF-%D8%B3%D9%85%D9%88%D9%85?page=28
آمینو اسید گل و گیاه رویال پلنت 125سی سی فوق العاده عالی,,52000,520000.0,0.1,True,https://basalam.com/cat/tools/%D8%AE%D8%A7%DA%A9-%DA%A9%D9%88%D8%AF-%D8%B3%D9%85%D9%88%D9%85?page=28
کود آهن بمب 6 درصد مایع اصل نانو یک لیتری (پس کرایه),,209000,209000.0,1.0,True,https://basalam.com/cat/tools/%D8%AE%D8%A7%DA%A9-%DA%A9%D9%88%D8%AF-%D8%B3%D9%85%D9%88%D9%85?page=48
کود مخصوص رنگ آوری گوجه فرنگی شوک آمریکایی یک لیتری (پس کرایه ),,248100,248100.0,1.0,True,https://basalam.com/cat/tools/%D8%AE%D8%A7%DA%A9-%DA%A9%D9%88%D8%AF-%D8%B3%D9%85%D9%88%D9%85?page=48
کود کلسیم بور 34 درصد بمب اصل بیست لیتری (پس کرایه),,2030600,101530.0,20.0,True,https://basalam.com/cat/tools/%D8%AE%D8%A7%DA%A9-%DA%A9%D9%88%D8%AF-%D8%B3%D9%85%D9%88%D9%85?page=48
کود ضد سرمازدگی شوک یک لیتری اصل آمریکایی (پس کرایه ),,225600,225600.0,1.0,True,https://basalam.com/cat/tools/%D8%AE%D8%A7%DA%A9-%DA%A9%D9%88%D8%AF-%D8%B3%D9%85%D9%88%D9%85?page=48
کود جلبک دریایی مایع پروتکت پلنت 500 میلی لیتر,,440000,880000.0,0.5,True,https://basalam.com/cat/tools/%D8%AE%D8%A7%DA%A9-%DA%A9%D9%88%D8%AF-%D8%B3%D9%85%D9%88%D9%85?page=28
کود ارکیده مایع گرین گروث (گلدهی) 90 میلی لیتر,,55000,611111.1111111111,0.09,True,https://basalam.com/cat/tools/%D8%AE%D8%A7%DA%A9-%DA%A9%D9%88%D8%AF-%D8%B3%D9%85%D9%88%D9%85?page=28
کود هورمون سیتوکنین مایع پروتکت پلنت 500 میلی لیتر,,450000,900000.0,0.5,True,https://basalam.com/cat/tools/%D8%AE%D8%A7%DA%A9-%DA%A9%D9%88%D8%AF-%D8%B3%D9%85%D9%88%D9%85?page=28
کود آهن سولفات (زاج سبز) کریستالون پروتکت پلنت 50 گرم,,90000,1800000.0,0.05,True,https://basalam.com/cat/tools/%D8%AE%D8%A7%DA%A9-%DA%A9%D9%88%D8%AF-%D8%B3%D9%85%D9%88%D9%85?page=28
کود رکتیفایر جنوبگان pH,,110000,440000.0,0.25,True,https://basalam.com/cat/tools/%D8%AE%D8%A7%DA%A9-%DA%A9%D9%88%D8%AF-%D8%B3%D9%85%D9%88%D9%85?page=42
کود مولتی پورپلکس گرومور آمریکا,,50000,1666666.6666666667,0.03,True,https://basalam.com/cat/tools/%D8%AE%D8%A7%DA%A9-%DA%A9%D9%88%D8%AF-%D8%B3%D9%85%D9%88%D9%85?page=28
کود 105210 ایرانی,,40000,1000000.0,0.04,True,https://basalam.com/cat/tools/%D8%AE%D8%A7%DA%A9-%DA%A9%D9%88%D8%AF-%D8%B3%D9%85%D9%88%D9%85?page=28
کود اسید هیومیک پلنت چویس,,900000,450000.0,2.0,True,https://basalam.com/cat/tools/%D8%AE%D8%A7%DA%A9-%DA%A9%D9%88%D8%AF-%D8%B3%D9%85%D9%88%D9%85?page=28
کود مخصوص بنفشه آفریقایی حجم 30سی سی,,35000,1166666.6666666667,0.03,True,https://basalam.com/cat/tools/%D8%AE%D8%A7%DA%A9-%DA%A9%D9%88%D8%AF-%D8%B3%D9%85%D9%88%D9%85?page=28
کود فولیار فن فید انگلستان امکس,,40000,1333333.3333333335,0.03,True,https://basalam.com/cat/tools/%D8%AE%D8%A7%DA%A9-%DA%A9%D9%88%D8%AF-%D8%B3%D9%85%D9%88%D9%85?page=28
کود 105210باواریا آلمان وزن 250گرمی,,170000,680000.0,0.25,True,https://basalam.com/cat/tools/%D8%AE%D8%A7%DA%A9-%DA%A9%D9%88%D8%AF-%D8%B3%D9%85%D9%88%D9%85?page=28
کود بنفشه آفریقایی پوکون هلند,,300000,1200000.0,0.25,True,https://basalam.com/cat/tools/%D8%AE%D8%A7%DA%A9-%DA%A9%D9%88%D8%AF-%D8%B3%D9%85%D9%88%D9%85?page=28
کود مولتی پورپلکس گرمور آمریکا 50سی سی,,87000,1740000.0,0.05,True,https://basalam.com/cat/tools/%D8%AE%D8%A7%DA%A9-%DA%A9%D9%88%D8%AF-%D8%B3%D9%85%D9%88%D9%85?page=28
کود 105210جنوبگان,,260000,260000.0,1.0,True,https://basalam.com/cat/tools/%D8%AE%D8%A7%DA%A9-%DA%A9%D9%88%D8%AF-%D8%B3%D9%85%D9%88%D9%85?page=42
کود سی وید گرومور جلبک دریایی,,1700000,1700000.0,1.0,True,https://basalam.com/cat/tools/%D8%AE%D8%A7%DA%A9-%DA%A9%D9%88%D8%AF-%D8%B3%D9%85%D9%88%D9%85?page=28
کود جلبک دریایی سیویکا جنوبگان,,450000,450000.0,1.0,True,https://basalam.com/cat/tools/%D8%AE%D8%A7%DA%A9-%DA%A9%D9%88%D8%AF-%D8%B3%D9%85%D9%88%D9%85?page=43
کود سه بیست 202020باواریا آلمان,,470000,470000.0,1.0,True,https://basalam.com/cat/tools/%D8%AE%D8%A7%DA%A9-%DA%A9%D9%88%D8%AF-%D8%B3%D9%85%D9%88%D9%85?page=28
کود روی خالص ارگانیک 100 گرمی ( افزایش سبزینگی و گلدهی و میوه و جوانه زنی),,36000,360000.0,0.1,True,https://basalam.com/cat/tools/%D8%AE%D8%A7%DA%A9-%DA%A9%D9%88%D8%AF-%D8%B3%D9%85%D9%88%D9%85?page=28
کود کلات آهن مناسب گلهای که برگاشون و ساقشون ریز شده تعداد هم موجوده,,30000,150000.0,0.2,True,https://basalam.com/cat/tools/%D8%AE%D8%A7%DA%A9-%DA%A9%D9%88%D8%AF-%D8%B3%D9%85%D9%88%D9%85?page=28
کود نیتروزیست (پس کرایه),,650000,130000.0,5.0,True,https://basalam.com/cat/tools/%D8%AE%D8%A7%DA%A9-%DA%A9%D9%88%D8%AF-%D8%B3%D9%85%D9%88%D9%85?page=28
کود میکروژان (پس کرایه),,650000,130000.0,5.0,True,https://basalam.com/cat/tools/%D8%AE%D8%A7%DA%A9-%DA%A9%D9%88%D8%AF-%D8%B3%D9%85%D9%88%D9%85?page=28
کود تقویتی مخصوص گل طاووسی ظرافت وزن 50 گرم,,49000,980000.0,0.05,True,https://basalam.com/cat/tools/%D8%AE%D8%A7%DA%A9-%DA%A9%D9%88%D8%AF-%D8%B3%D9%85%D9%88%D9%85?page=28
کود مایع آمینو اسید,,48000,1600000.0,0.03,True,https://basalam.com/cat/tools/%D8%AE%D8%A7%DA%A9-%DA%A9%D9%88%D8%AF-%D8%B3%D9%85%D9%88%D9%85?page=28
کود ورمی کمپوست صد در صد خالص بستری مناسب برای گیاهان آپارتمانی چالکود درختان باغات و مزارع یک کیلویی(تضمین کیفیت ),,50000,50000.0,1.0,True,https://basalam.com/cat/tools/%D8%AE%D8%A7%DA%A9-%DA%A9%D9%88%D8%AF-%D8%B3%D9%85%D9%88%D9%85?page=40
کود کامل هلندی فسفر بالا هورتی گرو 5.50.20 (Hortigrow 5-50-20),,1150000,575000.0,2.0,True,https://basalam.com/cat/tools/%D8%AE%D8%A7%DA%A9-%DA%A9%D9%88%D8%AF-%D8%B3%D9%85%D9%88%D9%85?page=40
کود آهن کلات 6درصد اورتو اورتو 3.5 درصد لاین اسپانیا,,950000,950000.0,1.0,True,https://basalam.com/cat/tools/%D8%AE%D8%A7%DA%A9-%DA%A9%D9%88%D8%AF-%D8%B3%D9%85%D9%88%D9%85?page=40
کود ریشه زا 19.63 شوک اصل آمریکایی یک لیتری (پس کرایه),,254400,254400.0,1.0,True,https://basalam.com/cat/tools/%D8%AE%D8%A7%DA%A9-%DA%A9%D9%88%D8%AF-%D8%B3%D9%85%D9%88%D9%85?page=49
کود کامل 10X شوک اصل آمریکایی یک لیتری (پس کرایه),,273900,273900.0,1.0,True,https://basalam.com/cat/tools/%D8%AE%D8%A7%DA%A9-%DA%A9%D9%88%D8%AF-%D8%B3%D9%85%D9%88%D9%85?page=48
کود مس23 درصد شوک اصل آمریکایی پنج لیتری (پس کرایه),,943500,188700.0,5.0,True,https://basalam.com/cat/tools/%D8%AE%D8%A7%DA%A9-%DA%A9%D9%88%D8%AF-%D8%B3%D9%85%D9%88%D9%85?page=49
کود سیلیکات پتاسیم شوک اصل آمریکایی یک لیتری (پس کرایه),,255600,255600.0,1.0,True,https://basalam.com/cat/tools/%D8%AE%D8%A7%DA%A9-%DA%A9%D9%88%D8%AF-%D8%B3%D9%85%D9%88%D9%85?page=48
کود مرغی مایع شوک اصل گالن یک لیتری (پس کرایه),,121800,121800.0,1.0,True,https://basalam.com/cat/tools/%D8%AE%D8%A7%DA%A9-%DA%A9%D9%88%D8%AF-%D8%B3%D9%85%D9%88%D9%85?page=49
کود تقویتی مخصوص گل پریوش ظرافت,,47000,391666.6666666667,0.12,True,https://basalam.com/cat/tools/%D8%AE%D8%A7%DA%A9-%DA%A9%D9%88%D8%AF-%D8%B3%D9%85%D9%88%D9%85?page=29
کود تقویتی مخصوص یونجه ظرافت,,47000,391666.6666666667,0.12,True,https://basalam.com/cat/tools/%D8%AE%D8%A7%DA%A9-%DA%A9%D9%88%D8%AF-%D8%B3%D9%85%D9%88%D9%85?page=29
کود افزایش رشد نیتروژن بالا ( ازت بالا ) NPK 30-10-10 + TE ظرافت مدل KO2767 وزن 50 گرم,,49000,980000.0,0.05,True,https://basalam.com/cat/tools/%D8%AE%D8%A7%DA%A9-%DA%A9%D9%88%D8%AF-%D8%B3%D9%85%D9%88%D9%85?page=29
کود تقویتی مخصوص کنگر فرنگی ( آرتیشو ) ظرافت,,47000,391666.6666666667,0.12,True,https://basalam.com/cat/tools/%D8%AE%D8%A7%DA%A9-%DA%A9%D9%88%D8%AF-%D8%B3%D9%85%D9%88%D9%85?page=29
کود تقویتی مخصوص دراسینا مارگیناتا ( پرچمی ) ظرافت,,47000,391666.6666666667,0.12,True,https://basalam.com/cat/tools/%D8%AE%D8%A7%DA%A9-%DA%A9%D9%88%D8%AF-%D8%B3%D9%85%D9%88%D9%85?page=29
کود تقویتی مخصوص فیکوس ظرافت,,47000,391666.6666666667,0.12,True,https://basalam.com/cat/tools/%D8%AE%D8%A7%DA%A9-%DA%A9%D9%88%D8%AF-%D8%B3%D9%85%D9%88%D9%85?page=29
کود تقویتی مخصوص هویا ( پیچ شمعی ) ظرافت,,47000,391666.6666666667,0.12,True,https://basalam.com/cat/tools/%D8%AE%D8%A7%DA%A9-%DA%A9%D9%88%D8%AF-%D8%B3%D9%85%D9%88%D9%85?page=29
کود تقویتی مخصوص گل گندمی ظرافت,,47000,391666.6666666667,0.12,True,https://basalam.com/cat/tools/%D8%AE%D8%A7%DA%A9-%DA%A9%D9%88%D8%AF-%D8%B3%D9%85%D9%88%D9%85?page=29
کود تقویتی مخصوص فردوس ( سینادنیوم گرانتی ) ظرافت,,47000,391666.6666666667,0.12,True,https://basalam.com/cat/tools/%D8%AE%D8%A7%DA%A9-%DA%A9%D9%88%D8%AF-%D8%B3%D9%85%D9%88%D9%85?page=29
کود تقویتی مخصوص خیار ظرافت وزن 50 گرم,,49000,980000.0,0.05,True,https://basalam.com/cat/tools/%D8%AE%D8%A7%DA%A9-%DA%A9%D9%88%D8%AF-%D8%B3%D9%85%D9%88%D9%85?page=29
کود مایع گل دهی فلاور آمی 125 میلی لیتر,,40000,250000.0,0.16,True,https://basalam.com/cat/tools/%D8%AE%D8%A7%DA%A9-%DA%A9%D9%88%D8%AF-%D8%B3%D9%85%D9%88%D9%85?page=29
کود فسفات آذر سبزینه,,15800,526666.6666666667,0.03,True,https://basalam.com/cat/tools/%D8%AE%D8%A7%DA%A9-%DA%A9%D9%88%D8%AF-%D8%B3%D9%85%D9%88%D9%85?page=29
کود تقویتی مخصوص کالاتیا ظرافت,,47000,391666.6666666667,0.12,True,https://basalam.com/cat/tools/%D8%AE%D8%A7%DA%A9-%DA%A9%D9%88%D8%AF-%D8%B3%D9%85%D9%88%D9%85?page=29
کود تقویتی مخصوص برگ دهی ظرافت,,47000,391666.6666666667,0.12,True,https://basalam.com/cat/tools/%D8%AE%D8%A7%DA%A9-%DA%A9%D9%88%D8%AF-%D8%B3%D9%85%D9%88%D9%85?page=29
کود تقویتی مخصوص گل همیشه بهار ظرافت,,47000,391666.6666666667,0.12,True,https://basalam.com/cat/tools/%D8%AE%D8%A7%DA%A9-%DA%A9%D9%88%D8%AF-%D8%B3%D9%85%D9%88%D9%85?page=29
کود تقویتی مخصوص بادرنجبویه ظرافت وزن 50 گرم,,49000,980000.0,0.05,True,https://basalam.com/cat/tools/%D8%AE%D8%A7%DA%A9-%DA%A9%D9%88%D8%AF-%D8%B3%D9%85%D9%88%D9%85?page=29
کود تقویتی مخصوص پیرگیاه ( زلف پیر ) ظرافت وزن 50 گرم,,49000,980000.0,0.05,True,https://basalam.com/cat/tools/%D8%AE%D8%A7%DA%A9-%DA%A9%D9%88%D8%AF-%D8%B3%D9%85%D9%88%D9%85?page=29
کود تقویتی مخصوص فیلودندرون قرمز ظرافت وزن 50 گرم,,49000,980000.0,0.05,True,https://basalam.com/cat/tools/%D8%AE%D8%A7%DA%A9-%DA%A9%D9%88%D8%AF-%D8%B3%D9%85%D9%88%D9%85?page=29
کود تقویتی مخصوص سانسوریا گلد فلیم ظرافت وزن 50 گرم,,49000,980000.0,0.05,True,https://basalam.com/cat/tools/%D8%AE%D8%A7%DA%A9-%DA%A9%D9%88%D8%AF-%D8%B3%D9%85%D9%88%D9%85?page=29
کود تقویتی مخصوص گل پامچال ظرافت وزن 50 گرم,,49000,980000.0,0.05,True,https://basalam.com/cat/tools/%D8%AE%D8%A7%DA%A9-%DA%A9%D9%88%D8%AF-%D8%B3%D9%85%D9%88%D9%85?page=29
کود تقویتی مخصوص درسنا ظرافت وزن 50 گرم,,49000,980000.0,0.05,True,https://basalam.com/cat/tools/%D8%AE%D8%A7%DA%A9-%DA%A9%D9%88%D8%AF-%D8%B3%D9%85%D9%88%D9%85?page=29
کود تقویتی مخصوص گل طاووسی ظرافت,,47000,391666.6666666667,0.12,True,https://basalam.com/cat/tools/%D8%AE%D8%A7%DA%A9-%DA%A9%D9%88%D8%AF-%D8%B3%D9%85%D9%88%D9%85?page=29
کود تقویتی مخصوص فیلودندرون پاندورافورم ظرافت,,47000,391666.6666666667,0.12,True,https://basalam.com/cat/tools/%D8%AE%D8%A7%DA%A9-%DA%A9%D9%88%D8%AF-%D8%B3%D9%85%D9%88%D9%85?page=29
کود تقویتی مخصوص شمشاد آپارتمانی ظرافت,,47000,391666.6666666667,0.12,True,https://basalam.com/cat/tools/%D8%AE%D8%A7%DA%A9-%DA%A9%D9%88%D8%AF-%D8%B3%D9%85%D9%88%D9%85?page=29
کود تقویتی مخصوص پدیلانتوس ظرافت وزن 50 گرم,,49000,980000.0,0.05,True,https://basalam.com/cat/tools/%D8%AE%D8%A7%DA%A9-%DA%A9%D9%88%D8%AF-%D8%B3%D9%85%D9%88%D9%85?page=29
کود تقویتی مخصوص تاجریزی ظرافت وزن 50 گرم,,49000,980000.0,0.05,True,https://basalam.com/cat/tools/%D8%AE%D8%A7%DA%A9-%DA%A9%D9%88%D8%AF-%D8%B3%D9%85%D9%88%D9%85?page=29
کود تقویتی مخصوص هویج ظرافت وزن 50 گرم,,49000,980000.0,0.05,True,https://basalam.com/cat/tools/%D8%AE%D8%A7%DA%A9-%DA%A9%D9%88%D8%AF-%D8%B3%D9%85%D9%88%D9%85?page=29
کود تقویتی مخصوص کلم بروکسل ظرافت وزن 50 گرم,,49000,980000.0,0.05,True,https://basalam.com/cat/tools/%D8%AE%D8%A7%DA%A9-%DA%A9%D9%88%D8%AF-%D8%B3%D9%85%D9%88%D9%85?page=29
کود تقویتی مخصوص گل شمعدانی ظرافت,,47000,391666.6666666667,0.12,True,https://basalam.com/cat/tools/%D8%AE%D8%A7%DA%A9-%DA%A9%D9%88%D8%AF-%D8%B3%D9%85%D9%88%D9%85?page=29
کود تقویتی مخصوص گل چلچراغ ( عنکبوتی ) ظرافت وزن 50 گرم,,49000,980000.0,0.05,True,https://basalam.com/cat/tools/%D8%AE%D8%A7%DA%A9-%DA%A9%D9%88%D8%AF-%D8%B3%D9%85%D9%88%D9%85?page=29
کود تقویتی مخصوص هانی بری ظرافت وزن 50 گرم,,49000,980000.0,0.05,True,https://basalam.com/cat/tools/%D8%AE%D8%A7%DA%A9-%DA%A9%D9%88%D8%AF-%D8%B3%D9%85%D9%88%D9%85?page=29
کود تقویتی مخصوص اورنج بری ظرافت وزن 50 گرم,,49000,980000.0,0.05,True,https://basalam.com/cat/tools/%D8%AE%D8%A7%DA%A9-%DA%A9%D9%88%D8%AF-%D8%B3%D9%85%D9%88%D9%85?page=29
کود تقویتی مخصوص درخت فوجیا ظرافت وزن 50 گرم,,49000,980000.0,0.05,True,https://basalam.com/cat/tools/%D8%AE%D8%A7%DA%A9-%DA%A9%D9%88%D8%AF-%D8%B3%D9%85%D9%88%D9%85?page=29
کود تقویتی مخصوص گل چینی ظرافت,,47000,391666.6666666667,0.12,True,https://basalam.com/cat/tools/%D8%AE%D8%A7%DA%A9-%DA%A9%D9%88%D8%AF-%D8%B3%D9%85%D9%88%D9%85?page=29
کود تقویتی مخصوص آشلانتوس پالیده ظرافت وزن 50 گرم,,49000,980000.0,0.05,True,https://basalam.com/cat/tools/%D8%AE%D8%A7%DA%A9-%DA%A9%D9%88%D8%AF-%D8%B3%D9%85%D9%88%D9%85?page=29
کود تقویتی مخصوص هندوانه ظرافت,,47000,391666.6666666667,0.12,True,https://basalam.com/cat/tools/%D8%AE%D8%A7%DA%A9-%DA%A9%D9%88%D8%AF-%D8%B3%D9%85%D9%88%D9%85?page=29
کود تقویتی مخصوص درخت فندق ظرافت,,47000,391666.6666666667,0.12,True,https://basalam.com/cat/tools/%D8%AE%D8%A7%DA%A9-%DA%A9%D9%88%D8%AF-%D8%B3%D9%85%D9%88%D9%85?page=29
کود تقویتی مخصوص فیسالیس ( عروسک پشت پرده ) ظرافت,,47000,391666.6666666667,0.12,True,https://basalam.com/cat/tools/%D8%AE%D8%A7%DA%A9-%DA%A9%D9%88%D8%AF-%D8%B3%D9%85%D9%88%D9%85?page=29
کود تقویتی مخصوص فروکاکتوس ظرافت وزن 50 گرم,,49000,980000.0,0.05,True,https://basalam.com/cat/tools/%D8%AE%D8%A7%DA%A9-%DA%A9%D9%88%D8%AF-%D8%B3%D9%85%D9%88%D9%85?page=29
کود تقویتی مخصوص پتوس ساتین ظرافت وزن 50 گرم,,49000,980000.0,0.05,True,https://basalam.com/cat/tools/%D8%AE%D8%A7%DA%A9-%DA%A9%D9%88%D8%AF-%D8%B3%D9%85%D9%88%D9%85?page=29
کود تقویتی مخصوص پول چینی ظرافت,,47000,391666.6666666667,0.12,True,https://basalam.com/cat/tools/%D8%AE%D8%A7%DA%A9-%DA%A9%D9%88%D8%AF-%D8%B3%D9%85%D9%88%D9%85?page=29
کود تقویتی مخصوص گازمانیا ظرافت,,47000,391666.6666666667,0.12,True,https://basalam.com/cat/tools/%D8%AE%D8%A7%DA%A9-%DA%A9%D9%88%D8%AF-%D8%B3%D9%85%D9%88%D9%85?page=29
کود تقویتی مخصوص نخل اریکا ( نخل پروانه ) ظرافت وزن 50 گرم,,49000,980000.0,0.05,True,https://basalam.com/cat/tools/%D8%AE%D8%A7%DA%A9-%DA%A9%D9%88%D8%AF-%D8%B3%D9%85%D9%88%D9%85?page=29
کود تقویتی مخصوص گل تاج الملوک ظرافت وزن 50 گرم,,49000,980000.0,0.05,True,https://basalam.com/cat/tools/%D8%AE%D8%A7%DA%A9-%DA%A9%D9%88%D8%AF-%D8%B3%D9%85%D9%88%D9%85?page=29
کود تقویتی مخصوص فیسالیس ( عروسک پشت پرده ) ظرافت وزن 50 گرم,,49000,980000.0,0.05,True,https://basalam.com/cat/tools/%D8%AE%D8%A7%DA%A9-%DA%A9%D9%88%D8%AF-%D8%B3%D9%85%D9%88%D9%85?page=30
کود تقویتی مخصوص گل سینرر ( سینره ) ظرافت وزن 50 گرم,,49000,980000.0,0.05,True,https://basalam.com/cat/tools/%D8%AE%D8%A7%DA%A9-%DA%A9%D9%88%D8%AF-%D8%B3%D9%85%D9%88%D9%85?page=30
کود تقویتی مخصوص گل گازانیا ظرافت وزن 50 گرم,,49000,980000.0,0.05,True,https://basalam.com/cat/tools/%D8%AE%D8%A7%DA%A9-%DA%A9%D9%88%D8%AF-%D8%B3%D9%85%D9%88%D9%85?page=30
کود تقویتی مخصوص بامبو ظرافت وزن 50 گرم,,49000,980000.0,0.05,True,https://basalam.com/cat/tools/%D8%AE%D8%A7%DA%A9-%DA%A9%D9%88%D8%AF-%D8%B3%D9%85%D9%88%D9%85?page=30
کود مایع پاندانوس ( برگ خنجری ) ظرافت حجم 120 میلی لیتر,,47000,391666.6666666667,0.12,True,https://basalam.com/cat/tools/%D8%AE%D8%A7%DA%A9-%DA%A9%D9%88%D8%AF-%D8%B3%D9%85%D9%88%D9%85?page=30
کود تقویتی مخصوص پرنده بهشتی ( استرلیتزیا ) ظرافت,,47000,391666.6666666667,0.12,True,https://basalam.com/cat/tools/%D8%AE%D8%A7%DA%A9-%DA%A9%D9%88%D8%AF-%D8%B3%D9%85%D9%88%D9%85?page=30
کود تقویتی مخصوص پتوس طلایی ظرافت,,47000,391666.6666666667,0.12,True,https://basalam.com/cat/tools/%D8%AE%D8%A7%DA%A9-%DA%A9%D9%88%D8%AF-%D8%B3%D9%85%D9%88%D9%85?page=30
کود تقویتی مخصوص فیلودندرون بورگاندی ظرافت,,47000,391666.6666666667,0.12,True,https://basalam.com/cat/tools/%D8%AE%D8%A7%DA%A9-%DA%A9%D9%88%D8%AF-%D8%B3%D9%85%D9%88%D9%85?page=30
کود مارانتا ظرافت وزن 50 گرم,,49000,980000.0,0.05,True,https://basalam.com/cat/tools/%D8%AE%D8%A7%DA%A9-%DA%A9%D9%88%D8%AF-%D8%B3%D9%85%D9%88%D9%85?page=30
کود تقویتی مخصوص گل حنا ظرافت وزن 50 گرم,,49000,980000.0,0.05,True,https://basalam.com/cat/tools/%D8%AE%D8%A7%DA%A9-%DA%A9%D9%88%D8%AF-%D8%B3%D9%85%D9%88%D9%85?page=30
کود مارانتا ظرافت حجم 120 میلی لیتر مدل KO19170,,47000,391666.6666666667,0.12,True,https://basalam.com/cat/tools/%D8%AE%D8%A7%DA%A9-%DA%A9%D9%88%D8%AF-%D8%B3%D9%85%D9%88%D9%85?page=30
کود تقویتی مخصوص چمن ظرافت وزن 50 گرم,,49000,980000.0,0.05,True,https://basalam.com/cat/tools/%D8%AE%D8%A7%DA%A9-%DA%A9%D9%88%D8%AF-%D8%B3%D9%85%D9%88%D9%85?page=30
کود مایع آهن فلاور آمی 250 میلی لیتر (بسته 3 عددی),,158000,175555.55555555556,0.9,True,https://basalam.com/cat/tools/%D8%AE%D8%A7%DA%A9-%DA%A9%D9%88%D8%AF-%D8%B3%D9%85%D9%88%D9%85?page=30
کود مایع آهن فلاور آمی 125 میلی لیتر,,36000,225000.0,0.16,True,https://basalam.com/cat/tools/%D8%AE%D8%A7%DA%A9-%DA%A9%D9%88%D8%AF-%D8%B3%D9%85%D9%88%D9%85?page=30
کود تقویتی مخصوص گل گاوزبان ظرافت وزن 50 گرم,,49000,980000.0,0.05,True,https://basalam.com/cat/tools/%D8%AE%D8%A7%DA%A9-%DA%A9%D9%88%D8%AF-%D8%B3%D9%85%D9%88%D9%85?page=30
کود تقویتی مخصوص کاکتوس اچینو ظرافت,,47000,391666.6666666667,0.12,True,https://basalam.com/cat/tools/%D8%AE%D8%A7%DA%A9-%DA%A9%D9%88%D8%AF-%D8%B3%D9%85%D9%88%D9%85?page=30
کود تقویتی مخصوص استنوتافروم ظرافت,,47000,391666.6666666667,0.12,True,https://basalam.com/cat/tools/%D8%AE%D8%A7%DA%A9-%DA%A9%D9%88%D8%AF-%D8%B3%D9%85%D9%88%D9%85?page=30
کود تقویتی مخصوص گل رعنا ظرافت,,47000,391666.6666666667,0.12,True,https://basalam.com/cat/tools/%D8%AE%D8%A7%DA%A9-%DA%A9%D9%88%D8%AF-%D8%B3%D9%85%D9%88%D9%85?page=30
کود تقویتی مخصوص درخت هلو ظرافت,,47000,391666.6666666667,0.12,True,https://basalam.com/cat/tools/%D8%AE%D8%A7%DA%A9-%DA%A9%D9%88%D8%AF-%D8%B3%D9%85%D9%88%D9%85?page=30
کود تقویتی مخصوص سانسوریا نیزه آفریقایی ( سانسوریا لوله ای ) ظرافت,,47000,391666.6666666667,0.12,True,https://basalam.com/cat/tools/%D8%AE%D8%A7%DA%A9-%DA%A9%D9%88%D8%AF-%D8%B3%D9%85%D9%88%D9%85?page=30
کود تقویتی مخصوص سانسوریا کانالیکولاتا ظرافت,,47000,391666.6666666667,0.12,True,https://basalam.com/cat/tools/%D8%AE%D8%A7%DA%A9-%DA%A9%D9%88%D8%AF-%D8%B3%D9%85%D9%88%D9%85?page=30
کود تقویتی مخصوص برگ بیدی ظرافت,,47000,391666.6666666667,0.12,True,https://basalam.com/cat/tools/%D8%AE%D8%A7%DA%A9-%DA%A9%D9%88%D8%AF-%D8%B3%D9%85%D9%88%D9%85?page=30
کود تقویتی مخصوص درخت بید ظرافت,,47000,391666.6666666667,0.12,True,https://basalam.com/cat/tools/%D8%AE%D8%A7%DA%A9-%DA%A9%D9%88%D8%AF-%D8%B3%D9%85%D9%88%D9%85?page=30
کود تقویتی مخصوص انواع نخل آپارتمانی ظرافت,,47000,391666.6666666667,0.12,True,https://basalam.com/cat/tools/%D8%AE%D8%A7%DA%A9-%DA%A9%D9%88%D8%AF-%D8%B3%D9%85%D9%88%D9%85?page=30
کود تقویتی مخصوص گل صد تومانی ( پائونیا  پیونی ) ظرافت,,47000,391666.6666666667,0.12,True,https://basalam.com/cat/tools/%D8%AE%D8%A7%DA%A9-%DA%A9%D9%88%D8%AF-%D8%B3%D9%85%D9%88%D9%85?page=30
کود تقویتی مخصوص پسودرانتموم ظرافت,,47000,391666.6666666667,0.12,True,https://basalam.com/cat/tools/%D8%AE%D8%A7%DA%A9-%DA%A9%D9%88%D8%AF-%D8%B3%D9%85%D9%88%D9%85?page=30
کود تقویتی مخصوص گل ناز فرانسوی ظرافت,,47000,391666.6666666667,0.12,True,https://basalam.com/cat/tools/%D8%AE%D8%A7%DA%A9-%DA%A9%D9%88%D8%AF-%D8%B3%D9%85%D9%88%D9%85?page=30
کود تقویتی مخصوص سانسوریا پتنس ظرافت وزن 50 گرم,,49000,980000.0,0.05,True,https://basalam.com/cat/tools/%D8%AE%D8%A7%DA%A9-%DA%A9%D9%88%D8%AF-%D8%B3%D9%85%D9%88%D9%85?page=30
کود تقویتی مخصوص آمارانس ظرافت,,47000,391666.6666666667,0.12,True,https://basalam.com/cat/tools/%D8%AE%D8%A7%DA%A9-%DA%A9%D9%88%D8%AF-%D8%B3%D9%85%D9%88%D9%85?page=30
کود تقویتی مخصوص فروکاکتوس ظرافت,,47000,391666.6666666667,0.12,True,https://basalam.com/cat/tools/%D8%AE%D8%A7%DA%A9-%DA%A9%D9%88%D8%AF-%D8%B3%D9%85%D9%88%D9%85?page=30
کود تقویتی مخصوص گل چینی ظرافت وزن 50 گرم,,49000,980000.0,0.05,True,https://basalam.com/cat/tools/%D8%AE%D8%A7%DA%A9-%DA%A9%D9%88%D8%AF-%D8%B3%D9%85%D9%88%D9%85?page=30
کود تقویتی مخصوص گل لاله عباسی ظرافت وزن 50 گرم,,49000,980000.0,0.05,True,https://basalam.com/cat/tools/%D8%AE%D8%A7%DA%A9-%DA%A9%D9%88%D8%AF-%D8%B3%D9%85%D9%88%D9%85?page=30
کود تقویتی مخصوص گل نرگس ظرافت وزن 50 گرم,,49000,980000.0,0.05,True,https://basalam.com/cat/tools/%D8%AE%D8%A7%DA%A9-%DA%A9%D9%88%D8%AF-%D8%B3%D9%85%D9%88%D9%85?page=30
کود تقویتی مخصوص بادرنجبویه ظرافت,,47000,391666.6666666667,0.12,True,https://basalam.com/cat/tools/%D8%AE%D8%A7%DA%A9-%DA%A9%D9%88%D8%AF-%D8%B3%D9%85%D9%88%D9%85?page=30
کود تقویتی مخصوص کرفس ظرافت,,47000,391666.6666666667,0.12,True,https://basalam.com/cat/tools/%D8%AE%D8%A7%DA%A9-%DA%A9%D9%88%D8%AF-%D8%B3%D9%85%D9%88%D9%85?page=30
کود تقویتی مخصوص کلم بروکسل ظرافت,,47000,391666.6666666667,0.12,True,https://basalam.com/cat/tools/%D8%AE%D8%A7%DA%A9-%DA%A9%D9%88%D8%AF-%D8%B3%D9%85%D9%88%D9%85?page=30
کود تقویتی مخصوص لوبیا ظرافت,,47000,391666.6666666667,0.12,True,https://basalam.com/cat/tools/%D8%AE%D8%A7%DA%A9-%DA%A9%D9%88%D8%AF-%D8%B3%D9%85%D9%88%D9%85?page=30
کود تقویتی مخصوص فیلودندرون اندریانوم ظرافت,,47000,391666.6666666667,0.12,True,https://basalam.com/cat/tools/%D8%AE%D8%A7%DA%A9-%DA%A9%D9%88%D8%AF-%D8%B3%D9%85%D9%88%D9%85?page=30
کود تقویتی مخصوص توت فرنگی ظرافت,,47000,391666.6666666667,0.12,True,https://basalam.com/cat/tools/%D8%AE%D8%A7%DA%A9-%DA%A9%D9%88%D8%AF-%D8%B3%D9%85%D9%88%D9%85?page=30
کود افزایش رشد نیتروژن بالا ( ازت بالا ) NPK 30-10-10 + TE ظرافت مدل KO2767 وزن 250 گرم,,119000,476000.0,0.25,True,https://basalam.com/cat/tools/%D8%AE%D8%A7%DA%A9-%DA%A9%D9%88%D8%AF-%D8%B3%D9%85%D9%88%D9%85?page=30
کود تقویتی مخصوص لوبیا ظرافت وزن 50 گرم,,49000,980000.0,0.05,True,https://basalam.com/cat/tools/%D8%AE%D8%A7%DA%A9-%DA%A9%D9%88%D8%AF-%D8%B3%D9%85%D9%88%D9%85?page=30
کود تقویتی مخصوص رزماری ظرافت وزن 50 گرم,,49000,980000.0,0.05,True,https://basalam.com/cat/tools/%D8%AE%D8%A7%DA%A9-%DA%A9%D9%88%D8%AF-%D8%B3%D9%85%D9%88%D9%85?page=30
کود تقویتی مخصوص اونیموس ظرافت وزن 50 گرم,,49000,980000.0,0.05,True,https://basalam.com/cat/tools/%D8%AE%D8%A7%DA%A9-%DA%A9%D9%88%D8%AF-%D8%B3%D9%85%D9%88%D9%85?page=30
کود تقویتی مخصوص ساکولنت فنستریا ظرافت وزن 50 گرم,,49000,980000.0,0.05,True,https://basalam.com/cat/tools/%D8%AE%D8%A7%DA%A9-%DA%A9%D9%88%D8%AF-%D8%B3%D9%85%D9%88%D9%85?page=30
کود تقویتی مخصوص گل فریزیا ظرافت,,47000,391666.6666666667,0.12,True,https://basalam.com/cat/tools/%D8%AE%D8%A7%DA%A9-%DA%A9%D9%88%D8%AF-%D8%B3%D9%85%D9%88%D9%85?page=30
کود تقویتی مخصوص گل درخشنده ( اسکابیوزا ) ظرافت,,47000,391666.6666666667,0.12,True,https://basalam.com/cat/tools/%D8%AE%D8%A7%DA%A9-%DA%A9%D9%88%D8%AF-%D8%B3%D9%85%D9%88%D9%85?page=30
کود کامل سیکاس ظرافت مدل KO21340 وزن 250 گرم,,180000,720000.0,0.25,True,https://basalam.com/cat/tools/%D8%AE%D8%A7%DA%A9-%DA%A9%D9%88%D8%AF-%D8%B3%D9%85%D9%88%D9%85?page=30
کود مایع نخل ماداگاسکار ظرافت حجم 250 میلی لیتر,,79000,316000.0,0.25,True,https://basalam.com/cat/tools/%D8%AE%D8%A7%DA%A9-%DA%A9%D9%88%D8%AF-%D8%B3%D9%85%D9%88%D9%85?page=31
کود کامل تقویتی اشک تمساح ( بریوفیلوم ) ظرافت وزن 250 گرم,,149000,596000.0,0.25,True,https://basalam.com/cat/tools/%D8%AE%D8%A7%DA%A9-%DA%A9%D9%88%D8%AF-%D8%B3%D9%85%D9%88%D9%85?page=31
کود نخل مرداب ظرافت مدل KO21349 وزن 100 گرم,,85000,850000.0,0.1,True,https://basalam.com/cat/tools/%D8%AE%D8%A7%DA%A9-%DA%A9%D9%88%D8%AF-%D8%B3%D9%85%D9%88%D9%85?page=31
کود کامل تقویتی فیلودندرون الگانس ظرافت وزن 100 گرم مدل KO21421,,77000,770000.0,0.1,True,https://basalam.com/cat/tools/%D8%AE%D8%A7%DA%A9-%DA%A9%D9%88%D8%AF-%D8%B3%D9%85%D9%88%D9%85?page=31
کود تقویتی مخصوص نخل شامادورا ظرافت وزن 50 گرم,,49000,980000.0,0.05,True,https://basalam.com/cat/tools/%D8%AE%D8%A7%DA%A9-%DA%A9%D9%88%D8%AF-%D8%B3%D9%85%D9%88%D9%85?page=31
کود تقویتی مخصوص پیتسپروم ( میخک ژاپنی  هندی ) ظرافت وزن 50 گرم,,49000,980000.0,0.05,True,https://basalam.com/cat/tools/%D8%AE%D8%A7%DA%A9-%DA%A9%D9%88%D8%AF-%D8%B3%D9%85%D9%88%D9%85?page=31
کود تقویتی مخصوص پلومریا ظرافت,,47000,391666.6666666667,0.12,True,https://basalam.com/cat/tools/%D8%AE%D8%A7%DA%A9-%DA%A9%D9%88%D8%AF-%D8%B3%D9%85%D9%88%D9%85?page=31
کود تقویتی مخصوص گل نماتانتوس ظرافت وزن 50 گرم,,49000,980000.0,0.05,True,https://basalam.com/cat/tools/%D8%AE%D8%A7%DA%A9-%DA%A9%D9%88%D8%AF-%D8%B3%D9%85%D9%88%D9%85?page=31
کود هیومیک اسید 90 درصد (بسته 3 عددی),,95000,904761.9047619049,0.105,True,https://basalam.com/cat/tools/%D8%AE%D8%A7%DA%A9-%DA%A9%D9%88%D8%AF-%D8%B3%D9%85%D9%88%D9%85?page=31
کود تقویتی مخصوص درخت زیتون ظرافت وزن 50 گرم,,49000,980000.0,0.05,True,https://basalam.com/cat/tools/%D8%AE%D8%A7%DA%A9-%DA%A9%D9%88%D8%AF-%D8%B3%D9%85%D9%88%D9%85?page=31
کود ریز مغذی هربان گروسیف,,15800,632000.0,0.025,True,https://basalam.com/cat/tools/%D8%AE%D8%A7%DA%A9-%DA%A9%D9%88%D8%AF-%D8%B3%D9%85%D9%88%D9%85?page=31
کود تقویتی مخصوص کاکتوس اپونتیا میوه دار ( گلابی خاردار ) ظرافت,,47000,391666.6666666667,0.12,True,https://basalam.com/cat/tools/%D8%AE%D8%A7%DA%A9-%DA%A9%D9%88%D8%AF-%D8%B3%D9%85%D9%88%D9%85?page=31
کود تقویتی مخصوص ایپومیا ظرافت,,47000,391666.6666666667,0.12,True,https://basalam.com/cat/tools/%D8%AE%D8%A7%DA%A9-%DA%A9%D9%88%D8%AF-%D8%B3%D9%85%D9%88%D9%85?page=31
کود تقویتی مخصوص درخت چنار ظرافت وزن 50 گرم,,49000,980000.0,0.05,True,https://basalam.com/cat/tools/%D8%AE%D8%A7%DA%A9-%DA%A9%D9%88%D8%AF-%D8%B3%D9%85%D9%88%D9%85?page=31
کود تقویتی مخصوص گل و گیاهان آپارتمانی ظرافت وزن 50 گرم,,49000,980000.0,0.05,True,https://basalam.com/cat/tools/%D8%AE%D8%A7%DA%A9-%DA%A9%D9%88%D8%AF-%D8%B3%D9%85%D9%88%D9%85?page=31
کود تقویتی مخصوص سیکاس ظرافت وزن 50 گرم,,49000,980000.0,0.05,True,https://basalam.com/cat/tools/%D8%AE%D8%A7%DA%A9-%DA%A9%D9%88%D8%AF-%D8%B3%D9%85%D9%88%D9%85?page=31
کود تقویتی مخصوص کاکتوس مامیلاریا ظرافت وزن 50 گرم,,49000,980000.0,0.05,True,https://basalam.com/cat/tools/%D8%AE%D8%A7%DA%A9-%DA%A9%D9%88%D8%AF-%D8%B3%D9%85%D9%88%D9%85?page=31
کود تقویتی مخصوص گل حسن یوسف ظرافت,,47000,391666.6666666667,0.12,True,https://basalam.com/cat/tools/%D8%AE%D8%A7%DA%A9-%DA%A9%D9%88%D8%AF-%D8%B3%D9%85%D9%88%D9%85?page=31
کود تقویتی مخصوص گل اطلسی ظرافت,,47000,391666.6666666667,0.12,True,https://basalam.com/cat/tools/%D8%AE%D8%A7%DA%A9-%DA%A9%D9%88%D8%AF-%D8%B3%D9%85%D9%88%D9%85?page=31
کود تقویتی مخصوص هویا کری ابلق ظرافت وزن 50 گرم,,49000,980000.0,0.05,True,https://basalam.com/cat/tools/%D8%AE%D8%A7%DA%A9-%DA%A9%D9%88%D8%AF-%D8%B3%D9%85%D9%88%D9%85?page=31
کود تقویتی مخصوص پدیلانتوس ظرافت,,47000,391666.6666666667,0.12,True,https://basalam.com/cat/tools/%D8%AE%D8%A7%DA%A9-%DA%A9%D9%88%D8%AF-%D8%B3%D9%85%D9%88%D9%85?page=31
کود تقویتی مخصوص درخت سرو ظرافت,,47000,391666.6666666667,0.12,True,https://basalam.com/cat/tools/%D8%AE%D8%A7%DA%A9-%DA%A9%D9%88%D8%AF-%D8%B3%D9%85%D9%88%D9%85?page=31
کود تقویتی مخصوص زاموفیلیا ظرافت,,47000,391666.6666666667,0.12,True,https://basalam.com/cat/tools/%D8%AE%D8%A7%DA%A9-%DA%A9%D9%88%D8%AF-%D8%B3%D9%85%D9%88%D9%85?page=31
کود آهن مایع اسپانیایی . (60 سی سی ),,25000,500000.0,0.05,True,https://basalam.com/cat/tools/%D8%AE%D8%A7%DA%A9-%DA%A9%D9%88%D8%AF-%D8%B3%D9%85%D9%88%D9%85?page=31
کود پتاس بالا مخصوص گلدهی(100گرم ),,60000,600000.0,0.1,True,https://basalam.com/cat/tools/%D8%AE%D8%A7%DA%A9-%DA%A9%D9%88%D8%AF-%D8%B3%D9%85%D9%88%D9%85?page=31
کود باغچه پلت یک کیلویی (پس کرایه),,358000,358000.0,1.0,True,https://basalam.com/cat/tools/%D8%AE%D8%A7%DA%A9-%DA%A9%D9%88%D8%AF-%D8%B3%D9%85%D9%88%D9%85?page=31
کود ریشه زایی 10-52-10 حجم 100 گرم,,60000,600000.0,0.1,True,https://basalam.com/cat/tools/%D8%AE%D8%A7%DA%A9-%DA%A9%D9%88%D8%AF-%D8%B3%D9%85%D9%88%D9%85?page=31
کود کالمکس گلد (کلسیم و آمینواسید) امکس حجم یک لیتر,,1550000,1550000.0,1.0,True,https://basalam.com/cat/tools/%D8%AE%D8%A7%DA%A9-%DA%A9%D9%88%D8%AF-%D8%B3%D9%85%D9%88%D9%85?page=31
کود کلات روی 15 درصد فلوریش حجم یک کیلوگرم,,358000,358000.0,1.0,True,https://basalam.com/cat/tools/%D8%AE%D8%A7%DA%A9-%DA%A9%D9%88%D8%AF-%D8%B3%D9%85%D9%88%D9%85?page=31
کود آپارتمانی آی پلنت بسته دو عددی,,300000,1500000.0,0.2,True,https://basalam.com/cat/tools/%D8%AE%D8%A7%DA%A9-%DA%A9%D9%88%D8%AF-%D8%B3%D9%85%D9%88%D9%85?page=31
کود 36-12-12 فلوریش حجم یک کیلوگرم,,389000,323089.70099667774,1.204,True,https://basalam.com/cat/tools/%D8%AE%D8%A7%DA%A9-%DA%A9%D9%88%D8%AF-%D8%B3%D9%85%D9%88%D9%85?page=31
کود میکرو ریزمغذی فلوریش مدل کمبی حجم یک کیلوگرم,,570000,570000.0,1.0,True,https://basalam.com/cat/tools/%D8%AE%D8%A7%DA%A9-%DA%A9%D9%88%D8%AF-%D8%B3%D9%85%D9%88%D9%85?page=32
کود آهن 6 درصد همراه با روی فلوریش حجم یک کیلوگرم,,510000,510000.0,1.0,True,https://basalam.com/cat/tools/%D8%AE%D8%A7%DA%A9-%DA%A9%D9%88%D8%AF-%D8%B3%D9%85%D9%88%D9%85?page=32
پک کاکتوس و اشک تمساح,,22000,22000.0,1.0,True,https://basalam.com/cat/tools/%D8%AE%D8%A7%DA%A9-%DA%A9%D9%88%D8%AF-%D8%B3%D9%85%D9%88%D9%85?page=32
کود جلبک دریایی,,25000,1666666.6666666667,0.015,True,https://basalam.com/cat/tools/%D8%AE%D8%A7%DA%A9-%DA%A9%D9%88%D8%AF-%D8%B3%D9%85%D9%88%D9%85?page=32
کود کاج مطبق تایمکس حجم 150 میلی لیتر ( کود مخصوص کاج ),,69000,460000.0,0.15,True,https://basalam.com/cat/tools/%D8%AE%D8%A7%DA%A9-%DA%A9%D9%88%D8%AF-%D8%B3%D9%85%D9%88%D9%85?page=32
کود تقویتی مخصوص بنسای با حجم 120 میلی لیتر برند تایمکس,,69000,575000.0,0.12,True,https://basalam.com/cat/tools/%D8%AE%D8%A7%DA%A9-%DA%A9%D9%88%D8%AF-%D8%B3%D9%85%D9%88%D9%85?page=32
کود 36 12 12 پتاس,,50000,1000000.0,0.05,True,https://basalam.com/cat/tools/%D8%AE%D8%A7%DA%A9-%DA%A9%D9%88%D8%AF-%D8%B3%D9%85%D9%88%D9%85?page=56
کود پودر معجزه 400 گرمی گیاهان آپارتمانی,,210000,525000.0,0.4,True,https://basalam.com/cat/tools/%D8%AE%D8%A7%DA%A9-%DA%A9%D9%88%D8%AF-%D8%B3%D9%85%D9%88%D9%85?page=32
کود مونو پتاسیم فسفات روکا (پس کرایه),,5700000,228000.0,25.0,True,https://basalam.com/cat/tools/%D8%AE%D8%A7%DA%A9-%DA%A9%D9%88%D8%AF-%D8%B3%D9%85%D9%88%D9%85?page=32
کود سولفات پتاسیم 51-0-0 برند کوالی مکس 100 گرمی,,35000,350000.0,0.1,True,https://basalam.com/cat/tools/%D8%AE%D8%A7%DA%A9-%DA%A9%D9%88%D8%AF-%D8%B3%D9%85%D9%88%D9%85?page=32
کود جلبک دریایی برند آرمادین کانادایی 100 گرمی,,120000,1200000.0,0.1,True,https://basalam.com/cat/tools/%D8%AE%D8%A7%DA%A9-%DA%A9%D9%88%D8%AF-%D8%B3%D9%85%D9%88%D9%85?page=32
کود کوآد 14 امکس (Quad 14),,1430000,1430000.0,1.0,True,https://basalam.com/cat/tools/%D8%AE%D8%A7%DA%A9-%DA%A9%D9%88%D8%AF-%D8%B3%D9%85%D9%88%D9%85?page=57
کود ریشه زایی فسفات بالا دکتر زندی بسته بندی پلاستیک,,30000,300000.0,0.1,True,https://basalam.com/cat/tools/%D8%AE%D8%A7%DA%A9-%DA%A9%D9%88%D8%AF-%D8%B3%D9%85%D9%88%D9%85?page=56
کود گلدهی و میوه دهی پتاس بالا صد گرمی دکتر زندی,,41100,411000.0,0.1,True,https://basalam.com/cat/tools/%D8%AE%D8%A7%DA%A9-%DA%A9%D9%88%D8%AF-%D8%B3%D9%85%D9%88%D9%85?page=56
کود هیومیک اسید وارداتی میکرولایز,,559000,559000.0,1.0,True,https://basalam.com/cat/tools/%D8%AE%D8%A7%DA%A9-%DA%A9%D9%88%D8%AF-%D8%B3%D9%85%D9%88%D9%85?page=32
کود نانو کود فسفر 55 درصد میکرولایز,,450000,450000.0,1.0,True,https://basalam.com/cat/tools/%D8%AE%D8%A7%DA%A9-%DA%A9%D9%88%D8%AF-%D8%B3%D9%85%D9%88%D9%85?page=33
کود نانو کود کلات پتاسیم میکرولایز,,550000,550000.0,1.0,True,https://basalam.com/cat/tools/%D8%AE%D8%A7%DA%A9-%DA%A9%D9%88%D8%AF-%D8%B3%D9%85%D9%88%D9%85?page=33
کود نانو کود کامل NPK10-52-10+TE میکرولایز,,300000,300000.0,1.0,True,https://basalam.com/cat/tools/%D8%AE%D8%A7%DA%A9-%DA%A9%D9%88%D8%AF-%D8%B3%D9%85%D9%88%D9%85?page=33
کود آهنکلات آهنکود آهن پودری,,40000,1333333.3333333335,0.03,True,https://basalam.com/cat/tools/%D8%AE%D8%A7%DA%A9-%DA%A9%D9%88%D8%AF-%D8%B3%D9%85%D9%88%D9%85?page=33
کود سیلیکات پتاسیم 25 مایع (سیلیکون25) گیگاس,,385000,385000.0,1.0,True,https://basalam.com/cat/tools/%D8%AE%D8%A7%DA%A9-%DA%A9%D9%88%D8%AF-%D8%B3%D9%85%D9%88%D9%85?page=47
افسنطین با کیفیت عالی بار امسالی و تازه(100 گرمی ),,203000,2030000.0,0.1,True,https://basalam.com/cat/tools/%D8%AE%D8%A7%DA%A9-%DA%A9%D9%88%D8%AF-%D8%B3%D9%85%D9%88%D9%85?page=56
کود اوره فسفات,,230000,230000.0,1.0,True,https://basalam.com/cat/tools/%D8%AE%D8%A7%DA%A9-%DA%A9%D9%88%D8%AF-%D8%B3%D9%85%D9%88%D9%85?page=33
کود سوپر فسفات ساده,,400000,40000.0,10.0,True,https://basalam.com/cat/tools/%D8%AE%D8%A7%DA%A9-%DA%A9%D9%88%D8%AF-%D8%B3%D9%85%D9%88%D9%85?page=33
کود آهن پودری و گرانول,,550000,785714.2857142858,0.7,True,https://basalam.com/cat/tools/%D8%AE%D8%A7%DA%A9-%DA%A9%D9%88%D8%AF-%D8%B3%D9%85%D9%88%D9%85?page=33
کود 121236 تحت لیسانس اسپانیا,,2200000,220000.0,10.0,True,https://basalam.com/cat/tools/%D8%AE%D8%A7%DA%A9-%DA%A9%D9%88%D8%AF-%D8%B3%D9%85%D9%88%D9%85?page=33
کود گیاهان آپارتمانی شوک یک لیتری آمریکایی اصل,,350000,350000.0,1.0,True,https://basalam.com/cat/tools/%D8%AE%D8%A7%DA%A9-%DA%A9%D9%88%D8%AF-%D8%B3%D9%85%D9%88%D9%85?page=33
کود گندم و جو شوک یک لیتری آمریکایی اصل,,360000,360000.0,1.0,True,https://basalam.com/cat/tools/%D8%AE%D8%A7%DA%A9-%DA%A9%D9%88%D8%AF-%D8%B3%D9%85%D9%88%D9%85?page=33
کود فولویک اسید شوک پنج لیتری آمریکایی اصل,,1290000,258000.0,5.0,True,https://basalam.com/cat/tools/%D8%AE%D8%A7%DA%A9-%DA%A9%D9%88%D8%AF-%D8%B3%D9%85%D9%88%D9%85?page=33
کود فروت ست شوک بیست لیتری آمریکایی اصل (ارسال رایگان ),,3700000,185000.0,20.0,True,https://basalam.com/cat/tools/%D8%AE%D8%A7%DA%A9-%DA%A9%D9%88%D8%AF-%D8%B3%D9%85%D9%88%D9%85?page=33
کود گلدهی شوک بیست لیتری,,3600000,180000.0,20.0,True,https://basalam.com/cat/tools/%D8%AE%D8%A7%DA%A9-%DA%A9%D9%88%D8%AF-%D8%B3%D9%85%D9%88%D9%85?page=33
کود مایع مرغی سان رز (پس کرایه),,1100000,55000.0,20.0,True,https://basalam.com/cat/tools/%D8%AE%D8%A7%DA%A9-%DA%A9%D9%88%D8%AF-%D8%B3%D9%85%D9%88%D9%85?page=33
کود سوپر سوئینگ (کلات عناصر ریز مغذی) جنوبگان,,345000,345000.0,1.0,True,https://basalam.com/cat/tools/%D8%AE%D8%A7%DA%A9-%DA%A9%D9%88%D8%AF-%D8%B3%D9%85%D9%88%D9%85?page=55
کود عصاره جلبک دریایی موراسپری تتاکو کیلوگرم,,630000,630000.0,1.0,True,https://basalam.com/cat/tools/%D8%AE%D8%A7%DA%A9-%DA%A9%D9%88%D8%AF-%D8%B3%D9%85%D9%88%D9%85?page=33
کود محرک رشد فولویک اسید پودری بنیز 50 گرمی,,45000,900000.0,0.05,True,https://basalam.com/cat/tools/%D8%AE%D8%A7%DA%A9-%DA%A9%D9%88%D8%AF-%D8%B3%D9%85%D9%88%D9%85?page=33
کود کمپلکس (کامل)نوترازورب مسترگرو,,1370000,1370000.0,1.0,True,https://basalam.com/cat/tools/%D8%AE%D8%A7%DA%A9-%DA%A9%D9%88%D8%AF-%D8%B3%D9%85%D9%88%D9%85?page=33
گیاه خرفه با کیفیت عالی بار امسالی و تازه(750 گرمی ),,713900,951866.6666666666,0.75,True,https://basalam.com/cat/tools/%D8%AE%D8%A7%DA%A9-%DA%A9%D9%88%D8%AF-%D8%B3%D9%85%D9%88%D9%85?page=53
گیاه زوفا با کیفیت عالی بار امسالی و تازه(750گرمی),,1882000,2509333.333333333,0.75,True,https://basalam.com/cat/tools/%D8%AE%D8%A7%DA%A9-%DA%A9%D9%88%D8%AF-%D8%B3%D9%85%D9%88%D9%85?page=53
گیاه جعفری با کیفیت عالی بار امسالی و تازه(500گرمی),,517200,1034400.0,0.5,True,https://basalam.com/cat/tools/%D8%AE%D8%A7%DA%A9-%DA%A9%D9%88%D8%AF-%D8%B3%D9%85%D9%88%D9%85?page=53
گیاه زوفا با کیفیت عالی بار امسالی و تازه(500گرمی ),,1235900,2471800.0,0.5,True,https://basalam.com/cat/tools/%D8%AE%D8%A7%DA%A9-%DA%A9%D9%88%D8%AF-%D8%B3%D9%85%D9%88%D9%85?page=53
ریشه شیرین بیان با کیفیت عالی بار امسالی و تازه(500گرمی ),,196400,392800.0,0.5,True,https://basalam.com/cat/tools/%D8%AE%D8%A7%DA%A9-%DA%A9%D9%88%D8%AF-%D8%B3%D9%85%D9%88%D9%85?page=53
ریشه شیرین بیان با کیفیت عالی بار امسالی و تازه(750گرمی),,312400,416533.3333333333,0.75,True,https://basalam.com/cat/tools/%D8%AE%D8%A7%DA%A9-%DA%A9%D9%88%D8%AF-%D8%B3%D9%85%D9%88%D9%85?page=53
افسنطین با کیفیت عالی بار امسالی و تازه(750 گرمی ),,1123700,1498266.6666666667,0.75,True,https://basalam.com/cat/tools/%D8%AE%D8%A7%DA%A9-%DA%A9%D9%88%D8%AF-%D8%B3%D9%85%D9%88%D9%85?page=53
ریشه سنبل الطیب با کیفیت عالی بار امسالی و تازه(500گرمی ),,1775200,3550400.0,0.5,True,https://basalam.com/cat/tools/%D8%AE%D8%A7%DA%A9-%DA%A9%D9%88%D8%AF-%D8%B3%D9%85%D9%88%D9%85?page=53
گیاه مرزه با کیفیت عالی بار امسالی و تازه(750گرمی),,757500,1010000.0,0.75,True,https://basalam.com/cat/tools/%D8%AE%D8%A7%DA%A9-%DA%A9%D9%88%D8%AF-%D8%B3%D9%85%D9%88%D9%85?page=53
برگ مورینگا با کیفیت عالی بار امسالی و تازه(500گرمی ),,1695300,3390600.0,0.5,True,https://basalam.com/cat/tools/%D8%AE%D8%A7%DA%A9-%DA%A9%D9%88%D8%AF-%D8%B3%D9%85%D9%88%D9%85?page=53
ریشه کاسنی با کیفیت عالی بار امسالی و تازه(100گرمی ),,125800,1258000.0,0.1,True,https://basalam.com/cat/tools/%D8%AE%D8%A7%DA%A9-%DA%A9%D9%88%D8%AF-%D8%B3%D9%85%D9%88%D9%85?page=53
گیاه مریم گلی با کیفیت عالی بار امسالی و تازه(200گرمی),,460300,2301500.0,0.2,True,https://basalam.com/cat/tools/%D8%AE%D8%A7%DA%A9-%DA%A9%D9%88%D8%AF-%D8%B3%D9%85%D9%88%D9%85?page=53
گیاه کاسنی با کیفیت عالی بار امسالی و تازه(200گرمی),,175200,876000.0,0.2,True,https://basalam.com/cat/tools/%D8%AE%D8%A7%DA%A9-%DA%A9%D9%88%D8%AF-%D8%B3%D9%85%D9%88%D9%85?page=53
گل اسطوخودوس ایرانی بار امسالی و تازه(200گرمی),,297000,1485000.0,0.2,True,https://basalam.com/cat/tools/%D8%AE%D8%A7%DA%A9-%DA%A9%D9%88%D8%AF-%D8%B3%D9%85%D9%88%D9%85?page=53
ریشه خولنجان با کیفیت عالی بار امسالی و تازه(200گرمی),,671100,3355500.0,0.2,True,https://basalam.com/cat/tools/%D8%AE%D8%A7%DA%A9-%DA%A9%D9%88%D8%AF-%D8%B3%D9%85%D9%88%D9%85?page=53
گیاه خار مریم با کیفیت عالی بار امسالی و تازه(150 گرمی ),,145500,970000.0,0.15,True,https://basalam.com/cat/tools/%D8%AE%D8%A7%DA%A9-%DA%A9%D9%88%D8%AF-%D8%B3%D9%85%D9%88%D9%85?page=53
ریشه شیرین بیان (بدون پوست) بار امسالی و تازه(150گرمی),,191200,1274666.6666666667,0.15,True,https://basalam.com/cat/tools/%D8%AE%D8%A7%DA%A9-%DA%A9%D9%88%D8%AF-%D8%B3%D9%85%D9%88%D9%85?page=53
ریشه کاسنی با کیفیت عالی بار امسالی و تازه(50گرمی ),,82200,1644000.0,0.05,True,https://basalam.com/cat/tools/%D8%AE%D8%A7%DA%A9-%DA%A9%D9%88%D8%AF-%D8%B3%D9%85%D9%88%D9%85?page=53
برگ سنا با کیفیت عالی بار امسالی و تازه(150گرمی),,147900,986000.0,0.15,True,https://basalam.com/cat/tools/%D8%AE%D8%A7%DA%A9-%DA%A9%D9%88%D8%AF-%D8%B3%D9%85%D9%88%D9%85?page=53
گیاه مرزه با کیفیت عالی بار امسالی و تازه(200گرمی),,332900,1664500.0,0.2,True,https://basalam.com/cat/tools/%D8%AE%D8%A7%DA%A9-%DA%A9%D9%88%D8%AF-%D8%B3%D9%85%D9%88%D9%85?page=53
گیاه مرزه با کیفیت عالی بار امسالی و تازه(150گرمی),,275500,1836666.6666666667,0.15,True,https://basalam.com/cat/tools/%D8%AE%D8%A7%DA%A9-%DA%A9%D9%88%D8%AF-%D8%B3%D9%85%D9%88%D9%85?page=53
گل گاو زبان با کیفیت عالی بار امسالی و تازه(750گرمی),,9107200,12142933.333333334,0.75,True,https://basalam.com/cat/tools/%D8%AE%D8%A7%DA%A9-%DA%A9%D9%88%D8%AF-%D8%B3%D9%85%D9%88%D9%85?page=53
گیاه دم اسب با کیفیت عالی بار امسالی و تازه(500گرمی ),,420000,840000.0,0.5,True,https://basalam.com/cat/tools/%D8%AE%D8%A7%DA%A9-%DA%A9%D9%88%D8%AF-%D8%B3%D9%85%D9%88%D9%85?page=53
استویا با کیفیت عالی بار امسالی و تازه(750 گرمی),,3000000,4000000.0,0.75,True,https://basalam.com/cat/tools/%D8%AE%D8%A7%DA%A9-%DA%A9%D9%88%D8%AF-%D8%B3%D9%85%D9%88%D9%85?page=53
گل گاو زبان با کیفیت عالی بار امسالی و تازه(65گرمی),,231000,3553846.153846153,0.065,True,https://basalam.com/cat/tools/%D8%AE%D8%A7%DA%A9-%DA%A9%D9%88%D8%AF-%D8%B3%D9%85%D9%88%D9%85?page=53
کود آهن مقدار 30گرم پس کرایه,,50000,1666666.6666666667,0.03,True,https://basalam.com/cat/tools/%D8%AE%D8%A7%DA%A9-%DA%A9%D9%88%D8%AF-%D8%B3%D9%85%D9%88%D9%85?page=45
کود کامل سه بیست npk میلاگرو انقضا 2028,,1250000,1250000.0,1.0,True,https://basalam.com/cat/tools/%D8%AE%D8%A7%DA%A9-%DA%A9%D9%88%D8%AF-%D8%B3%D9%85%D9%88%D9%85?page=51
کود 20 20 20 TE کود سه بیست دارای ریز مغذی(50 گرم ساخت پرتغال),,59000,1180000.0,0.05,True,https://basalam.com/cat/tools/%D8%AE%D8%A7%DA%A9-%DA%A9%D9%88%D8%AF-%D8%B3%D9%85%D9%88%D9%85?page=55
کود مخصوص سانسوریا,,120000,1200000.0,0.1,True,https://basalam.com/cat/tools/%D8%AE%D8%A7%DA%A9-%DA%A9%D9%88%D8%AF-%D8%B3%D9%85%D9%88%D9%85?page=55
کود آهن کلاته راف میلو انقضا 2028,,1250000,1250000.0,1.0,True,https://basalam.com/cat/tools/%D8%AE%D8%A7%DA%A9-%DA%A9%D9%88%D8%AF-%D8%B3%D9%85%D9%88%D9%85?page=51
کود مایع آهن بسته بندی 60 سی سی,,46000,766666.6666666667,0.06,True,https://basalam.com/cat/tools/%D8%AE%D8%A7%DA%A9-%DA%A9%D9%88%D8%AF-%D8%B3%D9%85%D9%88%D9%85?page=34
کود مایع آهن برای انواع گلها و باغچه,,33000,1100000.0,0.03,True,https://basalam.com/cat/tools/%D8%AE%D8%A7%DA%A9-%DA%A9%D9%88%D8%AF-%D8%B3%D9%85%D9%88%D9%85?page=34
کود مایع مرغی 6-6-10 (پس کرایه),,350000,70000.0,5.0,True,https://basalam.com/cat/tools/%D8%AE%D8%A7%DA%A9-%DA%A9%D9%88%D8%AF-%D8%B3%D9%85%D9%88%D9%85?page=34
کود مایع مرغی سوپر ویژه عالی,,800000,40000.0,20.0,True,https://basalam.com/cat/tools/%D8%AE%D8%A7%DA%A9-%DA%A9%D9%88%D8%AF-%D8%B3%D9%85%D9%88%D9%85?page=34
گیاه ریش بز (هوم) خشک با کیفیت عالی بار امسالی و تازه(100گرمی),,61100,611000.0,0.1,True,https://basalam.com/cat/tools/%D8%AE%D8%A7%DA%A9-%DA%A9%D9%88%D8%AF-%D8%B3%D9%85%D9%88%D9%85?page=20
کود پتاسیم 1236 npk,,500000,500000.0,1.0,True,https://basalam.com/cat/tools/%D8%AE%D8%A7%DA%A9-%DA%A9%D9%88%D8%AF-%D8%B3%D9%85%D9%88%D9%85?page=50
کود اوره گرانوله دوکیلویی,,200000,100000.0,2.0,True,https://basalam.com/cat/tools/%D8%AE%D8%A7%DA%A9-%DA%A9%D9%88%D8%AF-%D8%B3%D9%85%D9%88%D9%85?page=52
کود 25 گرمی 10-52-10 مخصوص ریشه برند گرومور آمریکا کشور تامین کننده آلمان,,49500,1980000.0,0.025,True,https://basalam.com/cat/tools/%D8%AE%D8%A7%DA%A9-%DA%A9%D9%88%D8%AF-%D8%B3%D9%85%D9%88%D9%85?page=46
ریشه شیرین بیان با کیفیت عالی بار امسالی و تازه(50گرمی ),,67800,1356000.0,0.05,True,https://basalam.com/cat/tools/%D8%AE%D8%A7%DA%A9-%DA%A9%D9%88%D8%AF-%D8%B3%D9%85%D9%88%D9%85?page=34
ریشه شیرین بیان (بدون پوست) با کیفیت عالی بار امسالی و تازه(250 گرمی),,225200,900800.0,0.25,True,https://basalam.com/cat/tools/%D8%AE%D8%A7%DA%A9-%DA%A9%D9%88%D8%AF-%D8%B3%D9%85%D9%88%D9%85?page=34
گل گاو زبان با کیفیت عالی بار امسالی و تازه(100گرمی),,575000,5750000.0,0.1,True,https://basalam.com/cat/tools/%D8%AE%D8%A7%DA%A9-%DA%A9%D9%88%D8%AF-%D8%B3%D9%85%D9%88%D9%85?page=34
کود شیمیایی سولفات روی,,650000,650000.0,1.0,True,https://basalam.com/cat/tools/%D8%AE%D8%A7%DA%A9-%DA%A9%D9%88%D8%AF-%D8%B3%D9%85%D9%88%D9%85?page=34
کود آهن 6 درصد گرومور,,2150000,2150000.0,1.0,True,https://basalam.com/cat/tools/%D8%AE%D8%A7%DA%A9-%DA%A9%D9%88%D8%AF-%D8%B3%D9%85%D9%88%D9%85?page=34
کود افزایش گلدهی و باردهی اکورمون فیوچرکو اسپانیا,,1400000,1400000.0,1.0,True,https://basalam.com/cat/tools/%D8%AE%D8%A7%DA%A9-%DA%A9%D9%88%D8%AF-%D8%B3%D9%85%D9%88%D9%85?page=34
کود تقویت ریشه 10-52-10 وزن 100 گرم دشت سبز,,67000,670000.0,0.1,True,https://basalam.com/cat/tools/%D8%AE%D8%A7%DA%A9-%DA%A9%D9%88%D8%AF-%D8%B3%D9%85%D9%88%D9%85?page=34
کود جلبک دریایی سی استار F امکس,,1530000,1530000.0,1.0,True,https://basalam.com/cat/tools/%D8%AE%D8%A7%DA%A9-%DA%A9%D9%88%D8%AF-%D8%B3%D9%85%D9%88%D9%85?page=34
کود هیومیک اسید و فولیک اسید پودری وزن 100 گرم دشت سبز,,67000,670000.0,0.1,True,https://basalam.com/cat/tools/%D8%AE%D8%A7%DA%A9-%DA%A9%D9%88%D8%AF-%D8%B3%D9%85%D9%88%D9%85?page=34
کود محرک ریشه بیورادیکانت فیوچرکو اسپانیا حجم یک لیتر,,1570000,1570000.0,1.0,True,https://basalam.com/cat/tools/%D8%AE%D8%A7%DA%A9-%DA%A9%D9%88%D8%AF-%D8%B3%D9%85%D9%88%D9%85?page=34
کود مونو آمینیوم فسفات زنیت,,8799000,351960.0,25.0,True,https://basalam.com/cat/tools/%D8%AE%D8%A7%DA%A9-%DA%A9%D9%88%D8%AF-%D8%B3%D9%85%D9%88%D9%85?page=34
کود فولویک اسید گیلدا مدل فولوابن وزن 20 گرم,,90000,4500000.0,0.02,True,https://basalam.com/cat/tools/%D8%AE%D8%A7%DA%A9-%DA%A9%D9%88%D8%AF-%D8%B3%D9%85%D9%88%D9%85?page=34
کود کامل مخصوص بونسای گیلدا وزن 25 گرم,,90000,3600000.0,0.025,True,https://basalam.com/cat/tools/%D8%AE%D8%A7%DA%A9-%DA%A9%D9%88%D8%AF-%D8%B3%D9%85%D9%88%D9%85?page=34
کود کامل مخصوص NPK سانسوریا گیلدا وزن 25 گرم,,90000,3600000.0,0.025,True,https://basalam.com/cat/tools/%D8%AE%D8%A7%DA%A9-%DA%A9%D9%88%D8%AF-%D8%B3%D9%85%D9%88%D9%85?page=34
کود هیومیک اسید گیلدا وزن 20 گرم,,90000,4500000.0,0.02,True,https://basalam.com/cat/tools/%D8%AE%D8%A7%DA%A9-%DA%A9%D9%88%D8%AF-%D8%B3%D9%85%D9%88%D9%85?page=34
کود کامل مخصوص ریشه زایی فسفر 25درصد گیلدا بسته 25 گرمی,,90000,3600000.0,0.025,True,https://basalam.com/cat/tools/%D8%AE%D8%A7%DA%A9-%DA%A9%D9%88%D8%AF-%D8%B3%D9%85%D9%88%D9%85?page=34
کود فسفر بالا یا 105210 مقدار 30 گرم ارسال بصورت پس کرایه,,35000,1166666.6666666667,0.03,True,https://basalam.com/cat/tools/%D8%AE%D8%A7%DA%A9-%DA%A9%D9%88%D8%AF-%D8%B3%D9%85%D9%88%D9%85?page=34
کود 202020 مایع,,320000,320000.0,1.0,True,https://basalam.com/cat/tools/%D8%AE%D8%A7%DA%A9-%DA%A9%D9%88%D8%AF-%D8%B3%D9%85%D9%88%D9%85?page=34
کود بیوزینک (روی) محصول شرکت نوید نو,,845000,845000.0,1.0,True,https://basalam.com/cat/tools/%D8%AE%D8%A7%DA%A9-%DA%A9%D9%88%D8%AF-%D8%B3%D9%85%D9%88%D9%85?page=34
کود 18 18 18 باواریا آلمانی,,6300000,420000.0,15.0,True,https://basalam.com/cat/tools/%D8%AE%D8%A7%DA%A9-%DA%A9%D9%88%D8%AF-%D8%B3%D9%85%D9%88%D9%85?page=34
کود اسید آمینه هیگروامین برند اکولوژیک تاریم ترکیه (پس کرایه),,690000,690000.0,1.0,True,https://basalam.com/cat/tools/%D8%AE%D8%A7%DA%A9-%DA%A9%D9%88%D8%AF-%D8%B3%D9%85%D9%88%D9%85?page=34
اسپره کود کامل(هزینه ارسال پسکرایه),,70000,280000.0,0.25,True,https://basalam.com/cat/tools/%D8%AE%D8%A7%DA%A9-%DA%A9%D9%88%D8%AF-%D8%B3%D9%85%D9%88%D9%85?page=35
کود NPK 20 20 20 گرواستار,,55000,1100000.0,0.05,True,https://basalam.com/cat/tools/%D8%AE%D8%A7%DA%A9-%DA%A9%D9%88%D8%AF-%D8%B3%D9%85%D9%88%D9%85?page=35
نهال فوجیا یا فیجوا و یا گواوا آناناسی,,200000,66666.66666666667,3.0,True,https://basalam.com/cat/tools/%D8%AE%D8%A7%DA%A9-%DA%A9%D9%88%D8%AF-%D8%B3%D9%85%D9%88%D9%85?page=35
کود 101010 یک کیلویی حاصلخیز با فناوری XGREEN,,575000,575000.0,1.0,True,https://basalam.com/cat/tools/%D8%AE%D8%A7%DA%A9-%DA%A9%D9%88%D8%AF-%D8%B3%D9%85%D9%88%D9%85?page=35
کود سبزیجات و صیفی جات 100 میل حاصلخیز با فناوری XGREEN,,120000,1200000.0,0.1,True,https://basalam.com/cat/tools/%D8%AE%D8%A7%DA%A9-%DA%A9%D9%88%D8%AF-%D8%B3%D9%85%D9%88%D9%85?page=35
کود سیلیکا پرایم Moralpin یک کیلویی,,390000,390000.0,1.0,True,https://basalam.com/cat/tools/%D8%AE%D8%A7%DA%A9-%DA%A9%D9%88%D8%AF-%D8%B3%D9%85%D9%88%D9%85?page=35
کود فله ای 105210 npk. زیگلر آلمان .فله ای,,96000,960000.0,0.1,True,https://basalam.com/cat/tools/%D8%AE%D8%A7%DA%A9-%DA%A9%D9%88%D8%AF-%D8%B3%D9%85%D9%88%D9%85?page=35
کود فله ای 105210 npk. ..,,275000,275000.0,1.0,True,https://basalam.com/cat/tools/%D8%AE%D8%A7%DA%A9-%DA%A9%D9%88%D8%AF-%D8%B3%D9%85%D9%88%D9%85?page=35
کود آهن کلاته 6 درصد فروگان جنوبگان یک کیلویی,,550000,550000.0,1.0,True,https://basalam.com/cat/tools/%D8%AE%D8%A7%DA%A9-%DA%A9%D9%88%D8%AF-%D8%B3%D9%85%D9%88%D9%85?page=35
کود فله ای سولوپتاس(سولفات پتاسیم )0.0.52 گما اسپانیا...,,200000,200000.0,1.0,True,https://basalam.com/cat/tools/%D8%AE%D8%A7%DA%A9-%DA%A9%D9%88%D8%AF-%D8%B3%D9%85%D9%88%D9%85?page=35
کود میکرو معدنی بهاران (ریز مغذی)نوع B. شش کیلویی,,473000,78833.33333333333,6.0,True,https://basalam.com/cat/tools/%D8%AE%D8%A7%DA%A9-%DA%A9%D9%88%D8%AF-%D8%B3%D9%85%D9%88%D9%85?page=35
کود ریزمغذی ریکو اسپانیایی,,640000,1280000.0,0.5,True,https://basalam.com/cat/tools/%D8%AE%D8%A7%DA%A9-%DA%A9%D9%88%D8%AF-%D8%B3%D9%85%D9%88%D9%85?page=35
کود امینو اسید شوک(پلاس) یک لیتری اصل,,450000,450000.0,1.0,True,https://basalam.com/cat/tools/%D8%AE%D8%A7%DA%A9-%DA%A9%D9%88%D8%AF-%D8%B3%D9%85%D9%88%D9%85?page=35
کود ریشه زایی فسفر شوک(پلاس) یک لیتری,,480000,480000.0,1.0,True,https://basalam.com/cat/tools/%D8%AE%D8%A7%DA%A9-%DA%A9%D9%88%D8%AF-%D8%B3%D9%85%D9%88%D9%85?page=35
کود پیاز شوک(پلاس) اصلی امریکایی,,400000,400000.0,1.0,True,https://basalam.com/cat/tools/%D8%AE%D8%A7%DA%A9-%DA%A9%D9%88%D8%AF-%D8%B3%D9%85%D9%88%D9%85?page=35
کود سیلیکات پتاسیم شوک(پلاس) نانو یک لیتری,,400000,400000.0,1.0,True,https://basalam.com/cat/tools/%D8%AE%D8%A7%DA%A9-%DA%A9%D9%88%D8%AF-%D8%B3%D9%85%D9%88%D9%85?page=50
کود نیتروژن 99درصد شوک(پلاس) یک لیتری مایع,,350000,350000.0,1.0,True,https://basalam.com/cat/tools/%D8%AE%D8%A7%DA%A9-%DA%A9%D9%88%D8%AF-%D8%B3%D9%85%D9%88%D9%85?page=35
کود مخصوص گندم شوک(پلاس) امریکایی,,450000,450000.0,1.0,True,https://basalam.com/cat/tools/%D8%AE%D8%A7%DA%A9-%DA%A9%D9%88%D8%AF-%D8%B3%D9%85%D9%88%D9%85?page=35
کود کامل گیاهان آپارتمانی,,30000,250000.0,0.12,True,https://basalam.com/cat/tools/%D8%AE%D8%A7%DA%A9-%DA%A9%D9%88%D8%AF-%D8%B3%D9%85%D9%88%D9%85?page=46
کود جلبک دریایی 120 سی سی,,34000,283333.3333333334,0.12,True,https://basalam.com/cat/tools/%D8%AE%D8%A7%DA%A9-%DA%A9%D9%88%D8%AF-%D8%B3%D9%85%D9%88%D9%85?page=46
کود 12 12 36 (بسته بندی قوطی خانگی),,40000,571428.5714285714,0.07,True,https://basalam.com/cat/tools/%D8%AE%D8%A7%DA%A9-%DA%A9%D9%88%D8%AF-%D8%B3%D9%85%D9%88%D9%85?page=46
برگ مورینگا با کیفیت عالی بار امسالی و تازه(500گرمی ),,1556700,3113400.0,0.5,True,https://basalam.com/cat/tools/%D8%AE%D8%A7%DA%A9-%DA%A9%D9%88%D8%AF-%D8%B3%D9%85%D9%88%D9%85?page=41
باباآدم با کیفیت عالی بار امسالی و تازه(500گرمی),,410600,821200.0,0.5,True,https://basalam.com/cat/tools/%D8%AE%D8%A7%DA%A9-%DA%A9%D9%88%D8%AF-%D8%B3%D9%85%D9%88%D9%85?page=42
استویا با کیفیت عالی بار امسالی و تازه(500 گرمی),,2008200,4016400.0,0.5,True,https://basalam.com/cat/tools/%D8%AE%D8%A7%DA%A9-%DA%A9%D9%88%D8%AF-%D8%B3%D9%85%D9%88%D9%85?page=42
گیاه کاسنی با کیفیت عالی بار امسالی و تازه(500گرمی ),,387200,774400.0,0.5,True,https://basalam.com/cat/tools/%D8%AE%D8%A7%DA%A9-%DA%A9%D9%88%D8%AF-%D8%B3%D9%85%D9%88%D9%85?page=41
گیاه خرفه با کیفیت عالی بار امسالی و تازه(750 گرمی ),,1238300,1651066.6666666667,0.75,True,https://basalam.com/cat/tools/%D8%AE%D8%A7%DA%A9-%DA%A9%D9%88%D8%AF-%D8%B3%D9%85%D9%88%D9%85?page=42
گیاه مریم گلی با کیفیت عالی بار امسالی و تازه(500گرمی ),,917000,1834000.0,0.5,True,https://basalam.com/cat/tools/%D8%AE%D8%A7%DA%A9-%DA%A9%D9%88%D8%AF-%D8%B3%D9%85%D9%88%D9%85?page=41
گیاه سدر با کیفیت عالی بار امسالی و تازه(750گرمی),,437500,583333.3333333334,0.75,True,https://basalam.com/cat/tools/%D8%AE%D8%A7%DA%A9-%DA%A9%D9%88%D8%AF-%D8%B3%D9%85%D9%88%D9%85?page=41
اکالیپتوس با کیفیت عالی بار امسالی و تازه(500گرمی),,195600,391200.0,0.5,True,https://basalam.com/cat/tools/%D8%AE%D8%A7%DA%A9-%DA%A9%D9%88%D8%AF-%D8%B3%D9%85%D9%88%D9%85?page=40
برگ جینکو با کیفیت عالی بار امسالی و تازه(500گرمی ),,2615100,5230200.0,0.5,True,https://basalam.com/cat/tools/%D8%AE%D8%A7%DA%A9-%DA%A9%D9%88%D8%AF-%D8%B3%D9%85%D9%88%D9%85?page=41
گیاه جعفری با کیفیت عالی بار امسالی و تازه(500گرمی),,1086000,2172000.0,0.5,True,https://basalam.com/cat/tools/%D8%AE%D8%A7%DA%A9-%DA%A9%D9%88%D8%AF-%D8%B3%D9%85%D9%88%D9%85?page=42
گیاه شاهتره با کیفیت عالی بار امسالی و تازه(250گرمی ),,143200,572800.0,0.25,True,https://basalam.com/cat/tools/%D8%AE%D8%A7%DA%A9-%DA%A9%D9%88%D8%AF-%D8%B3%D9%85%D9%88%D9%85?page=41
آشواگاندا با کیفیت عالی بار امسالی و تازه(500گرمی),,2156000,4312000.0,0.5,True,https://basalam.com/cat/tools/%D8%AE%D8%A7%DA%A9-%DA%A9%D9%88%D8%AF-%D8%B3%D9%85%D9%88%D9%85?page=41
گیاه جعفری با کیفیت عالی بار امسالی و تازه(100 گرمی ),,277500,2775000.0,0.1,True,https://basalam.com/cat/tools/%D8%AE%D8%A7%DA%A9-%DA%A9%D9%88%D8%AF-%D8%B3%D9%85%D9%88%D9%85?page=41
گل بومادارن با کیفیت عالی بار امسالی و تازه(50 گرمی ),,128900,2578000.0,0.05,True,https://basalam.com/cat/tools/%D8%AE%D8%A7%DA%A9-%DA%A9%D9%88%D8%AF-%D8%B3%D9%85%D9%88%D9%85?page=42
گیاه کاسنی با کیفیت عالی بار امسالی و تازه(150گرمی),,221600,1477333.3333333335,0.15,True,https://basalam.com/cat/tools/%D8%AE%D8%A7%DA%A9-%DA%A9%D9%88%D8%AF-%D8%B3%D9%85%D9%88%D9%85?page=42
برگ سنا با کیفیت عالی بار امسالی و تازه(100گرمی),,122600,1226000.0,0.1,True,https://basalam.com/cat/tools/%D8%AE%D8%A7%DA%A9-%DA%A9%D9%88%D8%AF-%D8%B3%D9%85%D9%88%D9%85?page=42
گیاه رازک با کیفیت عالی بار امسالی و تازه(100گرمی),,629900,6299000.0,0.1,True,https://basalam.com/cat/tools/%D8%AE%D8%A7%DA%A9-%DA%A9%D9%88%D8%AF-%D8%B3%D9%85%D9%88%D9%85?page=42
گل بومادارن با کیفیت عالی بار امسالی و تازه(150 گرمی ),,251200,1674666.6666666667,0.15,True,https://basalam.com/cat/tools/%D8%AE%D8%A7%DA%A9-%DA%A9%D9%88%D8%AF-%D8%B3%D9%85%D9%88%D9%85?page=40
گیاه خار مریم با کیفیت عالی بار امسالی و تازه(100 گرمی ),,156500,1565000.0,0.1,True,https://basalam.com/cat/tools/%D8%AE%D8%A7%DA%A9-%DA%A9%D9%88%D8%AF-%D8%B3%D9%85%D9%88%D9%85?page=42
آلوئه ورا با کیفیت عالی بار امسالی و تازه(250گرمی),,930300,3721200.0,0.25,True,https://basalam.com/cat/tools/%D8%AE%D8%A7%DA%A9-%DA%A9%D9%88%D8%AF-%D8%B3%D9%85%D9%88%D9%85?page=41
گیاه زوفا با کیفیت عالی بار امسالی و تازه(150گرمی),,514500,3430000.0,0.15,True,https://basalam.com/cat/tools/%D8%AE%D8%A7%DA%A9-%DA%A9%D9%88%D8%AF-%D8%B3%D9%85%D9%88%D9%85?page=42
ریشه چوبک با کیفیت عالی بار امسالی و تازه(200 گرمی ),,198500,992500.0,0.2,True,https://basalam.com/cat/tools/%D8%AE%D8%A7%DA%A9-%DA%A9%D9%88%D8%AF-%D8%B3%D9%85%D9%88%D9%85?page=42
ریشه کاسنی با کیفیت عالی بار امسالی و تازه(250 گرمی),,260800,1043200.0,0.25,True,https://basalam.com/cat/tools/%D8%AE%D8%A7%DA%A9-%DA%A9%D9%88%D8%AF-%D8%B3%D9%85%D9%88%D9%85?page=41
ریشه آنغوزه با کیفیت عالی بار امسالی و تازه(100گرمی ),,121100,1211000.0,0.1,True,https://basalam.com/cat/tools/%D8%AE%D8%A7%DA%A9-%DA%A9%D9%88%D8%AF-%D8%B3%D9%85%D9%88%D9%85?page=41
گیاه رازک با کیفیت عالی بار امسالی و تازه(150گرمی),,890400,5936000.0,0.15,True,https://basalam.com/cat/tools/%D8%AE%D8%A7%DA%A9-%DA%A9%D9%88%D8%AF-%D8%B3%D9%85%D9%88%D9%85?page=42
ریشه خولنجان با کیفیت عالی بار امسالی و تازه(100گرمی),,639000,6390000.0,0.1,True,https://basalam.com/cat/tools/%D8%AE%D8%A7%DA%A9-%DA%A9%D9%88%D8%AF-%D8%B3%D9%85%D9%88%D9%85?page=42
گیاه کاسنی با کیفیت عالی بار امسالی و تازه(200گرمی),,253800,1269000.0,0.2,True,https://basalam.com/cat/tools/%D8%AE%D8%A7%DA%A9-%DA%A9%D9%88%D8%AF-%D8%B3%D9%85%D9%88%D9%85?page=42
پوست اسفرزه با کیفیت عالی بار امسالی و تازه (200گرمی),,1610700,8053500.0,0.2,True,https://basalam.com/cat/tools/%D8%AE%D8%A7%DA%A9-%DA%A9%D9%88%D8%AF-%D8%B3%D9%85%D9%88%D9%85?page=41
گل مینا با کیفیت عالی بار امسالی و تازه(50گرمی),,1242800,24856000.0,0.05,True,https://basalam.com/cat/tools/%D8%AE%D8%A7%DA%A9-%DA%A9%D9%88%D8%AF-%D8%B3%D9%85%D9%88%D9%85?page=42
گیاه نعناع فلفلی با کیفیت عالی بار امسالی و تازه(250 گرمی),,415700,1662800.0,0.25,True,https://basalam.com/cat/tools/%D8%AE%D8%A7%DA%A9-%DA%A9%D9%88%D8%AF-%D8%B3%D9%85%D9%88%D9%85?page=42
کود اکورمون محرک رشد و گلدهی ضد ریزش گل نیم لیتری,,1290000,2345454.5454545454,0.55,True,https://basalam.com/cat/tools/%D8%AE%D8%A7%DA%A9-%DA%A9%D9%88%D8%AF-%D8%B3%D9%85%D9%88%D9%85?page=36
کود فسفیمکس(فسفیت پتاسیم) 20-30 یک لیتری,,1375000,1057692.3076923075,1.3,True,https://basalam.com/cat/tools/%D8%AE%D8%A7%DA%A9-%DA%A9%D9%88%D8%AF-%D8%B3%D9%85%D9%88%D9%85?page=36
اسپرانتو ادونس- کود کامل همراه ریز مغذی و جلبک,,1165000,1059090.909090909,1.1,True,https://basalam.com/cat/tools/%D8%AE%D8%A7%DA%A9-%DA%A9%D9%88%D8%AF-%D8%B3%D9%85%D9%88%D9%85?page=36
کودnpk پودری اختصاصی زعفران برند فایواستار بلژیک کیفیت ضمانتی و عالی بسته بندی یک کیلوگرمی,,275000,275000.0,1.0,True,https://basalam.com/cat/tools/%D8%AE%D8%A7%DA%A9-%DA%A9%D9%88%D8%AF-%D8%B3%D9%85%D9%88%D9%85?page=36
کود npkپودری 202020 گوما یونان کیسه ده کیلوگرمی کود کامل اصل,,3668900,366890.0,10.0,True,https://basalam.com/cat/tools/%D8%AE%D8%A7%DA%A9-%DA%A9%D9%88%D8%AF-%D8%B3%D9%85%D9%88%D9%85?page=36
کود فراکتون کیمیتک,,1980000,1980000.0,1.0,True,https://basalam.com/cat/tools/%D8%AE%D8%A7%DA%A9-%DA%A9%D9%88%D8%AF-%D8%B3%D9%85%D9%88%D9%85?page=49
کود تقویتی مخصوص انواع مرکبات هپی پلنت مدل HP445 حجم 120 میلی لیتر,,45000,450000.0,0.1,True,https://basalam.com/cat/tools/%D8%AE%D8%A7%DA%A9-%DA%A9%D9%88%D8%AF-%D8%B3%D9%85%D9%88%D9%85?page=45
کود مایع اسید هیومیک و ان پی کا در غلظت مناسب گیاهان خانگی 2 عدد 120 میلی لیتری,,194400,648000.0,0.3,True,https://basalam.com/cat/tools/%D8%AE%D8%A7%DA%A9-%DA%A9%D9%88%D8%AF-%D8%B3%D9%85%D9%88%D9%85?page=36
مولتی کود اختصاصی کاکتوس 8 عنصری بسته دو عددی,,194400,972000.0,0.2,True,https://basalam.com/cat/tools/%D8%AE%D8%A7%DA%A9-%DA%A9%D9%88%D8%AF-%D8%B3%D9%85%D9%88%D9%85?page=36
مجموعه کود کامل مایع مخصوص گل پتوس مدل گلبان کود سه عددی حجم کل 660 میلی لیتر,,211500,282000.0,0.75,True,https://basalam.com/cat/tools/%D8%AE%D8%A7%DA%A9-%DA%A9%D9%88%D8%AF-%D8%B3%D9%85%D9%88%D9%85?page=36
کود کامل مایع مخصوص سانسوریا مدل بهین رشد مجموعه دو عددی حجم کل240 میلی لیتر,,199300,830416.6666666667,0.24,True,https://basalam.com/cat/tools/%D8%AE%D8%A7%DA%A9-%DA%A9%D9%88%D8%AF-%D8%B3%D9%85%D9%88%D9%85?page=36
کود مایع NPK20-20-20 بسته دو عددی,,194400,810000.0,0.24,True,https://basalam.com/cat/tools/%D8%AE%D8%A7%DA%A9-%DA%A9%D9%88%D8%AF-%D8%B3%D9%85%D9%88%D9%85?page=36
کود مایع اختصاصی گیاه لیندا مدل Danesh Sabz حجم 120 میلی لیتری بسته 8 تایی,,305800,318541.6666666667,0.96,True,https://basalam.com/cat/tools/%D8%AE%D8%A7%DA%A9-%DA%A9%D9%88%D8%AF-%D8%B3%D9%85%D9%88%D9%85?page=36
کود مایع اختصاصی آدنیوم مدل Danesh Sabz حجم 120 میلی لیتری بسته 8 تایی,,305800,318541.6666666667,0.96,True,https://basalam.com/cat/tools/%D8%AE%D8%A7%DA%A9-%DA%A9%D9%88%D8%AF-%D8%B3%D9%85%D9%88%D9%85?page=36
کود جلبک دریایی شوک(پلاس) امریکایی یک لیتری,,38000000000000000000,3.8e+19,1.0,True,
کود تقویتی مخصوص لیندا ظرافت,,47000,391666.6666666667,0.12,True,https://basalam.com/cat/tools/%D8%AE%D8%A7%DA%A9-%DA%A9%D9%88%D8%AF-%D8%B3%D9%85%D9%88%D9%85?page=204
کود فول ست ( فروت ست ) مایع بمب 20 لیتری (پسکرایه),,2220000000000000000000,1.11e+20,20.0,True,
کود جلبک هیومیک بمب انرژی 2 رویش سبزکود ضدتنش,,55000,550000.0,0.1,True,https://basalam.com/cat/tools/%D8%AE%D8%A7%DA%A9-%DA%A9%D9%88%D8%AF-%D8%B3%D9%85%D9%88%D9%85?page=20
سوپر کود ترکیبی انواع گیاهان آپارتمانی. 250 سی سی,,80000,320000.0,0.25,True,https://basalam.com/cat/tools/%D8%AE%D8%A7%DA%A9-%DA%A9%D9%88%D8%AF-%D8%B3%D9%85%D9%88%D9%85?page=20
کود آمینو اسید برند پروتکت نیچر,,120000,960000.0,0.125,True,https://basalam.com/cat/tools/%D8%AE%D8%A7%DA%A9-%DA%A9%D9%88%D8%AF-%D8%B3%D9%85%D9%88%D9%85?page=20
گیاه دم گیلاس با کیفیت عالی بار امسالی و تازه(500گرمی),,291500,583000.0,0.5,True,https://basalam.com/cat/tools/%D8%AE%D8%A7%DA%A9-%DA%A9%D9%88%D8%AF-%D8%B3%D9%85%D9%88%D9%85?page=20
کود کامل سه بیست پلاس 20 20 20 نیکوبذر (گرم بالا),,49000,1225000.0,0.04,True,https://basalam.com/cat/tools/%D8%AE%D8%A7%DA%A9-%DA%A9%D9%88%D8%AF-%D8%B3%D9%85%D9%88%D9%85?page=20
گیاه خارشتر با کیفیت عالی بار امسالی و تازه(500گرمی ),,126500,253000.0,0.5,True,https://basalam.com/cat/tools/%D8%AE%D8%A7%DA%A9-%DA%A9%D9%88%D8%AF-%D8%B3%D9%85%D9%88%D9%85?page=21
کود کامل (نیتروژن فسفر پتاسیم همراه با عناصر )کمپلکس پلاس جنوبگان حجم یک کیلوگرم,,45000,45000.0,1.0,True,https://basalam.com/cat/tools/%D8%AE%D8%A7%DA%A9-%DA%A9%D9%88%D8%AF-%D8%B3%D9%85%D9%88%D9%85?page=21
کود بیورادیکانت (کود ریشه زایی) 30 cc,,110000,3666666.666666667,0.03,True,https://basalam.com/cat/tools/%D8%AE%D8%A7%DA%A9-%DA%A9%D9%88%D8%AF-%D8%B3%D9%85%D9%88%D9%85?page=21
کود دی پی 98 انگلستان امکس حجم 30سی سی,,40000,1333333.3333333335,0.03,True,https://basalam.com/cat/tools/%D8%AE%D8%A7%DA%A9-%DA%A9%D9%88%D8%AF-%D8%B3%D9%85%D9%88%D9%85?page=21
کود مخصوص ریشه زایی سانیا کود مدل 10-52-10 وزن 50 گرم,,19900,398000.0,0.05,True,https://basalam.com/cat/tools/%D8%AE%D8%A7%DA%A9-%DA%A9%D9%88%D8%AF-%D8%B3%D9%85%D9%88%D9%85?page=21
کود ورمی کمپوست بسته 500 گرمی,,45000,90000.0,0.5,True,https://basalam.com/cat/tools/%D8%AE%D8%A7%DA%A9-%DA%A9%D9%88%D8%AF-%D8%B3%D9%85%D9%88%D9%85?page=21
کود کلات آهن . مخصوص گیاهان سبز,,35000,583333.3333333334,0.06,True,https://basalam.com/cat/tools/%D8%AE%D8%A7%DA%A9-%DA%A9%D9%88%D8%AF-%D8%B3%D9%85%D9%88%D9%85?page=21
کود فولویک اسید شوک یک لیتری آمریکایی اصل,,350000,350000.0,1.0,True,https://basalam.com/cat/tools/%D8%AE%D8%A7%DA%A9-%DA%A9%D9%88%D8%AF-%D8%B3%D9%85%D9%88%D9%85?page=33
کود مایع اختصاصی درسنا کامپکت مدل Danesh Sabz حجم 120 میلی لیتری بسته 8 تایی,,305800,318541.6666666667,0.96,True,https://basalam.com/cat/tools/%D8%AE%D8%A7%DA%A9-%DA%A9%D9%88%D8%AF-%D8%B3%D9%85%D9%88%D9%85?page=36
مجموعه کودی پاپیتال وNPK و هیومیک و کود آهن مدل Danesh PK حجم 120 بسته 4تایی,,228700,476458.3333333334,0.48,True,https://basalam.com/cat/tools/%D8%AE%D8%A7%DA%A9-%DA%A9%D9%88%D8%AF-%D8%B3%D9%85%D9%88%D9%85?page=36
مجموعه کودی سانسوریا کراواتی وNPK و هیومیک و کود آهن مدل PK حجم 120 بسته 4تایی,,228700,476458.3333333334,0.48,True,https://basalam.com/cat/tools/%D8%AE%D8%A7%DA%A9-%DA%A9%D9%88%D8%AF-%D8%B3%D9%85%D9%88%D9%85?page=36
مجموعه سانسوریا کود وNPK و هیومیک و کود آهن مدل Danesh PK حجم 120 بسته 4تایی,,228700,476458.3333333334,0.48,True,https://basalam.com/cat/tools/%D8%AE%D8%A7%DA%A9-%DA%A9%D9%88%D8%AF-%D8%B3%D9%85%D9%88%D9%85?page=36
کود مایع مخصوص برگ دهی پتوس بسته سه عددی حجم هر ظرف 100 میلی لیتر,,211500,440625.0,0.48,True,https://basalam.com/cat/tools/%D8%AE%D8%A7%DA%A9-%DA%A9%D9%88%D8%AF-%D8%B3%D9%85%D9%88%D9%85?page=36
کود مایع مخصوص شمعدانی بسته سه عددی حجم هر ظرف 100 میلی لیتر,,211500,470000.0,0.45,True,https://basalam.com/cat/tools/%D8%AE%D8%A7%DA%A9-%DA%A9%D9%88%D8%AF-%D8%B3%D9%85%D9%88%D9%85?page=36
کود قطره مایع آسان مصرف مخصوص پتوس بسته سه عددی حجم هر ظرف 100 میلی لیتر,,211500,528750.0,0.4,True,https://basalam.com/cat/tools/%D8%AE%D8%A7%DA%A9-%DA%A9%D9%88%D8%AF-%D8%B3%D9%85%D9%88%D9%85?page=36
کود کامل و اختصاصی بامبو بسته سه عددی,,228700,635277.7777777778,0.36,True,https://basalam.com/cat/tools/%D8%AE%D8%A7%DA%A9-%DA%A9%D9%88%D8%AF-%D8%B3%D9%85%D9%88%D9%85?page=36
کود کامل و اختصاصی آدنیوم بسته سه عددی,,211500,587500.0,0.36,True,https://basalam.com/cat/tools/%D8%AE%D8%A7%DA%A9-%DA%A9%D9%88%D8%AF-%D8%B3%D9%85%D9%88%D9%85?page=36
کود کامل و اختصاصی بنت القنسول بسته سه عددی,,211500,587500.0,0.36,True,https://basalam.com/cat/tools/%D8%AE%D8%A7%DA%A9-%DA%A9%D9%88%D8%AF-%D8%B3%D9%85%D9%88%D9%85?page=36
کود کامل و اختصاصی گندمی بسته سه عددی,,211500,587500.0,0.36,True,https://basalam.com/cat/tools/%D8%AE%D8%A7%DA%A9-%DA%A9%D9%88%D8%AF-%D8%B3%D9%85%D9%88%D9%85?page=36
کود کامل و اختصاصی ریشه زایی پتوس بسته سه عددی,,211500,587500.0,0.36,True,https://basalam.com/cat/tools/%D8%AE%D8%A7%DA%A9-%DA%A9%D9%88%D8%AF-%D8%B3%D9%85%D9%88%D9%85?page=36
مولتی کود غنی شده با هیومیک اسید بسته سه عددی,,228700,254111.1111111111,0.9,True,https://basalam.com/cat/tools/%D8%AE%D8%A7%DA%A9-%DA%A9%D9%88%D8%AF-%D8%B3%D9%85%D9%88%D9%85?page=36
پک کودی پتوس سه مرحله ای,,211500,587500.0,0.36,True,https://basalam.com/cat/tools/%D8%AE%D8%A7%DA%A9-%DA%A9%D9%88%D8%AF-%D8%B3%D9%85%D9%88%D9%85?page=36
مولتی کود اختصاصی بنت القنسول بسته دو عددی,,194400,810000.0,0.24,True,https://basalam.com/cat/tools/%D8%AE%D8%A7%DA%A9-%DA%A9%D9%88%D8%AF-%D8%B3%D9%85%D9%88%D9%85?page=36
مولتی کود اختصاصی فیکوس بسته دو عددی,,194400,810000.0,0.24,True,https://basalam.com/cat/tools/%D8%AE%D8%A7%DA%A9-%DA%A9%D9%88%D8%AF-%D8%B3%D9%85%D9%88%D9%85?page=36
مولتی کود اختصاصی درسنا بسته دو عددی,,194400,810000.0,0.24,True,https://basalam.com/cat/tools/%D8%AE%D8%A7%DA%A9-%DA%A9%D9%88%D8%AF-%D8%B3%D9%85%D9%88%D9%85?page=36
مولتی کود پتوس 8 عنصره بسته سه عددی,,211500,705000.0,0.3,True,https://basalam.com/cat/tools/%D8%AE%D8%A7%DA%A9-%DA%A9%D9%88%D8%AF-%D8%B3%D9%85%D9%88%D9%85?page=36
کود مایع کلسیم کود کلسیم ضد ریزش برگ ضد نوک سوزی برگ ضد بد شکلی برگ و میوه,,94000,522222.2222222223,0.18,True,https://basalam.com/cat/tools/%D8%AE%D8%A7%DA%A9-%DA%A9%D9%88%D8%AF-%D8%B3%D9%85%D9%88%D9%85?page=36
تجزیه گر کود دامی( جهت پوساندن تک 10 تُنی کود حیوانی),,3300000,165000.0,20.0,True,https://basalam.com/cat/tools/%D8%AE%D8%A7%DA%A9-%DA%A9%D9%88%D8%AF-%D8%B3%D9%85%D9%88%D9%85?page=36
کود مایع انرژی سولوشن,,39000,650000.0,0.06,True,https://basalam.com/cat/tools/%D8%AE%D8%A7%DA%A9-%DA%A9%D9%88%D8%AF-%D8%B3%D9%85%D9%88%D9%85?page=43
کود کاکتوس پتاس بالا 36-12-6 ایتالیایی گرین گروت-کود کاکتوس-کودGreen Growth-گلدونه,,72000,600000.0,0.12,True,https://basalam.com/cat/tools/%D8%AE%D8%A7%DA%A9-%DA%A9%D9%88%D8%AF-%D8%B3%D9%85%D9%88%D9%85?page=37
کود هوس پلنت NPK 18-18-18 - کود ایتالیایی گرین گروت - کود رشد گیاه - تقویتی گیاهان آپارتمانی- کود سانسوریا - گلدونه,,72000,626086.9565217391,0.115,True,https://basalam.com/cat/tools/%D8%AE%D8%A7%DA%A9-%DA%A9%D9%88%D8%AF-%D8%B3%D9%85%D9%88%D9%85?page=37
کود کاکتوس و گلدهی پودری 55 گرم- کود پتاس بالا برای گیاهان آپارتمانی- تقویتی گیاهان-کود گلدهی-کود کاکتوس-کود NPK- گلدونه,,26000,472727.2727272727,0.055,True,https://basalam.com/cat/tools/%D8%AE%D8%A7%DA%A9-%DA%A9%D9%88%D8%AF-%D8%B3%D9%85%D9%88%D9%85?page=37
کود آمینو اسید - ضد تنش ها و آفات و بیماری ها - تقویتی اسید آمینو - کود گیاهان آپارتمانی - کود گرین گروت - کود گلدونه,,72000,626086.9565217391,0.115,True,https://basalam.com/cat/tools/%D8%AE%D8%A7%DA%A9-%DA%A9%D9%88%D8%AF-%D8%B3%D9%85%D9%88%D9%85?page=37
کود کلات مس یک کیلویی شرکت مهر پاسارگاد,,450000,450000.0,1.0,True,https://basalam.com/cat/tools/%D8%AE%D8%A7%DA%A9-%DA%A9%D9%88%D8%AF-%D8%B3%D9%85%D9%88%D9%85?page=37
کود هیدرولیز ماهی کماگرو ترکیه,,3050000,152500.0,20.0,True,https://basalam.com/cat/tools/%D8%AE%D8%A7%DA%A9-%DA%A9%D9%88%D8%AF-%D8%B3%D9%85%D9%88%D9%85?page=43
کود هیومیک اسید شوک آمریکایی 95درصد حجم پنج لیتری,,1750000,350000.0,5.0,True,https://basalam.com/cat/tools/%D8%AE%D8%A7%DA%A9-%DA%A9%D9%88%D8%AF-%D8%B3%D9%85%D9%88%D9%85?page=43
کود مولتی کمپلکس بزند بمب (ریزمغذی کامل) گالن یک لیتری,,450000,450000.0,1.0,True,https://basalam.com/cat/tools/%D8%AE%D8%A7%DA%A9-%DA%A9%D9%88%D8%AF-%D8%B3%D9%85%D9%88%D9%85?page=43
کود فول فروت ست برند بمب مایع گالن پنج لیتری,,1500000,300000.0,5.0,True,https://basalam.com/cat/tools/%D8%AE%D8%A7%DA%A9-%DA%A9%D9%88%D8%AF-%D8%B3%D9%85%D9%88%D9%85?page=43
کود مایع 20 20 20 دانشمند کوچک مدل اکولایف حجم 120 میلی لیتر,,40000,200000.0,0.2,True,https://basalam.com/cat/tools/%D8%AE%D8%A7%DA%A9-%DA%A9%D9%88%D8%AF-%D8%B3%D9%85%D9%88%D9%85?page=38
کود مایع کاکتوس دانشمند کوچک مدل اکولایف حجم 120 میلی لیتر,,40000,333333.3333333334,0.12,True,https://basalam.com/cat/tools/%D8%AE%D8%A7%DA%A9-%DA%A9%D9%88%D8%AF-%D8%B3%D9%85%D9%88%D9%85?page=38
روغن ولک گیاه و درختان,,250000,250000.0,1.0,True,https://basalam.com/cat/tools/%D8%AE%D8%A7%DA%A9-%DA%A9%D9%88%D8%AF-%D8%B3%D9%85%D9%88%D9%85?page=43
کود آفت کش و ریز مغذی درختان ارگانیک,,388000,388000.0,1.0,True,https://basalam.com/cat/tools/%D8%AE%D8%A7%DA%A9-%DA%A9%D9%88%D8%AF-%D8%B3%D9%85%D9%88%D9%85?page=38
کود فسفر بالای زیگلر آلمان 25گرمی 10-52-10,,19000,760000.0,0.025,True,https://basalam.com/cat/tools/%D8%AE%D8%A7%DA%A9-%DA%A9%D9%88%D8%AF-%D8%B3%D9%85%D9%88%D9%85?page=39
کود مونوپتاسیم فسفات 34-52-0 زیگلر آلمان 25 گرمی,,20000,800000.0,0.025,True,https://basalam.com/cat/tools/%D8%AE%D8%A7%DA%A9-%DA%A9%D9%88%D8%AF-%D8%B3%D9%85%D9%88%D9%85?page=39
کود آمینواسید80درصد  نیترو آمینALGAESTIM برند اگروناترینتز مکزیک25 گرمی,,30000,1200000.0,0.025,True,https://basalam.com/cat/tools/%D8%AE%D8%A7%DA%A9-%DA%A9%D9%88%D8%AF-%D8%B3%D9%85%D9%88%D9%85?page=39
کود کامل آل مکس جنریت یک لیتری اصلی مناسب تمام گیاهان محصول آمریکا,,990000,899999.9999999999,1.1,True,https://basalam.com/cat/tools/%D8%AE%D8%A7%DA%A9-%DA%A9%D9%88%D8%AF-%D8%B3%D9%85%D9%88%D9%85?page=39
کود نانو ازت بالای جنریت ساخت آمریکا (پس کرایه),,8000000,400000.0,20.0,True,https://basalam.com/cat/tools/%D8%AE%D8%A7%DA%A9-%DA%A9%D9%88%D8%AF-%D8%B3%D9%85%D9%88%D9%85?page=39
کود چیکوتی (کود مرغی مایع غنی شده)CHICKOTEA(ارسال با باربری یا تیپاکس به صورت پس کرایه),,1800000,90000.0,20.0,True,https://basalam.com/cat/tools/%D8%AE%D8%A7%DA%A9-%DA%A9%D9%88%D8%AF-%D8%B3%D9%85%D9%88%D9%85?page=42
کود کاملNpk فسفربالاریشه زا پودری 10-52-10 بسته 150 گرمی مدل نوین کشت,,65000,433333.3333333334,0.15,True,https://basalam.com/cat/tools/%D8%AE%D8%A7%DA%A9-%DA%A9%D9%88%D8%AF-%D8%B3%D9%85%D9%88%D9%85?page=42
کود آهن فرمولایف (Fe_EDTA 13%) کلات آهن پودری محلولپاش یک کیلوگرمی,,770000,770000.0,1.0,True,https://basalam.com/cat/tools/%D8%AE%D8%A7%DA%A9-%DA%A9%D9%88%D8%AF-%D8%B3%D9%85%D9%88%D9%85?page=42
کود کلات آهن لایفر ایتالیاFeEDDHA6درصد قوطی فلزی یک کیلوگرمی,,1500000,1500000.0,1.0,True,https://basalam.com/cat/tools/%D8%AE%D8%A7%DA%A9-%DA%A9%D9%88%D8%AF-%D8%B3%D9%85%D9%88%D9%85?page=42
کود جنگل ویژه گیاهان آپارتمانی بسته 4عددی,,199000,1592000.0,0.125,True,https://basalam.com/cat/tools/%D8%AE%D8%A7%DA%A9-%DA%A9%D9%88%D8%AF-%D8%B3%D9%85%D9%88%D9%85?page=40
کود فسفر بالا برند فیروزه,,29000,5800000.0,0.005,True,https://basalam.com/cat/tools/%D8%AE%D8%A7%DA%A9-%DA%A9%D9%88%D8%AF-%D8%B3%D9%85%D9%88%D9%85?page=40
بنسای جنیسینگ پیوندی هلندی سایز بزرگ بسیار زیبا و با کیفیت,,869000,347600.0,2.5,True,https://basalam.com/cat/tools/%D8%AE%D8%A7%DA%A9-%DA%A9%D9%88%D8%AF-%D8%B3%D9%85%D9%88%D9%85?page=40
کود سه بیست مناسب گیاهان آپارتمانی,,29000,5800000.0,0.005,True,https://basalam.com/cat/tools/%D8%AE%D8%A7%DA%A9-%DA%A9%D9%88%D8%AF-%D8%B3%D9%85%D9%88%D9%85?page=40
فیکوس سبز گیاه آپارتمانی مقاوم و با نگهداری آسان با ارتفاع حدود 50 سانتی متر,,189000,94500.0,2.0,True,https://basalam.com/cat/tools/%D8%AE%D8%A7%DA%A9-%DA%A9%D9%88%D8%AF-%D8%B3%D9%85%D9%88%D9%85?page=40
کود گلدهی گیاهان برند فیروزه,,29000,5800000.0,0.005,True,https://basalam.com/cat/tools/%D8%AE%D8%A7%DA%A9-%DA%A9%D9%88%D8%AF-%D8%B3%D9%85%D9%88%D9%85?page=40
پرنده بهشتی گل سفید بسیار خاص و کمیاب گیاه آپارتمانی با ارتفاع 65 سانتی متر,,1200000,400000.0,3.0,True,https://basalam.com/cat/tools/%D8%AE%D8%A7%DA%A9-%DA%A9%D9%88%D8%AF-%D8%B3%D9%85%D9%88%D9%85?page=40
گیاه کاج مطبق بلژیکی گیاه آپارتمانی بسیار زیبا و مقاوم با ارتفاع حدود 50 سانت,,550000,183333.3333333333,3.0,True,https://basalam.com/cat/tools/%D8%AE%D8%A7%DA%A9-%DA%A9%D9%88%D8%AF-%D8%B3%D9%85%D9%88%D9%85?page=40
کود فروت ست مایعیک لیتریحاوی عناصر ریز مغذی(برای افزایش محصول),,270000,270000.0,1.0,True,https://basalam.com/cat/tools/%D8%AE%D8%A7%DA%A9-%DA%A9%D9%88%D8%AF-%D8%B3%D9%85%D9%88%D9%85?page=40
کود میکروانرژیک اسپانیایی - 750 گرمی (پس کرایه),,1440000,1920000.0,0.75,True,https://basalam.com/cat/tools/%D8%AE%D8%A7%DA%A9-%DA%A9%D9%88%D8%AF-%D8%B3%D9%85%D9%88%D9%85?page=40
کود مایع آلی حاوی هیومیک اسید GREEN SOUL یک لیتری,,92000,92000.0,1.0,True,https://basalam.com/cat/tools/%D8%AE%D8%A7%DA%A9-%DA%A9%D9%88%D8%AF-%D8%B3%D9%85%D9%88%D9%85?page=40
کود مخصوص بونسای سانیا کود مدل 5-9-7 وزن 50 گرم,,19900,398000.0,0.05,True,https://basalam.com/cat/tools/%D8%AE%D8%A7%DA%A9-%DA%A9%D9%88%D8%AF-%D8%B3%D9%85%D9%88%D9%85?page=40
اکالیپتوس با کیفیت عالی بار امسالی و تازه(100گرمی ),,75500,755000.0,0.1,True,https://basalam.com/cat/tools/%D8%AE%D8%A7%DA%A9-%DA%A9%D9%88%D8%AF-%D8%B3%D9%85%D9%88%D9%85?page=42
کود مایع کامل گیاهان آکواریوم آلیتا 500 میلی,,247500,495000.0,0.5,True,https://basalam.com/cat/tools/%D8%AE%D8%A7%DA%A9-%DA%A9%D9%88%D8%AF-%D8%B3%D9%85%D9%88%D9%85?page=43
کود مایع جلبک دریایی گیلدا مدل Seaweed حجم 120 میلی لیتر,,256000,2560000.0,0.1,True,https://basalam.com/cat/tools/%D8%AE%D8%A7%DA%A9-%DA%A9%D9%88%D8%AF-%D8%B3%D9%85%D9%88%D9%85?page=49
کود مایع قلمه زنی و ریشه زایی گیلدا مدل Root Booster حجم 30 میلی لیتر,,256000,2560000.0,0.1,True,https://basalam.com/cat/tools/%D8%AE%D8%A7%DA%A9-%DA%A9%D9%88%D8%AF-%D8%B3%D9%85%D9%88%D9%85?page=49
پرلیت متوسط دانه اصلی ریشه زایی گل و کنترل رطوبت,,40000,20000.0,2.0,True,https://basalam.com/cat/tools/%D8%AE%D8%A7%DA%A9-%DA%A9%D9%88%D8%AF-%D8%B3%D9%85%D9%88%D9%85?page=49
کود هیومیک اسید غنی شده با جلبک دریا گلگیاهان ارجینال,,60000,30000.0,2.0,True,https://basalam.com/cat/tools/%D8%AE%D8%A7%DA%A9-%DA%A9%D9%88%D8%AF-%D8%B3%D9%85%D9%88%D9%85?page=49
10.52.10 NPK تی ای پلاس کود ریشه زایی قوی,,60000,120000.0,0.5,True,https://basalam.com/cat/tools/%D8%AE%D8%A7%DA%A9-%DA%A9%D9%88%D8%AF-%D8%B3%D9%85%D9%88%D9%85?page=49
کود آهن 100 گرم,,50000,1000000.0,0.05,True,https://basalam.com/cat/tools/%D8%AE%D8%A7%DA%A9-%DA%A9%D9%88%D8%AF-%D8%B3%D9%85%D9%88%D9%85?page=56
گیاه ترخون خشک پودر شده بار امسالی و تازه(50گرمی ),,70200,1404000.0,0.05,True,https://basalam.com/cat/tools/%D8%AE%D8%A7%DA%A9-%DA%A9%D9%88%D8%AF-%D8%B3%D9%85%D9%88%D9%85?page=52
گل سر خارگل بار امسالی و تازه(150گرمی),,294250,1961666.6666666667,0.15,True,https://basalam.com/cat/tools/%D8%AE%D8%A7%DA%A9-%DA%A9%D9%88%D8%AF-%D8%B3%D9%85%D9%88%D9%85?page=52
گیاه گزنه با کیفیت عالی بار امسالی و تازه(150گرمی ),,123475,823166.6666666667,0.15,True,https://basalam.com/cat/tools/%D8%AE%D8%A7%DA%A9-%DA%A9%D9%88%D8%AF-%D8%B3%D9%85%D9%88%D9%85?page=52
گیاه برگ بو پودر شده با کیفیت عالی بار امسالی و تازه(250گرمی),,523500,2094000.0,0.25,True,https://basalam.com/cat/tools/%D8%AE%D8%A7%DA%A9-%DA%A9%D9%88%D8%AF-%D8%B3%D9%85%D9%88%D9%85?page=52
ریشه شیرین بیان (بدون پوست) با کیفیت عالی بار امسالی و تازه(100گرمی ),,137000,1370000.0,0.1,True,https://basalam.com/cat/tools/%D8%AE%D8%A7%DA%A9-%DA%A9%D9%88%D8%AF-%D8%B3%D9%85%D9%88%D9%85?page=52
گیاه مریم گلی با کیفیت عالی بار امسالی و تازه(200گرمی),,200000,1000000.0,0.2,True,https://basalam.com/cat/tools/%D8%AE%D8%A7%DA%A9-%DA%A9%D9%88%D8%AF-%D8%B3%D9%85%D9%88%D9%85?page=52
گیاه تره با کیفیت عالی بار امسالی و تازه(750گرمی ),,571000,761333.3333333334,0.75,True,https://basalam.com/cat/tools/%D8%AE%D8%A7%DA%A9-%DA%A9%D9%88%D8%AF-%D8%B3%D9%85%D9%88%D9%85?page=52
گیاه مورد با کیفیت عالی بار امسالی و تازه(750گرمی),,298750,398333.3333333333,0.75,True,https://basalam.com/cat/tools/%D8%AE%D8%A7%DA%A9-%DA%A9%D9%88%D8%AF-%D8%B3%D9%85%D9%88%D9%85?page=52
گیاه خار مریم با کیفیت عالی بار امسالی و تازه(750 گرمی ),,274000,365333.3333333333,0.75,True,https://basalam.com/cat/tools/%D8%AE%D8%A7%DA%A9-%DA%A9%D9%88%D8%AF-%D8%B3%D9%85%D9%88%D9%85?page=52
گیاه باباآدم بار امسالی و تازه(250 گرمی),,105125,420500.0,0.25,True,https://basalam.com/cat/tools/%D8%AE%D8%A7%DA%A9-%DA%A9%D9%88%D8%AF-%D8%B3%D9%85%D9%88%D9%85?page=52
گیاه نعناع دشتی با کیفیت عالی بار امسالی و تازه(250گرمی ),,410375,1641500.0,0.25,True,https://basalam.com/cat/tools/%D8%AE%D8%A7%DA%A9-%DA%A9%D9%88%D8%AF-%D8%B3%D9%85%D9%88%D9%85?page=52
گیاه تره با کیفیت عالی بار امسالی و تازه(50گرمی ),,63200,1264000.0,0.05,True,https://basalam.com/cat/tools/%D8%AE%D8%A7%DA%A9-%DA%A9%D9%88%D8%AF-%D8%B3%D9%85%D9%88%D9%85?page=52
گیاه شوید با کیفیت عالی بار امسالی و تازه(100گرمی),,107300,1073000.0,0.1,True,https://basalam.com/cat/tools/%D8%AE%D8%A7%DA%A9-%DA%A9%D9%88%D8%AF-%D8%B3%D9%85%D9%88%D9%85?page=52
گیاه نعناع فلفلی با کیفیت عالی بار امسالی و تازه(150گرمی ),,185350,1235666.6666666667,0.15,True,https://basalam.com/cat/tools/%D8%AE%D8%A7%DA%A9-%DA%A9%D9%88%D8%AF-%D8%B3%D9%85%D9%88%D9%85?page=52
بولاغ اوتی با کیفیت عالی بار امسالی و تازه(750 گرمی ),,521500,695333.3333333334,0.75,True,https://basalam.com/cat/tools/%D8%AE%D8%A7%DA%A9-%DA%A9%D9%88%D8%AF-%D8%B3%D9%85%D9%88%D9%85?page=52
برگ توت بار امسالی و تازه(50گرمی),,39575,791500.0,0.05,True,https://basalam.com/cat/tools/%D8%AE%D8%A7%DA%A9-%DA%A9%D9%88%D8%AF-%D8%B3%D9%85%D9%88%D9%85?page=52
گیاه مورد با کیفیت عالی بار امسالی و تازه(250گرمی ),,109250,437000.0,0.25,True,https://basalam.com/cat/tools/%D8%AE%D8%A7%DA%A9-%DA%A9%D9%88%D8%AF-%D8%B3%D9%85%D9%88%D9%85?page=53
گیاه شاهتره با کیفیت عالی بار امسالی و تازه(50گرمی),,41750,835000.0,0.05,True,https://basalam.com/cat/tools/%D8%AE%D8%A7%DA%A9-%DA%A9%D9%88%D8%AF-%D8%B3%D9%85%D9%88%D9%85?page=53
گیاه نعناع فلفلی بار امسالی و تازه(750گرمی ),,694750,926333.3333333334,0.75,True,https://basalam.com/cat/tools/%D8%AE%D8%A7%DA%A9-%DA%A9%D9%88%D8%AF-%D8%B3%D9%85%D9%88%D9%85?page=53
گیاه شوید با کیفیت عالی بار امسالی و تازه(50گرمی),,68150,1363000.0,0.05,True,https://basalam.com/cat/tools/%D8%AE%D8%A7%DA%A9-%DA%A9%D9%88%D8%AF-%D8%B3%D9%85%D9%88%D9%85?page=52
گیاه زوفا با کیفیت عالی بار امسالی و تازه(100گرمی),,163400,1634000.0,0.1,True,https://basalam.com/cat/tools/%D8%AE%D8%A7%DA%A9-%DA%A9%D9%88%D8%AF-%D8%B3%D9%85%D9%88%D9%85?page=52
گیاه دم گیلاس پودرشده با کیفیت عالی بار امسالی و تازه(100گرمی),,91500,915000.0,0.1,True,https://basalam.com/cat/tools/%D8%AE%D8%A7%DA%A9-%DA%A9%D9%88%D8%AF-%D8%B3%D9%85%D9%88%D9%85?page=52
برگ توت پودرشده بار امسالی و تازه(100گرمی),,60150,601500.0,0.1,True,https://basalam.com/cat/tools/%D8%AE%D8%A7%DA%A9-%DA%A9%D9%88%D8%AF-%D8%B3%D9%85%D9%88%D9%85?page=52
گیاه مریم گلی با کیفیت عالی بار امسالی و تازه(100گرمی),,97400,974000.0,0.1,True,https://basalam.com/cat/tools/%D8%AE%D8%A7%DA%A9-%DA%A9%D9%88%D8%AF-%D8%B3%D9%85%D9%88%D9%85?page=52
اکالیپتوس بار امسالی و تازه(100گرمی ),,51500,515000.0,0.1,True,https://basalam.com/cat/tools/%D8%AE%D8%A7%DA%A9-%DA%A9%D9%88%D8%AF-%D8%B3%D9%85%D9%88%D9%85?page=52
گیاه شوید با کیفیت عالی بار امسالی و تازه(150گرمی),,175450,1169666.6666666667,0.15,True,https://basalam.com/cat/tools/%D8%AE%D8%A7%DA%A9-%DA%A9%D9%88%D8%AF-%D8%B3%D9%85%D9%88%D9%85?page=52
گیاه مورد با کیفیت عالی بار امسالی و تازه(150گرمی),,106150,707666.6666666667,0.15,True,https://basalam.com/cat/tools/%D8%AE%D8%A7%DA%A9-%DA%A9%D9%88%D8%AF-%D8%B3%D9%85%D9%88%D9%85?page=52
گیاه مرزه با کیفیت عالی بار امسالی و تازه(500گرمی ),,354500,709000.0,0.5,True,https://basalam.com/cat/tools/%D8%AE%D8%A7%DA%A9-%DA%A9%D9%88%D8%AF-%D8%B3%D9%85%D9%88%D9%85?page=52
گیاه گل بنفشه با کیفیت عالی بار امسالی و تازه(50گرم),,393500,7870000.0,0.05,True,https://basalam.com/cat/tools/%D8%AE%D8%A7%DA%A9-%DA%A9%D9%88%D8%AF-%D8%B3%D9%85%D9%88%D9%85?page=50
کود مایع ریشه زا بایو رادیکانت,,54900,457500.0,0.12,True,https://basalam.com/cat/tools/%D8%AE%D8%A7%DA%A9-%DA%A9%D9%88%D8%AF-%D8%B3%D9%85%D9%88%D9%85?page=56
کود سیلیپات ایدای نیچر اسپانیا,,1067000,1067000.0,1.0,True,https://basalam.com/cat/tools/%D8%AE%D8%A7%DA%A9-%DA%A9%D9%88%D8%AF-%D8%B3%D9%85%D9%88%D9%85?page=52
کود دیسپر کلروفیل جی اس ادن نیم کیلویی,,2574000,5148000.0,0.5,True,https://basalam.com/cat/tools/%D8%AE%D8%A7%DA%A9-%DA%A9%D9%88%D8%AF-%D8%B3%D9%85%D9%88%D9%85?page=52
کود سیلیکات کلسیم یا کلسیل,,390000,390000.0,1.0,True,https://basalam.com/cat/tools/%D8%AE%D8%A7%DA%A9-%DA%A9%D9%88%D8%AF-%D8%B3%D9%85%D9%88%D9%85?page=53
گیاه ریش بز (هوم) خشک با کیفیت عالی بار امسالی و تازه(500گرمی),,189500,379000.0,0.5,True,https://basalam.com/cat/tools/%D8%AE%D8%A7%DA%A9-%DA%A9%D9%88%D8%AF-%D8%B3%D9%85%D9%88%D9%85?page=54
گیاه گل بنفشه پودرشده با کیفیت عالی بار امسالی و تازه(500گرم),,3684000,7368000.0,0.5,True,https://basalam.com/cat/tools/%D8%AE%D8%A7%DA%A9-%DA%A9%D9%88%D8%AF-%D8%B3%D9%85%D9%88%D9%85?page=54
ریشه کاسنی با کیفیت عالی بار امسالی و تازه(250 گرمی),,200000,800000.0,0.25,True,https://basalam.com/cat/tools/%D8%AE%D8%A7%DA%A9-%DA%A9%D9%88%D8%AF-%D8%B3%D9%85%D9%88%D9%85?page=54
گیاه جعفری با کیفیت عالی بار امسالی و تازه(500گرمی),,341000,682000.0,0.5,True,https://basalam.com/cat/tools/%D8%AE%D8%A7%DA%A9-%DA%A9%D9%88%D8%AF-%D8%B3%D9%85%D9%88%D9%85?page=54
گیاه کنگر فرنگی پودر شده با کیفیت عالی بار امسالی و تازه(500گرمی),,331500,663000.0,0.5,True,https://basalam.com/cat/tools/%D8%AE%D8%A7%DA%A9-%DA%A9%D9%88%D8%AF-%D8%B3%D9%85%D9%88%D9%85?page=54
کود سولفات روی تتاکو مناسب گلدان و باغچه وزن 120 گرم,,50000,416666.6666666667,0.12,True,https://basalam.com/cat/tools/%D8%AE%D8%A7%DA%A9-%DA%A9%D9%88%D8%AF-%D8%B3%D9%85%D9%88%D9%85?page=55
کود NPK 10-50-10 تتاکو مناسب گلدان و باغچه وزن 120 گرم,,50000,416666.6666666667,0.12,True,https://basalam.com/cat/tools/%D8%AE%D8%A7%DA%A9-%DA%A9%D9%88%D8%AF-%D8%B3%D9%85%D9%88%D9%85?page=55
گیاه کنگر فرنگی با کیفیت عالی بار امسالی و تازه(500گرمی),,321500,643000.0,0.5,True,https://basalam.com/cat/tools/%D8%AE%D8%A7%DA%A9-%DA%A9%D9%88%D8%AF-%D8%B3%D9%85%D9%88%D9%85?page=56
گیاه مرزنجوش با کیفیت عالی بار امسالی و تازه(500گرمی ),,341000,682000.0,0.5,True,https://basalam.com/cat/tools/%D8%AE%D8%A7%DA%A9-%DA%A9%D9%88%D8%AF-%D8%B3%D9%85%D9%88%D9%85?page=56
گل جنتیانا (گل سپاسی) با کیفیت عالی بار امسالی و تازه(50 گرمی ),,228500,4570000.0,0.05,True,https://basalam.com/cat/tools/%D8%AE%D8%A7%DA%A9-%DA%A9%D9%88%D8%AF-%D8%B3%D9%85%D9%88%D9%85?page=56
گیاه کنگر فرنگی با کیفیت عالی بار امسالی و تازه(250گرمی),,195250,781000.0,0.25,True,https://basalam.com/cat/tools/%D8%AE%D8%A7%DA%A9-%DA%A9%D9%88%D8%AF-%D8%B3%D9%85%D9%88%D9%85?page=56
گیاه گل بنفشه پودرشده با کیفیت عالی بار امسالی و تازه(250گرم),,2132250,8529000.0,0.25,True,https://basalam.com/cat/tools/%D8%AE%D8%A7%DA%A9-%DA%A9%D9%88%D8%AF-%D8%B3%D9%85%D9%88%D9%85?page=56
گیاه گل بنفشه با کیفیت عالی بار امسالی و تازه(100گرم),,876300,8763000.0,0.1,True,https://basalam.com/cat/tools/%D8%AE%D8%A7%DA%A9-%DA%A9%D9%88%D8%AF-%D8%B3%D9%85%D9%88%D9%85?page=56
گیاه دم گیلاس با کیفیت عالی بار امسالی و تازه(250گرمی),,160250,641000.0,0.25,True,https://basalam.com/cat/tools/%D8%AE%D8%A7%DA%A9-%DA%A9%D9%88%D8%AF-%D8%B3%D9%85%D9%88%D9%85?page=56
گل جنتیانا (گل سپاسی) با کیفیت عالی بار امسالی و تازه(100 گرمی ),,428000,4280000.0,0.1,True,https://basalam.com/cat/tools/%D8%AE%D8%A7%DA%A9-%DA%A9%D9%88%D8%AF-%D8%B3%D9%85%D9%88%D9%85?page=56
گیاه خار شتر پودر شده بار امسالی و تازه(100گرمی ),,58500,585000.0,0.1,True,https://basalam.com/cat/tools/%D8%AE%D8%A7%DA%A9-%DA%A9%D9%88%D8%AF-%D8%B3%D9%85%D9%88%D9%85?page=56
ریشه گزنه با کیفیت عالی بار امسالی و تازه(500گرمی ),,280000,560000.0,0.5,True,https://basalam.com/cat/tools/%D8%AE%D8%A7%DA%A9-%DA%A9%D9%88%D8%AF-%D8%B3%D9%85%D9%88%D9%85?page=57
گیاه خارشتر پودر شده با کیفیت عالی بار امسالی و تازه(500گرمی ),,136500,273000.0,0.5,True,https://basalam.com/cat/tools/%D8%AE%D8%A7%DA%A9-%DA%A9%D9%88%D8%AF-%D8%B3%D9%85%D9%88%D9%85?page=57
گل مینا با کیفیت عالی بار امسالی و تازه(50گرمی),,272600,5452000.0,0.05,True,https://basalam.com/cat/tools/%D8%AE%D8%A7%DA%A9-%DA%A9%D9%88%D8%AF-%D8%B3%D9%85%D9%88%D9%85?page=57
گیاه سنا هندی با کیفیت عالی بار امسالی و تازه(50گرمی),,41225,824500.0,0.05,True,https://basalam.com/cat/tools/%D8%AE%D8%A7%DA%A9-%DA%A9%D9%88%D8%AF-%D8%B3%D9%85%D9%88%D9%85?page=57
گل بومادران با کیفیت عالی بار امسالی و تازه(50گرمی),,38750,775000.0,0.05,True,https://basalam.com/cat/tools/%D8%AE%D8%A7%DA%A9-%DA%A9%D9%88%D8%AF-%D8%B3%D9%85%D9%88%D9%85?page=57
کود NPK 10 52 10 وُپروفرت دو کیلویی,,630000,315000.0,2.0,True,https://basalam.com/cat/tools/%D8%AE%D8%A7%DA%A9-%DA%A9%D9%88%D8%AF-%D8%B3%D9%85%D9%88%D9%85?page=57
کود بیولوژیک پروبیو 96 پودری(نیم کیلویی),,341000,682000.0,0.5,True,https://basalam.com/cat/tools/%D8%AE%D8%A7%DA%A9-%DA%A9%D9%88%D8%AF-%D8%B3%D9%85%D9%88%D9%85?page=57
کود نیتروژن خالص (30 گرمی),,70000,2333333.333333333,0.03,True,https://basalam.com/cat/tools/%D8%AE%D8%A7%DA%A9-%DA%A9%D9%88%D8%AF-%D8%B3%D9%85%D9%88%D9%85?page=57
کود ترکیبی گرانول جلبک و پتاس بالا (700گرمی) (RICO),,850000,1214285.7142857143,0.7,True,https://basalam.com/cat/tools/%D8%AE%D8%A7%DA%A9-%DA%A9%D9%88%D8%AF-%D8%B3%D9%85%D9%88%D9%85?page=57
کود گرانول پتاس بالا (55گرمی) (RICO),,110000,1571428.5714285714,0.07,True,https://basalam.com/cat/tools/%D8%AE%D8%A7%DA%A9-%DA%A9%D9%88%D8%AF-%D8%B3%D9%85%D9%88%D9%85?page=57
کود آمینون میکرو مافا اسپانیا,,1200000,1200000.0,1.0,True,https://basalam.com/cat/tools/%D8%AE%D8%A7%DA%A9-%DA%A9%D9%88%D8%AF-%D8%B3%D9%85%D9%88%D9%85?page=58
کود بور اتانول آمین مافا اسپانیا,,1850000,1850000.0,1.0,True,https://basalam.com/cat/tools/%D8%AE%D8%A7%DA%A9-%DA%A9%D9%88%D8%AF-%D8%B3%D9%85%D9%88%D9%85?page=58
باکس گل رز جاودان ساقه دار پایه روس همراه گیفت و ساک دستی,,1030000,2060000.0,0.5,True,https://basalam.com/cat/tools/%D8%AE%D8%A7%DA%A9-%DA%A9%D9%88%D8%AF-%D8%B3%D9%85%D9%88%D9%85?page=58
گل رز جاودان قرمز با باکس تمام پلکسی همراه ریسه و ربان,,1070000,5350000.0,0.2,True,https://basalam.com/cat/tools/%D8%AE%D8%A7%DA%A9-%DA%A9%D9%88%D8%AF-%D8%B3%D9%85%D9%88%D9%85?page=58
کود کامل رویال مکس 30-05-15 npk پلنت استار (ارسال به صورت پس کرایه),,2500000,250000.0,10.0,True,https://basalam.com/cat/tools/%D8%AE%D8%A7%DA%A9-%DA%A9%D9%88%D8%AF-%D8%B3%D9%85%D9%88%D9%85?page=58
کود مخصوص سانسوریا کود هیومیک اسید برای رشد و پاجوشدهی انواع سانسوریا پک شیش عددی,,200000,833333.3333333334,0.24,True,https://basalam.com/cat/tools/%D8%AE%D8%A7%DA%A9-%DA%A9%D9%88%D8%AF-%D8%B3%D9%85%D9%88%D9%85?page=58
کود آمینو اسید ایزابیون سینجنتا یک لیتری,,1500000,1500000.0,1.0,True,https://basalam.com/cat/tools/%D8%AE%D8%A7%DA%A9-%DA%A9%D9%88%D8%AF-%D8%B3%D9%85%D9%88%D9%85?page=58
کود آرامیکس دوکیلویی کیلویی آریا شیمی,,600000,300000.0,2.0,True,https://basalam.com/cat/tools/%D8%AE%D8%A7%DA%A9-%DA%A9%D9%88%D8%AF-%D8%B3%D9%85%D9%88%D9%85?page=58
کود فروت ست موبرسین ترکیه,,435000,1740000.0,0.25,True,https://basalam.com/cat/tools/%D8%AE%D8%A7%DA%A9-%DA%A9%D9%88%D8%AF-%D8%B3%D9%85%D9%88%D9%85?page=58
کود کامل سه بیست 20-20-20 مش بلژیک,,3250000,325000.0,10.0,True,https://basalam.com/cat/tools/%D8%AE%D8%A7%DA%A9-%DA%A9%D9%88%D8%AF-%D8%B3%D9%85%D9%88%D9%85?page=58
کود کامل ارگانیک ریتاردو اسپانیا,,3900000,156000.0,25.0,True,https://basalam.com/cat/tools/%D8%AE%D8%A7%DA%A9-%DA%A9%D9%88%D8%AF-%D8%B3%D9%85%D9%88%D9%85?page=58
کود سانسوریا 2عددی,,16000,26666.666666666668,0.6,True,https://basalam.com/cat/tools/%D8%AE%D8%A7%DA%A9-%DA%A9%D9%88%D8%AF-%D8%B3%D9%85%D9%88%D9%85?page=58
کود 20 - 20 - 20 ( رشد و تقویت گیاهان ),,48000,960000.0,0.05,True,https://basalam.com/cat/tools/%D8%AE%D8%A7%DA%A9-%DA%A9%D9%88%D8%AF-%D8%B3%D9%85%D9%88%D9%85?page=58
کود آهن آگروفا,,48000,1600000.0,0.03,True,https://basalam.com/cat/tools/%D8%AE%D8%A7%DA%A9-%DA%A9%D9%88%D8%AF-%D8%B3%D9%85%D9%88%D9%85?page=58
کود 20-20-20 سه تایی,,120000,800000.0,0.15,True,https://basalam.com/cat/tools/%D8%AE%D8%A7%DA%A9-%DA%A9%D9%88%D8%AF-%D8%B3%D9%85%D9%88%D9%85?page=58
کود آهن (کلات آهن ) 6درصد kollant ایتالیا دوتایی,,90000,1500000.0,0.06,True,https://basalam.com/cat/tools/%D8%AE%D8%A7%DA%A9-%DA%A9%D9%88%D8%AF-%D8%B3%D9%85%D9%88%D9%85?page=58
کود 36-12-12 سه تایی,,120000,800000.0,0.15,True,https://basalam.com/cat/tools/%D8%AE%D8%A7%DA%A9-%DA%A9%D9%88%D8%AF-%D8%B3%D9%85%D9%88%D9%85?page=58
کود کامل رویال مکس 52-00-00 npk پلنت استار (ارسال به صورت پس کرایه ),,1500000,150000.0,10.0,True,https://basalam.com/cat/tools/%D8%AE%D8%A7%DA%A9-%DA%A9%D9%88%D8%AF-%D8%B3%D9%85%D9%88%D9%85?page=58
کود مایع روتی فرت کود مدل K50 حجم یک لیتر ( پس کرایه ),,247500,247500.0,1.0,True,https://basalam.com/cat/tools/%D8%AE%D8%A7%DA%A9-%DA%A9%D9%88%D8%AF-%D8%B3%D9%85%D9%88%D9%85?page=58
کود ریزمغذی دکامیک شاور,,460000,460000.0,1.0,True,https://basalam.com/cat/tools/%D8%AE%D8%A7%DA%A9-%DA%A9%D9%88%D8%AF-%D8%B3%D9%85%D9%88%D9%85?page=58
کود میناسول کلسیم (پس کرایه),,300000,300000.0,1.0,True,https://basalam.com/cat/tools/%D8%AE%D8%A7%DA%A9-%DA%A9%D9%88%D8%AF-%D8%B3%D9%85%D9%88%D9%85?page=58
کود ماکرو 121236 (پس کرایه),,2150000,215000.0,10.0,True,https://basalam.com/cat/tools/%D8%AE%D8%A7%DA%A9-%DA%A9%D9%88%D8%AF-%D8%B3%D9%85%D9%88%D9%85?page=58
کود اوره فسفات 44 درصد فلوریش (پس کرایه),,2200000,220000.0,10.0,True,https://basalam.com/cat/tools/%D8%AE%D8%A7%DA%A9-%DA%A9%D9%88%D8%AF-%D8%B3%D9%85%D9%88%D9%85?page=58
کود 36-12-12 دوتایی,,90000,900000.0,0.1,True,https://basalam.com/cat/tools/%D8%AE%D8%A7%DA%A9-%DA%A9%D9%88%D8%AF-%D8%B3%D9%85%D9%88%D9%85?page=59
میکس دوتایی (کود آهن وکود 10-52-10 ),,90000,1125000.0,0.08,True,https://basalam.com/cat/tools/%D8%AE%D8%A7%DA%A9-%DA%A9%D9%88%D8%AF-%D8%B3%D9%85%D9%88%D9%85?page=59
کود کلسیم یاراویتا-پس کرایه,,705500,705500.0,1.0,True,https://basalam.com/cat/tools/%D8%AE%D8%A7%DA%A9-%DA%A9%D9%88%D8%AF-%D8%B3%D9%85%D9%88%D9%85?page=59
کود گلخانه یاراویتا-پس کرایه,,1484900,1484900.0,1.0,True,https://basalam.com/cat/tools/%D8%AE%D8%A7%DA%A9-%DA%A9%D9%88%D8%AF-%D8%B3%D9%85%D9%88%D9%85?page=59
ساکولنت اشک عروس و اشک تمساح,,45000,16071.428571428572,2.8,True,https://basalam.com/cat/tools/%D8%AE%D8%A7%DA%A9-%DA%A9%D9%88%D8%AF-%D8%B3%D9%85%D9%88%D9%85?page=59
12.12.36+TE کود تقویتی,,120000,1200000.0,0.1,True,https://basalam.com/cat/tools/%D8%AE%D8%A7%DA%A9-%DA%A9%D9%88%D8%AF-%D8%B3%D9%85%D9%88%D9%85?page=59
میکس دوتایی (کود آهن و کود 36-12-12 ),,90000,1125000.0,0.08,True,https://basalam.com/cat/tools/%D8%AE%D8%A7%DA%A9-%DA%A9%D9%88%D8%AF-%D8%B3%D9%85%D9%88%D9%85?page=59
کود کاج مطبق و خانواده سوزنی برگان,,30000,300000.0,0.1,True,https://basalam.com/cat/tools/%D8%AE%D8%A7%DA%A9-%DA%A9%D9%88%D8%AF-%D8%B3%D9%85%D9%88%D9%85?page=59
کود کاکتوس تقویتی,,35000,291666.6666666667,0.12,True,https://basalam.com/cat/tools/%D8%AE%D8%A7%DA%A9-%DA%A9%D9%88%D8%AF-%D8%B3%D9%85%D9%88%D9%85?page=59
کود هیومیک اسید 95 درصد جنریت آمریکا یک لیتری,,810000,810000.0,1.0,True,https://basalam.com/cat/tools/%D8%AE%D8%A7%DA%A9-%DA%A9%D9%88%D8%AF-%D8%B3%D9%85%D9%88%D9%85?page=59
کود مایع مولتی کمپلکس پنج لیتری جنریت محصول آمریکا,,8100000,1620000.0,5.0,True,https://basalam.com/cat/tools/%D8%AE%D8%A7%DA%A9-%DA%A9%D9%88%D8%AF-%D8%B3%D9%85%D9%88%D9%85?page=59
کود فروت ست جنریت (مایع) آمریکایی اصل پنج لیتری,,3870000,774000.0,5.0,True,https://basalam.com/cat/tools/%D8%AE%D8%A7%DA%A9-%DA%A9%D9%88%D8%AF-%D8%B3%D9%85%D9%88%D9%85?page=59
کود سه بیست مایع جنریت آمریکا پنج لیتری,,3150000,630000.0,5.0,True,https://basalam.com/cat/tools/%D8%AE%D8%A7%DA%A9-%DA%A9%D9%88%D8%AF-%D8%B3%D9%85%D9%88%D9%85?page=59
کود پتاس بالای K66 جنریت پنج لیتری66درصدپتاس محصول ایالات متحده,,4500000,882352.9411764706,5.1,True,https://basalam.com/cat/tools/%D8%AE%D8%A7%DA%A9-%DA%A9%D9%88%D8%AF-%D8%B3%D9%85%D9%88%D9%85?page=59
بونسای(شفلرا سبز و ابلق و طلایی)(پس کرایه),,480000,96000.0,5.0,True,https://basalam.com/cat/tools/%D8%AE%D8%A7%DA%A9-%DA%A9%D9%88%D8%AF-%D8%B3%D9%85%D9%88%D9%85?page=59
کود(بیورادیکانت)قوی ترین کود.دکتر یشیل,,100000,2000000.0,0.05,True,https://basalam.com/cat/tools/%D8%AE%D8%A7%DA%A9-%DA%A9%D9%88%D8%AF-%D8%B3%D9%85%D9%88%D9%85?page=59
کود هیومیک اسید پلنت چویس,,950000,950000.0,1.0,True,https://basalam.com/cat/tools/%D8%AE%D8%A7%DA%A9-%DA%A9%D9%88%D8%AF-%D8%B3%D9%85%D9%88%D9%85?page=59
کود تقویتی فیدینگ 10 گرمی لانگ فلوور,,230000,23000000.0,0.01,True,https://basalam.com/cat/tools/%D8%AE%D8%A7%DA%A9-%DA%A9%D9%88%D8%AF-%D8%B3%D9%85%D9%88%D9%85?page=59
کود محرک ریشه ریژو محصول شرکت کیمیتک,,1650000,1650000.0,1.0,True,https://basalam.com/cat/tools/%D8%AE%D8%A7%DA%A9-%DA%A9%D9%88%D8%AF-%D8%B3%D9%85%D9%88%D9%85?page=59
کود 20-20-20 بلژیکی 100گرمی,,29000,290000.0,0.1,True,https://basalam.com/cat/tools/%D8%AE%D8%A7%DA%A9-%DA%A9%D9%88%D8%AF-%D8%B3%D9%85%D9%88%D9%85?page=59
کود پتاس بالا K66 یک لیتری جنریت امریکا غنی شده با اهن و امینواسید,,990000,990000.0,1.0,True,https://basalam.com/cat/tools/%D8%AE%D8%A7%DA%A9-%DA%A9%D9%88%D8%AF-%D8%B3%D9%85%D9%88%D9%85?page=59
کود سه بیست دکتر مدل 20-20-20 Dr-NPK وزن 100 گرم,,63000,630000.0,0.1,True,https://basalam.com/cat/tools/%D8%AE%D8%A7%DA%A9-%DA%A9%D9%88%D8%AF-%D8%B3%D9%85%D9%88%D9%85?page=59
کود تقویتی مخصوص ریشه دهی و رشد سریع ساقه گلها ارسال با پست و تیپاکس,,60000,1200000.0,0.05,True,https://basalam.com/cat/tools/%D8%AE%D8%A7%DA%A9-%DA%A9%D9%88%D8%AF-%D8%B3%D9%85%D9%88%D9%85?page=59
دراسینا آناناسی ( کامپکت ) کد 020 ارسال با پست و تیپاکس,,120000,120000.0,1.0,True,https://basalam.com/cat/tools/%D8%AE%D8%A7%DA%A9-%DA%A9%D9%88%D8%AF-%D8%B3%D9%85%D9%88%D9%85?page=59
گل آگولنما کالباسی (خارجی) چند بوته ارسال با پست و تیپاکس,,600000,400000.0,1.5,True,https://basalam.com/cat/tools/%D8%AE%D8%A7%DA%A9-%DA%A9%D9%88%D8%AF-%D8%B3%D9%85%D9%88%D9%85?page=59
کود هیدروپونیک جامد مخصوص گیاهان آپارتمانی و بونسای کد BO1000,,429000,429000.0,1.0,True,https://basalam.com/cat/tools/%D8%AE%D8%A7%DA%A9-%DA%A9%D9%88%D8%AF-%D8%B3%D9%85%D9%88%D9%85?page=59
کود هیدروپونیک جامد مخصوص دوره رویشی کد G1000,,429000,429000.0,1.0,True,https://basalam.com/cat/tools/%D8%AE%D8%A7%DA%A9-%DA%A9%D9%88%D8%AF-%D8%B3%D9%85%D9%88%D9%85?page=59
کود هیدروپونیک مایع مخصوص انواع ارکیده کد LO100,,169000,84500.0,2.0,True,https://basalam.com/cat/tools/%D8%AE%D8%A7%DA%A9-%DA%A9%D9%88%D8%AF-%D8%B3%D9%85%D9%88%D9%85?page=59
کود هیدروپونیک مایع مخصوص انواع ارکیده کد LOr100,,169000,84500.0,2.0,True,https://basalam.com/cat/tools/%D8%AE%D8%A7%DA%A9-%DA%A9%D9%88%D8%AF-%D8%B3%D9%85%D9%88%D9%85?page=59
کود هیدروپونیک مایع مخصوص گل رز و شاخه بریده کد LR100,,169000,84500.0,2.0,True,https://basalam.com/cat/tools/%D8%AE%D8%A7%DA%A9-%DA%A9%D9%88%D8%AF-%D8%B3%D9%85%D9%88%D9%85?page=59
کود هیدروپونیک جامد هوگلند کد H1000,,429000,429000.0,1.0,True,https://basalam.com/cat/tools/%D8%AE%D8%A7%DA%A9-%DA%A9%D9%88%D8%AF-%D8%B3%D9%85%D9%88%D9%85?page=59
کود هیدروپونیک جامد مخصوص انواع سبزیجات کد V1000,,429000,429000.0,1.0,True,https://basalam.com/cat/tools/%D8%AE%D8%A7%DA%A9-%DA%A9%D9%88%D8%AF-%D8%B3%D9%85%D9%88%D9%85?page=59
کود هیدروپونیک جامد مخصوص توت فرنگی کد S100,,125000,1562500.0,0.08,True,https://basalam.com/cat/tools/%D8%AE%D8%A7%DA%A9-%DA%A9%D9%88%D8%AF-%D8%B3%D9%85%D9%88%D9%85?page=59
کود هیدروپونیک مایع گوجه فرنگی و صیفی جات کد LT1000,,479000,119750.0,4.0,True,https://basalam.com/cat/tools/%D8%AE%D8%A7%DA%A9-%DA%A9%D9%88%D8%AF-%D8%B3%D9%85%D9%88%D9%85?page=59
کود سانسوی گرین مدل پودری کد 20 20 20 وزن یک کیلوگرم ( پس کرایه ),,160000,160000.0,1.0,True,https://basalam.com/cat/tools/%D8%AE%D8%A7%DA%A9-%DA%A9%D9%88%D8%AF-%D8%B3%D9%85%D9%88%D9%85?page=59
کود کلات روی (EDTA) سانسوی گرین مدل پودری وزن یک کیلوگرم ( پس کرایه),,600000,600000.0,1.0,True,https://basalam.com/cat/tools/%D8%AE%D8%A7%DA%A9-%DA%A9%D9%88%D8%AF-%D8%B3%D9%85%D9%88%D9%85?page=59
کودمرغی چیکود فصل پنجم ارسال با اتوبوس و پس کرایه,,1045000,52250.0,20.0,True,https://basalam.com/cat/tools/%D8%AE%D8%A7%DA%A9-%DA%A9%D9%88%D8%AF-%D8%B3%D9%85%D9%88%D9%85?page=59
کود مخلوط آهن و پتاسیم سولفات غنی شده,,353500,176750.0,2.0,True,https://basalam.com/cat/tools/%D8%AE%D8%A7%DA%A9-%DA%A9%D9%88%D8%AF-%D8%B3%D9%85%D9%88%D9%85?page=59
کود ورمی کمپوست (حداقل خرید از غرفه 400 تومن)(هزینه پسکرایه),,28000,93333.33333333334,0.3,True,https://basalam.com/cat/tools/%D8%AE%D8%A7%DA%A9-%DA%A9%D9%88%D8%AF-%D8%B3%D9%85%D9%88%D9%85?page=59
کود فروت ست خضرا (پس کرایه),,680000,680000.0,1.0,True,https://basalam.com/cat/tools/%D8%AE%D8%A7%DA%A9-%DA%A9%D9%88%D8%AF-%D8%B3%D9%85%D9%88%D9%85?page=60
کود فولویک اسید پودری(فولوی استار) چینی یک کیلویی,,555000,555000.0,1.0,True,https://basalam.com/cat/tools/%D8%AE%D8%A7%DA%A9-%DA%A9%D9%88%D8%AF-%D8%B3%D9%85%D9%88%D9%85?page=60
کود آمینو اسید پودری انگبین سبزکاوشان قوطی یک کیلویی,,598000,598000.0,1.0,True,https://basalam.com/cat/tools/%D8%AE%D8%A7%DA%A9-%DA%A9%D9%88%D8%AF-%D8%B3%D9%85%D9%88%D9%85?page=60
کود آلی مایع,,8000000,8000000.0,1.0,True,https://basalam.com/cat/tools/%D8%AE%D8%A7%DA%A9-%DA%A9%D9%88%D8%AF-%D8%B3%D9%85%D9%88%D9%85?page=60
کود کلسیمی الی غنی شده با امینواسید یک لیتری,,220000,141935.48387096773,1.55,True,https://basalam.com/cat/tools/%D8%AE%D8%A7%DA%A9-%DA%A9%D9%88%D8%AF-%D8%B3%D9%85%D9%88%D9%85?page=60
گیاه خارخاسک با کیفیت عالی بار امسالی و تازه(50 گرمی ),,96200,1924000.0,0.05,True,https://basalam.com/cat/tools/%D8%AE%D8%A7%DA%A9-%DA%A9%D9%88%D8%AF-%D8%B3%D9%85%D9%88%D9%85?page=60
گل قاصدک با کیفیت عالی بار امسالی و تازه(250گرمی ),,732500,2930000.0,0.25,True,https://basalam.com/cat/tools/%D8%AE%D8%A7%DA%A9-%DA%A9%D9%88%D8%AF-%D8%B3%D9%85%D9%88%D9%85?page=60
بارهنگ با کیفیت عالی بار امسالی و تازه(200 گرمی ),,985500,4927500.0,0.2,True,https://basalam.com/cat/tools/%D8%AE%D8%A7%DA%A9-%DA%A9%D9%88%D8%AF-%D8%B3%D9%85%D9%88%D9%85?page=60
گل ختمی سفید با کیفیت عالی بار امسالی و تازه(250 گرمی),,531600,2126400.0,0.25,True,https://basalam.com/cat/tools/%D8%AE%D8%A7%DA%A9-%DA%A9%D9%88%D8%AF-%D8%B3%D9%85%D9%88%D9%85?page=60
گل اسطوخودوس ایرانی بار امسالی و تازه(200گرمی),,642700,3213500.0,0.2,True,https://basalam.com/cat/tools/%D8%AE%D8%A7%DA%A9-%DA%A9%D9%88%D8%AF-%D8%B3%D9%85%D9%88%D9%85?page=60
ریشه خولنجان با کیفیت عالی بار امسالی و تازه(200گرمی),,1252900,6264500.0,0.2,True,https://basalam.com/cat/tools/%D8%AE%D8%A7%DA%A9-%DA%A9%D9%88%D8%AF-%D8%B3%D9%85%D9%88%D9%85?page=60
برگ خرگوشک با کیفیت عالی بار امسالی و تازه(250 گرمی),,267300,1069200.0,0.25,True,https://basalam.com/cat/tools/%D8%AE%D8%A7%DA%A9-%DA%A9%D9%88%D8%AF-%D8%B3%D9%85%D9%88%D9%85?page=60
گل گاو زبان با کیفیت عالی بار امسالی و تازه(250گرمی ),,2613400,10453600.0,0.25,True,https://basalam.com/cat/tools/%D8%AE%D8%A7%DA%A9-%DA%A9%D9%88%D8%AF-%D8%B3%D9%85%D9%88%D9%85?page=60
غنچه گل محمدی با کیفیت عالی بار امسالی و تازه(750گرمی ),,3832800,5110400.0,0.75,True,https://basalam.com/cat/tools/%D8%AE%D8%A7%DA%A9-%DA%A9%D9%88%D8%AF-%D8%B3%D9%85%D9%88%D9%85?page=60
برگ مورینگا با کیفیت عالی بار امسالی و تازه(750گرمی),,3318700,4424933.333333333,0.75,True,https://basalam.com/cat/tools/%D8%AE%D8%A7%DA%A9-%DA%A9%D9%88%D8%AF-%D8%B3%D9%85%D9%88%D9%85?page=60
گیاه خارخاسک با کیفیت عالی بار امسالی و تازه(250 گرمی),,684000,2736000.0,0.25,True,https://basalam.com/cat/tools/%D8%AE%D8%A7%DA%A9-%DA%A9%D9%88%D8%AF-%D8%B3%D9%85%D9%88%D9%85?page=60
افتیمون با کیفیت عالی بار امسالی و تازه(750 گرمی ),,1108900,1478533.3333333333,0.75,True,https://basalam.com/cat/tools/%D8%AE%D8%A7%DA%A9-%DA%A9%D9%88%D8%AF-%D8%B3%D9%85%D9%88%D9%85?page=60
ریشه آنغوزه با کیفیت عالی بار امسالی و تازه(250 گرمی),,569800,2279200.0,0.25,True,https://basalam.com/cat/tools/%D8%AE%D8%A7%DA%A9-%DA%A9%D9%88%D8%AF-%D8%B3%D9%85%D9%88%D9%85?page=60
برگ جینکو با کیفیت عالی بار امسالی و تازه(100گرمی),,401100,4011000.0,0.1,True,https://basalam.com/cat/tools/%D8%AE%D8%A7%DA%A9-%DA%A9%D9%88%D8%AF-%D8%B3%D9%85%D9%88%D9%85?page=60
استویا با کیفیت عالی بار امسالی و تازه(500 گرمی),,3143400,6286800.0,0.5,True,https://basalam.com/cat/tools/%D8%AE%D8%A7%DA%A9-%DA%A9%D9%88%D8%AF-%D8%B3%D9%85%D9%88%D9%85?page=60
برگ سنا با کیفیت عالی بار امسالی و تازه(250گرمی ),,374400,1497600.0,0.25,True,https://basalam.com/cat/tools/%D8%AE%D8%A7%DA%A9-%DA%A9%D9%88%D8%AF-%D8%B3%D9%85%D9%88%D9%85?page=60
گیاه مورد با کیفیت عالی بار امسالی و تازه(100گرمی),,116400,1164000.0,0.1,True,https://basalam.com/cat/tools/%D8%AE%D8%A7%DA%A9-%DA%A9%D9%88%D8%AF-%D8%B3%D9%85%D9%88%D9%85?page=60
اکالیپتوس با کیفیت عالی بار امسالی و تازه(250 گرمی),,478500,1914000.0,0.25,True,https://basalam.com/cat/tools/%D8%AE%D8%A7%DA%A9-%DA%A9%D9%88%D8%AF-%D8%B3%D9%85%D9%88%D9%85?page=60
گل اسطوخودوس (هندی) با کیفیت عالی بار امسالی و تازه(750 گرمی ),,4625800,6167733.333333333,0.75,True,https://basalam.com/cat/tools/%D8%AE%D8%A7%DA%A9-%DA%A9%D9%88%D8%AF-%D8%B3%D9%85%D9%88%D9%85?page=60
گیاه مریم گلی با کیفیت عالی بار امسالی و تازه(150گرمی),,423300,2822000.0,0.15,True,https://basalam.com/cat/tools/%D8%AE%D8%A7%DA%A9-%DA%A9%D9%88%D8%AF-%D8%B3%D9%85%D9%88%D9%85?page=60
اکالیپتوس با کیفیت عالی بار امسالی و تازه(500گرمی),,816800,1633600.0,0.5,True,https://basalam.com/cat/tools/%D8%AE%D8%A7%DA%A9-%DA%A9%D9%88%D8%AF-%D8%B3%D9%85%D9%88%D9%85?page=60
گیاه شاهتره با کیفیت عالی بار امسالی و تازه(500گرمی ),,503800,1007600.0,0.5,True,https://basalam.com/cat/tools/%D8%AE%D8%A7%DA%A9-%DA%A9%D9%88%D8%AF-%D8%B3%D9%85%D9%88%D9%85?page=60
پونه با کیفیت عالی بار امسالی و تازه(150 گرمی ),,148200,988000.0,0.15,True,https://basalam.com/cat/tools/%D8%AE%D8%A7%DA%A9-%DA%A9%D9%88%D8%AF-%D8%B3%D9%85%D9%88%D9%85?page=60
آلوئه ورا با کیفیت عالی بار امسالی و تازه(50گرمی),,346700,6934000.0,0.05,True,https://basalam.com/cat/tools/%D8%AE%D8%A7%DA%A9-%DA%A9%D9%88%D8%AF-%D8%B3%D9%85%D9%88%D9%85?page=60
گل اسطوخودوس (هندی) با کیفیت عالی بار امسالی و تازه(200 گرمی ),,1387500,6937500.0,0.2,True,https://basalam.com/cat/tools/%D8%AE%D8%A7%DA%A9-%DA%A9%D9%88%D8%AF-%D8%B3%D9%85%D9%88%D9%85?page=60
گل بابونه با کیفیت عالی بار امسالی و تازه(100گرمی),,360900,3609000.0,0.1,True,https://basalam.com/cat/tools/%D8%AE%D8%A7%DA%A9-%DA%A9%D9%88%D8%AF-%D8%B3%D9%85%D9%88%D9%85?page=60
گیاه خارخاسک با کیفیت عالی بار امسالی و تازه(500گرمی),,1020800,2041600.0,0.5,True,https://basalam.com/cat/tools/%D8%AE%D8%A7%DA%A9-%DA%A9%D9%88%D8%AF-%D8%B3%D9%85%D9%88%D9%85?page=61
گل مینا با کیفیت عالی بار امسالی و تازه(50گرمی),,845600,16912000.0,0.05,True,https://basalam.com/cat/tools/%D8%AE%D8%A7%DA%A9-%DA%A9%D9%88%D8%AF-%D8%B3%D9%85%D9%88%D9%85?page=61
پوست اسفرزه با کیفیت عالی بار امسالی و تازه(500گرمی),,4444900,8889800.0,0.5,True,https://basalam.com/cat/tools/%D8%AE%D8%A7%DA%A9-%DA%A9%D9%88%D8%AF-%D8%B3%D9%85%D9%88%D9%85?page=61
گل همیشه بهاربا کیفیت عالی بار امسالی و تازه(100گرمی ),,360900,3609000.0,0.1,True,https://basalam.com/cat/tools/%D8%AE%D8%A7%DA%A9-%DA%A9%D9%88%D8%AF-%D8%B3%D9%85%D9%88%D9%85?page=61
گیاه مرزه با کیفیت عالی بار امسالی و تازه(50گرمی),,153100,3062000.0,0.05,True,https://basalam.com/cat/tools/%D8%AE%D8%A7%DA%A9-%DA%A9%D9%88%D8%AF-%D8%B3%D9%85%D9%88%D9%85?page=61
استویا با کیفیت عالی بار امسالی و تازه(200گرم),,1180600,5903000.0,0.2,True,https://basalam.com/cat/tools/%D8%AE%D8%A7%DA%A9-%DA%A9%D9%88%D8%AF-%D8%B3%D9%85%D9%88%D9%85?page=61
ریشه آنغوزه با کیفیت عالی بار امسالی و تازه(100گرمی ),,247900,2479000.0,0.1,True,https://basalam.com/cat/tools/%D8%AE%D8%A7%DA%A9-%DA%A9%D9%88%D8%AF-%D8%B3%D9%85%D9%88%D9%85?page=61
آلوئه ورا با کیفیت عالی بار امسالی و تازه(500گرمی),,3343700,6687400.0,0.5,True,https://basalam.com/cat/tools/%D8%AE%D8%A7%DA%A9-%DA%A9%D9%88%D8%AF-%D8%B3%D9%85%D9%88%D9%85?page=61
گیاه زوفا با کیفیت عالی بار امسالی و تازه(150گرمی),,387500,2583333.333333333,0.15,True,https://basalam.com/cat/tools/%D8%AE%D8%A7%DA%A9-%DA%A9%D9%88%D8%AF-%D8%B3%D9%85%D9%88%D9%85?page=61
فروش ریشه شیرین بیان با کیفیت عالی بار امسالی و تازه(500گرمی),,1027800,2055600.0,0.5,True,https://basalam.com/cat/tools/%D8%AE%D8%A7%DA%A9-%DA%A9%D9%88%D8%AF-%D8%B3%D9%85%D9%88%D9%85?page=61
بسته شش تایی کود همه کاره ارگانیک ویتامینه گیاهان ویژه ی گیاهان آپارتمانی و زینتی,,1560000,236363.6363636364,6.6,True,https://basalam.com/cat/tools/%D8%AE%D8%A7%DA%A9-%DA%A9%D9%88%D8%AF-%D8%B3%D9%85%D9%88%D9%85?page=61
بسته هفت تایی کود همه کاره ارگانیک ویتامینه گیاهان ویژه ی گیاهان آپارتمانی و زینتی,,1820000,236363.63636363635,7.7,True,https://basalam.com/cat/tools/%D8%AE%D8%A7%DA%A9-%DA%A9%D9%88%D8%AF-%D8%B3%D9%85%D9%88%D9%85?page=61
بسته هشت تایی کود همه کاره ارگانیک ویتامینه گیاهان ویژه ی گیاهان آپارتمانی و زینتی,,2080000,236363.63636363635,8.8,True,https://basalam.com/cat/tools/%D8%AE%D8%A7%DA%A9-%DA%A9%D9%88%D8%AF-%D8%B3%D9%85%D9%88%D9%85?page=61
کود 20-20-20 130 گرمی آگنس,,89000,684615.3846153846,0.13,True,https://basalam.com/cat/tools/%D8%AE%D8%A7%DA%A9-%DA%A9%D9%88%D8%AF-%D8%B3%D9%85%D9%88%D9%85?page=61
کود مایع روتی فرت کود مدل NPK 20-20-20 حجم یک لیتر ( پس کرایه ),,189000,189000.0,1.0,True,https://basalam.com/cat/tools/%D8%AE%D8%A7%DA%A9-%DA%A9%D9%88%D8%AF-%D8%B3%D9%85%D9%88%D9%85?page=61
کود مخصوص گل حاوی فسفر پتاس ازت(پس کرایه),,100000,500000.0,0.2,True,https://basalam.com/cat/tools/%D8%AE%D8%A7%DA%A9-%DA%A9%D9%88%D8%AF-%D8%B3%D9%85%D9%88%D9%85?page=61
کود مایع فروت ست ویژه جنوبگان مدل پلاس حجم یک لیتر,,340200,228322.1476510067,1.49,True,https://basalam.com/cat/tools/%D8%AE%D8%A7%DA%A9-%DA%A9%D9%88%D8%AF-%D8%B3%D9%85%D9%88%D9%85?page=61
کود ریز مغذی منیزیم و گوگرد اریا شیمی مدل آرامیکس وزن 200 گرم,,83300,416500.0,0.2,True,https://basalam.com/cat/tools/%D8%AE%D8%A7%DA%A9-%DA%A9%D9%88%D8%AF-%D8%B3%D9%85%D9%88%D9%85?page=61
کود صابون محلول پاشی یونی جنوبگان مدل AB18 حجم 500 میلی لیتر,,93100,169272.72727272726,0.55,True,https://basalam.com/cat/tools/%D8%AE%D8%A7%DA%A9-%DA%A9%D9%88%D8%AF-%D8%B3%D9%85%D9%88%D9%85?page=62
کود زیستی بایوران مدل تریکوران پی وزن 500 گرم,,390000,780000.0,0.5,True,https://basalam.com/cat/tools/%D8%AE%D8%A7%DA%A9-%DA%A9%D9%88%D8%AF-%D8%B3%D9%85%D9%88%D9%85?page=62
کود پتاسیم منیزیم,,1296000,51840.0,25.0,True,https://basalam.com/cat/tools/%D8%AE%D8%A7%DA%A9-%DA%A9%D9%88%D8%AF-%D8%B3%D9%85%D9%88%D9%85?page=62
کود کامل ماکرو آسان کود,,2678400,53568.0,50.0,True,https://basalam.com/cat/tools/%D8%AE%D8%A7%DA%A9-%DA%A9%D9%88%D8%AF-%D8%B3%D9%85%D9%88%D9%85?page=62
کود کلات آهن6درصد متافارم اسپانیا با اورتو-اورتو 5,,1390000,1390000.0,1.0,True,https://basalam.com/cat/tools/%D8%AE%D8%A7%DA%A9-%DA%A9%D9%88%D8%AF-%D8%B3%D9%85%D9%88%D9%85?page=62
کود جلبک دریایی آلگاستیم برند پرینوا مکزیک یک کیلوگرم,,750000,750000.0,1.0,True,https://basalam.com/cat/tools/%D8%AE%D8%A7%DA%A9-%DA%A9%D9%88%D8%AF-%D8%B3%D9%85%D9%88%D9%85?page=62
کود سولفات مس پرینوای مکزیک,,12400000,496000.0,25.0,True,https://basalam.com/cat/tools/%D8%AE%D8%A7%DA%A9-%DA%A9%D9%88%D8%AF-%D8%B3%D9%85%D9%88%D9%85?page=62
کود 36-12-12 NPK خضراء,,445000,445000.0,1.0,True,https://basalam.com/cat/tools/%D8%AE%D8%A7%DA%A9-%DA%A9%D9%88%D8%AF-%D8%B3%D9%85%D9%88%D9%85?page=62
کود فسفیت.پتاسیم تحت لیسانس اگروناترینتز دل نورته مکزیک,,530000,530000.0,1.0,True,https://basalam.com/cat/tools/%D8%AE%D8%A7%DA%A9-%DA%A9%D9%88%D8%AF-%D8%B3%D9%85%D9%88%D9%85?page=62
کود اسید بوریک گرین پیک مدل BORIC ACID 1000 وزن یک کیلوگرم,,299000,299000.0,1.0,True,https://basalam.com/cat/tools/%D8%AE%D8%A7%DA%A9-%DA%A9%D9%88%D8%AF-%D8%B3%D9%85%D9%88%D9%85?page=62
کود کلسیم سوسپانسیون و میکرونیزه آریا شیمی,,245000,245000.0,1.0,True,https://basalam.com/cat/tools/%D8%AE%D8%A7%DA%A9-%DA%A9%D9%88%D8%AF-%D8%B3%D9%85%D9%88%D9%85?page=62
کود افزایش سبزینگی و تقویت عمومی گیلدا کد Fe10 وزن 25 گرم,,83000,3320000.0,0.025,True,https://basalam.com/cat/tools/%D8%AE%D8%A7%DA%A9-%DA%A9%D9%88%D8%AF-%D8%B3%D9%85%D9%88%D9%85?page=62
کود فعال کننده آنزیم های گیاهی گیلدا کد K25-N5 وزن 25 گرم,,83000,3320000.0,0.025,True,https://basalam.com/cat/tools/%D8%AE%D8%A7%DA%A9-%DA%A9%D9%88%D8%AF-%D8%B3%D9%85%D9%88%D9%85?page=62
کود تقویتی مخصوص گیاهان آپارتمانی NPK 20-20-20,,20000,363636.3636363637,0.055,True,https://basalam.com/cat/tools/%D8%AE%D8%A7%DA%A9-%DA%A9%D9%88%D8%AF-%D8%B3%D9%85%D9%88%D9%85?page=62
کود هیدروپونیک جامد مخصوص گوجه فرنگی و صیفی جات کد T1000,,429000,429000.0,1.0,True,https://basalam.com/cat/tools/%D8%AE%D8%A7%DA%A9-%DA%A9%D9%88%D8%AF-%D8%B3%D9%85%D9%88%D9%85?page=62
کود ضد تنش و محرک رشد,,15000,3000000.0,0.005,True,https://basalam.com/cat/tools/%D8%AE%D8%A7%DA%A9-%DA%A9%D9%88%D8%AF-%D8%B3%D9%85%D9%88%D9%85?page=62
اسکاندیس سبز(گلدان کامل و ریشه پر),,90000,225000.0,0.4,True,https://basalam.com/cat/tools/%D8%AE%D8%A7%DA%A9-%DA%A9%D9%88%D8%AF-%D8%B3%D9%85%D9%88%D9%85?page=62
کود تخصصی گیاهان زینتی برگ انجیری و بابا آدم,,75000,300000.0,0.25,True,https://basalam.com/cat/tools/%D8%AE%D8%A7%DA%A9-%DA%A9%D9%88%D8%AF-%D8%B3%D9%85%D9%88%D9%85?page=63
کود جلبک دریایی,,100000,2000000.0,0.05,True,https://basalam.com/cat/tools/%D8%AE%D8%A7%DA%A9-%DA%A9%D9%88%D8%AF-%D8%B3%D9%85%D9%88%D9%85?page=63
کود ویژه برای افزایش محصول+GREEN SOUL Psoul ده کیلوگرمی,,2496000,249600.0,10.0,True,https://basalam.com/cat/tools/%D8%AE%D8%A7%DA%A9-%DA%A9%D9%88%D8%AF-%D8%B3%D9%85%D9%88%D9%85?page=63
کود آمینو اسید مایع غلیظ GREEN SOUL یک لیتری,,192000,192000.0,1.0,True,https://basalam.com/cat/tools/%D8%AE%D8%A7%DA%A9-%DA%A9%D9%88%D8%AF-%D8%B3%D9%85%D9%88%D9%85?page=63
کود مایع غلیظ فروت ست GREEN SOUL پنج لیتری,,718000,718000.0,1.0,True,https://basalam.com/cat/tools/%D8%AE%D8%A7%DA%A9-%DA%A9%D9%88%D8%AF-%D8%B3%D9%85%D9%88%D9%85?page=63
کود مایع غلیظ کلسیم ژله ای 5لیتریGREEN SOUL,,718000,718000.0,1.0,True,https://basalam.com/cat/tools/%D8%AE%D8%A7%DA%A9-%DA%A9%D9%88%D8%AF-%D8%B3%D9%85%D9%88%D9%85?page=63
فیکوس الاستیکا سایز  دو شاخه قد حدودا 70 80 سانت ارسال با چاپار یا پست انجام میشود و هزینه ی آن با مشتری و پسکرایه,,95000,79166.66666666667,1.2,True,https://basalam.com/cat/tools/%D8%AE%D8%A7%DA%A9-%DA%A9%D9%88%D8%AF-%D8%B3%D9%85%D9%88%D9%85?page=63
کود تخصصی ویژه گیاه زینتی دراسنا,,75000,300000.0,0.25,True,https://basalam.com/cat/tools/%D8%AE%D8%A7%DA%A9-%DA%A9%D9%88%D8%AF-%D8%B3%D9%85%D9%88%D9%85?page=63
کود تخصصی ویژه گیاهان زینتی بنت قنسول و شفلرا,,75000,300000.0,0.25,True,https://basalam.com/cat/tools/%D8%AE%D8%A7%DA%A9-%DA%A9%D9%88%D8%AF-%D8%B3%D9%85%D9%88%D9%85?page=63
کود ارکیده تایمکس حجم 150میلی لیتر مخصوص گل ارکیده,,85000,566666.6666666667,0.15,True,https://basalam.com/cat/tools/%D8%AE%D8%A7%DA%A9-%DA%A9%D9%88%D8%AF-%D8%B3%D9%85%D9%88%D9%85?page=68
کود مخصوص گل های آپارتمانی تایمکس حجم 150 میلی لیتر,,69000,460000.0,0.15,True,https://basalam.com/cat/tools/%D8%AE%D8%A7%DA%A9-%DA%A9%D9%88%D8%AF-%D8%B3%D9%85%D9%88%D9%85?page=68
کود تقویتی مخصوص گیاه بامبو 150 میلی لیتر برند تایمکس,,69000,460000.0,0.15,True,https://basalam.com/cat/tools/%D8%AE%D8%A7%DA%A9-%DA%A9%D9%88%D8%AF-%D8%B3%D9%85%D9%88%D9%85?page=68
کود مایع سه بیست تایمکس ( کود رویشی 20 20 20 ) حجم 150 میلی لیتر,,65000,433333.3333333334,0.15,True,https://basalam.com/cat/tools/%D8%AE%D8%A7%DA%A9-%DA%A9%D9%88%D8%AF-%D8%B3%D9%85%D9%88%D9%85?page=68
کود هورمون سیتوکینین تایمکس 150 میلی لیتر برای رشد برگ گل و گیاه,,85000,566666.6666666667,0.15,True,https://basalam.com/cat/tools/%D8%AE%D8%A7%DA%A9-%DA%A9%D9%88%D8%AF-%D8%B3%D9%85%D9%88%D9%85?page=68
کود آهن 6 درصد پاکت خانگی,,6990,1398000.0,0.005,True,https://basalam.com/cat/tools/%D8%AE%D8%A7%DA%A9-%DA%A9%D9%88%D8%AF-%D8%B3%D9%85%D9%88%D9%85?page=63
پک دو تایی گیاه سنسیو و برگ ارغوانی,,70000,23333.33333333333,3.0,True,https://basalam.com/cat/tools/%D8%AE%D8%A7%DA%A9-%DA%A9%D9%88%D8%AF-%D8%B3%D9%85%D9%88%D9%85?page=68
کود کلات آهن پرینوا مکزیک,,1100000,1100000.0,1.0,True,https://basalam.com/cat/tools/%D8%AE%D8%A7%DA%A9-%DA%A9%D9%88%D8%AF-%D8%B3%D9%85%D9%88%D9%85?page=64
کود ریشه زایی آلگاروت آنوکا (اسپانیا,,1500000,1500000.0,1.0,True,https://basalam.com/cat/tools/%D8%AE%D8%A7%DA%A9-%DA%A9%D9%88%D8%AF-%D8%B3%D9%85%D9%88%D9%85?page=64
کود کامل جنوبگان نیم لیتر عناصر ماکرو و میکرو,,120000,240000.0,0.5,True,https://basalam.com/cat/tools/%D8%AE%D8%A7%DA%A9-%DA%A9%D9%88%D8%AF-%D8%B3%D9%85%D9%88%D9%85?page=64
کود سولفات پتاسیم,,30000,750000.0,0.04,True,https://basalam.com/cat/tools/%D8%AE%D8%A7%DA%A9-%DA%A9%D9%88%D8%AF-%D8%B3%D9%85%D9%88%D9%85?page=64
کود ایسی لایف,,665000,665000.0,1.0,True,https://basalam.com/cat/tools/%D8%AE%D8%A7%DA%A9-%DA%A9%D9%88%D8%AF-%D8%B3%D9%85%D9%88%D9%85?page=64
کود ستامین فروت ست,,400000,400000.0,1.0,True,https://basalam.com/cat/tools/%D8%AE%D8%A7%DA%A9-%DA%A9%D9%88%D8%AF-%D8%B3%D9%85%D9%88%D9%85?page=64
کود سه بیست 202020 بسته 60گرمی,,35000,583333.3333333334,0.06,True,https://basalam.com/cat/tools/%D8%AE%D8%A7%DA%A9-%DA%A9%D9%88%D8%AF-%D8%B3%D9%85%D9%88%D9%85?page=64
کود کلات آهن نوتریتال اورتو4/8 الترا اسپانیا,,1300000,1300000.0,1.0,True,https://basalam.com/cat/tools/%D8%AE%D8%A7%DA%A9-%DA%A9%D9%88%D8%AF-%D8%B3%D9%85%D9%88%D9%85?page=64
کود چالکود گرانولی 555 آذین کود,,525000,21000.0,25.0,True,https://basalam.com/cat/tools/%D8%AE%D8%A7%DA%A9-%DA%A9%D9%88%D8%AF-%D8%B3%D9%85%D9%88%D9%85?page=64
کود موبرزینک (مولیبدن بر و روی) فلوریش حجم یک کیلوگرم,,1014000,989268.2926829268,1.025,True,https://basalam.com/cat/tools/%D8%AE%D8%A7%DA%A9-%DA%A9%D9%88%D8%AF-%D8%B3%D9%85%D9%88%D9%85?page=64
کود سولفات پتاسیم (سولوپتاس) زعیم حجم یک کیلوگرم,,160000,160000.0,1.0,True,https://basalam.com/cat/tools/%D8%AE%D8%A7%DA%A9-%DA%A9%D9%88%D8%AF-%D8%B3%D9%85%D9%88%D9%85?page=64
کود فرتی روس جنوبگان حجم نیم کیلوگرم(500 گرم),,35000,70000.0,0.5,True,https://basalam.com/cat/tools/%D8%AE%D8%A7%DA%A9-%DA%A9%D9%88%D8%AF-%D8%B3%D9%85%D9%88%D9%85?page=64
میکرو مکس آلفردو اسپانیا (کود ریزمغذی کامل همراه با اسیدآمینه) حجم یک لیتر,,915000,644366.1971830986,1.42,True,https://basalam.com/cat/tools/%D8%AE%D8%A7%DA%A9-%DA%A9%D9%88%D8%AF-%D8%B3%D9%85%D9%88%D9%85?page=64
کود مخصوص ریشه زایی,,35000,291666.6666666667,0.12,True,https://basalam.com/cat/tools/%D8%AE%D8%A7%DA%A9-%DA%A9%D9%88%D8%AF-%D8%B3%D9%85%D9%88%D9%85?page=64
کود مخصوص سانسوریا و زاموفیلیا,,60000,1200000.0,0.05,True,https://basalam.com/cat/tools/%D8%AE%D8%A7%DA%A9-%DA%A9%D9%88%D8%AF-%D8%B3%D9%85%D9%88%D9%85?page=64
کود مخصوص گل زاموفیلیا,,40000,333333.3333333334,0.12,True,https://basalam.com/cat/tools/%D8%AE%D8%A7%DA%A9-%DA%A9%D9%88%D8%AF-%D8%B3%D9%85%D9%88%D9%85?page=64
کود مایع ازت بالا مخصوص ریشه زایی وتقویت ساقه و برگ,,45000,346153.8461538461,0.13,True,https://basalam.com/cat/tools/%D8%AE%D8%A7%DA%A9-%DA%A9%D9%88%D8%AF-%D8%B3%D9%85%D9%88%D9%85?page=64
کود تقویتی مخصوص سانسوریا ظرافت وزن 50 گرم,,53000,1060000.0,0.05,True,https://basalam.com/cat/tools/%D8%AE%D8%A7%DA%A9-%DA%A9%D9%88%D8%AF-%D8%B3%D9%85%D9%88%D9%85?page=64
کود تقویتی مخصوص پیازچه ظرافت,,47000,391666.6666666667,0.12,True,https://basalam.com/cat/tools/%D8%AE%D8%A7%DA%A9-%DA%A9%D9%88%D8%AF-%D8%B3%D9%85%D9%88%D9%85?page=64
کود تقویتی مخصوص زرشک ظرافت,,47000,391666.6666666667,0.12,True,https://basalam.com/cat/tools/%D8%AE%D8%A7%DA%A9-%DA%A9%D9%88%D8%AF-%D8%B3%D9%85%D9%88%D9%85?page=64
کود تقویتی مخصوص آلوورا ظرافت وزن 50 گرم,,49000,980000.0,0.05,True,https://basalam.com/cat/tools/%D8%AE%D8%A7%DA%A9-%DA%A9%D9%88%D8%AF-%D8%B3%D9%85%D9%88%D9%85?page=64
کود فیلودندرون اسکاندیس ظرافت وزن 50 گرم مدل KO19175,,55000,1100000.0,0.05,True,https://basalam.com/cat/tools/%D8%AE%D8%A7%DA%A9-%DA%A9%D9%88%D8%AF-%D8%B3%D9%85%D9%88%D9%85?page=64
کود تقویتی مخصوص گل آلیسوم ظرافت,,47000,391666.6666666667,0.12,True,https://basalam.com/cat/tools/%D8%AE%D8%A7%DA%A9-%DA%A9%D9%88%D8%AF-%D8%B3%D9%85%D9%88%D9%85?page=64
کود تقویتی مخصوص سانسوریا بلک دراگون ( مینیاتوری ) ظرافت,,47000,391666.6666666667,0.12,True,https://basalam.com/cat/tools/%D8%AE%D8%A7%DA%A9-%DA%A9%D9%88%D8%AF-%D8%B3%D9%85%D9%88%D9%85?page=64
کود تقویتی مخصوص سانسوریا ماسونی ( باله نهنگی ) ظرافت,,47000,391666.6666666667,0.12,True,https://basalam.com/cat/tools/%D8%AE%D8%A7%DA%A9-%DA%A9%D9%88%D8%AF-%D8%B3%D9%85%D9%88%D9%85?page=64
کود تقویتی مخصوص فیلودندرون زانادو ظرافت,,47000,391666.6666666667,0.12,True,https://basalam.com/cat/tools/%D8%AE%D8%A7%DA%A9-%DA%A9%D9%88%D8%AF-%D8%B3%D9%85%D9%88%D9%85?page=64
کود تقویتی مخصوص کریپتانتوس ظرافت وزن 50 گرم,,49000,980000.0,0.05,True,https://basalam.com/cat/tools/%D8%AE%D8%A7%DA%A9-%DA%A9%D9%88%D8%AF-%D8%B3%D9%85%D9%88%D9%85?page=64
کود تقویتی مخصوص فیلودندرون زانادو ظرافت وزن 50 گرم,,49000,980000.0,0.05,True,https://basalam.com/cat/tools/%D8%AE%D8%A7%DA%A9-%DA%A9%D9%88%D8%AF-%D8%B3%D9%85%D9%88%D9%85?page=64
کود تقویتی مخصوص سانسوریا بلک دراگون ( مینیاتوری ) ظرافت وزن 50 گرم,,49000,980000.0,0.05,True,https://basalam.com/cat/tools/%D8%AE%D8%A7%DA%A9-%DA%A9%D9%88%D8%AF-%D8%B3%D9%85%D9%88%D9%85?page=64
کود تقویتی مخصوص سیر ظرافت وزن 50 گرم,,49000,980000.0,0.05,True,https://basalam.com/cat/tools/%D8%AE%D8%A7%DA%A9-%DA%A9%D9%88%D8%AF-%D8%B3%D9%85%D9%88%D9%85?page=64
کود منگزینک پلاس (Mangazinc Plus),,390000,260000.0,1.5,True,https://basalam.com/cat/tools/%D8%AE%D8%A7%DA%A9-%DA%A9%D9%88%D8%AF-%D8%B3%D9%85%D9%88%D9%85?page=64
کود تقویتی مخصوص تره ظرافت,,47000,391666.6666666667,0.12,True,https://basalam.com/cat/tools/%D8%AE%D8%A7%DA%A9-%DA%A9%D9%88%D8%AF-%D8%B3%D9%85%D9%88%D9%85?page=64
کود تقویتی مخصوص چغندر ظرافت,,47000,391666.6666666667,0.12,True,https://basalam.com/cat/tools/%D8%AE%D8%A7%DA%A9-%DA%A9%D9%88%D8%AF-%D8%B3%D9%85%D9%88%D9%85?page=64
کود تقویتی مخصوص تاج خروس ظرافت وزن 50 گرم,,49000,980000.0,0.05,True,https://basalam.com/cat/tools/%D8%AE%D8%A7%DA%A9-%DA%A9%D9%88%D8%AF-%D8%B3%D9%85%D9%88%D9%85?page=64
کود تقویتی مخصوص گل میمون ظرافت وزن 50 گرم,,49000,980000.0,0.05,True,https://basalam.com/cat/tools/%D8%AE%D8%A7%DA%A9-%DA%A9%D9%88%D8%AF-%D8%B3%D9%85%D9%88%D9%85?page=64
کود تقویتی مخصوص گل سیلین ظرافت وزن 50 گرم,,49000,980000.0,0.05,True,https://basalam.com/cat/tools/%D8%AE%D8%A7%DA%A9-%DA%A9%D9%88%D8%AF-%D8%B3%D9%85%D9%88%D9%85?page=64
کود تقویتی مخصوص درخت اکالیپتوس ظرافت وزن 50 گرم,,49000,980000.0,0.05,True,https://basalam.com/cat/tools/%D8%AE%D8%A7%DA%A9-%DA%A9%D9%88%D8%AF-%D8%B3%D9%85%D9%88%D9%85?page=64
کود کامل پتاس بالا 30-5-15 زیگلر,,7900000,526666.6666666666,15.0,True,https://basalam.com/cat/tools/%D8%AE%D8%A7%DA%A9-%DA%A9%D9%88%D8%AF-%D8%B3%D9%85%D9%88%D9%85?page=69
کود فروت ست جامد,,409000,409000.0,1.0,True,https://basalam.com/cat/tools/%D8%AE%D8%A7%DA%A9-%DA%A9%D9%88%D8%AF-%D8%B3%D9%85%D9%88%D9%85?page=65
کود کلسیم کلات ایکس گرین یک کیلویی,,330000,330000.0,1.0,True,https://basalam.com/cat/tools/%D8%AE%D8%A7%DA%A9-%DA%A9%D9%88%D8%AF-%D8%B3%D9%85%D9%88%D9%85?page=65
کود نیتروژن مایع کالتیفورت اسپانیا,,760000,760000.0,1.0,True,https://basalam.com/cat/tools/%D8%AE%D8%A7%DA%A9-%DA%A9%D9%88%D8%AF-%D8%B3%D9%85%D9%88%D9%85?page=65
کود کلات کلسیم پودری ایکس گرین,,330000,330000.0,1.0,True,https://basalam.com/cat/tools/%D8%AE%D8%A7%DA%A9-%DA%A9%D9%88%D8%AF-%D8%B3%D9%85%D9%88%D9%85?page=65
کود کلسیم کالمکس الترا امکس,,1455000,1455000.0,1.0,True,https://basalam.com/cat/tools/%D8%AE%D8%A7%DA%A9-%DA%A9%D9%88%D8%AF-%D8%B3%D9%85%D9%88%D9%85?page=65
کود 40-20-10 هاروست ایکس گرین,,615000,615000.0,1.0,True,https://basalam.com/cat/tools/%D8%AE%D8%A7%DA%A9-%DA%A9%D9%88%D8%AF-%D8%B3%D9%85%D9%88%D9%85?page=65
کود کاکتوس 125 سی سی پروتکت نیچر,,134000,1030769.2307692308,0.13,True,https://basalam.com/cat/tools/%D8%AE%D8%A7%DA%A9-%DA%A9%D9%88%D8%AF-%D8%B3%D9%85%D9%88%D9%85?page=65
کود مایع بونسای 125 سی سی پروتکت نیچر,,134000,1030769.2307692308,0.13,True,https://basalam.com/cat/tools/%D8%AE%D8%A7%DA%A9-%DA%A9%D9%88%D8%AF-%D8%B3%D9%85%D9%88%D9%85?page=65
کود کامل 20-20-20 NPK وزن 100 گرم دشت سبز,,67000,670000.0,0.1,True,https://basalam.com/cat/tools/%D8%AE%D8%A7%DA%A9-%DA%A9%D9%88%D8%AF-%D8%B3%D9%85%D9%88%D9%85?page=65
کود 40-5-5 مخصوص گلدهی وزن 100 گرم دشت سبز,,67000,670000.0,0.1,True,https://basalam.com/cat/tools/%D8%AE%D8%A7%DA%A9-%DA%A9%D9%88%D8%AF-%D8%B3%D9%85%D9%88%D9%85?page=65
کود آهن 6 درصد دیپوفر آریاشیمی 100 گرم,,90000,900000.0,0.1,True,https://basalam.com/cat/tools/%D8%AE%D8%A7%DA%A9-%DA%A9%D9%88%D8%AF-%D8%B3%D9%85%D9%88%D9%85?page=65
کود سیلیکات پتاسیم زایز,,1175000,1175000.0,1.0,True,https://basalam.com/cat/tools/%D8%AE%D8%A7%DA%A9-%DA%A9%D9%88%D8%AF-%D8%B3%D9%85%D9%88%D9%85?page=69
کود کلسیم کائوس کیمیتک اسپانیا,,670000,670000.0,1.0,True,https://basalam.com/cat/tools/%D8%AE%D8%A7%DA%A9-%DA%A9%D9%88%D8%AF-%D8%B3%D9%85%D9%88%D9%85?page=69
کود آمینو اسید کیمیا,,55000,916666.6666666667,0.06,True,https://basalam.com/cat/tools/%D8%AE%D8%A7%DA%A9-%DA%A9%D9%88%D8%AF-%D8%B3%D9%85%D9%88%D9%85?page=65
کود ریشه زا کیمیا 10.52.10,,50000,833333.3333333334,0.06,True,https://basalam.com/cat/tools/%D8%AE%D8%A7%DA%A9-%DA%A9%D9%88%D8%AF-%D8%B3%D9%85%D9%88%D9%85?page=65
برگ جینکو با کیفیت عالی و ممتاز,,209000,4180000.0,0.05,True,https://basalam.com/cat/tools/%D8%AE%D8%A7%DA%A9-%DA%A9%D9%88%D8%AF-%D8%B3%D9%85%D9%88%D9%85?page=65
گیاه مورد با کیفیت عالی بار امسالی و تازه(50گرمی),,66600,1332000.0,0.05,True,https://basalam.com/cat/tools/%D8%AE%D8%A7%DA%A9-%DA%A9%D9%88%D8%AF-%D8%B3%D9%85%D9%88%D9%85?page=65
گل گاو زبان با کیفیت عالی بار امسالی و تازه(50گرمی),,315000,6300000.0,0.05,True,https://basalam.com/cat/tools/%D8%AE%D8%A7%DA%A9-%DA%A9%D9%88%D8%AF-%D8%B3%D9%85%D9%88%D9%85?page=65
گیاه مریم گلی با کیفیت عالی بار امسالی و تازه(100گرمی),,128900,1289000.0,0.1,True,https://basalam.com/cat/tools/%D8%AE%D8%A7%DA%A9-%DA%A9%D9%88%D8%AF-%D8%B3%D9%85%D9%88%D9%85?page=65
گیاه دم اسب با کیفیت عالی بار امسالی و تازه(100گرمی),,93000,930000.0,0.1,True,https://basalam.com/cat/tools/%D8%AE%D8%A7%DA%A9-%DA%A9%D9%88%D8%AF-%D8%B3%D9%85%D9%88%D9%85?page=65
کود زیستی وغیرشیمیایی بیوسولفور حاوی باکتری تیوباسیلوس,,115000,115000.0,1.0,True,https://basalam.com/cat/tools/%D8%AE%D8%A7%DA%A9-%DA%A9%D9%88%D8%AF-%D8%B3%D9%85%D9%88%D9%85?page=65
کود قطره مخصوص بامبو,,57000,1266666.6666666667,0.045,True,https://basalam.com/cat/tools/%D8%AE%D8%A7%DA%A9-%DA%A9%D9%88%D8%AF-%D8%B3%D9%85%D9%88%D9%85?page=65
کود پودری نیترات کلسیم فایواستار بلژیک بسته بندی ده کیلوگرمی,,2590000,259000.0,10.0,True,https://basalam.com/cat/tools/%D8%AE%D8%A7%DA%A9-%DA%A9%D9%88%D8%AF-%D8%B3%D9%85%D9%88%D9%85?page=65
کود تقویتی مخصوص گل جعفری ظرافت,,47000,391666.6666666667,0.12,True,https://basalam.com/cat/tools/%D8%AE%D8%A7%DA%A9-%DA%A9%D9%88%D8%AF-%D8%B3%D9%85%D9%88%D9%85?page=70
کود تقویتی مخصوص گازمانیا ظرافت وزن 50 گرم,,49000,980000.0,0.05,True,https://basalam.com/cat/tools/%D8%AE%D8%A7%DA%A9-%DA%A9%D9%88%D8%AF-%D8%B3%D9%85%D9%88%D9%85?page=70
کود تقویتی مخصوص سانسوریا گراسیلیس ظرافت,,47000,391666.6666666667,0.12,True,https://basalam.com/cat/tools/%D8%AE%D8%A7%DA%A9-%DA%A9%D9%88%D8%AF-%D8%B3%D9%85%D9%88%D9%85?page=70
کود تقویتی مخصوص پیسونیا ظرافت,,47000,391666.6666666667,0.12,True,https://basalam.com/cat/tools/%D8%AE%D8%A7%DA%A9-%DA%A9%D9%88%D8%AF-%D8%B3%D9%85%D9%88%D9%85?page=70
کود تقویتی مخصوص آگاو آناناسی ( هچیتا ) ظرافت وزن 50 گرم,,49000,980000.0,0.05,True,https://basalam.com/cat/tools/%D8%AE%D8%A7%DA%A9-%DA%A9%D9%88%D8%AF-%D8%B3%D9%85%D9%88%D9%85?page=70
کود تقویتی مخصوص لیندا ظرافت وزن 50 گرم,,49000,980000.0,0.05,True,https://basalam.com/cat/tools/%D8%AE%D8%A7%DA%A9-%DA%A9%D9%88%D8%AF-%D8%B3%D9%85%D9%88%D9%85?page=70
کود تقویتی مخصوص گل کلم ظرافت,,47000,391666.6666666667,0.12,True,https://basalam.com/cat/tools/%D8%AE%D8%A7%DA%A9-%DA%A9%D9%88%D8%AF-%D8%B3%D9%85%D9%88%D9%85?page=70
کود تقویتی مخصوص کاکتوس ژمینو ظرافت,,47000,391666.6666666667,0.12,True,https://basalam.com/cat/tools/%D8%AE%D8%A7%DA%A9-%DA%A9%D9%88%D8%AF-%D8%B3%D9%85%D9%88%D9%85?page=70
کود تقویتی مخصوص گیاهان برگی ظرافت وزن 50 گرم,,49000,980000.0,0.05,True,https://basalam.com/cat/tools/%D8%AE%D8%A7%DA%A9-%DA%A9%D9%88%D8%AF-%D8%B3%D9%85%D9%88%D9%85?page=70
کود تقویتی مخصوص گل ماهور ( خرگوشک ) ظرافت,,47000,391666.6666666667,0.12,True,https://basalam.com/cat/tools/%D8%AE%D8%A7%DA%A9-%DA%A9%D9%88%D8%AF-%D8%B3%D9%85%D9%88%D9%85?page=71
کود تقویتی مخصوص سیاه دانه ظرافت,,47000,391666.6666666667,0.12,True,https://basalam.com/cat/tools/%D8%AE%D8%A7%DA%A9-%DA%A9%D9%88%D8%AF-%D8%B3%D9%85%D9%88%D9%85?page=71
کود تقویتی مخصوص زاموفیلیا ظرافت وزن 50 گرم,,53000,1060000.0,0.05,True,https://basalam.com/cat/tools/%D8%AE%D8%A7%DA%A9-%DA%A9%D9%88%D8%AF-%D8%B3%D9%85%D9%88%D9%85?page=71
کود تقویتی مخصوص گل ستاره ای ظرافت,,47000,391666.6666666667,0.12,True,https://basalam.com/cat/tools/%D8%AE%D8%A7%DA%A9-%DA%A9%D9%88%D8%AF-%D8%B3%D9%85%D9%88%D9%85?page=71
کود تقویتی مخصوص درخت شلیل ظرافت,,47000,391666.6666666667,0.12,True,https://basalam.com/cat/tools/%D8%AE%D8%A7%DA%A9-%DA%A9%D9%88%D8%AF-%D8%B3%D9%85%D9%88%D9%85?page=71
کود تقویتی مخصوص گل ساعتی ظرافت,,47000,391666.6666666667,0.12,True,https://basalam.com/cat/tools/%D8%AE%D8%A7%DA%A9-%DA%A9%D9%88%D8%AF-%D8%B3%D9%85%D9%88%D9%85?page=71
کود تقویتی مخصوص گل کلم زینتی ظرافت,,47000,391666.6666666667,0.12,True,https://basalam.com/cat/tools/%D8%AE%D8%A7%DA%A9-%DA%A9%D9%88%D8%AF-%D8%B3%D9%85%D9%88%D9%85?page=71
کود تقویتی مخصوص گل یخ ( ناز یخی ) ظرافت وزن 50 گرم,,49000,980000.0,0.05,True,https://basalam.com/cat/tools/%D8%AE%D8%A7%DA%A9-%DA%A9%D9%88%D8%AF-%D8%B3%D9%85%D9%88%D9%85?page=71
کود تقویتی مخصوص گل آهار ظرافت وزن 50 گرم,,49000,980000.0,0.05,True,https://basalam.com/cat/tools/%D8%AE%D8%A7%DA%A9-%DA%A9%D9%88%D8%AF-%D8%B3%D9%85%D9%88%D9%85?page=71
کود تقویتی مخصوص گل مینا ظرافت,,47000,391666.6666666667,0.12,True,https://basalam.com/cat/tools/%D8%AE%D8%A7%DA%A9-%DA%A9%D9%88%D8%AF-%D8%B3%D9%85%D9%88%D9%85?page=71
کود تقویتی مخصوص درخت نخل ظرافت وزن 50 گرم,,49000,980000.0,0.05,True,https://basalam.com/cat/tools/%D8%AE%D8%A7%DA%A9-%DA%A9%D9%88%D8%AF-%D8%B3%D9%85%D9%88%D9%85?page=71
کود تقویتی مخصوص لوفا ظرافت وزن 50 گرم,,49000,980000.0,0.05,True,https://basalam.com/cat/tools/%D8%AE%D8%A7%DA%A9-%DA%A9%D9%88%D8%AF-%D8%B3%D9%85%D9%88%D9%85?page=71
کود تقویتی مخصوص درخت لیمو ظرافت,,47000,391666.6666666667,0.12,True,https://basalam.com/cat/tools/%D8%AE%D8%A7%DA%A9-%DA%A9%D9%88%D8%AF-%D8%B3%D9%85%D9%88%D9%85?page=71
کود تقویتی مخصوص ناندینا ( بامبوی مقدس ) ظرافت وزن 50 گرم,,49000,980000.0,0.05,True,https://basalam.com/cat/tools/%D8%AE%D8%A7%DA%A9-%DA%A9%D9%88%D8%AF-%D8%B3%D9%85%D9%88%D9%85?page=71
کود تقویتی مخصوص سویا ظرافت,,47000,391666.6666666667,0.12,True,https://basalam.com/cat/tools/%D8%AE%D8%A7%DA%A9-%DA%A9%D9%88%D8%AF-%D8%B3%D9%85%D9%88%D9%85?page=71
کود تقویتی مخصوص نعنا ظرافت,,47000,391666.6666666667,0.12,True,https://basalam.com/cat/tools/%D8%AE%D8%A7%DA%A9-%DA%A9%D9%88%D8%AF-%D8%B3%D9%85%D9%88%D9%85?page=71
کود تقویتی مخصوص گل درخشنده ( اسکابیوزا ) ظرافت وزن 50 گرم,,49000,980000.0,0.05,True,https://basalam.com/cat/tools/%D8%AE%D8%A7%DA%A9-%DA%A9%D9%88%D8%AF-%D8%B3%D9%85%D9%88%D9%85?page=71
کود تقویتی مخصوص نعنا ظرافت وزن 50 گرم,,49000,980000.0,0.05,True,https://basalam.com/cat/tools/%D8%AE%D8%A7%DA%A9-%DA%A9%D9%88%D8%AF-%D8%B3%D9%85%D9%88%D9%85?page=71
کود تقویتی مخصوص پیازچه ظرافت وزن 50 گرم,,49000,980000.0,0.05,True,https://basalam.com/cat/tools/%D8%AE%D8%A7%DA%A9-%DA%A9%D9%88%D8%AF-%D8%B3%D9%85%D9%88%D9%85?page=71
کود تقویتی مخصوص اسفناج ظرافت وزن 50 گرم,,49000,980000.0,0.05,True,https://basalam.com/cat/tools/%D8%AE%D8%A7%DA%A9-%DA%A9%D9%88%D8%AF-%D8%B3%D9%85%D9%88%D9%85?page=71
کود تقویتی مخصوص گل یاس ظرافت وزن 50 گرم,,49000,980000.0,0.05,True,https://basalam.com/cat/tools/%D8%AE%D8%A7%DA%A9-%DA%A9%D9%88%D8%AF-%D8%B3%D9%85%D9%88%D9%85?page=71
کود تقویتی مخصوص درخت کیوی ظرافت وزن 50 گرم,,49000,980000.0,0.05,True,https://basalam.com/cat/tools/%D8%AE%D8%A7%DA%A9-%DA%A9%D9%88%D8%AF-%D8%B3%D9%85%D9%88%D9%85?page=71
کود مایع کاکتوس فلاور آمی 125 میلی لیتر,,40000,266666.6666666667,0.15,True,https://basalam.com/cat/tools/%D8%AE%D8%A7%DA%A9-%DA%A9%D9%88%D8%AF-%D8%B3%D9%85%D9%88%D9%85?page=71
کود نخل ماداگاسکار ظرافت کد KO21313 وزن 100 گرم,,84900,1698000.0,0.05,True,https://basalam.com/cat/tools/%D8%AE%D8%A7%DA%A9-%DA%A9%D9%88%D8%AF-%D8%B3%D9%85%D9%88%D9%85?page=71
کود نخل ماداگاسکار ظرافت کد KO21313 وزن 250 گرم,,189000,756000.0,0.25,True,https://basalam.com/cat/tools/%D8%AE%D8%A7%DA%A9-%DA%A9%D9%88%D8%AF-%D8%B3%D9%85%D9%88%D9%85?page=71
کود مایع مارانتا ظرافت حجم 250 میلی لیتر مدل KO19170,,85000,340000.0,0.25,True,https://basalam.com/cat/tools/%D8%AE%D8%A7%DA%A9-%DA%A9%D9%88%D8%AF-%D8%B3%D9%85%D9%88%D9%85?page=71
کود افزایش رشد نیتروژن بالا ( ازت بالا ) NPK 30-10-10 + TE ظرافت مدل KO2767 وزن 100 گرم,,69000,690000.0,0.1,True,https://basalam.com/cat/tools/%D8%AE%D8%A7%DA%A9-%DA%A9%D9%88%D8%AF-%D8%B3%D9%85%D9%88%D9%85?page=71
کود سیکاس ظرافت مدل KO19130 حجم 250 میلی لیتر,,79000,316000.0,0.25,True,https://basalam.com/cat/tools/%D8%AE%D8%A7%DA%A9-%DA%A9%D9%88%D8%AF-%D8%B3%D9%85%D9%88%D9%85?page=71
کود کامل تقویتی فیلودندرون اسکاندیس ظرافت وزن 100 گرم مدل KO19175,,85000,850000.0,0.1,True,https://basalam.com/cat/tools/%D8%AE%D8%A7%DA%A9-%DA%A9%D9%88%D8%AF-%D8%B3%D9%85%D9%88%D9%85?page=71
کود مایع گل رز فلاور آمی 125 میلی لیتر (بسته 3 عددی),,110000,244444.44444444444,0.45,True,https://basalam.com/cat/tools/%D8%AE%D8%A7%DA%A9-%DA%A9%D9%88%D8%AF-%D8%B3%D9%85%D9%88%D9%85?page=71
کود تقویتی مخصوص درخت گردو ظرافت وزن 50 گرم,,49000,980000.0,0.05,True,https://basalam.com/cat/tools/%D8%AE%D8%A7%DA%A9-%DA%A9%D9%88%D8%AF-%D8%B3%D9%85%D9%88%D9%85?page=71
کود مایع گل دهی فلاور آمی 125 میلی لیتر (بسته 3 عددی),,110000,229166.6666666667,0.48,True,https://basalam.com/cat/tools/%D8%AE%D8%A7%DA%A9-%DA%A9%D9%88%D8%AF-%D8%B3%D9%85%D9%88%D9%85?page=71
کود تقویتی مخصوص میلو کاکتوس ظرافت وزن 50 گرم,,49000,980000.0,0.05,True,https://basalam.com/cat/tools/%D8%AE%D8%A7%DA%A9-%DA%A9%D9%88%D8%AF-%D8%B3%D9%85%D9%88%D9%85?page=71
کود پتاس آذر سبزینه,,15800,686956.5217391305,0.023,True,https://basalam.com/cat/tools/%D8%AE%D8%A7%DA%A9-%DA%A9%D9%88%D8%AF-%D8%B3%D9%85%D9%88%D9%85?page=71
کود مایع گل رز فلاور آمی 125 میلی لیتر,,40000,266666.6666666667,0.15,True,https://basalam.com/cat/tools/%D8%AE%D8%A7%DA%A9-%DA%A9%D9%88%D8%AF-%D8%B3%D9%85%D9%88%D9%85?page=71
کود تقویتی مخصوص یوکا ظرافت وزن 50 گرم,,49000,980000.0,0.05,True,https://basalam.com/cat/tools/%D8%AE%D8%A7%DA%A9-%DA%A9%D9%88%D8%AF-%D8%B3%D9%85%D9%88%D9%85?page=71
کود تقویتی مخصوص کاکتوس دراگون فروت ( میوه اژدها ) ظرافت وزن 50 گرم,,49000,980000.0,0.05,True,https://basalam.com/cat/tools/%D8%AE%D8%A7%DA%A9-%DA%A9%D9%88%D8%AF-%D8%B3%D9%85%D9%88%D9%85?page=71
کود پتاس بالا ان پی کا 30-5-15 (NPK) دکتر بایو,,59000,590000.0,0.1,True,https://basalam.com/cat/tools/%D8%AE%D8%A7%DA%A9-%DA%A9%D9%88%D8%AF-%D8%B3%D9%85%D9%88%D9%85?page=71
کود تقویتی مخصوص شمشاد طلایی ظرافت وزن 50 گرم,,49000,980000.0,0.05,True,https://basalam.com/cat/tools/%D8%AE%D8%A7%DA%A9-%DA%A9%D9%88%D8%AF-%D8%B3%D9%85%D9%88%D9%85?page=71
کود تقویتی مخصوص بن سای ( بنسای  بونسای ) ظرافت وزن 50 گرم,,49000,980000.0,0.05,True,https://basalam.com/cat/tools/%D8%AE%D8%A7%DA%A9-%DA%A9%D9%88%D8%AF-%D8%B3%D9%85%D9%88%D9%85?page=71
کود آمینو اسید 120 میلی لیتر (بسته 2 عددی),,66000,220000.0,0.3,True,https://basalam.com/cat/tools/%D8%AE%D8%A7%DA%A9-%DA%A9%D9%88%D8%AF-%D8%B3%D9%85%D9%88%D9%85?page=71
کود تقویتی مخصوص موسی در گهواره ( زیپلین ) ظرافت,,47000,391666.6666666667,0.12,True,https://basalam.com/cat/tools/%D8%AE%D8%A7%DA%A9-%DA%A9%D9%88%D8%AF-%D8%B3%D9%85%D9%88%D9%85?page=71
کود کاکتوس و ساکولنت پامچال,,15800,790000.0,0.02,True,https://basalam.com/cat/tools/%D8%AE%D8%A7%DA%A9-%DA%A9%D9%88%D8%AF-%D8%B3%D9%85%D9%88%D9%85?page=71
کود تقویتی مخصوص کالیسیا ظرافت وزن 50 گرم,,49000,980000.0,0.05,True,https://basalam.com/cat/tools/%D8%AE%D8%A7%DA%A9-%DA%A9%D9%88%D8%AF-%D8%B3%D9%85%D9%88%D9%85?page=71
کود میکرو تریس میکس (Trace-Mix),,950000,950000.0,1.0,True,https://basalam.com/cat/tools/%D8%AE%D8%A7%DA%A9-%DA%A9%D9%88%D8%AF-%D8%B3%D9%85%D9%88%D9%85?page=67
کود تقویتی مخصوص دراسنا کامپکت ظرافت وزن 50 گرم,,49000,980000.0,0.05,True,https://basalam.com/cat/tools/%D8%AE%D8%A7%DA%A9-%DA%A9%D9%88%D8%AF-%D8%B3%D9%85%D9%88%D9%85?page=67
کود تقویتی مخصوص برگ قاشقی ظرافت وزن 50 گرم,,49000,980000.0,0.05,True,https://basalam.com/cat/tools/%D8%AE%D8%A7%DA%A9-%DA%A9%D9%88%D8%AF-%D8%B3%D9%85%D9%88%D9%85?page=67
کود تقویتی مخصوص درسنا ظرافت,,47000,391666.6666666667,0.12,True,https://basalam.com/cat/tools/%D8%AE%D8%A7%DA%A9-%DA%A9%D9%88%D8%AF-%D8%B3%D9%85%D9%88%D9%85?page=67
کود تقویتی مخصوص گل پیچ امین الدوله ظرافت وزن 50 گرم,,49000,980000.0,0.05,True,https://basalam.com/cat/tools/%D8%AE%D8%A7%DA%A9-%DA%A9%D9%88%D8%AF-%D8%B3%D9%85%D9%88%D9%85?page=67
کود مایع زاموفیلیا فلاور آمی 125 میلی لیتر,,40000,320000.0,0.125,True,https://basalam.com/cat/tools/%D8%AE%D8%A7%DA%A9-%DA%A9%D9%88%D8%AF-%D8%B3%D9%85%D9%88%D9%85?page=67
کود سه بیست (202020)50گرمی,,98000,1960000.0,0.05,True,https://basalam.com/cat/tools/%D8%AE%D8%A7%DA%A9-%DA%A9%D9%88%D8%AF-%D8%B3%D9%85%D9%88%D9%85?page=68
کود هورمون ریشه زایی پودر روت تارا 100 گرم,,970000,9700000.0,0.1,True,https://basalam.com/cat/tools/%D8%AE%D8%A7%DA%A9-%DA%A9%D9%88%D8%AF-%D8%B3%D9%85%D9%88%D9%85?page=68
کود هیومیک اسید مایع پروتکت پلنت 500 میلی لیتر,,450000,900000.0,0.5,True,https://basalam.com/cat/tools/%D8%AE%D8%A7%DA%A9-%DA%A9%D9%88%D8%AF-%D8%B3%D9%85%D9%88%D9%85?page=68
کود سولوپتاس (سولفات پتاسیم) مدل خانگی وزن 100 گرم,,89000,890000.0,0.1,True,https://basalam.com/cat/tools/%D8%AE%D8%A7%DA%A9-%DA%A9%D9%88%D8%AF-%D8%B3%D9%85%D9%88%D9%85?page=68
کود سولفات منیزیم مدل خانگی وزن 100 گرمی,,69000,690000.0,0.1,True,https://basalam.com/cat/tools/%D8%AE%D8%A7%DA%A9-%DA%A9%D9%88%D8%AF-%D8%B3%D9%85%D9%88%D9%85?page=68
کود اوره (کود نیتروژن) مدل خانگی وزن 100 گرم,,59000,590000.0,0.1,True,https://basalam.com/cat/tools/%D8%AE%D8%A7%DA%A9-%DA%A9%D9%88%D8%AF-%D8%B3%D9%85%D9%88%D9%85?page=68
کود کامل گلدهی NPK پتاس بالا (36-12-12) مدل خانگی وزن 100 گرم,,99000,990000.0,0.1,True,https://basalam.com/cat/tools/%D8%AE%D8%A7%DA%A9-%DA%A9%D9%88%D8%AF-%D8%B3%D9%85%D9%88%D9%85?page=68
کود اسید هیومیک پودری برند گرین پیک درجه یک وزن 900 گرم,,319000,354444.44444444444,0.9,True,https://basalam.com/cat/tools/%D8%AE%D8%A7%DA%A9-%DA%A9%D9%88%D8%AF-%D8%B3%D9%85%D9%88%D9%85?page=68
کود پتاس بالا,,25000,1250000.0,0.02,True,https://basalam.com/cat/tools/%D8%AE%D8%A7%DA%A9-%DA%A9%D9%88%D8%AF-%D8%B3%D9%85%D9%88%D9%85?page=68
کود هیومیک اسید هوماکینگ King وارداتی وزن سه کیلوگرم,,950000,316666.6666666667,3.0,True,https://basalam.com/cat/tools/%D8%AE%D8%A7%DA%A9-%DA%A9%D9%88%D8%AF-%D8%B3%D9%85%D9%88%D9%85?page=68
کود کلات روی زاگرس (پس کرایه),,220000,220000.0,1.0,True,https://basalam.com/cat/tools/%D8%AE%D8%A7%DA%A9-%DA%A9%D9%88%D8%AF-%D8%B3%D9%85%D9%88%D9%85?page=68
پک پاجوش دهی و تقویت شامل مکمل کیسه ای و کود پودری 400 گرمی ماسل ورم(پس کرایه),,450000,900000.0,0.5,True,https://basalam.com/cat/tools/%D8%AE%D8%A7%DA%A9-%DA%A9%D9%88%D8%AF-%D8%B3%D9%85%D9%88%D9%85?page=68
کود کامل NPK سه بیست گیلدا کد 20-20-20 وزن 25 گرم,,90000,3600000.0,0.025,True,https://basalam.com/cat/tools/%D8%AE%D8%A7%DA%A9-%DA%A9%D9%88%D8%AF-%D8%B3%D9%85%D9%88%D9%85?page=69
کود اسید هیومیک,,85000,566666.6666666667,0.15,True,https://basalam.com/cat/tools/%D8%AE%D8%A7%DA%A9-%DA%A9%D9%88%D8%AF-%D8%B3%D9%85%D9%88%D9%85?page=68
کود کالیوم 450 لبوسل,,1475000,1475000.0,1.0,True,https://basalam.com/cat/tools/%D8%AE%D8%A7%DA%A9-%DA%A9%D9%88%D8%AF-%D8%B3%D9%85%D9%88%D9%85?page=68
کود میکرو ریز مغذی اریاشیمی (ویوگرمیگس),,720000,576000.0,1.25,True,https://basalam.com/cat/tools/%D8%AE%D8%A7%DA%A9-%DA%A9%D9%88%D8%AF-%D8%B3%D9%85%D9%88%D9%85?page=68
کود آلی جنگل,,75000,750000.0,0.1,True,https://basalam.com/cat/tools/%D8%AE%D8%A7%DA%A9-%DA%A9%D9%88%D8%AF-%D8%B3%D9%85%D9%88%D9%85?page=68
کود آهن لایفر ایتالیا اورتو اورتو 4.8,,1520000,1520000.0,1.0,True,https://basalam.com/cat/tools/%D8%AE%D8%A7%DA%A9-%DA%A9%D9%88%D8%AF-%D8%B3%D9%85%D9%88%D9%85?page=68
گیاه سانسوریا سیلور گلد زیبا و خاص,,105000,150000.0,0.7,True,https://basalam.com/cat/tools/%D8%AE%D8%A7%DA%A9-%DA%A9%D9%88%D8%AF-%D8%B3%D9%85%D9%88%D9%85?page=68
کود کلات آهن 10 درصد فلوریش حجم یک کیلوگرم,,600000,600000.0,1.0,True,https://basalam.com/cat/tools/%D8%AE%D8%A7%DA%A9-%DA%A9%D9%88%D8%AF-%D8%B3%D9%85%D9%88%D9%85?page=69
کود کی تو پلاس,,35000,250000.0,0.14,True,https://basalam.com/cat/tools/%D8%AE%D8%A7%DA%A9-%DA%A9%D9%88%D8%AF-%D8%B3%D9%85%D9%88%D9%85?page=69
کود نیترات کلسیم جنوبگان مدل کریستال,,2824000,112960.0,25.0,True,https://basalam.com/cat/tools/%D8%AE%D8%A7%DA%A9-%DA%A9%D9%88%D8%AF-%D8%B3%D9%85%D9%88%D9%85?page=69
کود مخصوص افزایش سبزینگی و تقویت عمومی گیلدا,,55000,2200000.0,0.025,True,https://basalam.com/cat/tools/%D8%AE%D8%A7%DA%A9-%DA%A9%D9%88%D8%AF-%D8%B3%D9%85%D9%88%D9%85?page=69
کود فعال کننده آنزیم های گیاهی گیلدا,,55000,2200000.0,0.025,True,https://basalam.com/cat/tools/%D8%AE%D8%A7%DA%A9-%DA%A9%D9%88%D8%AF-%D8%B3%D9%85%D9%88%D9%85?page=69
کود مخصوص ریشه زایی گیلدا,,55000,2200000.0,0.025,True,https://basalam.com/cat/tools/%D8%AE%D8%A7%DA%A9-%DA%A9%D9%88%D8%AF-%D8%B3%D9%85%D9%88%D9%85?page=69
کود کلسیم کلاته 14 درصد فرمولایف (Ca-EDTA),,740000,740000.0,1.0,True,https://basalam.com/cat/tools/%D8%AE%D8%A7%DA%A9-%DA%A9%D9%88%D8%AF-%D8%B3%D9%85%D9%88%D9%85?page=69
کود کامل متعادل فرتینوکس 20-20-20 NPK بنیز 50 گرمی,,35000,700000.0,0.05,True,https://basalam.com/cat/tools/%D8%AE%D8%A7%DA%A9-%DA%A9%D9%88%D8%AF-%D8%B3%D9%85%D9%88%D9%85?page=69
کود آمینو اولترا لهستان یا اسید آمینه,,650000,650000.0,1.0,True,https://basalam.com/cat/tools/%D8%AE%D8%A7%DA%A9-%DA%A9%D9%88%D8%AF-%D8%B3%D9%85%D9%88%D9%85?page=69
کود کلات آهن گرواستار,,66000,1320000.0,0.05,True,https://basalam.com/cat/tools/%D8%AE%D8%A7%DA%A9-%DA%A9%D9%88%D8%AF-%D8%B3%D9%85%D9%88%D9%85?page=69
کود کامل مخصوص NPK کاکتوس گیلدا وزن 25 گرم,,90000,3600000.0,0.025,True,https://basalam.com/cat/tools/%D8%AE%D8%A7%DA%A9-%DA%A9%D9%88%D8%AF-%D8%B3%D9%85%D9%88%D9%85?page=69
کود مایع ارگانیک بمباردیر(پسکرایه),,120000,4000000.0,0.03,True,https://basalam.com/cat/tools/%D8%AE%D8%A7%DA%A9-%DA%A9%D9%88%D8%AF-%D8%B3%D9%85%D9%88%D9%85?page=69
کود مرغی شوک آمریکایی اصل,,1999000,99950.0,20.0,True,https://basalam.com/cat/tools/%D8%AE%D8%A7%DA%A9-%DA%A9%D9%88%D8%AF-%D8%B3%D9%85%D9%88%D9%85?page=69
کود ازت 5 5 25 مخصوص رشد,,177000,177000.0,1.0,True,https://basalam.com/cat/tools/%D8%AE%D8%A7%DA%A9-%DA%A9%D9%88%D8%AF-%D8%B3%D9%85%D9%88%D9%85?page=69
کود فروتست مابع اگرولایو (پس کرایه),,349000,349000.0,1.0,True,https://basalam.com/cat/tools/%D8%AE%D8%A7%DA%A9-%DA%A9%D9%88%D8%AF-%D8%B3%D9%85%D9%88%D9%85?page=69
کود کلسیم بور اسپرانتو (پس کرایه),,1150000,1150000.0,1.0,True,https://basalam.com/cat/tools/%D8%AE%D8%A7%DA%A9-%DA%A9%D9%88%D8%AF-%D8%B3%D9%85%D9%88%D9%85?page=69
کود ریزمغذی امینون میکرو مافا,,950000,950000.0,1.0,True,https://basalam.com/cat/tools/%D8%AE%D8%A7%DA%A9-%DA%A9%D9%88%D8%AF-%D8%B3%D9%85%D9%88%D9%85?page=69
کود مایع آمینو کلات آهن رویش سبز یک لیتری,,548000,548000.0,1.0,True,https://basalam.com/cat/tools/%D8%AE%D8%A7%DA%A9-%DA%A9%D9%88%D8%AF-%D8%B3%D9%85%D9%88%D9%85?page=69
کود فله ای سولوپتاس(سولفات پتاسیم )0.0.52 گما اسپانیا..,,110000,220000.0,0.5,True,https://basalam.com/cat/tools/%D8%AE%D8%A7%DA%A9-%DA%A9%D9%88%D8%AF-%D8%B3%D9%85%D9%88%D9%85?page=69
کود فله ای اوره فسفات.کودرشد سر گل و گیاه,,34000,340000.0,0.1,True,https://basalam.com/cat/tools/%D8%AE%D8%A7%DA%A9-%DA%A9%D9%88%D8%AF-%D8%B3%D9%85%D9%88%D9%85?page=69
کود 121236npk. زیگلر آلمان. فله ای,,94000,940000.0,0.1,True,https://basalam.com/cat/tools/%D8%AE%D8%A7%DA%A9-%DA%A9%D9%88%D8%AF-%D8%B3%D9%85%D9%88%D9%85?page=69
کود تقویتی مخصوص گل میخک ظرافت وزن 50 گرم,,49000,980000.0,0.05,True,https://basalam.com/cat/tools/%D8%AE%D8%A7%DA%A9-%DA%A9%D9%88%D8%AF-%D8%B3%D9%85%D9%88%D9%85?page=70
کود تقویتی مخصوص گل مینا ظرافت وزن 50 گرم,,49000,980000.0,0.05,True,https://basalam.com/cat/tools/%D8%AE%D8%A7%DA%A9-%DA%A9%D9%88%D8%AF-%D8%B3%D9%85%D9%88%D9%85?page=70
کود تقویتی مخصوص گل ژربرا ظرافت,,47000,391666.6666666667,0.12,True,https://basalam.com/cat/tools/%D8%AE%D8%A7%DA%A9-%DA%A9%D9%88%D8%AF-%D8%B3%D9%85%D9%88%D9%85?page=70
کود تقویتی مخصوص بامبو ظرافت,,47000,391666.6666666667,0.12,True,https://basalam.com/cat/tools/%D8%AE%D8%A7%DA%A9-%DA%A9%D9%88%D8%AF-%D8%B3%D9%85%D9%88%D9%85?page=70
کود تقویتی مخصوص بابا آدم ( آلوکازیا ) ظرافت,,47000,391666.6666666667,0.12,True,https://basalam.com/cat/tools/%D8%AE%D8%A7%DA%A9-%DA%A9%D9%88%D8%AF-%D8%B3%D9%85%D9%88%D9%85?page=70
کود مایع آهن فلاور آمی 125 میلی لیتر (بسته 3 عددی),,100000,208333.3333333333,0.48,True,https://basalam.com/cat/tools/%D8%AE%D8%A7%DA%A9-%DA%A9%D9%88%D8%AF-%D8%B3%D9%85%D9%88%D9%85?page=70
کود تقویتی مخصوص پتوس ارتشی ظرافت,,47000,391666.6666666667,0.12,True,https://basalam.com/cat/tools/%D8%AE%D8%A7%DA%A9-%DA%A9%D9%88%D8%AF-%D8%B3%D9%85%D9%88%D9%85?page=70
کود مایع آهن فلاور آمی 500 میلی لیتر (بسته 3 عددی),,160000,91954.02298850576,1.74,True,https://basalam.com/cat/tools/%D8%AE%D8%A7%DA%A9-%DA%A9%D9%88%D8%AF-%D8%B3%D9%85%D9%88%D9%85?page=70
کود فیلودندرون الگانس ظرافت حجم 120 میلی متر مدل KO19180,,53000,441666.6666666667,0.12,True,https://basalam.com/cat/tools/%D8%AE%D8%A7%DA%A9-%DA%A9%D9%88%D8%AF-%D8%B3%D9%85%D9%88%D9%85?page=70
کود تقویتی مخصوص گل بنفشه ظرافت,,47000,391666.6666666667,0.12,True,https://basalam.com/cat/tools/%D8%AE%D8%A7%DA%A9-%DA%A9%D9%88%D8%AF-%D8%B3%D9%85%D9%88%D9%85?page=70
کود تقویتی مخصوص فیلودندرون ماندایانوم ظرافت,,47000,391666.6666666667,0.12,True,https://basalam.com/cat/tools/%D8%AE%D8%A7%DA%A9-%DA%A9%D9%88%D8%AF-%D8%B3%D9%85%D9%88%D9%85?page=70
کود تقویتی مخصوص گل مغربی ظرافت,,47000,391666.6666666667,0.12,True,https://basalam.com/cat/tools/%D8%AE%D8%A7%DA%A9-%DA%A9%D9%88%D8%AF-%D8%B3%D9%85%D9%88%D9%85?page=70
کود تقویتی مخصوص گل شبنم ظرافت,,47000,391666.6666666667,0.12,True,https://basalam.com/cat/tools/%D8%AE%D8%A7%DA%A9-%DA%A9%D9%88%D8%AF-%D8%B3%D9%85%D9%88%D9%85?page=70
کود تقویتی مخصوص اوکالیپتوس ظرافت,,47000,391666.6666666667,0.12,True,https://basalam.com/cat/tools/%D8%AE%D8%A7%DA%A9-%DA%A9%D9%88%D8%AF-%D8%B3%D9%85%D9%88%D9%85?page=70
کود تقویتی مخصوص ریحان ظرافت 120 سی سی,,47000,391666.6666666667,0.12,True,https://basalam.com/cat/tools/%D8%AE%D8%A7%DA%A9-%DA%A9%D9%88%D8%AF-%D8%B3%D9%85%D9%88%D9%85?page=70
کود تقویتی مخصوص گل ابری ظرافت,,47000,391666.6666666667,0.12,True,https://basalam.com/cat/tools/%D8%AE%D8%A7%DA%A9-%DA%A9%D9%88%D8%AF-%D8%B3%D9%85%D9%88%D9%85?page=70
کود تقویتی مخصوص فیلودندرون پاندورافورم ظرافت وزن 50 گرم,,49000,980000.0,0.05,True,https://basalam.com/cat/tools/%D8%AE%D8%A7%DA%A9-%DA%A9%D9%88%D8%AF-%D8%B3%D9%85%D9%88%D9%85?page=70
کود تقویتی مخصوص پسودرانتموم ظرافت وزن 50 گرم,,49000,980000.0,0.05,True,https://basalam.com/cat/tools/%D8%AE%D8%A7%DA%A9-%DA%A9%D9%88%D8%AF-%D8%B3%D9%85%D9%88%D9%85?page=70
کود تقویتی مخصوص سیکلامن ظرافت وزن 50 گرم,,49000,980000.0,0.05,True,https://basalam.com/cat/tools/%D8%AE%D8%A7%DA%A9-%DA%A9%D9%88%D8%AF-%D8%B3%D9%85%D9%88%D9%85?page=70
کود تقویتی مخصوص سینگونیوم ظرافت وزن 50 گرم,,49000,980000.0,0.05,True,https://basalam.com/cat/tools/%D8%AE%D8%A7%DA%A9-%DA%A9%D9%88%D8%AF-%D8%B3%D9%85%D9%88%D9%85?page=70
کود تقویتی مخصوص سانسوریا فیشری ظرافت,,47000,391666.6666666667,0.12,True,https://basalam.com/cat/tools/%D8%AE%D8%A7%DA%A9-%DA%A9%D9%88%D8%AF-%D8%B3%D9%85%D9%88%D9%85?page=70
کود تقویتی مخصوص بابا آدم ( آلوکازیا ) ظرافت وزن 50 گرم,,49000,980000.0,0.05,True,https://basalam.com/cat/tools/%D8%AE%D8%A7%DA%A9-%DA%A9%D9%88%D8%AF-%D8%B3%D9%85%D9%88%D9%85?page=70
کود تقویتی مخصوص درخت بید ظرافت وزن 50 گرم,,49000,980000.0,0.05,True,https://basalam.com/cat/tools/%D8%AE%D8%A7%DA%A9-%DA%A9%D9%88%D8%AF-%D8%B3%D9%85%D9%88%D9%85?page=70
کود تقویتی مخصوص مرزه ظرافت وزن 50 گرم,,49000,980000.0,0.05,True,https://basalam.com/cat/tools/%D8%AE%D8%A7%DA%A9-%DA%A9%D9%88%D8%AF-%D8%B3%D9%85%D9%88%D9%85?page=70
کود مایع بن سای (بنسای بونسای) فلاور آمی 125 میلی لیتر (بسته 2 عددی),,76000,237500.0,0.32,True,https://basalam.com/cat/tools/%D8%AE%D8%A7%DA%A9-%DA%A9%D9%88%D8%AF-%D8%B3%D9%85%D9%88%D9%85?page=70
کود تقویتی مخصوص آرالیا ظرافت,,47000,391666.6666666667,0.12,True,https://basalam.com/cat/tools/%D8%AE%D8%A7%DA%A9-%DA%A9%D9%88%D8%AF-%D8%B3%D9%85%D9%88%D9%85?page=70
کود تقویتی مخصوص دیفن کاملیا ظرافت,,47000,391666.6666666667,0.12,True,https://basalam.com/cat/tools/%D8%AE%D8%A7%DA%A9-%DA%A9%D9%88%D8%AF-%D8%B3%D9%85%D9%88%D9%85?page=70
کود تقویتی مخصوص گل خورشیدی ظرافت,,47000,391666.6666666667,0.12,True,https://basalam.com/cat/tools/%D8%AE%D8%A7%DA%A9-%DA%A9%D9%88%D8%AF-%D8%B3%D9%85%D9%88%D9%85?page=70
کود تقویتی مخصوص آئونیوم ( گل بشقابی ) ظرافت وزن 50 گرم,,49000,980000.0,0.05,True,https://basalam.com/cat/tools/%D8%AE%D8%A7%DA%A9-%DA%A9%D9%88%D8%AF-%D8%B3%D9%85%D9%88%D9%85?page=70
کود تقویتی مخصوص گل یاس وحشی ( ایکسورا ) ظرافت وزن 50 گرم,,49000,980000.0,0.05,True,https://basalam.com/cat/tools/%D8%AE%D8%A7%DA%A9-%DA%A9%D9%88%D8%AF-%D8%B3%D9%85%D9%88%D9%85?page=70
کود تقویتی مخصوص گل عروس ظرافت وزن 50 گرم,,49000,980000.0,0.05,True,https://basalam.com/cat/tools/%D8%AE%D8%A7%DA%A9-%DA%A9%D9%88%D8%AF-%D8%B3%D9%85%D9%88%D9%85?page=70
کود تقویتی مخصوص رازبری ( رزبری ) ظرافت وزن 50 گرم,,49000,980000.0,0.05,True,https://basalam.com/cat/tools/%D8%AE%D8%A7%DA%A9-%DA%A9%D9%88%D8%AF-%D8%B3%D9%85%D9%88%D9%85?page=70
کود تقویتی مخصوص درخت گلابی ظرافت وزن 50 گرم,,49000,980000.0,0.05,True,https://basalam.com/cat/tools/%D8%AE%D8%A7%DA%A9-%DA%A9%D9%88%D8%AF-%D8%B3%D9%85%D9%88%D9%85?page=70
کود تقویتی مخصوص شمشاد ظرافت وزن 50 گرم,,49000,980000.0,0.05,True,https://basalam.com/cat/tools/%D8%AE%D8%A7%DA%A9-%DA%A9%D9%88%D8%AF-%D8%B3%D9%85%D9%88%D9%85?page=70
کود تقویتی مخصوص گل ماگنولیا ( مگنولیا ) ظرافت وزن 50 گرم,,49000,980000.0,0.05,True,https://basalam.com/cat/tools/%D8%AE%D8%A7%DA%A9-%DA%A9%D9%88%D8%AF-%D8%B3%D9%85%D9%88%D9%85?page=70
کود تقویتی مخصوص گل آمارانتوس ظرافت وزن 50 گرم,,49000,980000.0,0.05,True,https://basalam.com/cat/tools/%D8%AE%D8%A7%DA%A9-%DA%A9%D9%88%D8%AF-%D8%B3%D9%85%D9%88%D9%85?page=70
کود تقویتی مخصوص شویدی دم روباهی ظرافت وزن 50 گرم,,49000,980000.0,0.05,True,https://basalam.com/cat/tools/%D8%AE%D8%A7%DA%A9-%DA%A9%D9%88%D8%AF-%D8%B3%D9%85%D9%88%D9%85?page=70
کود تقویتی مخصوص پریمولینا ظرافت وزن 50 گرم,,49000,980000.0,0.05,True,https://basalam.com/cat/tools/%D8%AE%D8%A7%DA%A9-%DA%A9%D9%88%D8%AF-%D8%B3%D9%85%D9%88%D9%85?page=70
کود ازت بالا 42 درصد شوک آمریکایی اصل (کود اوره),,2000000,100000.0,20.0,True,https://basalam.com/cat/tools/%D8%AE%D8%A7%DA%A9-%DA%A9%D9%88%D8%AF-%D8%B3%D9%85%D9%88%D9%85?page=72
کود پتاسیم سیلیکات شوک یک لیتری آمریکایی اصل,,400000,400000.0,1.0,True,https://basalam.com/cat/tools/%D8%AE%D8%A7%DA%A9-%DA%A9%D9%88%D8%AF-%D8%B3%D9%85%D9%88%D9%85?page=72
کود هیومیک اسید شوک 95 درصد یک لیتری آمریکایی اصل,,390000,390000.0,1.0,True,https://basalam.com/cat/tools/%D8%AE%D8%A7%DA%A9-%DA%A9%D9%88%D8%AF-%D8%B3%D9%85%D9%88%D9%85?page=72
کود پتاسیم سیلیکات شوک بیست لیتری آمریکایی اصل,,3700000,18500.0,200.0,True,https://basalam.com/cat/tools/%D8%AE%D8%A7%DA%A9-%DA%A9%D9%88%D8%AF-%D8%B3%D9%85%D9%88%D9%85?page=72
کود ده ایکس شوک (10x) یک لیتری آمریکایی اصل,,420000,420000.0,1.0,True,https://basalam.com/cat/tools/%D8%AE%D8%A7%DA%A9-%DA%A9%D9%88%D8%AF-%D8%B3%D9%85%D9%88%D9%85?page=72
کود فسفر بالا (30 گرمی) - کود ریشه زا - کود ریشه زایی,,65000,2166666.666666667,0.03,True,https://basalam.com/cat/tools/%D8%AE%D8%A7%DA%A9-%DA%A9%D9%88%D8%AF-%D8%B3%D9%85%D9%88%D9%85?page=72
کود سه بیست 202020 (یک ونیم کیلوگرم) تحت لیسانس اسپانیا,,520000,346666.6666666667,1.5,True,https://basalam.com/cat/tools/%D8%AE%D8%A7%DA%A9-%DA%A9%D9%88%D8%AF-%D8%B3%D9%85%D9%88%D9%85?page=72
کود آهن کلاته شماره ثبت 448041,,300000,300000.0,1.0,True,https://basalam.com/cat/tools/%D8%AE%D8%A7%DA%A9-%DA%A9%D9%88%D8%AF-%D8%B3%D9%85%D9%88%D9%85?page=72
کود مایع کامل یک لیتری دیبان,,345000,345000.0,1.0,True,https://basalam.com/cat/tools/%D8%AE%D8%A7%DA%A9-%DA%A9%D9%88%D8%AF-%D8%B3%D9%85%D9%88%D9%85?page=72
هورمون سیتوکینین کود سیتوکنین,,110000,647058.8235294117,0.17,True,https://basalam.com/cat/tools/%D8%AE%D8%A7%DA%A9-%DA%A9%D9%88%D8%AF-%D8%B3%D9%85%D9%88%D9%85?page=72
مولتی کود گیاهان خانگی بسته سه عددی,,194400,972000.0,0.2,True,https://basalam.com/cat/tools/%D8%AE%D8%A7%DA%A9-%DA%A9%D9%88%D8%AF-%D8%B3%D9%85%D9%88%D9%85?page=72
مولتی کود گیاهان آپارتمانی بسته دو عددی,,194400,972000.0,0.2,True,https://basalam.com/cat/tools/%D8%AE%D8%A7%DA%A9-%DA%A9%D9%88%D8%AF-%D8%B3%D9%85%D9%88%D9%85?page=72
مولتی کود برگ انجیری 8 عنصری بسته دو عددی,,194400,972000.0,0.2,True,https://basalam.com/cat/tools/%D8%AE%D8%A7%DA%A9-%DA%A9%D9%88%D8%AF-%D8%B3%D9%85%D9%88%D9%85?page=72
مولتی کود اختصاصی انواع آگلونما بسته دو عددی,,194400,810000.0,0.24,True,https://basalam.com/cat/tools/%D8%AE%D8%A7%DA%A9-%DA%A9%D9%88%D8%AF-%D8%B3%D9%85%D9%88%D9%85?page=72
مولتی کود اختصاصی برگ قاشقی بسته دو عددی,,194400,810000.0,0.24,True,https://basalam.com/cat/tools/%D8%AE%D8%A7%DA%A9-%DA%A9%D9%88%D8%AF-%D8%B3%D9%85%D9%88%D9%85?page=72
مولتی کود پاپیتال عشقه بسته دو عددی,,194400,810000.0,0.24,True,https://basalam.com/cat/tools/%D8%AE%D8%A7%DA%A9-%DA%A9%D9%88%D8%AF-%D8%B3%D9%85%D9%88%D9%85?page=72
مولتی کود اختصاصی حسن یوسف بسته دو عددی,,194400,810000.0,0.24,True,https://basalam.com/cat/tools/%D8%AE%D8%A7%DA%A9-%DA%A9%D9%88%D8%AF-%D8%B3%D9%85%D9%88%D9%85?page=72
کود کامل محرک پاجوش سانسوریا بسته سه عددی,,228700,254111.1111111111,0.9,True,https://basalam.com/cat/tools/%D8%AE%D8%A7%DA%A9-%DA%A9%D9%88%D8%AF-%D8%B3%D9%85%D9%88%D9%85?page=72
کود کامل و اختصاصی ارکیده بسته سه عددی,,211500,587500.0,0.36,True,https://basalam.com/cat/tools/%D8%AE%D8%A7%DA%A9-%DA%A9%D9%88%D8%AF-%D8%B3%D9%85%D9%88%D9%85?page=72
کود کامل و اختصاصی گل کاغذی,,211500,587500.0,0.36,True,https://basalam.com/cat/tools/%D8%AE%D8%A7%DA%A9-%DA%A9%D9%88%D8%AF-%D8%B3%D9%85%D9%88%D9%85?page=72
کود کامل و اختصاصی شمشاد طلایی بسته سه عددی,,211500,587500.0,0.36,True,https://basalam.com/cat/tools/%D8%AE%D8%A7%DA%A9-%DA%A9%D9%88%D8%AF-%D8%B3%D9%85%D9%88%D9%85?page=72
کود کامل و اختصاصی نخل شامادورا بسته سه عددی,,211500,587500.0,0.36,True,https://basalam.com/cat/tools/%D8%AE%D8%A7%DA%A9-%DA%A9%D9%88%D8%AF-%D8%B3%D9%85%D9%88%D9%85?page=72
کود کامل و اختصاصی تراریوم بسته سه عددی,,211500,587500.0,0.36,True,https://basalam.com/cat/tools/%D8%AE%D8%A7%DA%A9-%DA%A9%D9%88%D8%AF-%D8%B3%D9%85%D9%88%D9%85?page=72
مولتی کود کامل و غنی شده با هیومیک اسید بسته سه عددی,,211500,587500.0,0.36,True,https://basalam.com/cat/tools/%D8%AE%D8%A7%DA%A9-%DA%A9%D9%88%D8%AF-%D8%B3%D9%85%D9%88%D9%85?page=72
مولتی کود پتوس بسته سه عددی,,211500,587500.0,0.36,True,https://basalam.com/cat/tools/%D8%AE%D8%A7%DA%A9-%DA%A9%D9%88%D8%AF-%D8%B3%D9%85%D9%88%D9%85?page=72
مولتی کود دیفن باخیا 8 عنصره بسته سه عددی,,211500,705000.0,0.3,True,https://basalam.com/cat/tools/%D8%AE%D8%A7%DA%A9-%DA%A9%D9%88%D8%AF-%D8%B3%D9%85%D9%88%D9%85?page=72
مجموعه کودی سانسوریا وNPK و هیومیک و کود آهن مدل Danesh PK حجم 120 بسته 4تایی,,228700,476458.3333333334,0.48,True,https://basalam.com/cat/tools/%D8%AE%D8%A7%DA%A9-%DA%A9%D9%88%D8%AF-%D8%B3%D9%85%D9%88%D9%85?page=72
مجموعه کودی شامادورا وNPK و هیومیک و کود آهن مدل Danesh PK حجم 120 بسته 4تایی,,228700,476458.3333333334,0.48,True,https://basalam.com/cat/tools/%D8%AE%D8%A7%DA%A9-%DA%A9%D9%88%D8%AF-%D8%B3%D9%85%D9%88%D9%85?page=72
کود مایع هیومیک اسید مدل Danesh Sabz حجم 120 میلی لیتری بسته 8 تایی,,304300,316979.1666666667,0.96,True,https://basalam.com/cat/tools/%D8%AE%D8%A7%DA%A9-%DA%A9%D9%88%D8%AF-%D8%B3%D9%85%D9%88%D9%85?page=72
کود آلی و ارگانیک کاکتوس مدل Danesh Sabz حجم 120 میلی لیتری بسته 8 تایی,,305800,318541.6666666667,0.96,True,https://basalam.com/cat/tools/%D8%AE%D8%A7%DA%A9-%DA%A9%D9%88%D8%AF-%D8%B3%D9%85%D9%88%D9%85?page=72
کود مولتی کود اختصاصی زاموفیلیا مدل Danesh Sabz حجم 120 میلی لیتری بسته 8 تایی,,305800,318541.6666666667,0.96,True,https://basalam.com/cat/tools/%D8%AE%D8%A7%DA%A9-%DA%A9%D9%88%D8%AF-%D8%B3%D9%85%D9%88%D9%85?page=72
کود هیومیک اسید پودری 50 گرمی,,99000,1980000.0,0.05,True,https://basalam.com/cat/tools/%D8%AE%D8%A7%DA%A9-%DA%A9%D9%88%D8%AF-%D8%B3%D9%85%D9%88%D9%85?page=73
کود فروت ست مایع ارگانیک,,498000,498000.0,1.0,True,https://basalam.com/cat/tools/%D8%AE%D8%A7%DA%A9-%DA%A9%D9%88%D8%AF-%D8%B3%D9%85%D9%88%D9%85?page=73
کود 3 بیست npk,,1250000,1250000.0,1.0,True,https://basalam.com/cat/tools/%D8%AE%D8%A7%DA%A9-%DA%A9%D9%88%D8%AF-%D8%B3%D9%85%D9%88%D9%85?page=73
کود جلبک دریایی wave,,1750000,1750000.0,1.0,True,https://basalam.com/cat/tools/%D8%AE%D8%A7%DA%A9-%DA%A9%D9%88%D8%AF-%D8%B3%D9%85%D9%88%D9%85?page=73
کود نیتروژن بالا 1-0-40 ایکس گرین,,730000,73000.0,10.0,True,https://basalam.com/cat/tools/%D8%AE%D8%A7%DA%A9-%DA%A9%D9%88%D8%AF-%D8%B3%D9%85%D9%88%D9%85?page=74
کود تقویتی,,100000,2500000.0,0.04,True,https://basalam.com/cat/tools/%D8%AE%D8%A7%DA%A9-%DA%A9%D9%88%D8%AF-%D8%B3%D9%85%D9%88%D9%85?page=74
کود هیومیک اسید شوک آمریکایی 95 درصد حجم پنج لیتری,,1750000,350000.0,5.0,True,https://basalam.com/cat/tools/%D8%AE%D8%A7%DA%A9-%DA%A9%D9%88%D8%AF-%D8%B3%D9%85%D9%88%D9%85?page=73
کود آهن مکس برند بمب گالن یک لیتری,,370000,370000.0,1.0,True,https://basalam.com/cat/tools/%D8%AE%D8%A7%DA%A9-%DA%A9%D9%88%D8%AF-%D8%B3%D9%85%D9%88%D9%85?page=73
کود فسفر بالای 80 درصد شوک یک لیتری,,540000,540000.0,1.0,True,https://basalam.com/cat/tools/%D8%AE%D8%A7%DA%A9-%DA%A9%D9%88%D8%AF-%D8%B3%D9%85%D9%88%D9%85?page=73
کود مولتی کمپلکس بزند بمب (ریزمغذی کامل) گالن بیست لیتری,,3900000,195000.0,20.0,True,https://basalam.com/cat/tools/%D8%AE%D8%A7%DA%A9-%DA%A9%D9%88%D8%AF-%D8%B3%D9%85%D9%88%D9%85?page=74
کود فروت ست شوک اصل آمریکایی مایع گالن بیست لیتری,,4500000,225000.0,20.0,True,https://basalam.com/cat/tools/%D8%AE%D8%A7%DA%A9-%DA%A9%D9%88%D8%AF-%D8%B3%D9%85%D9%88%D9%85?page=74
کود مایع دیفن باخیا دانشمند کوچک مدل اکولایف حجم 120 میلی لیتر,,40000,200000.0,0.2,True,https://basalam.com/cat/tools/%D8%AE%D8%A7%DA%A9-%DA%A9%D9%88%D8%AF-%D8%B3%D9%85%D9%88%D9%85?page=74
کود رشد بنفشه آفریقایی پروتکت نیچر,,90000,720000.0,0.125,True,https://basalam.com/cat/tools/%D8%AE%D8%A7%DA%A9-%DA%A9%D9%88%D8%AF-%D8%B3%D9%85%D9%88%D9%85?page=74
کود مخصوص رشد ارکیده برند پروتکت نیچر,,90000,720000.0,0.125,True,https://basalam.com/cat/tools/%D8%AE%D8%A7%DA%A9-%DA%A9%D9%88%D8%AF-%D8%B3%D9%85%D9%88%D9%85?page=74
کود پتاس بالا هلندی 36-12-12 کود گلدهی,,100000,1000000.0,0.1,True,https://basalam.com/cat/tools/%D8%AE%D8%A7%DA%A9-%DA%A9%D9%88%D8%AF-%D8%B3%D9%85%D9%88%D9%85?page=74
کود فسفر بالا هلندی 20-50-5 کود ریشه زا,,100000,1000000.0,0.1,True,https://basalam.com/cat/tools/%D8%AE%D8%A7%DA%A9-%DA%A9%D9%88%D8%AF-%D8%B3%D9%85%D9%88%D9%85?page=74
کود سه بیست هلندی 100گرمی,,100000,1000000.0,0.1,True,https://basalam.com/cat/tools/%D8%AE%D8%A7%DA%A9-%DA%A9%D9%88%D8%AF-%D8%B3%D9%85%D9%88%D9%85?page=74
کود سولفات پتاسیم وُپروفرت دو کیلویی,,410000,205000.0,2.0,True,https://basalam.com/cat/tools/%D8%AE%D8%A7%DA%A9-%DA%A9%D9%88%D8%AF-%D8%B3%D9%85%D9%88%D9%85?page=74
کود کامل 12 12 36 گلدیس جهت گیاهان آپارتمانی,,70000,1076923.076923077,0.065,True,https://basalam.com/cat/tools/%D8%AE%D8%A7%DA%A9-%DA%A9%D9%88%D8%AF-%D8%B3%D9%85%D9%88%D9%85?page=74
کود آمینواسید80درصد جنریت یک لیتری محصول ایالات متحده,,900000,750000.0,1.2,True,https://basalam.com/cat/tools/%D8%AE%D8%A7%DA%A9-%DA%A9%D9%88%D8%AF-%D8%B3%D9%85%D9%88%D9%85?page=74
کود شیمیایی میکرو پودری یک کیلویی برند ایزرتوی(izirtuland),,212400,212400.0,1.0,True,https://basalam.com/cat/tools/%D8%AE%D8%A7%DA%A9-%DA%A9%D9%88%D8%AF-%D8%B3%D9%85%D9%88%D9%85?page=74
کود شیمیایی 1-0-40 ده کیلیویی پودری برند ایزرتوی(izirtuland),,1550000,155000.0,10.0,True,https://basalam.com/cat/tools/%D8%AE%D8%A7%DA%A9-%DA%A9%D9%88%D8%AF-%D8%B3%D9%85%D9%88%D9%85?page=74
کود عصاره جلبک دریایی HEX مایع بسته بندی 100 سی سی,,50000,500000.0,0.1,True,https://basalam.com/cat/tools/%D8%AE%D8%A7%DA%A9-%DA%A9%D9%88%D8%AF-%D8%B3%D9%85%D9%88%D9%85?page=75
کود هیومیک اسید پودری جنریت یک کیلویی محصول ایالات متحده,,5000000,5000000.0,1.0,True,https://basalam.com/cat/tools/%D8%AE%D8%A7%DA%A9-%DA%A9%D9%88%D8%AF-%D8%B3%D9%85%D9%88%D9%85?page=75
کود اسید هیومیک95درصد یک لیتری جنریت محصول ایالات متحده,,500000,500000.0,1.0,True,https://basalam.com/cat/tools/%D8%AE%D8%A7%DA%A9-%DA%A9%D9%88%D8%AF-%D8%B3%D9%85%D9%88%D9%85?page=75
نانو کود نیتروژن ازت بالای غنی شده جنریت,,800000,727272.7272727272,1.1,True,https://basalam.com/cat/tools/%D8%AE%D8%A7%DA%A9-%DA%A9%D9%88%D8%AF-%D8%B3%D9%85%D9%88%D9%85?page=75
کود کامل هورمونی مولتی کمپلکس جنریت بیست لیتری,,28350000,1417500.0,20.0,True,https://basalam.com/cat/tools/%D8%AE%D8%A7%DA%A9-%DA%A9%D9%88%D8%AF-%D8%B3%D9%85%D9%88%D9%85?page=75
کود مخصوص زعفران پنج لیتری اصلی و اورجینال,,4200000,823529.4117647059,5.1,True,https://basalam.com/cat/tools/%D8%AE%D8%A7%DA%A9-%DA%A9%D9%88%D8%AF-%D8%B3%D9%85%D9%88%D9%85?page=75
کود جلبک دریایی سیتی مکس نیم کیلو,,650000,1300000.0,0.5,True,https://basalam.com/cat/tools/%D8%AE%D8%A7%DA%A9-%DA%A9%D9%88%D8%AF-%D8%B3%D9%85%D9%88%D9%85?page=74
کود مایع فروت ست حاوی بر و روی برند فرمولایف حجم یک لیتری,,295000,245833.3333333333,1.2,True,https://basalam.com/cat/tools/%D8%AE%D8%A7%DA%A9-%DA%A9%D9%88%D8%AF-%D8%B3%D9%85%D9%88%D9%85?page=77
کود آهن مایع آیسن 250cc برند نوین کشت,,40000,170212.76595744683,0.235,True,https://basalam.com/cat/tools/%D8%AE%D8%A7%DA%A9-%DA%A9%D9%88%D8%AF-%D8%B3%D9%85%D9%88%D9%85?page=77
کود مایع فروت ست حاوی بر و روی برند نوین کشت حجم250cc,,75000,214285.7142857143,0.35,True,https://basalam.com/cat/tools/%D8%AE%D8%A7%DA%A9-%DA%A9%D9%88%D8%AF-%D8%B3%D9%85%D9%88%D9%85?page=77
پرلیت ده لیتری ( ترکیب پرلیت درشت و پرلیت متوسط و پرلیت ریز و پرلیت شکری.. ارسال بصورت پسکرایه ),,185000,18500.0,10.0,True,https://basalam.com/cat/tools/%D8%AE%D8%A7%DA%A9-%DA%A9%D9%88%D8%AF-%D8%B3%D9%85%D9%88%D9%85?page=75
کود مسک (کود کامل آمریکائی شرکت فابکو ) مناسب برای جوانه زنی رشد رویشی تقویت ریشه گلدهی,,437000,4370000.0,0.1,True,https://basalam.com/cat/tools/%D8%AE%D8%A7%DA%A9-%DA%A9%D9%88%D8%AF-%D8%B3%D9%85%D9%88%D9%85?page=75
کود بنفشه آفریقایی 125 میلی لیتر پروتکت نیچر,,70000,560000.0,0.125,True,https://basalam.com/cat/tools/%D8%AE%D8%A7%DA%A9-%DA%A9%D9%88%D8%AF-%D8%B3%D9%85%D9%88%D9%85?page=75
کود مایع بیو 20گلد-Bio 20 gold اومکس 60 میلی لیتر,,155000,2583333.333333333,0.06,True,https://basalam.com/cat/tools/%D8%AE%D8%A7%DA%A9-%DA%A9%D9%88%D8%AF-%D8%B3%D9%85%D9%88%D9%85?page=75
کود کامل 20-20-20 هلندی هورتی گرو دوکیلوگرمی,,1050000,525000.0,2.0,True,https://basalam.com/cat/tools/%D8%AE%D8%A7%DA%A9-%DA%A9%D9%88%D8%AF-%D8%B3%D9%85%D9%88%D9%85?page=82
کود آهن مایع آگیلا فریکو اسپانیایی جهت رفع کمبود آهن در گیاهان,,650000,541666.6666666667,1.2,True,https://basalam.com/cat/tools/%D8%AE%D8%A7%DA%A9-%DA%A9%D9%88%D8%AF-%D8%B3%D9%85%D9%88%D9%85?page=82
کود مایع کلسیم کورت کل اسپانیایی یک لیتری,,600000,545454.5454545454,1.1,True,https://basalam.com/cat/tools/%D8%AE%D8%A7%DA%A9-%DA%A9%D9%88%D8%AF-%D8%B3%D9%85%D9%88%D9%85?page=82
کود کامل فروت ست یک لیتری فروت مکس محصول مجارستان,,830000,754545.4545454545,1.1,True,https://basalam.com/cat/tools/%D8%AE%D8%A7%DA%A9-%DA%A9%D9%88%D8%AF-%D8%B3%D9%85%D9%88%D9%85?page=82
کود آمینو اسید,,109000,726666.6666666667,0.15,True,https://basalam.com/cat/tools/%D8%AE%D8%A7%DA%A9-%DA%A9%D9%88%D8%AF-%D8%B3%D9%85%D9%88%D9%85?page=75
کود کامل NPK (20-20-20),,30000,60000.0,0.5,True,https://basalam.com/cat/tools/%D8%AE%D8%A7%DA%A9-%DA%A9%D9%88%D8%AF-%D8%B3%D9%85%D9%88%D9%85?page=75
فوق العاده ترین کود مایع گیاهان آپارتمانی شامل (12عنصر حیاتی از جمله جلبک دریایی و...),,175000,583333.3333333334,0.3,True,https://basalam.com/cat/tools/%D8%AE%D8%A7%DA%A9-%DA%A9%D9%88%D8%AF-%D8%B3%D9%85%D9%88%D9%85?page=75
کود مایع اسید هیومیک 100 سی سی و (10 لیتری فرومیتو ),,50000,500000.0,0.1,True,https://basalam.com/cat/tools/%D8%AE%D8%A7%DA%A9-%DA%A9%D9%88%D8%AF-%D8%B3%D9%85%D9%88%D9%85?page=75
کود 105210 فسفر بالا ( ریشه زایی و پاجوش دهی )تضمین کیفیت,,57000,814285.7142857142,0.07,True,https://basalam.com/cat/tools/%D8%AE%D8%A7%DA%A9-%DA%A9%D9%88%D8%AF-%D8%B3%D9%85%D9%88%D9%85?page=75
کود آهن دوریتا,,699900,699900.0,1.0,True,https://basalam.com/cat/tools/%D8%AE%D8%A7%DA%A9-%DA%A9%D9%88%D8%AF-%D8%B3%D9%85%D9%88%D9%85?page=75
کود مایع آلی (مرغی)GREEN SOUL یک لیتری,,92000,92000.0,1.0,True,https://basalam.com/cat/tools/%D8%AE%D8%A7%DA%A9-%DA%A9%D9%88%D8%AF-%D8%B3%D9%85%D9%88%D9%85?page=82
کود کامل هورمونی مولتی کمپلکس یک لیتری جنریت محصول آمریکا,,1800000,1500000.0,1.2,True,https://basalam.com/cat/tools/%D8%AE%D8%A7%DA%A9-%DA%A9%D9%88%D8%AF-%D8%B3%D9%85%D9%88%D9%85?page=75
کود NPK 10-5-30 تتاکو مناسب گلدان -باغچه وزن120 گرم,,50000,416666.6666666667,0.12,True,https://basalam.com/cat/tools/%D8%AE%D8%A7%DA%A9-%DA%A9%D9%88%D8%AF-%D8%B3%D9%85%D9%88%D9%85?page=81
کود ضد تنش تتاکو مخصوص گیاهان خانگی وزن 120 گرم,,82500,687500.0,0.12,True,https://basalam.com/cat/tools/%D8%AE%D8%A7%DA%A9-%DA%A9%D9%88%D8%AF-%D8%B3%D9%85%D9%88%D9%85?page=81
کود گیاهان زینتی تتاکو مناسب گلدان و باغچه وزن 120 گرم بسته 5 عددی,,165000,275000.0,0.6,True,https://basalam.com/cat/tools/%D8%AE%D8%A7%DA%A9-%DA%A9%D9%88%D8%AF-%D8%B3%D9%85%D9%88%D9%85?page=81
کود کلات مونو پتاسیم فسفات فلیکسیر آلمان,,210000,210000.0,1.0,True,https://basalam.com/cat/tools/%D8%AE%D8%A7%DA%A9-%DA%A9%D9%88%D8%AF-%D8%B3%D9%85%D9%88%D9%85?page=77
کود مایع کلات آهن فرمول یک,,185000,1423076.923076923,0.13,True,https://basalam.com/cat/tools/%D8%AE%D8%A7%DA%A9-%DA%A9%D9%88%D8%AF-%D8%B3%D9%85%D9%88%D9%85?page=77
کود نوبهار مخصوص درخت هلو  گرانول و پس کرایه,,920000,18400.0,50.0,True,https://basalam.com/cat/tools/%D8%AE%D8%A7%DA%A9-%DA%A9%D9%88%D8%AF-%D8%B3%D9%85%D9%88%D9%85?page=77
کود نوبهار مخصوص درخت انار  گرانول و پس کرایه,,920000,18400.0,50.0,True,https://basalam.com/cat/tools/%D8%AE%D8%A7%DA%A9-%DA%A9%D9%88%D8%AF-%D8%B3%D9%85%D9%88%D9%85?page=77
کود مایع ریشه زا ریزون برند فرمولایف حجم یک لیتری,,355000,304721.03004291846,1.165,True,https://basalam.com/cat/tools/%D8%AE%D8%A7%DA%A9-%DA%A9%D9%88%D8%AF-%D8%B3%D9%85%D9%88%D9%85?page=77
کود گلدهی کامل پودری گلدن فرتی مناسب ارکیده و بنفشه آفریقایی حجم 150 گرمی برند نوین کشت,,80000,533333.3333333334,0.15,True,https://basalam.com/cat/tools/%D8%AE%D8%A7%DA%A9-%DA%A9%D9%88%D8%AF-%D8%B3%D9%85%D9%88%D9%85?page=77
کود هیومیک اسید مایع 250cc مارک نوین کشت,,65000,254901.9607843137,0.255,True,https://basalam.com/cat/tools/%D8%AE%D8%A7%DA%A9-%DA%A9%D9%88%D8%AF-%D8%B3%D9%85%D9%88%D9%85?page=77
کود جلبک دریایی آلگارین پودری برند فرمولایف,,2790000,2790000.0,1.0,True,https://basalam.com/cat/tools/%D8%AE%D8%A7%DA%A9-%DA%A9%D9%88%D8%AF-%D8%B3%D9%85%D9%88%D9%85?page=77
کود کالیوم تی اس 340 ( پتاسیم ) لبوسل آلمان,,769500,38475.0,20.0,True,https://basalam.com/cat/tools/%D8%AE%D8%A7%DA%A9-%DA%A9%D9%88%D8%AF-%D8%B3%D9%85%D9%88%D9%85?page=77
کود بمباردیر اسپانیا 50 سی سی - انفجاری از رشد و باردهی,,89000,1780000.0,0.05,True,https://basalam.com/cat/tools/%D8%AE%D8%A7%DA%A9-%DA%A9%D9%88%D8%AF-%D8%B3%D9%85%D9%88%D9%85?page=77
کود مخصوص رشد عمومی کاج مطبق(70گرم کود خالص),,27000,245454.54545454544,0.11,True,https://basalam.com/cat/tools/%D8%AE%D8%A7%DA%A9-%DA%A9%D9%88%D8%AF-%D8%B3%D9%85%D9%88%D9%85?page=77
کود کامل 18-18-18 جهت افزایش سرعت رشد و سبزینگی Bavaria آلمان(50گرم کود خالص),,43000,614285.7142857142,0.07,True,https://basalam.com/cat/tools/%D8%AE%D8%A7%DA%A9-%DA%A9%D9%88%D8%AF-%D8%B3%D9%85%D9%88%D9%85?page=77
کود کاکتوس و ساکولنت تولید Nutrivit هلند (50گرم کود خالص),,42000,700000.0,0.06,True,https://basalam.com/cat/tools/%D8%AE%D8%A7%DA%A9-%DA%A9%D9%88%D8%AF-%D8%B3%D9%85%D9%88%D9%85?page=77
کود سه بیست 20 20 (2بسته 50 گرمی) برند باواریا آلمان,,85000,850000.0,0.1,True,https://basalam.com/cat/tools/%D8%AE%D8%A7%DA%A9-%DA%A9%D9%88%D8%AF-%D8%B3%D9%85%D9%88%D9%85?page=77
بارهنگ با کیفیت عالی بار امسالی و تازه(500گرمی),,1686700,3373400.0,0.5,True,https://basalam.com/cat/tools/%D8%AE%D8%A7%DA%A9-%DA%A9%D9%88%D8%AF-%D8%B3%D9%85%D9%88%D9%85?page=77
ریشه کاسنی با کیفیت عالی بار امسالی و تازه(50گرمی ),,122600,2452000.0,0.05,True,https://basalam.com/cat/tools/%D8%AE%D8%A7%DA%A9-%DA%A9%D9%88%D8%AF-%D8%B3%D9%85%D9%88%D9%85?page=77
برگ جینکو با کیفیت عالی بار امسالی و تازه(250گرمی ),,1338400,5353600.0,0.25,True,https://basalam.com/cat/tools/%D8%AE%D8%A7%DA%A9-%DA%A9%D9%88%D8%AF-%D8%B3%D9%85%D9%88%D9%85?page=77
گیاه سدر با کیفیت عالی بار امسالی و تازه(500گرمی ),,328000,656000.0,0.5,True,https://basalam.com/cat/tools/%D8%AE%D8%A7%DA%A9-%DA%A9%D9%88%D8%AF-%D8%B3%D9%85%D9%88%D9%85?page=77
ریشه خولنجان با کیفیت عالی بار امسالی و تازه(200گرمی),,959700,4798500.0,0.2,True,https://basalam.com/cat/tools/%D8%AE%D8%A7%DA%A9-%DA%A9%D9%88%D8%AF-%D8%B3%D9%85%D9%88%D9%85?page=77
گیاه خرفه با کیفیت عالی بار امسالی و تازه(250 گرمی),,433700,1734800.0,0.25,True,https://basalam.com/cat/tools/%D8%AE%D8%A7%DA%A9-%DA%A9%D9%88%D8%AF-%D8%B3%D9%85%D9%88%D9%85?page=77
ریشه خولنجان با کیفیت عالی بار امسالی و تازه(150گرمی),,750700,5004666.666666667,0.15,True,https://basalam.com/cat/tools/%D8%AE%D8%A7%DA%A9-%DA%A9%D9%88%D8%AF-%D8%B3%D9%85%D9%88%D9%85?page=77
گیاه خار مریم با کیفیت عالی بار امسالی و تازه(200 گرمی ),,259700,1298500.0,0.2,True,https://basalam.com/cat/tools/%D8%AE%D8%A7%DA%A9-%DA%A9%D9%88%D8%AF-%D8%B3%D9%85%D9%88%D9%85?page=77
گیاه دم اسب با کیفیت عالی بار امسالی و تازه(250گرمی ),,155300,621200.0,0.25,True,https://basalam.com/cat/tools/%D8%AE%D8%A7%DA%A9-%DA%A9%D9%88%D8%AF-%D8%B3%D9%85%D9%88%D9%85?page=77
گیاه نعناع دشتی با کیفیت عالی بار امسالی و تازه(500 گرمی),,944200,1888400.0,0.5,True,https://basalam.com/cat/tools/%D8%AE%D8%A7%DA%A9-%DA%A9%D9%88%D8%AF-%D8%B3%D9%85%D9%88%D9%85?page=77
گل مینا با کیفیت عالی بار امسالی و تازه(500گرمی),,15720000,31440000.0,0.5,True,https://basalam.com/cat/tools/%D8%AE%D8%A7%DA%A9-%DA%A9%D9%88%D8%AF-%D8%B3%D9%85%D9%88%D9%85?page=77
افسنطین با کیفیت عالی بار امسالی و تازه(500گرمی),,973800,1947600.0,0.5,True,https://basalam.com/cat/tools/%D8%AE%D8%A7%DA%A9-%DA%A9%D9%88%D8%AF-%D8%B3%D9%85%D9%88%D9%85?page=77
کود زیر بستری ایستا,,35000,3500000.0,0.01,True,https://basalam.com/cat/tools/%D8%AE%D8%A7%DA%A9-%DA%A9%D9%88%D8%AF-%D8%B3%D9%85%D9%88%D9%85?page=78
کود ریشه زایی هیومیک اسید 60 درصد وپروفرت هلند یک کیلویی,,790000,790000.0,1.0,True,https://basalam.com/cat/tools/%D8%AE%D8%A7%DA%A9-%DA%A9%D9%88%D8%AF-%D8%B3%D9%85%D9%88%D9%85?page=78
کود ریشه زایی فسفر بالا هپی پلنت مدل 10-50-10 وزن 25 گرم,,45000,450000.0,0.1,True,https://basalam.com/cat/tools/%D8%AE%D8%A7%DA%A9-%DA%A9%D9%88%D8%AF-%D8%B3%D9%85%D9%88%D9%85?page=78
کود مایع قطره چکانی برگدهی گیاهان خانگی گلبان کود مدل Fast growth حجم 300 میلی لیتر بسته سه عددی,,109000,1090000.0,0.1,True,https://basalam.com/cat/tools/%D8%AE%D8%A7%DA%A9-%DA%A9%D9%88%D8%AF-%D8%B3%D9%85%D9%88%D9%85?page=78
کود کامل تقویت کننده و محرک رشد زامو مدل Bahar حجم 120 میلی لیتر,,45000,450000.0,0.1,True,https://basalam.com/cat/tools/%D8%AE%D8%A7%DA%A9-%DA%A9%D9%88%D8%AF-%D8%B3%D9%85%D9%88%D9%85?page=78
کود کامل زاموفیلیا طلایی مدل Za حجم 120 میلی لیتر,,45000,450000.0,0.1,True,https://basalam.com/cat/tools/%D8%AE%D8%A7%DA%A9-%DA%A9%D9%88%D8%AF-%D8%B3%D9%85%D9%88%D9%85?page=78
کود کامل زاموفیلیا سبز مدل Z G حجم 120 میلی لیتر,,45000,450000.0,0.1,True,https://basalam.com/cat/tools/%D8%AE%D8%A7%DA%A9-%DA%A9%D9%88%D8%AF-%D8%B3%D9%85%D9%88%D9%85?page=78
کود کامل فردوس سینادیوم گرانتی مدل A18 حجم 120 میلی لیتر,,45000,450000.0,0.1,True,https://basalam.com/cat/tools/%D8%AE%D8%A7%DA%A9-%DA%A9%D9%88%D8%AF-%D8%B3%D9%85%D9%88%D9%85?page=78
کود کامل کروتون کورتون مدل A36 حجم 120 میلی لیتر,,45000,450000.0,0.1,True,https://basalam.com/cat/tools/%D8%AE%D8%A7%DA%A9-%DA%A9%D9%88%D8%AF-%D8%B3%D9%85%D9%88%D9%85?page=78
کود کامل کاج مطبق مدل A29 حجم 120 میلی لیتر,,45000,450000.0,0.1,True,https://basalam.com/cat/tools/%D8%AE%D8%A7%DA%A9-%DA%A9%D9%88%D8%AF-%D8%B3%D9%85%D9%88%D9%85?page=78
کود کامل سانسوریا شمشیری مدل Sansever حجم 120 میلی لیتر,,45000,450000.0,0.1,True,https://basalam.com/cat/tools/%D8%AE%D8%A7%DA%A9-%DA%A9%D9%88%D8%AF-%D8%B3%D9%85%D9%88%D9%85?page=78
کود تقویتی مخصوص خیار هپی پلنت مدل HP325 حجم 120 میلی لیتر,,45000,450000.0,0.1,True,https://basalam.com/cat/tools/%D8%AE%D8%A7%DA%A9-%DA%A9%D9%88%D8%AF-%D8%B3%D9%85%D9%88%D9%85?page=78
کود تقویتی مخصوص نخل اریکا هپی پلنت مدل HP39 حجم 120 میلی لیتر,,45000,450000.0,0.1,True,https://basalam.com/cat/tools/%D8%AE%D8%A7%DA%A9-%DA%A9%D9%88%D8%AF-%D8%B3%D9%85%D9%88%D9%85?page=78
کود تقویتی مخصوص گل آفتابگردان هپی پلنت مدل HP424 حجم 120 میلی لیتر,,45000,450000.0,0.1,True,https://basalam.com/cat/tools/%D8%AE%D8%A7%DA%A9-%DA%A9%D9%88%D8%AF-%D8%B3%D9%85%D9%88%D9%85?page=78
کود مایع مولتی کود گل یاس مدل 14 حجم 120 میلی لیتر,,45000,450000.0,0.1,True,https://basalam.com/cat/tools/%D8%AE%D8%A7%DA%A9-%DA%A9%D9%88%D8%AF-%D8%B3%D9%85%D9%88%D9%85?page=78
کود مایع کامل و تقویت کننده گل دراسنا مدل BRG15 حجم 120 میلی لیتر,,45000,450000.0,0.1,True,https://basalam.com/cat/tools/%D8%AE%D8%A7%DA%A9-%DA%A9%D9%88%D8%AF-%D8%B3%D9%85%D9%88%D9%85?page=78
کود مایع مکمل رشد گیاه درسنا کامپکت مدل Super Power 01 حجم 120 میلی لیتر,,45000,450000.0,0.1,True,https://basalam.com/cat/tools/%D8%AE%D8%A7%DA%A9-%DA%A9%D9%88%D8%AF-%D8%B3%D9%85%D9%88%D9%85?page=78
کود مایع محرک برگ دهی گیاهان خانگی مدل Spower حجم 120 میلی لیتر,,45000,450000.0,0.1,True,https://basalam.com/cat/tools/%D8%AE%D8%A7%DA%A9-%DA%A9%D9%88%D8%AF-%D8%B3%D9%85%D9%88%D9%85?page=78
کود مایع هورمون گلدهی مدل Easy to Use حجم 300 میلی لیتر,,45000,450000.0,0.1,True,https://basalam.com/cat/tools/%D8%AE%D8%A7%DA%A9-%DA%A9%D9%88%D8%AF-%D8%B3%D9%85%D9%88%D9%85?page=78
کود کامل کاکتوس اپونتیا مدل Epontia حجم 120 میلی لیتر,,45000,450000.0,0.1,True,https://basalam.com/cat/tools/%D8%AE%D8%A7%DA%A9-%DA%A9%D9%88%D8%AF-%D8%B3%D9%85%D9%88%D9%85?page=78
کود کامل پتوس مانجولا مدل A60 حجم 120 میلی لیتر,,45000,450000.0,0.1,True,https://basalam.com/cat/tools/%D8%AE%D8%A7%DA%A9-%DA%A9%D9%88%D8%AF-%D8%B3%D9%85%D9%88%D9%85?page=78
کود کامل زمستانه گل گیاه مدل Wer حجم 120 میلی لیتر,,45000,450000.0,0.1,True,https://basalam.com/cat/tools/%D8%AE%D8%A7%DA%A9-%DA%A9%D9%88%D8%AF-%D8%B3%D9%85%D9%88%D9%85?page=78
کود آسپلنیوم سرخس لانه پرنده مدل Am حجم 120 میلی لیتر,,45000,450000.0,0.1,True,https://basalam.com/cat/tools/%D8%AE%D8%A7%DA%A9-%DA%A9%D9%88%D8%AF-%D8%B3%D9%85%D9%88%D9%85?page=78
کود مایع مرکب مخصوص گل حنا مدل Z12 حجم 120 میلی لیتر,,45000,450000.0,0.1,True,https://basalam.com/cat/tools/%D8%AE%D8%A7%DA%A9-%DA%A9%D9%88%D8%AF-%D8%B3%D9%85%D9%88%D9%85?page=78
کود مایع کامل غنی شده محرک پاجوش گیاهان مدل MultiPlus حجم 120 میلی لیتر,,45000,450000.0,0.1,True,https://basalam.com/cat/tools/%D8%AE%D8%A7%DA%A9-%DA%A9%D9%88%D8%AF-%D8%B3%D9%85%D9%88%D9%85?page=78
کود مایع محرک رشد دیفن باخیا مدل Easy to Use حجم 120 میلی لیتر,,45000,450000.0,0.1,True,https://basalam.com/cat/tools/%D8%AE%D8%A7%DA%A9-%DA%A9%D9%88%D8%AF-%D8%B3%D9%85%D9%88%D9%85?page=78
کود کامل آزالیا مدل A30 حجم 120 میلی لیتر,,45000,450000.0,0.1,True,https://basalam.com/cat/tools/%D8%AE%D8%A7%DA%A9-%DA%A9%D9%88%D8%AF-%D8%B3%D9%85%D9%88%D9%85?page=78
کود مایع تخصصی دراسنا کد 8 حجم 120 میلی لیتر بسته 8 عددی,,209000,2090000.0,0.1,True,https://basalam.com/cat/tools/%D8%AE%D8%A7%DA%A9-%DA%A9%D9%88%D8%AF-%D8%B3%D9%85%D9%88%D9%85?page=78
کود مایع اسید آمینه مخصوص گیاهان خانگی مدل 2022 حجم 120 میلی لیتر بسته سه عددی,,69000,690000.0,0.1,True,https://basalam.com/cat/tools/%D8%AE%D8%A7%DA%A9-%DA%A9%D9%88%D8%AF-%D8%B3%D9%85%D9%88%D9%85?page=78
کود مایع ان پی کا فسفر بالا مدل NPK 10 52 10 حجم 360 میلی لیتر بسته سه عددی,,59000,590000.0,0.1,True,https://basalam.com/cat/tools/%D8%AE%D8%A7%DA%A9-%DA%A9%D9%88%D8%AF-%D8%B3%D9%85%D9%88%D9%85?page=78
کود مایع محرک رشد اسطوخدوس مدل Super power حجم 120 میلی لیتر بسته دو عددی,,109000,1090000.0,0.1,True,https://basalam.com/cat/tools/%D8%AE%D8%A7%DA%A9-%DA%A9%D9%88%D8%AF-%D8%B3%D9%85%D9%88%D9%85?page=78
کود تقویتی مخصوص گل رز هپی پلنت مدل HP502 حجم 120 میلی لیتر,,45000,450000.0,0.1,True,https://basalam.com/cat/tools/%D8%AE%D8%A7%DA%A9-%DA%A9%D9%88%D8%AF-%D8%B3%D9%85%D9%88%D9%85?page=78
کود ضد تنش و استرس هپی پلنت مدل آمینواسید وزن 25 گرم,,46000,460000.0,0.1,True,https://basalam.com/cat/tools/%D8%AE%D8%A7%DA%A9-%DA%A9%D9%88%D8%AF-%D8%B3%D9%85%D9%88%D9%85?page=78
کود مایع چتری شفلرا و سه بیست و آهن و هیومیک مدل A حجم 120 میلی لیتر بسته 8 عددی,,209000,2090000.0,0.1,True,https://basalam.com/cat/tools/%D8%AE%D8%A7%DA%A9-%DA%A9%D9%88%D8%AF-%D8%B3%D9%85%D9%88%D9%85?page=78
پک 5 عددی گیاه پتوس سبز آویز بسیار با کیفیت و شاداب,,1200000,120000.0,10.0,True,https://basalam.com/cat/tools/%D8%AE%D8%A7%DA%A9-%DA%A9%D9%88%D8%AF-%D8%B3%D9%85%D9%88%D9%85?page=79
پتوس مرمری گیاه آپارتمانی مقاوم و ماندگار سایز سطل بزرگ,,399000,133000.0,3.0,True,https://basalam.com/cat/tools/%D8%AE%D8%A7%DA%A9-%DA%A9%D9%88%D8%AF-%D8%B3%D9%85%D9%88%D9%85?page=79
پاچیرا بافت سایز بزرگ بسیار زیبا و با کیفیت با ارتفاع یک متر,,4990000,1247500.0,4.0,True,https://basalam.com/cat/tools/%D8%AE%D8%A7%DA%A9-%DA%A9%D9%88%D8%AF-%D8%B3%D9%85%D9%88%D9%85?page=79
بابا آدم تنه قرمز آلوکازیا گیاه آپارتمانی زیبا و با کیفیت,,369000,123000.0,3.0,True,https://basalam.com/cat/tools/%D8%AE%D8%A7%DA%A9-%DA%A9%D9%88%D8%AF-%D8%B3%D9%85%D9%88%D9%85?page=79
گیاه آگلونما سفید چند بوته و بسیار پر به همراه گلدان پلیمری نشکن و زیر گلدانی,,699000,233000.0,3.0,True,https://basalam.com/cat/tools/%D8%AE%D8%A7%DA%A9-%DA%A9%D9%88%D8%AF-%D8%B3%D9%85%D9%88%D9%85?page=79
کود تقویتی و محرک رشد(اسپری) تالین حاوی عناصر ماکرو و میکرو جهت محرک رشد و برگدهی و گلدهی گیاهان,,119000,283333.3333333334,0.42,True,https://basalam.com/cat/tools/%D8%AE%D8%A7%DA%A9-%DA%A9%D9%88%D8%AF-%D8%B3%D9%85%D9%88%D9%85?page=79
درختچه فیکوس بنجامین ابلق بسیار پر و زیبا با ارتفاع حدود 110 سانتی متر,,3850000,385000.0,10.0,True,https://basalam.com/cat/tools/%D8%AE%D8%A7%DA%A9-%DA%A9%D9%88%D8%AF-%D8%B3%D9%85%D9%88%D9%85?page=79
گیاه گندمی ابلق گیاه آپارتمانی مقاوم و ماندگار با کیفیت و زیبا,,99000,49500.0,2.0,True,https://basalam.com/cat/tools/%D8%AE%D8%A7%DA%A9-%DA%A9%D9%88%D8%AF-%D8%B3%D9%85%D9%88%D9%85?page=79
گیاه دیفن باخیا برگ پهن مقاوم و با نگهداری آسان,,550000,183333.3333333333,3.0,True,https://basalam.com/cat/tools/%D8%AE%D8%A7%DA%A9-%DA%A9%D9%88%D8%AF-%D8%B3%D9%85%D9%88%D9%85?page=79
کود کلسیم تایمکس برطرف کننده ریزش برگ بدشکلی و پیچ خوردگی سوختگی نوک برگ و افزایش شاخه و برگ گیاه,,119000,793333.3333333334,0.15,True,https://basalam.com/cat/tools/%D8%AE%D8%A7%DA%A9-%DA%A9%D9%88%D8%AF-%D8%B3%D9%85%D9%88%D9%85?page=79
آگلونما سفید برفی زیبا و با کیفیت,,299000,299000.0,1.0,True,https://basalam.com/cat/tools/%D8%AE%D8%A7%DA%A9-%DA%A9%D9%88%D8%AF-%D8%B3%D9%85%D9%88%D9%85?page=79
هویا کارنوزا گیسو مریم گیاه آپارتمانی مقاوم و زیبا,,159000,159000.0,1.0,True,https://basalam.com/cat/tools/%D8%AE%D8%A7%DA%A9-%DA%A9%D9%88%D8%AF-%D8%B3%D9%85%D9%88%D9%85?page=79
اسکاندیس سبز گیاه آپارتمانی مقاوم و با نگهداری آسان,,199000,199000.0,1.0,True,https://basalam.com/cat/tools/%D8%AE%D8%A7%DA%A9-%DA%A9%D9%88%D8%AF-%D8%B3%D9%85%D9%88%D9%85?page=79
کود سانسوریا آمی فلاور 125 میلی لیتر,,89000,712000.0,0.125,True,https://basalam.com/cat/tools/%D8%AE%D8%A7%DA%A9-%DA%A9%D9%88%D8%AF-%D8%B3%D9%85%D9%88%D9%85?page=79
کود مایع هورمون جیبرلین تایمکس ( 150 میلی لیتر ),,119000,793333.3333333334,0.15,True,https://basalam.com/cat/tools/%D8%AE%D8%A7%DA%A9-%DA%A9%D9%88%D8%AF-%D8%B3%D9%85%D9%88%D9%85?page=79
کود سه بیست 202020جنوبگان,,225000,225000.0,1.0,True,https://basalam.com/cat/tools/%D8%AE%D8%A7%DA%A9-%DA%A9%D9%88%D8%AF-%D8%B3%D9%85%D9%88%D9%85?page=80
محلول کود گیاهان آبزی قرمز رنگ p2 اوشن فری 120g (ساخت سنگاپور),,320300,2463846.153846154,0.13,True,https://basalam.com/cat/tools/%D8%AE%D8%A7%DA%A9-%DA%A9%D9%88%D8%AF-%D8%B3%D9%85%D9%88%D9%85?page=79
کود مایع کامل گیاهان آبزی ترایو پلاس نایلوگ 500 میلی (مخصوص تانک گیاهی حرفه ای),,950000,1900000.0,0.5,True,https://basalam.com/cat/tools/%D8%AE%D8%A7%DA%A9-%DA%A9%D9%88%D8%AF-%D8%B3%D9%85%D9%88%D9%85?page=79
کود کامل سه بیست کد 20-20-20 NPK وزن 150 گرم,,85000,566666.6666666667,0.15,True,https://basalam.com/cat/tools/%D8%AE%D8%A7%DA%A9-%DA%A9%D9%88%D8%AF-%D8%B3%D9%85%D9%88%D9%85?page=79
کود پریونت فروت ست (اکوافارما),,1085000,2170000.0,0.5,True,https://basalam.com/cat/tools/%D8%AE%D8%A7%DA%A9-%DA%A9%D9%88%D8%AF-%D8%B3%D9%85%D9%88%D9%85?page=79
کود مایع ازته,,48000,48000.0,1.0,True,https://basalam.com/cat/tools/%D8%AE%D8%A7%DA%A9-%DA%A9%D9%88%D8%AF-%D8%B3%D9%85%D9%88%D9%85?page=79
کود اسید آمینه یک لیتری (ضد تنش و بالا بردن مقاومت گیاه ),,170000,170000.0,1.0,True,https://basalam.com/cat/tools/%D8%AE%D8%A7%DA%A9-%DA%A9%D9%88%D8%AF-%D8%B3%D9%85%D9%88%D9%85?page=79
کود 36-12-12 (پتاس بالا) 100 گرمی,,25000,250000.0,0.1,True,https://basalam.com/cat/tools/%D8%AE%D8%A7%DA%A9-%DA%A9%D9%88%D8%AF-%D8%B3%D9%85%D9%88%D9%85?page=79
کود گوگرد مایع یک لیتری (کود سولفور),,140000,116666.66666666669,1.2,True,https://basalam.com/cat/tools/%D8%AE%D8%A7%DA%A9-%DA%A9%D9%88%D8%AF-%D8%B3%D9%85%D9%88%D9%85?page=79
کود 10-52-10 (مخصوص ریشه)200 گرمی,,50000,250000.0,0.2,True,https://basalam.com/cat/tools/%D8%AE%D8%A7%DA%A9-%DA%A9%D9%88%D8%AF-%D8%B3%D9%85%D9%88%D9%85?page=79
کود فسفر ریشه زا 105210 ویسپو زرین کود مخصوص گلدان و گیاهان خانگی,,343500,343500.0,1.0,True,https://basalam.com/cat/tools/%D8%AE%D8%A7%DA%A9-%DA%A9%D9%88%D8%AF-%D8%B3%D9%85%D9%88%D9%85?page=79
هیومیک اسید 70 درصد ورانو زرین کود مخصوص گلدان و گیاهان آپارتمانی و خانگی,,325000,325000.0,1.0,True,https://basalam.com/cat/tools/%D8%AE%D8%A7%DA%A9-%DA%A9%D9%88%D8%AF-%D8%B3%D9%85%D9%88%D9%85?page=79
پرلیت دانه درشت بستر کشت استریل و بسیار سبک,,40000,114285.71428571428,0.35,True,https://basalam.com/cat/tools/%D8%AE%D8%A7%DA%A9-%DA%A9%D9%88%D8%AF-%D8%B3%D9%85%D9%88%D9%85?page=79
کود جنگل ویژه گل و گیاه آپارتمانی 125سی سی,,65000,520000.0,0.125,True,https://basalam.com/cat/tools/%D8%AE%D8%A7%DA%A9-%DA%A9%D9%88%D8%AF-%D8%B3%D9%85%D9%88%D9%85?page=79
کود آمینواسید جنریت یک لیتری محصول ایالات متحده,,900000,750000.0,1.2,True,https://basalam.com/cat/tools/%D8%AE%D8%A7%DA%A9-%DA%A9%D9%88%D8%AF-%D8%B3%D9%85%D9%88%D9%85?page=83
کود سوپر پتاس حاصلخیز پودر 200 گرمی تقویت گلدهی و میوه دهی بدون کلر,,248400,1242000.0,0.2,True,https://basalam.com/cat/tools/%D8%AE%D8%A7%DA%A9-%DA%A9%D9%88%D8%AF-%D8%B3%D9%85%D9%88%D9%85?page=85
کود 10-52-10 (مخصوص ریشه) 500 گرمی,,75000,150000.0,0.5,True,https://basalam.com/cat/tools/%D8%AE%D8%A7%DA%A9-%DA%A9%D9%88%D8%AF-%D8%B3%D9%85%D9%88%D9%85?page=85
کود اسید آمینه پودری گرند آمینو چینی (آمریکایی) با وزن 500 گرم,,650000,1300000.0,0.5,True,https://basalam.com/cat/tools/%D8%AE%D8%A7%DA%A9-%DA%A9%D9%88%D8%AF-%D8%B3%D9%85%D9%88%D9%85?page=80
سانسوریا مهتابی یا سیلورسطل سه گیاه مادری. ارسال با چاپار یا تیپاکس انجام و هزینه با مشتری و پسکرایه,,63000,63000.0,1.0,True,https://basalam.com/cat/tools/%D8%AE%D8%A7%DA%A9-%DA%A9%D9%88%D8%AF-%D8%B3%D9%85%D9%88%D9%85?page=80
اسکاندیس ابلق گیاه آپارتمانی رونده و زیبا,,299000,299000.0,1.0,True,https://basalam.com/cat/tools/%D8%AE%D8%A7%DA%A9-%DA%A9%D9%88%D8%AF-%D8%B3%D9%85%D9%88%D9%85?page=83
پک کودهای مراقبتی گیاهان آپارتمانی,,310000,775000.0,0.4,True,https://basalam.com/cat/tools/%D8%AE%D8%A7%DA%A9-%DA%A9%D9%88%D8%AF-%D8%B3%D9%85%D9%88%D9%85?page=80
کود آنتوریوم برند پروتکت نیچر اسپانیا,,110000,880000.0,0.125,True,https://basalam.com/cat/tools/%D8%AE%D8%A7%DA%A9-%DA%A9%D9%88%D8%AF-%D8%B3%D9%85%D9%88%D9%85?page=80
کود شیفت (ریزمغذی) یک لیتری,,1166000,1166000.0,1.0,True,https://basalam.com/cat/tools/%D8%AE%D8%A7%DA%A9-%DA%A9%D9%88%D8%AF-%D8%B3%D9%85%D9%88%D9%85?page=80
کود نیتروژنی نورگ ان نواگرو,,792000,792000.0,1.0,True,https://basalam.com/cat/tools/%D8%AE%D8%A7%DA%A9-%DA%A9%D9%88%D8%AF-%D8%B3%D9%85%D9%88%D9%85?page=80
کود زیستی مایکوریزا مدل مایکوروت حجم یک کیلوگرم (بصورت فله),,120000,120000.0,1.0,True,https://basalam.com/cat/tools/%D8%AE%D8%A7%DA%A9-%DA%A9%D9%88%D8%AF-%D8%B3%D9%85%D9%88%D9%85?page=80
کود فول مکس بمب یک لیتری اصل,,270000,270000.0,1.0,True,https://basalam.com/cat/tools/%D8%AE%D8%A7%DA%A9-%DA%A9%D9%88%D8%AF-%D8%B3%D9%85%D9%88%D9%85?page=82
کود هیومیک اسید پودری 100 گرمی آمریکایی با حلالیت بالا (هزینه ارسال پسکرایه),,60000,600000.0,0.1,True,https://basalam.com/cat/tools/%D8%AE%D8%A7%DA%A9-%DA%A9%D9%88%D8%AF-%D8%B3%D9%85%D9%88%D9%85?page=83
کود تقویتی مخصوص بونسای با حجم 120 میلی لیتر برند تایمکس,,69000,460000.0,0.15,True,https://basalam.com/cat/tools/%D8%AE%D8%A7%DA%A9-%DA%A9%D9%88%D8%AF-%D8%B3%D9%85%D9%88%D9%85?page=83
کود آهن نانو 11درصد یک لیتری جنریت اصلی محصول آمریکا,,1530000,1390909.0909090908,1.1,True,https://basalam.com/cat/tools/%D8%AE%D8%A7%DA%A9-%DA%A9%D9%88%D8%AF-%D8%B3%D9%85%D9%88%D9%85?page=83
کود آهن نانو 11درصد پنج لیتری جنریت اصلی محصول آمریکا,,6390000,1252941.1764705884,5.1,True,https://basalam.com/cat/tools/%D8%AE%D8%A7%DA%A9-%DA%A9%D9%88%D8%AF-%D8%B3%D9%85%D9%88%D9%85?page=83
کود بیولوژیک فسفاته به رشد(یک لیتری),,193600,193600.0,1.0,True,https://basalam.com/cat/tools/%D8%AE%D8%A7%DA%A9-%DA%A9%D9%88%D8%AF-%D8%B3%D9%85%D9%88%D9%85?page=87
آفت کش آبامکتین راز گل ها ( مناسب برای مبارزه با کنه ها و ...) ( 30 میلی),,110000,2750000.0,0.04,True,https://basalam.com/cat/tools/%D8%AE%D8%A7%DA%A9-%DA%A9%D9%88%D8%AF-%D8%B3%D9%85%D9%88%D9%85?page=83
کود تقویتی 121236 (پس کرایه),,330000,330000.0,1.0,True,https://basalam.com/cat/tools/%D8%AE%D8%A7%DA%A9-%DA%A9%D9%88%D8%AF-%D8%B3%D9%85%D9%88%D9%85?page=83
کود تقویتی جلبک دریایی,,15000,3000000.0,0.005,True,https://basalam.com/cat/tools/%D8%AE%D8%A7%DA%A9-%DA%A9%D9%88%D8%AF-%D8%B3%D9%85%D9%88%D9%85?page=84
کود تقویتی آهن,,15000,3000000.0,0.005,True,https://basalam.com/cat/tools/%D8%AE%D8%A7%DA%A9-%DA%A9%D9%88%D8%AF-%D8%B3%D9%85%D9%88%D9%85?page=84
کود نیترات پتاسیم تتاکو مناسب گلدان و باغچه وزن 120 گرم,,50000,416666.6666666667,0.12,True,https://basalam.com/cat/tools/%D8%AE%D8%A7%DA%A9-%DA%A9%D9%88%D8%AF-%D8%B3%D9%85%D9%88%D9%85?page=84
کود سولفات آهن تتاکو مناسب گلدان و باغجه وزن 120 گرم,,40000,333333.3333333334,0.12,True,https://basalam.com/cat/tools/%D8%AE%D8%A7%DA%A9-%DA%A9%D9%88%D8%AF-%D8%B3%D9%85%D9%88%D9%85?page=84
کود 32-12-12 تتاکو ده کیلویی زیگمافر هلند,,3000000,300000.0,10.0,True,https://basalam.com/cat/tools/%D8%AE%D8%A7%DA%A9-%DA%A9%D9%88%D8%AF-%D8%B3%D9%85%D9%88%D9%85?page=85
کود آهن یک لیتری فراگین با حداقل 25 گرم آهن کلات شده محصول مناسبی جهت رفع کمبود آهن در گیاهان,,320000,200000.0,1.6,True,https://basalam.com/cat/tools/%D8%AE%D8%A7%DA%A9-%DA%A9%D9%88%D8%AF-%D8%B3%D9%85%D9%88%D9%85?page=85
کود آهن پودری فراگین Fe22 حاوی 9 درصد آهن محلول و 12 درصد مواد ارگانیک وزن 500 گرم,,155000,310000.0,0.5,True,https://basalam.com/cat/tools/%D8%AE%D8%A7%DA%A9-%DA%A9%D9%88%D8%AF-%D8%B3%D9%85%D9%88%D9%85?page=85
کود کامل تقویتی فسفر بالای ریشه زایی فراگین مدل 15-30-15 وزن 100 گرم,,42000,420000.0,0.1,True,https://basalam.com/cat/tools/%D8%AE%D8%A7%DA%A9-%DA%A9%D9%88%D8%AF-%D8%B3%D9%85%D9%88%D9%85?page=85
کود کامل مایع زربرگ حاوی عناصر ماکرو و میکرو (ازت سولفات پتاسیم و عناصر کم مصرف مانند آهن روی منگنز منیزیم و ...),,49000,408333.3333333334,0.12,True,https://basalam.com/cat/tools/%D8%AE%D8%A7%DA%A9-%DA%A9%D9%88%D8%AF-%D8%B3%D9%85%D9%88%D9%85?page=85
کود روی یک لیتری مدل سیسارون,,330000,227586.2068965517,1.45,True,https://basalam.com/cat/tools/%D8%AE%D8%A7%DA%A9-%DA%A9%D9%88%D8%AF-%D8%B3%D9%85%D9%88%D9%85?page=85
کود کامل تقویتی پتاس بالای 36-12-12 مدل فراگین وزن 100 گرم,,49000,490000.0,0.1,True,https://basalam.com/cat/tools/%D8%AE%D8%A7%DA%A9-%DA%A9%D9%88%D8%AF-%D8%B3%D9%85%D9%88%D9%85?page=85
کود کامل تقویتی پتاس بالای 36-12-12 مدل فراگین وزن 500 گرم,,129000,258000.0,0.5,True,https://basalam.com/cat/tools/%D8%AE%D8%A7%DA%A9-%DA%A9%D9%88%D8%AF-%D8%B3%D9%85%D9%88%D9%85?page=85
کود گرانول پوکون سایز بسته مناسب مصارف خانگی,,270000,4500000.0,0.06,True,https://basalam.com/cat/tools/%D8%AE%D8%A7%DA%A9-%DA%A9%D9%88%D8%AF-%D8%B3%D9%85%D9%88%D9%85?page=84
کود مایع مولتی پورپلکس گرومور آلمانی (پس کرایه چاپار),,1150000,115000.0,10.0,True,https://basalam.com/cat/tools/%D8%AE%D8%A7%DA%A9-%DA%A9%D9%88%D8%AF-%D8%B3%D9%85%D9%88%D9%85?page=84
کود 101010 200 گرمی حاصلخیز با فناوری XGREEN,,248400,1242000.0,0.2,True,https://basalam.com/cat/tools/%D8%AE%D8%A7%DA%A9-%DA%A9%D9%88%D8%AF-%D8%B3%D9%85%D9%88%D9%85?page=85
کود گرانول نیتروژنه,,168000,1680000.0,0.1,True,https://basalam.com/cat/tools/%D8%AE%D8%A7%DA%A9-%DA%A9%D9%88%D8%AF-%D8%B3%D9%85%D9%88%D9%85?page=84
کود آهن ملکه محصول کشور آلمان (وزن60گرم),,145000,1812500.0,0.08,True,https://basalam.com/cat/tools/%D8%AE%D8%A7%DA%A9-%DA%A9%D9%88%D8%AF-%D8%B3%D9%85%D9%88%D9%85?page=84
کود پاجوش دهی 10-52-10 (محصول آلمان),,98000,1225000.0,0.08,True,https://basalam.com/cat/tools/%D8%AE%D8%A7%DA%A9-%DA%A9%D9%88%D8%AF-%D8%B3%D9%85%D9%88%D9%85?page=84
کود کلسیم ملکه(جهت افزایش ضخامت و ایستادگی ساقه و برگ),,110000,733333.3333333334,0.15,True,https://basalam.com/cat/tools/%D8%AE%D8%A7%DA%A9-%DA%A9%D9%88%D8%AF-%D8%B3%D9%85%D9%88%D9%85?page=84
کود پودری هیومیک اسید (پس کرایه),,1000000,200000.0,5.0,True,https://basalam.com/cat/tools/%D8%AE%D8%A7%DA%A9-%DA%A9%D9%88%D8%AF-%D8%B3%D9%85%D9%88%D9%85?page=84
کود 105210 فسفر .ریشه زایی و پاجوش دهی در بسته بندی 100 گرمی,,80000,800000.0,0.1,True,https://basalam.com/cat/tools/%D8%AE%D8%A7%DA%A9-%DA%A9%D9%88%D8%AF-%D8%B3%D9%85%D9%88%D9%85?page=84
کود کلات آهن 100 گرمی پودری در بسته بندی کوچک,,100000,1000000.0,0.1,True,https://basalam.com/cat/tools/%D8%AE%D8%A7%DA%A9-%DA%A9%D9%88%D8%AF-%D8%B3%D9%85%D9%88%D9%85?page=84
کود مخصوص خیار گلخانه ای یک لیتری محصول شرکت سوپرمی آمریکا,,350000,350000.0,1.0,True,https://basalam.com/cat/tools/%D8%AE%D8%A7%DA%A9-%DA%A9%D9%88%D8%AF-%D8%B3%D9%85%D9%88%D9%85?page=84
کود مایع ریشه زای آمریکایی و ارگانیک,,200000,1600000.0,0.125,True,https://basalam.com/cat/tools/%D8%AE%D8%A7%DA%A9-%DA%A9%D9%88%D8%AF-%D8%B3%D9%85%D9%88%D9%85?page=85
کود آمینو اسید- انگلیسی 80 درصد,,250000,2000000.0,0.125,True,https://basalam.com/cat/tools/%D8%AE%D8%A7%DA%A9-%DA%A9%D9%88%D8%AF-%D8%B3%D9%85%D9%88%D9%85?page=85
کود مایع تقویتی انگلیسی مراکل گرومعجون رشد,,250000,2000000.0,0.125,True,https://basalam.com/cat/tools/%D8%AE%D8%A7%DA%A9-%DA%A9%D9%88%D8%AF-%D8%B3%D9%85%D9%88%D9%85?page=85
کود تقویتی انگلیسی مراکل گرومعجون رشد,,450000,1800000.0,0.25,True,https://basalam.com/cat/tools/%D8%AE%D8%A7%DA%A9-%DA%A9%D9%88%D8%AF-%D8%B3%D9%85%D9%88%D9%85?page=85
کود سوپر گرین 36-12-12 پتاس بالا (پس کرایه),,2220000,222000.0,10.0,True,https://basalam.com/cat/tools/%D8%AE%D8%A7%DA%A9-%DA%A9%D9%88%D8%AF-%D8%B3%D9%85%D9%88%D9%85?page=85
گل و گیاه نهال کاج جونی پروس ابلق مطابق عکس,,150000,150000.0,1.0,True,https://basalam.com/cat/tools/%D8%AE%D8%A7%DA%A9-%DA%A9%D9%88%D8%AF-%D8%B3%D9%85%D9%88%D9%85?page=85
گل و گیاه نخل مرداب 120 سانتی متری چند کله شاداب مطابق عکس,,150000,75000.0,2.0,True,https://basalam.com/cat/tools/%D8%AE%D8%A7%DA%A9-%DA%A9%D9%88%D8%AF-%D8%B3%D9%85%D9%88%D9%85?page=85
پرلیت متوسط دانه انواع گل و گیاهان و حلزون طبی,,40000,40000.0,1.0,True,https://basalam.com/cat/tools/%D8%AE%D8%A7%DA%A9-%DA%A9%D9%88%D8%AF-%D8%B3%D9%85%D9%88%D9%85?page=85
مجموعه کودی آگلونما و سه بیست و هیومیک و کود آهن مدل Danesh PK حجم 120 بسته 4تای,,228700,476458.3333333334,0.48,True,https://basalam.com/cat/tools/%D8%AE%D8%A7%DA%A9-%DA%A9%D9%88%D8%AF-%D8%B3%D9%85%D9%88%D9%85?page=85
کود ریشه زا 19.63 شوک اصل آمریکایی یک لیتری (پس کرایه),,254500,254500.0,1.0,True,https://basalam.com/cat/tools/%D8%AE%D8%A7%DA%A9-%DA%A9%D9%88%D8%AF-%D8%B3%D9%85%D9%88%D9%85?page=87
کود کامل ده ایکس شوک یک لیتری اصل (پس کرایه),,273900,273900.0,1.0,True,https://basalam.com/cat/tools/%D8%AE%D8%A7%DA%A9-%DA%A9%D9%88%D8%AF-%D8%B3%D9%85%D9%88%D9%85?page=87
کود آمینواسید شوک 80درصد اصل پنج لیتری(پس کرایه),,901000,180200.0,5.0,True,https://basalam.com/cat/tools/%D8%AE%D8%A7%DA%A9-%DA%A9%D9%88%D8%AF-%D8%B3%D9%85%D9%88%D9%85?page=87
کود مخصوص گیلاس شوک اصل آمریکایی مایع پنج لیتری (پس کرایه),,1150600,230120.0,5.0,True,https://basalam.com/cat/tools/%D8%AE%D8%A7%DA%A9-%DA%A9%D9%88%D8%AF-%D8%B3%D9%85%D9%88%D9%85?page=87
کود ضد سرمازدگی آمینواسید شوک اصل پنج لیتری (پس کرایه),,901000,180200.0,5.0,True,https://basalam.com/cat/tools/%D8%AE%D8%A7%DA%A9-%DA%A9%D9%88%D8%AF-%D8%B3%D9%85%D9%88%D9%85?page=87
کود گوگرد مایع شوک 80 درصد اصل آمریکایی یک لیتری (پس کرایه),,302100,302100.0,1.0,True,https://basalam.com/cat/tools/%D8%AE%D8%A7%DA%A9-%DA%A9%D9%88%D8%AF-%D8%B3%D9%85%D9%88%D9%85?page=86
کود مخصوص رنگ آوری گوجه فرنگی شوک آمریکایی گالن بیست لیتری (پس کرایه),,2072400,103620.0,20.0,True,https://basalam.com/cat/tools/%D8%AE%D8%A7%DA%A9-%DA%A9%D9%88%D8%AF-%D8%B3%D9%85%D9%88%D9%85?page=86
کود کلسیم بور شوک اصل آمریکایی پنج لیتری (پس کرایه),,1088900,217780.0,5.0,True,https://basalam.com/cat/tools/%D8%AE%D8%A7%DA%A9-%DA%A9%D9%88%D8%AF-%D8%B3%D9%85%D9%88%D9%85?page=86
کود روی 31 درصد شوک اصل آمریکایی یک لیتری (پس کرایه),,316100,316100.0,1.0,True,https://basalam.com/cat/tools/%D8%AE%D8%A7%DA%A9-%DA%A9%D9%88%D8%AF-%D8%B3%D9%85%D9%88%D9%85?page=86
کود مخصوص زاموفیلیا شوک یک لیتری (پس کرایه),,224700,224700.0,1.0,True,https://basalam.com/cat/tools/%D8%AE%D8%A7%DA%A9-%DA%A9%D9%88%D8%AF-%D8%B3%D9%85%D9%88%D9%85?page=86
کود سه بیست (20.20.20)مایع شوک آمریکایی یک لیتری (پس کرایه),,302100,302100.0,1.0,True,https://basalam.com/cat/tools/%D8%AE%D8%A7%DA%A9-%DA%A9%D9%88%D8%AF-%D8%B3%D9%85%D9%88%D9%85?page=86
کود مخصوص درخت گردو یک لیتری شوک اصل آمریکایی (پس کرایه),,309000,309000.0,1.0,True,https://basalam.com/cat/tools/%D8%AE%D8%A7%DA%A9-%DA%A9%D9%88%D8%AF-%D8%B3%D9%85%D9%88%D9%85?page=86
کود ازت بالا مایع شوک اصل آمریکایی 42 درصد اوره) (پس کرایه),,913300,45665.0,20.0,True,https://basalam.com/cat/tools/%D8%AE%D8%A7%DA%A9-%DA%A9%D9%88%D8%AF-%D8%B3%D9%85%D9%88%D9%85?page=86
کود شوک مخصوص درخت گیلاس و آلبالو گالن بیست لیتری (پس کرایه),,2571200,128560.0,20.0,True,https://basalam.com/cat/tools/%D8%AE%D8%A7%DA%A9-%DA%A9%D9%88%D8%AF-%D8%B3%D9%85%D9%88%D9%85?page=86
کود مخصوص درخت گیلاس و آلبالو شوک یک لیتری (پس کرایه),,337200,337200.0,1.0,True,https://basalam.com/cat/tools/%D8%AE%D8%A7%DA%A9-%DA%A9%D9%88%D8%AF-%D8%B3%D9%85%D9%88%D9%85?page=86
کود مخصوص پسته مایع بمب یک لیتری (پس کرایه),,288000,288000.0,1.0,True,https://basalam.com/cat/tools/%D8%AE%D8%A7%DA%A9-%DA%A9%D9%88%D8%AF-%D8%B3%D9%85%D9%88%D9%85?page=86
کود درشتی میوهمحصولات زراعی و گلخانه ای آمریکایی (پس کرایه),,2072400,103620.0,20.0,True,https://basalam.com/cat/tools/%D8%AE%D8%A7%DA%A9-%DA%A9%D9%88%D8%AF-%D8%B3%D9%85%D9%88%D9%85?page=86
کود جلبک دریایی شوک آمریکایی مایع یک لیتری (پس کرایه),,337200,337200.0,1.0,True,https://basalam.com/cat/tools/%D8%AE%D8%A7%DA%A9-%DA%A9%D9%88%D8%AF-%D8%B3%D9%85%D9%88%D9%85?page=86
کود فسفر بالا اصل آمریکایی 10.52.10 شوک گالن بیست لیتری (پس کرایه),,3105200,155260.0,20.0,True,https://basalam.com/cat/tools/%D8%AE%D8%A7%DA%A9-%DA%A9%D9%88%D8%AF-%D8%B3%D9%85%D9%88%D9%85?page=86
کود آمینواسید شوک 80 درصد اصل پنج لیتری (پس کرایه),,1039800,207960.0,5.0,True,https://basalam.com/cat/tools/%D8%AE%D8%A7%DA%A9-%DA%A9%D9%88%D8%AF-%D8%B3%D9%85%D9%88%D9%85?page=86
کود مس 23 درصد شوک اصل آمریکایی گالن بیست لیتری (پس کرایه),,2613400,130670.0,20.0,True,https://basalam.com/cat/tools/%D8%AE%D8%A7%DA%A9-%DA%A9%D9%88%D8%AF-%D8%B3%D9%85%D9%88%D9%85?page=86
کود سه بیست NPK مایع شوک اصل آمریکایی پنج لیتری (پس کرایه),,1053800,210760.0,5.0,True,https://basalam.com/cat/tools/%D8%AE%D8%A7%DA%A9-%DA%A9%D9%88%D8%AF-%D8%B3%D9%85%D9%88%D9%85?page=86
کود مخصوص خیار شوک پنج لیتری اصل آمریکایی (پس کرایه),,1088900,217780.0,5.0,True,https://basalam.com/cat/tools/%D8%AE%D8%A7%DA%A9-%DA%A9%D9%88%D8%AF-%D8%B3%D9%85%D9%88%D9%85?page=86
کود کلسیم مایع شوک 27 درصد اصل آمریکایی یک لیتری (پس کرایه),,295100,295100.0,1.0,True,https://basalam.com/cat/tools/%D8%AE%D8%A7%DA%A9-%DA%A9%D9%88%D8%AF-%D8%B3%D9%85%D9%88%D9%85?page=86
کود گوگرد مایع شوک 80 درصد اصل آمریکایی پنج لیتری (پس کرایه),,1067900,213580.0,5.0,True,https://basalam.com/cat/tools/%D8%AE%D8%A7%DA%A9-%DA%A9%D9%88%D8%AF-%D8%B3%D9%85%D9%88%D9%85?page=86
کود مخصوص گلدهی خیار شوک آمریکایی یک لیتری (پس کرایه),,337200,337200.0,1.0,True,https://basalam.com/cat/tools/%D8%AE%D8%A7%DA%A9-%DA%A9%D9%88%D8%AF-%D8%B3%D9%85%D9%88%D9%85?page=86
کود جلبک دریایی شوک مایع اصل آمریکایی یک لیتری (پس کرایه),,256500,256500.0,1.0,True,https://basalam.com/cat/tools/%D8%AE%D8%A7%DA%A9-%DA%A9%D9%88%D8%AF-%D8%B3%D9%85%D9%88%D9%85?page=86
کود سه بیست بمب 20.20.20 اصل یک لیتری (پس کرایه),,253600,253600.0,1.0,True,https://basalam.com/cat/tools/%D8%AE%D8%A7%DA%A9-%DA%A9%D9%88%D8%AF-%D8%B3%D9%85%D9%88%D9%85?page=87
کود مخصوص هندوانه شوک اصل آمریکایی گالن بیست لیتری (پس کرایه),,2233600,111680.0,20.0,True,https://basalam.com/cat/tools/%D8%AE%D8%A7%DA%A9-%DA%A9%D9%88%D8%AF-%D8%B3%D9%85%D9%88%D9%85?page=87
گیاه گزنه با کیفیت عالی بار امسالی و تازه(150گرمی ),,123475,823166.6666666667,0.15,True,https://basalam.com/cat/tools/%D8%AE%D8%A7%DA%A9-%DA%A9%D9%88%D8%AF-%D8%B3%D9%85%D9%88%D9%85?page=88
گیاه زوفا با کیفیت عالی بار امسالی و تازه(500گرمی ),,701000,1402000.0,0.5,True,https://basalam.com/cat/tools/%D8%AE%D8%A7%DA%A9-%DA%A9%D9%88%D8%AF-%D8%B3%D9%85%D9%88%D9%85?page=88
ریشه شیرین بیان (بدون پوست) با کیفیت عالی بار امسالی و تازه(50گرمی ),,83000,1660000.0,0.05,True,https://basalam.com/cat/tools/%D8%AE%D8%A7%DA%A9-%DA%A9%D9%88%D8%AF-%D8%B3%D9%85%D9%88%D9%85?page=88
کود ریشه زایی مایع 250 میلی حاصلخیز با فناوری X-Green,,248400,993600.0,0.25,True,https://basalam.com/cat/tools/%D8%AE%D8%A7%DA%A9-%DA%A9%D9%88%D8%AF-%D8%B3%D9%85%D9%88%D9%85?page=88
کود سبزینگی مایع 250 میل حاصلخیز با فناوری XGREEN,,248400,993600.0,0.25,True,https://basalam.com/cat/tools/%D8%AE%D8%A7%DA%A9-%DA%A9%D9%88%D8%AF-%D8%B3%D9%85%D9%88%D9%85?page=88
کود سبزیجات و صیفی جات 250 میل حاصلخیز با فناوری XGREEN,,248400,993600.0,0.25,True,https://basalam.com/cat/tools/%D8%AE%D8%A7%DA%A9-%DA%A9%D9%88%D8%AF-%D8%B3%D9%85%D9%88%D9%85?page=88
کود مایع گیاهان آپارتمانی فرمول یک,,55000,611111.1111111111,0.09,True,https://basalam.com/cat/tools/%D8%AE%D8%A7%DA%A9-%DA%A9%D9%88%D8%AF-%D8%B3%D9%85%D9%88%D9%85?page=87
برگ جینکو با کیفیت عالی بار امسالی و تازه(500گرمی ),,1559000,3118000.0,0.5,True,https://basalam.com/cat/tools/%D8%AE%D8%A7%DA%A9-%DA%A9%D9%88%D8%AF-%D8%B3%D9%85%D9%88%D9%85?page=87
ریشه خولنجان با کیفیت عالی بار امسالی و تازه(750 گرمی ),,1660000,2213333.333333333,0.75,True,https://basalam.com/cat/tools/%D8%AE%D8%A7%DA%A9-%DA%A9%D9%88%D8%AF-%D8%B3%D9%85%D9%88%D9%85?page=87
گیاه گل بنفشه با کیفیت عالی بار امسالی و تازه(50گرم),,393500,7870000.0,0.05,True,https://basalam.com/cat/tools/%D8%AE%D8%A7%DA%A9-%DA%A9%D9%88%D8%AF-%D8%B3%D9%85%D9%88%D9%85?page=87
گیاه ترخون خشک با کیفیت عالی بار امسالی و تازه(500گرمی ),,341000,682000.0,0.5,True,https://basalam.com/cat/tools/%D8%AE%D8%A7%DA%A9-%DA%A9%D9%88%D8%AF-%D8%B3%D9%85%D9%88%D9%85?page=88
گیاه مورد با کیفیت عالی بار امسالی و تازه(150گرمی),,96250,641666.6666666667,0.15,True,https://basalam.com/cat/tools/%D8%AE%D8%A7%DA%A9-%DA%A9%D9%88%D8%AF-%D8%B3%D9%85%D9%88%D9%85?page=88
گیاه شب خسب (درخت ابریشم)پودر شده با کیفیت عالی بار امسالی و تازه(50گرم),,123000,2460000.0,0.05,True,https://basalam.com/cat/tools/%D8%AE%D8%A7%DA%A9-%DA%A9%D9%88%D8%AF-%D8%B3%D9%85%D9%88%D9%85?page=87
گل یاس کبودبا کیفیت عالی بار امسالی و تازه(100گرمی ),,71000,710000.0,0.1,True,https://basalam.com/cat/tools/%D8%AE%D8%A7%DA%A9-%DA%A9%D9%88%D8%AF-%D8%B3%D9%85%D9%88%D9%85?page=87
گیاه زوفا با کیفیت عالی بار امسالی و تازه(250گرمی ),,646200,2584800.0,0.25,True,https://basalam.com/cat/tools/%D8%AE%D8%A7%DA%A9-%DA%A9%D9%88%D8%AF-%D8%B3%D9%85%D9%88%D9%85?page=88
پونه با کیفیت عالی بار امسالی و تازه(500گرمی),,236000,472000.0,0.5,True,https://basalam.com/cat/tools/%D8%AE%D8%A7%DA%A9-%DA%A9%D9%88%D8%AF-%D8%B3%D9%85%D9%88%D9%85?page=88
گیاه شاهتره با کیفیت عالی بار امسالی و تازه(750گرمی),,238700,318266.6666666667,0.75,True,https://basalam.com/cat/tools/%D8%AE%D8%A7%DA%A9-%DA%A9%D9%88%D8%AF-%D8%B3%D9%85%D9%88%D9%85?page=88
ریشه خولنجان با کیفیت عالی بار امسالی و تازه(750 گرمی ),,1877700,2503600.0,0.75,True,https://basalam.com/cat/tools/%D8%AE%D8%A7%DA%A9-%DA%A9%D9%88%D8%AF-%D8%B3%D9%85%D9%88%D9%85?page=88
گیاه خرفه با کیفیت عالی بار امسالی و تازه(250 گرمی),,249600,998400.0,0.25,True,https://basalam.com/cat/tools/%D8%AE%D8%A7%DA%A9-%DA%A9%D9%88%D8%AF-%D8%B3%D9%85%D9%88%D9%85?page=88
ریشه آنغوزه با کیفیت عالی بار امسالی و تازه(500 گرمی),,14526100,29052200.0,0.5,True,https://basalam.com/cat/tools/%D8%AE%D8%A7%DA%A9-%DA%A9%D9%88%D8%AF-%D8%B3%D9%85%D9%88%D9%85?page=88
گیاه گزنه با کیفیت عالی بار امسالی و تازه(150گرمی ),,157700,1051333.3333333335,0.15,True,https://basalam.com/cat/tools/%D8%AE%D8%A7%DA%A9-%DA%A9%D9%88%D8%AF-%D8%B3%D9%85%D9%88%D9%85?page=88
ریشه خولنجان با کیفیت عالی بار امسالی و تازه(150گرمی),,525100,3500666.666666667,0.15,True,https://basalam.com/cat/tools/%D8%AE%D8%A7%DA%A9-%DA%A9%D9%88%D8%AF-%D8%B3%D9%85%D9%88%D9%85?page=88
گیاه نعناع دشتی با کیفیت عالی بار امسالی و تازه(150گرمی ),,1061300,7075333.333333334,0.15,True,https://basalam.com/cat/tools/%D8%AE%D8%A7%DA%A9-%DA%A9%D9%88%D8%AF-%D8%B3%D9%85%D9%88%D9%85?page=88
گیاه نعناع فلفلی با کیفیت عالی بار امسالی و تازه(500 گرمی),,589400,1178800.0,0.5,True,https://basalam.com/cat/tools/%D8%AE%D8%A7%DA%A9-%DA%A9%D9%88%D8%AF-%D8%B3%D9%85%D9%88%D9%85?page=88
ریشه شیرین بیان (بدون پوست) با کیفیت عالی بار امسالی و تازه(100گرمی ),,119900,1199000.0,0.1,True,https://basalam.com/cat/tools/%D8%AE%D8%A7%DA%A9-%DA%A9%D9%88%D8%AF-%D8%B3%D9%85%D9%88%D9%85?page=88
ریشه کاسنی با کیفیت عالی بار امسالی و تازه(500گرمی),,454500,909000.0,0.5,True,https://basalam.com/cat/tools/%D8%AE%D8%A7%DA%A9-%DA%A9%D9%88%D8%AF-%D8%B3%D9%85%D9%88%D9%85?page=88
ریشه سنبل الطیب با کیفیت عالی بار امسالی و تازه(150گرمی),,709500,4730000.0,0.15,True,https://basalam.com/cat/tools/%D8%AE%D8%A7%DA%A9-%DA%A9%D9%88%D8%AF-%D8%B3%D9%85%D9%88%D9%85?page=88
ریشه کاسنی با کیفیت عالی بار امسالی و تازه(200گرمی ),,241300,1206500.0,0.2,True,https://basalam.com/cat/tools/%D8%AE%D8%A7%DA%A9-%DA%A9%D9%88%D8%AF-%D8%B3%D9%85%D9%88%D9%85?page=88
کود بیولوژیک تریکو دکتر بایو جهت تقویت سیستم ریشه ای با باکتری تریکودرما هارزیانوم,,350000,350000.0,1.0,True,https://basalam.com/cat/tools/%D8%AE%D8%A7%DA%A9-%DA%A9%D9%88%D8%AF-%D8%B3%D9%85%D9%88%D9%85?page=88
کود مایع فروت ست زرگرین,,270000,270000.0,1.0,True,https://basalam.com/cat/tools/%D8%AE%D8%A7%DA%A9-%DA%A9%D9%88%D8%AF-%D8%B3%D9%85%D9%88%D9%85?page=88
کود میکرو کامل,,965000,965000.0,1.0,True,https://basalam.com/cat/tools/%D8%AE%D8%A7%DA%A9-%DA%A9%D9%88%D8%AF-%D8%B3%D9%85%D9%88%D9%85?page=88
ریشه خولنجان با کیفیت عالی بار امسالی و تازه(50گرمی),,135800,2716000.0,0.05,True,https://basalam.com/cat/tools/%D8%AE%D8%A7%DA%A9-%DA%A9%D9%88%D8%AF-%D8%B3%D9%85%D9%88%D9%85?page=88
گل بابونه با کیفیت عالی بار امسالی و تازه(50گرمی),,112700,2254000.0,0.05,True,https://basalam.com/cat/tools/%D8%AE%D8%A7%DA%A9-%DA%A9%D9%88%D8%AF-%D8%B3%D9%85%D9%88%D9%85?page=88
گیاه سداب با کیفیت عالی بار امسالی و تازه(750گرمی),,1066000,1421333.3333333333,0.75,True,https://basalam.com/cat/tools/%D8%AE%D8%A7%DA%A9-%DA%A9%D9%88%D8%AF-%D8%B3%D9%85%D9%88%D9%85?page=88
گیاه گزنه با کیفیت عالی بار امسالی و تازه(200گرمی ),,145300,726500.0,0.2,True,https://basalam.com/cat/tools/%D8%AE%D8%A7%DA%A9-%DA%A9%D9%88%D8%AF-%D8%B3%D9%85%D9%88%D9%85?page=88
گیاه گل بنفشه پودرشده با کیفیت عالی بار امسالی و تازه(50گرم),,403500,8070000.0,0.05,True,https://basalam.com/cat/tools/%D8%AE%D8%A7%DA%A9-%DA%A9%D9%88%D8%AF-%D8%B3%D9%85%D9%88%D9%85?page=88
گیاه نعناع دشتی با کیفیت عالی بار امسالی و تازه(750گرمی ),,791750,1055666.6666666667,0.75,True,https://basalam.com/cat/tools/%D8%AE%D8%A7%DA%A9-%DA%A9%D9%88%D8%AF-%D8%B3%D9%85%D9%88%D9%85?page=88
گیاه سداب بار امسالی و تازه(250گرمی ),,365000,1460000.0,0.25,True,https://basalam.com/cat/tools/%D8%AE%D8%A7%DA%A9-%DA%A9%D9%88%D8%AF-%D8%B3%D9%85%D9%88%D9%85?page=88
گیاه نعناع دشتی با کیفیت عالی بار امسالی و تازه(500 گرمی),,626750,1253500.0,0.5,True,https://basalam.com/cat/tools/%D8%AE%D8%A7%DA%A9-%DA%A9%D9%88%D8%AF-%D8%B3%D9%85%D9%88%D9%85?page=88
گیاه اسپرولینا با کیفیت عالی بار امسالی و تازه(100گرمی),,609500,6095000.0,0.1,True,https://basalam.com/cat/tools/%D8%AE%D8%A7%DA%A9-%DA%A9%D9%88%D8%AF-%D8%B3%D9%85%D9%88%D9%85?page=89
گل بومادران با کیفیت عالی بار امسالی و تازه(100گرمی),,48500,485000.0,0.1,True,https://basalam.com/cat/tools/%D8%AE%D8%A7%DA%A9-%DA%A9%D9%88%D8%AF-%D8%B3%D9%85%D9%88%D9%85?page=89
گیاه مرزه با کیفیت عالی بار امسالی و تازه(500گرمی ),,354500,709000.0,0.5,True,https://basalam.com/cat/tools/%D8%AE%D8%A7%DA%A9-%DA%A9%D9%88%D8%AF-%D8%B3%D9%85%D9%88%D9%85?page=89
آلوئه ورا با کیفیت عالی بار امسالی و تازه(150گرمی),,566500,3776666.666666667,0.15,True,https://basalam.com/cat/tools/%D8%AE%D8%A7%DA%A9-%DA%A9%D9%88%D8%AF-%D8%B3%D9%85%D9%88%D9%85?page=89
گیاه خارخاسک بار امسالی و تازه(250 گرمی),,117500,470000.0,0.25,True,https://basalam.com/cat/tools/%D8%AE%D8%A7%DA%A9-%DA%A9%D9%88%D8%AF-%D8%B3%D9%85%D9%88%D9%85?page=89
گل گاو زبان با کیفیت عالی بار امسالی و تازه(500گرمی ),,2384000,4768000.0,0.5,True,https://basalam.com/cat/tools/%D8%AE%D8%A7%DA%A9-%DA%A9%D9%88%D8%AF-%D8%B3%D9%85%D9%88%D9%85?page=89
ریشه کاسنی با کیفیت عالی بار امسالی و تازه(100گرمی ),,97400,974000.0,0.1,True,https://basalam.com/cat/tools/%D8%AE%D8%A7%DA%A9-%DA%A9%D9%88%D8%AF-%D8%B3%D9%85%D9%88%D9%85?page=89
گیاه پرسیاوشان پودرشده با کیفیت عالی بار امسالی و تازه(500گرمی ),,826500,1653000.0,0.5,True,https://basalam.com/cat/tools/%D8%AE%D8%A7%DA%A9-%DA%A9%D9%88%D8%AF-%D8%B3%D9%85%D9%88%D9%85?page=89
گیاه خارشتر پودر شده با کیفیت عالی بار امسالی و تازه(50گرمی ),,39750,795000.0,0.05,True,https://basalam.com/cat/tools/%D8%AE%D8%A7%DA%A9-%DA%A9%D9%88%D8%AF-%D8%B3%D9%85%D9%88%D9%85?page=89
گیاه شاهتره با کیفیت عالی بار امسالی و تازه(500گرمی ),,156500,313000.0,0.5,True,https://basalam.com/cat/tools/%D8%AE%D8%A7%DA%A9-%DA%A9%D9%88%D8%AF-%D8%B3%D9%85%D9%88%D9%85?page=90
گیاه شب خسب (درخت ابریشم) با کیفیت عالی بار امسالی و تازه(50گرم),,113000,2260000.0,0.05,True,https://basalam.com/cat/tools/%D8%AE%D8%A7%DA%A9-%DA%A9%D9%88%D8%AF-%D8%B3%D9%85%D9%88%D9%85?page=90
گیاه مرزه با کیفیت عالی بار امسالی و تازه(250گرمی ),,191750,767000.0,0.25,True,https://basalam.com/cat/tools/%D8%AE%D8%A7%DA%A9-%DA%A9%D9%88%D8%AF-%D8%B3%D9%85%D9%88%D9%85?page=90
گیاه نعناع فلفلی با کیفیت عالی بار امسالی و تازه(200گرمی ),,227800,1139000.0,0.2,True,https://basalam.com/cat/tools/%D8%AE%D8%A7%DA%A9-%DA%A9%D9%88%D8%AF-%D8%B3%D9%85%D9%88%D9%85?page=89
ریشه شیرین بیان با کیفیت عالی بار امسالی و تازه(750گرمی),,298750,398333.3333333333,0.75,True,https://basalam.com/cat/tools/%D8%AE%D8%A7%DA%A9-%DA%A9%D9%88%D8%AF-%D8%B3%D9%85%D9%88%D9%85?page=89
گیاه خارخاسک با کیفیت عالی بار امسالی و تازه(100 گرمی ),,61400,614000.0,0.1,True,https://basalam.com/cat/tools/%D8%AE%D8%A7%DA%A9-%DA%A9%D9%88%D8%AF-%D8%B3%D9%85%D9%88%D9%85?page=89
گیاه درمنه ترکی با کیفیت عالی بار امسالی و تازه(50گرمی ),,51650,1033000.0,0.05,True,https://basalam.com/cat/tools/%D8%AE%D8%A7%DA%A9-%DA%A9%D9%88%D8%AF-%D8%B3%D9%85%D9%88%D9%85?page=89
گیاه شاهتره با کیفیت عالی بار امسالی و تازه(150گرمی),,96250,641666.6666666667,0.15,True,https://basalam.com/cat/tools/%D8%AE%D8%A7%DA%A9-%DA%A9%D9%88%D8%AF-%D8%B3%D9%85%D9%88%D9%85?page=89
برگ سنا بار امسالی و تازه(100گرمی),,56450,564500.0,0.1,True,https://basalam.com/cat/tools/%D8%AE%D8%A7%DA%A9-%DA%A9%D9%88%D8%AF-%D8%B3%D9%85%D9%88%D9%85?page=90
برگ شاه توت بار امسالی و تازه(100 گرمی ),,55100,551000.0,0.1,True,https://basalam.com/cat/tools/%D8%AE%D8%A7%DA%A9-%DA%A9%D9%88%D8%AF-%D8%B3%D9%85%D9%88%D9%85?page=90
ریشه شیرین بیان (بدون پوست) با کیفیت عالی بار امسالی و تازه(200گرمی ),,273000,1365000.0,0.2,True,https://basalam.com/cat/tools/%D8%AE%D8%A7%DA%A9-%DA%A9%D9%88%D8%AF-%D8%B3%D9%85%D9%88%D9%85?page=89
گیاه مورد با کیفیت عالی بار امسالی و تازه(200گرمی),,194800,974000.0,0.2,True,https://basalam.com/cat/tools/%D8%AE%D8%A7%DA%A9-%DA%A9%D9%88%D8%AF-%D8%B3%D9%85%D9%88%D9%85?page=90
گل بومادارن با کیفیت عالی بار امسالی و تازه(200 گرمی ),,109000,545000.0,0.2,True,https://basalam.com/cat/tools/%D8%AE%D8%A7%DA%A9-%DA%A9%D9%88%D8%AF-%D8%B3%D9%85%D9%88%D9%85?page=90
برگ توت بار امسالی و تازه(500گرمی),,144750,289500.0,0.5,True,https://basalam.com/cat/tools/%D8%AE%D8%A7%DA%A9-%DA%A9%D9%88%D8%AF-%D8%B3%D9%85%D9%88%D9%85?page=90
گیاه مورد با کیفیت عالی بار امسالی و تازه(50گرمی),,63200,1264000.0,0.05,True,https://basalam.com/cat/tools/%D8%AE%D8%A7%DA%A9-%DA%A9%D9%88%D8%AF-%D8%B3%D9%85%D9%88%D9%85?page=90
گل سرخار گل با کیفیت عالی و ممتاز (100 گرمی ),,137000,2740000.0,0.05,True,https://basalam.com/cat/tools/%D8%AE%D8%A7%DA%A9-%DA%A9%D9%88%D8%AF-%D8%B3%D9%85%D9%88%D9%85?page=90
گیاه بامبو پودر شده بار امسالی و تازه(50گرمی),,205500,4110000.0,0.05,True,https://basalam.com/cat/tools/%D8%AE%D8%A7%DA%A9-%DA%A9%D9%88%D8%AF-%D8%B3%D9%85%D9%88%D9%85?page=90
گیاه رازک با کیفیت عالی بار امسالی و تازه(100گرمی),,203000,2030000.0,0.1,True,https://basalam.com/cat/tools/%D8%AE%D8%A7%DA%A9-%DA%A9%D9%88%D8%AF-%D8%B3%D9%85%D9%88%D9%85?page=90
گیاه بهار مرکبات با کیفیت عالی بار امسالی و تازه(100گرمی ),,118850,1188500.0,0.1,True,https://basalam.com/cat/tools/%D8%AE%D8%A7%DA%A9-%DA%A9%D9%88%D8%AF-%D8%B3%D9%85%D9%88%D9%85?page=90
کود آلی نیتروژنه درجه یک بسته 20گرمی,,20250,1687500.0,0.012,True,https://basalam.com/cat/tools/%D8%AE%D8%A7%DA%A9-%DA%A9%D9%88%D8%AF-%D8%B3%D9%85%D9%88%D9%85?page=90
گیاه رازک با کیفیت عالی بار امسالی و تازه(250گرمی ),,464000,1856000.0,0.25,True,https://basalam.com/cat/tools/%D8%AE%D8%A7%DA%A9-%DA%A9%D9%88%D8%AF-%D8%B3%D9%85%D9%88%D9%85?page=90
کود مخصوص پتوس حصیری (100 گرم),,75000,750000.0,0.1,True,https://basalam.com/cat/tools/%D8%AE%D8%A7%DA%A9-%DA%A9%D9%88%D8%AF-%D8%B3%D9%85%D9%88%D9%85?page=91
کود بنسای شفلرا,,60000,600000.0,0.1,True,https://basalam.com/cat/tools/%D8%AE%D8%A7%DA%A9-%DA%A9%D9%88%D8%AF-%D8%B3%D9%85%D9%88%D9%85?page=91
ریشه آنغوزه با کیفیت عالی بار امسالی و تازه(50گرمی ),,50000,1000000.0,0.05,True,https://basalam.com/cat/tools/%D8%AE%D8%A7%DA%A9-%DA%A9%D9%88%D8%AF-%D8%B3%D9%85%D9%88%D9%85?page=91
گیاه مرزه با کیفیت عالی بار امسالی و تازه(100گرمی),,94100,941000.0,0.1,True,https://basalam.com/cat/tools/%D8%AE%D8%A7%DA%A9-%DA%A9%D9%88%D8%AF-%D8%B3%D9%85%D9%88%D9%85?page=91
گیاه سداب با کیفیت عالی بار امسالی و تازه(750گرمی),,1066000,1421333.3333333333,0.75,True,https://basalam.com/cat/tools/%D8%AE%D8%A7%DA%A9-%DA%A9%D9%88%D8%AF-%D8%B3%D9%85%D9%88%D9%85?page=91
گیاه زوفا با کیفیت عالی بار امسالی و تازه(750گرمی),,1066000,1421333.3333333333,0.75,True,https://basalam.com/cat/tools/%D8%AE%D8%A7%DA%A9-%DA%A9%D9%88%D8%AF-%D8%B3%D9%85%D9%88%D9%85?page=91
گیاه شاهتره با کیفیت عالی بار امسالی و تازه(100گرمی),,54500,545000.0,0.1,True,https://basalam.com/cat/tools/%D8%AE%D8%A7%DA%A9-%DA%A9%D9%88%D8%AF-%D8%B3%D9%85%D9%88%D9%85?page=91
گل سر خارگل بار امسالی و تازه(200گرمی),,373000,1865000.0,0.2,True,https://basalam.com/cat/tools/%D8%AE%D8%A7%DA%A9-%DA%A9%D9%88%D8%AF-%D8%B3%D9%85%D9%88%D9%85?page=91
گیاه ریش بز (هوم) خشک با کیفیت عالی بار امسالی و تازه(50گرمی),,45050,901000.0,0.05,True,https://basalam.com/cat/tools/%D8%AE%D8%A7%DA%A9-%DA%A9%D9%88%D8%AF-%D8%B3%D9%85%D9%88%D9%85?page=91
گیاه سداب با کیفیت عالی بار امسالی و تازه(150گرمی),,259600,1730666.6666666667,0.15,True,https://basalam.com/cat/tools/%D8%AE%D8%A7%DA%A9-%DA%A9%D9%88%D8%AF-%D8%B3%D9%85%D9%88%D9%85?page=91
گیاه سدر با کیفیت عالی بار امسالی و تازه(50گرمی),,83000,1660000.0,0.05,True,https://basalam.com/cat/tools/%D8%AE%D8%A7%DA%A9-%DA%A9%D9%88%D8%AF-%D8%B3%D9%85%D9%88%D9%85?page=91
گیاه نعناع دشتی با کیفیت عالی بار امسالی و تازه(500 گرمی),,791750,1583500.0,0.5,True,https://basalam.com/cat/tools/%D8%AE%D8%A7%DA%A9-%DA%A9%D9%88%D8%AF-%D8%B3%D9%85%D9%88%D9%85?page=91
بهار مرکبات با کیفیت عالی بار امسالی و تازه(500گرمی),,478250,956500.0,0.5,True,https://basalam.com/cat/tools/%D8%AE%D8%A7%DA%A9-%DA%A9%D9%88%D8%AF-%D8%B3%D9%85%D9%88%D9%85?page=91
گیاه مورد با کیفیت عالی بار امسالی و تازه(50گرمی),,45050,901000.0,0.05,True,https://basalam.com/cat/tools/%D8%AE%D8%A7%DA%A9-%DA%A9%D9%88%D8%AF-%D8%B3%D9%85%D9%88%D9%85?page=91
گیاه شاهتره با کیفیت عالی بار امسالی و تازه(200گرمی),,109000,545000.0,0.2,True,https://basalam.com/cat/tools/%D8%AE%D8%A7%DA%A9-%DA%A9%D9%88%D8%AF-%D8%B3%D9%85%D9%88%D9%85?page=91
گیاه رازک با کیفیت عالی بار امسالی و تازه(250گرمی ),,464000,1856000.0,0.25,True,https://basalam.com/cat/tools/%D8%AE%D8%A7%DA%A9-%DA%A9%D9%88%D8%AF-%D8%B3%D9%85%D9%88%D9%85?page=91
کود کامل 12-12-36 زیگلر آلمان ( 50گرم کود خالص) تست شده و تاثیرگذار,,43000,860000.0,0.05,True,https://basalam.com/cat/tools/%D8%AE%D8%A7%DA%A9-%DA%A9%D9%88%D8%AF-%D8%B3%D9%85%D9%88%D9%85?page=91
کود مایع زامیفولیا تایمکس,,64900,432666.6666666667,0.15,True,https://basalam.com/cat/tools/%D8%AE%D8%A7%DA%A9-%DA%A9%D9%88%D8%AF-%D8%B3%D9%85%D9%88%D9%85?page=91
بیو بیست گلد( کود مایع محصول انگلستان ),,1780000,1078787.878787879,1.65,True,https://basalam.com/cat/tools/%D8%AE%D8%A7%DA%A9-%DA%A9%D9%88%D8%AF-%D8%B3%D9%85%D9%88%D9%85?page=91
آلوئه ورا با کیفیت عالی بار امسالی و تازه(100گرمی),,368000,3680000.0,0.1,True,https://basalam.com/cat/tools/%D8%AE%D8%A7%DA%A9-%DA%A9%D9%88%D8%AF-%D8%B3%D9%85%D9%88%D9%85?page=91
آلوئه ورا با کیفیت عالی بار امسالی و تازه(250 گرمی),,877000,3508000.0,0.25,True,https://basalam.com/cat/tools/%D8%AE%D8%A7%DA%A9-%DA%A9%D9%88%D8%AF-%D8%B3%D9%85%D9%88%D9%85?page=91
ریشه سنبل الطیب با کیفیت عالی بار امسالی و تازه(50گرمی),,182000,3640000.0,0.05,True,https://basalam.com/cat/tools/%D8%AE%D8%A7%DA%A9-%DA%A9%D9%88%D8%AF-%D8%B3%D9%85%D9%88%D9%85?page=91
ریشه آنغوزه با کیفیت عالی بار امسالی و تازه(50گرمی ),,50000,1000000.0,0.05,True,https://basalam.com/cat/tools/%D8%AE%D8%A7%DA%A9-%DA%A9%D9%88%D8%AF-%D8%B3%D9%85%D9%88%D9%85?page=91
پوست اسفرزه با کیفیت عالی بار امسالی و تازه (50گرمی ),,184000,3680000.0,0.05,True,https://basalam.com/cat/tools/%D8%AE%D8%A7%DA%A9-%DA%A9%D9%88%D8%AF-%D8%B3%D9%85%D9%88%D9%85?page=92
ریشه خولنجان با کیفیت عالی بار امسالی و تازه(100گرمی),,243000,2430000.0,0.1,True,https://basalam.com/cat/tools/%D8%AE%D8%A7%DA%A9-%DA%A9%D9%88%D8%AF-%D8%B3%D9%85%D9%88%D9%85?page=92
ریشه کاسنی با کیفیت عالی بار امسالی و تازه(500گرمی),,371000,742000.0,0.5,True,https://basalam.com/cat/tools/%D8%AE%D8%A7%DA%A9-%DA%A9%D9%88%D8%AF-%D8%B3%D9%85%D9%88%D9%85?page=92
کود زایشی کریستا 500 سی سی,,325000,268595.04132231406,1.21,True,https://basalam.com/cat/tools/%D8%AE%D8%A7%DA%A9-%DA%A9%D9%88%D8%AF-%D8%B3%D9%85%D9%88%D9%85?page=92
کود نیترات کلسیم فلورامی 75 گرمی ( calcium nitrate),,37000,493333.3333333334,0.075,True,https://basalam.com/cat/tools/%D8%AE%D8%A7%DA%A9-%DA%A9%D9%88%D8%AF-%D8%B3%D9%85%D9%88%D9%85?page=92
گل یاس کبود پودر شده با کیفیت عالی بار امسالی و تازه(100گرمی ),,81000,810000.0,0.1,True,https://basalam.com/cat/tools/%D8%AE%D8%A7%DA%A9-%DA%A9%D9%88%D8%AF-%D8%B3%D9%85%D9%88%D9%85?page=92
گیاه گل بنفشه پودرشده با کیفیت عالی بار امسالی و تازه(50گرم),,475650,9513000.0,0.05,True,https://basalam.com/cat/tools/%D8%AE%D8%A7%DA%A9-%DA%A9%D9%88%D8%AF-%D8%B3%D9%85%D9%88%D9%85?page=92
گیاه دم گیلاس بار امسالی و تازه(50گرمی),,55250,1105000.0,0.05,True,https://basalam.com/cat/tools/%D8%AE%D8%A7%DA%A9-%DA%A9%D9%88%D8%AF-%D8%B3%D9%85%D9%88%D9%85?page=92
گیاه بهار مرکبات با کیفیت عالی بار امسالی و تازه(100گرمی ),,118850,1188500.0,0.1,True,https://basalam.com/cat/tools/%D8%AE%D8%A7%DA%A9-%DA%A9%D9%88%D8%AF-%D8%B3%D9%85%D9%88%D9%85?page=92
گیاه بهار مرکبات پودر شده با کیفیت عالی بار امسالی و تازه(50گرمی ),,83925,1678500.0,0.05,True,https://basalam.com/cat/tools/%D8%AE%D8%A7%DA%A9-%DA%A9%D9%88%D8%AF-%D8%B3%D9%85%D9%88%D9%85?page=92
گیاه دم گیلاس با کیفیت عالی بار امسالی و تازه(500گرمی),,291500,583000.0,0.5,True,https://basalam.com/cat/tools/%D8%AE%D8%A7%DA%A9-%DA%A9%D9%88%D8%AF-%D8%B3%D9%85%D9%88%D9%85?page=92
گیاه سنا هندی با کیفیت عالی بار امسالی و تازه(100گرمی),,53450,534500.0,0.1,True,https://basalam.com/cat/tools/%D8%AE%D8%A7%DA%A9-%DA%A9%D9%88%D8%AF-%D8%B3%D9%85%D9%88%D9%85?page=92
گیاه ترخون خشک پودر شده بار امسالی و تازه(500گرمی ),,351000,702000.0,0.5,True,https://basalam.com/cat/tools/%D8%AE%D8%A7%DA%A9-%DA%A9%D9%88%D8%AF-%D8%B3%D9%85%D9%88%D9%85?page=92
گیاه دم گیلاس پودر شده با کیفیت عالی بار امسالی و تازه(500گرمی),,301500,603000.0,0.5,True,https://basalam.com/cat/tools/%D8%AE%D8%A7%DA%A9-%DA%A9%D9%88%D8%AF-%D8%B3%D9%85%D9%88%D9%85?page=92
گیاه عشقه با کیفیت عالی بار امسالی و تازه(500گرمی),,209000,418000.0,0.5,True,https://basalam.com/cat/tools/%D8%AE%D8%A7%DA%A9-%DA%A9%D9%88%D8%AF-%D8%B3%D9%85%D9%88%D9%85?page=92
گیاه پرسیاوشان پودرشده بار امسالی و تازه(250گرمی ),,432750,1731000.0,0.25,True,https://basalam.com/cat/tools/%D8%AE%D8%A7%DA%A9-%DA%A9%D9%88%D8%AF-%D8%B3%D9%85%D9%88%D9%85?page=92
ریشه شیرین بیان (بدون پوست) با کیفیت عالی بار امسالی و تازه (500 گرمی ),,275000,550000.0,0.5,True,https://basalam.com/cat/tools/%D8%AE%D8%A7%DA%A9-%DA%A9%D9%88%D8%AF-%D8%B3%D9%85%D9%88%D9%85?page=92
گیاه شب خسب (درخت ابریشم)پودر شده با کیفیت عالی بار امسالی و تازه(500گرم),,879000,1758000.0,0.5,True,https://basalam.com/cat/tools/%D8%AE%D8%A7%DA%A9-%DA%A9%D9%88%D8%AF-%D8%B3%D9%85%D9%88%D9%85?page=92
کود پتاس بالا کود پتاسیم صد گرمی دکتر زندی,,37200,372000.0,0.1,True,https://basalam.com/cat/tools/%D8%AE%D8%A7%DA%A9-%DA%A9%D9%88%D8%AF-%D8%B3%D9%85%D9%88%D9%85?page=92
کود برگ دهی صدگرمی دکتر زندی بسته بندی پلاستیک,,30000,300000.0,0.1,True,https://basalam.com/cat/tools/%D8%AE%D8%A7%DA%A9-%DA%A9%D9%88%D8%AF-%D8%B3%D9%85%D9%88%D9%85?page=92
کود سوپر فیوتاپ,,1276000,1276000.0,1.0,True,https://basalam.com/cat/tools/%D8%AE%D8%A7%DA%A9-%DA%A9%D9%88%D8%AF-%D8%B3%D9%85%D9%88%D9%85?page=92
کود گوسفندی بومی محلی طبیعی (خریداریم و فروشنده)-عمده و جزئی,,1000,10000.0,0.1,True,https://basalam.com/cat/tools/%D8%AE%D8%A7%DA%A9-%DA%A9%D9%88%D8%AF-%D8%B3%D9%85%D9%88%D9%85?page=93
کود ریز مغذی کمبی بیوگرین نیم کیلویی,,627000,1254000.0,0.5,True,https://basalam.com/cat/tools/%D8%AE%D8%A7%DA%A9-%DA%A9%D9%88%D8%AF-%D8%B3%D9%85%D9%88%D9%85?page=93
کود اکورمون فروغ دشت اسپانیا فیوچراکو,,1550000,3100000.0,0.5,True,https://basalam.com/cat/tools/%D8%AE%D8%A7%DA%A9-%DA%A9%D9%88%D8%AF-%D8%B3%D9%85%D9%88%D9%85?page=93
کود گرانول پتاس بالا (30گرمی) (RICO),,80000,2666666.666666667,0.03,True,https://basalam.com/cat/tools/%D8%AE%D8%A7%DA%A9-%DA%A9%D9%88%D8%AF-%D8%B3%D9%85%D9%88%D9%85?page=93
گل رز جاودان قرمز همراه با باکس پایه مبلی با سفید و مشکی,,860000,4300000.0,0.2,True,https://basalam.com/cat/tools/%D8%AE%D8%A7%DA%A9-%DA%A9%D9%88%D8%AF-%D8%B3%D9%85%D9%88%D9%85?page=93
کود هیومیک اسید 99درصد شوک پلاس یک لیتری,,500000,500000.0,1.0,True,https://basalam.com/cat/tools/%D8%AE%D8%A7%DA%A9-%DA%A9%D9%88%D8%AF-%D8%B3%D9%85%D9%88%D9%85?page=93
کود ریشه زایی 77-21 فسفر شوک پلاس,,530000,530000.0,1.0,True,https://basalam.com/cat/tools/%D8%AE%D8%A7%DA%A9-%DA%A9%D9%88%D8%AF-%D8%B3%D9%85%D9%88%D9%85?page=93
کود پتاس 99درصد شوک پلاس یک لیتری اصلی,,500000,500000.0,1.0,True,https://basalam.com/cat/tools/%D8%AE%D8%A7%DA%A9-%DA%A9%D9%88%D8%AF-%D8%B3%D9%85%D9%88%D9%85?page=94
کود میکرو استیم سیف وارداتی از اسپانیاتولید2024,,48000000,800000.0,60.0,True,https://basalam.com/cat/tools/%D8%AE%D8%A7%DA%A9-%DA%A9%D9%88%D8%AF-%D8%B3%D9%85%D9%88%D9%85?page=94
کود بیوفیلد ارگان BIOFIELD ORGAN,,700000,700000.0,1.0,True,https://basalam.com/cat/tools/%D8%AE%D8%A7%DA%A9-%DA%A9%D9%88%D8%AF-%D8%B3%D9%85%D9%88%D9%85?page=94
کود جلبک دریایی ویتا ایکس گرین یک لیتری,,598000,598000.0,1.0,True,https://basalam.com/cat/tools/%D8%AE%D8%A7%DA%A9-%DA%A9%D9%88%D8%AF-%D8%B3%D9%85%D9%88%D9%85?page=94
کود کلسیم نیترات بنیفر,,1210000,121000.0,10.0,True,https://basalam.com/cat/tools/%D8%AE%D8%A7%DA%A9-%DA%A9%D9%88%D8%AF-%D8%B3%D9%85%D9%88%D9%85?page=94
کود ضد شوری پرک سویل اگریکم ترکیه,,1700000,170000.0,10.0,True,https://basalam.com/cat/tools/%D8%AE%D8%A7%DA%A9-%DA%A9%D9%88%D8%AF-%D8%B3%D9%85%D9%88%D9%85?page=94
کود سه بیست 20 2020 کوالی فرت ترکیه,,3200000,213333.3333333333,15.0,True,https://basalam.com/cat/tools/%D8%AE%D8%A7%DA%A9-%DA%A9%D9%88%D8%AF-%D8%B3%D9%85%D9%88%D9%85?page=94
کود میکرو پروتکت اسپانیا,,60000,750000.0,0.08,True,https://basalam.com/cat/tools/%D8%AE%D8%A7%DA%A9-%DA%A9%D9%88%D8%AF-%D8%B3%D9%85%D9%88%D9%85?page=94
کود مایع بامبو,,85000,425000.0,0.2,True,https://basalam.com/cat/tools/%D8%AE%D8%A7%DA%A9-%DA%A9%D9%88%D8%AF-%D8%B3%D9%85%D9%88%D9%85?page=94
کود کامل رویال مکس 10-50-10 پلنت استار (ارسال به صورت پس کرایه),,2500000,250000.0,10.0,True,https://basalam.com/cat/tools/%D8%AE%D8%A7%DA%A9-%DA%A9%D9%88%D8%AF-%D8%B3%D9%85%D9%88%D9%85?page=94
کود پلنت استار 52-00-00 npk(ارسال به صورت پس کرایه),,252000,252000.0,1.0,True,https://basalam.com/cat/tools/%D8%AE%D8%A7%DA%A9-%DA%A9%D9%88%D8%AF-%D8%B3%D9%85%D9%88%D9%85?page=94
کود 20 20 20 کود کامل گیاهان,,22000,647058.8235294117,0.034,True,https://basalam.com/cat/tools/%D8%AE%D8%A7%DA%A9-%DA%A9%D9%88%D8%AF-%D8%B3%D9%85%D9%88%D9%85?page=94
کود ریشه زا ارگانیک باسیروت,,700000,700000.0,1.0,True,https://basalam.com/cat/tools/%D8%AE%D8%A7%DA%A9-%DA%A9%D9%88%D8%AF-%D8%B3%D9%85%D9%88%D9%85?page=94
کاکتوس کود,,9000,45000.0,0.2,True,https://basalam.com/cat/tools/%D8%AE%D8%A7%DA%A9-%DA%A9%D9%88%D8%AF-%D8%B3%D9%85%D9%88%D9%85?page=94
کود کاکتوس,,9000,90000.0,0.1,True,https://basalam.com/cat/tools/%D8%AE%D8%A7%DA%A9-%DA%A9%D9%88%D8%AF-%D8%B3%D9%85%D9%88%D9%85?page=94
کود سانسوریا,,9000,45000.0,0.2,True,https://basalam.com/cat/tools/%D8%AE%D8%A7%DA%A9-%DA%A9%D9%88%D8%AF-%D8%B3%D9%85%D9%88%D9%85?page=94
کود مایع فسفیت پتاسیم PK بیوزر,,500000,314465.40880503145,1.59,True,https://basalam.com/cat/tools/%D8%AE%D8%A7%DA%A9-%DA%A9%D9%88%D8%AF-%D8%B3%D9%85%D9%88%D9%85?page=94
کود مایع فروت ست جنریت یک لیتری,,900000,900000.0,1.0,True,https://basalam.com/cat/tools/%D8%AE%D8%A7%DA%A9-%DA%A9%D9%88%D8%AF-%D8%B3%D9%85%D9%88%D9%85?page=94
کود بنسای(بنسای کود),,50000,500000.0,0.1,True,https://basalam.com/cat/tools/%D8%AE%D8%A7%DA%A9-%DA%A9%D9%88%D8%AF-%D8%B3%D9%85%D9%88%D9%85?page=94
کود مایع آلی بمب انرژی گیاهان زینتی و گلهای آپارتمانی محصول رویش سبز (پس کرایه),,350000,350000.0,1.0,True,https://basalam.com/cat/tools/%D8%AE%D8%A7%DA%A9-%DA%A9%D9%88%D8%AF-%D8%B3%D9%85%D9%88%D9%85?page=94
کود سپر میکس بیومور (پس کرایه),,398000,398000.0,1.0,True,https://basalam.com/cat/tools/%D8%AE%D8%A7%DA%A9-%DA%A9%D9%88%D8%AF-%D8%B3%D9%85%D9%88%D9%85?page=94
مجموعه دیش گاردن جذاب و زیبا شامل کاج الودیکاج کرپ توماریاکاج ژونی پروس ولزی(پس کرایه),,850000,170000.0,5.0,True,https://basalam.com/cat/tools/%D8%AE%D8%A7%DA%A9-%DA%A9%D9%88%D8%AF-%D8%B3%D9%85%D9%88%D9%85?page=94
کود عصاره جلبک بیست لیتری مایع جنریت آمریکا,,18000000,900000.0,20.0,True,https://basalam.com/cat/tools/%D8%AE%D8%A7%DA%A9-%DA%A9%D9%88%D8%AF-%D8%B3%D9%85%D9%88%D9%85?page=94
کود آهن مایع نانو 11درصد یک لیتری جنریت اصلی محصول آمریکا,,1530000,1530000.0,1.0,True,https://basalam.com/cat/tools/%D8%AE%D8%A7%DA%A9-%DA%A9%D9%88%D8%AF-%D8%B3%D9%85%D9%88%D9%85?page=94
کود مایع هیومیک اسید جنریت محصول آمریکا بیست لیتری با 95 درصد خلوص,,4500000,225000.0,20.0,True,https://basalam.com/cat/tools/%D8%AE%D8%A7%DA%A9-%DA%A9%D9%88%D8%AF-%D8%B3%D9%85%D9%88%D9%85?page=94
کود گوگرد مایع بیست لیتری جنریت محصول ایالات متحده,,10000000,500000.0,20.0,True,https://basalam.com/cat/tools/%D8%AE%D8%A7%DA%A9-%DA%A9%D9%88%D8%AF-%D8%B3%D9%85%D9%88%D9%85?page=94
کود کامل 20-20-20 افزایش رشد و شادابی گیاه,,75000,750000.0,0.1,True,https://basalam.com/cat/tools/%D8%AE%D8%A7%DA%A9-%DA%A9%D9%88%D8%AF-%D8%B3%D9%85%D9%88%D9%85?page=94
کود گلدهی کوتاه مدت فیدینگ پاکت 125 گرمی,,1500000,12000000.0,0.125,True,https://basalam.com/cat/tools/%D8%AE%D8%A7%DA%A9-%DA%A9%D9%88%D8%AF-%D8%B3%D9%85%D9%88%D9%85?page=94
کود گلدهی بلند مدت فیدینگ Feeding,,1500000,12000000.0,0.125,True,https://basalam.com/cat/tools/%D8%AE%D8%A7%DA%A9-%DA%A9%D9%88%D8%AF-%D8%B3%D9%85%D9%88%D9%85?page=94
کود مخصوص گندم و جو یک لیتری (پس کرایه),,260000,260000.0,1.0,True,https://basalam.com/cat/tools/%D8%AE%D8%A7%DA%A9-%DA%A9%D9%88%D8%AF-%D8%B3%D9%85%D9%88%D9%85?page=94
کود پتاس بالا شوک 60درصد یک لیتری (پس کرایه),,220000,220000.0,1.0,True,https://basalam.com/cat/tools/%D8%AE%D8%A7%DA%A9-%DA%A9%D9%88%D8%AF-%D8%B3%D9%85%D9%88%D9%85?page=94
کود 36-12 -12 ( محرک گلدهی گیاهان ),,48000,960000.0,0.05,True,https://basalam.com/cat/tools/%D8%AE%D8%A7%DA%A9-%DA%A9%D9%88%D8%AF-%D8%B3%D9%85%D9%88%D9%85?page=94
کود 10-52-10 دوتایی,,90000,900000.0,0.1,True,https://basalam.com/cat/tools/%D8%AE%D8%A7%DA%A9-%DA%A9%D9%88%D8%AF-%D8%B3%D9%85%D9%88%D9%85?page=94
کود رشد,,20000,200000.0,0.1,True,https://basalam.com/cat/tools/%D8%AE%D8%A7%DA%A9-%DA%A9%D9%88%D8%AF-%D8%B3%D9%85%D9%88%D9%85?page=94
کود کامپاند4 (آفتابگردان) یاراویتا-پس کرایه,,796000,796000.0,1.0,True,https://basalam.com/cat/tools/%D8%AE%D8%A7%DA%A9-%DA%A9%D9%88%D8%AF-%D8%B3%D9%85%D9%88%D9%85?page=95
کود غلات یاراویتا-پس کرایه,,920000,920000.0,1.0,True,https://basalam.com/cat/tools/%D8%AE%D8%A7%DA%A9-%DA%A9%D9%88%D8%AF-%D8%B3%D9%85%D9%88%D9%85?page=95
کود اسید آمینه دابل (پس کرایه),,400000,800000.0,0.5,True,https://basalam.com/cat/tools/%D8%AE%D8%A7%DA%A9-%DA%A9%D9%88%D8%AF-%D8%B3%D9%85%D9%88%D9%85?page=95
میکس دوتایی ( کود آهن و کود 36-12-12 ),,90000,1125000.0,0.08,True,https://basalam.com/cat/tools/%D8%AE%D8%A7%DA%A9-%DA%A9%D9%88%D8%AF-%D8%B3%D9%85%D9%88%D9%85?page=95
کود هیدروپونیک جامد مخصوص میوه دهی کد P1000,,429000,429000.0,1.0,True,https://basalam.com/cat/tools/%D8%AE%D8%A7%DA%A9-%DA%A9%D9%88%D8%AF-%D8%B3%D9%85%D9%88%D9%85?page=95
کود هیدروپونیک مایع هوگلند کد LH1000,,479000,119750.0,4.0,True,https://basalam.com/cat/tools/%D8%AE%D8%A7%DA%A9-%DA%A9%D9%88%D8%AF-%D8%B3%D9%85%D9%88%D9%85?page=95
کود هیدروپونیک مایع مخصوص انواع سبزیجات کد LV1000,,479000,119750.0,4.0,True,https://basalam.com/cat/tools/%D8%AE%D8%A7%DA%A9-%DA%A9%D9%88%D8%AF-%D8%B3%D9%85%D9%88%D9%85?page=95
کود هیدروپونیک جامد هوگلند کد H100,,125000,1250000.0,0.1,True,https://basalam.com/cat/tools/%D8%AE%D8%A7%DA%A9-%DA%A9%D9%88%D8%AF-%D8%B3%D9%85%D9%88%D9%85?page=95
کود ارگانیک. سازگاره با تمامی گیاهان. چون از مواد شیمیایی ساخته نشدهومناسبه برای ابخوانها ی سرامیکی,,70000,1166666.6666666667,0.06,True,https://basalam.com/cat/tools/%D8%AE%D8%A7%DA%A9-%DA%A9%D9%88%D8%AF-%D8%B3%D9%85%D9%88%D9%85?page=95
کود ریز مغذی سوپر سوئینگ (پس کرایه),,390000,390000.0,1.0,True,https://basalam.com/cat/tools/%D8%AE%D8%A7%DA%A9-%DA%A9%D9%88%D8%AF-%D8%B3%D9%85%D9%88%D9%85?page=95
کود آهن اینو وایو اسپانیا (پس کرایه),,800000,707964.6017699116,1.13,True,https://basalam.com/cat/tools/%D8%AE%D8%A7%DA%A9-%DA%A9%D9%88%D8%AF-%D8%B3%D9%85%D9%88%D9%85?page=95
کود مس جامدفلوریش (پس کرایه),,250000,250000.0,1.0,True,https://basalam.com/cat/tools/%D8%AE%D8%A7%DA%A9-%DA%A9%D9%88%D8%AF-%D8%B3%D9%85%D9%88%D9%85?page=95
کود ریشه آمینو روت نوسبو کره,,550000,550000.0,1.0,True,https://basalam.com/cat/tools/%D8%AE%D8%A7%DA%A9-%DA%A9%D9%88%D8%AF-%D8%B3%D9%85%D9%88%D9%85?page=95
کود نیترات کلسیم (پس کرایه),,1200000,120000.0,10.0,True,https://basalam.com/cat/tools/%D8%AE%D8%A7%DA%A9-%DA%A9%D9%88%D8%AF-%D8%B3%D9%85%D9%88%D9%85?page=95
کود سولوپتاس (پس کرایه),,2100000,210000.0,10.0,True,https://basalam.com/cat/tools/%D8%AE%D8%A7%DA%A9-%DA%A9%D9%88%D8%AF-%D8%B3%D9%85%D9%88%D9%85?page=95
کود مایع روتی فرت کود مدل فسفیت پتاسیم حجم یک لیتر ( پس کرایه ),,286000,286000.0,1.0,True,https://basalam.com/cat/tools/%D8%AE%D8%A7%DA%A9-%DA%A9%D9%88%D8%AF-%D8%B3%D9%85%D9%88%D9%85?page=95
کود مایع 12-12-36 NPK,,48000,1600000.0,0.03,True,https://basalam.com/cat/tools/%D8%AE%D8%A7%DA%A9-%DA%A9%D9%88%D8%AF-%D8%B3%D9%85%D9%88%D9%85?page=95
کود فلورافلکس بالکی بی 500گرم,,600000,1200000.0,0.5,True,https://basalam.com/cat/tools/%D8%AE%D8%A7%DA%A9-%DA%A9%D9%88%D8%AF-%D8%B3%D9%85%D9%88%D9%85?page=95
کود گروتک مانسترگرو بسته 500 گرم,,650000,1300000.0,0.5,True,https://basalam.com/cat/tools/%D8%AE%D8%A7%DA%A9-%DA%A9%D9%88%D8%AF-%D8%B3%D9%85%D9%88%D9%85?page=95
کود کامل ژله ای آکوافر,,1000000,250000.0,4.0,True,https://basalam.com/cat/tools/%D8%AE%D8%A7%DA%A9-%DA%A9%D9%88%D8%AF-%D8%B3%D9%85%D9%88%D9%85?page=95
کود پتاس بالا ژله ای آکوافر,,1176000,294000.0,4.0,True,https://basalam.com/cat/tools/%D8%AE%D8%A7%DA%A9-%DA%A9%D9%88%D8%AF-%D8%B3%D9%85%D9%88%D9%85?page=95
کود گیاهی و حیوانی میکس شده,,353500,117833.33333333331,3.0,True,https://basalam.com/cat/tools/%D8%AE%D8%A7%DA%A9-%DA%A9%D9%88%D8%AF-%D8%B3%D9%85%D9%88%D9%85?page=95
کود آهن مخصوص گیاه,,369100,369100.0,1.0,True,https://basalam.com/cat/tools/%D8%AE%D8%A7%DA%A9-%DA%A9%D9%88%D8%AF-%D8%B3%D9%85%D9%88%D9%85?page=95
کود کلات آهن 13 درصد وارداتی (ترکیه ای ) تکنیفول روبو آیرون مخصوص محلول پاشی.بسته بندی یک کیلوگرمی,,790000,790000.0,1.0,True,https://basalam.com/cat/tools/%D8%AE%D8%A7%DA%A9-%DA%A9%D9%88%D8%AF-%D8%B3%D9%85%D9%88%D9%85?page=95
کود ازت بالا یا کود مخصوص برگ دادن گیاه(با حداقل 400 تومن خرید از غرفه ارسال قطعی میشه)(هزینه ارسال پسکرایه),,69000,345000.0,0.2,True,https://basalam.com/cat/tools/%D8%AE%D8%A7%DA%A9-%DA%A9%D9%88%D8%AF-%D8%B3%D9%85%D9%88%D9%85?page=95
کود اسید هیومیک پودری گرین پیک مدل Hu500 وزن 500 گرم,,219000,438000.0,0.5,True,https://basalam.com/cat/tools/%D8%AE%D8%A7%DA%A9-%DA%A9%D9%88%D8%AF-%D8%B3%D9%85%D9%88%D9%85?page=95
پک کود حرفه ای برای رشد گیاهان(با حداقل 400 تومن خرید ارسال قطعی میشه)(هزینه ارسال پسکرایه),,298000,496666.6666666667,0.6,True,https://basalam.com/cat/tools/%D8%AE%D8%A7%DA%A9-%DA%A9%D9%88%D8%AF-%D8%B3%D9%85%D9%88%D9%85?page=95
کود کامل رشد گیاه سه بیست (حداقل خرید از غرفه 400 تومن)(هزینه ارسال پسکرایه),,38000,190000.0,0.2,True,https://basalam.com/cat/tools/%D8%AE%D8%A7%DA%A9-%DA%A9%D9%88%D8%AF-%D8%B3%D9%85%D9%88%D9%85?page=95
کود آمینو کلات میکرومیکس گاتا سبزکاوشان یک کیلویی,,538000,538000.0,1.0,True,https://basalam.com/cat/tools/%D8%AE%D8%A7%DA%A9-%DA%A9%D9%88%D8%AF-%D8%B3%D9%85%D9%88%D9%85?page=96
کود نیترات پتاسیم گرین پیک مدل Potassium Nitrate 1000 وزن یک کیلوگرم,,319000,319000.0,1.0,True,https://basalam.com/cat/tools/%D8%AE%D8%A7%DA%A9-%DA%A9%D9%88%D8%AF-%D8%B3%D9%85%D9%88%D9%85?page=96
کود کلات آهن 6 درصد راگا مدل Fe 06 وزن 500 گرم,,249000,498000.0,0.5,True,https://basalam.com/cat/tools/%D8%AE%D8%A7%DA%A9-%DA%A9%D9%88%D8%AF-%D8%B3%D9%85%D9%88%D9%85?page=96
کود سولفات منگنز گرین پیک مدل MANGANESE SULFATE 1000 وزن یک کیلوگرم,,229000,229000.0,1.0,True,https://basalam.com/cat/tools/%D8%AE%D8%A7%DA%A9-%DA%A9%D9%88%D8%AF-%D8%B3%D9%85%D9%88%D9%85?page=96
کود سولفات مس گرین پیک مدل Copper Sulphate1000 وزن یک کیلوگرم,,459000,459000.0,1.0,True,https://basalam.com/cat/tools/%D8%AE%D8%A7%DA%A9-%DA%A9%D9%88%D8%AF-%D8%B3%D9%85%D9%88%D9%85?page=96
کود مونو آمونیم فسفات گرین پیک مدل NPK12-61-0 وزن یک کیلوگرم,,339000,339000.0,1.0,True,https://basalam.com/cat/tools/%D8%AE%D8%A7%DA%A9-%DA%A9%D9%88%D8%AF-%D8%B3%D9%85%D9%88%D9%85?page=96
کود 36-12-12 150 گرمی آگنس,,125000,833333.3333333334,0.15,True,https://basalam.com/cat/tools/%D8%AE%D8%A7%DA%A9-%DA%A9%D9%88%D8%AF-%D8%B3%D9%85%D9%88%D9%85?page=96
کود ریشه زا 10-52-10 160 گرمی آگنس,,160000,1000000.0,0.16,True,https://basalam.com/cat/tools/%D8%AE%D8%A7%DA%A9-%DA%A9%D9%88%D8%AF-%D8%B3%D9%85%D9%88%D9%85?page=96
گل اسطوخودوس ایرانی با کیفیت عالی بار امسالی و تازه(500گرمی),,1606800,3213600.0,0.5,True,https://basalam.com/cat/tools/%D8%AE%D8%A7%DA%A9-%DA%A9%D9%88%D8%AF-%D8%B3%D9%85%D9%88%D9%85?page=96
برگ جینکو با کیفیت عالی بار امسالی و تازه(50گرمی),,200500,4010000.0,0.05,True,https://basalam.com/cat/tools/%D8%AE%D8%A7%DA%A9-%DA%A9%D9%88%D8%AF-%D8%B3%D9%85%D9%88%D9%85?page=96
غنچه گل محمدی با کیفیت عالی بار امسالی و تازه(50گرمی ),,317000,6340000.0,0.05,True,https://basalam.com/cat/tools/%D8%AE%D8%A7%DA%A9-%DA%A9%D9%88%D8%AF-%D8%B3%D9%85%D9%88%D9%85?page=96
گیاه مریم گلی با کیفیت عالی بار امسالی و تازه(750گرمی),,1850600,2467466.6666666665,0.75,True,https://basalam.com/cat/tools/%D8%AE%D8%A7%DA%A9-%DA%A9%D9%88%D8%AF-%D8%B3%D9%85%D9%88%D9%85?page=96
گیاه زوفا با کیفیت عالی بار امسالی و تازه(200گرمی),,508900,2544500.0,0.2,True,https://basalam.com/cat/tools/%D8%AE%D8%A7%DA%A9-%DA%A9%D9%88%D8%AF-%D8%B3%D9%85%D9%88%D9%85?page=96
گیاه دم اسب با کیفیت عالی بار امسالی و تازه(150گرمی),,163900,1092666.6666666667,0.15,True,https://basalam.com/cat/tools/%D8%AE%D8%A7%DA%A9-%DA%A9%D9%88%D8%AF-%D8%B3%D9%85%D9%88%D9%85?page=96
افتیمون با کیفیت عالی بار امسالی و تازه(100 گرمی ),,219200,2192000.0,0.1,True,https://basalam.com/cat/tools/%D8%AE%D8%A7%DA%A9-%DA%A9%D9%88%D8%AF-%D8%B3%D9%85%D9%88%D9%85?page=96
گیاه جعفری با کیفیت عالی بار امسالی و تازه(150 گرمی ),,264400,1762666.6666666667,0.15,True,https://basalam.com/cat/tools/%D8%AE%D8%A7%DA%A9-%DA%A9%D9%88%D8%AF-%D8%B3%D9%85%D9%88%D9%85?page=96
افسنطین با کیفیت عالی بار امسالی و تازه(150 گرمی ),,497900,3319333.333333333,0.15,True,https://basalam.com/cat/tools/%D8%AE%D8%A7%DA%A9-%DA%A9%D9%88%D8%AF-%D8%B3%D9%85%D9%88%D9%85?page=96
گیاه نعناع فلفلی با کیفیت عالی بار امسالی و تازه(200گرمی ),,566000,2830000.0,0.2,True,https://basalam.com/cat/tools/%D8%AE%D8%A7%DA%A9-%DA%A9%D9%88%D8%AF-%D8%B3%D9%85%D9%88%D9%85?page=96
گیاه نعناع فلفلی با کیفیت عالی بار امسالی و تازه(250 گرمی),,769400,3077600.0,0.25,True,https://basalam.com/cat/tools/%D8%AE%D8%A7%DA%A9-%DA%A9%D9%88%D8%AF-%D8%B3%D9%85%D9%88%D9%85?page=96
گیاه نعناع فلفلی با کیفیت عالی بار امسالی و تازه(100گرمی ),,297300,2973000.0,0.1,True,https://basalam.com/cat/tools/%D8%AE%D8%A7%DA%A9-%DA%A9%D9%88%D8%AF-%D8%B3%D9%85%D9%88%D9%85?page=96
پونه با کیفیت عالی بار امسالی و تازه(750 گرمی ),,795800,1061066.6666666667,0.75,True,https://basalam.com/cat/tools/%D8%AE%D8%A7%DA%A9-%DA%A9%D9%88%D8%AF-%D8%B3%D9%85%D9%88%D9%85?page=96
گل بید مشک با کیفیت عالی بار امسالی و تازه(150 گرمی ),,486900,3246000.0,0.15,True,https://basalam.com/cat/tools/%D8%AE%D8%A7%DA%A9-%DA%A9%D9%88%D8%AF-%D8%B3%D9%85%D9%88%D9%85?page=96
برگ سنا با کیفیت عالی بار امسالی و تازه(100گرمی),,159500,1595000.0,0.1,True,https://basalam.com/cat/tools/%D8%AE%D8%A7%DA%A9-%DA%A9%D9%88%D8%AF-%D8%B3%D9%85%D9%88%D9%85?page=96
گیاه گزنه با کیفیت عالی بار امسالی و تازه(200گرمی ),,402400,2012000.0,0.2,True,https://basalam.com/cat/tools/%D8%AE%D8%A7%DA%A9-%DA%A9%D9%88%D8%AF-%D8%B3%D9%85%D9%88%D9%85?page=96
گیاه خار مریم با کیفیت عالی بار امسالی و تازه(500گرمی),,944600,1889200.0,0.5,True,https://basalam.com/cat/tools/%D8%AE%D8%A7%DA%A9-%DA%A9%D9%88%D8%AF-%D8%B3%D9%85%D9%88%D9%85?page=97
گل مینا با کیفیت عالی بار امسالی و تازه(500گرمی),,6786000,13572000.0,0.5,True,https://basalam.com/cat/tools/%D8%AE%D8%A7%DA%A9-%DA%A9%D9%88%D8%AF-%D8%B3%D9%85%D9%88%D9%85?page=97
پوست اسفرزه با کیفیت عالی بار امسالی و تازه (100گرمی),,966100,9661000.0,0.1,True,https://basalam.com/cat/tools/%D8%AE%D8%A7%DA%A9-%DA%A9%D9%88%D8%AF-%D8%B3%D9%85%D9%88%D9%85?page=97
گیاه مرزه با کیفیت عالی بار امسالی و تازه(200گرمی),,555100,2775500.0,0.2,True,https://basalam.com/cat/tools/%D8%AE%D8%A7%DA%A9-%DA%A9%D9%88%D8%AF-%D8%B3%D9%85%D9%88%D9%85?page=97
گیاه مریم گلی با کیفیت عالی بار امسالی و تازه(500گرمی ),,1166700,2333400.0,0.5,True,https://basalam.com/cat/tools/%D8%AE%D8%A7%DA%A9-%DA%A9%D9%88%D8%AF-%D8%B3%D9%85%D9%88%D9%85?page=97
اکالیپتوس با کیفیت عالی بار امسالی و تازه(50 گرمی ),,102100,2042000.0,0.05,True,https://basalam.com/cat/tools/%D8%AE%D8%A7%DA%A9-%DA%A9%D9%88%D8%AF-%D8%B3%D9%85%D9%88%D9%85?page=97
گل سر خارگل با کیفیت عالی بار امسالی و تازه(200گرمی),,625000,3125000.0,0.2,True,https://basalam.com/cat/tools/%D8%AE%D8%A7%DA%A9-%DA%A9%D9%88%D8%AF-%D8%B3%D9%85%D9%88%D9%85?page=97
افتیمون با کیفیت عالی بار امسالی و تازه(50 گرمی ),,109200,2184000.0,0.05,True,https://basalam.com/cat/tools/%D8%AE%D8%A7%DA%A9-%DA%A9%D9%88%D8%AF-%D8%B3%D9%85%D9%88%D9%85?page=97
ریشه خولنجان با کیفیت عالی بار امسالی و تازه(100گرمی),,627100,6271000.0,0.1,True,https://basalam.com/cat/tools/%D8%AE%D8%A7%DA%A9-%DA%A9%D9%88%D8%AF-%D8%B3%D9%85%D9%88%D9%85?page=97
ریشه خولنجان با کیفیت عالی بار امسالی و تازه(50گرمی),,313800,6276000.0,0.05,True,https://basalam.com/cat/tools/%D8%AE%D8%A7%DA%A9-%DA%A9%D9%88%D8%AF-%D8%B3%D9%85%D9%88%D9%85?page=97
افتیمون با کیفیت عالی بار امسالی و تازه(500گرمی),,703800,1407600.0,0.5,True,https://basalam.com/cat/tools/%D8%AE%D8%A7%DA%A9-%DA%A9%D9%88%D8%AF-%D8%B3%D9%85%D9%88%D9%85?page=97
گل ختمی سفید با کیفیت عالی بار امسالی و تازه(500 گرمی),,906800,1813600.0,0.5,True,https://basalam.com/cat/tools/%D8%AE%D8%A7%DA%A9-%DA%A9%D9%88%D8%AF-%D8%B3%D9%85%D9%88%D9%85?page=97
افسنطین با کیفیت عالی بار امسالی و تازه(750 گرمی ),,2070100,2760133.333333333,0.75,True,https://basalam.com/cat/tools/%D8%AE%D8%A7%DA%A9-%DA%A9%D9%88%D8%AF-%D8%B3%D9%85%D9%88%D9%85?page=97
ریشه سنبل الطیب با کیفیت عالی بار امسالی و تازه(750گرمی),,5947600,7930133.333333333,0.75,True,https://basalam.com/cat/tools/%D8%AE%D8%A7%DA%A9-%DA%A9%D9%88%D8%AF-%D8%B3%D9%85%D9%88%D9%85?page=97
گیاه جعفری با کیفیت عالی بار امسالی و تازه(750 گرمی ),,1101300,1468400.0,0.75,True,https://basalam.com/cat/tools/%D8%AE%D8%A7%DA%A9-%DA%A9%D9%88%D8%AF-%D8%B3%D9%85%D9%88%D9%85?page=97
ریشه خولنجان با کیفیت عالی بار امسالی و تازه(500گرمی),,1541800,3083600.0,0.5,True,https://basalam.com/cat/tools/%D8%AE%D8%A7%DA%A9-%DA%A9%D9%88%D8%AF-%D8%B3%D9%85%D9%88%D9%85?page=97
ریشه خولنجان با کیفیت عالی بار امسالی و تازه(750 گرمی ),,2313100,3084133.333333333,0.75,True,https://basalam.com/cat/tools/%D8%AE%D8%A7%DA%A9-%DA%A9%D9%88%D8%AF-%D8%B3%D9%85%D9%88%D9%85?page=97
گیاه دم اسب با کیفیت عالی بار امسالی و تازه(750گرمی),,683600,911466.6666666666,0.75,True,https://basalam.com/cat/tools/%D8%AE%D8%A7%DA%A9-%DA%A9%D9%88%D8%AF-%D8%B3%D9%85%D9%88%D9%85?page=97
ریشه سنبل الطیب با کیفیت عالی بار امسالی و تازه(250گرمی ),,2198000,8792000.0,0.25,True,https://basalam.com/cat/tools/%D8%AE%D8%A7%DA%A9-%DA%A9%D9%88%D8%AF-%D8%B3%D9%85%D9%88%D9%85?page=97
ریشه سنبل الطیب با کیفیت عالی بار امسالی و تازه(500گرمی ),,3749400,7498800.0,0.5,True,https://basalam.com/cat/tools/%D8%AE%D8%A7%DA%A9-%DA%A9%D9%88%D8%AF-%D8%B3%D9%85%D9%88%D9%85?page=97
ریشه شیرین بیان با کیفیت عالی بار امسالی و تازه(50گرمی ),,134800,2696000.0,0.05,True,https://basalam.com/cat/tools/%D8%AE%D8%A7%DA%A9-%DA%A9%D9%88%D8%AF-%D8%B3%D9%85%D9%88%D9%85?page=97
ریشه شیرین بیان (بدون پوست) با کیفیت عالی بار امسالی و تازه(100گرمی ),,256500,2565000.0,0.1,True,https://basalam.com/cat/tools/%D8%AE%D8%A7%DA%A9-%DA%A9%D9%88%D8%AF-%D8%B3%D9%85%D9%88%D9%85?page=97
ریشه شیرین بیان با کیفیت عالی بار امسالی و تازه(200گرمی),,513500,2567500.0,0.2,True,https://basalam.com/cat/tools/%D8%AE%D8%A7%DA%A9-%DA%A9%D9%88%D8%AF-%D8%B3%D9%85%D9%88%D9%85?page=97
ریشه شیرین بیان با کیفیت عالی بار امسالی و تازه(150گرمی),,391500,2610000.0,0.15,True,https://basalam.com/cat/tools/%D8%AE%D8%A7%DA%A9-%DA%A9%D9%88%D8%AF-%D8%B3%D9%85%D9%88%D9%85?page=97
کود میکرو پیانتا میکس فیتوناتورا محصول ایتالیا پیانتامیکس فیتوناتورا pianta mix fitonatura,,1200000,1200000.0,1.0,True,https://basalam.com/cat/tools/%D8%AE%D8%A7%DA%A9-%DA%A9%D9%88%D8%AF-%D8%B3%D9%85%D9%88%D9%85?page=97
گل زیبا و آویز سرخس با کیفیتی استثنایی مخصوص دکوراسیون داخلی,,325600,361777.77777777775,0.9,True,https://basalam.com/cat/tools/%D8%AE%D8%A7%DA%A9-%DA%A9%D9%88%D8%AF-%D8%B3%D9%85%D9%88%D9%85?page=97
کود جلبک دریایی.در بسته های50 گرمی .,,89000,1780000.0,0.05,True,https://basalam.com/cat/tools/%D8%AE%D8%A7%DA%A9-%DA%A9%D9%88%D8%AF-%D8%B3%D9%85%D9%88%D9%85?page=97
کود گوگرد زرد مدل خانگی وزن 100 گرم,,64000,640000.0,0.1,True,https://basalam.com/cat/tools/%D8%AE%D8%A7%DA%A9-%DA%A9%D9%88%D8%AF-%D8%B3%D9%85%D9%88%D9%85?page=97
کود کلات آهن پویا 100 گرم,,45000,450000.0,0.1,True,https://basalam.com/cat/tools/%D8%AE%D8%A7%DA%A9-%DA%A9%D9%88%D8%AF-%D8%B3%D9%85%D9%88%D9%85?page=98
کود رشد آذر سبزینه,,15800,438888.8888888889,0.036,True,https://basalam.com/cat/tools/%D8%AE%D8%A7%DA%A9-%DA%A9%D9%88%D8%AF-%D8%B3%D9%85%D9%88%D9%85?page=98
کود تقویتی مخصوص گوجه فرنگی ظرافت,,47000,391666.6666666667,0.12,True,https://basalam.com/cat/tools/%D8%AE%D8%A7%DA%A9-%DA%A9%D9%88%D8%AF-%D8%B3%D9%85%D9%88%D9%85?page=98
کود تقویتی مخصوص لوفا ظرافت,,47000,391666.6666666667,0.12,True,https://basalam.com/cat/tools/%D8%AE%D8%A7%DA%A9-%DA%A9%D9%88%D8%AF-%D8%B3%D9%85%D9%88%D9%85?page=98
کود تقویتی مخصوص پپرومیا ظرافت وزن 50 گرم,,49000,980000.0,0.05,True,https://basalam.com/cat/tools/%D8%AE%D8%A7%DA%A9-%DA%A9%D9%88%D8%AF-%D8%B3%D9%85%D9%88%D9%85?page=98
کود تقویتی مخصوص گل داتوره ( تاتوره ) ظرافت,,47000,391666.6666666667,0.12,True,https://basalam.com/cat/tools/%D8%AE%D8%A7%DA%A9-%DA%A9%D9%88%D8%AF-%D8%B3%D9%85%D9%88%D9%85?page=98
کود تقویتی مخصوص گل استکانی ( زنگوله ای ) ظرافت,,47000,391666.6666666667,0.12,True,https://basalam.com/cat/tools/%D8%AE%D8%A7%DA%A9-%DA%A9%D9%88%D8%AF-%D8%B3%D9%85%D9%88%D9%85?page=98
کود تقویتی مخصوص تاجریزی ظرافت,,47000,391666.6666666667,0.12,True,https://basalam.com/cat/tools/%D8%AE%D8%A7%DA%A9-%DA%A9%D9%88%D8%AF-%D8%B3%D9%85%D9%88%D9%85?page=98
کود تقویتی مخصوص گل گاوزبان ظرافت,,47000,391666.6666666667,0.12,True,https://basalam.com/cat/tools/%D8%AE%D8%A7%DA%A9-%DA%A9%D9%88%D8%AF-%D8%B3%D9%85%D9%88%D9%85?page=98
کود تقویتی مخصوص خربزه ظرافت,,47000,391666.6666666667,0.12,True,https://basalam.com/cat/tools/%D8%AE%D8%A7%DA%A9-%DA%A9%D9%88%D8%AF-%D8%B3%D9%85%D9%88%D9%85?page=98
کود تقویتی مخصوص کاهو ظرافت,,47000,391666.6666666667,0.12,True,https://basalam.com/cat/tools/%D8%AE%D8%A7%DA%A9-%DA%A9%D9%88%D8%AF-%D8%B3%D9%85%D9%88%D9%85?page=98
کود تقویتی مخصوص آکوروس ظرافت وزن 50 گرم,,49000,980000.0,0.05,True,https://basalam.com/cat/tools/%D8%AE%D8%A7%DA%A9-%DA%A9%D9%88%D8%AF-%D8%B3%D9%85%D9%88%D9%85?page=98
کود تقویتی مخصوص کاکتوس پایه خیاری ظرافت,,47000,391666.6666666667,0.12,True,https://basalam.com/cat/tools/%D8%AE%D8%A7%DA%A9-%DA%A9%D9%88%D8%AF-%D8%B3%D9%85%D9%88%D9%85?page=98
کود تقویتی مخصوص خرفه ظرافت,,47000,391666.6666666667,0.12,True,https://basalam.com/cat/tools/%D8%AE%D8%A7%DA%A9-%DA%A9%D9%88%D8%AF-%D8%B3%D9%85%D9%88%D9%85?page=98
کود تقویتی مخصوص گشنیز ظرافت,,47000,391666.6666666667,0.12,True,https://basalam.com/cat/tools/%D8%AE%D8%A7%DA%A9-%DA%A9%D9%88%D8%AF-%D8%B3%D9%85%D9%88%D9%85?page=98
کود تقویتی مخصوص پونه ظرافت وزن 50 گرم,,49000,980000.0,0.05,True,https://basalam.com/cat/tools/%D8%AE%D8%A7%DA%A9-%DA%A9%D9%88%D8%AF-%D8%B3%D9%85%D9%88%D9%85?page=98
کود تقویتی مخصوص گل ناز فرانسوی ظرافت وزن 50 گرم,,49000,980000.0,0.05,True,https://basalam.com/cat/tools/%D8%AE%D8%A7%DA%A9-%DA%A9%D9%88%D8%AF-%D8%B3%D9%85%D9%88%D9%85?page=98
کود تقویتی مخصوص گل نسترن ظرافت,,47000,391666.6666666667,0.12,True,https://basalam.com/cat/tools/%D8%AE%D8%A7%DA%A9-%DA%A9%D9%88%D8%AF-%D8%B3%D9%85%D9%88%D9%85?page=98
کود تقویتی مخصوص آسپلنیوم ( سرخس لانه پرنده ) ظرافت,,47000,391666.6666666667,0.12,True,https://basalam.com/cat/tools/%D8%AE%D8%A7%DA%A9-%DA%A9%D9%88%D8%AF-%D8%B3%D9%85%D9%88%D9%85?page=98
کود تقویتی مخصوص گل مارگریت ظرافت,,47000,391666.6666666667,0.12,True,https://basalam.com/cat/tools/%D8%AE%D8%A7%DA%A9-%DA%A9%D9%88%D8%AF-%D8%B3%D9%85%D9%88%D9%85?page=98
کود تقویتی مخصوص سیکلامن ظرافت,,47000,391666.6666666667,0.12,True,https://basalam.com/cat/tools/%D8%AE%D8%A7%DA%A9-%DA%A9%D9%88%D8%AF-%D8%B3%D9%85%D9%88%D9%85?page=98
کود تقویتی مخصوص اشک تمساح ( بریوفیلوم ) ظرافت,,47000,391666.6666666667,0.12,True,https://basalam.com/cat/tools/%D8%AE%D8%A7%DA%A9-%DA%A9%D9%88%D8%AF-%D8%B3%D9%85%D9%88%D9%85?page=98
کود تقویتی مخصوص گل سنبل ظرافت وزن 50 گرم,,49000,980000.0,0.05,True,https://basalam.com/cat/tools/%D8%AE%D8%A7%DA%A9-%DA%A9%D9%88%D8%AF-%D8%B3%D9%85%D9%88%D9%85?page=98
کود تقویتی مخصوص درخت شلیل ظرافت وزن 50 گرم,,49000,980000.0,0.05,True,https://basalam.com/cat/tools/%D8%AE%D8%A7%DA%A9-%DA%A9%D9%88%D8%AF-%D8%B3%D9%85%D9%88%D9%85?page=98
کود تقویتی مخصوص گل لیمونیوم ( زنبوری استاتیس ) ظرافت وزن 50 گرم,,49000,980000.0,0.05,True,https://basalam.com/cat/tools/%D8%AE%D8%A7%DA%A9-%DA%A9%D9%88%D8%AF-%D8%B3%D9%85%D9%88%D9%85?page=98
کود تقویتی مخصوص سیسوس ( پیچ کانگورو ) ظرافت,,47000,391666.6666666667,0.12,True,https://basalam.com/cat/tools/%D8%AE%D8%A7%DA%A9-%DA%A9%D9%88%D8%AF-%D8%B3%D9%85%D9%88%D9%85?page=98
کود تقویتی مخصوص زاموفیلیا طلایی ظرافت وزن 50 گرم,,49000,980000.0,0.05,True,https://basalam.com/cat/tools/%D8%AE%D8%A7%DA%A9-%DA%A9%D9%88%D8%AF-%D8%B3%D9%85%D9%88%D9%85?page=98
کود تقویتی مخصوص درخت اقاقیا ظرافت وزن 50 گرم,,49000,980000.0,0.05,True,https://basalam.com/cat/tools/%D8%AE%D8%A7%DA%A9-%DA%A9%D9%88%D8%AF-%D8%B3%D9%85%D9%88%D9%85?page=98
کود تقویتی مخصوص تربچه ظرافت,,47000,391666.6666666667,0.12,True,https://basalam.com/cat/tools/%D8%AE%D8%A7%DA%A9-%DA%A9%D9%88%D8%AF-%D8%B3%D9%85%D9%88%D9%85?page=98
کود تقویتی مخصوص آکوروس ظرافت,,47000,391666.6666666667,0.12,True,https://basalam.com/cat/tools/%D8%AE%D8%A7%DA%A9-%DA%A9%D9%88%D8%AF-%D8%B3%D9%85%D9%88%D9%85?page=98
کود تقویتی مخصوص درخت کیوی ظرافت,,47000,391666.6666666667,0.12,True,https://basalam.com/cat/tools/%D8%AE%D8%A7%DA%A9-%DA%A9%D9%88%D8%AF-%D8%B3%D9%85%D9%88%D9%85?page=98
کود تقویتی مخصوص پلکترانتوس ظرافت,,47000,391666.6666666667,0.12,True,https://basalam.com/cat/tools/%D8%AE%D8%A7%DA%A9-%DA%A9%D9%88%D8%AF-%D8%B3%D9%85%D9%88%D9%85?page=98
کود تقویتی مخصوص فیکوس ظرافت وزن 50 گرم,,49000,980000.0,0.05,True,https://basalam.com/cat/tools/%D8%AE%D8%A7%DA%A9-%DA%A9%D9%88%D8%AF-%D8%B3%D9%85%D9%88%D9%85?page=98
کود تقویتی مخصوص گل زنبق ظرافت,,47000,391666.6666666667,0.12,True,https://basalam.com/cat/tools/%D8%AE%D8%A7%DA%A9-%DA%A9%D9%88%D8%AF-%D8%B3%D9%85%D9%88%D9%85?page=98
کود تقویتی مخصوص برگ بو ظرافت,,47000,391666.6666666667,0.12,True,https://basalam.com/cat/tools/%D8%AE%D8%A7%DA%A9-%DA%A9%D9%88%D8%AF-%D8%B3%D9%85%D9%88%D9%85?page=98
کود تقویتی مخصوص پتوس نئون ظرافت وزن 50 گرم,,49000,980000.0,0.05,True,https://basalam.com/cat/tools/%D8%AE%D8%A7%DA%A9-%DA%A9%D9%88%D8%AF-%D8%B3%D9%85%D9%88%D9%85?page=98
کود ریزمغذی آذر سبزینه,,15800,395000.0,0.04,True,https://basalam.com/cat/tools/%D8%AE%D8%A7%DA%A9-%DA%A9%D9%88%D8%AF-%D8%B3%D9%85%D9%88%D9%85?page=98
کود تقویتی مخصوص اسفناج مالابار ظرافت,,47000,391666.6666666667,0.12,True,https://basalam.com/cat/tools/%D8%AE%D8%A7%DA%A9-%DA%A9%D9%88%D8%AF-%D8%B3%D9%85%D9%88%D9%85?page=98
کود تقویتی مخصوص درخت پالونیا ظرافت,,47000,391666.6666666667,0.12,True,https://basalam.com/cat/tools/%D8%AE%D8%A7%DA%A9-%DA%A9%D9%88%D8%AF-%D8%B3%D9%85%D9%88%D9%85?page=98
کود تقویتی مخصوص بنجامین ظرافت وزن 50 گرم,,49000,980000.0,0.05,True,https://basalam.com/cat/tools/%D8%AE%D8%A7%DA%A9-%DA%A9%D9%88%D8%AF-%D8%B3%D9%85%D9%88%D9%85?page=98
کود تقویتی مخصوص موسی در گهواره ( زیپلین ) ظرافت وزن 50 گرم,,49000,980000.0,0.05,True,https://basalam.com/cat/tools/%D8%AE%D8%A7%DA%A9-%DA%A9%D9%88%D8%AF-%D8%B3%D9%85%D9%88%D9%85?page=98
کود تقویتی مخصوص ناندینا ( بامبوی مقدس ) ظرافت,,47000,391666.6666666667,0.12,True,https://basalam.com/cat/tools/%D8%AE%D8%A7%DA%A9-%DA%A9%D9%88%D8%AF-%D8%B3%D9%85%D9%88%D9%85?page=98
کود تقویتی مخصوص گل پیچ امین الدوله ظرافت,,47000,391666.6666666667,0.12,True,https://basalam.com/cat/tools/%D8%AE%D8%A7%DA%A9-%DA%A9%D9%88%D8%AF-%D8%B3%D9%85%D9%88%D9%85?page=98
کود تقویتی مخصوص پپرومیا ظرافت,,47000,391666.6666666667,0.12,True,https://basalam.com/cat/tools/%D8%AE%D8%A7%DA%A9-%DA%A9%D9%88%D8%AF-%D8%B3%D9%85%D9%88%D9%85?page=98
کود تقویتی مخصوص گل یاس ظرافت,,47000,391666.6666666667,0.12,True,https://basalam.com/cat/tools/%D8%AE%D8%A7%DA%A9-%DA%A9%D9%88%D8%AF-%D8%B3%D9%85%D9%88%D9%85?page=98
کود تقویتی مخصوص گل یاس وحشی ( ایکسورا ) ظرافت,,47000,391666.6666666667,0.12,True,https://basalam.com/cat/tools/%D8%AE%D8%A7%DA%A9-%DA%A9%D9%88%D8%AF-%D8%B3%D9%85%D9%88%D9%85?page=98
کود تقویتی مخصوص گل اختر ظرافت,,47000,391666.6666666667,0.12,True,https://basalam.com/cat/tools/%D8%AE%D8%A7%DA%A9-%DA%A9%D9%88%D8%AF-%D8%B3%D9%85%D9%88%D9%85?page=98
کود تقویتی مخصوص فیلودندرون بورگاندی ظرافت وزن 50 گرم,,49000,980000.0,0.05,True,https://basalam.com/cat/tools/%D8%AE%D8%A7%DA%A9-%DA%A9%D9%88%D8%AF-%D8%B3%D9%85%D9%88%D9%85?page=99
کود تقویتی مخصوص فیلودندرون اندریانوم ظرافت وزن 50 گرم,,49000,980000.0,0.05,True,https://basalam.com/cat/tools/%D8%AE%D8%A7%DA%A9-%DA%A9%D9%88%D8%AF-%D8%B3%D9%85%D9%88%D9%85?page=99
کود تقویتی مخصوص پیرومیا ظرافت وزن 50 گرم,,49000,980000.0,0.05,True,https://basalam.com/cat/tools/%D8%AE%D8%A7%DA%A9-%DA%A9%D9%88%D8%AF-%D8%B3%D9%85%D9%88%D9%85?page=99
کود مایع آهن فلاور آمی 500 میلی لیتر (بسته 2 عددی),,120000,103448.27586206896,1.16,True,https://basalam.com/cat/tools/%D8%AE%D8%A7%DA%A9-%DA%A9%D9%88%D8%AF-%D8%B3%D9%85%D9%88%D9%85?page=99
کود تقویتی مخصوص گل آردیسیا ظرافت,,47000,391666.6666666667,0.12,True,https://basalam.com/cat/tools/%D8%AE%D8%A7%DA%A9-%DA%A9%D9%88%D8%AF-%D8%B3%D9%85%D9%88%D9%85?page=99
کود تقویتی مخصوص گل قهر و آشتی ظرافت,,47000,391666.6666666667,0.12,True,https://basalam.com/cat/tools/%D8%AE%D8%A7%DA%A9-%DA%A9%D9%88%D8%AF-%D8%B3%D9%85%D9%88%D9%85?page=99
کود تقویتی مخصوص چغندر ظرافت وزن 50 گرم,,49000,980000.0,0.05,True,https://basalam.com/cat/tools/%D8%AE%D8%A7%DA%A9-%DA%A9%D9%88%D8%AF-%D8%B3%D9%85%D9%88%D9%85?page=99
کود تقویتی مخصوص یاس هلندی ظرافت,,47000,391666.6666666667,0.12,True,https://basalam.com/cat/tools/%D8%AE%D8%A7%DA%A9-%DA%A9%D9%88%D8%AF-%D8%B3%D9%85%D9%88%D9%85?page=99
کود تقویتی مخصوص کاکتوس لوبیویا ظرافت وزن 50 گرم,,49000,980000.0,0.05,True,https://basalam.com/cat/tools/%D8%AE%D8%A7%DA%A9-%DA%A9%D9%88%D8%AF-%D8%B3%D9%85%D9%88%D9%85?page=99
کود مایع بنفشه آفریقایی فلاور آمی 125 میلی لیتر (بسته 3 عددی),,110000,229166.6666666667,0.48,True,https://basalam.com/cat/tools/%D8%AE%D8%A7%DA%A9-%DA%A9%D9%88%D8%AF-%D8%B3%D9%85%D9%88%D9%85?page=99
کود تقویتی مخصوص استرپتوسولن ظرافت,,47000,391666.6666666667,0.12,True,https://basalam.com/cat/tools/%D8%AE%D8%A7%DA%A9-%DA%A9%D9%88%D8%AF-%D8%B3%D9%85%D9%88%D9%85?page=99
کود تقویتی مخصوص شاهی ظرافت وزن 50 گرم,,49000,980000.0,0.05,True,https://basalam.com/cat/tools/%D8%AE%D8%A7%DA%A9-%DA%A9%D9%88%D8%AF-%D8%B3%D9%85%D9%88%D9%85?page=99
کود تقویتی مخصوص گل زنبق ظرافت وزن 50 گرم,,49000,980000.0,0.05,True,https://basalam.com/cat/tools/%D8%AE%D8%A7%DA%A9-%DA%A9%D9%88%D8%AF-%D8%B3%D9%85%D9%88%D9%85?page=99
کود تقویتی مخصوص گل ساعتی ظرافت وزن 50 گرم,,49000,980000.0,0.05,True,https://basalam.com/cat/tools/%D8%AE%D8%A7%DA%A9-%DA%A9%D9%88%D8%AF-%D8%B3%D9%85%D9%88%D9%85?page=99
کود تقویتی مخصوص استرپتوسولن ظرافت وزن 50 گرم,,49000,980000.0,0.05,True,https://basalam.com/cat/tools/%D8%AE%D8%A7%DA%A9-%DA%A9%D9%88%D8%AF-%D8%B3%D9%85%D9%88%D9%85?page=99
کود تقویتی مخصوص گل تکمه ای ظرافت وزن 50 گرم,,49000,980000.0,0.05,True,https://basalam.com/cat/tools/%D8%AE%D8%A7%DA%A9-%DA%A9%D9%88%D8%AF-%D8%B3%D9%85%D9%88%D9%85?page=99
کود تقویتی مخصوص گل سوسن آفریقایی ( آگاپانتوس ) ظرافت وزن 50 گرم,,49000,980000.0,0.05,True,https://basalam.com/cat/tools/%D8%AE%D8%A7%DA%A9-%DA%A9%D9%88%D8%AF-%D8%B3%D9%85%D9%88%D9%85?page=99
کود تقویتی مخصوص برگ دهی ظرافت وزن 50 گرم,,49000,980000.0,0.05,True,https://basalam.com/cat/tools/%D8%AE%D8%A7%DA%A9-%DA%A9%D9%88%D8%AF-%D8%B3%D9%85%D9%88%D9%85?page=99
کود تقویتی مخصوص یاس هلندی ظرافت وزن 50 گرم,,49000,980000.0,0.05,True,https://basalam.com/cat/tools/%D8%AE%D8%A7%DA%A9-%DA%A9%D9%88%D8%AF-%D8%B3%D9%85%D9%88%D9%85?page=99
کود تقویتی مخصوص نخود فرنگی ظرافت وزن 50 گرم,,49000,980000.0,0.05,True,https://basalam.com/cat/tools/%D8%AE%D8%A7%DA%A9-%DA%A9%D9%88%D8%AF-%D8%B3%D9%85%D9%88%D9%85?page=99
کود تقویتی مخصوص آویشن ظرافت وزن 50 گرم,,49000,980000.0,0.05,True,https://basalam.com/cat/tools/%D8%AE%D8%A7%DA%A9-%DA%A9%D9%88%D8%AF-%D8%B3%D9%85%D9%88%D9%85?page=99
کود تقویتی مخصوص کاکتوس پایه خیاری ظرافت وزن 50 گرم,,49000,980000.0,0.05,True,https://basalam.com/cat/tools/%D8%AE%D8%A7%DA%A9-%DA%A9%D9%88%D8%AF-%D8%B3%D9%85%D9%88%D9%85?page=99
کود تقویتی مخصوص اکیناسه ( سرخارگل ) ظرافت وزن 50 گرم,,49000,980000.0,0.05,True,https://basalam.com/cat/tools/%D8%AE%D8%A7%DA%A9-%DA%A9%D9%88%D8%AF-%D8%B3%D9%85%D9%88%D9%85?page=99
کود تقویتی مخصوص نخود ظرافت وزن 50 گرم,,49000,980000.0,0.05,True,https://basalam.com/cat/tools/%D8%AE%D8%A7%DA%A9-%DA%A9%D9%88%D8%AF-%D8%B3%D9%85%D9%88%D9%85?page=99
کود تقویتی مخصوص گل ژربرا ظرافت وزن 50 گرم,,49000,980000.0,0.05,True,https://basalam.com/cat/tools/%D8%AE%D8%A7%DA%A9-%DA%A9%D9%88%D8%AF-%D8%B3%D9%85%D9%88%D9%85?page=99
کود تقویتی مخصوص گل داوودی ظرافت وزن 50 گرم,,49000,980000.0,0.05,True,https://basalam.com/cat/tools/%D8%AE%D8%A7%DA%A9-%DA%A9%D9%88%D8%AF-%D8%B3%D9%85%D9%88%D9%85?page=99
کود تقویتی مخصوص اوفیوپوگون ظرافت وزن 50 گرم,,49000,980000.0,0.05,True,https://basalam.com/cat/tools/%D8%AE%D8%A7%DA%A9-%DA%A9%D9%88%D8%AF-%D8%B3%D9%85%D9%88%D9%85?page=99
کود تقویتی مخصوص گل جعفری ظرافت وزن 50 گرم,,49000,980000.0,0.05,True,https://basalam.com/cat/tools/%D8%AE%D8%A7%DA%A9-%DA%A9%D9%88%D8%AF-%D8%B3%D9%85%D9%88%D9%85?page=99
کود تقویتی مخصوص سانسوریا ماسونی ( باله نهنگی ) ظرافت وزن 50 گرم,,49000,980000.0,0.05,True,https://basalam.com/cat/tools/%D8%AE%D8%A7%DA%A9-%DA%A9%D9%88%D8%AF-%D8%B3%D9%85%D9%88%D9%85?page=99
کود تقویتی مخصوص پیرگیاه ( زلف پیر ) ظرافت,,47000,391666.6666666667,0.12,True,https://basalam.com/cat/tools/%D8%AE%D8%A7%DA%A9-%DA%A9%D9%88%D8%AF-%D8%B3%D9%85%D9%88%D9%85?page=99
کود تقویتی مخصوص کرویز ظرافت,,47000,391666.6666666667,0.12,True,https://basalam.com/cat/tools/%D8%AE%D8%A7%DA%A9-%DA%A9%D9%88%D8%AF-%D8%B3%D9%85%D9%88%D9%85?page=99
کود تقویتی مخصوص کلم بروکلی ظرافت,,47000,391666.6666666667,0.12,True,https://basalam.com/cat/tools/%D8%AE%D8%A7%DA%A9-%DA%A9%D9%88%D8%AF-%D8%B3%D9%85%D9%88%D9%85?page=99
کود تقویتی مخصوص درخت سیب ظرافت وزن 50 گرم,,49000,980000.0,0.05,True,https://basalam.com/cat/tools/%D8%AE%D8%A7%DA%A9-%DA%A9%D9%88%D8%AF-%D8%B3%D9%85%D9%88%D9%85?page=99
کود تقویتی مخصوص گل ستاره ای ظرافت وزن 50 گرم,,49000,980000.0,0.05,True,https://basalam.com/cat/tools/%D8%AE%D8%A7%DA%A9-%DA%A9%D9%88%D8%AF-%D8%B3%D9%85%D9%88%D9%85?page=99
کود تقویتی مخصوص گل ابری ظرافت وزن 50 گرم,,49000,980000.0,0.05,True,https://basalam.com/cat/tools/%D8%AE%D8%A7%DA%A9-%DA%A9%D9%88%D8%AF-%D8%B3%D9%85%D9%88%D9%85?page=99
کود تقویتی مخصوص رولیا ظرافت وزن 50 گرم,,49000,980000.0,0.05,True,https://basalam.com/cat/tools/%D8%AE%D8%A7%DA%A9-%DA%A9%D9%88%D8%AF-%D8%B3%D9%85%D9%88%D9%85?page=99
کود تقویتی مخصوص سیر ظرافت,,47000,391666.6666666667,0.12,True,https://basalam.com/cat/tools/%D8%AE%D8%A7%DA%A9-%DA%A9%D9%88%D8%AF-%D8%B3%D9%85%D9%88%D9%85?page=99
کود تقویتی مخصوص یونجه ظرافت وزن 50 گرم,,49000,980000.0,0.05,True,https://basalam.com/cat/tools/%D8%AE%D8%A7%DA%A9-%DA%A9%D9%88%D8%AF-%D8%B3%D9%85%D9%88%D9%85?page=99
کود تقویتی مخصوص گل کلم زینتی ظرافت وزن 50 گرم,,49000,980000.0,0.05,True,https://basalam.com/cat/tools/%D8%AE%D8%A7%DA%A9-%DA%A9%D9%88%D8%AF-%D8%B3%D9%85%D9%88%D9%85?page=99
کود تقویتی مخصوص برگ بیدی ظرافت وزن 50 گرم,,49000,980000.0,0.05,True,https://basalam.com/cat/tools/%D8%AE%D8%A7%DA%A9-%DA%A9%D9%88%D8%AF-%D8%B3%D9%85%D9%88%D9%85?page=99
کود تقویتی مخصوص پاپیتال ظرافت وزن 50 گرم,,49000,980000.0,0.05,True,https://basalam.com/cat/tools/%D8%AE%D8%A7%DA%A9-%DA%A9%D9%88%D8%AF-%D8%B3%D9%85%D9%88%D9%85?page=99
کود تقویتی مخصوص وریزیا ظرافت وزن 50 گرم,,49000,980000.0,0.05,True,https://basalam.com/cat/tools/%D8%AE%D8%A7%DA%A9-%DA%A9%D9%88%D8%AF-%D8%B3%D9%85%D9%88%D9%85?page=99
کود کامل مارانتا ظرافت وزن 250 گرم مدل KO19315,,190000,760000.0,0.25,True,https://basalam.com/cat/tools/%D8%AE%D8%A7%DA%A9-%DA%A9%D9%88%D8%AF-%D8%B3%D9%85%D9%88%D9%85?page=99
کود کامل تقویتی ریحان ظرافت مدل KO24933 وزن 100 گرم,,75000,750000.0,0.1,True,https://basalam.com/cat/tools/%D8%AE%D8%A7%DA%A9-%DA%A9%D9%88%D8%AF-%D8%B3%D9%85%D9%88%D9%85?page=99
کود مایع ریحان ظرافت 250 سی سی,,85000,340000.0,0.25,True,https://basalam.com/cat/tools/%D8%AE%D8%A7%DA%A9-%DA%A9%D9%88%D8%AF-%D8%B3%D9%85%D9%88%D9%85?page=99
کود کامل ان پی کا بلوروستر 20-20-20 npk,,2650000,265000.0,10.0,True,https://basalam.com/cat/tools/%D8%AE%D8%A7%DA%A9-%DA%A9%D9%88%D8%AF-%D8%B3%D9%85%D9%88%D9%85?page=99
کود ان پی کا (NPK) 20-20-20 دکتر بایو,,43000,430000.0,0.1,True,https://basalam.com/cat/tools/%D8%AE%D8%A7%DA%A9-%DA%A9%D9%88%D8%AF-%D8%B3%D9%85%D9%88%D9%85?page=100
کود تقویتی مخصوص آدنیوم ( رز صحرا ) ظرافت وزن 50 گرم,,49000,980000.0,0.05,True,https://basalam.com/cat/tools/%D8%AE%D8%A7%DA%A9-%DA%A9%D9%88%D8%AF-%D8%B3%D9%85%D9%88%D9%85?page=100
کود تقویتی مخصوص رزماری ظرافت,,47000,391666.6666666667,0.12,True,https://basalam.com/cat/tools/%D8%AE%D8%A7%DA%A9-%DA%A9%D9%88%D8%AF-%D8%B3%D9%85%D9%88%D9%85?page=100
کود مایع گل دهی فلاور آمی 125 میلی لیتر (بسته 2 عددی),,76000,237500.0,0.32,True,https://basalam.com/cat/tools/%D8%AE%D8%A7%DA%A9-%DA%A9%D9%88%D8%AF-%D8%B3%D9%85%D9%88%D9%85?page=100
کود تقویتی مخصوص درخت موز ظرافت وزن 50 گرم,,49000,980000.0,0.05,True,https://basalam.com/cat/tools/%D8%AE%D8%A7%DA%A9-%DA%A9%D9%88%D8%AF-%D8%B3%D9%85%D9%88%D9%85?page=100
کود تقویتی مخصوص انواع دراسنا ظرافت,,47000,391666.6666666667,0.12,True,https://basalam.com/cat/tools/%D8%AE%D8%A7%DA%A9-%DA%A9%D9%88%D8%AF-%D8%B3%D9%85%D9%88%D9%85?page=100
کود اسید آمینه آمینوفول (Aminofull) دکتر بایو,,69000,1150000.0,0.06,True,https://basalam.com/cat/tools/%D8%AE%D8%A7%DA%A9-%DA%A9%D9%88%D8%AF-%D8%B3%D9%85%D9%88%D9%85?page=102
کود تقویتی مخصوص گل غوره ای ظرافت وزن 50 گرم,,49000,980000.0,0.05,True,https://basalam.com/cat/tools/%D8%AE%D8%A7%DA%A9-%DA%A9%D9%88%D8%AF-%D8%B3%D9%85%D9%88%D9%85?page=102
کود تقویتی مخصوص پتوس حصیری ظرافت وزن 50 گرم,,49000,980000.0,0.05,True,https://basalam.com/cat/tools/%D8%AE%D8%A7%DA%A9-%DA%A9%D9%88%D8%AF-%D8%B3%D9%85%D9%88%D9%85?page=102
کود تقویتی مخصوص پیراکانتا ظرافت وزن 50 گرم,,49000,980000.0,0.05,True,https://basalam.com/cat/tools/%D8%AE%D8%A7%DA%A9-%DA%A9%D9%88%D8%AF-%D8%B3%D9%85%D9%88%D9%85?page=102
کود تقویتی مخصوص بامیه ظرافت وزن 50 گرم,,49000,980000.0,0.05,True,https://basalam.com/cat/tools/%D8%AE%D8%A7%DA%A9-%DA%A9%D9%88%D8%AF-%D8%B3%D9%85%D9%88%D9%85?page=102
کود تقویتی مخصوص کاکتوس اپونتیا میوه دار ( گلابی خاردار ) ظرافت وزن 50 گرم,,49000,980000.0,0.05,True,https://basalam.com/cat/tools/%D8%AE%D8%A7%DA%A9-%DA%A9%D9%88%D8%AF-%D8%B3%D9%85%D9%88%D9%85?page=102
کود تقویتی مخصوص کالادیوم ( گوش فیلی ) ظرافت وزن 50 گرم,,49000,980000.0,0.05,True,https://basalam.com/cat/tools/%D8%AE%D8%A7%DA%A9-%DA%A9%D9%88%D8%AF-%D8%B3%D9%85%D9%88%D9%85?page=102
کود تقویتی مخصوص گل پیچک ظرافت,,47000,391666.6666666667,0.12,True,https://basalam.com/cat/tools/%D8%AE%D8%A7%DA%A9-%DA%A9%D9%88%D8%AF-%D8%B3%D9%85%D9%88%D9%85?page=102
کود تقویتی مخصوص اگزالیس ( شبدر زینتی ) ظرافت,,47000,391666.6666666667,0.12,True,https://basalam.com/cat/tools/%D8%AE%D8%A7%DA%A9-%DA%A9%D9%88%D8%AF-%D8%B3%D9%85%D9%88%D9%85?page=102
کود تقویتی مخصوص کاکتوس ظرافت,,47000,391666.6666666667,0.12,True,https://basalam.com/cat/tools/%D8%AE%D8%A7%DA%A9-%DA%A9%D9%88%D8%AF-%D8%B3%D9%85%D9%88%D9%85?page=102
کود تقویتی مخصوص کالادیوم ( گوش فیلی ) ظرافت,,47000,391666.6666666667,0.12,True,https://basalam.com/cat/tools/%D8%AE%D8%A7%DA%A9-%DA%A9%D9%88%D8%AF-%D8%B3%D9%85%D9%88%D9%85?page=102
کود تقویتی مخصوص گل آشیانتوس ظرافت وزن 50 گرم,,49000,980000.0,0.05,True,https://basalam.com/cat/tools/%D8%AE%D8%A7%DA%A9-%DA%A9%D9%88%D8%AF-%D8%B3%D9%85%D9%88%D9%85?page=102
کود تقویتی مخصوص درخت انجیر ظرافت وزن 50 گرم,,49000,980000.0,0.05,True,https://basalam.com/cat/tools/%D8%AE%D8%A7%DA%A9-%DA%A9%D9%88%D8%AF-%D8%B3%D9%85%D9%88%D9%85?page=102
کود تقویتی مخصوص نخل شامادورا ظرافت,,47000,391666.6666666667,0.12,True,https://basalam.com/cat/tools/%D8%AE%D8%A7%DA%A9-%DA%A9%D9%88%D8%AF-%D8%B3%D9%85%D9%88%D9%85?page=102
کود کامل فسفر بالا NPK 10-52-10 TE,,76000,380000.0,0.2,True,https://basalam.com/cat/tools/%D8%AE%D8%A7%DA%A9-%DA%A9%D9%88%D8%AF-%D8%B3%D9%85%D9%88%D9%85?page=102
کود تقویتی مخصوص فردوس ( سینادنیوم گرانتی ) ظرافت وزن 50 گرم,,49000,980000.0,0.05,True,https://basalam.com/cat/tools/%D8%AE%D8%A7%DA%A9-%DA%A9%D9%88%D8%AF-%D8%B3%D9%85%D9%88%D9%85?page=102
کود تقویتی مخصوص پتوس مرمری ظرافت,,47000,391666.6666666667,0.12,True,https://basalam.com/cat/tools/%D8%AE%D8%A7%DA%A9-%DA%A9%D9%88%D8%AF-%D8%B3%D9%85%D9%88%D9%85?page=102
کود تقویتی مخصوص زاموفیلیا طلایی ظرافت,,47000,391666.6666666667,0.12,True,https://basalam.com/cat/tools/%D8%AE%D8%A7%DA%A9-%DA%A9%D9%88%D8%AF-%D8%B3%D9%85%D9%88%D9%85?page=102
بسته دو تایی کود همه کاره ارگانیک ویتامینه گیاهان ویژه ی نهال باغات صیفی و سبزیجات,,398000,199000.0,2.0,True,https://basalam.com/cat/tools/%D8%AE%D8%A7%DA%A9-%DA%A9%D9%88%D8%AF-%D8%B3%D9%85%D9%88%D9%85?page=100
کود هورمون جیبرلین مایع پروتکت پلنت 500 میلی لیتر,,440000,880000.0,0.5,True,https://basalam.com/cat/tools/%D8%AE%D8%A7%DA%A9-%DA%A9%D9%88%D8%AF-%D8%B3%D9%85%D9%88%D9%85?page=102
کود هورمون اکسین مایع پروتکت پلنت 125 میلی لیتر,,130000,1040000.0,0.125,True,https://basalam.com/cat/tools/%D8%AE%D8%A7%DA%A9-%DA%A9%D9%88%D8%AF-%D8%B3%D9%85%D9%88%D9%85?page=102
کود ارکیده مایع گرین گروث (رشد) 90 میلی لیتر,,55000,611111.1111111111,0.09,True,https://basalam.com/cat/tools/%D8%AE%D8%A7%DA%A9-%DA%A9%D9%88%D8%AF-%D8%B3%D9%85%D9%88%D9%85?page=102
کود 36 12 12 کریستالون پروتکت پلنت 500 گرم,,500000,1000000.0,0.5,True,https://basalam.com/cat/tools/%D8%AE%D8%A7%DA%A9-%DA%A9%D9%88%D8%AF-%D8%B3%D9%85%D9%88%D9%85?page=102
کود ریشه زایی و گلدهی امریکایی,,379000,379000.0,1.0,True,https://basalam.com/cat/tools/%D8%AE%D8%A7%DA%A9-%DA%A9%D9%88%D8%AF-%D8%B3%D9%85%D9%88%D9%85?page=100
کود کلات آهن 6 درصد آیرون فرت مستر اسپانیا,,1230000,1230000.0,1.0,True,https://basalam.com/cat/tools/%D8%AE%D8%A7%DA%A9-%DA%A9%D9%88%D8%AF-%D8%B3%D9%85%D9%88%D9%85?page=100
کود مخصوص گل سانسوریا,,40000,400000.0,0.1,True,https://basalam.com/cat/tools/%D8%AE%D8%A7%DA%A9-%DA%A9%D9%88%D8%AF-%D8%B3%D9%85%D9%88%D9%85?page=100
کود گوگرد گرانوله 75 درصد,,30000,300000.0,0.1,True,https://basalam.com/cat/tools/%D8%AE%D8%A7%DA%A9-%DA%A9%D9%88%D8%AF-%D8%B3%D9%85%D9%88%D9%85?page=100
کود زاج سبز (50 گرمی ) مخصوص گل کاغذی,,65000,1300000.0,0.05,True,https://basalam.com/cat/tools/%D8%AE%D8%A7%DA%A9-%DA%A9%D9%88%D8%AF-%D8%B3%D9%85%D9%88%D9%85?page=100
کود جلبک دریایی گرانوله (100 گرمی ),,90000,900000.0,0.1,True,https://basalam.com/cat/tools/%D8%AE%D8%A7%DA%A9-%DA%A9%D9%88%D8%AF-%D8%B3%D9%85%D9%88%D9%85?page=100
کود پتاس (100 گرم ),,65000,650000.0,0.1,True,https://basalam.com/cat/tools/%D8%AE%D8%A7%DA%A9-%DA%A9%D9%88%D8%AF-%D8%B3%D9%85%D9%88%D9%85?page=101
کود سولفور کی بارافشان تامین کننده پتاسیم و گوگرد حجم یک لیتر,,270000,270000.0,1.0,True,https://basalam.com/cat/tools/%D8%AE%D8%A7%DA%A9-%DA%A9%D9%88%D8%AF-%D8%B3%D9%85%D9%88%D9%85?page=101
کود کامل 20-20-20 NPK گرومور همراه با هیومیک اسید یک کیلوگرم,,900000,900000.0,1.0,True,https://basalam.com/cat/tools/%D8%AE%D8%A7%DA%A9-%DA%A9%D9%88%D8%AF-%D8%B3%D9%85%D9%88%D9%85?page=101
کود تقویتی 36-12-12 مدل خانگی حجم 100 گرم,,40000,400000.0,0.1,True,https://basalam.com/cat/tools/%D8%AE%D8%A7%DA%A9-%DA%A9%D9%88%D8%AF-%D8%B3%D9%85%D9%88%D9%85?page=101
کود تقویتی (فروت ست) موبرسین 250 گرمی وارداتی ترکیه,,450000,1800000.0,0.25,True,https://basalam.com/cat/tools/%D8%AE%D8%A7%DA%A9-%DA%A9%D9%88%D8%AF-%D8%B3%D9%85%D9%88%D9%85?page=101
کود تقویتی گل های آپارتمانی 20-20-20 حجم 100 گرم,,40000,400000.0,0.1,True,https://basalam.com/cat/tools/%D8%AE%D8%A7%DA%A9-%DA%A9%D9%88%D8%AF-%D8%B3%D9%85%D9%88%D9%85?page=101
کود سکوانشیال 2 امکس حاوی پتاس بالا,,1350000,1350000.0,1.0,True,https://basalam.com/cat/tools/%D8%AE%D8%A7%DA%A9-%DA%A9%D9%88%D8%AF-%D8%B3%D9%85%D9%88%D9%85?page=101
کود دفندر پتاسیم فروغ دشت فیوچراکو اسپانیا,,1000000,1000000.0,1.0,True,https://basalam.com/cat/tools/%D8%AE%D8%A7%DA%A9-%DA%A9%D9%88%D8%AF-%D8%B3%D9%85%D9%88%D9%85?page=101
کود ریشه زایی ریزون,,360000,360000.0,1.0,True,https://basalam.com/cat/tools/%D8%AE%D8%A7%DA%A9-%DA%A9%D9%88%D8%AF-%D8%B3%D9%85%D9%88%D9%85?page=101
کودمگافول محرک زیستی و ضد استرس,,50000,1666666.6666666667,0.03,True,https://basalam.com/cat/tools/%D8%AE%D8%A7%DA%A9-%DA%A9%D9%88%D8%AF-%D8%B3%D9%85%D9%88%D9%85?page=101
کود مگافول محرک رشد ضد استرس,,1400000,1400000.0,1.0,True,https://basalam.com/cat/tools/%D8%AE%D8%A7%DA%A9-%DA%A9%D9%88%D8%AF-%D8%B3%D9%85%D9%88%D9%85?page=101
کود ام سی کرم MC Cream,,1700000,1700000.0,1.0,True,https://basalam.com/cat/tools/%D8%AE%D8%A7%DA%A9-%DA%A9%D9%88%D8%AF-%D8%B3%D9%85%D9%88%D9%85?page=101
کود سه بیست 202020 کیمی طیف انگلستان,,350000,350000.0,1.0,True,https://basalam.com/cat/tools/%D8%AE%D8%A7%DA%A9-%DA%A9%D9%88%D8%AF-%D8%B3%D9%85%D9%88%D9%85?page=101
کود فیکوس الستیکا پوکون هلند,,300000,600000.0,0.5,True,https://basalam.com/cat/tools/%D8%AE%D8%A7%DA%A9-%DA%A9%D9%88%D8%AF-%D8%B3%D9%85%D9%88%D9%85?page=101
هیومیک اسید 150میلی لیتر تایمکس اسید هیومیک ضد شوک و تنش,,69000,460000.0,0.15,True,https://basalam.com/cat/tools/%D8%AE%D8%A7%DA%A9-%DA%A9%D9%88%D8%AF-%D8%B3%D9%85%D9%88%D9%85?page=102
زئوبیولیت سنگ دانه کود طبیعی زیستی 450 گرمی,,144500,180625.0,0.8,True,https://basalam.com/cat/tools/%D8%AE%D8%A7%DA%A9-%DA%A9%D9%88%D8%AF-%D8%B3%D9%85%D9%88%D9%85?page=102
کود پلنت بسته 500 گرمی,,73000,146000.0,0.5,True,https://basalam.com/cat/tools/%D8%AE%D8%A7%DA%A9-%DA%A9%D9%88%D8%AF-%D8%B3%D9%85%D9%88%D9%85?page=102
کود کلات منگنز 13 درصد اکوریچ به فرم EDTA,,990000,990000.0,1.0,True,https://basalam.com/cat/tools/%D8%AE%D8%A7%DA%A9-%DA%A9%D9%88%D8%AF-%D8%B3%D9%85%D9%88%D9%85?page=103
کود جلبک دریایی الگاسیفو 3000 ایتالیا,,980000,980000.0,1.0,True,https://basalam.com/cat/tools/%D8%AE%D8%A7%DA%A9-%DA%A9%D9%88%D8%AF-%D8%B3%D9%85%D9%88%D9%85?page=103
کود آهن اینووایو 55 اسپانیا با درصد ار تو ارتو بالا,,1350000,1350000.0,1.0,True,https://basalam.com/cat/tools/%D8%AE%D8%A7%DA%A9-%DA%A9%D9%88%D8%AF-%D8%B3%D9%85%D9%88%D9%85?page=103
کود مخصوص ساکولنت پودری تایمکس,,39000,1300000.0,0.03,True,https://basalam.com/cat/tools/%D8%AE%D8%A7%DA%A9-%DA%A9%D9%88%D8%AF-%D8%B3%D9%85%D9%88%D9%85?page=103
کود کامل NPK ریشه زایی گیلدا کد 10-52-10 مدل فسفر بالا وزن 25 گرم,,83000,3320000.0,0.025,True,https://basalam.com/cat/tools/%D8%AE%D8%A7%DA%A9-%DA%A9%D9%88%D8%AF-%D8%B3%D9%85%D9%88%D9%85?page=103
کود مایع گلدهی گیلدا کد GG30 حجم 30 میلی لیتر,,83000,2766666.666666667,0.03,True,https://basalam.com/cat/tools/%D8%AE%D8%A7%DA%A9-%DA%A9%D9%88%D8%AF-%D8%B3%D9%85%D9%88%D9%85?page=103
کود مخصوص بونسای گیلدا کد GB25 وزن 25 گرم,,83000,3320000.0,0.025,True,https://basalam.com/cat/tools/%D8%AE%D8%A7%DA%A9-%DA%A9%D9%88%D8%AF-%D8%B3%D9%85%D9%88%D9%85?page=103
کود تخصصی گیاه اسپاتی فیلوم,,75000,300000.0,0.25,True,https://basalam.com/cat/tools/%D8%AE%D8%A7%DA%A9-%DA%A9%D9%88%D8%AF-%D8%B3%D9%85%D9%88%D9%85?page=103
کود هیومیک,,656600,26264.0,25.0,True,https://basalam.com/cat/tools/%D8%AE%D8%A7%DA%A9-%DA%A9%D9%88%D8%AF-%D8%B3%D9%85%D9%88%D9%85?page=103
کود کامل ماکرو 12. 6. 6,,2332800,46656.0,50.0,True,https://basalam.com/cat/tools/%D8%AE%D8%A7%DA%A9-%DA%A9%D9%88%D8%AF-%D8%B3%D9%85%D9%88%D9%85?page=103
کودرشد گیاهان فرموله با آمینو اسیدو جلبک دریایی کود نیتروژن بالا,,45000,900000.0,0.05,True,https://basalam.com/cat/tools/%D8%AE%D8%A7%DA%A9-%DA%A9%D9%88%D8%AF-%D8%B3%D9%85%D9%88%D9%85?page=103
کود تخصصی نخل های زینتی,,75000,300000.0,0.25,True,https://basalam.com/cat/tools/%D8%AE%D8%A7%DA%A9-%DA%A9%D9%88%D8%AF-%D8%B3%D9%85%D9%88%D9%85?page=103
کود شوک ریشه زایی 0-63-19 کودنشاء یک لیتری (پس کرایه),,265000,265000.0,1.0,True,https://basalam.com/cat/tools/%D8%AE%D8%A7%DA%A9-%DA%A9%D9%88%D8%AF-%D8%B3%D9%85%D9%88%D9%85?page=103
کود گل وگلدان وباغچه 120cc,,80000,666666.6666666667,0.12,True,https://basalam.com/cat/tools/%D8%AE%D8%A7%DA%A9-%DA%A9%D9%88%D8%AF-%D8%B3%D9%85%D9%88%D9%85?page=103
کود مایع کامل گل وگیاه و باغداری وزراعت یک لیتری,,199000,199000.0,1.0,True,https://basalam.com/cat/tools/%D8%AE%D8%A7%DA%A9-%DA%A9%D9%88%D8%AF-%D8%B3%D9%85%D9%88%D9%85?page=103
کودنیترات کلسیم پودری دارای ثبت کودی تحت لیسانس اسپانیا,,150000,150000.0,1.0,True,https://basalam.com/cat/tools/%D8%AE%D8%A7%DA%A9-%DA%A9%D9%88%D8%AF-%D8%B3%D9%85%D9%88%D9%85?page=103
کود 20 20 20 در بسته بندی (30 گرمی)مناسب با کیفیت بالا و قیمت تنظیم بازاری,,13500,450000.0,0.03,True,https://basalam.com/cat/tools/%D8%AE%D8%A7%DA%A9-%DA%A9%D9%88%D8%AF-%D8%B3%D9%85%D9%88%D9%85?page=103
کود تقویتی مخصوص بن سای ( بنسای  بونسای ) ظرافت,,47000,391666.6666666667,0.12,True,https://basalam.com/cat/tools/%D8%AE%D8%A7%DA%A9-%DA%A9%D9%88%D8%AF-%D8%B3%D9%85%D9%88%D9%85?page=107
کود کمپوست هوشمند ارگانیک ویژه گل های گلدان و درختان باغچه. سفارشات تناژی مشمول تخفیف میشه.,,14000,14000.0,1.0,True,https://basalam.com/cat/tools/%D8%AE%D8%A7%DA%A9-%DA%A9%D9%88%D8%AF-%D8%B3%D9%85%D9%88%D9%85?page=103
کود هیومیک اسیدمایع بیست لیتری برند شوک(پس کرایه),,1990000,99500.0,20.0,True,https://basalam.com/cat/tools/%D8%AE%D8%A7%DA%A9-%DA%A9%D9%88%D8%AF-%D8%B3%D9%85%D9%88%D9%85?page=107
کود پتاس بالا95درصدبرند شوک بیست لیتری (پس کرایه),,2075000,103750.0,20.0,True,https://basalam.com/cat/tools/%D8%AE%D8%A7%DA%A9-%DA%A9%D9%88%D8%AF-%D8%B3%D9%85%D9%88%D9%85?page=107
کود شود فولویک اسید 95درصد یک لیتری (پس کرایه),,420000,420000.0,1.0,True,https://basalam.com/cat/tools/%D8%AE%D8%A7%DA%A9-%DA%A9%D9%88%D8%AF-%D8%B3%D9%85%D9%88%D9%85?page=107
جلبک دریایی کود ویژه گلهای خانگی و آپارتمانی و درختچه های زینتی,,90000,333333.3333333333,0.27,True,https://basalam.com/cat/tools/%D8%AE%D8%A7%DA%A9-%DA%A9%D9%88%D8%AF-%D8%B3%D9%85%D9%88%D9%85?page=104
کود مایع فیلا حجم 500 میلی لیتر,,350000,614035.0877192983,0.57,True,https://basalam.com/cat/tools/%D8%AE%D8%A7%DA%A9-%DA%A9%D9%88%D8%AF-%D8%B3%D9%85%D9%88%D9%85?page=104
گیاه مارانتا با گلدون سرامیکی زیبا و خاص,,129000,430000.0,0.3,True,https://basalam.com/cat/tools/%D8%AE%D8%A7%DA%A9-%DA%A9%D9%88%D8%AF-%D8%B3%D9%85%D9%88%D9%85?page=104
کود روی zink مایع یک لیتری,,323500,231071.42857142855,1.4,True,https://basalam.com/cat/tools/%D8%AE%D8%A7%DA%A9-%DA%A9%D9%88%D8%AF-%D8%B3%D9%85%D9%88%D9%85?page=104
کود مایع فسفر بالا سوپرفسفر360 داکسا قوطی یک لیتری,,495000,291176.4705882353,1.7,True,https://basalam.com/cat/tools/%D8%AE%D8%A7%DA%A9-%DA%A9%D9%88%D8%AF-%D8%B3%D9%85%D9%88%D9%85?page=104
کود سولفات پتاسیم (سولوپتاس) مهاب کیسه ده کیلویی ساخت ایران,,1650000,165000.0,10.0,True,https://basalam.com/cat/tools/%D8%AE%D8%A7%DA%A9-%DA%A9%D9%88%D8%AF-%D8%B3%D9%85%D9%88%D9%85?page=104
کود آهن مایع یک لیتری,,325000,232142.8571428572,1.4,True,https://basalam.com/cat/tools/%D8%AE%D8%A7%DA%A9-%DA%A9%D9%88%D8%AF-%D8%B3%D9%85%D9%88%D9%85?page=104
کود ریزمغذی کامل میکروپاد یک لیتری,,325000,250000.0,1.3,True,https://basalam.com/cat/tools/%D8%AE%D8%A7%DA%A9-%DA%A9%D9%88%D8%AF-%D8%B3%D9%85%D9%88%D9%85?page=104
کود هیگرو روی برند اکولوژیک تاریم ترکیه (پس کرایه),,590000,590000.0,1.0,True,https://basalam.com/cat/tools/%D8%AE%D8%A7%DA%A9-%DA%A9%D9%88%D8%AF-%D8%B3%D9%85%D9%88%D9%85?page=104
کود سوپالینک اگریکم استرالیا,,889000,889000.0,1.0,True,https://basalam.com/cat/tools/%D8%AE%D8%A7%DA%A9-%DA%A9%D9%88%D8%AF-%D8%B3%D9%85%D9%88%D9%85?page=104
کود جلبک دریایی گرین کال مافا,,1750000,1750000.0,1.0,True,https://basalam.com/cat/tools/%D8%AE%D8%A7%DA%A9-%DA%A9%D9%88%D8%AF-%D8%B3%D9%85%D9%88%D9%85?page=104
کود مایع فروت ست شوک(پلاس) اورجینال,,400000,400000.0,1.0,True,https://basalam.com/cat/tools/%D8%AE%D8%A7%DA%A9-%DA%A9%D9%88%D8%AF-%D8%B3%D9%85%D9%88%D9%85?page=108
کود فولویک اسید شوک(پلاس) یک لیتری اصلی,,450000,450000.0,1.0,True,https://basalam.com/cat/tools/%D8%AE%D8%A7%DA%A9-%DA%A9%D9%88%D8%AF-%D8%B3%D9%85%D9%88%D9%85?page=108
کود مولتی کمپلکس شوک(پلاس) اورجینال پنج لیتری,,1700000,340000.0,5.0,True,https://basalam.com/cat/tools/%D8%AE%D8%A7%DA%A9-%DA%A9%D9%88%D8%AF-%D8%B3%D9%85%D9%88%D9%85?page=108
کود گلدهی بود کندی,,600000,12000000.0,0.05,True,https://basalam.com/cat/tools/%D8%AE%D8%A7%DA%A9-%DA%A9%D9%88%D8%AF-%D8%B3%D9%85%D9%88%D9%85?page=105
کود گلدهی وود جویس,,600000,12000000.0,0.05,True,https://basalam.com/cat/tools/%D8%AE%D8%A7%DA%A9-%DA%A9%D9%88%D8%AF-%D8%B3%D9%85%D9%88%D9%85?page=105
کود فسفر بالا ریشه زایی مایع (10.52.10) شوک آمریکایی یک لیتری,,550000,550000.0,1.0,True,https://basalam.com/cat/tools/%D8%AE%D8%A7%DA%A9-%DA%A9%D9%88%D8%AF-%D8%B3%D9%85%D9%88%D9%85?page=105
کود پتاس بالا60درصد شوک,,3250000,162500.0,20.0,True,https://basalam.com/cat/tools/%D8%AE%D8%A7%DA%A9-%DA%A9%D9%88%D8%AF-%D8%B3%D9%85%D9%88%D9%85?page=105
کود مخصوص زاموفیلیا پنج لیتری شوک,,690000,138000.0,5.0,True,https://basalam.com/cat/tools/%D8%AE%D8%A7%DA%A9-%DA%A9%D9%88%D8%AF-%D8%B3%D9%85%D9%88%D9%85?page=105
کود فولویک اسید مایع شوک آمریکایی یک لیتری,,550000,550000.0,1.0,True,https://basalam.com/cat/tools/%D8%AE%D8%A7%DA%A9-%DA%A9%D9%88%D8%AF-%D8%B3%D9%85%D9%88%D9%85?page=105
کود مخصوص خیار شوک پنج لیتری اصل آمریکایی (گلدهی و باردهی شدید ),,1950000,390000.0,5.0,True,https://basalam.com/cat/tools/%D8%AE%D8%A7%DA%A9-%DA%A9%D9%88%D8%AF-%D8%B3%D9%85%D9%88%D9%85?page=105
کود مخصوص خیار آمریکایی یک لیتری محصول شرکت شوک,,490000,490000.0,1.0,True,https://basalam.com/cat/tools/%D8%AE%D8%A7%DA%A9-%DA%A9%D9%88%D8%AF-%D8%B3%D9%85%D9%88%D9%85?page=105
کود کامل مولتی دیبوشین اصلی,,89000,712000.0,0.125,True,https://basalam.com/cat/tools/%D8%AE%D8%A7%DA%A9-%DA%A9%D9%88%D8%AF-%D8%B3%D9%85%D9%88%D9%85?page=105
کود کامل محرک رشد و ریشه زایی گلدیس,,35000,700000.0,0.05,True,https://basalam.com/cat/tools/%D8%AE%D8%A7%DA%A9-%DA%A9%D9%88%D8%AF-%D8%B3%D9%85%D9%88%D9%85?page=105
کود 121236 پتاسیم,,500000,500000.0,1.0,True,https://basalam.com/cat/tools/%D8%AE%D8%A7%DA%A9-%DA%A9%D9%88%D8%AF-%D8%B3%D9%85%D9%88%D9%85?page=105
کود سه بیست میلاگرو npk,,1150000,1150000.0,1.0,True,https://basalam.com/cat/tools/%D8%AE%D8%A7%DA%A9-%DA%A9%D9%88%D8%AF-%D8%B3%D9%85%D9%88%D9%85?page=105
کود کلات مس تتاکو VIGOROUS وزن 120 گرم,,130000,1083333.3333333335,0.12,True,https://basalam.com/cat/tools/%D8%AE%D8%A7%DA%A9-%DA%A9%D9%88%D8%AF-%D8%B3%D9%85%D9%88%D9%85?page=110
کود سولفات روی مناسب گلدان و باغچه وزن 120 گرم بسته 5 عددی,,187000,311666.6666666667,0.6,True,https://basalam.com/cat/tools/%D8%AE%D8%A7%DA%A9-%DA%A9%D9%88%D8%AF-%D8%B3%D9%85%D9%88%D9%85?page=110
کود NPK 10-8-40 تتاکو مناسب گلدان-باغچه وزن 120 گرم,,50000,416666.6666666667,0.12,True,https://basalam.com/cat/tools/%D8%AE%D8%A7%DA%A9-%DA%A9%D9%88%D8%AF-%D8%B3%D9%85%D9%88%D9%85?page=110
کود درخت مرکبات تتاکو مناسب باغچه وزن 120 گرم,,50000,416666.6666666667,0.12,True,https://basalam.com/cat/tools/%D8%AE%D8%A7%DA%A9-%DA%A9%D9%88%D8%AF-%D8%B3%D9%85%D9%88%D9%85?page=110
کود گیاهان زینتی تتاکو مناسب گلدان و باغچه وزن 120 گرم,,50000,416666.6666666667,0.12,True,https://basalam.com/cat/tools/%D8%AE%D8%A7%DA%A9-%DA%A9%D9%88%D8%AF-%D8%B3%D9%85%D9%88%D9%85?page=110
کود هیومیک اسید 125 سی سی پروتکت نیچر,,134000,1116666.6666666667,0.12,True,https://basalam.com/cat/tools/%D8%AE%D8%A7%DA%A9-%DA%A9%D9%88%D8%AF-%D8%B3%D9%85%D9%88%D9%85?page=107
کود کلسیم کالمکس گلد امکس حجم یک لیتری,,1530000,1530000.0,1.0,True,https://basalam.com/cat/tools/%D8%AE%D8%A7%DA%A9-%DA%A9%D9%88%D8%AF-%D8%B3%D9%85%D9%88%D9%85?page=107
کود کاکتوس کیمیا 3.11.38,,50000,833333.3333333334,0.06,True,https://basalam.com/cat/tools/%D8%AE%D8%A7%DA%A9-%DA%A9%D9%88%D8%AF-%D8%B3%D9%85%D9%88%D9%85?page=107
کود سولوپتاس زنیت,,3990000,159600.0,25.0,True,https://basalam.com/cat/tools/%D8%AE%D8%A7%DA%A9-%DA%A9%D9%88%D8%AF-%D8%B3%D9%85%D9%88%D9%85?page=107
کود شیمیایی NPK خارجی,,600000,600000.0,1.0,True,https://basalam.com/cat/tools/%D8%AE%D8%A7%DA%A9-%DA%A9%D9%88%D8%AF-%D8%B3%D9%85%D9%88%D9%85?page=107
کود نیترات کلسیم (30 گرمی) - از برند زایز انگلستان,,67000,2233333.333333333,0.03,True,https://basalam.com/cat/tools/%D8%AE%D8%A7%DA%A9-%DA%A9%D9%88%D8%AF-%D8%B3%D9%85%D9%88%D9%85?page=107
پک کودهای ضروری (8 تایی),,460000,1916666.6666666667,0.24,True,https://basalam.com/cat/tools/%D8%AE%D8%A7%DA%A9-%DA%A9%D9%88%D8%AF-%D8%B3%D9%85%D9%88%D9%85?page=107
کود نانو کود کلات منگنز16 درصد میکرولایز,,440000,440000.0,1.0,True,https://basalam.com/cat/tools/%D8%AE%D8%A7%DA%A9-%DA%A9%D9%88%D8%AF-%D8%B3%D9%85%D9%88%D9%85?page=107
کود نانو کود کامل NPK12-12-36+TE میکرولایز,,250000,250000.0,1.0,True,https://basalam.com/cat/tools/%D8%AE%D8%A7%DA%A9-%DA%A9%D9%88%D8%AF-%D8%B3%D9%85%D9%88%D9%85?page=107
کود کامل NPK افزایش رشد گیلدا کد 10-10-30 مدل نیتروژن بالا وزن 25 گرم,,90000,3600000.0,0.025,True,https://basalam.com/cat/tools/%D8%AE%D8%A7%DA%A9-%DA%A9%D9%88%D8%AF-%D8%B3%D9%85%D9%88%D9%85?page=107
کود قطره چکانی آسان مصرف مخصوص گلهای خانگی بسته سه عددی حجم هر ظرف 100 میلی لیتر,,211500,528750.0,0.4,True,https://basalam.com/cat/tools/%D8%AE%D8%A7%DA%A9-%DA%A9%D9%88%D8%AF-%D8%B3%D9%85%D9%88%D9%85?page=107
کود مایع اختصاصی آلوئه ورا مدل Danesh Sabz حجم 120 میلی لیتری بسته 8 تایی,,305800,318541.6666666667,0.96,True,https://basalam.com/cat/tools/%D8%AE%D8%A7%DA%A9-%DA%A9%D9%88%D8%AF-%D8%B3%D9%85%D9%88%D9%85?page=107
مجموعه کودی پتوس زاموفیلیا دیفن باخیا سانسوریا مدل Danesh PK حجم 120 بسته 4تایی,,228700,238229.1666666667,0.96,True,https://basalam.com/cat/tools/%D8%AE%D8%A7%DA%A9-%DA%A9%D9%88%D8%AF-%D8%B3%D9%85%D9%88%D9%85?page=107
مجموعه کودی اسید آمینه و سه مدل NPK مدل Danesh PK حجم 120 بسته 4تایی,,228700,476458.3333333334,0.48,True,https://basalam.com/cat/tools/%D8%AE%D8%A7%DA%A9-%DA%A9%D9%88%D8%AF-%D8%B3%D9%85%D9%88%D9%85?page=107
مجموعه کودی اسیدآمینه و NPK و هیومیک و کود آهن مدل Danesh PK حجم 120 بسته 4تایی,,228700,476458.3333333334,0.48,True,https://basalam.com/cat/tools/%D8%AE%D8%A7%DA%A9-%DA%A9%D9%88%D8%AF-%D8%B3%D9%85%D9%88%D9%85?page=107
مجموعه کودی بونسای وNPK و هیومیک و کود آهن مدل Danesh PK حجم 120 بسته 4تایی,,227900,474791.6666666667,0.48,True,https://basalam.com/cat/tools/%D8%AE%D8%A7%DA%A9-%DA%A9%D9%88%D8%AF-%D8%B3%D9%85%D9%88%D9%85?page=107
مجموعه کودی پتوس وNPK و اسید آمینه و مولتی کود مدل Danesh PK حجم 120 بسته 4تایی,,228700,476458.3333333334,0.48,True,https://basalam.com/cat/tools/%D8%AE%D8%A7%DA%A9-%DA%A9%D9%88%D8%AF-%D8%B3%D9%85%D9%88%D9%85?page=107
مجموعه کودی کاکتوس وNPK و اسید آمینه و مولتی کود مدل Danesh PK حجم 120 بسته4تایی,,228700,476458.3333333334,0.48,True,https://basalam.com/cat/tools/%D8%AE%D8%A7%DA%A9-%DA%A9%D9%88%D8%AF-%D8%B3%D9%85%D9%88%D9%85?page=107
مجموعه کودی دیفن باخیا وNPK و هیومیک و کود آهن مدل Danesh PK حجم 120 بسته 4تایی,,227900,474791.6666666667,0.48,True,https://basalam.com/cat/tools/%D8%AE%D8%A7%DA%A9-%DA%A9%D9%88%D8%AF-%D8%B3%D9%85%D9%88%D9%85?page=107
مجموعه کودی ریشه زایی وNPK و هیومیک و کود آهن مدل Danesh PK حجم 120 بسته 4تایی,,228700,476458.3333333334,0.48,True,https://basalam.com/cat/tools/%D8%AE%D8%A7%DA%A9-%DA%A9%D9%88%D8%AF-%D8%B3%D9%85%D9%88%D9%85?page=107
مجموعه کودی سرخس زینتی وNPK و هیومیک و کود آهن مدل Danesh PK حجم 120 بسته 4تایی,,228700,476458.3333333334,0.48,True,https://basalam.com/cat/tools/%D8%AE%D8%A7%DA%A9-%DA%A9%D9%88%D8%AF-%D8%B3%D9%85%D9%88%D9%85?page=107
کود مایع و محرک رشد انواع پتوس مدل Danesh PK حجم 120 میلی لیتر بسته 4 عددی,,228700,476458.3333333334,0.48,True,https://basalam.com/cat/tools/%D8%AE%D8%A7%DA%A9-%DA%A9%D9%88%D8%AF-%D8%B3%D9%85%D9%88%D9%85?page=107
کود کامل و اختصاصی اسطوخدوس بسته سه عددی,,211500,587500.0,0.36,True,https://basalam.com/cat/tools/%D8%AE%D8%A7%DA%A9-%DA%A9%D9%88%D8%AF-%D8%B3%D9%85%D9%88%D9%85?page=107
کود مایع NPK 10-52-10 بسته سه عددی,,211500,587500.0,0.36,True,https://basalam.com/cat/tools/%D8%AE%D8%A7%DA%A9-%DA%A9%D9%88%D8%AF-%D8%B3%D9%85%D9%88%D9%85?page=107
کود کامل و اختصاصی لیندا بسته سه عددی,,211500,587500.0,0.36,True,https://basalam.com/cat/tools/%D8%AE%D8%A7%DA%A9-%DA%A9%D9%88%D8%AF-%D8%B3%D9%85%D9%88%D9%85?page=107
کود کامل و اختصاصی کروتون بسته سه عددی,,211500,587500.0,0.36,True,https://basalam.com/cat/tools/%D8%AE%D8%A7%DA%A9-%DA%A9%D9%88%D8%AF-%D8%B3%D9%85%D9%88%D9%85?page=107
کود کامل و اختصاصی کاج مطبق بسته سه عددی,,211500,587500.0,0.36,True,https://basalam.com/cat/tools/%D8%AE%D8%A7%DA%A9-%DA%A9%D9%88%D8%AF-%D8%B3%D9%85%D9%88%D9%85?page=107
کود کامل و اختصاصی سرخس زینتی بسته سه عددی,,211500,587500.0,0.36,True,https://basalam.com/cat/tools/%D8%AE%D8%A7%DA%A9-%DA%A9%D9%88%D8%AF-%D8%B3%D9%85%D9%88%D9%85?page=107
مولتی کود بامبو بسته سه عددی,,211500,587500.0,0.36,True,https://basalam.com/cat/tools/%D8%AE%D8%A7%DA%A9-%DA%A9%D9%88%D8%AF-%D8%B3%D9%85%D9%88%D9%85?page=107
کود مایع هیومیک و فولویک اسید بسته سه عددی,,211500,282000.0,0.75,True,https://basalam.com/cat/tools/%D8%AE%D8%A7%DA%A9-%DA%A9%D9%88%D8%AF-%D8%B3%D9%85%D9%88%D9%85?page=107
مولتی کود کاکتوس 8 عنصره بسته سه عددی,,211500,705000.0,0.3,True,https://basalam.com/cat/tools/%D8%AE%D8%A7%DA%A9-%DA%A9%D9%88%D8%AF-%D8%B3%D9%85%D9%88%D9%85?page=107
مولتی کود زاموفیلیا 8 عنصره بسته سه عددی,,211500,705000.0,0.3,True,https://basalam.com/cat/tools/%D8%AE%D8%A7%DA%A9-%DA%A9%D9%88%D8%AF-%D8%B3%D9%85%D9%88%D9%85?page=107
مولتی کود اسید آمینه بسته 3 عددی,,211500,587500.0,0.36,True,https://basalam.com/cat/tools/%D8%AE%D8%A7%DA%A9-%DA%A9%D9%88%D8%AF-%D8%B3%D9%85%D9%88%D9%85?page=107
کود فعال کننده رشد,,85000,1416666.6666666667,0.06,True,https://basalam.com/cat/tools/%D8%AE%D8%A7%DA%A9-%DA%A9%D9%88%D8%AF-%D8%B3%D9%85%D9%88%D9%85?page=110
گل پتوس سبز(ارسال با باربری و پس کرایه),,85000,85000.0,1.0,True,https://basalam.com/cat/tools/%D8%AE%D8%A7%DA%A9-%DA%A9%D9%88%D8%AF-%D8%B3%D9%85%D9%88%D9%85?page=110
کود پودری 36-12-12 50 گرم پروتکت نیچر,,103000,1287500.0,0.08,True,https://basalam.com/cat/tools/%D8%AE%D8%A7%DA%A9-%DA%A9%D9%88%D8%AF-%D8%B3%D9%85%D9%88%D9%85?page=115
کود پودری میکرو (ریز مغذی) 50 گرم پروتکت نیچر,,103000,1287500.0,0.08,True,https://basalam.com/cat/tools/%D8%AE%D8%A7%DA%A9-%DA%A9%D9%88%D8%AF-%D8%B3%D9%85%D9%88%D9%85?page=115
کود جلبک دریایی 125 میلی لیتر پروتکت نیچر,,117000,936000.0,0.125,True,https://basalam.com/cat/tools/%D8%AE%D8%A7%DA%A9-%DA%A9%D9%88%D8%AF-%D8%B3%D9%85%D9%88%D9%85?page=115
کاملترین کودهای مایع مخصوص انواع بامبو (تضمین کیفیت ),,65000,650000.0,0.1,True,https://basalam.com/cat/tools/%D8%AE%D8%A7%DA%A9-%DA%A9%D9%88%D8%AF-%D8%B3%D9%85%D9%88%D9%85?page=115
کود مخصوص گلدهی(121236) شوک آمریکایی اصل یک لیتری,,400000,400000.0,1.0,True,https://basalam.com/cat/tools/%D8%AE%D8%A7%DA%A9-%DA%A9%D9%88%D8%AF-%D8%B3%D9%85%D9%88%D9%85?page=108
کود کلسیم 27 درصد شوک آمریکایی اصل قوطی یک لیتری,,420000,420000.0,1.0,True,https://basalam.com/cat/tools/%D8%AE%D8%A7%DA%A9-%DA%A9%D9%88%D8%AF-%D8%B3%D9%85%D9%88%D9%85?page=108
کود کامل 252525آکوافر,,1295000,1295000.0,1.0,True,https://basalam.com/cat/tools/%D8%AE%D8%A7%DA%A9-%DA%A9%D9%88%D8%AF-%D8%B3%D9%85%D9%88%D9%85?page=108
کود قرصی گیاهان آپارتمانی فلوریش,,40000,40000.0,1.0,True,https://basalam.com/cat/tools/%D8%AE%D8%A7%DA%A9-%DA%A9%D9%88%D8%AF-%D8%B3%D9%85%D9%88%D9%85?page=108
کود ارگانیک بلک پیت,,549620,109924.0,5.0,True,https://basalam.com/cat/tools/%D8%AE%D8%A7%DA%A9-%DA%A9%D9%88%D8%AF-%D8%B3%D9%85%D9%88%D9%85?page=109
کود کامل 20-20-20 زیگلر آلمان 50 گرمی,,34000,680000.0,0.05,True,https://basalam.com/cat/tools/%D8%AE%D8%A7%DA%A9-%DA%A9%D9%88%D8%AF-%D8%B3%D9%85%D9%88%D9%85?page=109
کود کلسیم بر روی PREVENT Ca B Zn  آکوا فارم اسپانیا 25گرمی,,30000,1200000.0,0.025,True,https://basalam.com/cat/tools/%D8%AE%D8%A7%DA%A9-%DA%A9%D9%88%D8%AF-%D8%B3%D9%85%D9%88%D9%85?page=109
کود فسفر بالای زیگلر آلمان 50گرمی 10-52-10 (پک 200عددی)(پس کرایه هزینه ارسال موقع تحویل به عهده مشتری),,4800000,480000.0,10.0,True,https://basalam.com/cat/tools/%D8%AE%D8%A7%DA%A9-%DA%A9%D9%88%D8%AF-%D8%B3%D9%85%D9%88%D9%85?page=109
کود کامل 20-20-20 زیگلر آلمان هر بسته 25 گرم ( پک 200عددی)(پسکرایه هزینه ارسال موقع تحویل به عهده مشتری),,2600000,520000.0,5.0,True,https://basalam.com/cat/tools/%D8%AE%D8%A7%DA%A9-%DA%A9%D9%88%D8%AF-%D8%B3%D9%85%D9%88%D9%85?page=109
کود محرک رشد ویت ارگ گرین هاس ایتالیا  30سی سی,,45000,1500000.0,0.03,True,https://basalam.com/cat/tools/%D8%AE%D8%A7%DA%A9-%DA%A9%D9%88%D8%AF-%D8%B3%D9%85%D9%88%D9%85?page=109
کود جلبک دریایی پودری آلگا فارم فرمولاسیون هلند30 گرمی هزینه ارسال به عهده مشتری,,65000,2166666.666666667,0.03,True,https://basalam.com/cat/tools/%D8%AE%D8%A7%DA%A9-%DA%A9%D9%88%D8%AF-%D8%B3%D9%85%D9%88%D9%85?page=109
پک کود هیومیک اسید پودری HEX,,400000,1000000.0,0.4,True,https://basalam.com/cat/tools/%D8%AE%D8%A7%DA%A9-%DA%A9%D9%88%D8%AF-%D8%B3%D9%85%D9%88%D9%85?page=109
کود کامل نانو آل مکس برند جنریت ساخت آمریکا پنج لیتری,,4000000,784313.7254901961,5.1,True,https://basalam.com/cat/tools/%D8%AE%D8%A7%DA%A9-%DA%A9%D9%88%D8%AF-%D8%B3%D9%85%D9%88%D9%85?page=109
کود نانو نیتروژن ازت بالای جنریت ساخت آمریکا,,4000000,4000000.0,1.0,True,https://basalam.com/cat/tools/%D8%AE%D8%A7%DA%A9-%DA%A9%D9%88%D8%AF-%D8%B3%D9%85%D9%88%D9%85?page=109
کود پتاس بالا K66 جنریت پنج لیتری66درصدپتاس,,4500000,882352.9411764706,5.1,True,https://basalam.com/cat/tools/%D8%AE%D8%A7%DA%A9-%DA%A9%D9%88%D8%AF-%D8%B3%D9%85%D9%88%D9%85?page=109
کود جلبک هیومیک بمب انرژی 2 رویش سبز,,58000,483333.3333333334,0.12,True,https://basalam.com/cat/tools/%D8%AE%D8%A7%DA%A9-%DA%A9%D9%88%D8%AF-%D8%B3%D9%85%D9%88%D9%85?page=109
کود هیدروپونیک مایع مخصوص گلدهی کد LB100,,169000,84500.0,2.0,True,https://basalam.com/cat/tools/%D8%AE%D8%A7%DA%A9-%DA%A9%D9%88%D8%AF-%D8%B3%D9%85%D9%88%D9%85?page=109
کود آمینو اسید (50 گرمی),,61000,1220000.0,0.05,True,https://basalam.com/cat/tools/%D8%AE%D8%A7%DA%A9-%DA%A9%D9%88%D8%AF-%D8%B3%D9%85%D9%88%D9%85?page=109
کود ورمی کمپوست مرغوب(500گرمی),,46000,92000.0,0.5,True,https://basalam.com/cat/tools/%D8%AE%D8%A7%DA%A9-%DA%A9%D9%88%D8%AF-%D8%B3%D9%85%D9%88%D9%85?page=109
کود بیورادیکانت 50 سی سی (پس کرایه با پست پیشتاز),,145000,2900000.0,0.05,True,https://basalam.com/cat/tools/%D8%AE%D8%A7%DA%A9-%DA%A9%D9%88%D8%AF-%D8%B3%D9%85%D9%88%D9%85?page=109
کود تقویتی آمینو اسید خارجی,,80000,2666666.666666667,0.03,True,https://basalam.com/cat/tools/%D8%AE%D8%A7%DA%A9-%DA%A9%D9%88%D8%AF-%D8%B3%D9%85%D9%88%D9%85?page=109
کود میکرو مایع شیمیایی یک لیتری برند ایزرتوی(izirtuland),,264000,264000.0,1.0,True,https://basalam.com/cat/tools/%D8%AE%D8%A7%DA%A9-%DA%A9%D9%88%D8%AF-%D8%B3%D9%85%D9%88%D9%85?page=109
کود بونسای ایتالیایی گرین گروت-تقویتی گیاهان بنسای-کودGreen Growth-گلدونه,,72000,480000.0,0.15,True,https://basalam.com/cat/tools/%D8%AE%D8%A7%DA%A9-%DA%A9%D9%88%D8%AF-%D8%B3%D9%85%D9%88%D9%85?page=109
کود آمینوگان جنوبگان یا اسید آمینه,,450000,900000.0,0.5,True,https://basalam.com/cat/tools/%D8%AE%D8%A7%DA%A9-%DA%A9%D9%88%D8%AF-%D8%B3%D9%85%D9%88%D9%85?page=109
کود فسفر 80درصد شوک یک لیتری(پس کرایه),,290000,290000.0,1.0,True,https://basalam.com/cat/tools/%D8%AE%D8%A7%DA%A9-%DA%A9%D9%88%D8%AF-%D8%B3%D9%85%D9%88%D9%85?page=110
کوریفانتا بسیار خاص و کلکسیونی,,110000,4400000.0,0.025,True,https://basalam.com/cat/tools/%D8%AE%D8%A7%DA%A9-%DA%A9%D9%88%D8%AF-%D8%B3%D9%85%D9%88%D9%85?page=111
لیتوپس سنگی رنگی 3تایی بسیار خاص و آینده دار,,55000,2200000.0,0.025,True,https://basalam.com/cat/tools/%D8%AE%D8%A7%DA%A9-%DA%A9%D9%88%D8%AF-%D8%B3%D9%85%D9%88%D9%85?page=111
کود مایعسیلیکات پتاسیم ورساد اسپانیا,,460000,460000.0,1.0,True,https://basalam.com/cat/tools/%D8%AE%D8%A7%DA%A9-%DA%A9%D9%88%D8%AF-%D8%B3%D9%85%D9%88%D9%85?page=111
کود مایع کامل افرا مخصوص گل های آپارتمانی,,50000,500000.0,0.1,True,https://basalam.com/cat/tools/%D8%AE%D8%A7%DA%A9-%DA%A9%D9%88%D8%AF-%D8%B3%D9%85%D9%88%D9%85?page=112
کود فسفر بالا 10 50 10 یک کیلویی آیش تولید 1403,,445000,401262.3985572588,1.109,True,https://basalam.com/cat/tools/%D8%AE%D8%A7%DA%A9-%DA%A9%D9%88%D8%AF-%D8%B3%D9%85%D9%88%D9%85?page=112
کود نوبهار مخصوص درخت سیب  گرانول و پس کرایه,,920000,18400.0,50.0,True,https://basalam.com/cat/tools/%D8%AE%D8%A7%DA%A9-%DA%A9%D9%88%D8%AF-%D8%B3%D9%85%D9%88%D9%85?page=111
کود کامل silomax ریز مغذی و npk مواد آلمانی,,288000,288000.0,1.0,True,https://basalam.com/cat/tools/%D8%AE%D8%A7%DA%A9-%DA%A9%D9%88%D8%AF-%D8%B3%D9%85%D9%88%D9%85?page=112
گیاه دم اسب با کیفیت عالی بار امسالی و تازه(200گرمی),,198500,992500.0,0.2,True,https://basalam.com/cat/tools/%D8%AE%D8%A7%DA%A9-%DA%A9%D9%88%D8%AF-%D8%B3%D9%85%D9%88%D9%85?page=112
ریشه چوبک با کیفیت عالی بار امسالی و تازه(150 گرمی ),,179900,1199333.3333333335,0.15,True,https://basalam.com/cat/tools/%D8%AE%D8%A7%DA%A9-%DA%A9%D9%88%D8%AF-%D8%B3%D9%85%D9%88%D9%85?page=112
گیاه خرفه با کیفیت عالی بار امسالی و تازه(200گرمی),,421400,2107000.0,0.2,True,https://basalam.com/cat/tools/%D8%AE%D8%A7%DA%A9-%DA%A9%D9%88%D8%AF-%D8%B3%D9%85%D9%88%D9%85?page=112
گیاه شاهتره با کیفیت عالی بار امسالی و تازه(200گرمی),,208300,1041500.0,0.2,True,https://basalam.com/cat/tools/%D8%AE%D8%A7%DA%A9-%DA%A9%D9%88%D8%AF-%D8%B3%D9%85%D9%88%D9%85?page=113
پوست اسفرزه با کیفیت عالی بار امسالی و تازه (50گرمی ),,364300,7286000.0,0.05,True,https://basalam.com/cat/tools/%D8%AE%D8%A7%DA%A9-%DA%A9%D9%88%D8%AF-%D8%B3%D9%85%D9%88%D9%85?page=113
گل مینا با کیفیت عالی بار امسالی و تازه(750گرمی),,16137100,21516133.33333333,0.75,True,https://basalam.com/cat/tools/%D8%AE%D8%A7%DA%A9-%DA%A9%D9%88%D8%AF-%D8%B3%D9%85%D9%88%D9%85?page=113
ریشه سنبل الطیب با کیفیت عالی بار امسالی و تازه(50گرمی),,400700,8014000.0,0.05,True,https://basalam.com/cat/tools/%D8%AE%D8%A7%DA%A9-%DA%A9%D9%88%D8%AF-%D8%B3%D9%85%D9%88%D9%85?page=113
فروش ریشه شیرین بیان با کیفیت عالی بار امسالی و تازه(500گرمی),,184800,369600.0,0.5,True,https://basalam.com/cat/tools/%D8%AE%D8%A7%DA%A9-%DA%A9%D9%88%D8%AF-%D8%B3%D9%85%D9%88%D9%85?page=113
گیاه جعفری با کیفیت عالی بار امسالی و تازه(150 گرمی ),,412400,2749333.333333333,0.15,True,https://basalam.com/cat/tools/%D8%AE%D8%A7%DA%A9-%DA%A9%D9%88%D8%AF-%D8%B3%D9%85%D9%88%D9%85?page=113
گیاه گزنه با کیفیت عالی بار امسالی و تازه(50گرمی ),,212500,4250000.0,0.05,True,https://basalam.com/cat/tools/%D8%AE%D8%A7%DA%A9-%DA%A9%D9%88%D8%AF-%D8%B3%D9%85%D9%88%D9%85?page=113
گیاه کاسنی با کیفیت عالی بار امسالی و تازه(100گرمی),,127300,1273000.0,0.1,True,https://basalam.com/cat/tools/%D8%AE%D8%A7%DA%A9-%DA%A9%D9%88%D8%AF-%D8%B3%D9%85%D9%88%D9%85?page=113
گل گاو زبان با کیفیت عالی بار امسالی و تازه(100گرمی),,2110600,21106000.0,0.1,True,https://basalam.com/cat/tools/%D8%AE%D8%A7%DA%A9-%DA%A9%D9%88%D8%AF-%D8%B3%D9%85%D9%88%D9%85?page=113
ریشه خولنجان با کیفیت عالی بار امسالی و تازه(750 گرمی ),,3583000,4777333.333333333,0.75,True,https://basalam.com/cat/tools/%D8%AE%D8%A7%DA%A9-%DA%A9%D9%88%D8%AF-%D8%B3%D9%85%D9%88%D9%85?page=114
گل گاو زبان با کیفیت عالی بار امسالی و تازه(750گرمی),,15453200,20604266.666666668,0.75,True,https://basalam.com/cat/tools/%D8%AE%D8%A7%DA%A9-%DA%A9%D9%88%D8%AF-%D8%B3%D9%85%D9%88%D9%85?page=114
گیاه کاسنی با کیفیت عالی بار امسالی و تازه(50گرمی),,94900,1898000.0,0.05,True,https://basalam.com/cat/tools/%D8%AE%D8%A7%DA%A9-%DA%A9%D9%88%D8%AF-%D8%B3%D9%85%D9%88%D9%85?page=114
گل مینا با کیفیت عالی بار امسالی و تازه(250گرمی),,5939500,23758000.0,0.25,True,https://basalam.com/cat/tools/%D8%AE%D8%A7%DA%A9-%DA%A9%D9%88%D8%AF-%D8%B3%D9%85%D9%88%D9%85?page=113
ریشه سنبل الطیب با کیفیت عالی بار امسالی و تازه(200گرمی),,1464300,7321500.0,0.2,True,https://basalam.com/cat/tools/%D8%AE%D8%A7%DA%A9-%DA%A9%D9%88%D8%AF-%D8%B3%D9%85%D9%88%D9%85?page=113
گیاه دم اسب با کیفیت عالی بار امسالی و تازه(100گرمی),,109600,1096000.0,0.1,True,https://basalam.com/cat/tools/%D8%AE%D8%A7%DA%A9-%DA%A9%D9%88%D8%AF-%D8%B3%D9%85%D9%88%D9%85?page=113
آلوئه ورا با کیفیت عالی بار امسالی و تازه(500گرمی),,1980600,3961200.0,0.5,True,https://basalam.com/cat/tools/%D8%AE%D8%A7%DA%A9-%DA%A9%D9%88%D8%AF-%D8%B3%D9%85%D9%88%D9%85?page=113
گیاه شاهتره با کیفیت عالی بار امسالی و تازه(100گرمی),,104400,1044000.0,0.1,True,https://basalam.com/cat/tools/%D8%AE%D8%A7%DA%A9-%DA%A9%D9%88%D8%AF-%D8%B3%D9%85%D9%88%D9%85?page=113
الدر بری (آقطی سیاه) با کیفیت عالی بار امسالی و تازه(100گرمی),,192500,1925000.0,0.1,True,https://basalam.com/cat/tools/%D8%AE%D8%A7%DA%A9-%DA%A9%D9%88%D8%AF-%D8%B3%D9%85%D9%88%D9%85?page=113
گیاه نعناع فلفلی با کیفیت عالی بار امسالی و تازه(500 گرمی),,667100,1334200.0,0.5,True,https://basalam.com/cat/tools/%D8%AE%D8%A7%DA%A9-%DA%A9%D9%88%D8%AF-%D8%B3%D9%85%D9%88%D9%85?page=113
پوست اسفرزه با کیفیت عالی بار امسالی و تازه(750گرمی ),,4649800,6199733.333333333,0.75,True,https://basalam.com/cat/tools/%D8%AE%D8%A7%DA%A9-%DA%A9%D9%88%D8%AF-%D8%B3%D9%85%D9%88%D9%85?page=113
گیاه گزنه با کیفیت عالی بار امسالی و تازه(250گرمی ),,539100,2156400.0,0.25,True,https://basalam.com/cat/tools/%D8%AE%D8%A7%DA%A9-%DA%A9%D9%88%D8%AF-%D8%B3%D9%85%D9%88%D9%85?page=113
گیاه مورد با کیفیت عالی بار امسالی و تازه(750گرمی),,613800,818400.0,0.75,True,https://basalam.com/cat/tools/%D8%AE%D8%A7%DA%A9-%DA%A9%D9%88%D8%AF-%D8%B3%D9%85%D9%88%D9%85?page=113
گیاه دم اسب با کیفیت عالی بار امسالی و تازه(150گرمی),,179900,1199333.3333333335,0.15,True,https://basalam.com/cat/tools/%D8%AE%D8%A7%DA%A9-%DA%A9%D9%88%D8%AF-%D8%B3%D9%85%D9%88%D9%85?page=113
گیاه مورد با کیفیت عالی بار امسالی و تازه(250گرمی ),,189800,759200.0,0.25,True,https://basalam.com/cat/tools/%D8%AE%D8%A7%DA%A9-%DA%A9%D9%88%D8%AF-%D8%B3%D9%85%D9%88%D9%85?page=113
گیاه مریم گلی با کیفیت عالی بار امسالی و تازه(200گرمی),,487200,2436000.0,0.2,True,https://basalam.com/cat/tools/%D8%AE%D8%A7%DA%A9-%DA%A9%D9%88%D8%AF-%D8%B3%D9%85%D9%88%D9%85?page=113
گیاه مریم گلی با کیفیت عالی بار امسالی و تازه(150گرمی),,403200,2688000.0,0.15,True,https://basalam.com/cat/tools/%D8%AE%D8%A7%DA%A9-%DA%A9%D9%88%D8%AF-%D8%B3%D9%85%D9%88%D9%85?page=113
کود آمینو اسید شوک یک لیتری آمریکایی اصل,,390000,390000.0,1.0,True,https://basalam.com/cat/tools/%D8%AE%D8%A7%DA%A9-%DA%A9%D9%88%D8%AF-%D8%B3%D9%85%D9%88%D9%85?page=113
گل بید مشک با کیفیت عالی بار امسالی و تازه(250 گرمی),,478800,1915200.0,0.25,True,https://basalam.com/cat/tools/%D8%AE%D8%A7%DA%A9-%DA%A9%D9%88%D8%AF-%D8%B3%D9%85%D9%88%D9%85?page=113
گیاه دم اسب با کیفیت عالی بار امسالی و تازه(750گرمی),,402600,536800.0,0.75,True,https://basalam.com/cat/tools/%D8%AE%D8%A7%DA%A9-%DA%A9%D9%88%D8%AF-%D8%B3%D9%85%D9%88%D9%85?page=113
گل بومادارن با کیفیت عالی بار امسالی و تازه(250 گرمی),,236200,944800.0,0.25,True,https://basalam.com/cat/tools/%D8%AE%D8%A7%DA%A9-%DA%A9%D9%88%D8%AF-%D8%B3%D9%85%D9%88%D9%85?page=114
گیاه رازک با کیفیت عالی بار امسالی و تازه(50گرمی),,383900,7678000.0,0.05,True,https://basalam.com/cat/tools/%D8%AE%D8%A7%DA%A9-%DA%A9%D9%88%D8%AF-%D8%B3%D9%85%D9%88%D9%85?page=114
فیکوس شرابی گیاه آپارتمانی مقاوم و ماندگار بسیار با کیفیت با ارتفاع حدود 100 سانتی متر,,599000,171142.85714285713,3.5,True,https://basalam.com/cat/tools/%D8%AE%D8%A7%DA%A9-%DA%A9%D9%88%D8%AF-%D8%B3%D9%85%D9%88%D9%85?page=114
کاکتوس افوربیا تریگونا گیاه آپارتمانی مقاوم و ماندگار با ارتفاع حدود 60 سانت,,389000,77800.0,5.0,True,https://basalam.com/cat/tools/%D8%AE%D8%A7%DA%A9-%DA%A9%D9%88%D8%AF-%D8%B3%D9%85%D9%88%D9%85?page=114
پرنده بهشتی (استرلیتزیا) با کیفیت و زیبا با گلهای نارنجی,,1750000,350000.0,5.0,True,https://basalam.com/cat/tools/%D8%AE%D8%A7%DA%A9-%DA%A9%D9%88%D8%AF-%D8%B3%D9%85%D9%88%D9%85?page=114
فیکوس لیراتا و آگلونما سفید برفی گیاهان آپارتمانی مقاوم و زیبا با گلدان سرامیکی,,990000,198000.0,5.0,True,https://basalam.com/cat/tools/%D8%AE%D8%A7%DA%A9-%DA%A9%D9%88%D8%AF-%D8%B3%D9%85%D9%88%D9%85?page=114
گل و گیاه آپارتمانی فیکوس لیراتا همراه گلدان سرامیکی,,369000,73800.0,5.0,True,https://basalam.com/cat/tools/%D8%AE%D8%A7%DA%A9-%DA%A9%D9%88%D8%AF-%D8%B3%D9%85%D9%88%D9%85?page=114
گیاه شامادورا پر غلاف باکیفیت و پر برگ با ارتفاع 65 سانتی متر,,499000,166333.33333333334,3.0,True,https://basalam.com/cat/tools/%D8%AE%D8%A7%DA%A9-%DA%A9%D9%88%D8%AF-%D8%B3%D9%85%D9%88%D9%85?page=114
کود مخصوص گلهای زینتی تایمکس,,39000,1300000.0,0.03,True,https://basalam.com/cat/tools/%D8%AE%D8%A7%DA%A9-%DA%A9%D9%88%D8%AF-%D8%B3%D9%85%D9%88%D9%85?page=114
اسپاتی فیلوم با کیفیت و پر با ارتفاع 45 سانتی متر,,269000,134500.0,2.0,True,https://basalam.com/cat/tools/%D8%AE%D8%A7%DA%A9-%DA%A9%D9%88%D8%AF-%D8%B3%D9%85%D9%88%D9%85?page=114
کود مایع TNT تایمکس ( 150 میلی لیتر ),,119000,793333.3333333334,0.15,True,https://basalam.com/cat/tools/%D8%AE%D8%A7%DA%A9-%DA%A9%D9%88%D8%AF-%D8%B3%D9%85%D9%88%D9%85?page=114
کاج مطبق نشایی گیاه آپارتمانی با کیفیت و ریشه پر,,299000,373750.0,0.8,True,https://basalam.com/cat/tools/%D8%AE%D8%A7%DA%A9-%DA%A9%D9%88%D8%AF-%D8%B3%D9%85%D9%88%D9%85?page=114
کود مایع هورمون اکسین تایمکس ( 150 میلی لیتر ),,119000,793333.3333333334,0.15,True,https://basalam.com/cat/tools/%D8%AE%D8%A7%DA%A9-%DA%A9%D9%88%D8%AF-%D8%B3%D9%85%D9%88%D9%85?page=114
فیلودندرون رد کنگو با کیفیت گیاه آپارتمانی خاص و مقاوم,,369000,184500.0,2.0,True,https://basalam.com/cat/tools/%D8%AE%D8%A7%DA%A9-%DA%A9%D9%88%D8%AF-%D8%B3%D9%85%D9%88%D9%85?page=114
فیلودندرون رد کنگو با کیفیت و سرحال گیاه آپارتمانی مقاوم و خاص,,350000,194444.44444444444,1.8,True,https://basalam.com/cat/tools/%D8%AE%D8%A7%DA%A9-%DA%A9%D9%88%D8%AF-%D8%B3%D9%85%D9%88%D9%85?page=114
کود مخصوص ریشه زایی تایمکس ( 150 میلی لیتر ),,119000,793333.3333333334,0.15,True,https://basalam.com/cat/tools/%D8%AE%D8%A7%DA%A9-%DA%A9%D9%88%D8%AF-%D8%B3%D9%85%D9%88%D9%85?page=115
کود گیاهان آپارتمانی (پکیج محرک رشد گلدهی و شاخ و برگ گیاهان آپارتمانی),,299000,299000.0,1.0,True,https://basalam.com/cat/tools/%D8%AE%D8%A7%DA%A9-%DA%A9%D9%88%D8%AF-%D8%B3%D9%85%D9%88%D9%85?page=115
گیاه آدنیوم با قابلیت تبدیل شدن به بنسای زیبا و مقاوم,,79000,79000.0,1.0,True,https://basalam.com/cat/tools/%D8%AE%D8%A7%DA%A9-%DA%A9%D9%88%D8%AF-%D8%B3%D9%85%D9%88%D9%85?page=115
گیاه آگلونما حبابی گیاه آپارتمانی زیبا و مقاوم با ارتفاع حدود 50 سانتی متر,,389000,194500.0,2.0,True,https://basalam.com/cat/tools/%D8%AE%D8%A7%DA%A9-%DA%A9%D9%88%D8%AF-%D8%B3%D9%85%D9%88%D9%85?page=115
کود مخصوص بنسای آمی فلاور 125 میلی لیتر,,89000,712000.0,0.125,True,https://basalam.com/cat/tools/%D8%AE%D8%A7%DA%A9-%DA%A9%D9%88%D8%AF-%D8%B3%D9%85%D9%88%D9%85?page=114
پک 2 عددی گیاه نخل ماداگاسکار سایز نشایی مقاوم و با کیفیت,,79000,79000.0,1.0,True,https://basalam.com/cat/tools/%D8%AE%D8%A7%DA%A9-%DA%A9%D9%88%D8%AF-%D8%B3%D9%85%D9%88%D9%85?page=114
گل و گیاه آپارتمانی فیکوس لیراتا برگ ریز با ارتفاع حدود 80 سانتی متر,,399000,79800.0,5.0,True,https://basalam.com/cat/tools/%D8%AE%D8%A7%DA%A9-%DA%A9%D9%88%D8%AF-%D8%B3%D9%85%D9%88%D9%85?page=114
کود کاکتوس,,29000,1933333.3333333333,0.015,True,https://basalam.com/cat/tools/%D8%AE%D8%A7%DA%A9-%DA%A9%D9%88%D8%AF-%D8%B3%D9%85%D9%88%D9%85?page=114
گیاه برگ انجیری چماقی با کیفیت و با نگهداری آسان,,450000,150000.0,3.0,True,https://basalam.com/cat/tools/%D8%AE%D8%A7%DA%A9-%DA%A9%D9%88%D8%AF-%D8%B3%D9%85%D9%88%D9%85?page=114
برگ انجیری مونسترا خیلی خاص با کیفیت و بدون هیچ بیماری,,399000,99750.0,4.0,True,https://basalam.com/cat/tools/%D8%AE%D8%A7%DA%A9-%DA%A9%D9%88%D8%AF-%D8%B3%D9%85%D9%88%D9%85?page=114
فیکوس سیستی پولا یک گیاه فوق العاده خاص و زیبا,,650000,162500.0,4.0,True,https://basalam.com/cat/tools/%D8%AE%D8%A7%DA%A9-%DA%A9%D9%88%D8%AF-%D8%B3%D9%85%D9%88%D9%85?page=114
گیاهان آپارتمانی فیکوس بلک درجه یک به همراه گلدان و زیر گلدانی پلیمر ضد خش و نشکن,,589000,147250.0,4.0,True,https://basalam.com/cat/tools/%D8%AE%D8%A7%DA%A9-%DA%A9%D9%88%D8%AF-%D8%B3%D9%85%D9%88%D9%85?page=114
گیاه کروتون پرتقالی با کیفیت و زیبا با ارتفاع حدود 50 سانتی متر,,350000,140000.0,2.5,True,https://basalam.com/cat/tools/%D8%AE%D8%A7%DA%A9-%DA%A9%D9%88%D8%AF-%D8%B3%D9%85%D9%88%D9%85?page=114
کاکتوس افوربیا تریگونا قرمز کوچک بسیار مقاوم و با کیفیت,,119000,148750.0,0.8,True,https://basalam.com/cat/tools/%D8%AE%D8%A7%DA%A9-%DA%A9%D9%88%D8%AF-%D8%B3%D9%85%D9%88%D9%85?page=114
فیکوس شرابی خاص گیاه آپارتمانی مقاوم و ماندگار با ارتفاع 120 سانتی متر,,749000,149800.0,5.0,True,https://basalam.com/cat/tools/%D8%AE%D8%A7%DA%A9-%DA%A9%D9%88%D8%AF-%D8%B3%D9%85%D9%88%D9%85?page=114
پتوس ارتشی گیاه آپارتمانی مقاوم و زیبا فوق العاده سرحال و با کیفیت,,199000,110555.55555555556,1.8,True,https://basalam.com/cat/tools/%D8%AE%D8%A7%DA%A9-%DA%A9%D9%88%D8%AF-%D8%B3%D9%85%D9%88%D9%85?page=114
گیاه آپارتمانی فیکوس دلتا کمیاب و بسیار زیبا,,269000,269000.0,1.0,True,https://basalam.com/cat/tools/%D8%AE%D8%A7%DA%A9-%DA%A9%D9%88%D8%AF-%D8%B3%D9%85%D9%88%D9%85?page=114
گیاه قاشقی رونده سبز چماقی بسیار زیبا و با کیفیت,,450000,112500.0,4.0,True,https://basalam.com/cat/tools/%D8%AE%D8%A7%DA%A9-%DA%A9%D9%88%D8%AF-%D8%B3%D9%85%D9%88%D9%85?page=114
کود جلبرگ,,99000,825000.0,0.12,True,https://basalam.com/cat/tools/%D8%AE%D8%A7%DA%A9-%DA%A9%D9%88%D8%AF-%D8%B3%D9%85%D9%88%D9%85?page=115
حراج کود 25 گرمی20-20-20 با برند آمریکایی گرومور  کشور تامین کننده آلمان,,35000,1400000.0,0.025,True,https://basalam.com/cat/tools/%D8%AE%D8%A7%DA%A9-%DA%A9%D9%88%D8%AF-%D8%B3%D9%85%D9%88%D9%85?page=115
کود اوره پتروشیمی شیراز در بسته بندی پلاستیک زیپ دار,,27000,270000.0,0.1,True,https://basalam.com/cat/tools/%D8%AE%D8%A7%DA%A9-%DA%A9%D9%88%D8%AF-%D8%B3%D9%85%D9%88%D9%85?page=115
کود کاکتوس (مایع 120 میلی گرمی),,35000,250000.0,0.14,True,https://basalam.com/cat/tools/%D8%AE%D8%A7%DA%A9-%DA%A9%D9%88%D8%AF-%D8%B3%D9%85%D9%88%D9%85?page=115
کود بنسای (مایع 125 سی سی),,40000,320000.0,0.125,True,https://basalam.com/cat/tools/%D8%AE%D8%A7%DA%A9-%DA%A9%D9%88%D8%AF-%D8%B3%D9%85%D9%88%D9%85?page=115
کود 36 12 12 ( بسته بندی زیب دار ),,35000,466666.6666666667,0.075,True,https://basalam.com/cat/tools/%D8%AE%D8%A7%DA%A9-%DA%A9%D9%88%D8%AF-%D8%B3%D9%85%D9%88%D9%85?page=115
کود مولتی ویتامین (مخصوص تمام فصول ),,35000,269230.76923076925,0.13,True,https://basalam.com/cat/tools/%D8%AE%D8%A7%DA%A9-%DA%A9%D9%88%D8%AF-%D8%B3%D9%85%D9%88%D9%85?page=115
کود کامل 10-52-10 پودری 200گرمی (پس کرایه),,84500,8.45,10000.0,True,https://basalam.com/cat/tools/%D8%AE%D8%A7%DA%A9-%DA%A9%D9%88%D8%AF-%D8%B3%D9%85%D9%88%D9%85?page=115
کود کامل تقویتی 20-20-20 گرین دراپ 100 گرمی,,60000,600000.0,0.1,True,https://basalam.com/cat/tools/%D8%AE%D8%A7%DA%A9-%DA%A9%D9%88%D8%AF-%D8%B3%D9%85%D9%88%D9%85?page=115
کود زیستی رایزوباسیل (پس کرایه),,638000,638000.0,1.0,True,https://basalam.com/cat/tools/%D8%AE%D8%A7%DA%A9-%DA%A9%D9%88%D8%AF-%D8%B3%D9%85%D9%88%D9%85?page=115
کود مولتی کمپلکس پنج لیتری جنریت محصول آمریکا,,8100000,1620000.0,5.0,True,https://basalam.com/cat/tools/%D8%AE%D8%A7%DA%A9-%DA%A9%D9%88%D8%AF-%D8%B3%D9%85%D9%88%D9%85?page=115
کود گوگرد مایع بیست لیتری جنریت محصول ایالات متحده,,10000000,434782.60869565216,23.0,True,https://basalam.com/cat/tools/%D8%AE%D8%A7%DA%A9-%DA%A9%D9%88%D8%AF-%D8%B3%D9%85%D9%88%D9%85?page=115
کود کلسیم 27 درصد جنریت یک لیتری اصلی محصول آمریکا,,900000,750000.0,1.2,True,https://basalam.com/cat/tools/%D8%AE%D8%A7%DA%A9-%DA%A9%D9%88%D8%AF-%D8%B3%D9%85%D9%88%D9%85?page=115
کود مخصوص زعفران برند جنریت محرک گلدهی محصول ایالات متحده,,1100000,1000000.0,1.1,True,https://basalam.com/cat/tools/%D8%AE%D8%A7%DA%A9-%DA%A9%D9%88%D8%AF-%D8%B3%D9%85%D9%88%D9%85?page=115
کود کامل مایع فروتست یک لیتری,,400000,400000.0,1.0,True,https://basalam.com/cat/tools/%D8%AE%D8%A7%DA%A9-%DA%A9%D9%88%D8%AF-%D8%B3%D9%85%D9%88%D9%85?page=115
کود آلی ورم کستینگ کود طبیعی برای گیاهان(پس کرایه ),,1850000,171296.2962962963,10.8,True,https://basalam.com/cat/tools/%D8%AE%D8%A7%DA%A9-%DA%A9%D9%88%D8%AF-%D8%B3%D9%85%D9%88%D9%85?page=116
کود ماده آلی (پس کرایه),,900000,45000.0,20.0,True,https://basalam.com/cat/tools/%D8%AE%D8%A7%DA%A9-%DA%A9%D9%88%D8%AF-%D8%B3%D9%85%D9%88%D9%85?page=116
کود کاکتوس پوکون هلند,,300000,1200000.0,0.25,True,https://basalam.com/cat/tools/%D8%AE%D8%A7%DA%A9-%DA%A9%D9%88%D8%AF-%D8%B3%D9%85%D9%88%D9%85?page=116
بهترین کود مایع گندم و جو برای رشد و افزایش تناژ (پس کرایه),,2678400,133920.0,20.0,True,https://basalam.com/cat/tools/%D8%AE%D8%A7%DA%A9-%DA%A9%D9%88%D8%AF-%D8%B3%D9%85%D9%88%D9%85?page=116
کود درشتی میوه محصولات زراعی گلخانه ای آمریکایی (پس کرایه ),,1978500,98925.0,20.0,True,https://basalam.com/cat/tools/%D8%AE%D8%A7%DA%A9-%DA%A9%D9%88%D8%AF-%D8%B3%D9%85%D9%88%D9%85?page=116
کود آمینواسید شوک 80 درصد اصل بیست لیتری (پس کرایه),,2037300,101865.0,20.0,True,https://basalam.com/cat/tools/%D8%AE%D8%A7%DA%A9-%DA%A9%D9%88%D8%AF-%D8%B3%D9%85%D9%88%D9%85?page=116
کود کامل 10X شوک اصل آمریکایی گالن بیست لیتری (پس کرایه),,2710400,135520.0,20.0,True,https://basalam.com/cat/tools/%D8%AE%D8%A7%DA%A9-%DA%A9%D9%88%D8%AF-%D8%B3%D9%85%D9%88%D9%85?page=116
کود مخصوص درخت گردو شوک اصل آمریکایی بیست لیتری (پس کرایه),,2318400,115920.0,20.0,True,https://basalam.com/cat/tools/%D8%AE%D8%A7%DA%A9-%DA%A9%D9%88%D8%AF-%D8%B3%D9%85%D9%88%D9%85?page=116
کود مخصوص گیاهان آپارتمانی شوک آمریکایی یک لیتری (بمب رشد گیاهان) (پس کرایه),,295100,295100.0,1.0,True,https://basalam.com/cat/tools/%D8%AE%D8%A7%DA%A9-%DA%A9%D9%88%D8%AF-%D8%B3%D9%85%D9%88%D9%85?page=116
کود مخصوص زاموفیلیا شوک گالن پنج لیتری (پس کرایه),,562100,112420.0,5.0,True,https://basalam.com/cat/tools/%D8%AE%D8%A7%DA%A9-%DA%A9%D9%88%D8%AF-%D8%B3%D9%85%D9%88%D9%85?page=116
کود پتاس بالا مایع 60 درصد شوک اصل آمریکایی یک لیتری (پس کرایه),,281000,281000.0,1.0,True,https://basalam.com/cat/tools/%D8%AE%D8%A7%DA%A9-%DA%A9%D9%88%D8%AF-%D8%B3%D9%85%D9%88%D9%85?page=116
کود ده ایکس گلد(10X GOLD) مایع شوک یک لیتری (پس کرایه),,483000,483000.0,1.0,True,https://basalam.com/cat/tools/%D8%AE%D8%A7%DA%A9-%DA%A9%D9%88%D8%AF-%D8%B3%D9%85%D9%88%D9%85?page=117
کود مخصوص رنگ آوری گوجه فرنگی شوک آمریکایی یک لیتری (پس کرایه),,281000,281000.0,1.0,True,https://basalam.com/cat/tools/%D8%AE%D8%A7%DA%A9-%DA%A9%D9%88%D8%AF-%D8%B3%D9%85%D9%88%D9%85?page=117
کود کامل NPK ریشه زا 10.52.10 شوک آمریکایی فسفر بالا (پس کرایه),,323100,323100.0,1.0,True,https://basalam.com/cat/tools/%D8%AE%D8%A7%DA%A9-%DA%A9%D9%88%D8%AF-%D8%B3%D9%85%D9%88%D9%85?page=117
کود کامل 10X شوک اصل آمریکایی حجم پنج لیتری (کاملترین کود) (پس کرایه),,1180300,236060.0,5.0,True,https://basalam.com/cat/tools/%D8%AE%D8%A7%DA%A9-%DA%A9%D9%88%D8%AF-%D8%B3%D9%85%D9%88%D9%85?page=117
کود کامل NPK ریشه زایی 10.52.10 شوک آمریکایی فسفر بالا (پس کرایه),,2810100,140505.0,20.0,True,https://basalam.com/cat/tools/%D8%AE%D8%A7%DA%A9-%DA%A9%D9%88%D8%AF-%D8%B3%D9%85%D9%88%D9%85?page=117
کود کامل 10 ایکس شوک اصل پنج لیتری (پس کرایه),,1034800,206960.0,5.0,True,https://basalam.com/cat/tools/%D8%AE%D8%A7%DA%A9-%DA%A9%D9%88%D8%AF-%D8%B3%D9%85%D9%88%D9%85?page=117
کود فسفر بالا 90 درصد بمب اصل بیست لیتری (پس کرایه),,3384400,169220.0,20.0,True,https://basalam.com/cat/tools/%D8%AE%D8%A7%DA%A9-%DA%A9%D9%88%D8%AF-%D8%B3%D9%85%D9%88%D9%85?page=117
گل و گیاه آپارتمانی اگلونما سفیدبرفی,,98000,98000.0,1.0,True,https://basalam.com/cat/tools/%D8%AE%D8%A7%DA%A9-%DA%A9%D9%88%D8%AF-%D8%B3%D9%85%D9%88%D9%85?page=117
کود مایع الی اورگوماکس (پس کرایه),,1100000,55000.0,20.0,True,https://basalam.com/cat/tools/%D8%AE%D8%A7%DA%A9-%DA%A9%D9%88%D8%AF-%D8%B3%D9%85%D9%88%D9%85?page=118
کود کامل پودری ریزمغذی سوپر سوئینگ جنوبگان حجم یک کیلوگرم,,285000,271428.5714285714,1.05,True,https://basalam.com/cat/tools/%D8%AE%D8%A7%DA%A9-%DA%A9%D9%88%D8%AF-%D8%B3%D9%85%D9%88%D9%85?page=118
پرلیت اصلی متوسط دانه ریشه زایی و گلکنترل رطوبت,,40000,40000.0,1.0,True,https://basalam.com/cat/tools/%D8%AE%D8%A7%DA%A9-%DA%A9%D9%88%D8%AF-%D8%B3%D9%85%D9%88%D9%85?page=118
کود جلبک دریایی درجه یک,,99000,24750.0,4.0,True,https://basalam.com/cat/tools/%D8%AE%D8%A7%DA%A9-%DA%A9%D9%88%D8%AF-%D8%B3%D9%85%D9%88%D9%85?page=118
کود گلدهی حاصلخیز پودر 200گرمی با فناوری XGreen  تقویت گلدهی و میوه دهی با کیفیت عالی,,248400,1242000.0,0.2,True,https://basalam.com/cat/tools/%D8%AE%D8%A7%DA%A9-%DA%A9%D9%88%D8%AF-%D8%B3%D9%85%D9%88%D9%85?page=118
کود جلبک دریایی,,92000,460000.0,0.2,True,https://basalam.com/cat/tools/%D8%AE%D8%A7%DA%A9-%DA%A9%D9%88%D8%AF-%D8%B3%D9%85%D9%88%D9%85?page=118
کود آمینو اسید گیلدا مدل بنامید وزن 15 گرم,,256000,2560000.0,0.1,True,https://basalam.com/cat/tools/%D8%AE%D8%A7%DA%A9-%DA%A9%D9%88%D8%AF-%D8%B3%D9%85%D9%88%D9%85?page=118
کود ریشه زا راز گل ها(حاوی باکتری باسیلوس) حجم 30 میلی لیتر,,110000,3142857.1428571427,0.035,True,https://basalam.com/cat/tools/%D8%AE%D8%A7%DA%A9-%DA%A9%D9%88%D8%AF-%D8%B3%D9%85%D9%88%D9%85?page=118
کود جلبک دریایی راز گل ها (حجم 30 میلی),,110000,2750000.0,0.04,True,https://basalam.com/cat/tools/%D8%AE%D8%A7%DA%A9-%DA%A9%D9%88%D8%AF-%D8%B3%D9%85%D9%88%D9%85?page=118
کود مایع ضد شوک و تنش محیطی گیلدا مدل FREEZBON حجم 30 میلی لیتر,,256000,2560000.0,0.1,True,https://basalam.com/cat/tools/%D8%AE%D8%A7%DA%A9-%DA%A9%D9%88%D8%AF-%D8%B3%D9%85%D9%88%D9%85?page=118
بذر لیتوپس میکس  طرح و رنگ گیاه متفاوت بسته صد عددی,,38000,38000000.0,0.001,True,https://basalam.com/cat/tools/%D8%AE%D8%A7%DA%A9-%DA%A9%D9%88%D8%AF-%D8%B3%D9%85%D9%88%D9%85?page=118
کود کلات آهن افزایش سبزینگی گیلدا مدل Fe6%-EDDHA وزن 20 گرم,,256000,2560000.0,0.1,True,https://basalam.com/cat/tools/%D8%AE%D8%A7%DA%A9-%DA%A9%D9%88%D8%AF-%D8%B3%D9%85%D9%88%D9%85?page=118
کود فسفر بالا یا 105210 مقدار 30گرم پس کرایه,,35000,1166666.6666666667,0.03,True,https://basalam.com/cat/tools/%D8%AE%D8%A7%DA%A9-%DA%A9%D9%88%D8%AF-%D8%B3%D9%85%D9%88%D9%85?page=118
کود امینواسید جلبک دریایی زاموفیلیا هیومیک اسید,,70000,350000.0,0.2,True,https://basalam.com/cat/tools/%D8%AE%D8%A7%DA%A9-%DA%A9%D9%88%D8%AF-%D8%B3%D9%85%D9%88%D9%85?page=118
کود عصاره جلبک دریایی ویتا ایکس گرین با حجم 250 سی سی,,175000,700000.0,0.25,True,https://basalam.com/cat/tools/%D8%AE%D8%A7%DA%A9-%DA%A9%D9%88%D8%AF-%D8%B3%D9%85%D9%88%D9%85?page=118
دیفن باخیا دور سفید زیبا و جذاب,,299000,119600.0,2.5,True,https://basalam.com/cat/tools/%D8%AE%D8%A7%DA%A9-%DA%A9%D9%88%D8%AF-%D8%B3%D9%85%D9%88%D9%85?page=118
گل لاکچری ارکیده جواهر هزینه ارسال بصورت پس کرایه و بعهده مشتری می باشد,,400000,200000.0,2.0,True,https://basalam.com/cat/tools/%D8%AE%D8%A7%DA%A9-%DA%A9%D9%88%D8%AF-%D8%B3%D9%85%D9%88%D9%85?page=118
گل بسیار لاکچری و زیبای آگلونما لاوان هزینه ارسال بصورت پس کرایه و بعهده مشتری می باشد,,480000,240000.0,2.0,True,https://basalam.com/cat/tools/%D8%AE%D8%A7%DA%A9-%DA%A9%D9%88%D8%AF-%D8%B3%D9%85%D9%88%D9%85?page=118
کود تقویتی فسفیت پتاسیم هپی پلنت مدل HP497 حجم 120 میلی لیتر,,45000,450000.0,0.1,True,https://basalam.com/cat/tools/%D8%AE%D8%A7%DA%A9-%DA%A9%D9%88%D8%AF-%D8%B3%D9%85%D9%88%D9%85?page=119
کود تقویتی مخصوص گوجه فرنگی هپی پلنت مدل HP311 حجم 120 میلی لیتر,,45000,450000.0,0.1,True,https://basalam.com/cat/tools/%D8%AE%D8%A7%DA%A9-%DA%A9%D9%88%D8%AF-%D8%B3%D9%85%D9%88%D9%85?page=119
کود تقویتی مخصوص توت فرنگی هپی پلنت مدل HP412 حجم 120 میلی لیتر,,45000,450000.0,0.1,True,https://basalam.com/cat/tools/%D8%AE%D8%A7%DA%A9-%DA%A9%D9%88%D8%AF-%D8%B3%D9%85%D9%88%D9%85?page=119
کود تقویتی مخصوص درخت به هپی پلنت مدل HP454 حجم 120 میلی لیتر,,45000,450000.0,0.1,True,https://basalam.com/cat/tools/%D8%AE%D8%A7%DA%A9-%DA%A9%D9%88%D8%AF-%D8%B3%D9%85%D9%88%D9%85?page=119
کود تقویتی گیاهان آپارتمانی هپی پلنت مدل 20-20-20 وزن 25 گرم,,45000,450000.0,0.1,True,https://basalam.com/cat/tools/%D8%AE%D8%A7%DA%A9-%DA%A9%D9%88%D8%AF-%D8%B3%D9%85%D9%88%D9%85?page=119
کود تقویتی سه بیست مایع هپی پلنت مدل 20-20-20 حجم 60 میلی لیتر,,41000,410000.0,0.1,True,https://basalam.com/cat/tools/%D8%AE%D8%A7%DA%A9-%DA%A9%D9%88%D8%AF-%D8%B3%D9%85%D9%88%D9%85?page=119
کود مایع محرک ریشه زایی مدل Mpower حجم 120 میلی لیتر بسته دو عددی,,85000,850000.0,0.1,True,https://basalam.com/cat/tools/%D8%AE%D8%A7%DA%A9-%DA%A9%D9%88%D8%AF-%D8%B3%D9%85%D9%88%D9%85?page=119
کود مایع مولتی مخصوص گلدهی گلبان کود مدل Multi Flower حجم 100 میلی لیتر بسته دو عددی,,49000,490000.0,0.1,True,https://basalam.com/cat/tools/%D8%AE%D8%A7%DA%A9-%DA%A9%D9%88%D8%AF-%D8%B3%D9%85%D9%88%D9%85?page=119
کود مایع محرک رشد آشیانتوس مدل Mpower حجم 120 میلی لیتر بسته سه عددی,,119000,1190000.0,0.1,True,https://basalam.com/cat/tools/%D8%AE%D8%A7%DA%A9-%DA%A9%D9%88%D8%AF-%D8%B3%D9%85%D9%88%D9%85?page=119
کود مایع محرک رشد پاپیتال مدل Mpower حجم 120 میلی لیتر بسته سه عددی,,109000,1090000.0,0.1,True,https://basalam.com/cat/tools/%D8%AE%D8%A7%DA%A9-%DA%A9%D9%88%D8%AF-%D8%B3%D9%85%D9%88%D9%85?page=119
کود مایع مرکب مدل 06 حجم 120 میلی لیتر,,45000,450000.0,0.1,True,https://basalam.com/cat/tools/%D8%AE%D8%A7%DA%A9-%DA%A9%D9%88%D8%AF-%D8%B3%D9%85%D9%88%D9%85?page=119
کود مایع محرک رشد بونسای مدل Super power حجم 120 میلی لیتر بسته دو عددی,,49000,490000.0,0.1,True,https://basalam.com/cat/tools/%D8%AE%D8%A7%DA%A9-%DA%A9%D9%88%D8%AF-%D8%B3%D9%85%D9%88%D9%85?page=119
کود ضد یخ و سرمازدگی هپی پلنت مدل HP805 حجم 120 میلی لیتر,,41000,410000.0,0.1,True,https://basalam.com/cat/tools/%D8%AE%D8%A7%DA%A9-%DA%A9%D9%88%D8%AF-%D8%B3%D9%85%D9%88%D9%85?page=119
کود تقویتی مخصوص فیکوس هپی پلنت مدل HP64 حجم 120 میلی لیتر,,45000,450000.0,0.1,True,https://basalam.com/cat/tools/%D8%AE%D8%A7%DA%A9-%DA%A9%D9%88%D8%AF-%D8%B3%D9%85%D9%88%D9%85?page=119
کود تقویتی مخصوص درخت فندق هپی پلنت مدل HP456 حجم 120 میلی لیتر,,45000,450000.0,0.1,True,https://basalam.com/cat/tools/%D8%AE%D8%A7%DA%A9-%DA%A9%D9%88%D8%AF-%D8%B3%D9%85%D9%88%D9%85?page=119
کود تقویتی مخصوص درخت انگور هپی پلنت مدل HP422 حجم 120 میلی لیتر,,45000,450000.0,0.1,True,https://basalam.com/cat/tools/%D8%AE%D8%A7%DA%A9-%DA%A9%D9%88%D8%AF-%D8%B3%D9%85%D9%88%D9%85?page=119
کود تقویتی مخصوص گل پپرومیا هپی پلنت مدل HP987 حجم 120 میلی لیتر,,45000,450000.0,0.1,True,https://basalam.com/cat/tools/%D8%AE%D8%A7%DA%A9-%DA%A9%D9%88%D8%AF-%D8%B3%D9%85%D9%88%D9%85?page=119
کود فروت ست هپی پلنت مدل HP505 حجم 60 میلی لیتر,,41000,410000.0,0.1,True,https://basalam.com/cat/tools/%D8%AE%D8%A7%DA%A9-%DA%A9%D9%88%D8%AF-%D8%B3%D9%85%D9%88%D9%85?page=119
کود مولتی کود برگ دهی و ریشه زایی مدل MF1 حجم 120 میلی متر بسته سه عددی,,69000,690000.0,0.1,True,https://basalam.com/cat/tools/%D8%AE%D8%A7%DA%A9-%DA%A9%D9%88%D8%AF-%D8%B3%D9%85%D9%88%D9%85?page=119
کود مایع مولتی شمعدانی کد Pak حجم 120 میلی لیتر بسته 8 عددی,,209000,2090000.0,0.1,True,https://basalam.com/cat/tools/%D8%AE%D8%A7%DA%A9-%DA%A9%D9%88%D8%AF-%D8%B3%D9%85%D9%88%D9%85?page=119
کود مایع محرک رشد بامبو مدل Super power حجم 120 میلی لیتر بسته دو عددی,,85000,850000.0,0.1,True,https://basalam.com/cat/tools/%D8%AE%D8%A7%DA%A9-%DA%A9%D9%88%D8%AF-%D8%B3%D9%85%D9%88%D9%85?page=119
کود مایع کامل دیوار سبز مدل 2022 حجم 250 میلی لیتر بسته سه عددی,,109000,1090000.0,0.1,True,https://basalam.com/cat/tools/%D8%AE%D8%A7%DA%A9-%DA%A9%D9%88%D8%AF-%D8%B3%D9%85%D9%88%D9%85?page=119
کود مایع سانسوریا مدل Abadi003 حجم 120 میلی لیتر,,45000,450000.0,0.1,True,https://basalam.com/cat/tools/%D8%AE%D8%A7%DA%A9-%DA%A9%D9%88%D8%AF-%D8%B3%D9%85%D9%88%D9%85?page=119
کود مایع دیفن باخیا مدل Easy to Use حجم 120 میلی لیتر بسته دو عددی,,49000,490000.0,0.1,True,https://basalam.com/cat/tools/%D8%AE%D8%A7%DA%A9-%DA%A9%D9%88%D8%AF-%D8%B3%D9%85%D9%88%D9%85?page=119
کود تقویتی مخصوص بنجامین هپی پلنت مدل HP34 حجم 120 میلی لیتر,,45000,450000.0,0.1,True,https://basalam.com/cat/tools/%D8%AE%D8%A7%DA%A9-%DA%A9%D9%88%D8%AF-%D8%B3%D9%85%D9%88%D9%85?page=119
کود تقویتی مخصوص برگ بیدی هپی پلنت مدل HP61 حجم 120 میلی لیتر,,45000,450000.0,0.1,True,https://basalam.com/cat/tools/%D8%AE%D8%A7%DA%A9-%DA%A9%D9%88%D8%AF-%D8%B3%D9%85%D9%88%D9%85?page=119
کود تقویتی مخصوص کروتون هپی پلنت مدل HP112 حجم 120 میلی لیتر,,45000,450000.0,0.1,True,https://basalam.com/cat/tools/%D8%AE%D8%A7%DA%A9-%DA%A9%D9%88%D8%AF-%D8%B3%D9%85%D9%88%D9%85?page=119
کود تقویتی مخصوص لیندا هپی پلنت مدل HP113 حجم 120 میلی لیتر,,45000,450000.0,0.1,True,https://basalam.com/cat/tools/%D8%AE%D8%A7%DA%A9-%DA%A9%D9%88%D8%AF-%D8%B3%D9%85%D9%88%D9%85?page=119
کود تقویتی مخصوص بنت قنسول هپی پلنت مدل HP303 حجم 120 میلی لیتر,,45000,450000.0,0.1,True,https://basalam.com/cat/tools/%D8%AE%D8%A7%DA%A9-%DA%A9%D9%88%D8%AF-%D8%B3%D9%85%D9%88%D9%85?page=119
کود مایع برگ دهی زاموفیلیا و پتوس و مولتی کود و هیومیک مدل A حجم 120 میلی لیتر بسته 8 عددی,,209000,2090000.0,0.1,True,https://basalam.com/cat/tools/%D8%AE%D8%A7%DA%A9-%DA%A9%D9%88%D8%AF-%D8%B3%D9%85%D9%88%D9%85?page=119
کود مایع مرکب مخصوص برگ بو مدل Z02 حجم 120 میلی لیتر,,45000,450000.0,0.1,True,https://basalam.com/cat/tools/%D8%AE%D8%A7%DA%A9-%DA%A9%D9%88%D8%AF-%D8%B3%D9%85%D9%88%D9%85?page=119
کود مایع محرک رشد برگ عبایی مدل Super power حجم 120 میلی لیتر بسته دو عددی,,49000,490000.0,0.1,True,https://basalam.com/cat/tools/%D8%AE%D8%A7%DA%A9-%DA%A9%D9%88%D8%AF-%D8%B3%D9%85%D9%88%D9%85?page=119
کود مایع قطره چکانی شمعدانی گلبان کود مدل Fast growth حجم 300 میلی لیتر بسته سه عددی,,69000,690000.0,0.1,True,https://basalam.com/cat/tools/%D8%AE%D8%A7%DA%A9-%DA%A9%D9%88%D8%AF-%D8%B3%D9%85%D9%88%D9%85?page=119
کود مایع مخصوص کاکتوس هپی پلنت مدل HP28 حجم 420 میلی لیتر,,85000,850000.0,0.1,True,https://basalam.com/cat/tools/%D8%AE%D8%A7%DA%A9-%DA%A9%D9%88%D8%AF-%D8%B3%D9%85%D9%88%D9%85?page=119
کود تقویتی مخصوص گل غوره ای هپی پلنت مدل HP331 حجم 120 میلی لیتر,,39000,390000.0,0.1,True,https://basalam.com/cat/tools/%D8%AE%D8%A7%DA%A9-%DA%A9%D9%88%D8%AF-%D8%B3%D9%85%D9%88%D9%85?page=119
کود مایع مولتی مخصوص دیفن باخیا مدل Multi Difen حجم 100 میلی لیتر بسته دو عددی,,95000,950000.0,0.1,True,https://basalam.com/cat/tools/%D8%AE%D8%A7%DA%A9-%DA%A9%D9%88%D8%AF-%D8%B3%D9%85%D9%88%D9%85?page=119
کود مولتی کود کامل و اسید آمینه و هیومیک اسید کد 04 حجم 120 میلی لیتر بسته سه عددی,,69000,690000.0,0.1,True,https://basalam.com/cat/tools/%D8%AE%D8%A7%DA%A9-%DA%A9%D9%88%D8%AF-%D8%B3%D9%85%D9%88%D9%85?page=119
کود مایع مولتی گیاهان آپارتمانی گلبان کود مدل Multi 01 حجم 100 میلی لیتر بسته دو عددی,,69000,690000.0,0.1,True,https://basalam.com/cat/tools/%D8%AE%D8%A7%DA%A9-%DA%A9%D9%88%D8%AF-%D8%B3%D9%85%D9%88%D9%85?page=119
کود سانسوریا و زاموفیلیا و پتوس کد 10 حجم 100 میلی لیتر بسته سه عددی,,109000,1090000.0,0.1,True,https://basalam.com/cat/tools/%D8%AE%D8%A7%DA%A9-%DA%A9%D9%88%D8%AF-%D8%B3%D9%85%D9%88%D9%85?page=119
کود مایع هورمون رشدسانسوریاکراواتی ابلق مدل Mpower حجم 120 میلی لیتر بسته سه عددی,,109000,1090000.0,0.1,True,https://basalam.com/cat/tools/%D8%AE%D8%A7%DA%A9-%DA%A9%D9%88%D8%AF-%D8%B3%D9%85%D9%88%D9%85?page=119
کود مایع عناصر میکرو مدل 10 52 10 حجم 120 میلی لیتر بسته دو عددی,,49000,490000.0,0.1,True,https://basalam.com/cat/tools/%D8%AE%D8%A7%DA%A9-%DA%A9%D9%88%D8%AF-%D8%B3%D9%85%D9%88%D9%85?page=119
کود کامل مایع گل برگ عبایی مدل A31 حجم 120 میلی لیتر,,45000,450000.0,0.1,True,https://basalam.com/cat/tools/%D8%AE%D8%A7%DA%A9-%DA%A9%D9%88%D8%AF-%D8%B3%D9%85%D9%88%D9%85?page=119
کود کامل مایع برگ انجیری مدل رویش پلاس 14 حجم 120 میلی لیتر,,45000,450000.0,0.1,True,https://basalam.com/cat/tools/%D8%AE%D8%A7%DA%A9-%DA%A9%D9%88%D8%AF-%D8%B3%D9%85%D9%88%D9%85?page=120
کود مایع مکمل رشد تراریوم مدل Super Power 11 حجم 120 میلی لیتر,,45000,450000.0,0.1,True,https://basalam.com/cat/tools/%D8%AE%D8%A7%DA%A9-%DA%A9%D9%88%D8%AF-%D8%B3%D9%85%D9%88%D9%85?page=120
کود مایع کامل و تقویت کننده دراسنا کامپکت مدل BRG21 حجم 120 میلی لیتر,,45000,450000.0,0.1,True,https://basalam.com/cat/tools/%D8%AE%D8%A7%DA%A9-%DA%A9%D9%88%D8%AF-%D8%B3%D9%85%D9%88%D9%85?page=120
کود مایع مولتی مخصوص زاموفیلیا گلبان کود مدل Multi Zamo حجم 100 میلی لیتر,,45000,450000.0,0.1,True,https://basalam.com/cat/tools/%D8%AE%D8%A7%DA%A9-%DA%A9%D9%88%D8%AF-%D8%B3%D9%85%D9%88%D9%85?page=120
کود مایع گیاه آپارتمانی مدل Behin06 حجم 120 میلی لیتری,,45000,450000.0,0.1,True,https://basalam.com/cat/tools/%D8%AE%D8%A7%DA%A9-%DA%A9%D9%88%D8%AF-%D8%B3%D9%85%D9%88%D9%85?page=120
کود مایع کامل ارگانیک غنی شده ویژه فیلوندرون اسکاندیس مدل OrgaFerti حجم 120 میلی لیتر,,45000,450000.0,0.1,True,https://basalam.com/cat/tools/%D8%AE%D8%A7%DA%A9-%DA%A9%D9%88%D8%AF-%D8%B3%D9%85%D9%88%D9%85?page=120
کود مایع کامل ارگانیک غنی شده ویژه شفلرا ابلق مدل OrgaFerti حجم 120 میلی لیتر,,45000,450000.0,0.1,True,https://basalam.com/cat/tools/%D8%AE%D8%A7%DA%A9-%DA%A9%D9%88%D8%AF-%D8%B3%D9%85%D9%88%D9%85?page=120
کود مایع مرکب مدل 31 حجم 120 میلی لیتر,,45000,450000.0,0.1,True,https://basalam.com/cat/tools/%D8%AE%D8%A7%DA%A9-%DA%A9%D9%88%D8%AF-%D8%B3%D9%85%D9%88%D9%85?page=120
کود مایع کامل ارگانیک غنی شده ویژه نخل اریکا مدل OrgaFerti حجم 120 میلی لیتر,,45000,450000.0,0.1,True,https://basalam.com/cat/tools/%D8%AE%D8%A7%DA%A9-%DA%A9%D9%88%D8%AF-%D8%B3%D9%85%D9%88%D9%85?page=120
کود مایع مولتی کود آنتوریوم مدل 12 حجم 120 میلی لیتر,,45000,450000.0,0.1,True,https://basalam.com/cat/tools/%D8%AE%D8%A7%DA%A9-%DA%A9%D9%88%D8%AF-%D8%B3%D9%85%D9%88%D9%85?page=120
کود مایع مکمل رشد گیاه گل کاغذی مدل Super Power 22 حجم 120 میلی لیتر,,45000,450000.0,0.1,True,https://basalam.com/cat/tools/%D8%AE%D8%A7%DA%A9-%DA%A9%D9%88%D8%AF-%D8%B3%D9%85%D9%88%D9%85?page=120
کود مایع کامل ارگانیک غنی شده حاوی اسیدآمینه مدل OrgaFerti حجم 120 میلی لیتر,,45000,450000.0,0.1,True,https://basalam.com/cat/tools/%D8%AE%D8%A7%DA%A9-%DA%A9%D9%88%D8%AF-%D8%B3%D9%85%D9%88%D9%85?page=120
کود مایع کامل ارگانیک غنی شده ویژه فردوس سینادیوم مدل OrgaFerti حجم 120 میلی لیتر,,45000,450000.0,0.1,True,https://basalam.com/cat/tools/%D8%AE%D8%A7%DA%A9-%DA%A9%D9%88%D8%AF-%D8%B3%D9%85%D9%88%D9%85?page=120
کود کامل گل اشک تمساح مدل Temsah حجم 120 میلی لیتر,,45000,450000.0,0.1,True,https://basalam.com/cat/tools/%D8%AE%D8%A7%DA%A9-%DA%A9%D9%88%D8%AF-%D8%B3%D9%85%D9%88%D9%85?page=120
کود کامل گل یلدا بنت قنسول مدل Yalda حجم 120 میلی لیتر,,45000,450000.0,0.1,True,https://basalam.com/cat/tools/%D8%AE%D8%A7%DA%A9-%DA%A9%D9%88%D8%AF-%D8%B3%D9%85%D9%88%D9%85?page=120
کود کامل انواع گل آگلونما مدل َAglo حجم 120 میلی لیتر,,45000,450000.0,0.1,True,https://basalam.com/cat/tools/%D8%AE%D8%A7%DA%A9-%DA%A9%D9%88%D8%AF-%D8%B3%D9%85%D9%88%D9%85?page=120
کود گل نماتانتوس مدل A65 حجم 120 میلی لیتر,,45000,450000.0,0.1,True,https://basalam.com/cat/tools/%D8%AE%D8%A7%DA%A9-%DA%A9%D9%88%D8%AF-%D8%B3%D9%85%D9%88%D9%85?page=120
کود کامل پتوس مدل A13 حجم 120 میلی لیتر,,45000,450000.0,0.1,True,https://basalam.com/cat/tools/%D8%AE%D8%A7%DA%A9-%DA%A9%D9%88%D8%AF-%D8%B3%D9%85%D9%88%D9%85?page=120
کود مایع اسید هیومیک کد Pak حجم 120 میلی لیتر بسته 8 عددی,,209000,2090000.0,0.1,True,https://basalam.com/cat/tools/%D8%AE%D8%A7%DA%A9-%DA%A9%D9%88%D8%AF-%D8%B3%D9%85%D9%88%D9%85?page=120
کود حسن یوسف و سه بیست و هیومیک و آهن کد A04 حجم 120 میلی لیتر بسته 4 عددی,,109000,1090000.0,0.1,True,https://basalam.com/cat/tools/%D8%AE%D8%A7%DA%A9-%DA%A9%D9%88%D8%AF-%D8%B3%D9%85%D9%88%D9%85?page=120
کود مایع فسفر بالا مخصوص ریشه زایی مدل 2022 حجم 120 میلی لیتر بسته سه عددی,,109000,1090000.0,0.1,True,https://basalam.com/cat/tools/%D8%AE%D8%A7%DA%A9-%DA%A9%D9%88%D8%AF-%D8%B3%D9%85%D9%88%D9%85?page=120
کود مایع بنت القنسول مدل Super power حجم 120 میلی لیتر بسته دو عددی,,82000,820000.0,0.1,True,https://basalam.com/cat/tools/%D8%AE%D8%A7%DA%A9-%DA%A9%D9%88%D8%AF-%D8%B3%D9%85%D9%88%D9%85?page=120
کود کامل مایع مخصوص پتوس مدل A33 حجم 120 میلی لیتر بسته 8 عددی,,209000,2090000.0,0.1,True,https://basalam.com/cat/tools/%D8%AE%D8%A7%DA%A9-%DA%A9%D9%88%D8%AF-%D8%B3%D9%85%D9%88%D9%85?page=120
کود مایع کامل ارگانیک غنی شده ویژه برگ خنجری مدل OrgaFerti حجم 120 میلی لیتر,,43000,430000.0,0.1,True,https://basalam.com/cat/tools/%D8%AE%D8%A7%DA%A9-%DA%A9%D9%88%D8%AF-%D8%B3%D9%85%D9%88%D9%85?page=120
کود مایع مولتی کود ژربرا مدل Beh19 حجم 120 میلی لیتر,,45000,450000.0,0.1,True,https://basalam.com/cat/tools/%D8%AE%D8%A7%DA%A9-%DA%A9%D9%88%D8%AF-%D8%B3%D9%85%D9%88%D9%85?page=120
کود تقویتی مخصوص نارون هپی پلنت مدل HP862 حجم 120 میلی لیتر,,39000,390000.0,0.1,True,https://basalam.com/cat/tools/%D8%AE%D8%A7%DA%A9-%DA%A9%D9%88%D8%AF-%D8%B3%D9%85%D9%88%D9%85?page=120
کود تقویتی مخصوص درخت انبه هپی پلنت مدل HP420 حجم 120 میلی لیتر,,45000,450000.0,0.1,True,https://basalam.com/cat/tools/%D8%AE%D8%A7%DA%A9-%DA%A9%D9%88%D8%AF-%D8%B3%D9%85%D9%88%D9%85?page=120
کود تقویتی مخصوص درخت توت هپی پلنت مدل HP427 حجم 120 میلی لیتر,,45000,450000.0,0.1,True,https://basalam.com/cat/tools/%D8%AE%D8%A7%DA%A9-%DA%A9%D9%88%D8%AF-%D8%B3%D9%85%D9%88%D9%85?page=120
کود مایع اسید هیومیک مدل Bahar28 حجم 120 میلی لیتر,,45000,450000.0,0.1,True,https://basalam.com/cat/tools/%D8%AE%D8%A7%DA%A9-%DA%A9%D9%88%D8%AF-%D8%B3%D9%85%D9%88%D9%85?page=120
کود کامل 36 12 12 وانوما با عناصر ماکرو و میکرو ده کیلویی,,2950000,295000.0,10.0,True,https://basalam.com/cat/tools/%D8%AE%D8%A7%DA%A9-%DA%A9%D9%88%D8%AF-%D8%B3%D9%85%D9%88%D9%85?page=120
کود افزایش سبزینگی و تقویت عمومی گیلدا کد Fe10 وزن 25 گرم,,256000,2560000.0,0.1,True,https://basalam.com/cat/tools/%D8%AE%D8%A7%DA%A9-%DA%A9%D9%88%D8%AF-%D8%B3%D9%85%D9%88%D9%85?page=120
کود کامل پتاس بالای گلدهی و رشد زایشی 50-3-3 همراه با عناصر ریزمغذی جهت گلدهی گیاهان زینتی و آپارتمانی,,45000,300000.0,0.15,True,https://basalam.com/cat/tools/%D8%AE%D8%A7%DA%A9-%DA%A9%D9%88%D8%AF-%D8%B3%D9%85%D9%88%D9%85?page=120
کود فروت ست همراه با فولویک اسید و آمینو اسید گرومور آمریکا حجم یک کیلوگرم,,1300000,1300000.0,1.0,True,https://basalam.com/cat/tools/%D8%AE%D8%A7%DA%A9-%DA%A9%D9%88%D8%AF-%D8%B3%D9%85%D9%88%D9%85?page=120
پک 3 تایی کود مناسب بنفشه آفریقایی (هیومیک و آهن - 20 20 20 - بنفشه آفریقایی),,109000,218000.0,0.5,True,https://basalam.com/cat/tools/%D8%AE%D8%A7%DA%A9-%DA%A9%D9%88%D8%AF-%D8%B3%D9%85%D9%88%D9%85?page=125
کود مایع تقویتی 20 20 20 (حجم 90 میلی لیتر),,38800,323333.3333333334,0.12,True,https://basalam.com/cat/tools/%D8%AE%D8%A7%DA%A9-%DA%A9%D9%88%D8%AF-%D8%B3%D9%85%D9%88%D9%85?page=125
کود کلات کلسیم پودری فرتی وان ایتالیا نیم کیلویی,,700000,1400000.0,0.5,True,https://basalam.com/cat/tools/%D8%AE%D8%A7%DA%A9-%DA%A9%D9%88%D8%AF-%D8%B3%D9%85%D9%88%D9%85?page=121
ریشه چوبک با کیفیت عالی بار امسالی و تازه(750 گرمی ),,392200,522933.3333333333,0.75,True,https://basalam.com/cat/tools/%D8%AE%D8%A7%DA%A9-%DA%A9%D9%88%D8%AF-%D8%B3%D9%85%D9%88%D9%85?page=125
افسنطین با کیفیت عالی بار امسالی و تازه(100 گرمی ),,203200,2032000.0,0.1,True,https://basalam.com/cat/tools/%D8%AE%D8%A7%DA%A9-%DA%A9%D9%88%D8%AF-%D8%B3%D9%85%D9%88%D9%85?page=125
گیاه خرفه با کیفیت عالی بار امسالی و تازه(200گرمی),,294700,1473500.0,0.2,True,https://basalam.com/cat/tools/%D8%AE%D8%A7%DA%A9-%DA%A9%D9%88%D8%AF-%D8%B3%D9%85%D9%88%D9%85?page=125
گیاه نعناع فلفلی با کیفیت عالی بار امسالی و تازه(750گرمی ),,903400,1204533.3333333333,0.75,True,https://basalam.com/cat/tools/%D8%AE%D8%A7%DA%A9-%DA%A9%D9%88%D8%AF-%D8%B3%D9%85%D9%88%D9%85?page=125
ریشه شیرین بیان (بدون پوست) با کیفیت عالی بار امسالی و تازه(250 گرمی),,231900,927600.0,0.25,True,https://basalam.com/cat/tools/%D8%AE%D8%A7%DA%A9-%DA%A9%D9%88%D8%AF-%D8%B3%D9%85%D9%88%D9%85?page=125
گیاه نعناع فلفلی با کیفیت عالی بار امسالی و تازه(150گرمی ),,268100,1787333.3333333335,0.15,True,https://basalam.com/cat/tools/%D8%AE%D8%A7%DA%A9-%DA%A9%D9%88%D8%AF-%D8%B3%D9%85%D9%88%D9%85?page=125
ریشه شیرین بیان (بدون پوست) با کیفیت عالی بار امسالی و تازه(200گرمی ),,230200,1151000.0,0.2,True,https://basalam.com/cat/tools/%D8%AE%D8%A7%DA%A9-%DA%A9%D9%88%D8%AF-%D8%B3%D9%85%D9%88%D9%85?page=125
برگ سنا با کیفیت عالی بار امسالی و تازه(200گرمی),,168700,843500.0,0.2,True,https://basalam.com/cat/tools/%D8%AE%D8%A7%DA%A9-%DA%A9%D9%88%D8%AF-%D8%B3%D9%85%D9%88%D9%85?page=125
ریشه شیرین بیان (بدون پوست) با کیفیت عالی بار امسالی و تازه,,48800,488000.0,0.1,True,https://basalam.com/cat/tools/%D8%AE%D8%A7%DA%A9-%DA%A9%D9%88%D8%AF-%D8%B3%D9%85%D9%88%D9%85?page=125
اکالیپتوس با کیفیت عالی بار امسالی و تازه(750 گرمی ),,374000,498666.6666666667,0.75,True,https://basalam.com/cat/tools/%D8%AE%D8%A7%DA%A9-%DA%A9%D9%88%D8%AF-%D8%B3%D9%85%D9%88%D9%85?page=125
گیاه مریم گلی با کیفیت عالی بار امسالی و تازه(250گرمی ),,266000,1064000.0,0.25,True,https://basalam.com/cat/tools/%D8%AE%D8%A7%DA%A9-%DA%A9%D9%88%D8%AF-%D8%B3%D9%85%D9%88%D9%85?page=125
گل بید مشک با کیفیت عالی بار امسالی و تازه(750 گرمی ),,794100,1058800.0,0.75,True,https://basalam.com/cat/tools/%D8%AE%D8%A7%DA%A9-%DA%A9%D9%88%D8%AF-%D8%B3%D9%85%D9%88%D9%85?page=125
اکالیپتوس با کیفیت عالی بار امسالی و تازه(500گرمی),,236000,472000.0,0.5,True,https://basalam.com/cat/tools/%D8%AE%D8%A7%DA%A9-%DA%A9%D9%88%D8%AF-%D8%B3%D9%85%D9%88%D9%85?page=121
گیاه مورد با کیفیت عالی بار امسالی و تازه(750گرمی),,328900,438533.3333333333,0.75,True,https://basalam.com/cat/tools/%D8%AE%D8%A7%DA%A9-%DA%A9%D9%88%D8%AF-%D8%B3%D9%85%D9%88%D9%85?page=121
گیاه جعفری با کیفیت عالی بار امسالی و تازه(750 گرمی ),,794100,1058800.0,0.75,True,https://basalam.com/cat/tools/%D8%AE%D8%A7%DA%A9-%DA%A9%D9%88%D8%AF-%D8%B3%D9%85%D9%88%D9%85?page=121
ریشه سنبل الطیب با کیفیت عالی بار امسالی و تازه(750گرمی),,2680600,3574133.333333333,0.75,True,https://basalam.com/cat/tools/%D8%AE%D8%A7%DA%A9-%DA%A9%D9%88%D8%AF-%D8%B3%D9%85%D9%88%D9%85?page=121
پوست اسفرزه با کیفیت عالی بار امسالی و تازه(250 گرمی),,700000,2800000.0,0.25,True,https://basalam.com/cat/tools/%D8%AE%D8%A7%DA%A9-%DA%A9%D9%88%D8%AF-%D8%B3%D9%85%D9%88%D9%85?page=121
کود ریشه زا 60 درصد هیومیک اسید وپروفرت,,760000,760000.0,1.0,True,https://basalam.com/cat/tools/%D8%AE%D8%A7%DA%A9-%DA%A9%D9%88%D8%AF-%D8%B3%D9%85%D9%88%D9%85?page=121
کود تکنیفول روبو- مس ترکیه ای(پس کرایه),,650000,650000.0,1.0,True,https://basalam.com/cat/tools/%D8%AE%D8%A7%DA%A9-%DA%A9%D9%88%D8%AF-%D8%B3%D9%85%D9%88%D9%85?page=121
کود مایع فروت ست,,650000,650000.0,1.0,True,https://basalam.com/cat/tools/%D8%AE%D8%A7%DA%A9-%DA%A9%D9%88%D8%AF-%D8%B3%D9%85%D9%88%D9%85?page=121
کود پتاس بالا (36-12-12) محصول آلمان - کود گلدهی,,85000,1062500.0,0.08,True,https://basalam.com/cat/tools/%D8%AE%D8%A7%DA%A9-%DA%A9%D9%88%D8%AF-%D8%B3%D9%85%D9%88%D9%85?page=121
کود تقویتی فسفربالا 10-52-10 GP ROOT مناسب برای پاجوش دهی و تقویت ریشه,,130000,866666.6666666667,0.15,True,https://basalam.com/cat/tools/%D8%AE%D8%A7%DA%A9-%DA%A9%D9%88%D8%AF-%D8%B3%D9%85%D9%88%D9%85?page=121
کود فول ست ( فروت ست ) کمپانی بمب آمریکایی مایع نانو یک لیتری,,400000,400000.0,1.0,True,https://basalam.com/cat/tools/%D8%AE%D8%A7%DA%A9-%DA%A9%D9%88%D8%AF-%D8%B3%D9%85%D9%88%D9%85?page=121
کود مخصوص پسته کمپانی بمب ( آمریکایی ) مایع پنج لیتری,,1500000,300000.0,5.0,True,https://basalam.com/cat/tools/%D8%AE%D8%A7%DA%A9-%DA%A9%D9%88%D8%AF-%D8%B3%D9%85%D9%88%D9%85?page=122
کود جلبک دریایی نیکوبذر,,25000,6250000.0,0.004,True,https://basalam.com/cat/tools/%D8%AE%D8%A7%DA%A9-%DA%A9%D9%88%D8%AF-%D8%B3%D9%85%D9%88%D9%85?page=122
کود نیترات کلسیم نیکوبذر,,25000,2500000.0,0.01,True,https://basalam.com/cat/tools/%D8%AE%D8%A7%DA%A9-%DA%A9%D9%88%D8%AF-%D8%B3%D9%85%D9%88%D9%85?page=122
کود هیومیک اسید پلاس نیکوبذر (گرم بالا),,49000,2450000.0,0.02,True,https://basalam.com/cat/tools/%D8%AE%D8%A7%DA%A9-%DA%A9%D9%88%D8%AF-%D8%B3%D9%85%D9%88%D9%85?page=122
کود گلدهی پتاس بالا پلاس 121236 نیکوبذر (گرم بالا),,49000,1225000.0,0.04,True,https://basalam.com/cat/tools/%D8%AE%D8%A7%DA%A9-%DA%A9%D9%88%D8%AF-%D8%B3%D9%85%D9%88%D9%85?page=122
گل گاو زبان با کیفیت عالی بار امسالی و تازه(50گرمی),,264500,5290000.0,0.05,True,https://basalam.com/cat/tools/%D8%AE%D8%A7%DA%A9-%DA%A9%D9%88%D8%AF-%D8%B3%D9%85%D9%88%D9%85?page=122
گیاه دم گیلاس با کیفیت عالی بار امسالی و تازه(500گرمی),,291500,583000.0,0.5,True,https://basalam.com/cat/tools/%D8%AE%D8%A7%DA%A9-%DA%A9%D9%88%D8%AF-%D8%B3%D9%85%D9%88%D9%85?page=122
گیاه بهار مرکبات پودر شده با کیفیت عالی بار امسالی و تازه(500گرمی ),,488250,976500.0,0.5,True,https://basalam.com/cat/tools/%D8%AE%D8%A7%DA%A9-%DA%A9%D9%88%D8%AF-%D8%B3%D9%85%D9%88%D9%85?page=122
گیاه زوفا با کیفیت عالی بار امسالی و تازه(50گرمی),,96200,1924000.0,0.05,True,https://basalam.com/cat/tools/%D8%AE%D8%A7%DA%A9-%DA%A9%D9%88%D8%AF-%D8%B3%D9%85%D9%88%D9%85?page=122
گیاه زوفا با کیفیت عالی بار امسالی و تازه(200گرمی),,3208003,16040015.0,0.2,True,https://basalam.com/cat/tools/%D8%AE%D8%A7%DA%A9-%DA%A9%D9%88%D8%AF-%D8%B3%D9%85%D9%88%D9%85?page=122
گل مینا با کیفیت عالی بار امسالی و تازه(100گرمی),,662800,6628000.0,0.1,True,https://basalam.com/cat/tools/%D8%AE%D8%A7%DA%A9-%DA%A9%D9%88%D8%AF-%D8%B3%D9%85%D9%88%D9%85?page=124
گیاه نعناع دشتی با کیفیت عالی بار امسالی و تازه(150گرمی ),,286825,1912166.6666666667,0.15,True,https://basalam.com/cat/tools/%D8%AE%D8%A7%DA%A9-%DA%A9%D9%88%D8%AF-%D8%B3%D9%85%D9%88%D9%85?page=124
ریشه شیرین بیان (بدون پوست) بار امسالی و تازه(150گرمی),,220000,1466666.6666666667,0.15,True,https://basalam.com/cat/tools/%D8%AE%D8%A7%DA%A9-%DA%A9%D9%88%D8%AF-%D8%B3%D9%85%D9%88%D9%85?page=124
گیاه عشقه پودرشده با کیفیت عالی بار امسالی و تازه(50گرمی),,47000,940000.0,0.05,True,https://basalam.com/cat/tools/%D8%AE%D8%A7%DA%A9-%DA%A9%D9%88%D8%AF-%D8%B3%D9%85%D9%88%D9%85?page=124
گیاه رازک با کیفیت عالی بار امسالی و تازه(500گرمی ),,889000,1778000.0,0.5,True,https://basalam.com/cat/tools/%D8%AE%D8%A7%DA%A9-%DA%A9%D9%88%D8%AF-%D8%B3%D9%85%D9%88%D9%85?page=124
ریشه شیرین بیان با کیفیت عالی بار امسالی و تازه(200گرمی),,122200,611000.0,0.2,True,https://basalam.com/cat/tools/%D8%AE%D8%A7%DA%A9-%DA%A9%D9%88%D8%AF-%D8%B3%D9%85%D9%88%D9%85?page=124
گیاه دم گیلاس پودر شده با کیفیت عالی بار امسالی و تازه(50گرمی),,65250,1305000.0,0.05,True,https://basalam.com/cat/tools/%D8%AE%D8%A7%DA%A9-%DA%A9%D9%88%D8%AF-%D8%B3%D9%85%D9%88%D9%85?page=124
گیاه گشنیز با کیفیت عالی بار امسالی و تازه(500گرمی ),,291500,583000.0,0.5,True,https://basalam.com/cat/tools/%D8%AE%D8%A7%DA%A9-%DA%A9%D9%88%D8%AF-%D8%B3%D9%85%D9%88%D9%85?page=124
گیاه سدر با کیفیت عالی بار امسالی و تازه(50گرمی),,83000,1660000.0,0.05,True,https://basalam.com/cat/tools/%D8%AE%D8%A7%DA%A9-%DA%A9%D9%88%D8%AF-%D8%B3%D9%85%D9%88%D9%85?page=124
ریشه شیرین بیان (بدون پوست) با کیفیت عالی بار امسالی و تازه(750گرمی ),,868000,1157333.3333333333,0.75,True,https://basalam.com/cat/tools/%D8%AE%D8%A7%DA%A9-%DA%A9%D9%88%D8%AF-%D8%B3%D9%85%D9%88%D9%85?page=124
ریشه خولنجان با کیفیت عالی بار امسالی و تازه(50گرمی),,135800,2716000.0,0.05,True,https://basalam.com/cat/tools/%D8%AE%D8%A7%DA%A9-%DA%A9%D9%88%D8%AF-%D8%B3%D9%85%D9%88%D9%85?page=123
گیاه مریم گلی با کیفیت عالی بار امسالی و تازه(200گرمی),,158000,790000.0,0.2,True,https://basalam.com/cat/tools/%D8%AE%D8%A7%DA%A9-%DA%A9%D9%88%D8%AF-%D8%B3%D9%85%D9%88%D9%85?page=123
گیاه مریم گلی با کیفیت عالی بار امسالی و تازه(100گرمی),,84500,845000.0,0.1,True,https://basalam.com/cat/tools/%D8%AE%D8%A7%DA%A9-%DA%A9%D9%88%D8%AF-%D8%B3%D9%85%D9%88%D9%85?page=123
گیاه درمنه ترکی با کیفیت عالی بار امسالی و تازه(250گرمی ),,142250,569000.0,0.25,True,https://basalam.com/cat/tools/%D8%AE%D8%A7%DA%A9-%DA%A9%D9%88%D8%AF-%D8%B3%D9%85%D9%88%D9%85?page=123
گیاه سداب با کیفیت عالی بار امسالی و تازه(200گرمی),,326800,1634000.0,0.2,True,https://basalam.com/cat/tools/%D8%AE%D8%A7%DA%A9-%DA%A9%D9%88%D8%AF-%D8%B3%D9%85%D9%88%D9%85?page=123
گیاه گشنیز پودر شده با کیفیت عالی بار امسالی و تازه(250گرمی ),,170250,681000.0,0.25,True,https://basalam.com/cat/tools/%D8%AE%D8%A7%DA%A9-%DA%A9%D9%88%D8%AF-%D8%B3%D9%85%D9%88%D9%85?page=126
برگ شاه توت باکیفیت عالی بار امسالی و تا(50 گرمی ),,42050,841000.0,0.05,True,https://basalam.com/cat/tools/%D8%AE%D8%A7%DA%A9-%DA%A9%D9%88%D8%AF-%D8%B3%D9%85%D9%88%D9%85?page=126
برگ توت با کیفیت عالی بار امسالی و تازه(50گرمی),,39575,791500.0,0.05,True,https://basalam.com/cat/tools/%D8%AE%D8%A7%DA%A9-%DA%A9%D9%88%D8%AF-%D8%B3%D9%85%D9%88%D9%85?page=126
گیاه شب خسب (درخت ابریشم) با کیفیت عالی بار امسالی و تازه(500گرم),,869000,1738000.0,0.5,True,https://basalam.com/cat/tools/%D8%AE%D8%A7%DA%A9-%DA%A9%D9%88%D8%AF-%D8%B3%D9%85%D9%88%D9%85?page=126
گل یاس کبود پودر شده با کیفیت عالی بار امسالی و تازه(50گرمی ),,60000,1200000.0,0.05,True,https://basalam.com/cat/tools/%D8%AE%D8%A7%DA%A9-%DA%A9%D9%88%D8%AF-%D8%B3%D9%85%D9%88%D9%85?page=126
گیاه گشنیز با کیفیت عالی بار امسالی و تازه(250گرمی ),,160250,641000.0,0.25,True,https://basalam.com/cat/tools/%D8%AE%D8%A7%DA%A9-%DA%A9%D9%88%D8%AF-%D8%B3%D9%85%D9%88%D9%85?page=126
گیاه مرزنجوش با کیفیت عالی بار امسالی و تازه(500گرمی ),,341000,682000.0,0.5,True,https://basalam.com/cat/tools/%D8%AE%D8%A7%DA%A9-%DA%A9%D9%88%D8%AF-%D8%B3%D9%85%D9%88%D9%85?page=126
ریشه آنغوزه با کیفیت عالی بار امسالی و تازه(150گرمی ),,121000,806666.6666666667,0.15,True,https://basalam.com/cat/tools/%D8%AE%D8%A7%DA%A9-%DA%A9%D9%88%D8%AF-%D8%B3%D9%85%D9%88%D9%85?page=123
ریشه کاسنی با کیفیت عالی بار امسالی و تازه(500گرمی),,371000,742000.0,0.5,True,https://basalam.com/cat/tools/%D8%AE%D8%A7%DA%A9-%DA%A9%D9%88%D8%AF-%D8%B3%D9%85%D9%88%D9%85?page=123
گیاه سدر با کیفیت عالی بار امسالی و تازه(500گرمی ),,189500,379000.0,0.5,True,https://basalam.com/cat/tools/%D8%AE%D8%A7%DA%A9-%DA%A9%D9%88%D8%AF-%D8%B3%D9%85%D9%88%D9%85?page=123
ریشه آنغوزه با کیفیت عالی بار امسالی و تازه(500 گرمی),,239000,478000.0,0.5,True,https://basalam.com/cat/tools/%D8%AE%D8%A7%DA%A9-%DA%A9%D9%88%D8%AF-%D8%B3%D9%85%D9%88%D9%85?page=123
ریشه سنبل الطیب با کیفیت عالی بار امسالی و تازه(50گرمی),,182000,3640000.0,0.05,True,https://basalam.com/cat/tools/%D8%AE%D8%A7%DA%A9-%DA%A9%D9%88%D8%AF-%D8%B3%D9%85%D9%88%D9%85?page=123
ریشه خولنجان با کیفیت عالی بار امسالی و تازه(200گرمی),,485200,2426000.0,0.2,True,https://basalam.com/cat/tools/%D8%AE%D8%A7%DA%A9-%DA%A9%D9%88%D8%AF-%D8%B3%D9%85%D9%88%D9%85?page=123
پوست اسفرزه با کیفیت عالی بار امسالی و تازه (100گرمی),,447500,4475000.0,0.1,True,https://basalam.com/cat/tools/%D8%AE%D8%A7%DA%A9-%DA%A9%D9%88%D8%AF-%D8%B3%D9%85%D9%88%D9%85?page=123
کود رویشی کریستا مخصوص هیدروپونیک,,175000,175000.0,1.0,True,https://basalam.com/cat/tools/%D8%AE%D8%A7%DA%A9-%DA%A9%D9%88%D8%AF-%D8%B3%D9%85%D9%88%D9%85?page=123
پونه با کیفیت عالی بار امسالی و تازه(100گرمی ),,44225,442250.0,0.1,True,https://basalam.com/cat/tools/%D8%AE%D8%A7%DA%A9-%DA%A9%D9%88%D8%AF-%D8%B3%D9%85%D9%88%D9%85?page=126
گیاه گل بنفشه با کیفیت عالی بار امسالی و تازه(250گرم),,1851500,7406000.0,0.25,True,https://basalam.com/cat/tools/%D8%AE%D8%A7%DA%A9-%DA%A9%D9%88%D8%AF-%D8%B3%D9%85%D9%88%D9%85?page=123
ریشه چوبک با کیفیت عالی بار امسالی و تازه(200 گرمی ),,115600,578000.0,0.2,True,https://basalam.com/cat/tools/%D8%AE%D8%A7%DA%A9-%DA%A9%D9%88%D8%AF-%D8%B3%D9%85%D9%88%D9%85?page=123
گیاه نعناع دشتی با کیفیت عالی بار امسالی و تازه(200گرمی ),,363100,1815500.0,0.2,True,https://basalam.com/cat/tools/%D8%AE%D8%A7%DA%A9-%DA%A9%D9%88%D8%AF-%D8%B3%D9%85%D9%88%D9%85?page=123
گیاه نعناع دشتی با کیفیت عالی بار امسالی و تازه(100گرمی ),,181550,1815500.0,0.1,True,https://basalam.com/cat/tools/%D8%AE%D8%A7%DA%A9-%DA%A9%D9%88%D8%AF-%D8%B3%D9%85%D9%88%D9%85?page=123
گیاه خارخاسک بار امسالی و تازه(150 گرمی ),,111100,740666.6666666667,0.15,True,https://basalam.com/cat/tools/%D8%AE%D8%A7%DA%A9-%DA%A9%D9%88%D8%AF-%D8%B3%D9%85%D9%88%D9%85?page=123
گل بابونه با کیفیت عالی بار امسالی و تازه(200گرمی),,392800,1964000.0,0.2,True,https://basalam.com/cat/tools/%D8%AE%D8%A7%DA%A9-%DA%A9%D9%88%D8%AF-%D8%B3%D9%85%D9%88%D9%85?page=123
گل یاس کبودبا کیفیت عالی بار امسالی و تازه(50گرمی ),,50000,1000000.0,0.05,True,https://basalam.com/cat/tools/%D8%AE%D8%A7%DA%A9-%DA%A9%D9%88%D8%AF-%D8%B3%D9%85%D9%88%D9%85?page=123
پوست اسفرزه با کیفیت عالی بار امسالی و تازه(500گرمی),,1579000,3158000.0,0.5,True,https://basalam.com/cat/tools/%D8%AE%D8%A7%DA%A9-%DA%A9%D9%88%D8%AF-%D8%B3%D9%85%D9%88%D9%85?page=123
پونه با کیفیت عالی بار امسالی و تازه(200 گرمی ),,118900,594500.0,0.2,True,https://basalam.com/cat/tools/%D8%AE%D8%A7%DA%A9-%DA%A9%D9%88%D8%AF-%D8%B3%D9%85%D9%88%D9%85?page=123
گیاه نعناع فلفلی با کیفیت عالی بار امسالی و تازه(150گرمی ),,185350,1235666.6666666667,0.15,True,https://basalam.com/cat/tools/%D8%AE%D8%A7%DA%A9-%DA%A9%D9%88%D8%AF-%D8%B3%D9%85%D9%88%D9%85?page=123
گیاه شب خسب (درخت ابریشم)پودر شده با کیفیت عالی بار امسالی و تازه(250گرم),,459000,1836000.0,0.25,True,https://basalam.com/cat/tools/%D8%AE%D8%A7%DA%A9-%DA%A9%D9%88%D8%AF-%D8%B3%D9%85%D9%88%D9%85?page=124
گیاه سدر با کیفیت عالی بار امسالی و تازه(250گرمی ),,109250,437000.0,0.25,True,https://basalam.com/cat/tools/%D8%AE%D8%A7%DA%A9-%DA%A9%D9%88%D8%AF-%D8%B3%D9%85%D9%88%D9%85?page=126
گل گاو زبان با کیفیت عالی بار امسالی و تازه(250گرمی ),,1206500,4826000.0,0.25,True,https://basalam.com/cat/tools/%D8%AE%D8%A7%DA%A9-%DA%A9%D9%88%D8%AF-%D8%B3%D9%85%D9%88%D9%85?page=126
گیاه مورد با کیفیت عالی بار امسالی و تازه(100گرمی),,51500,515000.0,0.1,True,https://basalam.com/cat/tools/%D8%AE%D8%A7%DA%A9-%DA%A9%D9%88%D8%AF-%D8%B3%D9%85%D9%88%D9%85?page=124
گیاه سداب با کیفیت عالی بار امسالی و تازه(750گرمی),,1066000,1421333.3333333333,0.75,True,https://basalam.com/cat/tools/%D8%AE%D8%A7%DA%A9-%DA%A9%D9%88%D8%AF-%D8%B3%D9%85%D9%88%D9%85?page=124
گیاه زوفا با کیفیت عالی بار امسالی و تازه(250گرمی ),,365000,1460000.0,0.25,True,https://basalam.com/cat/tools/%D8%AE%D8%A7%DA%A9-%DA%A9%D9%88%D8%AF-%D8%B3%D9%85%D9%88%D9%85?page=124
گل مینا با کیفیت عالی بار امسالی و تازه(150گرمی),,1003500,6690000.0,0.15,True,https://basalam.com/cat/tools/%D8%AE%D8%A7%DA%A9-%DA%A9%D9%88%D8%AF-%D8%B3%D9%85%D9%88%D9%85?page=124
گل گاو زبان با کیفیت عالی بار امسالی و تازه(100گرمی),,497000,4970000.0,0.1,True,https://basalam.com/cat/tools/%D8%AE%D8%A7%DA%A9-%DA%A9%D9%88%D8%AF-%D8%B3%D9%85%D9%88%D9%85?page=124
گیاه ترخون خشک با کیفیت عالی بار امسالی و تازه(50گرمی ),,60200,1204000.0,0.05,True,https://basalam.com/cat/tools/%D8%AE%D8%A7%DA%A9-%DA%A9%D9%88%D8%AF-%D8%B3%D9%85%D9%88%D9%85?page=124
گیاه مریم گلی با کیفیت عالی بار امسالی و تازه(750گرمی),,496750,662333.3333333334,0.75,True,https://basalam.com/cat/tools/%D8%AE%D8%A7%DA%A9-%DA%A9%D9%88%D8%AF-%D8%B3%D9%85%D9%88%D9%85?page=126
پونه با کیفیت عالی بار امسالی و تازه(500گرمی),,181250,362500.0,0.5,True,https://basalam.com/cat/tools/%D8%AE%D8%A7%DA%A9-%DA%A9%D9%88%D8%AF-%D8%B3%D9%85%D9%88%D9%85?page=124
گیاه خارشتر پودر شده با کیفیت عالی بار امسالی و تازه(50گرمی ),,39750,795000.0,0.05,True,https://basalam.com/cat/tools/%D8%AE%D8%A7%DA%A9-%DA%A9%D9%88%D8%AF-%D8%B3%D9%85%D9%88%D9%85?page=124
گیاه شب خسب (درخت ابریشم)پودر شده با کیفیت عالی بار امسالی و تازه(100گرم),,207000,2070000.0,0.1,True,https://basalam.com/cat/tools/%D8%AE%D8%A7%DA%A9-%DA%A9%D9%88%D8%AF-%D8%B3%D9%85%D9%88%D9%85?page=124
گیاه رازک با کیفیت عالی بار امسالی و تازه(150گرمی),,319000,2126666.666666667,0.15,True,https://basalam.com/cat/tools/%D8%AE%D8%A7%DA%A9-%DA%A9%D9%88%D8%AF-%D8%B3%D9%85%D9%88%D9%85?page=124
گیاه مرزنجوش پودر شده  بار امسالی و تازه(500گرمی ),,351000,702000.0,0.5,True,https://basalam.com/cat/tools/%D8%AE%D8%A7%DA%A9-%DA%A9%D9%88%D8%AF-%D8%B3%D9%85%D9%88%D9%85?page=124
ریشه چوبک با کیفیت عالی بار امسالی و تازه(500گرمی),,173000,346000.0,0.5,True,https://basalam.com/cat/tools/%D8%AE%D8%A7%DA%A9-%DA%A9%D9%88%D8%AF-%D8%B3%D9%85%D9%88%D9%85?page=124
گیاه انیسون بار امسالی و تازه (250 گرمی),,343650,1374600.0,0.25,True,https://basalam.com/cat/tools/%D8%AE%D8%A7%DA%A9-%DA%A9%D9%88%D8%AF-%D8%B3%D9%85%D9%88%D9%85?page=125
گیاه شاهتره با کیفیت عالی بار امسالی و تازه(100گرمی),,49550,495500.0,0.1,True,https://basalam.com/cat/tools/%D8%AE%D8%A7%DA%A9-%DA%A9%D9%88%D8%AF-%D8%B3%D9%85%D9%88%D9%85?page=125
ریشه چوبک با کیفیت عالی بار امسالی و تازه(50 گرمی ),,43400,868000.0,0.05,True,https://basalam.com/cat/tools/%D8%AE%D8%A7%DA%A9-%DA%A9%D9%88%D8%AF-%D8%B3%D9%85%D9%88%D9%85?page=125
گیاه گشنیز با کیفیت عالی بار امسالی و تازه(250گرمی ),,160250,641000.0,0.25,True,https://basalam.com/cat/tools/%D8%AE%D8%A7%DA%A9-%DA%A9%D9%88%D8%AF-%D8%B3%D9%85%D9%88%D9%85?page=125
گیاه چای ترش با کیفیت عالی بار امسالی و تازه(100گرم),,450500,4505000.0,0.1,True,https://basalam.com/cat/tools/%D8%AE%D8%A7%DA%A9-%DA%A9%D9%88%D8%AF-%D8%B3%D9%85%D9%88%D9%85?page=125
ریشه آنغوزه با کیفیت عالی بار امسالی و تازه(200گرمی ),,142000,710000.0,0.2,True,https://basalam.com/cat/tools/%D8%AE%D8%A7%DA%A9-%DA%A9%D9%88%D8%AF-%D8%B3%D9%85%D9%88%D9%85?page=125
گیاه شاهتره با کیفیت عالی بار امسالی و تازه(150گرمی),,88825,592166.6666666667,0.15,True,https://basalam.com/cat/tools/%D8%AE%D8%A7%DA%A9-%DA%A9%D9%88%D8%AF-%D8%B3%D9%85%D9%88%D9%85?page=125
آلوئه ورا با کیفیت عالی بار امسالی و تازه(100گرمی),,371000,3710000.0,0.1,True,https://basalam.com/cat/tools/%D8%AE%D8%A7%DA%A9-%DA%A9%D9%88%D8%AF-%D8%B3%D9%85%D9%88%D9%85?page=125
ریشه سنبل الطیب با کیفیت عالی بار امسالی و تازه(100گرمی),,335000,3350000.0,0.1,True,https://basalam.com/cat/tools/%D8%AE%D8%A7%DA%A9-%DA%A9%D9%88%D8%AF-%D8%B3%D9%85%D9%88%D9%85?page=125
گیاه نعناع فلفلی با کیفیت عالی بار امسالی و تازه(200گرمی ),,227800,1139000.0,0.2,True,https://basalam.com/cat/tools/%D8%AE%D8%A7%DA%A9-%DA%A9%D9%88%D8%AF-%D8%B3%D9%85%D9%88%D9%85?page=126
گیاه کاسنی با کیفیت عالی بار امسالی و تازه(500گرمی ),,194000,388000.0,0.5,True,https://basalam.com/cat/tools/%D8%AE%D8%A7%DA%A9-%DA%A9%D9%88%D8%AF-%D8%B3%D9%85%D9%88%D9%85?page=126
گیاه نعناع فلفلی بار امسالی و تازه(750گرمی ),,694750,926333.3333333334,0.75,True,https://basalam.com/cat/tools/%D8%AE%D8%A7%DA%A9-%DA%A9%D9%88%D8%AF-%D8%B3%D9%85%D9%88%D9%85?page=126
برگ شاه توت بار امسالی و تازه(500 گرمی ),,159500,319000.0,0.5,True,https://basalam.com/cat/tools/%D8%AE%D8%A7%DA%A9-%DA%A9%D9%88%D8%AF-%D8%B3%D9%85%D9%88%D9%85?page=126
پونه با کیفیت عالی بار امسالی و تازه(100 گرمی ),,59450,594500.0,0.1,True,https://basalam.com/cat/tools/%D8%AE%D8%A7%DA%A9-%DA%A9%D9%88%D8%AF-%D8%B3%D9%85%D9%88%D9%85?page=125
گیاه کاسنی با کیفیت عالی بار امسالی و تازه(50گرمی),,45500,910000.0,0.05,True,https://basalam.com/cat/tools/%D8%AE%D8%A7%DA%A9-%DA%A9%D9%88%D8%AF-%D8%B3%D9%85%D9%88%D9%85?page=125
گیاه رازک با کیفیت عالی بار امسالی و تازه(500گرمی ),,889000,1778000.0,0.5,True,https://basalam.com/cat/tools/%D8%AE%D8%A7%DA%A9-%DA%A9%D9%88%D8%AF-%D8%B3%D9%85%D9%88%D9%85?page=125
گیاه کاسنی با کیفیت عالی بار امسالی و تازه(750گرمی),,305500,407333.3333333333,0.75,True,https://basalam.com/cat/tools/%D8%AE%D8%A7%DA%A9-%DA%A9%D9%88%D8%AF-%D8%B3%D9%85%D9%88%D9%85?page=125
گیاه مرزه با کیفیت عالی بار امسالی و تازه(250گرمی ),,191750,767000.0,0.25,True,https://basalam.com/cat/tools/%D8%AE%D8%A7%DA%A9-%DA%A9%D9%88%D8%AF-%D8%B3%D9%85%D9%88%D9%85?page=125
گیاه شب خسب (درخت ابریشم) با کیفیت عالی بار امسالی و تازه(250گرم),,449000,1796000.0,0.25,True,https://basalam.com/cat/tools/%D8%AE%D8%A7%DA%A9-%DA%A9%D9%88%D8%AF-%D8%B3%D9%85%D9%88%D9%85?page=125
گیاه سداب با کیفیت عالی بار امسالی و تازه(500گرمی ),,701000,1402000.0,0.5,True,https://basalam.com/cat/tools/%D8%AE%D8%A7%DA%A9-%DA%A9%D9%88%D8%AF-%D8%B3%D9%85%D9%88%D9%85?page=125
کود گوگرد مایع گیاه,,350000,350000.0,1.0,True,https://basalam.com/cat/tools/%D8%AE%D8%A7%DA%A9-%DA%A9%D9%88%D8%AF-%D8%B3%D9%85%D9%88%D9%85?page=125
کود سه بیست باز یک کیلویی,,300000,300000.0,1.0,True,https://basalam.com/cat/tools/%D8%AE%D8%A7%DA%A9-%DA%A9%D9%88%D8%AF-%D8%B3%D9%85%D9%88%D9%85?page=125
گیاه رازک با کیفیت عالی بار امسالی و تازه(150گرمی),,319000,2126666.666666667,0.15,True,https://basalam.com/cat/tools/%D8%AE%D8%A7%DA%A9-%DA%A9%D9%88%D8%AF-%D8%B3%D9%85%D9%88%D9%85?page=126
کود رشد بنفشه آفریقایی 30 گرمی,,50000,1666666.6666666667,0.03,True,https://basalam.com/cat/tools/%D8%AE%D8%A7%DA%A9-%DA%A9%D9%88%D8%AF-%D8%B3%D9%85%D9%88%D9%85?page=126
کود مخصوص گلدهی بنفشه آفریقایی 30 گرمی,,49000,1633333.3333333335,0.03,True,https://basalam.com/cat/tools/%D8%AE%D8%A7%DA%A9-%DA%A9%D9%88%D8%AF-%D8%B3%D9%85%D9%88%D9%85?page=126
کود اسیدآمینه مگافول والگرو ایتالیا (بطری 20 سی سی),,45000,2250000.0,0.02,True,https://basalam.com/cat/tools/%D8%AE%D8%A7%DA%A9-%DA%A9%D9%88%D8%AF-%D8%B3%D9%85%D9%88%D9%85?page=126
کود جلبک دریایی مارمارین اصل ( 100 سی سی ) -تولید کمپانی IFTC آمریکا,,199000,1990000.0,0.1,True,https://basalam.com/cat/tools/%D8%AE%D8%A7%DA%A9-%DA%A9%D9%88%D8%AF-%D8%B3%D9%85%D9%88%D9%85?page=126
کود 20 20 20 پتوس  فیکوس  کاج مطبق 50 گرم,,31500,630000.0,0.05,True,https://basalam.com/cat/tools/%D8%AE%D8%A7%DA%A9-%DA%A9%D9%88%D8%AF-%D8%B3%D9%85%D9%88%D9%85?page=127
کود کامل 10 ایکس شوک اصل آمریکایی پنج لیتری (پس کرایه),,1034800,206960.0,5.0,True,https://basalam.com/cat/tools/%D8%AE%D8%A7%DA%A9-%DA%A9%D9%88%D8%AF-%D8%B3%D9%85%D9%88%D9%85?page=127
کود ضد سرمازدگی آمینواسید 80 درصد شوک مایع یک لیتری آمریکایی (پس کرایه),,316100,316100.0,1.0,True,https://basalam.com/cat/tools/%D8%AE%D8%A7%DA%A9-%DA%A9%D9%88%D8%AF-%D8%B3%D9%85%D9%88%D9%85?page=127
ریشه سنبل الطیب با کیفیت عالی بار امسالی و تازه(100گرمی),,335000,3350000.0,0.1,True,https://basalam.com/cat/tools/%D8%AE%D8%A7%DA%A9-%DA%A9%D9%88%D8%AF-%D8%B3%D9%85%D9%88%D9%85?page=127
پوست اسفرزه با کیفیت عالی بار امسالی و تازه(250 گرمی),,804000,3216000.0,0.25,True,https://basalam.com/cat/tools/%D8%AE%D8%A7%DA%A9-%DA%A9%D9%88%D8%AF-%D8%B3%D9%85%D9%88%D9%85?page=127
ریشه چوبک با کیفیت عالی بار امسالی و تازه(100گرمی ),,58000,580000.0,0.1,True,https://basalam.com/cat/tools/%D8%AE%D8%A7%DA%A9-%DA%A9%D9%88%D8%AF-%D8%B3%D9%85%D9%88%D9%85?page=127
ریشه خولنجان با کیفیت عالی بار امسالی و تازه(500گرمی),,1150000,2300000.0,0.5,True,https://basalam.com/cat/tools/%D8%AE%D8%A7%DA%A9-%DA%A9%D9%88%D8%AF-%D8%B3%D9%85%D9%88%D9%85?page=127
گیاه شب خسب (درخت ابریشم) با کیفیت عالی بار امسالی و تازه(250گرم),,449000,1796000.0,0.25,True,https://basalam.com/cat/tools/%D8%AE%D8%A7%DA%A9-%DA%A9%D9%88%D8%AF-%D8%B3%D9%85%D9%88%D9%85?page=127
گل مینا با کیفیت عالی بار امسالی و تازه(150گرمی),,1003500,6690000.0,0.15,True,https://basalam.com/cat/tools/%D8%AE%D8%A7%DA%A9-%DA%A9%D9%88%D8%AF-%D8%B3%D9%85%D9%88%D9%85?page=127
گیاه درمنه ترکی پودر شده بار امسالی و تازه(100گرمی ),,66750,667500.0,0.1,True,https://basalam.com/cat/tools/%D8%AE%D8%A7%DA%A9-%DA%A9%D9%88%D8%AF-%D8%B3%D9%85%D9%88%D9%85?page=127
کوکوپیت سریلانکایی هندی و آلمانی با بهترین کیفیت,,470000,94000.0,5.0,True,https://basalam.com/cat/tools/%D8%AE%D8%A7%DA%A9-%DA%A9%D9%88%D8%AF-%D8%B3%D9%85%D9%88%D9%85?page=127
افتیمون با کیفیت عالی بار امسالی و تازه(500گرمی),,190000,380000.0,0.5,True,https://basalam.com/cat/tools/%D8%AE%D8%A7%DA%A9-%DA%A9%D9%88%D8%AF-%D8%B3%D9%85%D9%88%D9%85?page=127
کود آهن اسپانیایی کلات EDDHA لیون اسپانیا 25 گرمی (iron chalate),,51000,2040000.0,0.025,True,https://basalam.com/cat/tools/%D8%AE%D8%A7%DA%A9-%DA%A9%D9%88%D8%AF-%D8%B3%D9%85%D9%88%D9%85?page=127
کود ریزمغذی آمریکایی پلنت چویس آمریکا 25 گرمی (micro nutrients),,44000,1760000.0,0.025,True,https://basalam.com/cat/tools/%D8%AE%D8%A7%DA%A9-%DA%A9%D9%88%D8%AF-%D8%B3%D9%85%D9%88%D9%85?page=127
کود سه بیست 20-20-20 باواریا آلمان کود کامل 75 گرمی,,54000,720000.0,0.075,True,https://basalam.com/cat/tools/%D8%AE%D8%A7%DA%A9-%DA%A9%D9%88%D8%AF-%D8%B3%D9%85%D9%88%D9%85?page=127
کود آمونیوم نیترات یک لیتری مایع دکتر زندی,,246200,492400.0,0.5,True,https://basalam.com/cat/tools/%D8%AE%D8%A7%DA%A9-%DA%A9%D9%88%D8%AF-%D8%B3%D9%85%D9%88%D9%85?page=127
کود کامل npk کود 20-10-20 250 گرمی دکتر زندی,,43600,174400.0,0.25,True,https://basalam.com/cat/tools/%D8%AE%D8%A7%DA%A9-%DA%A9%D9%88%D8%AF-%D8%B3%D9%85%D9%88%D9%85?page=127
کود نیترات پتاسیم دکتر زندی بسته بندی پلاستیک,,34100,341000.0,0.1,True,https://basalam.com/cat/tools/%D8%AE%D8%A7%DA%A9-%DA%A9%D9%88%D8%AF-%D8%B3%D9%85%D9%88%D9%85?page=127
کود آمینواسید آمینوگان جنوبگان 500 گرمی,,450000,900000.0,0.5,True,https://basalam.com/cat/tools/%D8%AE%D8%A7%DA%A9-%DA%A9%D9%88%D8%AF-%D8%B3%D9%85%D9%88%D9%85?page=127
کود ریشه زا گوتئول اگری کم ترکیه,,544500,544500.0,1.0,True,https://basalam.com/cat/tools/%D8%AE%D8%A7%DA%A9-%DA%A9%D9%88%D8%AF-%D8%B3%D9%85%D9%88%D9%85?page=128
کود گاربی موررا اسپانیا 250 سی سی,,572000,2288000.0,0.25,True,https://basalam.com/cat/tools/%D8%AE%D8%A7%DA%A9-%DA%A9%D9%88%D8%AF-%D8%B3%D9%85%D9%88%D9%85?page=127
کود ضد استرس بیوکار,,1287000,1287000.0,1.0,True,https://basalam.com/cat/tools/%D8%AE%D8%A7%DA%A9-%DA%A9%D9%88%D8%AF-%D8%B3%D9%85%D9%88%D9%85?page=127
کود سولفات آهن پرینوا مکزیک (نیم کیلویی) حاوی 20 درصد آهن و عناصر ریز مغذی با خلوص بالا,,49000,98000.0,0.5,True,https://basalam.com/cat/tools/%D8%AE%D8%A7%DA%A9-%DA%A9%D9%88%D8%AF-%D8%B3%D9%85%D9%88%D9%85?page=128
کود پلنت استار 30-05-15 NPK پلنت استار(ارسال به صورت پس کرایه),,275000,275000.0,1.0,True,https://basalam.com/cat/tools/%D8%AE%D8%A7%DA%A9-%DA%A9%D9%88%D8%AF-%D8%B3%D9%85%D9%88%D9%85?page=128
کود کامل رویال مکس 43-03-12 NPK پلنت استار (ارسال به صورت پس کرایه),,1750000,175000.0,10.0,True,https://basalam.com/cat/tools/%D8%AE%D8%A7%DA%A9-%DA%A9%D9%88%D8%AF-%D8%B3%D9%85%D9%88%D9%85?page=128
کود فروت ست گرمور امریکا,,1330000,1330000.0,1.0,True,https://basalam.com/cat/tools/%D8%AE%D8%A7%DA%A9-%DA%A9%D9%88%D8%AF-%D8%B3%D9%85%D9%88%D9%85?page=128
کود تریدکورب az(اسپانیایی ),,7900000,1580000.0,5.0,True,https://basalam.com/cat/tools/%D8%AE%D8%A7%DA%A9-%DA%A9%D9%88%D8%AF-%D8%B3%D9%85%D9%88%D9%85?page=128
کود(هیومیک اسید)دکتر یشیل,,85000,1700000.0,0.05,True,https://basalam.com/cat/tools/%D8%AE%D8%A7%DA%A9-%DA%A9%D9%88%D8%AF-%D8%B3%D9%85%D9%88%D9%85?page=128
کود پودری فولویک اسید جنریت یک کیلویی محصول ایالات متحده,,2500000,2500000.0,1.0,True,https://basalam.com/cat/tools/%D8%AE%D8%A7%DA%A9-%DA%A9%D9%88%D8%AF-%D8%B3%D9%85%D9%88%D9%85?page=128
کود مایع آمینو اسید جنریت آمریکا یک لیتری,,900000,900000.0,1.0,True,https://basalam.com/cat/tools/%D8%AE%D8%A7%DA%A9-%DA%A9%D9%88%D8%AF-%D8%B3%D9%85%D9%88%D9%85?page=128
کود مایع مخصوص افزایش گلدهی زعفران جنریت آمریکا پنج لیتری,,4200000,840000.0,5.0,True,https://basalam.com/cat/tools/%D8%AE%D8%A7%DA%A9-%DA%A9%D9%88%D8%AF-%D8%B3%D9%85%D9%88%D9%85?page=128
کود مایع فسفیت پتاسیم جنریت آمریکا یک لیتری,,1550000,1550000.0,1.0,True,https://basalam.com/cat/tools/%D8%AE%D8%A7%DA%A9-%DA%A9%D9%88%D8%AF-%D8%B3%D9%85%D9%88%D9%85?page=128
کود آمینو اسید یا ضد شوک (25 گرمی),,85000,3400000.0,0.025,True,https://basalam.com/cat/tools/%D8%AE%D8%A7%DA%A9-%DA%A9%D9%88%D8%AF-%D8%B3%D9%85%D9%88%D9%85?page=128
کود فسفر (45گرمی)(RICO),,110000,2444444.4444444445,0.045,True,https://basalam.com/cat/tools/%D8%AE%D8%A7%DA%A9-%DA%A9%D9%88%D8%AF-%D8%B3%D9%85%D9%88%D9%85?page=128
کود مایع ضد شوک (120cc),,90000,750000.0,0.12,True,https://basalam.com/cat/tools/%D8%AE%D8%A7%DA%A9-%DA%A9%D9%88%D8%AF-%D8%B3%D9%85%D9%88%D9%85?page=128
کود مخصوص کاکتوسی پک سه عددی تخفیف ویژه برای رشد و پاجوشدهی کاکتوس,,110000,305555.5555555556,0.36,True,https://basalam.com/cat/tools/%D8%AE%D8%A7%DA%A9-%DA%A9%D9%88%D8%AF-%D8%B3%D9%85%D9%88%D9%85?page=128
کود پودر ی کاکتوس,,15000,100000.0,0.15,True,https://basalam.com/cat/tools/%D8%AE%D8%A7%DA%A9-%DA%A9%D9%88%D8%AF-%D8%B3%D9%85%D9%88%D9%85?page=128
میکس 3 تایی ( کود سه 20  کود محرک گلدهی و کود محرک ریشه زایی ),,120000,800000.0,0.15,True,https://basalam.com/cat/tools/%D8%AE%D8%A7%DA%A9-%DA%A9%D9%88%D8%AF-%D8%B3%D9%85%D9%88%D9%85?page=128
کود فولویک اسید شوک پلاس یک لیتری اصل,,450000,450000.0,1.0,True,https://basalam.com/cat/tools/%D8%AE%D8%A7%DA%A9-%DA%A9%D9%88%D8%AF-%D8%B3%D9%85%D9%88%D9%85?page=128
کود گلدهی npk مایع 36-12-12 شوک,,3450000,172500.0,20.0,True,https://basalam.com/cat/tools/%D8%AE%D8%A7%DA%A9-%DA%A9%D9%88%D8%AF-%D8%B3%D9%85%D9%88%D9%85?page=129
کود مخصوص ذرت شوک پلاس یک لیتری اصلی,,450000,450000.0,1.0,True,https://basalam.com/cat/tools/%D8%AE%D8%A7%DA%A9-%DA%A9%D9%88%D8%AF-%D8%B3%D9%85%D9%88%D9%85?page=129
کود کامل سه بیست شوک پلاس یک لیتری,,450000,450000.0,1.0,True,https://basalam.com/cat/tools/%D8%AE%D8%A7%DA%A9-%DA%A9%D9%88%D8%AF-%D8%B3%D9%85%D9%88%D9%85?page=129
کود سه بیستکود20-20-20 یک قوطی,,88000,440000.0,0.2,True,https://basalam.com/cat/tools/%D8%AE%D8%A7%DA%A9-%DA%A9%D9%88%D8%AF-%D8%B3%D9%85%D9%88%D9%85?page=129
کود گرانول کامل کود نهال و گیاهان آپارتمانی کود ترکیب خاص 200گرمی,,25000,125000.0,0.2,True,https://basalam.com/cat/tools/%D8%AE%D8%A7%DA%A9-%DA%A9%D9%88%D8%AF-%D8%B3%D9%85%D9%88%D9%85?page=129
کود سه بیستدویست و پنجاه گرمی,,90000,1800000.0,0.05,True,https://basalam.com/cat/tools/%D8%AE%D8%A7%DA%A9-%DA%A9%D9%88%D8%AF-%D8%B3%D9%85%D9%88%D9%85?page=129
کود پتوس رنگ مایع متغیر,,32000,320000.0,0.1,True,https://basalam.com/cat/tools/%D8%AE%D8%A7%DA%A9-%DA%A9%D9%88%D8%AF-%D8%B3%D9%85%D9%88%D9%85?page=129
کودمایع عالی غنی شده رویش سبز پتاس نیتروژن گوگرد و کربن آلی,,350000,3500000.0,0.1,True,https://basalam.com/cat/tools/%D8%AE%D8%A7%DA%A9-%DA%A9%D9%88%D8%AF-%D8%B3%D9%85%D9%88%D9%85?page=129
کود کلسیم بلژیکی. حفاظت و تقویت گیاهان,,300000,300000.0,1.0,True,https://basalam.com/cat/tools/%D8%AE%D8%A7%DA%A9-%DA%A9%D9%88%D8%AF-%D8%B3%D9%85%D9%88%D9%85?page=129
کود اگریکالچر بیومور یا کود ویژه مزرعه(پس کرایه),,398000,398000.0,1.0,True,https://basalam.com/cat/tools/%D8%AE%D8%A7%DA%A9-%DA%A9%D9%88%D8%AF-%D8%B3%D9%85%D9%88%D9%85?page=129
قرص کود هیومیک اسید هدیش,,60000,2000000.0,0.03,True,https://basalam.com/cat/tools/%D8%AE%D8%A7%DA%A9-%DA%A9%D9%88%D8%AF-%D8%B3%D9%85%D9%88%D9%85?page=129
کود سری سه تایی جنرال هیدروپونیک بسته 3عددی حجم 250میلی لیتر,,350000,466666.6666666667,0.75,True,https://basalam.com/cat/tools/%D8%AE%D8%A7%DA%A9-%DA%A9%D9%88%D8%AF-%D8%B3%D9%85%D9%88%D9%85?page=129
کود کلسیم (پس کرایه),,250000,192307.6923076923,1.3,True,https://basalam.com/cat/tools/%D8%AE%D8%A7%DA%A9-%DA%A9%D9%88%D8%AF-%D8%B3%D9%85%D9%88%D9%85?page=129
کود ماکرو 202020 فلوریش,,2500000,250000.0,10.0,True,https://basalam.com/cat/tools/%D8%AE%D8%A7%DA%A9-%DA%A9%D9%88%D8%AF-%D8%B3%D9%85%D9%88%D9%85?page=129
کود ماکرو 105210 (پس کرایه),,2000000,200000.0,10.0,True,https://basalam.com/cat/tools/%D8%AE%D8%A7%DA%A9-%DA%A9%D9%88%D8%AF-%D8%B3%D9%85%D9%88%D9%85?page=129
کود کلات آهن 6٪ هورسان,,30000,526315.7894736842,0.057,True,https://basalam.com/cat/tools/%D8%AE%D8%A7%DA%A9-%DA%A9%D9%88%D8%AF-%D8%B3%D9%85%D9%88%D9%85?page=129
کود 20 20 20 آپارتمانی,,30000,476190.4761904762,0.063,True,https://basalam.com/cat/tools/%D8%AE%D8%A7%DA%A9-%DA%A9%D9%88%D8%AF-%D8%B3%D9%85%D9%88%D9%85?page=129
کود شوک اسید هیومیک 95درصد پنج لیتری (پس کرایه),,903000,180600.0,5.0,True,https://basalam.com/cat/tools/%D8%AE%D8%A7%DA%A9-%DA%A9%D9%88%D8%AF-%D8%B3%D9%85%D9%88%D9%85?page=129
کود مخصوص گل جالیز جنریت آمریکا بیست لیتری با فناوری نانو,,8500000,425000.0,20.0,True,https://basalam.com/cat/tools/%D8%AE%D8%A7%DA%A9-%DA%A9%D9%88%D8%AF-%D8%B3%D9%85%D9%88%D9%85?page=130
کود میکرومیکس سانسوی گرین مدل پودری وزن یک کیلوگرم ( پس کرایه ),,730000,730000.0,1.0,True,https://basalam.com/cat/tools/%D8%AE%D8%A7%DA%A9-%DA%A9%D9%88%D8%AF-%D8%B3%D9%85%D9%88%D9%85?page=130
کود کلات منگنز 13 درصد تکنیفول Robo ..Mn ترکیه ای بسته بندی یک کیلو گرمی,,790000,790000.0,1.0,True,https://basalam.com/cat/tools/%D8%AE%D8%A7%DA%A9-%DA%A9%D9%88%D8%AF-%D8%B3%D9%85%D9%88%D9%85?page=130
کود هیدروپونیک مایع مخصوص انواع ملون کد LMe100,,169000,84500.0,2.0,True,https://basalam.com/cat/tools/%D8%AE%D8%A7%DA%A9-%DA%A9%D9%88%D8%AF-%D8%B3%D9%85%D9%88%D9%85?page=130
کود هیدروپونیک مایع مخصوص انواع ارکیده کد LOr1000,,479000,119750.0,4.0,True,https://basalam.com/cat/tools/%D8%AE%D8%A7%DA%A9-%DA%A9%D9%88%D8%AF-%D8%B3%D9%85%D9%88%D9%85?page=130
کود هیدروپونیک مایع بنسای و گیاهان آپارتمانی کد LBo1000,,479000,119750.0,4.0,True,https://basalam.com/cat/tools/%D8%AE%D8%A7%DA%A9-%DA%A9%D9%88%D8%AF-%D8%B3%D9%85%D9%88%D9%85?page=130
کود هیدروپونیک مایع مخصوص توت فرنگی کد LS1000,,479000,119750.0,4.0,True,https://basalam.com/cat/tools/%D8%AE%D8%A7%DA%A9-%DA%A9%D9%88%D8%AF-%D8%B3%D9%85%D9%88%D9%85?page=130
کود هیدروپونیک جامد مخصوص گیاهان آپارتمانی و بونسای کد BO100,,125000,1250000.0,0.1,True,https://basalam.com/cat/tools/%D8%AE%D8%A7%DA%A9-%DA%A9%D9%88%D8%AF-%D8%B3%D9%85%D9%88%D9%85?page=130
کود کلات منگنز (EDTA) سانسوی گرین مدل پودری وزن یک کیلوگرم ( پس کرایه ),,586500,586500.0,1.0,True,https://basalam.com/cat/tools/%D8%AE%D8%A7%DA%A9-%DA%A9%D9%88%D8%AF-%D8%B3%D9%85%D9%88%D9%85?page=130
کود ماهی ماهکود فصل پنجم ارسال با اتوبوس و پس کرایه,,1045000,52250.0,20.0,True,https://basalam.com/cat/tools/%D8%AE%D8%A7%DA%A9-%DA%A9%D9%88%D8%AF-%D8%B3%D9%85%D9%88%D9%85?page=130
کود میکرومغذی یاراویتا-پس کرایه,,693000,693000.0,1.0,True,https://basalam.com/cat/tools/%D8%AE%D8%A7%DA%A9-%DA%A9%D9%88%D8%AF-%D8%B3%D9%85%D9%88%D9%85?page=130
کود کامپاند 3 (مخصوص گوجه فرنگی) یاراویتا-پس کرایه,,916000,916000.0,1.0,True,https://basalam.com/cat/tools/%D8%AE%D8%A7%DA%A9-%DA%A9%D9%88%D8%AF-%D8%B3%D9%85%D9%88%D9%85?page=130
کود کامپاند 7 (مخصوص پسته) یاراویتا-پس کرایه,,735000,735000.0,1.0,True,https://basalam.com/cat/tools/%D8%AE%D8%A7%DA%A9-%DA%A9%D9%88%D8%AF-%D8%B3%D9%85%D9%88%D9%85?page=130
کود 10-52-10فسفر بالا نیورایز(پس کرایه),,3200000,320000.0,10.0,True,https://basalam.com/cat/tools/%D8%AE%D8%A7%DA%A9-%DA%A9%D9%88%D8%AF-%D8%B3%D9%85%D9%88%D9%85?page=130
کود نیترات پتاسیم 45-2-12 زئورایز (پس کرایه),,2200000,220000.0,10.0,True,https://basalam.com/cat/tools/%D8%AE%D8%A7%DA%A9-%DA%A9%D9%88%D8%AF-%D8%B3%D9%85%D9%88%D9%85?page=130
کود آهن سکوسترن سینجنتا (پس کرایه),,1440000,1440000.0,1.0,True,https://basalam.com/cat/tools/%D8%AE%D8%A7%DA%A9-%DA%A9%D9%88%D8%AF-%D8%B3%D9%85%D9%88%D9%85?page=130
کود سه بیست (20 20 20 ) نیورایز (پس کرایه),,2200000,220000.0,10.0,True,https://basalam.com/cat/tools/%D8%AE%D8%A7%DA%A9-%DA%A9%D9%88%D8%AF-%D8%B3%D9%85%D9%88%D9%85?page=130
کود اوره فسفات (0 44 17)نیورایز (پس کرایه),,2200000,220000.0,10.0,True,https://basalam.com/cat/tools/%D8%AE%D8%A7%DA%A9-%DA%A9%D9%88%D8%AF-%D8%B3%D9%85%D9%88%D9%85?page=130
کود کرم غنی شده یا ورم کود پرورده,,290600,145300.0,2.0,True,https://basalam.com/cat/tools/%D8%AE%D8%A7%DA%A9-%DA%A9%D9%88%D8%AF-%D8%B3%D9%85%D9%88%D9%85?page=130
محلول کود مایع آکوا لایف آکواریوم,,80000,761904.7619047619,0.105,True,https://basalam.com/cat/tools/%D8%AE%D8%A7%DA%A9-%DA%A9%D9%88%D8%AF-%D8%B3%D9%85%D9%88%D9%85?page=130
کود معدنی هربان,,780000,31200.0,25.0,True,https://basalam.com/cat/tools/%D8%AE%D8%A7%DA%A9-%DA%A9%D9%88%D8%AF-%D8%B3%D9%85%D9%88%D9%85?page=130
گل مینا با کیفیت عالی بار امسالی و تازه(750گرمی),,10752200,14336266.666666666,0.75,True,https://basalam.com/cat/tools/%D8%AE%D8%A7%DA%A9-%DA%A9%D9%88%D8%AF-%D8%B3%D9%85%D9%88%D9%85?page=130
پوست اسفرزه با کیفیت عالی بار امسالی و تازه (200گرمی),,1933600,9668000.0,0.2,True,https://basalam.com/cat/tools/%D8%AE%D8%A7%DA%A9-%DA%A9%D9%88%D8%AF-%D8%B3%D9%85%D9%88%D9%85?page=130
گل راعی با کیفیت عالی بار امسالی و تازه(250گرمی ),,396900,1587600.0,0.25,True,https://basalam.com/cat/tools/%D8%AE%D8%A7%DA%A9-%DA%A9%D9%88%D8%AF-%D8%B3%D9%85%D9%88%D9%85?page=130
گل همیشه بهاربا کیفیت عالی بار امسالی و تازه(250 گرمی),,846900,3387600.0,0.25,True,https://basalam.com/cat/tools/%D8%AE%D8%A7%DA%A9-%DA%A9%D9%88%D8%AF-%D8%B3%D9%85%D9%88%D9%85?page=130
الدر بری (آقطی سیاه) با کیفیت عالی بار امسالی و تازه(150گرمی),,920600,6137333.333333334,0.15,True,https://basalam.com/cat/tools/%D8%AE%D8%A7%DA%A9-%DA%A9%D9%88%D8%AF-%D8%B3%D9%85%D9%88%D9%85?page=131
افسنطین با کیفیت عالی بار امسالی و تازه(250 گرمی),,803300,3213200.0,0.25,True,https://basalam.com/cat/tools/%D8%AE%D8%A7%DA%A9-%DA%A9%D9%88%D8%AF-%D8%B3%D9%85%D9%88%D9%85?page=131
گیاه مرزه با کیفیت عالی بار امسالی و تازه(100گرمی),,291300,2913000.0,0.1,True,https://basalam.com/cat/tools/%D8%AE%D8%A7%DA%A9-%DA%A9%D9%88%D8%AF-%D8%B3%D9%85%D9%88%D9%85?page=131
گیاه مریم گلی با کیفیت عالی بار امسالی و تازه(100گرمی),,291300,2913000.0,0.1,True,https://basalam.com/cat/tools/%D8%AE%D8%A7%DA%A9-%DA%A9%D9%88%D8%AF-%D8%B3%D9%85%D9%88%D9%85?page=131
گیاه نعناع فلفلی با کیفیت عالی بار امسالی و تازه(50گرمی ),,156600,3132000.0,0.05,True,https://basalam.com/cat/tools/%D8%AE%D8%A7%DA%A9-%DA%A9%D9%88%D8%AF-%D8%B3%D9%85%D9%88%D9%85?page=131
گیاه خارخاسک با کیفیت عالی بار امسالی و تازه(100 گرمی ),,211500,2115000.0,0.1,True,https://basalam.com/cat/tools/%D8%AE%D8%A7%DA%A9-%DA%A9%D9%88%D8%AF-%D8%B3%D9%85%D9%88%D9%85?page=131
ریشه کاسنی با کیفیت عالی بار امسالی و تازه(500گرمی),,1500000,3000000.0,0.5,True,https://basalam.com/cat/tools/%D8%AE%D8%A7%DA%A9-%DA%A9%D9%88%D8%AF-%D8%B3%D9%85%D9%88%D9%85?page=131
ریشه چوبک با کیفیت عالی بار امسالی و تازه(750 گرمی ),,899400,1199200.0,0.75,True,https://basalam.com/cat/tools/%D8%AE%D8%A7%DA%A9-%DA%A9%D9%88%D8%AF-%D8%B3%D9%85%D9%88%D9%85?page=131
استویا با کیفیت عالی بار امسالی و تازه(200 گرمی),,1301700,6508500.0,0.2,True,https://basalam.com/cat/tools/%D8%AE%D8%A7%DA%A9-%DA%A9%D9%88%D8%AF-%D8%B3%D9%85%D9%88%D9%85?page=131
گل راعی با کیفیت عالی بار امسالی و تازه(750گرمی),,1250800,1667733.3333333333,0.75,True,https://basalam.com/cat/tools/%D8%AE%D8%A7%DA%A9-%DA%A9%D9%88%D8%AF-%D8%B3%D9%85%D9%88%D9%85?page=131
گل اسطوخودوس (هندی) با کیفیت عالی بار امسالی و تازه(100 گرمی ),,694200,6942000.0,0.1,True,https://basalam.com/cat/tools/%D8%AE%D8%A7%DA%A9-%DA%A9%D9%88%D8%AF-%D8%B3%D9%85%D9%88%D9%85?page=131
برگ سنا با کیفیت عالی بار امسالی و تازه(750گرمی),,1013100,1350800.0,0.75,True,https://basalam.com/cat/tools/%D8%AE%D8%A7%DA%A9-%DA%A9%D9%88%D8%AF-%D8%B3%D9%85%D9%88%D9%85?page=131
گیاه آلوئه ورا با کیفیت عالی بار امسالی و تازه(500گرمی),,3039700,6079400.0,0.5,True,https://basalam.com/cat/tools/%D8%AE%D8%A7%DA%A9-%DA%A9%D9%88%D8%AF-%D8%B3%D9%85%D9%88%D9%85?page=131
گیاه مریم گلی با کیفیت عالی بار امسالی و تازه(200گرمی),,555100,2775500.0,0.2,True,https://basalam.com/cat/tools/%D8%AE%D8%A7%DA%A9-%DA%A9%D9%88%D8%AF-%D8%B3%D9%85%D9%88%D9%85?page=131
برگ سنا با کیفیت عالی بار امسالی و تازه(500گرمی ),,671000,1342000.0,0.5,True,https://basalam.com/cat/tools/%D8%AE%D8%A7%DA%A9-%DA%A9%D9%88%D8%AF-%D8%B3%D9%85%D9%88%D9%85?page=131
گیاه شاهتره با کیفیت عالی بار امسالی و تازه(200گرمی),,240000,1200000.0,0.2,True,https://basalam.com/cat/tools/%D8%AE%D8%A7%DA%A9-%DA%A9%D9%88%D8%AF-%D8%B3%D9%85%D9%88%D9%85?page=131
گل سر خارگل با کیفیت عالی بار امسالی و تازه(150گرمی),,546600,3644000.0,0.15,True,https://basalam.com/cat/tools/%D8%AE%D8%A7%DA%A9-%DA%A9%D9%88%D8%AF-%D8%B3%D9%85%D9%88%D9%85?page=131
گیاه دم اسب با کیفیت عالی بار امسالی و تازه(200گرمی),,215000,1075000.0,0.2,True,https://basalam.com/cat/tools/%D8%AE%D8%A7%DA%A9-%DA%A9%D9%88%D8%AF-%D8%B3%D9%85%D9%88%D9%85?page=131
گیاه خار مریم با کیفیت عالی بار امسالی و تازه(250 گرمی),,490700,1962800.0,0.25,True,https://basalam.com/cat/tools/%D8%AE%D8%A7%DA%A9-%DA%A9%D9%88%D8%AF-%D8%B3%D9%85%D9%88%D9%85?page=131
غنچه گل محمدی با کیفیت عالی بار امسالی و تازه(250 گرمی),,1416700,5666800.0,0.25,True,https://basalam.com/cat/tools/%D8%AE%D8%A7%DA%A9-%DA%A9%D9%88%D8%AF-%D8%B3%D9%85%D9%88%D9%85?page=131
ریشه آنغوزه با کیفیت عالی بار امسالی و تازه(150گرمی ),,592800,3952000.0,0.15,True,https://basalam.com/cat/tools/%D8%AE%D8%A7%DA%A9-%DA%A9%D9%88%D8%AF-%D8%B3%D9%85%D9%88%D9%85?page=131
برگ سنا با کیفیت عالی بار امسالی و تازه(50گرمی),,83700,1674000.0,0.05,True,https://basalam.com/cat/tools/%D8%AE%D8%A7%DA%A9-%DA%A9%D9%88%D8%AF-%D8%B3%D9%85%D9%88%D9%85?page=131
برگ سنا با کیفیت عالی بار امسالی و تازه(150گرمی),,243300,1622000.0,0.15,True,https://basalam.com/cat/tools/%D8%AE%D8%A7%DA%A9-%DA%A9%D9%88%D8%AF-%D8%B3%D9%85%D9%88%D9%85?page=131
افسنطین با کیفیت عالی بار امسالی و تازه(500گرمی),,1370400,2740800.0,0.5,True,https://basalam.com/cat/tools/%D8%AE%D8%A7%DA%A9-%DA%A9%D9%88%D8%AF-%D8%B3%D9%85%D9%88%D9%85?page=131
گیاه مورد با کیفیت عالی بار امسالی و تازه(500گرمی ),,467500,935000.0,0.5,True,https://basalam.com/cat/tools/%D8%AE%D8%A7%DA%A9-%DA%A9%D9%88%D8%AF-%D8%B3%D9%85%D9%88%D9%85?page=131
اکالیپتوس با کیفیت عالی بار امسالی و تازه(750 گرمی ),,1295100,1726800.0,0.75,True,https://basalam.com/cat/tools/%D8%AE%D8%A7%DA%A9-%DA%A9%D9%88%D8%AF-%D8%B3%D9%85%D9%88%D9%85?page=131
گیاه مورد با کیفیت عالی بار امسالی و تازه(200گرمی),,222800,1114000.0,0.2,True,https://basalam.com/cat/tools/%D8%AE%D8%A7%DA%A9-%DA%A9%D9%88%D8%AF-%D8%B3%D9%85%D9%88%D9%85?page=131
باباآدم با کیفیت عالی بار امسالی و تازه(50 گرمی ),,109200,2184000.0,0.05,True,https://basalam.com/cat/tools/%D8%AE%D8%A7%DA%A9-%DA%A9%D9%88%D8%AF-%D8%B3%D9%85%D9%88%D9%85?page=131
برگ خرگوشک با کیفیت عالی بار امسالی و تازه(100 گرمی ),,113800,1138000.0,0.1,True,https://basalam.com/cat/tools/%D8%AE%D8%A7%DA%A9-%DA%A9%D9%88%D8%AF-%D8%B3%D9%85%D9%88%D9%85?page=131
آلوئه ورا با کیفیت عالی بار امسالی و تازه(150گرمی),,1039100,6927333.333333334,0.15,True,https://basalam.com/cat/tools/%D8%AE%D8%A7%DA%A9-%DA%A9%D9%88%D8%AF-%D8%B3%D9%85%D9%88%D9%85?page=131
بارهنگ با کیفیت عالی بار امسالی و تازه(100 گرمی ),,492600,4926000.0,0.1,True,https://basalam.com/cat/tools/%D8%AE%D8%A7%DA%A9-%DA%A9%D9%88%D8%AF-%D8%B3%D9%85%D9%88%D9%85?page=131
گیاه نعناع فلفلی با کیفیت عالی بار امسالی و تازه(750گرمی ),,1981600,2642133.333333333,0.75,True,https://basalam.com/cat/tools/%D8%AE%D8%A7%DA%A9-%DA%A9%D9%88%D8%AF-%D8%B3%D9%85%D9%88%D9%85?page=132
ریشه شیرین بیان (بدون پوست) با کیفیت عالی بار امسالی و تازه(50گرمی ),,134800,2696000.0,0.05,True,https://basalam.com/cat/tools/%D8%AE%D8%A7%DA%A9-%DA%A9%D9%88%D8%AF-%D8%B3%D9%85%D9%88%D9%85?page=132
کود 20-20-20 غنی شده با آمینو اسید 100گرمی آگنس,,175000,1750000.0,0.1,True,https://basalam.com/cat/tools/%D8%AE%D8%A7%DA%A9-%DA%A9%D9%88%D8%AF-%D8%B3%D9%85%D9%88%D9%85?page=132
کود اسید آمینه آمینوا بنیز,,670000,670000.0,1.0,True,https://basalam.com/cat/tools/%D8%AE%D8%A7%DA%A9-%DA%A9%D9%88%D8%AF-%D8%B3%D9%85%D9%88%D9%85?page=132
بسته چهار تایی کود همه کاره ارگانیک ویتامینه گیاهان ویژه ی گیاهان آپارتمانی و زینتی,,1040000,236363.63636363635,4.4,True,https://basalam.com/cat/tools/%D8%AE%D8%A7%DA%A9-%DA%A9%D9%88%D8%AF-%D8%B3%D9%85%D9%88%D9%85?page=132
کود کلات آهن 6 درصد درجه یک در بسته بندی 800 گرمی,,339000,423750.0,0.8,True,https://basalam.com/cat/tools/%D8%AE%D8%A7%DA%A9-%DA%A9%D9%88%D8%AF-%D8%B3%D9%85%D9%88%D9%85?page=132
کود کلات آهن 6 درصد گرین پیک مدل Fe500 وزن 500 گرم,,239000,478000.0,0.5,True,https://basalam.com/cat/tools/%D8%AE%D8%A7%DA%A9-%DA%A9%D9%88%D8%AF-%D8%B3%D9%85%D9%88%D9%85?page=132
کود کامل سانسوریا گیلدا مدل NPK وزن 25 گرم,,83000,3320000.0,0.025,True,https://basalam.com/cat/tools/%D8%AE%D8%A7%DA%A9-%DA%A9%D9%88%D8%AF-%D8%B3%D9%85%D9%88%D9%85?page=132
کود مایع بامبو گیلدا کد GB30 حجم 30 میلی لیتر,,83000,2766666.666666667,0.03,True,https://basalam.com/cat/tools/%D8%AE%D8%A7%DA%A9-%DA%A9%D9%88%D8%AF-%D8%B3%D9%85%D9%88%D9%85?page=132
هیومی سویل آریا شیمی کود آلی حاوی هیومیک اسید و فولویک اسید,,190000,190000.0,1.0,True,https://basalam.com/cat/tools/%D8%AE%D8%A7%DA%A9-%DA%A9%D9%88%D8%AF-%D8%B3%D9%85%D9%88%D9%85?page=132
کود مایع کاکتوس گیلدا کد GC30 حجم 30 میلی لیتر,,83000,2766666.666666667,0.03,True,https://basalam.com/cat/tools/%D8%AE%D8%A7%DA%A9-%DA%A9%D9%88%D8%AF-%D8%B3%D9%85%D9%88%D9%85?page=132
کود مایع رشد گیلدا کد GN30 حجم 30 میلی لیتر,,83000,2766666.666666667,0.03,True,https://basalam.com/cat/tools/%D8%AE%D8%A7%DA%A9-%DA%A9%D9%88%D8%AF-%D8%B3%D9%85%D9%88%D9%85?page=132
کود افزایش شاخه و برگ,,15000,750000.0,0.02,True,https://basalam.com/cat/tools/%D8%AE%D8%A7%DA%A9-%DA%A9%D9%88%D8%AF-%D8%B3%D9%85%D9%88%D9%85?page=132
کود کامل121217همراه با ریز مغزی,,1650000,165000.0,10.0,True,https://basalam.com/cat/tools/%D8%AE%D8%A7%DA%A9-%DA%A9%D9%88%D8%AF-%D8%B3%D9%85%D9%88%D9%85?page=132
کود کامل بیو بیست اومکس مدل om1 حجم 140 میلی لیتر,,239500,1710714.2857142854,0.14,True,https://basalam.com/cat/tools/%D8%AE%D8%A7%DA%A9-%DA%A9%D9%88%D8%AF-%D8%B3%D9%85%D9%88%D9%85?page=132
کود ان پی کا جنوبگان مدل SL حجم 0.5 لیتر,,161800,323600.0,0.5,True,https://basalam.com/cat/tools/%D8%AE%D8%A7%DA%A9-%DA%A9%D9%88%D8%AF-%D8%B3%D9%85%D9%88%D9%85?page=133
کود فسفر و پتاسیم جنوبگان مدل پیکاسول حجم یک لیتر,,739800,493200.0,1.5,True,https://basalam.com/cat/tools/%D8%AE%D8%A7%DA%A9-%DA%A9%D9%88%D8%AF-%D8%B3%D9%85%D9%88%D9%85?page=133
آفت کش خانگی کک و ساس اریا شیمی مدل ژوپیتر حجم 60 میلی لیتر,,98700,1645000.0,0.06,True,https://basalam.com/cat/tools/%D8%AE%D8%A7%DA%A9-%DA%A9%D9%88%D8%AF-%D8%B3%D9%85%D9%88%D9%85?page=133
کود آمینواسید آلمانی 80 درصد فلیکسپر یک کیلویی,,1650000,1650000.0,1.0,True,https://basalam.com/cat/tools/%D8%AE%D8%A7%DA%A9-%DA%A9%D9%88%D8%AF-%D8%B3%D9%85%D9%88%D9%85?page=133
کود آهن 6 درصد هکتور Hector XGreen,,2250000,2250000.0,1.0,True,https://basalam.com/cat/tools/%D8%AE%D8%A7%DA%A9-%DA%A9%D9%88%D8%AF-%D8%B3%D9%85%D9%88%D9%85?page=133
کود مایع روتی فرت مدل NPK 5-10-40 حجم یک لیتر ( پس کرایه ),,200000,200000.0,1.0,True,https://basalam.com/cat/tools/%D8%AE%D8%A7%DA%A9-%DA%A9%D9%88%D8%AF-%D8%B3%D9%85%D9%88%D9%85?page=133
کود مونو آمونیوم فسفات پرینوا,,4281250,171250.0,25.0,True,https://basalam.com/cat/tools/%D8%AE%D8%A7%DA%A9-%DA%A9%D9%88%D8%AF-%D8%B3%D9%85%D9%88%D9%85?page=133
کود آلی مایع بمب انرژی رویش سبز 120 میلی لیتری با چند کارایی,,51000,300000.0,0.17,True,https://basalam.com/cat/tools/%D8%AE%D8%A7%DA%A9-%DA%A9%D9%88%D8%AF-%D8%B3%D9%85%D9%88%D9%85?page=133
کود آمینو اسید پودری تایمکس,,47000,783333.3333333334,0.06,True,https://basalam.com/cat/tools/%D8%AE%D8%A7%DA%A9-%DA%A9%D9%88%D8%AF-%D8%B3%D9%85%D9%88%D9%85?page=133
کود اکسلو اسید هیومیک کا پلاس اس,,980000,980000.0,1.0,True,https://basalam.com/cat/tools/%D8%AE%D8%A7%DA%A9-%DA%A9%D9%88%D8%AF-%D8%B3%D9%85%D9%88%D9%85?page=133
کود سانسوی گرین کد NPK 12-12-36 مدل پودری وزن یک کیلوگرم ( پس کرایه ),,214000,214000.0,1.0,True,https://basalam.com/cat/tools/%D8%AE%D8%A7%DA%A9-%DA%A9%D9%88%D8%AF-%D8%B3%D9%85%D9%88%D9%85?page=133
کود کاکتوس تایمکس مخصوص انواع کاکتوس و ساکولنت 150 میلی لیتر,,65000,433333.3333333334,0.15,True,https://basalam.com/cat/tools/%D8%AE%D8%A7%DA%A9-%DA%A9%D9%88%D8%AF-%D8%B3%D9%85%D9%88%D9%85?page=133
کود ان پی کا غنی شده تایمکس npk حجم 150میلی لیتر,,69000,460000.0,0.15,True,https://basalam.com/cat/tools/%D8%AE%D8%A7%DA%A9-%DA%A9%D9%88%D8%AF-%D8%B3%D9%85%D9%88%D9%85?page=133
کود جلبک دریایی( پس کرایه),,40000,1333333.3333333335,0.03,True,https://basalam.com/cat/tools/%D8%AE%D8%A7%DA%A9-%DA%A9%D9%88%D8%AF-%D8%B3%D9%85%D9%88%D9%85?page=134
کود نیترات کلسیم برند باواریا آلمان 100 گرمی,,45000,450000.0,0.1,True,https://basalam.com/cat/tools/%D8%AE%D8%A7%DA%A9-%DA%A9%D9%88%D8%AF-%D8%B3%D9%85%D9%88%D9%85?page=134
کود اسید آمینه مایع,,32000,290909.0909090909,0.11,True,https://basalam.com/cat/tools/%D8%AE%D8%A7%DA%A9-%DA%A9%D9%88%D8%AF-%D8%B3%D9%85%D9%88%D9%85?page=134
کود 10 52 10 (مخصوص ریشه) 100 گرمی,,25000,250000.0,0.1,True,https://basalam.com/cat/tools/%D8%AE%D8%A7%DA%A9-%DA%A9%D9%88%D8%AF-%D8%B3%D9%85%D9%88%D9%85?page=134
کود 36-12-12 ( پتاس بالا ) 200 گرمی,,36000,180000.0,0.2,True,https://basalam.com/cat/tools/%D8%AE%D8%A7%DA%A9-%DA%A9%D9%88%D8%AF-%D8%B3%D9%85%D9%88%D9%85?page=134
کود اسید هیومیک 40گرمی,,30000,750000.0,0.04,True,https://basalam.com/cat/tools/%D8%AE%D8%A7%DA%A9-%DA%A9%D9%88%D8%AF-%D8%B3%D9%85%D9%88%D9%85?page=134
کود گلدهی بنفشه آفریقایی,,40000,1000000.0,0.04,True,https://basalam.com/cat/tools/%D8%AE%D8%A7%DA%A9-%DA%A9%D9%88%D8%AF-%D8%B3%D9%85%D9%88%D9%85?page=134
کود گرانولی میوه پوکون هلند,,650000,650000.0,1.0,True,https://basalam.com/cat/tools/%D8%AE%D8%A7%DA%A9-%DA%A9%D9%88%D8%AF-%D8%B3%D9%85%D9%88%D9%85?page=134
کود فروت ست پودری,,400000,400000.0,1.0,True,https://basalam.com/cat/tools/%D8%AE%D8%A7%DA%A9-%DA%A9%D9%88%D8%AF-%D8%B3%D9%85%D9%88%D9%85?page=134
کود مایع فرمولا 1 حاوی 40 درصد نیتروژن,,280000,280000.0,1.0,True,https://basalam.com/cat/tools/%D8%AE%D8%A7%DA%A9-%DA%A9%D9%88%D8%AF-%D8%B3%D9%85%D9%88%D9%85?page=134
کود سولفات روی پرینوا,,160000,160000.0,1.0,True,https://basalam.com/cat/tools/%D8%AE%D8%A7%DA%A9-%DA%A9%D9%88%D8%AF-%D8%B3%D9%85%D9%88%D9%85?page=134
کود جلبک دریایی بیوآلجاکس,,1300000,1300000.0,1.0,True,https://basalam.com/cat/tools/%D8%AE%D8%A7%DA%A9-%DA%A9%D9%88%D8%AF-%D8%B3%D9%85%D9%88%D9%85?page=134
کود جلبک دریایی سولو سی پلنت چویس یا پلنت چویس جلبک,,1800000,1800000.0,1.0,True,https://basalam.com/cat/tools/%D8%AE%D8%A7%DA%A9-%DA%A9%D9%88%D8%AF-%D8%B3%D9%85%D9%88%D9%85?page=134
کود بمباردیر,,1200000,1200000.0,1.0,True,https://basalam.com/cat/tools/%D8%AE%D8%A7%DA%A9-%DA%A9%D9%88%D8%AF-%D8%B3%D9%85%D9%88%D9%85?page=134
کود مایع ارگانیک 100 سی سی جنگل,,75000,750000.0,0.1,True,https://basalam.com/cat/tools/%D8%AE%D8%A7%DA%A9-%DA%A9%D9%88%D8%AF-%D8%B3%D9%85%D9%88%D9%85?page=134
کود کامل مخصوص گیاهان آپارتمانی,,60000,1200000.0,0.05,True,https://basalam.com/cat/tools/%D8%AE%D8%A7%DA%A9-%DA%A9%D9%88%D8%AF-%D8%B3%D9%85%D9%88%D9%85?page=134
کود 30-53-10 اسپانیایی مخصوص پاجوش و افزایش برگدهی,,75000,750000.0,0.1,True,https://basalam.com/cat/tools/%D8%AE%D8%A7%DA%A9-%DA%A9%D9%88%D8%AF-%D8%B3%D9%85%D9%88%D9%85?page=134
کود مایع رشد انفجاری و برگ دهی و تقویت ساقه,,75000,326086.95652173914,0.23,True,https://basalam.com/cat/tools/%D8%AE%D8%A7%DA%A9-%DA%A9%D9%88%D8%AF-%D8%B3%D9%85%D9%88%D9%85?page=134
کود تقویتی مخصوص درخت انبه ظرافت,,47000,391666.6666666667,0.12,True,https://basalam.com/cat/tools/%D8%AE%D8%A7%DA%A9-%DA%A9%D9%88%D8%AF-%D8%B3%D9%85%D9%88%D9%85?page=134
کود تقویتی مخصوص سروپژیا ظرافت وزن 50 گرم,,49000,980000.0,0.05,True,https://basalam.com/cat/tools/%D8%AE%D8%A7%DA%A9-%DA%A9%D9%88%D8%AF-%D8%B3%D9%85%D9%88%D9%85?page=134
کود تقویتی مخصوص ماش ظرافت,,47000,391666.6666666667,0.12,True,https://basalam.com/cat/tools/%D8%AE%D8%A7%DA%A9-%DA%A9%D9%88%D8%AF-%D8%B3%D9%85%D9%88%D9%85?page=134
کود تقویتی مخصوص برگ انجیری ظرافت وزن 50 گرم,,49000,980000.0,0.05,True,https://basalam.com/cat/tools/%D8%AE%D8%A7%DA%A9-%DA%A9%D9%88%D8%AF-%D8%B3%D9%85%D9%88%D9%85?page=134
کود مایع گل رز فلاور آمی 125 میلی لیتر (بسته 2 عددی),,76000,253333.3333333333,0.3,True,https://basalam.com/cat/tools/%D8%AE%D8%A7%DA%A9-%DA%A9%D9%88%D8%AF-%D8%B3%D9%85%D9%88%D9%85?page=134
کود هیومیک اسید پودری تتاکو,,440000,440000.0,1.0,True,https://basalam.com/cat/tools/%D8%AE%D8%A7%DA%A9-%DA%A9%D9%88%D8%AF-%D8%B3%D9%85%D9%88%D9%85?page=135
کود تقویتی مخصوص درخت سرخس ظرافت,,47000,391666.6666666667,0.12,True,https://basalam.com/cat/tools/%D8%AE%D8%A7%DA%A9-%DA%A9%D9%88%D8%AF-%D8%B3%D9%85%D9%88%D9%85?page=135
کود تقویتی مخصوص دیپلادنیا ظرافت وزن 50 گرم,,49000,980000.0,0.05,True,https://basalam.com/cat/tools/%D8%AE%D8%A7%DA%A9-%DA%A9%D9%88%D8%AF-%D8%B3%D9%85%D9%88%D9%85?page=135
کود تقویتی مخصوص گل نیلوفر ظرافت وزن 50 گرم,,49000,980000.0,0.05,True,https://basalam.com/cat/tools/%D8%AE%D8%A7%DA%A9-%DA%A9%D9%88%D8%AF-%D8%B3%D9%85%D9%88%D9%85?page=135
کود تقویتی مخصوص درخت ازگیل ظرافت وزن 50 گرم,,49000,980000.0,0.05,True,https://basalam.com/cat/tools/%D8%AE%D8%A7%DA%A9-%DA%A9%D9%88%D8%AF-%D8%B3%D9%85%D9%88%D9%85?page=135
کود تقویتی مخصوص گل مینا چمنی ظرافت وزن 50 گرم,,49000,980000.0,0.05,True,https://basalam.com/cat/tools/%D8%AE%D8%A7%DA%A9-%DA%A9%D9%88%D8%AF-%D8%B3%D9%85%D9%88%D9%85?page=135
کود تقویتی مخصوص پرنده بهشتی ( استرلیتزیا ) ظرافت وزن 50 گرم,,49000,980000.0,0.05,True,https://basalam.com/cat/tools/%D8%AE%D8%A7%DA%A9-%DA%A9%D9%88%D8%AF-%D8%B3%D9%85%D9%88%D9%85?page=135
کود تقویتی مخصوص گل شقایق ظرافت وزن 50 گرم,,49000,980000.0,0.05,True,https://basalam.com/cat/tools/%D8%AE%D8%A7%DA%A9-%DA%A9%D9%88%D8%AF-%D8%B3%D9%85%D9%88%D9%85?page=135
کود تقویتی مخصوص گل شب بو ظرافت وزن 50 گرم,,49000,980000.0,0.05,True,https://basalam.com/cat/tools/%D8%AE%D8%A7%DA%A9-%DA%A9%D9%88%D8%AF-%D8%B3%D9%85%D9%88%D9%85?page=135
کود تقویتی مخصوص گل پنتاس ( پنج پر ) ظرافت وزن 50 گرم,,49000,980000.0,0.05,True,https://basalam.com/cat/tools/%D8%AE%D8%A7%DA%A9-%DA%A9%D9%88%D8%AF-%D8%B3%D9%85%D9%88%D9%85?page=135
کود تقویتی مخصوص گشنیز ظرافت وزن 50 گرم,,49000,980000.0,0.05,True,https://basalam.com/cat/tools/%D8%AE%D8%A7%DA%A9-%DA%A9%D9%88%D8%AF-%D8%B3%D9%85%D9%88%D9%85?page=135
کود تقویتی مخصوص رازبری ( رزبری ) ظرافت,,47000,391666.6666666667,0.12,True,https://basalam.com/cat/tools/%D8%AE%D8%A7%DA%A9-%DA%A9%D9%88%D8%AF-%D8%B3%D9%85%D9%88%D9%85?page=135
کود تقویتی مخصوص کاکتوس ژمینو ظرافت وزن 50 گرم,,49000,980000.0,0.05,True,https://basalam.com/cat/tools/%D8%AE%D8%A7%DA%A9-%DA%A9%D9%88%D8%AF-%D8%B3%D9%85%D9%88%D9%85?page=135
کود تقویتی مخصوص آئونیوم ( گل بشقابی ) ظرافت,,47000,391666.6666666667,0.12,True,https://basalam.com/cat/tools/%D8%AE%D8%A7%DA%A9-%DA%A9%D9%88%D8%AF-%D8%B3%D9%85%D9%88%D9%85?page=135
کود تقویتی مخصوص گل لیمونیوم ( زنبوری استاتیس ) ظرافت,,47000,391666.6666666667,0.12,True,https://basalam.com/cat/tools/%D8%AE%D8%A7%DA%A9-%DA%A9%D9%88%D8%AF-%D8%B3%D9%85%D9%88%D9%85?page=135
کود تقویتی مخصوص بنت قنسول ظرافت وزن 50 گرم,,49000,980000.0,0.05,True,https://basalam.com/cat/tools/%D8%AE%D8%A7%DA%A9-%DA%A9%D9%88%D8%AF-%D8%B3%D9%85%D9%88%D9%85?page=135
کود تقویتی مخصوص نخود ظرافت,,47000,391666.6666666667,0.12,True,https://basalam.com/cat/tools/%D8%AE%D8%A7%DA%A9-%DA%A9%D9%88%D8%AF-%D8%B3%D9%85%D9%88%D9%85?page=135
کود تقویتی مخصوص گل اشرفی ( کورئوپسیس ) ظرافت,,47000,391666.6666666667,0.12,True,https://basalam.com/cat/tools/%D8%AE%D8%A7%DA%A9-%DA%A9%D9%88%D8%AF-%D8%B3%D9%85%D9%88%D9%85?page=135
کود تقویتی مخصوص گل عروس ظرافت,,47000,391666.6666666667,0.12,True,https://basalam.com/cat/tools/%D8%AE%D8%A7%DA%A9-%DA%A9%D9%88%D8%AF-%D8%B3%D9%85%D9%88%D9%85?page=135
کود تقویتی مخصوص کرفس ظرافت وزن 50 گرم,,49000,980000.0,0.05,True,https://basalam.com/cat/tools/%D8%AE%D8%A7%DA%A9-%DA%A9%D9%88%D8%AF-%D8%B3%D9%85%D9%88%D9%85?page=135
کود تقویتی مخصوص بلوپرون ( گل میگو ) ظرافت,,47000,391666.6666666667,0.12,True,https://basalam.com/cat/tools/%D8%AE%D8%A7%DA%A9-%DA%A9%D9%88%D8%AF-%D8%B3%D9%85%D9%88%D9%85?page=135
کود تقویتی مخصوص سنبل الطیب ظرافت وزن 50 گرم,,49000,980000.0,0.05,True,https://basalam.com/cat/tools/%D8%AE%D8%A7%DA%A9-%DA%A9%D9%88%D8%AF-%D8%B3%D9%85%D9%88%D9%85?page=135
کود تقویتی مخصوص آفلاندرا ( گیاه گورخری ) ظرافت وزن 50 گرم,,49000,980000.0,0.05,True,https://basalam.com/cat/tools/%D8%AE%D8%A7%DA%A9-%DA%A9%D9%88%D8%AF-%D8%B3%D9%85%D9%88%D9%85?page=135
کود تقویتی مخصوص نخود فرنگی ظرافت,,47000,391666.6666666667,0.12,True,https://basalam.com/cat/tools/%D8%AE%D8%A7%DA%A9-%DA%A9%D9%88%D8%AF-%D8%B3%D9%85%D9%88%D9%85?page=135
کود آمینو اسید 120 میلی لیتر (بسته 3 عددی),,95000,211111.1111111111,0.45,True,https://basalam.com/cat/tools/%D8%AE%D8%A7%DA%A9-%DA%A9%D9%88%D8%AF-%D8%B3%D9%85%D9%88%D9%85?page=135
کود مایع کاکتوس فلاور آمی 125 میلی لیتر (بسته 2 عددی),,76000,253333.3333333333,0.3,True,https://basalam.com/cat/tools/%D8%AE%D8%A7%DA%A9-%DA%A9%D9%88%D8%AF-%D8%B3%D9%85%D9%88%D9%85?page=135
کود تقویتی مخصوص برونفلزیا ظرافت,,47000,391666.6666666667,0.12,True,https://basalam.com/cat/tools/%D8%AE%D8%A7%DA%A9-%DA%A9%D9%88%D8%AF-%D8%B3%D9%85%D9%88%D9%85?page=135
کود تقویتی مخصوص گل آشیانتوس ظرافت,,47000,391666.6666666667,0.12,True,https://basalam.com/cat/tools/%D8%AE%D8%A7%DA%A9-%DA%A9%D9%88%D8%AF-%D8%B3%D9%85%D9%88%D9%85?page=135
کود تقویتی مخصوص مرزه ظرافت,,47000,391666.6666666667,0.12,True,https://basalam.com/cat/tools/%D8%AE%D8%A7%DA%A9-%DA%A9%D9%88%D8%AF-%D8%B3%D9%85%D9%88%D9%85?page=135
کود تقویتی مخصوص کالیش ظرافت,,47000,391666.6666666667,0.12,True,https://basalam.com/cat/tools/%D8%AE%D8%A7%DA%A9-%DA%A9%D9%88%D8%AF-%D8%B3%D9%85%D9%88%D9%85?page=135
کود تقویتی مخصوص هویج ظرافت,,47000,391666.6666666667,0.12,True,https://basalam.com/cat/tools/%D8%AE%D8%A7%DA%A9-%DA%A9%D9%88%D8%AF-%D8%B3%D9%85%D9%88%D9%85?page=135
کود تقویتی مخصوص چمن ظرافت,,47000,391666.6666666667,0.12,True,https://basalam.com/cat/tools/%D8%AE%D8%A7%DA%A9-%DA%A9%D9%88%D8%AF-%D8%B3%D9%85%D9%88%D9%85?page=135
کود تقویتی مخصوص ذرت ظرافت,,47000,391666.6666666667,0.12,True,https://basalam.com/cat/tools/%D8%AE%D8%A7%DA%A9-%DA%A9%D9%88%D8%AF-%D8%B3%D9%85%D9%88%D9%85?page=135
کود تقویتی مخصوص پیله آ ( آلومینیومی ) ظرافت,,47000,391666.6666666667,0.12,True,https://basalam.com/cat/tools/%D8%AE%D8%A7%DA%A9-%DA%A9%D9%88%D8%AF-%D8%B3%D9%85%D9%88%D9%85?page=135
کود تقویتی مخصوص چمن عروس ( هلکسین ) ظرافت,,47000,391666.6666666667,0.12,True,https://basalam.com/cat/tools/%D8%AE%D8%A7%DA%A9-%DA%A9%D9%88%D8%AF-%D8%B3%D9%85%D9%88%D9%85?page=135
کود تقویتی مخصوص مارچوبه ظرافت وزن 50 گرم,,49000,980000.0,0.05,True,https://basalam.com/cat/tools/%D8%AE%D8%A7%DA%A9-%DA%A9%D9%88%D8%AF-%D8%B3%D9%85%D9%88%D9%85?page=135
کود تقویتی مخصوص گل پیچک ظرافت وزن 50 گرم,,49000,980000.0,0.05,True,https://basalam.com/cat/tools/%D8%AE%D8%A7%DA%A9-%DA%A9%D9%88%D8%AF-%D8%B3%D9%85%D9%88%D9%85?page=135
کود تقویتی مخصوص آگاو آناناسی ( هچیتا ) ظرافت,,47000,391666.6666666667,0.12,True,https://basalam.com/cat/tools/%D8%AE%D8%A7%DA%A9-%DA%A9%D9%88%D8%AF-%D8%B3%D9%85%D9%88%D9%85?page=135
کود تقویتی مخصوص گل سنبل ظرافت,,47000,391666.6666666667,0.12,True,https://basalam.com/cat/tools/%D8%AE%D8%A7%DA%A9-%DA%A9%D9%88%D8%AF-%D8%B3%D9%85%D9%88%D9%85?page=135
کود تقویتی مخصوص گل میخک ظرافت,,47000,391666.6666666667,0.12,True,https://basalam.com/cat/tools/%D8%AE%D8%A7%DA%A9-%DA%A9%D9%88%D8%AF-%D8%B3%D9%85%D9%88%D9%85?page=135
کود تقویتی مخصوص کروتون ظرافت,,47000,391666.6666666667,0.12,True,https://basalam.com/cat/tools/%D8%AE%D8%A7%DA%A9-%DA%A9%D9%88%D8%AF-%D8%B3%D9%85%D9%88%D9%85?page=135
کود تقویتی مخصوص نخل لیکوالا ( نخل بادبزنی ) ظرافت,,47000,391666.6666666667,0.12,True,https://basalam.com/cat/tools/%D8%AE%D8%A7%DA%A9-%DA%A9%D9%88%D8%AF-%D8%B3%D9%85%D9%88%D9%85?page=135
کود تقویتی مخصوص سانسوریا کانالیکولاتا ظرافت وزن 50 گرم,,49000,980000.0,0.05,True,https://basalam.com/cat/tools/%D8%AE%D8%A7%DA%A9-%DA%A9%D9%88%D8%AF-%D8%B3%D9%85%D9%88%D9%85?page=135
کود تقویتی مخصوص گل آلیسوم ظرافت وزن 50 گرم,,49000,980000.0,0.05,True,https://basalam.com/cat/tools/%D8%AE%D8%A7%DA%A9-%DA%A9%D9%88%D8%AF-%D8%B3%D9%85%D9%88%D9%85?page=135
کود تقویتی مخصوص گل اختر ظرافت وزن 50 گرم,,49000,980000.0,0.05,True,https://basalam.com/cat/tools/%D8%AE%D8%A7%DA%A9-%DA%A9%D9%88%D8%AF-%D8%B3%D9%85%D9%88%D9%85?page=135
کود تقویتی مخصوص درخت کاج ظرافت,,47000,391666.6666666667,0.12,True,https://basalam.com/cat/tools/%D8%AE%D8%A7%DA%A9-%DA%A9%D9%88%D8%AF-%D8%B3%D9%85%D9%88%D9%85?page=135
کود تقویتی مخصوص درخت توت ظرافت,,47000,391666.6666666667,0.12,True,https://basalam.com/cat/tools/%D8%AE%D8%A7%DA%A9-%DA%A9%D9%88%D8%AF-%D8%B3%D9%85%D9%88%D9%85?page=135
کود تقویتی مخصوص گل مینا چمنی ظرافت,,47000,391666.6666666667,0.12,True,https://basalam.com/cat/tools/%D8%AE%D8%A7%DA%A9-%DA%A9%D9%88%D8%AF-%D8%B3%D9%85%D9%88%D9%85?page=136
کود تقویتی مخصوص ایرسین ظرافت وزن 50 گرم,,49000,980000.0,0.05,True,https://basalam.com/cat/tools/%D8%AE%D8%A7%DA%A9-%DA%A9%D9%88%D8%AF-%D8%B3%D9%85%D9%88%D9%85?page=136
کود تقویتی مخصوص سانسوریا نیزه آفریقایی ( سانسوریا لوله ای ) ظرافت وزن 50 گرم,,49000,980000.0,0.05,True,https://basalam.com/cat/tools/%D8%AE%D8%A7%DA%A9-%DA%A9%D9%88%D8%AF-%D8%B3%D9%85%D9%88%D9%85?page=136
کود تقویتی مخصوص تره ظرافت وزن 50 گرم,,49000,980000.0,0.05,True,https://basalam.com/cat/tools/%D8%AE%D8%A7%DA%A9-%DA%A9%D9%88%D8%AF-%D8%B3%D9%85%D9%88%D9%85?page=136
کود تقویتی مخصوص گلرنگ ظرافت,,47000,391666.6666666667,0.12,True,https://basalam.com/cat/tools/%D8%AE%D8%A7%DA%A9-%DA%A9%D9%88%D8%AF-%D8%B3%D9%85%D9%88%D9%85?page=136
کود تقویتی مخصوص تره فرنگی ظرافت,,47000,391666.6666666667,0.12,True,https://basalam.com/cat/tools/%D8%AE%D8%A7%DA%A9-%DA%A9%D9%88%D8%AF-%D8%B3%D9%85%D9%88%D9%85?page=136
کود تقویتی مخصوص شفلرا ظرافت وزن 50 گرم,,49000,980000.0,0.05,True,https://basalam.com/cat/tools/%D8%AE%D8%A7%DA%A9-%DA%A9%D9%88%D8%AF-%D8%B3%D9%85%D9%88%D9%85?page=136
کود تقویتی مخصوص کاکتوس میرتلو ظرافت,,47000,391666.6666666667,0.12,True,https://basalam.com/cat/tools/%D8%AE%D8%A7%DA%A9-%DA%A9%D9%88%D8%AF-%D8%B3%D9%85%D9%88%D9%85?page=136
کود تقویتی مخصوص فیلودندرون ماندایانوم ظرافت وزن 50 گرم,,49000,980000.0,0.05,True,https://basalam.com/cat/tools/%D8%AE%D8%A7%DA%A9-%DA%A9%D9%88%D8%AF-%D8%B3%D9%85%D9%88%D9%85?page=136
کود تقویتی مخصوص کاکتوس اچینو ظرافت وزن 50 گرم,,49000,980000.0,0.05,True,https://basalam.com/cat/tools/%D8%AE%D8%A7%DA%A9-%DA%A9%D9%88%D8%AF-%D8%B3%D9%85%D9%88%D9%85?page=136
کود تقویتی مخصوص ذرت ظرافت وزن 50 گرم,,49000,980000.0,0.05,True,https://basalam.com/cat/tools/%D8%AE%D8%A7%DA%A9-%DA%A9%D9%88%D8%AF-%D8%B3%D9%85%D9%88%D9%85?page=136
کود تقویتی مخصوص دیفن کاملیا ظرافت وزن 50 گرم,,49000,980000.0,0.05,True,https://basalam.com/cat/tools/%D8%AE%D8%A7%DA%A9-%DA%A9%D9%88%D8%AF-%D8%B3%D9%85%D9%88%D9%85?page=136
کود تقویتی مخصوص گل قرنفل ظرافت وزن 50 گرم,,49000,980000.0,0.05,True,https://basalam.com/cat/tools/%D8%AE%D8%A7%DA%A9-%DA%A9%D9%88%D8%AF-%D8%B3%D9%85%D9%88%D9%85?page=136
کود تقویتی مخصوص تره فرنگی ظرافت وزن 50 گرم,,49000,980000.0,0.05,True,https://basalam.com/cat/tools/%D8%AE%D8%A7%DA%A9-%DA%A9%D9%88%D8%AF-%D8%B3%D9%85%D9%88%D9%85?page=136
کود تقویتی مخصوص پولیس کیاس ظرافت وزن 50 گرم,,49000,980000.0,0.05,True,https://basalam.com/cat/tools/%D8%AE%D8%A7%DA%A9-%DA%A9%D9%88%D8%AF-%D8%B3%D9%85%D9%88%D9%85?page=136
کود تقویتی مخصوص گل آفتابگردان ظرافت,,47000,391666.6666666667,0.12,True,https://basalam.com/cat/tools/%D8%AE%D8%A7%DA%A9-%DA%A9%D9%88%D8%AF-%D8%B3%D9%85%D9%88%D9%85?page=136
کود تقویتی مخصوص گل شیپوری ظرافت,,47000,391666.6666666667,0.12,True,https://basalam.com/cat/tools/%D8%AE%D8%A7%DA%A9-%DA%A9%D9%88%D8%AF-%D8%B3%D9%85%D9%88%D9%85?page=136
کود تقویتی مخصوص گل مرجان ظرافت وزن 50 گرم,,49000,980000.0,0.05,True,https://basalam.com/cat/tools/%D8%AE%D8%A7%DA%A9-%DA%A9%D9%88%D8%AF-%D8%B3%D9%85%D9%88%D9%85?page=136
کود تقویتی مخصوص گل نماتانتوس ظرافت,,47000,391666.6666666667,0.12,True,https://basalam.com/cat/tools/%D8%AE%D8%A7%DA%A9-%DA%A9%D9%88%D8%AF-%D8%B3%D9%85%D9%88%D9%85?page=136
کود تقویتی مخصوص گل شیپوری ظرافت وزن 50 گرم,,49000,980000.0,0.05,True,https://basalam.com/cat/tools/%D8%AE%D8%A7%DA%A9-%DA%A9%D9%88%D8%AF-%D8%B3%D9%85%D9%88%D9%85?page=136
کود تقویتی مخصوص گل لاله ظرافت وزن 50 گرم,,49000,980000.0,0.05,True,https://basalam.com/cat/tools/%D8%AE%D8%A7%DA%A9-%DA%A9%D9%88%D8%AF-%D8%B3%D9%85%D9%88%D9%85?page=136
کود تقویتی مخصوص گل ختمی ظرافت,,47000,391666.6666666667,0.12,True,https://basalam.com/cat/tools/%D8%AE%D8%A7%DA%A9-%DA%A9%D9%88%D8%AF-%D8%B3%D9%85%D9%88%D9%85?page=136
کود تقویتی مخصوص رکشتاینریا ظرافت,,47000,391666.6666666667,0.12,True,https://basalam.com/cat/tools/%D8%AE%D8%A7%DA%A9-%DA%A9%D9%88%D8%AF-%D8%B3%D9%85%D9%88%D9%85?page=136
کود تقویتی مخصوص درخت آلبالو ظرافت,,47000,391666.6666666667,0.12,True,https://basalam.com/cat/tools/%D8%AE%D8%A7%DA%A9-%DA%A9%D9%88%D8%AF-%D8%B3%D9%85%D9%88%D9%85?page=136
کود تقویتی مخصوص درخت زیتون ظرافت,,47000,391666.6666666667,0.12,True,https://basalam.com/cat/tools/%D8%AE%D8%A7%DA%A9-%DA%A9%D9%88%D8%AF-%D8%B3%D9%85%D9%88%D9%85?page=136
کود تقویتی مخصوص گل استرپتوکارپوس ( پیچان بر ) ظرافت,,47000,391666.6666666667,0.12,True,https://basalam.com/cat/tools/%D8%AE%D8%A7%DA%A9-%DA%A9%D9%88%D8%AF-%D8%B3%D9%85%D9%88%D9%85?page=136
کود تقویتی مخصوص کاکتوس آگاو لوفانتا ظرافت وزن 50 گرم,,49000,980000.0,0.05,True,https://basalam.com/cat/tools/%D8%AE%D8%A7%DA%A9-%DA%A9%D9%88%D8%AF-%D8%B3%D9%85%D9%88%D9%85?page=136
کود تقویتی مخصوص گل انیسون ( بادیان رومی ) ظرافت,,47000,391666.6666666667,0.12,True,https://basalam.com/cat/tools/%D8%AE%D8%A7%DA%A9-%DA%A9%D9%88%D8%AF-%D8%B3%D9%85%D9%88%D9%85?page=136
کود مایع کاکتوس فلاور آمی 125 میلی لیتر (بسته 3 عددی),,110000,244444.44444444444,0.45,True,https://basalam.com/cat/tools/%D8%AE%D8%A7%DA%A9-%DA%A9%D9%88%D8%AF-%D8%B3%D9%85%D9%88%D9%85?page=136
کود تقویتی مخصوص فیلودندرون ایمپریال ظرافت وزن 50 گرم,,49000,980000.0,0.05,True,https://basalam.com/cat/tools/%D8%AE%D8%A7%DA%A9-%DA%A9%D9%88%D8%AF-%D8%B3%D9%85%D9%88%D9%85?page=136
کود تقویتی مخصوص فیلودندرون اوکسی کاردیوم ظرافت وزن 50 گرم,,49000,980000.0,0.05,True,https://basalam.com/cat/tools/%D8%AE%D8%A7%DA%A9-%DA%A9%D9%88%D8%AF-%D8%B3%D9%85%D9%88%D9%85?page=136
کود مایع آهن فلاور آمی 125 میلی لیتر (بسته 2 عددی),,69000,215625.0,0.32,True,https://basalam.com/cat/tools/%D8%AE%D8%A7%DA%A9-%DA%A9%D9%88%D8%AF-%D8%B3%D9%85%D9%88%D9%85?page=136
کود تقویتی مخصوص ناتال ظرافت,,47000,391666.6666666667,0.12,True,https://basalam.com/cat/tools/%D8%AE%D8%A7%DA%A9-%DA%A9%D9%88%D8%AF-%D8%B3%D9%85%D9%88%D9%85?page=136
کود تقویتی مخصوص فیلودندرون ایمپریال ظرافت,,47000,391666.6666666667,0.12,True,https://basalam.com/cat/tools/%D8%AE%D8%A7%DA%A9-%DA%A9%D9%88%D8%AF-%D8%B3%D9%85%D9%88%D9%85?page=136
کود تقویتی مخصوص درخت به ظرافت وزن 50 گرم,,49000,980000.0,0.05,True,https://basalam.com/cat/tools/%D8%AE%D8%A7%DA%A9-%DA%A9%D9%88%D8%AF-%D8%B3%D9%85%D9%88%D9%85?page=136
کود تقویتی مخصوص برونفلزیا ظرافت وزن 50 گرم,,49000,980000.0,0.05,True,https://basalam.com/cat/tools/%D8%AE%D8%A7%DA%A9-%DA%A9%D9%88%D8%AF-%D8%B3%D9%85%D9%88%D9%85?page=136
کود تقویتی مخصوص برووالیا ظرافت وزن 50 گرم,,49000,980000.0,0.05,True,https://basalam.com/cat/tools/%D8%AE%D8%A7%DA%A9-%DA%A9%D9%88%D8%AF-%D8%B3%D9%85%D9%88%D9%85?page=136
کود تقویتی مخصوص گل داوودی ظرافت,,47000,391666.6666666667,0.12,True,https://basalam.com/cat/tools/%D8%AE%D8%A7%DA%A9-%DA%A9%D9%88%D8%AF-%D8%B3%D9%85%D9%88%D9%85?page=136
کود تقویتی مخصوص گل تاج خروس ظرافت,,47000,391666.6666666667,0.12,True,https://basalam.com/cat/tools/%D8%AE%D8%A7%DA%A9-%DA%A9%D9%88%D8%AF-%D8%B3%D9%85%D9%88%D9%85?page=136
کود تقویتی مخصوص بادمجان ظرافت وزن 50 گرم,,49000,980000.0,0.05,True,https://basalam.com/cat/tools/%D8%AE%D8%A7%DA%A9-%DA%A9%D9%88%D8%AF-%D8%B3%D9%85%D9%88%D9%85?page=136
کود تقویتی مخصوص بلوبری ظرافت,,47000,391666.6666666667,0.12,True,https://basalam.com/cat/tools/%D8%AE%D8%A7%DA%A9-%DA%A9%D9%88%D8%AF-%D8%B3%D9%85%D9%88%D9%85?page=136
کود تقویتی مخصوص پیاز ظرافت وزن 50 گرم,,49000,980000.0,0.05,True,https://basalam.com/cat/tools/%D8%AE%D8%A7%DA%A9-%DA%A9%D9%88%D8%AF-%D8%B3%D9%85%D9%88%D9%85?page=136
کود تقویتی مخصوص وریزیا ظرافت,,47000,391666.6666666667,0.12,True,https://basalam.com/cat/tools/%D8%AE%D8%A7%DA%A9-%DA%A9%D9%88%D8%AF-%D8%B3%D9%85%D9%88%D9%85?page=136
کود تقویتی مخصوص برگ قاشقی ظرافت,,47000,391666.6666666667,0.12,True,https://basalam.com/cat/tools/%D8%AE%D8%A7%DA%A9-%DA%A9%D9%88%D8%AF-%D8%B3%D9%85%D9%88%D9%85?page=136
کود تقویتی مخصوص پوتوس ( پتوس ) ظرافت,,47000,391666.6666666667,0.12,True,https://basalam.com/cat/tools/%D8%AE%D8%A7%DA%A9-%DA%A9%D9%88%D8%AF-%D8%B3%D9%85%D9%88%D9%85?page=136
کود تقویتی مخصوص اسفناج ظرافت,,47000,391666.6666666667,0.12,True,https://basalam.com/cat/tools/%D8%AE%D8%A7%DA%A9-%DA%A9%D9%88%D8%AF-%D8%B3%D9%85%D9%88%D9%85?page=136
کود تقویتی مخصوص شاهی ظرافت,,47000,391666.6666666667,0.12,True,https://basalam.com/cat/tools/%D8%AE%D8%A7%DA%A9-%DA%A9%D9%88%D8%AF-%D8%B3%D9%85%D9%88%D9%85?page=136
کود تقویتی مخصوص کریپتانتوس ظرافت,,47000,391666.6666666667,0.12,True,https://basalam.com/cat/tools/%D8%AE%D8%A7%DA%A9-%DA%A9%D9%88%D8%AF-%D8%B3%D9%85%D9%88%D9%85?page=137
کود تقویتی مخصوص گل ماهونیا ظرافت,,47000,391666.6666666667,0.12,True,https://basalam.com/cat/tools/%D8%AE%D8%A7%DA%A9-%DA%A9%D9%88%D8%AF-%D8%B3%D9%85%D9%88%D9%85?page=137
کود تقویتی مخصوص آسپلنیوم ( سرخس لانه پرنده ) ظرافت وزن 50 گرم,,49000,980000.0,0.05,True,https://basalam.com/cat/tools/%D8%AE%D8%A7%DA%A9-%DA%A9%D9%88%D8%AF-%D8%B3%D9%85%D9%88%D9%85?page=137
کود تقویتی مخصوص زوفا ظرافت وزن 50 گرم,,49000,980000.0,0.05,True,https://basalam.com/cat/tools/%D8%AE%D8%A7%DA%A9-%DA%A9%D9%88%D8%AF-%D8%B3%D9%85%D9%88%D9%85?page=137
کود تقویتی مخصوص درخت آلبالو ظرافت وزن 50 گرم,,49000,980000.0,0.05,True,https://basalam.com/cat/tools/%D8%AE%D8%A7%DA%A9-%DA%A9%D9%88%D8%AF-%D8%B3%D9%85%D9%88%D9%85?page=137
کود تقویتی مخصوص چایو ( پیاز کوهی ) ظرافت وزن 50 گرم,,49000,980000.0,0.05,True,https://basalam.com/cat/tools/%D8%AE%D8%A7%DA%A9-%DA%A9%D9%88%D8%AF-%D8%B3%D9%85%D9%88%D9%85?page=137
کود تقویتی مخصوص گل یخ ظرافت وزن 50 گرم,,49000,980000.0,0.05,True,https://basalam.com/cat/tools/%D8%AE%D8%A7%DA%A9-%DA%A9%D9%88%D8%AF-%D8%B3%D9%85%D9%88%D9%85?page=137
کود تقویتی مخصوص گل مغربی ظرافت وزن 50 گرم,,49000,980000.0,0.05,True,https://basalam.com/cat/tools/%D8%AE%D8%A7%DA%A9-%DA%A9%D9%88%D8%AF-%D8%B3%D9%85%D9%88%D9%85?page=137
کود تقویتی مخصوص گل اطلسی ظرافت وزن 50 گرم,,49000,980000.0,0.05,True,https://basalam.com/cat/tools/%D8%AE%D8%A7%DA%A9-%DA%A9%D9%88%D8%AF-%D8%B3%D9%85%D9%88%D9%85?page=137
کود تقویتی مخصوص درخت فندق ظرافت وزن 50 گرم,,49000,980000.0,0.05,True,https://basalam.com/cat/tools/%D8%AE%D8%A7%DA%A9-%DA%A9%D9%88%D8%AF-%D8%B3%D9%85%D9%88%D9%85?page=137
کود تقویتی مخصوص گل پریوش ظرافت وزن 50 گرم,,49000,980000.0,0.05,True,https://basalam.com/cat/tools/%D8%AE%D8%A7%DA%A9-%DA%A9%D9%88%D8%AF-%D8%B3%D9%85%D9%88%D9%85?page=137
کود تقویتی مخصوص خربزه ظرافت وزن 50 گرم,,49000,980000.0,0.05,True,https://basalam.com/cat/tools/%D8%AE%D8%A7%DA%A9-%DA%A9%D9%88%D8%AF-%D8%B3%D9%85%D9%88%D9%85?page=137
کود تقویتی مخصوص کلم ظرافت وزن 50 گرم,,49000,980000.0,0.05,True,https://basalam.com/cat/tools/%D8%AE%D8%A7%DA%A9-%DA%A9%D9%88%D8%AF-%D8%B3%D9%85%D9%88%D9%85?page=137
کود مایع نخل مرداب ظرافت حجم 250 میلی لیتر,,79000,316000.0,0.25,True,https://basalam.com/cat/tools/%D8%AE%D8%A7%DA%A9-%DA%A9%D9%88%D8%AF-%D8%B3%D9%85%D9%88%D9%85?page=137
کود کامل فیلودندرون اسکاندیس ظرافت وزن 250 گرم مدل KO19175,,179000,716000.0,0.25,True,https://basalam.com/cat/tools/%D8%AE%D8%A7%DA%A9-%DA%A9%D9%88%D8%AF-%D8%B3%D9%85%D9%88%D9%85?page=137
کود کامل تقویتی اشک تمساح ( بریوفیلوم ) ظرافت وزن 100 گرم,,79000,1580000.0,0.05,True,https://basalam.com/cat/tools/%D8%AE%D8%A7%DA%A9-%DA%A9%D9%88%D8%AF-%D8%B3%D9%85%D9%88%D9%85?page=137
کود کامل پاندانوس ظرافت مدل KO21196 وزن 250 گرم,,190000,760000.0,0.25,True,https://basalam.com/cat/tools/%D8%AE%D8%A7%DA%A9-%DA%A9%D9%88%D8%AF-%D8%B3%D9%85%D9%88%D9%85?page=137
کود هیومیک اسید 90 درصد,,35000,1000000.0,0.035,True,https://basalam.com/cat/tools/%D8%AE%D8%A7%DA%A9-%DA%A9%D9%88%D8%AF-%D8%B3%D9%85%D9%88%D9%85?page=137
کود تقویتی مخصوص نخل مرداب ظرافت حجم 120 میلی لیتر,,47000,391666.6666666667,0.12,True,https://basalam.com/cat/tools/%D8%AE%D8%A7%DA%A9-%DA%A9%D9%88%D8%AF-%D8%B3%D9%85%D9%88%D9%85?page=137
کود سیلیکات پتاسیم اگرولایو,,345000,345000.0,1.0,True,https://basalam.com/cat/tools/%D8%AE%D8%A7%DA%A9-%DA%A9%D9%88%D8%AF-%D8%B3%D9%85%D9%88%D9%85?page=137
کود تقویتی مخصوص گیاهان گوشت خوار ظرافت وزن 50 گرم,,49000,980000.0,0.05,True,https://basalam.com/cat/tools/%D8%AE%D8%A7%DA%A9-%DA%A9%D9%88%D8%AF-%D8%B3%D9%85%D9%88%D9%85?page=137
کود فسفات فسفر NPK 10-52-10 گروسیف,,15800,1316666.6666666667,0.012,True,https://basalam.com/cat/tools/%D8%AE%D8%A7%DA%A9-%DA%A9%D9%88%D8%AF-%D8%B3%D9%85%D9%88%D9%85?page=137
کود تقویتی مخصوص گل رز ظرافت,,47000,391666.6666666667,0.12,True,https://basalam.com/cat/tools/%D8%AE%D8%A7%DA%A9-%DA%A9%D9%88%D8%AF-%D8%B3%D9%85%D9%88%D9%85?page=137
کود تقویتی مخصوص خرفه کراسولا ظرافت,,47000,391666.6666666667,0.12,True,https://basalam.com/cat/tools/%D8%AE%D8%A7%DA%A9-%DA%A9%D9%88%D8%AF-%D8%B3%D9%85%D9%88%D9%85?page=137
کود تقویتی مخصوص درخت افرا ظرافت وزن 50 گرم,,49000,980000.0,0.05,True,https://basalam.com/cat/tools/%D8%AE%D8%A7%DA%A9-%DA%A9%D9%88%D8%AF-%D8%B3%D9%85%D9%88%D9%85?page=137
کود تقویتی مخصوص بامیه ظرافت,,47000,391666.6666666667,0.12,True,https://basalam.com/cat/tools/%D8%AE%D8%A7%DA%A9-%DA%A9%D9%88%D8%AF-%D8%B3%D9%85%D9%88%D9%85?page=137
کود تقویتی مخصوص درخت گردو ظرافت,,47000,391666.6666666667,0.12,True,https://basalam.com/cat/tools/%D8%AE%D8%A7%DA%A9-%DA%A9%D9%88%D8%AF-%D8%B3%D9%85%D9%88%D9%85?page=137
کود تقویتی مخصوص درخت خرمالو ظرافت,,47000,391666.6666666667,0.12,True,https://basalam.com/cat/tools/%D8%AE%D8%A7%DA%A9-%DA%A9%D9%88%D8%AF-%D8%B3%D9%85%D9%88%D9%85?page=137
کود تقویتی مخصوص کاکتوس دراگون فروت ( میوه اژدها ) ظرافت,,47000,391666.6666666667,0.12,True,https://basalam.com/cat/tools/%D8%AE%D8%A7%DA%A9-%DA%A9%D9%88%D8%AF-%D8%B3%D9%85%D9%88%D9%85?page=137
کود تقویتی مخصوص درخت پسته ظرافت وزن 50 گرم,,49000,980000.0,0.05,True,https://basalam.com/cat/tools/%D8%AE%D8%A7%DA%A9-%DA%A9%D9%88%D8%AF-%D8%B3%D9%85%D9%88%D9%85?page=137
کود هیومیک اسید 90 درصد (بسته 2 عددی),,65000,928571.4285714284,0.07,True,https://basalam.com/cat/tools/%D8%AE%D8%A7%DA%A9-%DA%A9%D9%88%D8%AF-%D8%B3%D9%85%D9%88%D9%85?page=137
کود تقویتی مخصوص درخت گیلاس ظرافت وزن 50 گرم,,49000,980000.0,0.05,True,https://basalam.com/cat/tools/%D8%AE%D8%A7%DA%A9-%DA%A9%D9%88%D8%AF-%D8%B3%D9%85%D9%88%D9%85?page=137
کود تقویتی مخصوص لیتوپس ظرافت وزن 50 گرم,,49000,980000.0,0.05,True,https://basalam.com/cat/tools/%D8%AE%D8%A7%DA%A9-%DA%A9%D9%88%D8%AF-%D8%B3%D9%85%D9%88%D9%85?page=137
کود جلبک آلگاریک پودری جاست گرین اسپانیا,,1150000,1150000.0,1.0,True,https://basalam.com/cat/tools/%D8%AE%D8%A7%DA%A9-%DA%A9%D9%88%D8%AF-%D8%B3%D9%85%D9%88%D9%85?page=137
کود تقویتی مخصوص پلومباگو ( یاس آبی  یاس دریایی ) ظرافت,,47000,391666.6666666667,0.12,True,https://basalam.com/cat/tools/%D8%AE%D8%A7%DA%A9-%DA%A9%D9%88%D8%AF-%D8%B3%D9%85%D9%88%D9%85?page=137
کود تقویتی مخصوص کاکتوس میرتلو ظرافت وزن 50 گرم,,49000,980000.0,0.05,True,https://basalam.com/cat/tools/%D8%AE%D8%A7%DA%A9-%DA%A9%D9%88%D8%AF-%D8%B3%D9%85%D9%88%D9%85?page=137
کود مایع سانسوریا فلاور آمی 125 میلی لیتر,,55000,343750.0,0.16,True,https://basalam.com/cat/tools/%D8%AE%D8%A7%DA%A9-%DA%A9%D9%88%D8%AF-%D8%B3%D9%85%D9%88%D9%85?page=137
کود تقویتی مخصوص گل محمدی ظرافت وزن 50 گرم,,49000,980000.0,0.05,True,https://basalam.com/cat/tools/%D8%AE%D8%A7%DA%A9-%DA%A9%D9%88%D8%AF-%D8%B3%D9%85%D9%88%D9%85?page=137
کود سه بیست فرتریکس جنوبگان همراه با اسید آمینه فولویک اسید و جلبک دریایی حجم یک لیتر,,300000,300000.0,1.0,True,https://basalam.com/cat/tools/%D8%AE%D8%A7%DA%A9-%DA%A9%D9%88%D8%AF-%D8%B3%D9%85%D9%88%D9%85?page=137
کود سولفات پتاسیم (سولوپتاس) فلوریش پتاسیم 53درصد حجم یک کیلوگرم,,230000,230000.0,1.0,True,https://basalam.com/cat/tools/%D8%AE%D8%A7%DA%A9-%DA%A9%D9%88%D8%AF-%D8%B3%D9%85%D9%88%D9%85?page=137
کود فرتی روس جنوبگان حجم یک کیلوگرم,,65000,65000.0,1.0,True,https://basalam.com/cat/tools/%D8%AE%D8%A7%DA%A9-%DA%A9%D9%88%D8%AF-%D8%B3%D9%85%D9%88%D9%85?page=138
کود 20 20 20 کریستالون پروتکت پلنت 50 گرم,,110000,2200000.0,0.05,True,https://basalam.com/cat/tools/%D8%AE%D8%A7%DA%A9-%DA%A9%D9%88%D8%AF-%D8%B3%D9%85%D9%88%D9%85?page=138
کود کاکتوس مایع پروتکت پلنت 125 میلی لیتر,,130000,1040000.0,0.125,True,https://basalam.com/cat/tools/%D8%AE%D8%A7%DA%A9-%DA%A9%D9%88%D8%AF-%D8%B3%D9%85%D9%88%D9%85?page=138
کود آهن پودر پروتکت پلنت 100 گرم,,220000,2200000.0,0.1,True,https://basalam.com/cat/tools/%D8%AE%D8%A7%DA%A9-%DA%A9%D9%88%D8%AF-%D8%B3%D9%85%D9%88%D9%85?page=138
کود اچ بی مایع پروتکت پلنت 125 میلی لیتر,,130000,1040000.0,0.125,True,https://basalam.com/cat/tools/%D8%AE%D8%A7%DA%A9-%DA%A9%D9%88%D8%AF-%D8%B3%D9%85%D9%88%D9%85?page=138
کود پروبیو 96 پودر بایوران 500 گرم,,450000,900000.0,0.5,True,https://basalam.com/cat/tools/%D8%AE%D8%A7%DA%A9-%DA%A9%D9%88%D8%AF-%D8%B3%D9%85%D9%88%D9%85?page=138
کود نیترات کلسیم مدل خانگی وزن 100 گرم,,99500,995000.0,0.1,True,https://basalam.com/cat/tools/%D8%AE%D8%A7%DA%A9-%DA%A9%D9%88%D8%AF-%D8%B3%D9%85%D9%88%D9%85?page=138
کود نیترات پتاسیم مدل خانگی وزن 100 گرم,,128000,1280000.0,0.1,True,https://basalam.com/cat/tools/%D8%AE%D8%A7%DA%A9-%DA%A9%D9%88%D8%AF-%D8%B3%D9%85%D9%88%D9%85?page=138
کود سولفات روی مدل خانگی وزن 50 گرم,,85000,1700000.0,0.05,True,https://basalam.com/cat/tools/%D8%AE%D8%A7%DA%A9-%DA%A9%D9%88%D8%AF-%D8%B3%D9%85%D9%88%D9%85?page=138
کود آمینو اسید پودری مدل خانگی وزن 100 گرم,,359000,3590000.0,0.1,True,https://basalam.com/cat/tools/%D8%AE%D8%A7%DA%A9-%DA%A9%D9%88%D8%AF-%D8%B3%D9%85%D9%88%D9%85?page=138
کود عصاره جلبک دریایی مدل خانگی وزن 100 گرم,,377000,3770000.0,0.1,True,https://basalam.com/cat/tools/%D8%AE%D8%A7%DA%A9-%DA%A9%D9%88%D8%AF-%D8%B3%D9%85%D9%88%D9%85?page=138
کود مایع پتاسیم غلیظ یک لیتری GREEN SOUL,,192000,38400.0,5.0,True,https://basalam.com/cat/tools/%D8%AE%D8%A7%DA%A9-%DA%A9%D9%88%D8%AF-%D8%B3%D9%85%D9%88%D9%85?page=138
کود مایع غلیظ فروت ست GREEN SOUL یک لیتری,,192000,192000.0,1.0,True,https://basalam.com/cat/tools/%D8%AE%D8%A7%DA%A9-%DA%A9%D9%88%D8%AF-%D8%B3%D9%85%D9%88%D9%85?page=138
NPK12-12-36ویژه گلهای آپارتمانی و زینتیGREEN SOUL,,120000,1600000.0,0.075,True,https://basalam.com/cat/tools/%D8%AE%D8%A7%DA%A9-%DA%A9%D9%88%D8%AF-%D8%B3%D9%85%D9%88%D9%85?page=138
کود ازته(غلیظ)با آمینو اسید. یک لیتریGREEN SOUL,,96000,17454.545454545456,5.5,True,https://basalam.com/cat/tools/%D8%AE%D8%A7%DA%A9-%DA%A9%D9%88%D8%AF-%D8%B3%D9%85%D9%88%D9%85?page=138
کود مایع کلسیم بور غلیظ GREEN SOUL پنج لیتری,,718000,718000.0,1.0,True,https://basalam.com/cat/tools/%D8%AE%D8%A7%DA%A9-%DA%A9%D9%88%D8%AF-%D8%B3%D9%85%D9%88%D9%85?page=138
کود مایع کلسیم بور غلیظ GREEN SOUL یک لیتری,,200000,200000.0,1.0,True,https://basalam.com/cat/tools/%D8%AE%D8%A7%DA%A9-%DA%A9%D9%88%D8%AF-%D8%B3%D9%85%D9%88%D9%85?page=138
کود کلات آهن فارست تحت لیسانس ایتالیا (پس کرایه),,550000,550000.0,1.0,True,https://basalam.com/cat/tools/%D8%AE%D8%A7%DA%A9-%DA%A9%D9%88%D8%AF-%D8%B3%D9%85%D9%88%D9%85?page=138
کود آهن مایع مخصوص رشد و سرسبزی (پس کرایه),,80000,666666.6666666667,0.12,True,https://basalam.com/cat/tools/%D8%AE%D8%A7%DA%A9-%DA%A9%D9%88%D8%AF-%D8%B3%D9%85%D9%88%D9%85?page=138
کود نیترات کلسیم,,20000,200000.0,0.1,True,https://basalam.com/cat/tools/%D8%AE%D8%A7%DA%A9-%DA%A9%D9%88%D8%AF-%D8%B3%D9%85%D9%88%D9%85?page=138
کود مکمل 10 52 10,,30000,300000.0,0.1,True,https://basalam.com/cat/tools/%D8%AE%D8%A7%DA%A9-%DA%A9%D9%88%D8%AF-%D8%B3%D9%85%D9%88%D9%85?page=138
محلول کود نیتروژن 250 میل پروتکت,,122000,488000.0,0.25,True,https://basalam.com/cat/tools/%D8%AE%D8%A7%DA%A9-%DA%A9%D9%88%D8%AF-%D8%B3%D9%85%D9%88%D9%85?page=138
کود ریکو میک (پس کرایه),,680000,680000.0,1.0,True,https://basalam.com/cat/tools/%D8%AE%D8%A7%DA%A9-%DA%A9%D9%88%D8%AF-%D8%B3%D9%85%D9%88%D9%85?page=139
کود جلبک دریایی رویال پلنت شرکتی کیفیت عالی,,55000,550000.0,0.1,True,https://basalam.com/cat/tools/%D8%AE%D8%A7%DA%A9-%DA%A9%D9%88%D8%AF-%D8%B3%D9%85%D9%88%D9%85?page=139
کود تقویتی105210در بسته های 50گرمی,,89000,1780000.0,0.05,True,https://basalam.com/cat/tools/%D8%AE%D8%A7%DA%A9-%DA%A9%D9%88%D8%AF-%D8%B3%D9%85%D9%88%D9%85?page=139
کود کامل ماکرو میکرو (کی اس پی ),,94000,1880000.0,0.05,True,https://basalam.com/cat/tools/%D8%AE%D8%A7%DA%A9-%DA%A9%D9%88%D8%AF-%D8%B3%D9%85%D9%88%D9%85?page=139
کود 10-52-10مستر گرین به همراه ریز مغذی,,338000,338000.0,1.0,True,https://basalam.com/cat/tools/%D8%AE%D8%A7%DA%A9-%DA%A9%D9%88%D8%AF-%D8%B3%D9%85%D9%88%D9%85?page=139
کود تقویتی مخصوص دیفن باخیا ظرافت,,47000,391666.6666666667,0.12,True,https://basalam.com/cat/tools/%D8%AE%D8%A7%DA%A9-%DA%A9%D9%88%D8%AF-%D8%B3%D9%85%D9%88%D9%85?page=139
کود تقویتی مخصوص فیکوس بنجامین ظرافت,,47000,391666.6666666667,0.12,True,https://basalam.com/cat/tools/%D8%AE%D8%A7%DA%A9-%DA%A9%D9%88%D8%AF-%D8%B3%D9%85%D9%88%D9%85?page=139
کود تقویت کننده و محرک رشد کراس انرژی,,940000,940000.0,1.0,True,https://basalam.com/cat/tools/%D8%AE%D8%A7%DA%A9-%DA%A9%D9%88%D8%AF-%D8%B3%D9%85%D9%88%D9%85?page=139
کود کلات آهن پرک هیومی آیرون آبادیس,,590000,590000.0,1.0,True,https://basalam.com/cat/tools/%D8%AE%D8%A7%DA%A9-%DA%A9%D9%88%D8%AF-%D8%B3%D9%85%D9%88%D9%85?page=139
کود پاور هیومیکس میلتار(فولویک اسید),,700000,700000.0,1.0,True,https://basalam.com/cat/tools/%D8%AE%D8%A7%DA%A9-%DA%A9%D9%88%D8%AF-%D8%B3%D9%85%D9%88%D9%85?page=139
کود مایع کامل نیم لیتری دیبان,,175000,175000.0,1.0,True,https://basalam.com/cat/tools/%D8%AE%D8%A7%DA%A9-%DA%A9%D9%88%D8%AF-%D8%B3%D9%85%D9%88%D9%85?page=139
کود فسفر شوک (هشتاد درصد) یک لیتری آمریکایی اصل,,450000,450000.0,1.0,True,https://basalam.com/cat/tools/%D8%AE%D8%A7%DA%A9-%DA%A9%D9%88%D8%AF-%D8%B3%D9%85%D9%88%D9%85?page=139
کود گلدهی شوک 36-12-12 یک لیتری,,400000,400000.0,1.0,True,https://basalam.com/cat/tools/%D8%AE%D8%A7%DA%A9-%DA%A9%D9%88%D8%AF-%D8%B3%D9%85%D9%88%D9%85?page=139
کود جلبک دریایی (30cc) - عصاره جلبک - از برند آلجیوس,,87000,2900000.0,0.03,True,https://basalam.com/cat/tools/%D8%AE%D8%A7%DA%A9-%DA%A9%D9%88%D8%AF-%D8%B3%D9%85%D9%88%D9%85?page=139
کود کلات آهن FEEDDHSAM,,300000,300000.0,1.0,True,https://basalam.com/cat/tools/%D8%AE%D8%A7%DA%A9-%DA%A9%D9%88%D8%AF-%D8%B3%D9%85%D9%88%D9%85?page=139
کود اهن یک کیلویی برند گیاهان سن بران,,560000,560000.0,1.0,True,https://basalam.com/cat/tools/%D8%AE%D8%A7%DA%A9-%DA%A9%D9%88%D8%AF-%D8%B3%D9%85%D9%88%D9%85?page=139
کود مایع بنفشه آفریقایی 125 سی سی پروتکت نیچر,,134000,1030769.2307692308,0.13,True,https://basalam.com/cat/tools/%D8%AE%D8%A7%DA%A9-%DA%A9%D9%88%D8%AF-%D8%B3%D9%85%D9%88%D9%85?page=139
کود مایع تراریوم 125 سی سی پروتکت نیچر,,134000,1030769.2307692308,0.13,True,https://basalam.com/cat/tools/%D8%AE%D8%A7%DA%A9-%DA%A9%D9%88%D8%AF-%D8%B3%D9%85%D9%88%D9%85?page=139
کود کامل 20-20-20 فینال 250 سی سی ایکس گرین,,134000,536000.0,0.25,True,https://basalam.com/cat/tools/%D8%AE%D8%A7%DA%A9-%DA%A9%D9%88%D8%AF-%D8%B3%D9%85%D9%88%D9%85?page=139
کود آمینو اسید آمینور امکس,,1930000,1930000.0,1.0,True,https://basalam.com/cat/tools/%D8%AE%D8%A7%DA%A9-%DA%A9%D9%88%D8%AF-%D8%B3%D9%85%D9%88%D9%85?page=139
کود بیو بیست امکس,,1735000,1735000.0,1.0,True,https://basalam.com/cat/tools/%D8%AE%D8%A7%DA%A9-%DA%A9%D9%88%D8%AF-%D8%B3%D9%85%D9%88%D9%85?page=139
کود کوکاین (نیترات کلسیم پتاسیم) آنورل بلژیک,,7032000,281280.0,25.0,True,https://basalam.com/cat/tools/%D8%AE%D8%A7%DA%A9-%DA%A9%D9%88%D8%AF-%D8%B3%D9%85%D9%88%D9%85?page=140
کود 20 20 20 آنورل بلژیک,,7200000,288000.0,25.0,True,https://basalam.com/cat/tools/%D8%AE%D8%A7%DA%A9-%DA%A9%D9%88%D8%AF-%D8%B3%D9%85%D9%88%D9%85?page=140
ریشه چوبک با کیفیت عالی بار امسالی و تازه(50 گرمی ),,59000,1180000.0,0.05,True,https://basalam.com/cat/tools/%D8%AE%D8%A7%DA%A9-%DA%A9%D9%88%D8%AF-%D8%B3%D9%85%D9%88%D9%85?page=140
اکالیپتوس با کیفیت عالی بار امسالی و تازه(100گرمی ),,85000,850000.0,0.1,True,https://basalam.com/cat/tools/%D8%AE%D8%A7%DA%A9-%DA%A9%D9%88%D8%AF-%D8%B3%D9%85%D9%88%D9%85?page=140
گیاه رازک با کیفیت عالی بار امسالی و تازه(50گرمی),,162000,3240000.0,0.05,True,https://basalam.com/cat/tools/%D8%AE%D8%A7%DA%A9-%DA%A9%D9%88%D8%AF-%D8%B3%D9%85%D9%88%D9%85?page=140
کود مایع محرک رشد گیاهان زینتی و آپارتمانی,,190000,190.0,1000.0,True,https://basalam.com/cat/tools/%D8%AE%D8%A7%DA%A9-%DA%A9%D9%88%D8%AF-%D8%B3%D9%85%D9%88%D9%85?page=140
کود سه 10 پودر یک کیلویی حاصلخیز با فناوری XGREEN,,575000,575000.0,1.0,True,https://basalam.com/cat/tools/%D8%AE%D8%A7%DA%A9-%DA%A9%D9%88%D8%AF-%D8%B3%D9%85%D9%88%D9%85?page=140
کود 101010 70 گرمی حاصلخیز با فناوری XGREEN,,120000,1714285.714285714,0.07,True,https://basalam.com/cat/tools/%D8%AE%D8%A7%DA%A9-%DA%A9%D9%88%D8%AF-%D8%B3%D9%85%D9%88%D9%85?page=140
کود فله ای 20-20-20 زیگلر آلمان. فله ای,,165000,660000.0,0.25,True,https://basalam.com/cat/tools/%D8%AE%D8%A7%DA%A9-%DA%A9%D9%88%D8%AF-%D8%B3%D9%85%D9%88%D9%85?page=140
کود فله ای20-20-20- ایدرو پلنت ایتالیا,,170000,340000.0,0.5,True,https://basalam.com/cat/tools/%D8%AE%D8%A7%DA%A9-%DA%A9%D9%88%D8%AF-%D8%B3%D9%85%D9%88%D9%85?page=140
کود فله ای 121236npk.,,75000,750000.0,0.1,True,https://basalam.com/cat/tools/%D8%AE%D8%A7%DA%A9-%DA%A9%D9%88%D8%AF-%D8%B3%D9%85%D9%88%D9%85?page=140
کود میکرو معدنی(ریز مغذی) بهاران نوع A شش کیلویی,,650000,108333.33333333331,6.0,True,https://basalam.com/cat/tools/%D8%AE%D8%A7%DA%A9-%DA%A9%D9%88%D8%AF-%D8%B3%D9%85%D9%88%D9%85?page=140
کود ریز مغذی COMBI Sun یک کیلویی سان رز شیمی,,620000,620000.0,1.0,True,https://basalam.com/cat/tools/%D8%AE%D8%A7%DA%A9-%DA%A9%D9%88%D8%AF-%D8%B3%D9%85%D9%88%D9%85?page=140
کود مخصوص برنج شوک(پلاس) امریکایی اصل,,550000,550000.0,1.0,True,https://basalam.com/cat/tools/%D8%AE%D8%A7%DA%A9-%DA%A9%D9%88%D8%AF-%D8%B3%D9%85%D9%88%D9%85?page=140
کود 20 20 20 پودری 50 گرمی - کود گیاهان آپارتمانی- کود کامل گیاه- کود سه بیست- کود NPK- کود رشد گیاه- کود گیاهان-گلدونه,,26000,520000.0,0.05,True,https://basalam.com/cat/tools/%D8%AE%D8%A7%DA%A9-%DA%A9%D9%88%D8%AF-%D8%B3%D9%85%D9%88%D9%85?page=144
یارامیلا کمپلکس کود کامل پریل کندرها محصول شرکت یارا نروژ (پس کرایه),,5850000,234000.0,25.0,True,https://basalam.com/cat/tools/%D8%AE%D8%A7%DA%A9-%DA%A9%D9%88%D8%AF-%D8%B3%D9%85%D9%88%D9%85?page=141
کود 12 12 36 داری پتاس بالا کود برای گلهای رنگی و ابلق,,61000,1016666.6666666667,0.06,True,https://basalam.com/cat/tools/%D8%AE%D8%A7%DA%A9-%DA%A9%D9%88%D8%AF-%D8%B3%D9%85%D9%88%D9%85?page=144
کود اهن پودری برای برگ های زرد شده,,77000,1100000.0,0.07,True,https://basalam.com/cat/tools/%D8%AE%D8%A7%DA%A9-%DA%A9%D9%88%D8%AF-%D8%B3%D9%85%D9%88%D9%85?page=144
کود مخصوص گردو شوک(پلاس) یک لیتری نانو,,450000,450000.0,1.0,True,https://basalam.com/cat/tools/%D8%AE%D8%A7%DA%A9-%DA%A9%D9%88%D8%AF-%D8%B3%D9%85%D9%88%D9%85?page=144
کود پتاس بالا 99درصد شوک(پلاس) یک لیتری اصلی,,500000,500000.0,1.0,True,https://basalam.com/cat/tools/%D8%AE%D8%A7%DA%A9-%DA%A9%D9%88%D8%AF-%D8%B3%D9%85%D9%88%D9%85?page=144
کود ده ایکس شوک(پلاس) نانو وارداتی یک لیتری,,500000,500000.0,1.0,True,https://basalam.com/cat/tools/%D8%AE%D8%A7%DA%A9-%DA%A9%D9%88%D8%AF-%D8%B3%D9%85%D9%88%D9%85?page=144
کود مخصوص ذرت شوک(پلاس) امریکایی اصل,,400000,400000.0,1.0,True,https://basalam.com/cat/tools/%D8%AE%D8%A7%DA%A9-%DA%A9%D9%88%D8%AF-%D8%B3%D9%85%D9%88%D9%85?page=144
کود تقویت ریشه و ساختار گیاه ساخت اسپانیا (کود سانسوریا کود زامیفولیا کود گیاهان آپارتمانی کود مایع ریژو پسکرایه),,155000,1550000.0,0.1,True,https://basalam.com/cat/tools/%D8%AE%D8%A7%DA%A9-%DA%A9%D9%88%D8%AF-%D8%B3%D9%85%D9%88%D9%85?page=147
کود فولیک اسید پودری جنریت یک کیلویی محصول ایالات متحده,,3500000,3500000.0,1.0,True,https://basalam.com/cat/tools/%D8%AE%D8%A7%DA%A9-%DA%A9%D9%88%D8%AF-%D8%B3%D9%85%D9%88%D9%85?page=144
پک کود عصاره جلبک دریایی HEX بسته بندی 100 سی سی,,400000,400000.0,1.0,True,https://basalam.com/cat/tools/%D8%AE%D8%A7%DA%A9-%DA%A9%D9%88%D8%AF-%D8%B3%D9%85%D9%88%D9%85?page=144
کود مولتی کمپلکس هکس,,400000,1600000.0,0.25,True,https://basalam.com/cat/tools/%D8%AE%D8%A7%DA%A9-%DA%A9%D9%88%D8%AF-%D8%B3%D9%85%D9%88%D9%85?page=144
کود کلسیم مایع 27درصد جنریت گالن پنج لیتری گالن اصلی,,3000000,582524.2718446602,5.15,True,https://basalam.com/cat/tools/%D8%AE%D8%A7%DA%A9-%DA%A9%D9%88%D8%AF-%D8%B3%D9%85%D9%88%D9%85?page=144
کود نانو پتاس بالای K66 جنریت آمریکایی اصلی.,,11430000,571500.0,20.0,True,https://basalam.com/cat/tools/%D8%AE%D8%A7%DA%A9-%DA%A9%D9%88%D8%AF-%D8%B3%D9%85%D9%88%D9%85?page=144
کود پتاس بالا 66 درصد پتاسیم جنریت K66,,990000,825000.0,1.2,True,https://basalam.com/cat/tools/%D8%AE%D8%A7%DA%A9-%DA%A9%D9%88%D8%AF-%D8%B3%D9%85%D9%88%D9%85?page=144
کود فسفر بالای زیگلر آلمان 25گرمی 10-52-10 (پک 50عددی) (پس کرایه هزینه ارسال موقع تحویل به عهده مشتری),,850000,680000.0,1.25,True,https://basalam.com/cat/tools/%D8%AE%D8%A7%DA%A9-%DA%A9%D9%88%D8%AF-%D8%B3%D9%85%D9%88%D9%85?page=144
کود فسفر بالای زیگلر آلمان 25گرمی 10-52-10 (پک 200عددی) (پس کرایه هزینه ارسال موقع تحویل به عهده مشتری),,2600000,520000.0,5.0,True,https://basalam.com/cat/tools/%D8%AE%D8%A7%DA%A9-%DA%A9%D9%88%D8%AF-%D8%B3%D9%85%D9%88%D9%85?page=144
کود کامل 51-0-0 زیگلر آلمان سولفات پتاسیم 50 گرمی,,32000,640000.0,0.05,True,https://basalam.com/cat/tools/%D8%AE%D8%A7%DA%A9-%DA%A9%D9%88%D8%AF-%D8%B3%D9%85%D9%88%D9%85?page=141
بذر گل قهر و آشتی سانیا سید مدل s63,,27800,13900000.0,0.002,True,https://basalam.com/cat/tools/%D8%AE%D8%A7%DA%A9-%DA%A9%D9%88%D8%AF-%D8%B3%D9%85%D9%88%D9%85?page=141
کود جلبک دریایی سیتی مکس افزایش کیفیت محصولات سبزیجات و میوه ها  بسته بندی 0.5 کیلوگرمی,,600000,1200000.0,0.5,True,https://basalam.com/cat/tools/%D8%AE%D8%A7%DA%A9-%DA%A9%D9%88%D8%AF-%D8%B3%D9%85%D9%88%D9%85?page=144
کود نانو کود کلات روی 20 درصد میکرولایز,,399000,399000.0,1.0,True,https://basalam.com/cat/tools/%D8%AE%D8%A7%DA%A9-%DA%A9%D9%88%D8%AF-%D8%B3%D9%85%D9%88%D9%85?page=142
کود نانو کود کلات منیزیم 7 درصد میکرولایز,,490000,490000.0,1.0,True,https://basalam.com/cat/tools/%D8%AE%D8%A7%DA%A9-%DA%A9%D9%88%D8%AF-%D8%B3%D9%85%D9%88%D9%85?page=142
پک کود برای تمام گیاهان آپارتمانی به همراه روش استفاده رایگان,,65000,1300000.0,0.05,True,https://basalam.com/cat/tools/%D8%AE%D8%A7%DA%A9-%DA%A9%D9%88%D8%AF-%D8%B3%D9%85%D9%88%D9%85?page=142
کود قطره چکانی آسان مصرف مخصوص گلدهی بسته سه عددی حجم هر ظرف 100 میلی لیتر,,211500,528750.0,0.4,True,https://basalam.com/cat/tools/%D8%AE%D8%A7%DA%A9-%DA%A9%D9%88%D8%AF-%D8%B3%D9%85%D9%88%D9%85?page=142
کود کامل و اختصاصی آلوئه ورا بسته سه عددی,,211500,587500.0,0.36,True,https://basalam.com/cat/tools/%D8%AE%D8%A7%DA%A9-%DA%A9%D9%88%D8%AF-%D8%B3%D9%85%D9%88%D9%85?page=142
کود کامل و اختصاصی فیکوس بسته سه عددی,,211500,587500.0,0.36,True,https://basalam.com/cat/tools/%D8%AE%D8%A7%DA%A9-%DA%A9%D9%88%D8%AF-%D8%B3%D9%85%D9%88%D9%85?page=142
کود کامل و اختصاصی نخل ماداگاسکار بسته سه عددی,,211500,587500.0,0.36,True,https://basalam.com/cat/tools/%D8%AE%D8%A7%DA%A9-%DA%A9%D9%88%D8%AF-%D8%B3%D9%85%D9%88%D9%85?page=142
کود کامل و اختصاصی فیلوندرون بسته سه عددی,,211500,587500.0,0.36,True,https://basalam.com/cat/tools/%D8%AE%D8%A7%DA%A9-%DA%A9%D9%88%D8%AF-%D8%B3%D9%85%D9%88%D9%85?page=142
کود کامل کاکتوس غنی شده با هیومیک اسید بسته سه عددی,,211500,587500.0,0.36,True,https://basalam.com/cat/tools/%D8%AE%D8%A7%DA%A9-%DA%A9%D9%88%D8%AF-%D8%B3%D9%85%D9%88%D9%85?page=142
مولتی کود دیفن باخیا 8 عنصری بسته دو عددی,,194400,972000.0,0.2,True,https://basalam.com/cat/tools/%D8%AE%D8%A7%DA%A9-%DA%A9%D9%88%D8%AF-%D8%B3%D9%85%D9%88%D9%85?page=142
مولتی کود اختصاصی ارکیده بسته دو عددی,,194400,810000.0,0.24,True,https://basalam.com/cat/tools/%D8%AE%D8%A7%DA%A9-%DA%A9%D9%88%D8%AF-%D8%B3%D9%85%D9%88%D9%85?page=142
مولتی کود اختصاصی بامبو بسته دو عددی,,194400,810000.0,0.24,True,https://basalam.com/cat/tools/%D8%AE%D8%A7%DA%A9-%DA%A9%D9%88%D8%AF-%D8%B3%D9%85%D9%88%D9%85?page=142
مولتی کود اختصاصی فیلوندرون بسته دو عددی,,194400,810000.0,0.24,True,https://basalam.com/cat/tools/%D8%AE%D8%A7%DA%A9-%DA%A9%D9%88%D8%AF-%D8%B3%D9%85%D9%88%D9%85?page=142
مولتی کود اختصاصی کاج مطبق بسته دو عددی,,194400,810000.0,0.24,True,https://basalam.com/cat/tools/%D8%AE%D8%A7%DA%A9-%DA%A9%D9%88%D8%AF-%D8%B3%D9%85%D9%88%D9%85?page=142
کود مایع NPK 20-20-20 مدل Danesh Sabz حجم 120 میلی لیتری بسته 8 تایی,,305800,318541.6666666667,0.96,True,https://basalam.com/cat/tools/%D8%AE%D8%A7%DA%A9-%DA%A9%D9%88%D8%AF-%D8%B3%D9%85%D9%88%D9%85?page=142
کود مایع NPK 10-52-10 مدل Danesh Sabz حجم 120 میلی لیتری بسته 8 تایی,,305800,318541.6666666667,0.96,True,https://basalam.com/cat/tools/%D8%AE%D8%A7%DA%A9-%DA%A9%D9%88%D8%AF-%D8%B3%D9%85%D9%88%D9%85?page=142
کود مایع اختصاصی گیاه دراسنا مدل Danesh Sabz حجم 120 میلی لیتری بسته 8 تایی,,305800,318541.6666666667,0.96,True,https://basalam.com/cat/tools/%D8%AE%D8%A7%DA%A9-%DA%A9%D9%88%D8%AF-%D8%B3%D9%85%D9%88%D9%85?page=142
کود مایع NPK 36-12-12 و عناصر میکرو مدل Danesh Sabz حجم 120 میلی لیتری بسته 8 تا,,305800,318541.6666666667,0.96,True,https://basalam.com/cat/tools/%D8%AE%D8%A7%DA%A9-%DA%A9%D9%88%D8%AF-%D8%B3%D9%85%D9%88%D9%85?page=142
مجموعه کودی ارکیده و سه بیست و هیومیک و کود آهن مدل Danesh PK حجم 120 بسته 4تایی,,228700,476458.3333333334,0.48,True,https://basalam.com/cat/tools/%D8%AE%D8%A7%DA%A9-%DA%A9%D9%88%D8%AF-%D8%B3%D9%85%D9%88%D9%85?page=142
مجموعه کودی آلوئه ورا و سه بیست و هیومیک و کود آهن Danesh PK حجم 120 بسته 4تایی,,228700,476458.3333333334,0.48,True,https://basalam.com/cat/tools/%D8%AE%D8%A7%DA%A9-%DA%A9%D9%88%D8%AF-%D8%B3%D9%85%D9%88%D9%85?page=142
مجموعه کودی تراریوم وNPK و هیومیک و کود آهن مدل Danesh PK حجم 120 بسته 4تایی,,228700,476458.3333333334,0.48,True,https://basalam.com/cat/tools/%D8%AE%D8%A7%DA%A9-%DA%A9%D9%88%D8%AF-%D8%B3%D9%85%D9%88%D9%85?page=142
مولتی کود اختصاصی کروتون بسته دو عددی,,194400,810000.0,0.24,True,https://basalam.com/cat/tools/%D8%AE%D8%A7%DA%A9-%DA%A9%D9%88%D8%AF-%D8%B3%D9%85%D9%88%D9%85?page=142
کود مایع NPK20-20-20 بسته سه عددی,,211500,587500.0,0.36,True,https://basalam.com/cat/tools/%D8%AE%D8%A7%DA%A9-%DA%A9%D9%88%D8%AF-%D8%B3%D9%85%D9%88%D9%85?page=142
مولتی کود اختصاصی یوکا غنی شده با هیومیک اسید بسته دو عددی,,194400,810000.0,0.24,True,https://basalam.com/cat/tools/%D8%AE%D8%A7%DA%A9-%DA%A9%D9%88%D8%AF-%D8%B3%D9%85%D9%88%D9%85?page=142
مولتی کود اختصاصی آلوئه ورا بسته دو عددی,,194400,810000.0,0.24,True,https://basalam.com/cat/tools/%D8%AE%D8%A7%DA%A9-%DA%A9%D9%88%D8%AF-%D8%B3%D9%85%D9%88%D9%85?page=142
کود جلبک دریایی شوک آمریکایی یک لیتری,,410000,410000.0,1.0,True,https://basalam.com/cat/tools/%D8%AE%D8%A7%DA%A9-%DA%A9%D9%88%D8%AF-%D8%B3%D9%85%D9%88%D9%85?page=142
کود ازت بالا 42 درصد شوک آمریکایی اصل (کود اوره),,2000000,100000.0,20.0,True,https://basalam.com/cat/tools/%D8%AE%D8%A7%DA%A9-%DA%A9%D9%88%D8%AF-%D8%B3%D9%85%D9%88%D9%85?page=142
کود پلت آمینو اسید,,996000,996000.0,1.0,True,https://basalam.com/cat/tools/%D8%AE%D8%A7%DA%A9-%DA%A9%D9%88%D8%AF-%D8%B3%D9%85%D9%88%D9%85?page=142
کود جلبک دریایی گیلدا وزن 25 گرم,,90000,3600000.0,0.025,True,https://basalam.com/cat/tools/%D8%AE%D8%A7%DA%A9-%DA%A9%D9%88%D8%AF-%D8%B3%D9%85%D9%88%D9%85?page=142
کود کلات آهن 9 درصد خضرا,,740000,740000.0,1.0,True,https://basalam.com/cat/tools/%D8%AE%D8%A7%DA%A9-%DA%A9%D9%88%D8%AF-%D8%B3%D9%85%D9%88%D9%85?page=145
کود گلدهی گیاهان بارده,,600000,12000000.0,0.05,True,https://basalam.com/cat/tools/%D8%AE%D8%A7%DA%A9-%DA%A9%D9%88%D8%AF-%D8%B3%D9%85%D9%88%D9%85?page=143
کود گلدهی گوریلا,,600000,12000000.0,0.05,True,https://basalam.com/cat/tools/%D8%AE%D8%A7%DA%A9-%DA%A9%D9%88%D8%AF-%D8%B3%D9%85%D9%88%D9%85?page=143
کود 3 بیست باواریا المانی,,200000,2500000.0,0.08,True,https://basalam.com/cat/tools/%D8%AE%D8%A7%DA%A9-%DA%A9%D9%88%D8%AF-%D8%B3%D9%85%D9%88%D9%85?page=143
کود مخصوص درخت گردو یک لیتری شوک اصل آمریکایی,,370000,370000.0,1.0,True,https://basalam.com/cat/tools/%D8%AE%D8%A7%DA%A9-%DA%A9%D9%88%D8%AF-%D8%B3%D9%85%D9%88%D9%85?page=143
کود آهن مکس برند بمب گالن پنج لیتری,,1400000,280000.0,5.0,True,https://basalam.com/cat/tools/%D8%AE%D8%A7%DA%A9-%DA%A9%D9%88%D8%AF-%D8%B3%D9%85%D9%88%D9%85?page=143
کود مخصوص گلدهی (12.12.36)شوک مایع اصل آمریکایی بیست لیتری,,4350000,217500.0,20.0,True,https://basalam.com/cat/tools/%D8%AE%D8%A7%DA%A9-%DA%A9%D9%88%D8%AF-%D8%B3%D9%85%D9%88%D9%85?page=143
کود سیلیکات پتاسیم مایع اصل آمریکایی شوک (افزایش مقاومت گیاه در برابر آفات و گرم,,1800000,360000.0,5.0,True,https://basalam.com/cat/tools/%D8%AE%D8%A7%DA%A9-%DA%A9%D9%88%D8%AF-%D8%B3%D9%85%D9%88%D9%85?page=143
کود مایع پتوس دانشمند کوچک مدل اکو لایف حجم 120 میلی لیتر,,40000,200000.0,0.2,True,https://basalam.com/cat/tools/%D8%AE%D8%A7%DA%A9-%DA%A9%D9%88%D8%AF-%D8%B3%D9%85%D9%88%D9%85?page=143
کود مایع پتاسیم گیاهی دیبوشین اصلی,,198000,396000.0,0.5,True,https://basalam.com/cat/tools/%D8%AE%D8%A7%DA%A9-%DA%A9%D9%88%D8%AF-%D8%B3%D9%85%D9%88%D9%85?page=143
کود تقویتی اسید هیومیک (پودری) وارداتی,,83000,1844444.4444444445,0.045,True,https://basalam.com/cat/tools/%D8%AE%D8%A7%DA%A9-%DA%A9%D9%88%D8%AF-%D8%B3%D9%85%D9%88%D9%85?page=143
سیلیکات 70 یک لیتری ایکس گرین ترکیب کودی مایع حاوی دو عنصر سیلیسیم و پتاسیم با درصد بالا,,500000,500000.0,1.0,True,https://basalam.com/cat/tools/%D8%AE%D8%A7%DA%A9-%DA%A9%D9%88%D8%AF-%D8%B3%D9%85%D9%88%D9%85?page=143
کود مایع فسفرو 80 پلاس ایکس گرین یک لیتری,,400000,400000.0,1.0,True,https://basalam.com/cat/tools/%D8%AE%D8%A7%DA%A9-%DA%A9%D9%88%D8%AF-%D8%B3%D9%85%D9%88%D9%85?page=143
کود سه بیست نیکوبذر 14 گرمی,,14900,1064285.7142857143,0.014,True,https://basalam.com/cat/tools/%D8%AE%D8%A7%DA%A9-%DA%A9%D9%88%D8%AF-%D8%B3%D9%85%D9%88%D9%85?page=143
کود فسفر بالا ریشه زایی 105410,,70000,700000.0,0.1,True,https://basalam.com/cat/tools/%D8%AE%D8%A7%DA%A9-%DA%A9%D9%88%D8%AF-%D8%B3%D9%85%D9%88%D9%85?page=143
کود هیدروپونیک مایع برای گیاهان برگدار(هر استوک حاوی 250سی سی است),,130000,260000.0,0.5,True,https://basalam.com/cat/tools/%D8%AE%D8%A7%DA%A9-%DA%A9%D9%88%D8%AF-%D8%B3%D9%85%D9%88%D9%85?page=143
کود کاکتوس (CACTUS FERTILIZER),,65000,3250000.0,0.02,True,https://basalam.com/cat/tools/%D8%AE%D8%A7%DA%A9-%DA%A9%D9%88%D8%AF-%D8%B3%D9%85%D9%88%D9%85?page=143
کود کامل نیواگرو مدل NPK 10 52 10 TE یک کیلوگرمی,,410000,410000.0,1.0,True,https://basalam.com/cat/tools/%D8%AE%D8%A7%DA%A9-%DA%A9%D9%88%D8%AF-%D8%B3%D9%85%D9%88%D9%85?page=144
کود سوپر پتاس حاصلخیز پودر 70 گرمی تقویت گلدهی و میوه دهی بدون کلر,,120000,1714285.714285714,0.07,True,https://basalam.com/cat/tools/%D8%AE%D8%A7%DA%A9-%DA%A9%D9%88%D8%AF-%D8%B3%D9%85%D9%88%D9%85?page=144
کود تقویتی سه 20 (NPK) 50 گرمی,,99000,1980000.0,0.05,True,https://basalam.com/cat/tools/%D8%AE%D8%A7%DA%A9-%DA%A9%D9%88%D8%AF-%D8%B3%D9%85%D9%88%D9%85?page=144
جلبک دریایی محرک رشد و گل انگیزی حجم یک لیتر,,260000,260000.0,1.0,True,https://basalam.com/cat/tools/%D8%AE%D8%A7%DA%A9-%DA%A9%D9%88%D8%AF-%D8%B3%D9%85%D9%88%D9%85?page=144
کود تقویتی و ضد تنش عصاره جلبک دریایی قوطی 60 سی سی,,55000,916666.6666666667,0.06,True,https://basalam.com/cat/tools/%D8%AE%D8%A7%DA%A9-%DA%A9%D9%88%D8%AF-%D8%B3%D9%85%D9%88%D9%85?page=145
کود کامل دکترGP قوطی 100 گرمی بلژیک 202020,,75000,750000.0,0.1,True,https://basalam.com/cat/tools/%D8%AE%D8%A7%DA%A9-%DA%A9%D9%88%D8%AF-%D8%B3%D9%85%D9%88%D9%85?page=145
کود کلسیم مایع ایرانی ررجه یک داکسا یک لیتری,,325000,325000.0,1.0,True,https://basalam.com/cat/tools/%D8%AE%D8%A7%DA%A9-%DA%A9%D9%88%D8%AF-%D8%B3%D9%85%D9%88%D9%85?page=145
کود مایع هیومیک اسید افرا,,52000,356164.38356164383,0.146,True,https://basalam.com/cat/tools/%D8%AE%D8%A7%DA%A9-%DA%A9%D9%88%D8%AF-%D8%B3%D9%85%D9%88%D9%85?page=145
کود مایع گل دهی افرا (گلهای آپارتمانی),,75000,300000.0,0.25,True,https://basalam.com/cat/tools/%D8%AE%D8%A7%DA%A9-%DA%A9%D9%88%D8%AF-%D8%B3%D9%85%D9%88%D9%85?page=145
کود مایع بیورادیکانت (محرک ریشه) نیم لیتری,,980000,1960000.0,0.5,True,https://basalam.com/cat/tools/%D8%AE%D8%A7%DA%A9-%DA%A9%D9%88%D8%AF-%D8%B3%D9%85%D9%88%D9%85?page=145
کود 202020 پنج کیلویی زایز zeoiz انگلیس,,2300000,460000.0,5.0,True,https://basalam.com/cat/tools/%D8%AE%D8%A7%DA%A9-%DA%A9%D9%88%D8%AF-%D8%B3%D9%85%D9%88%D9%85?page=145
کود اوره بالا ان اکسترا 2021 هلندی N-EXTRA,,900000,900000.0,1.0,True,https://basalam.com/cat/tools/%D8%AE%D8%A7%DA%A9-%DA%A9%D9%88%D8%AF-%D8%B3%D9%85%D9%88%D9%85?page=145
کود سه بیست گیاهان آپارتمانی,,150000,1500000.0,0.1,True,https://basalam.com/cat/tools/%D8%AE%D8%A7%DA%A9-%DA%A9%D9%88%D8%AF-%D8%B3%D9%85%D9%88%D9%85?page=145
کود مایع فسفر بالا اگیلا پی اسپانیایی Aguila P,,850000,850000.0,1.0,True,https://basalam.com/cat/tools/%D8%AE%D8%A7%DA%A9-%DA%A9%D9%88%D8%AF-%D8%B3%D9%85%D9%88%D9%85?page=145
کود گوگرد فیتومکس سولفپاین 100 سی سی,,90000,450000.0,0.2,True,https://basalam.com/cat/tools/%D8%AE%D8%A7%DA%A9-%DA%A9%D9%88%D8%AF-%D8%B3%D9%85%D9%88%D9%85?page=145
کود اسید هیومیک مایع 47 درصد اسپانیایی آگویلا هیومیک Aguila Humic,,3200000,640000.0,5.0,True,https://basalam.com/cat/tools/%D8%AE%D8%A7%DA%A9-%DA%A9%D9%88%D8%AF-%D8%B3%D9%85%D9%88%D9%85?page=145
کود مایع یک لیتری ضد تنش و استرس فوگوبیس گرومور امریکا,,1120000,1120000.0,1.0,True,https://basalam.com/cat/tools/%D8%AE%D8%A7%DA%A9-%DA%A9%D9%88%D8%AF-%D8%B3%D9%85%D9%88%D9%85?page=145
کود فول مکس بمب یک لیتری,,270000,270000.0,1.0,True,https://basalam.com/cat/tools/%D8%AE%D8%A7%DA%A9-%DA%A9%D9%88%D8%AF-%D8%B3%D9%85%D9%88%D9%85?page=145
کود مایع چند منظوره ضدشوکمحرک رشدضدیخ حاوی آمینواسید حجم 500cc,,150000,223880.59701492536,0.67,True,https://basalam.com/cat/tools/%D8%AE%D8%A7%DA%A9-%DA%A9%D9%88%D8%AF-%D8%B3%D9%85%D9%88%D9%85?page=147
کود فسفر بالا ی 10 -52-10 تایمکس (60 گرمی),,195000,3900000.0,0.05,True,https://basalam.com/cat/tools/%D8%AE%D8%A7%DA%A9-%DA%A9%D9%88%D8%AF-%D8%B3%D9%85%D9%88%D9%85?page=153
کود آهن کلات شده با مواد آلی 100 گرمی,,40000,400000.0,0.1,True,https://basalam.com/cat/tools/%D8%AE%D8%A7%DA%A9-%DA%A9%D9%88%D8%AF-%D8%B3%D9%85%D9%88%D9%85?page=147
کود روی پودری کلات شده با مواد آلی 100 گرمی,,40000,400000.0,0.1,True,https://basalam.com/cat/tools/%D8%AE%D8%A7%DA%A9-%DA%A9%D9%88%D8%AF-%D8%B3%D9%85%D9%88%D9%85?page=147
گیاه زوفا با کیفیت عالی بار امسالی و تازه(750گرمی),,2281300,3041733.333333333,0.75,True,https://basalam.com/cat/tools/%D8%AE%D8%A7%DA%A9-%DA%A9%D9%88%D8%AF-%D8%B3%D9%85%D9%88%D9%85?page=146
ریشه سنبل الطیب با کیفیت عالی بار امسالی و تازه(750گرمی),,5114800,6819733.333333333,0.75,True,https://basalam.com/cat/tools/%D8%AE%D8%A7%DA%A9-%DA%A9%D9%88%D8%AF-%D8%B3%D9%85%D9%88%D9%85?page=146
گیاه کاسنی با کیفیت عالی بار امسالی و تازه(250گرمی ),,247000,988000.0,0.25,True,https://basalam.com/cat/tools/%D8%AE%D8%A7%DA%A9-%DA%A9%D9%88%D8%AF-%D8%B3%D9%85%D9%88%D9%85?page=146
گیاه مریم گلی با کیفیت عالی بار امسالی و تازه(50گرمی),,175600,3512000.0,0.05,True,https://basalam.com/cat/tools/%D8%AE%D8%A7%DA%A9-%DA%A9%D9%88%D8%AF-%D8%B3%D9%85%D9%88%D9%85?page=146
گل بومادارن با کیفیت عالی بار امسالی و تازه(100 گرمی ),,175600,1756000.0,0.1,True,https://basalam.com/cat/tools/%D8%AE%D8%A7%DA%A9-%DA%A9%D9%88%D8%AF-%D8%B3%D9%85%D9%88%D9%85?page=146
برگ جینکو با کیفیت عالی و ممتاز,,317200,6344000.0,0.05,True,https://basalam.com/cat/tools/%D8%AE%D8%A7%DA%A9-%DA%A9%D9%88%D8%AF-%D8%B3%D9%85%D9%88%D9%85?page=146
ریشه چوبک با کیفیت عالی بار امسالی و تازه(750 گرمی ),,443000,590666.6666666666,0.75,True,https://basalam.com/cat/tools/%D8%AE%D8%A7%DA%A9-%DA%A9%D9%88%D8%AF-%D8%B3%D9%85%D9%88%D9%85?page=146
برگ جینکو با کیفیت عالی بار امسالی و تازه(100گرمی),,572600,5726000.0,0.1,True,https://basalam.com/cat/tools/%D8%AE%D8%A7%DA%A9-%DA%A9%D9%88%D8%AF-%D8%B3%D9%85%D9%88%D9%85?page=152
بارهنگ با کیفیت عالی بار امسالی و تازه(100 گرمی ),,387200,3872000.0,0.1,True,https://basalam.com/cat/tools/%D8%AE%D8%A7%DA%A9-%DA%A9%D9%88%D8%AF-%D8%B3%D9%85%D9%88%D9%85?page=152
برگ سنا با کیفیت عالی بار امسالی و تازه(500گرمی ),,364300,728600.0,0.5,True,https://basalam.com/cat/tools/%D8%AE%D8%A7%DA%A9-%DA%A9%D9%88%D8%AF-%D8%B3%D9%85%D9%88%D9%85?page=146
گیاه گزنه با کیفیت عالی بار امسالی و تازه(500گرمی ),,740600,1481200.0,0.5,True,https://basalam.com/cat/tools/%D8%AE%D8%A7%DA%A9-%DA%A9%D9%88%D8%AF-%D8%B3%D9%85%D9%88%D9%85?page=146
گیاه مریم گلی با کیفیت عالی بار امسالی و تازه(250گرمی ),,496900,1987600.0,0.25,True,https://basalam.com/cat/tools/%D8%AE%D8%A7%DA%A9-%DA%A9%D9%88%D8%AF-%D8%B3%D9%85%D9%88%D9%85?page=146
گیاه خرفه با کیفیت عالی بار امسالی و تازه(150گرمی),,508200,3388000.0,0.15,True,https://basalam.com/cat/tools/%D8%AE%D8%A7%DA%A9-%DA%A9%D9%88%D8%AF-%D8%B3%D9%85%D9%88%D9%85?page=146
ریشه چوبک با کیفیت عالی بار امسالی و تازه(100گرمی ),,132600,1326000.0,0.1,True,https://basalam.com/cat/tools/%D8%AE%D8%A7%DA%A9-%DA%A9%D9%88%D8%AF-%D8%B3%D9%85%D9%88%D9%85?page=146
گل ابریشم با کیفیت عالی بار امسالی و تازه(50گرمی),,267100,5342000.0,0.05,True,https://basalam.com/cat/tools/%D8%AE%D8%A7%DA%A9-%DA%A9%D9%88%D8%AF-%D8%B3%D9%85%D9%88%D9%85?page=146
گیاه جعفری با کیفیت عالی بار امسالی و تازه(750 گرمی ),,1377600,1836800.0,0.75,True,https://basalam.com/cat/tools/%D8%AE%D8%A7%DA%A9-%DA%A9%D9%88%D8%AF-%D8%B3%D9%85%D9%88%D9%85?page=146
ریشه چوبک با کیفیت عالی بار امسالی و تازه(50 گرمی ),,107800,2156000.0,0.05,True,https://basalam.com/cat/tools/%D8%AE%D8%A7%DA%A9-%DA%A9%D9%88%D8%AF-%D8%B3%D9%85%D9%88%D9%85?page=152
گیاه مرزه با کیفیت عالی بار امسالی و تازه(500گرمی ),,917000,1834000.0,0.5,True,https://basalam.com/cat/tools/%D8%AE%D8%A7%DA%A9-%DA%A9%D9%88%D8%AF-%D8%B3%D9%85%D9%88%D9%85?page=146
گیاه خار مریم با کیفیت عالی بار امسالی و تازه(750 گرمی ),,655900,874533.3333333334,0.75,True,https://basalam.com/cat/tools/%D8%AE%D8%A7%DA%A9-%DA%A9%D9%88%D8%AF-%D8%B3%D9%85%D9%88%D9%85?page=146
گل مینا با کیفیت عالی بار امسالی و تازه(200گرمی),,5317200,26586000.0,0.2,True,https://basalam.com/cat/tools/%D8%AE%D8%A7%DA%A9-%DA%A9%D9%88%D8%AF-%D8%B3%D9%85%D9%88%D9%85?page=146
گیاه سدر با کیفیت عالی بار امسالی و تازه(250گرمی ),,166300,665200.0,0.25,True,https://basalam.com/cat/tools/%D8%AE%D8%A7%DA%A9-%DA%A9%D9%88%D8%AF-%D8%B3%D9%85%D9%88%D9%85?page=146
گیاه دم اسب با کیفیت عالی بار امسالی و تازه(500گرمی ),,247800,495600.0,0.5,True,https://basalam.com/cat/tools/%D8%AE%D8%A7%DA%A9-%DA%A9%D9%88%D8%AF-%D8%B3%D9%85%D9%88%D9%85?page=146
گل مینا با کیفیت عالی بار امسالی و تازه(150گرمی),,3659600,24397333.333333336,0.15,True,https://basalam.com/cat/tools/%D8%AE%D8%A7%DA%A9-%DA%A9%D9%88%D8%AF-%D8%B3%D9%85%D9%88%D9%85?page=146
کود پتاس بالا 121236 ویسپو زرین کود مخصوص گلدان و گیاهان,,218000,218000.0,1.0,True,https://basalam.com/cat/tools/%D8%AE%D8%A7%DA%A9-%DA%A9%D9%88%D8%AF-%D8%B3%D9%85%D9%88%D9%85?page=147
کود پتاس بالا یا 121236 مقدار 30گرم پس کرایه,,35000,1166666.6666666667,0.03,True,https://basalam.com/cat/tools/%D8%AE%D8%A7%DA%A9-%DA%A9%D9%88%D8%AF-%D8%B3%D9%85%D9%88%D9%85?page=147
کود مایع 25 25 25 سه بیست پنج فینیش ایکس گرین با حجم 250 سی سی,,170000,680000.0,0.25,True,https://basalam.com/cat/tools/%D8%AE%D8%A7%DA%A9-%DA%A9%D9%88%D8%AF-%D8%B3%D9%85%D9%88%D9%85?page=147
کود ریزمغذی (میکرو) مایع تحت لیسانس آرماگرو آلمان ویگانسیا اکتیو,,475000,475000.0,1.0,True,https://basalam.com/cat/tools/%D8%AE%D8%A7%DA%A9-%DA%A9%D9%88%D8%AF-%D8%B3%D9%85%D9%88%D9%85?page=147
کالادیوم تای بیوتی Caladium Thai Beauty هزینه ارسال بصورت پس کرایه و بعهده مشتری می باشد,,320000,213333.3333333333,1.5,True,https://basalam.com/cat/tools/%D8%AE%D8%A7%DA%A9-%DA%A9%D9%88%D8%AF-%D8%B3%D9%85%D9%88%D9%85?page=147
کود مایع سیلیسیم 40 درصد چلسی یک لیتری,,759000,759000.0,1.0,True,https://basalam.com/cat/tools/%D8%AE%D8%A7%DA%A9-%DA%A9%D9%88%D8%AF-%D8%B3%D9%85%D9%88%D9%85?page=147
کود گلدهی 10-52-10 زیگلر آلمان (2بسته250گرمی)- مخصوص تحریک به گلدهی,,359000,718000.0,0.5,True,https://basalam.com/cat/tools/%D8%AE%D8%A7%DA%A9-%DA%A9%D9%88%D8%AF-%D8%B3%D9%85%D9%88%D9%85?page=147
کود سولفات منیزیم پرینوا مکزیک 250 گرم کود خالص,,39000,156000.0,0.25,True,https://basalam.com/cat/tools/%D8%AE%D8%A7%DA%A9-%DA%A9%D9%88%D8%AF-%D8%B3%D9%85%D9%88%D9%85?page=147
کود مایع نیتروژن گیاهی 250ML,,125000,500000.0,0.25,True,https://basalam.com/cat/tools/%D8%AE%D8%A7%DA%A9-%DA%A9%D9%88%D8%AF-%D8%B3%D9%85%D9%88%D9%85?page=147
کود سولفات پتاسیم تتاکو ده کیلویی زیگمافرهلند,,1500000,150000.0,10.0,True,https://basalam.com/cat/tools/%D8%AE%D8%A7%DA%A9-%DA%A9%D9%88%D8%AF-%D8%B3%D9%85%D9%88%D9%85?page=147
کود جلبک دریایی تتاکو زیگمافر هلند,,700000,700000.0,1.0,True,https://basalam.com/cat/tools/%D8%AE%D8%A7%DA%A9-%DA%A9%D9%88%D8%AF-%D8%B3%D9%85%D9%88%D9%85?page=147
کود 10.52.10 آلمانی بایووست,,3850000,385000.0,10.0,True,https://basalam.com/cat/tools/%D8%AE%D8%A7%DA%A9-%DA%A9%D9%88%D8%AF-%D8%B3%D9%85%D9%88%D9%85?page=147
کود چالکود کمپلکس آلی,,985000,39400.0,25.0,True,https://basalam.com/cat/tools/%D8%AE%D8%A7%DA%A9-%DA%A9%D9%88%D8%AF-%D8%B3%D9%85%D9%88%D9%85?page=147
کود تقویتی مخصوص گل پرنده بهشتی هپی پلنت مدل HP60 حجم 120 میلی لیتر,,45000,450000.0,0.1,True,https://basalam.com/cat/tools/%D8%AE%D8%A7%DA%A9-%DA%A9%D9%88%D8%AF-%D8%B3%D9%85%D9%88%D9%85?page=148
کود هورمون ریشه زایی و سه بیست و هیومیک و آهن کد A09 حجم 120 میلی لیتر,,690000,6900000.0,0.1,True,https://basalam.com/cat/tools/%D8%AE%D8%A7%DA%A9-%DA%A9%D9%88%D8%AF-%D8%B3%D9%85%D9%88%D9%85?page=148
کود مولتی گلدهی و مولتی برگ دهی و اسید آمینه کد 08 حجم 100 میلی لیتر بسته سه عددی,,109000,1090000.0,0.1,True,https://basalam.com/cat/tools/%D8%AE%D8%A7%DA%A9-%DA%A9%D9%88%D8%AF-%D8%B3%D9%85%D9%88%D9%85?page=148
کود مایع مرکب مدل بهار 11 حجم 120 میلی لیتر,,45000,450000.0,0.1,True,https://basalam.com/cat/tools/%D8%AE%D8%A7%DA%A9-%DA%A9%D9%88%D8%AF-%D8%B3%D9%85%D9%88%D9%85?page=148
کود مایع مرکب مدل 33 حجم 120 میلی لیتر,,45000,450000.0,0.1,True,https://basalam.com/cat/tools/%D8%AE%D8%A7%DA%A9-%DA%A9%D9%88%D8%AF-%D8%B3%D9%85%D9%88%D9%85?page=148
کود مایع محرک رشد دیوار سبز مدل Easy to Use حجم 250 میلی لیتر,,45000,450000.0,0.1,True,https://basalam.com/cat/tools/%D8%AE%D8%A7%DA%A9-%DA%A9%D9%88%D8%AF-%D8%B3%D9%85%D9%88%D9%85?page=148
کود مایع مدل NPK 20 20 20 حجم 240 میلی لیتر بسته دو عددی,,49000,490000.0,0.1,True,https://basalam.com/cat/tools/%D8%AE%D8%A7%DA%A9-%DA%A9%D9%88%D8%AF-%D8%B3%D9%85%D9%88%D9%85?page=148
کود تقویتی سه گانه آهن روی و منگنز هپی پلنت مدل FMZ حجم 60 میلی لیتر,,41000,410000.0,0.1,True,https://basalam.com/cat/tools/%D8%AE%D8%A7%DA%A9-%DA%A9%D9%88%D8%AF-%D8%B3%D9%85%D9%88%D9%85?page=148
کود مایع گیاهان آپارتمانی گلبان کود مدل Fast growth حجم 100 میلی لیتر بسته دو عددی,,85000,850000.0,0.1,True,https://basalam.com/cat/tools/%D8%AE%D8%A7%DA%A9-%DA%A9%D9%88%D8%AF-%D8%B3%D9%85%D9%88%D9%85?page=148
کود مایع محرک رشد سرخس زینتی مدل Super powerحجم 120 میلی لیتر بسته دو عددی,,86000,860000.0,0.1,True,https://basalam.com/cat/tools/%D8%AE%D8%A7%DA%A9-%DA%A9%D9%88%D8%AF-%D8%B3%D9%85%D9%88%D9%85?page=148
کود مایع آسان مصرف محرک پاجوش سانسوریا مدل 2022 حجم 300 میلی لیتر,,85000,850000.0,0.1,True,https://basalam.com/cat/tools/%D8%AE%D8%A7%DA%A9-%DA%A9%D9%88%D8%AF-%D8%B3%D9%85%D9%88%D9%85?page=148
کود مایع محرک رشد اسطوخدوس مدل Mpower حجم 120 میلی لیتر بسته سه عددی,,109000,1090000.0,0.1,True,https://basalam.com/cat/tools/%D8%AE%D8%A7%DA%A9-%DA%A9%D9%88%D8%AF-%D8%B3%D9%85%D9%88%D9%85?page=148
کود مایع مولتی کود اسطوخدوس مدل 16 حجم 120 میلی لیتر,,45000,450000.0,0.1,True,https://basalam.com/cat/tools/%D8%AE%D8%A7%DA%A9-%DA%A9%D9%88%D8%AF-%D8%B3%D9%85%D9%88%D9%85?page=148
کود مایع قطره چکانی گیاهان آپارتمانی گلبان کود مدل Fast growth حجم 300 میلی لیتر بسته سه عددی,,59000,590000.0,0.1,True,https://basalam.com/cat/tools/%D8%AE%D8%A7%DA%A9-%DA%A9%D9%88%D8%AF-%D8%B3%D9%85%D9%88%D9%85?page=148
کود مایع مخصوص یوکا کد Pak حجم 120 میلی لیتر بسته 8 عددی,,129000,1290000.0,0.1,True,https://basalam.com/cat/tools/%D8%AE%D8%A7%DA%A9-%DA%A9%D9%88%D8%AF-%D8%B3%D9%85%D9%88%D9%85?page=148
کود تقویتی افوربیا هپی پلنت مدل HP60 حجم 120 میلی لیتر,,45000,450000.0,0.1,True,https://basalam.com/cat/tools/%D8%AE%D8%A7%DA%A9-%DA%A9%D9%88%D8%AF-%D8%B3%D9%85%D9%88%D9%85?page=148
کود تقویتی هیومیک اسید مخصوص گل و گیاهان آپارتمانی هپی پلنت مدل HP359 حجم 120 میلی لیتر,,45000,450000.0,0.1,True,https://basalam.com/cat/tools/%D8%AE%D8%A7%DA%A9-%DA%A9%D9%88%D8%AF-%D8%B3%D9%85%D9%88%D9%85?page=148
کود تقویتی مخصوص گل ژربرا هپی پلنت مدل HP407 حجم 120 میلی لیتر,,39000,390000.0,0.1,True,https://basalam.com/cat/tools/%D8%AE%D8%A7%DA%A9-%DA%A9%D9%88%D8%AF-%D8%B3%D9%85%D9%88%D9%85?page=148
کود مایع کامل ارگانیک غنی شده ویژه سانسوریا بلک مدل OrgaFerti حجم 120 میلی لیتر,,45000,450000.0,0.1,True,https://basalam.com/cat/tools/%D8%AE%D8%A7%DA%A9-%DA%A9%D9%88%D8%AF-%D8%B3%D9%85%D9%88%D9%85?page=148
کود مایع زاموفیلیا و کلات آهن و سه بیست و هیومیک مدل A حجم 120میلی لیتر بسته 8 عددی,,209000,2090000.0,0.1,True,https://basalam.com/cat/tools/%D8%AE%D8%A7%DA%A9-%DA%A9%D9%88%D8%AF-%D8%B3%D9%85%D9%88%D9%85?page=148
کود سانسوریا و اسید آمینه و اسید هیومیک کد 16 حجم 120 میلی لیتر بسته سه عددی,,59000,590000.0,0.1,True,https://basalam.com/cat/tools/%D8%AE%D8%A7%DA%A9-%DA%A9%D9%88%D8%AF-%D8%B3%D9%85%D9%88%D9%85?page=148
کود مایع محرک رشد بونسای مدل Mpower حجم 120 میلی لیتر بسته دو عددی,,49000,490000.0,0.1,True,https://basalam.com/cat/tools/%D8%AE%D8%A7%DA%A9-%DA%A9%D9%88%D8%AF-%D8%B3%D9%85%D9%88%D9%85?page=148
کود مایع مولتی کود گیاهان و کلات آهن و سه بیست و هیومیک مدل A حجم 120 میلی لیتر بسته 8 عددی,,219000,2190000.0,0.1,True,https://basalam.com/cat/tools/%D8%AE%D8%A7%DA%A9-%DA%A9%D9%88%D8%AF-%D8%B3%D9%85%D9%88%D9%85?page=148
کود مایع کلات آهن 6 درصد رویش پلاس مدل 09 حجم 120 میلی لیتر,,45000,450000.0,0.1,True,https://basalam.com/cat/tools/%D8%AE%D8%A7%DA%A9-%DA%A9%D9%88%D8%AF-%D8%B3%D9%85%D9%88%D9%85?page=148
کود ان پی کا سه بیست و فسفر بالا و پتاس بالا کد 02 حجم 120 میلی لیتر بسته سه عددی,,590000,5900000.0,0.1,True,https://basalam.com/cat/tools/%D8%AE%D8%A7%DA%A9-%DA%A9%D9%88%D8%AF-%D8%B3%D9%85%D9%88%D9%85?page=148
کود فروت ست مایع هپی پلنت مدل روی و بور حجم 120 میلی لیتر,,45000,450000.0,0.1,True,https://basalam.com/cat/tools/%D8%AE%D8%A7%DA%A9-%DA%A9%D9%88%D8%AF-%D8%B3%D9%85%D9%88%D9%85?page=148
کود تقویتی مخصوص انگور هپی پلنت مدل HP383 حجم 120 میلی لیتر بسته سه عددی,,99000,990000.0,0.1,True,https://basalam.com/cat/tools/%D8%AE%D8%A7%DA%A9-%DA%A9%D9%88%D8%AF-%D8%B3%D9%85%D9%88%D9%85?page=148
کود مایع مرکب سانسوریا گلبان کود مدل GLBK حجم 440 میلی لیتر بسته دو عددی,,49000,490000.0,0.1,True,https://basalam.com/cat/tools/%D8%AE%D8%A7%DA%A9-%DA%A9%D9%88%D8%AF-%D8%B3%D9%85%D9%88%D9%85?page=148
کود مایع محرک رشد پپرومیا مدل Mpower حجم 120 میلی لیتر بسته سه عددی,,109000,1090000.0,0.1,True,https://basalam.com/cat/tools/%D8%AE%D8%A7%DA%A9-%DA%A9%D9%88%D8%AF-%D8%B3%D9%85%D9%88%D9%85?page=148
کود مایع محرک رشد برگ بو مدل Mpower حجم 120 میلی لیتر بسته دو عددی,,85000,850000.0,0.1,True,https://basalam.com/cat/tools/%D8%AE%D8%A7%DA%A9-%DA%A9%D9%88%D8%AF-%D8%B3%D9%85%D9%88%D9%85?page=148
کود مایع کامل مکمل رشد انواع ساکولنت مدل Super Power 15 حجم 120 میلی لیتر,,45000,450000.0,0.1,True,https://basalam.com/cat/tools/%D8%AE%D8%A7%DA%A9-%DA%A9%D9%88%D8%AF-%D8%B3%D9%85%D9%88%D9%85?page=148
کود مایع اسید هیومیک و اسید فولویک مدل 2022 حجم 120 میلی لیتر بسته سه عددی,,69000,690000.0,0.1,True,https://basalam.com/cat/tools/%D8%AE%D8%A7%DA%A9-%DA%A9%D9%88%D8%AF-%D8%B3%D9%85%D9%88%D9%85?page=148
کود مایع مرکب انواع پتوس مدل ABADI01 حجم 120 میلی لیتر,,45000,450000.0,0.1,True,https://basalam.com/cat/tools/%D8%AE%D8%A7%DA%A9-%DA%A9%D9%88%D8%AF-%D8%B3%D9%85%D9%88%D9%85?page=148
کود مایع مخصوص نخل ماداگاسکار کد Pak حجم 120 میلی لیتر بسته 8 عددی,,209000,2090000.0,0.1,True,https://basalam.com/cat/tools/%D8%AE%D8%A7%DA%A9-%DA%A9%D9%88%D8%AF-%D8%B3%D9%85%D9%88%D9%85?page=148
کود مایع گلدهی گیاهان خانگی گلبان کود مدل Fast growth حجم 100 میلی لیتر بسته دو عددی,,83000,830000.0,0.1,True,https://basalam.com/cat/tools/%D8%AE%D8%A7%DA%A9-%DA%A9%D9%88%D8%AF-%D8%B3%D9%85%D9%88%D9%85?page=148
کود مایع کامل مکمل رشد بنت القنسول مدل Super Power 01 حجم 120 میلی لیتر,,45000,450000.0,0.1,True,https://basalam.com/cat/tools/%D8%AE%D8%A7%DA%A9-%DA%A9%D9%88%D8%AF-%D8%B3%D9%85%D9%88%D9%85?page=148
کود تقویتی ریشه زا هپی پلنت مدل 10-50-10 وزن 50 گرم,,43000,430000.0,0.1,True,https://basalam.com/cat/tools/%D8%AE%D8%A7%DA%A9-%DA%A9%D9%88%D8%AF-%D8%B3%D9%85%D9%88%D9%85?page=148
کود تقویتی مخصوص بگونیا هپی پلنت مدل HP29 حجم 120 میلی لیتر,,39000,390000.0,0.1,True,https://basalam.com/cat/tools/%D8%AE%D8%A7%DA%A9-%DA%A9%D9%88%D8%AF-%D8%B3%D9%85%D9%88%D9%85?page=148
کود مایع محرک رشد شمشاد مدل Mpower حجم 120 میلی لیتر بسته سه عددی,,109000,1090000.0,0.1,True,https://basalam.com/cat/tools/%D8%AE%D8%A7%DA%A9-%DA%A9%D9%88%D8%AF-%D8%B3%D9%85%D9%88%D9%85?page=148
کود کامل مامیلاریا الانگاتا مدل Ma حجم 120 میلی لیتر,,45000,450000.0,0.1,True,https://basalam.com/cat/tools/%D8%AE%D8%A7%DA%A9-%DA%A9%D9%88%D8%AF-%D8%B3%D9%85%D9%88%D9%85?page=148
کود مایع کامل فیلودندرون قرمز مدل Filn حجم 120 میلی لیتر,,45000,450000.0,0.1,True,https://basalam.com/cat/tools/%D8%AE%D8%A7%DA%A9-%DA%A9%D9%88%D8%AF-%D8%B3%D9%85%D9%88%D9%85?page=148
کود دیش گاردن مدل ِD G حجم 120 میلی لیتر,,45000,450000.0,0.1,True,https://basalam.com/cat/tools/%D8%AE%D8%A7%DA%A9-%DA%A9%D9%88%D8%AF-%D8%B3%D9%85%D9%88%D9%85?page=148
کود مایع مکمل رشد انواع آگلونما مدل Super Power 03 حجم 120 میلی لیتر,,45000,450000.0,0.1,True,https://basalam.com/cat/tools/%D8%AE%D8%A7%DA%A9-%DA%A9%D9%88%D8%AF-%D8%B3%D9%85%D9%88%D9%85?page=148
کود مایع کامل مکمل رشد سانسوریا کراواتی مدل Super Power 17 حجم 120 میلی لیتر,,45000,450000.0,0.1,True,https://basalam.com/cat/tools/%D8%AE%D8%A7%DA%A9-%DA%A9%D9%88%D8%AF-%D8%B3%D9%85%D9%88%D9%85?page=148
کود مایع هیومیک اسید مدل رویش پلاس 16 حجم 120 میلی لیتر,,45000,450000.0,0.1,True,https://basalam.com/cat/tools/%D8%AE%D8%A7%DA%A9-%DA%A9%D9%88%D8%AF-%D8%B3%D9%85%D9%88%D9%85?page=149
کود مایع مکمل رشد فیکوس مدل Super Power 20 حجم 120 میلی لیتر,,45000,450000.0,0.1,True,https://basalam.com/cat/tools/%D8%AE%D8%A7%DA%A9-%DA%A9%D9%88%D8%AF-%D8%B3%D9%85%D9%88%D9%85?page=149
کود مایع عناصر میکرو مدل 36 12 12 حجم 120 میلی لیتر بسته دو عددی,,45000,450000.0,0.1,True,https://basalam.com/cat/tools/%D8%AE%D8%A7%DA%A9-%DA%A9%D9%88%D8%AF-%D8%B3%D9%85%D9%88%D9%85?page=149
کود مایع ارگانیک ریز مغذی مدل OrgaFerti حجم 120 میلی لیتر,,45000,450000.0,0.1,True,https://basalam.com/cat/tools/%D8%AE%D8%A7%DA%A9-%DA%A9%D9%88%D8%AF-%D8%B3%D9%85%D9%88%D9%85?page=149
کود مایع کامل ارگانیک غنی شده ویژه یوکا مدل OrgaFerti حجم 120 میلی لیتر,,45000,450000.0,0.1,True,https://basalam.com/cat/tools/%D8%AE%D8%A7%DA%A9-%DA%A9%D9%88%D8%AF-%D8%B3%D9%85%D9%88%D9%85?page=149
کود مایع کامل ارگانیک غنی شده ویژه گل کاغذی مدل OrgaFerti حجم 120 میلی لیتر,,45000,450000.0,0.1,True,https://basalam.com/cat/tools/%D8%AE%D8%A7%DA%A9-%DA%A9%D9%88%D8%AF-%D8%B3%D9%85%D9%88%D9%85?page=149
کود کامل گل برگ انجیری فر مدل Fer حجم 120 میلی لیتر,,45000,450000.0,0.1,True,https://basalam.com/cat/tools/%D8%AE%D8%A7%DA%A9-%DA%A9%D9%88%D8%AF-%D8%B3%D9%85%D9%88%D9%85?page=149
کود کامل یوکا مدل A23 حجم 120 میلی لیتر,,45000,450000.0,0.1,True,https://basalam.com/cat/tools/%D8%AE%D8%A7%DA%A9-%DA%A9%D9%88%D8%AF-%D8%B3%D9%85%D9%88%D9%85?page=149
کود کامل زاموفیلیا بلک مدل Za B حجم 120 میلی لیتر,,45000,450000.0,0.1,True,https://basalam.com/cat/tools/%D8%AE%D8%A7%DA%A9-%DA%A9%D9%88%D8%AF-%D8%B3%D9%85%D9%88%D9%85?page=149
کود تقویتی مخصوص درخت چنار هپی پلنت مدل HP471 حجم 120 میلی لیتر,,45000,450000.0,0.1,True,https://basalam.com/cat/tools/%D8%AE%D8%A7%DA%A9-%DA%A9%D9%88%D8%AF-%D8%B3%D9%85%D9%88%D9%85?page=149
کود سولفات آهن هپی پلنت مدل IS49 وزن 25 گرم,,45000,450000.0,0.1,True,https://basalam.com/cat/tools/%D8%AE%D8%A7%DA%A9-%DA%A9%D9%88%D8%AF-%D8%B3%D9%85%D9%88%D9%85?page=149
کود کامل افزایش پاجوش گل و گیاه خانگی مدل A50 حجم 120 میلی لیتر,,45000,450000.0,0.1,True,https://basalam.com/cat/tools/%D8%AE%D8%A7%DA%A9-%DA%A9%D9%88%D8%AF-%D8%B3%D9%85%D9%88%D9%85?page=149
کود مایع محرک رشد تراریوم مدل Super powerحجم 120 میلی لیتر بسته دو عددی,,84000,840000.0,0.1,True,https://basalam.com/cat/tools/%D8%AE%D8%A7%DA%A9-%DA%A9%D9%88%D8%AF-%D8%B3%D9%85%D9%88%D9%85?page=149
کود مایع مولتی زاموفیلیا کد Pak حجم 100 میلی لیتر بسته 8 عددی,,209000,2090000.0,0.1,True,https://basalam.com/cat/tools/%D8%AE%D8%A7%DA%A9-%DA%A9%D9%88%D8%AF-%D8%B3%D9%85%D9%88%D9%85?page=149
کود مایع کامل ارگانیک غنی شده ویژه گیاه چمچمه ای مدل OrgaFerti حجم 120 میلی لیتر,,45000,450000.0,0.1,True,https://basalam.com/cat/tools/%D8%AE%D8%A7%DA%A9-%DA%A9%D9%88%D8%AF-%D8%B3%D9%85%D9%88%D9%85?page=149
کود مایع مکمل رشد گیاه برگ عبایی مدل Super Power 06 حجم 120 میلی لیتر,,43000,430000.0,0.1,True,https://basalam.com/cat/tools/%D8%AE%D8%A7%DA%A9-%DA%A9%D9%88%D8%AF-%D8%B3%D9%85%D9%88%D9%85?page=149
کود مایع هورمون گلدهی گیاهان خانگی مدل ABADI04 حجم 250 میلی لیتر,,75000,750000.0,0.1,True,https://basalam.com/cat/tools/%D8%AE%D8%A7%DA%A9-%DA%A9%D9%88%D8%AF-%D8%B3%D9%85%D9%88%D9%85?page=149
کود ارگانیک گیاهان با خاصیت فوق العاده,,520000,520000.0,1.0,True,https://basalam.com/cat/tools/%D8%AE%D8%A7%DA%A9-%DA%A9%D9%88%D8%AF-%D8%B3%D9%85%D9%88%D9%85?page=149
کود کامل گرومور 20-20-20 هیومیک دار یک کیلویی,,900000,900000.0,1.0,True,https://basalam.com/cat/tools/%D8%AE%D8%A7%DA%A9-%DA%A9%D9%88%D8%AF-%D8%B3%D9%85%D9%88%D9%85?page=149
کود فسفر بالا NPK مخصوص تقویت ریشه یک کیلو گرمی,,170000,170000.0,1.0,True,https://basalam.com/cat/tools/%D8%AE%D8%A7%DA%A9-%DA%A9%D9%88%D8%AF-%D8%B3%D9%85%D9%88%D9%85?page=149
کود گوگرد مایع بیست لیتری جنریت محصول ایالات متحده,,10000000,434782.60869565216,23.0,True,https://basalam.com/cat/tools/%D8%AE%D8%A7%DA%A9-%DA%A9%D9%88%D8%AF-%D8%B3%D9%85%D9%88%D9%85?page=149
کود آجودان صابون غیر یونی جنوبگان نیم لیتر,,270000,540000.0,0.5,True,https://basalam.com/cat/tools/%D8%AE%D8%A7%DA%A9-%DA%A9%D9%88%D8%AF-%D8%B3%D9%85%D9%88%D9%85?page=149
محلول کود آهن گیاهان آکواریوم آلیتا 500 میلی,,202500,405000.0,0.5,True,https://basalam.com/cat/tools/%D8%AE%D8%A7%DA%A9-%DA%A9%D9%88%D8%AF-%D8%B3%D9%85%D9%88%D9%85?page=149
کود هیومیک اسید پودری جنریت یک کیلویی محصول ایالات متحده,,4000000,4000000.0,1.0,True,https://basalam.com/cat/tools/%D8%AE%D8%A7%DA%A9-%DA%A9%D9%88%D8%AF-%D8%B3%D9%85%D9%88%D9%85?page=149
کود نیتروژن(ازت)جنریت آمریکا یک لیتری,,900000,900000.0,1.0,True,https://basalam.com/cat/tools/%D8%AE%D8%A7%DA%A9-%DA%A9%D9%88%D8%AF-%D8%B3%D9%85%D9%88%D9%85?page=149
کود تقویتی مخصوص سانسوریا هپی پلنت مدل HP40 حجم 120 میلی لیتر,,45000,450000.0,0.1,True,https://basalam.com/cat/tools/%D8%AE%D8%A7%DA%A9-%DA%A9%D9%88%D8%AF-%D8%B3%D9%85%D9%88%D9%85?page=149
کمپوست یکدست مناسب گل و گیاه و درختاحیا باغچه,,45000,9000.0,5.0,True,https://basalam.com/cat/tools/%D8%AE%D8%A7%DA%A9-%DA%A9%D9%88%D8%AF-%D8%B3%D9%85%D9%88%D9%85?page=150
کود منگنز 29 درصد شوک اصل آمریکایی گالن پنج لیتری (پس کرایه),,1102900,220580.0,5.0,True,https://basalam.com/cat/tools/%D8%AE%D8%A7%DA%A9-%DA%A9%D9%88%D8%AF-%D8%B3%D9%85%D9%88%D9%85?page=150
کود آمینواسید شوک پنج لیتری آمریکایی هشتاد درصد (پس کرایه),,1053800,210760.0,5.0,True,https://basalam.com/cat/tools/%D8%AE%D8%A7%DA%A9-%DA%A9%D9%88%D8%AF-%D8%B3%D9%85%D9%88%D9%85?page=150
کود مایع گندم و جو شوک اصل آمریکایی بیست لیتری (پس کرایه),,2212900,110645.0,20.0,True,https://basalam.com/cat/tools/%D8%AE%D8%A7%DA%A9-%DA%A9%D9%88%D8%AF-%D8%B3%D9%85%D9%88%D9%85?page=150
کود آهن آمریکایی شوک مایع یک لیتری EDTA (پس کرایه),,259200,259200.0,1.0,True,https://basalam.com/cat/tools/%D8%AE%D8%A7%DA%A9-%DA%A9%D9%88%D8%AF-%D8%B3%D9%85%D9%88%D9%85?page=150
کود نیترات کلسیم مایع شوک حجم یک لیتری آمریکایی (پس کرایه),,323100,323100.0,1.0,True,https://basalam.com/cat/tools/%D8%AE%D8%A7%DA%A9-%DA%A9%D9%88%D8%AF-%D8%B3%D9%85%D9%88%D9%85?page=150
کود آهن شوک 25 درصد اصل آمریکایی گالن بیست لیتری (پس کرایه),,2508000,125400.0,20.0,True,https://basalam.com/cat/tools/%D8%AE%D8%A7%DA%A9-%DA%A9%D9%88%D8%AF-%D8%B3%D9%85%D9%88%D9%85?page=150
کود منگنز 29 درصد شوک اصل آمریکایی گالن بیست لیتری (پس کرایه),,2388600,119430.0,20.0,True,https://basalam.com/cat/tools/%D8%AE%D8%A7%DA%A9-%DA%A9%D9%88%D8%AF-%D8%B3%D9%85%D9%88%D9%85?page=150
کود فولویک اسید مایع شوک آمریکایی بطری یک لیتری (پس کرایه),,295100,295100.0,1.0,True,https://basalam.com/cat/tools/%D8%AE%D8%A7%DA%A9-%DA%A9%D9%88%D8%AF-%D8%B3%D9%85%D9%88%D9%85?page=150
کود فسفر بالا ریشه زا 80 درصد شوک مایع آمریکایی (پس کرایه),,1229500,245900.0,5.0,True,https://basalam.com/cat/tools/%D8%AE%D8%A7%DA%A9-%DA%A9%D9%88%D8%AF-%D8%B3%D9%85%D9%88%D9%85?page=154
کود ده ایکس گلد (10XGOLD) مایع شوک بیست لیتری (پس کرایه),,5269000,263450.0,20.0,True,https://basalam.com/cat/tools/%D8%AE%D8%A7%DA%A9-%DA%A9%D9%88%D8%AF-%D8%B3%D9%85%D9%88%D9%85?page=154
کود کامل NPK ریشه زایی 10.52.10 شوک اصل آمریکایی فسفر بالا (پس کرایه),,1229500,245900.0,5.0,True,https://basalam.com/cat/tools/%D8%AE%D8%A7%DA%A9-%DA%A9%D9%88%D8%AF-%D8%B3%D9%85%D9%88%D9%85?page=154
کود هیومیک اسید شوک آمریکایی 95 درصد حجم پنج لیتری (پس کرایه),,1053800,210760.0,5.0,True,https://basalam.com/cat/tools/%D8%AE%D8%A7%DA%A9-%DA%A9%D9%88%D8%AF-%D8%B3%D9%85%D9%88%D9%85?page=154
کود گلدهی اصل آمریکایی شوک مایع یک لیتری (پس کرایه),,305700,305700.0,1.0,True,https://basalam.com/cat/tools/%D8%AE%D8%A7%DA%A9-%DA%A9%D9%88%D8%AF-%D8%B3%D9%85%D9%88%D9%85?page=154
کود آهن شوک 25 درصد اصل آمریکایی گالن پنج لیتری (پس کرایه),,1102900,220580.0,5.0,True,https://basalam.com/cat/tools/%D8%AE%D8%A7%DA%A9-%DA%A9%D9%88%D8%AF-%D8%B3%D9%85%D9%88%D9%85?page=154
کود آهن شوک 25 درصد اصل آمریکایی یک لیتری (بالاترین درصد) (پس کرایه),,259200,259200.0,1.0,True,https://basalam.com/cat/tools/%D8%AE%D8%A7%DA%A9-%DA%A9%D9%88%D8%AF-%D8%B3%D9%85%D9%88%D9%85?page=154
کود هیومیک اسید بیوهلث bio health آلمان,,2900000,2900000.0,1.0,True,https://basalam.com/cat/tools/%D8%AE%D8%A7%DA%A9-%DA%A9%D9%88%D8%AF-%D8%B3%D9%85%D9%88%D9%85?page=155
روغن ولک زمستانه کشاورزی مخصوص باغ و باغچه و ویلا برند ایرامون,,220000,550000.0,0.4,True,https://basalam.com/cat/tools/%D8%AE%D8%A7%DA%A9-%DA%A9%D9%88%D8%AF-%D8%B3%D9%85%D9%88%D9%85?page=151
کود 20 20 20 (بسته بندی قوطی ),,40000,571428.5714285714,0.07,True,https://basalam.com/cat/tools/%D8%AE%D8%A7%DA%A9-%DA%A9%D9%88%D8%AF-%D8%B3%D9%85%D9%88%D9%85?page=151
کود هیومیک اسید ( مایع 120 سی سی ),,36000,276923.07692307694,0.13,True,https://basalam.com/cat/tools/%D8%AE%D8%A7%DA%A9-%DA%A9%D9%88%D8%AF-%D8%B3%D9%85%D9%88%D9%85?page=151
کود گیاهان آپارتمانی (پک 6 عددی),,250000,500000.0,0.5,True,https://basalam.com/cat/tools/%D8%AE%D8%A7%DA%A9-%DA%A9%D9%88%D8%AF-%D8%B3%D9%85%D9%88%D9%85?page=151
کود مخلوط سه بیست 20-20-20 و 12-12-36 وارداتی المان برند زیگلر,,79990,319960.0,0.25,True,https://basalam.com/cat/tools/%D8%AE%D8%A7%DA%A9-%DA%A9%D9%88%D8%AF-%D8%B3%D9%85%D9%88%D9%85?page=151
کود جلبک دریایی مایع(هورمون رشد)استیمپلکس حجم 120cc,,55000,366666.6666666667,0.15,True,https://basalam.com/cat/tools/%D8%AE%D8%A7%DA%A9-%DA%A9%D9%88%D8%AF-%D8%B3%D9%85%D9%88%D9%85?page=151
کود میکروپلاس ریزمغذی راز گل ها (وزن 40 گرم),,110000,2750000.0,0.04,True,https://basalam.com/cat/tools/%D8%AE%D8%A7%DA%A9-%DA%A9%D9%88%D8%AF-%D8%B3%D9%85%D9%88%D9%85?page=151
پودر نابودی سوسک مخصوص سوسک های ریز و کابینتی,,57000,5700000.0,0.01,True,https://basalam.com/cat/tools/%D8%AE%D8%A7%DA%A9-%DA%A9%D9%88%D8%AF-%D8%B3%D9%85%D9%88%D9%85?page=151
کود کامل رشد رویشی و برگدهی 20-3-20+20so4 یک کیلوگرمی حاوی عناصر ماکرو و میکرو,,149000,149000.0,1.0,True,https://basalam.com/cat/tools/%D8%AE%D8%A7%DA%A9-%DA%A9%D9%88%D8%AF-%D8%B3%D9%85%D9%88%D9%85?page=151
کود سولفات پتاسیم فراگین مدل سولوپتاس وزن 500 گرم,,79000,158000.0,0.5,True,https://basalam.com/cat/tools/%D8%AE%D8%A7%DA%A9-%DA%A9%D9%88%D8%AF-%D8%B3%D9%85%D9%88%D9%85?page=151
کود سه بیست فراگین مدل 20 20 20 وزن 200 گرم,,69000,345000.0,0.2,True,https://basalam.com/cat/tools/%D8%AE%D8%A7%DA%A9-%DA%A9%D9%88%D8%AF-%D8%B3%D9%85%D9%88%D9%85?page=151
پک دو عددی کود گلدهی (تقویت ریشه ) و رشد مخصوص بنفشه آفریقایی ( اقتصادی ),,50000,1666666.6666666667,0.03,True,https://basalam.com/cat/tools/%D8%AE%D8%A7%DA%A9-%DA%A9%D9%88%D8%AF-%D8%B3%D9%85%D9%88%D9%85?page=151
کود بوریک اسید TETACO مناسب گلدان و باغچه وزن 120 گرم,,70000,583333.3333333334,0.12,True,https://basalam.com/cat/tools/%D8%AE%D8%A7%DA%A9-%DA%A9%D9%88%D8%AF-%D8%B3%D9%85%D9%88%D9%85?page=151
کود اوره تتاکو مناسب گلدان و باغچه وزن 120 گرم,,50000,416666.6666666667,0.12,True,https://basalam.com/cat/tools/%D8%AE%D8%A7%DA%A9-%DA%A9%D9%88%D8%AF-%D8%B3%D9%85%D9%88%D9%85?page=151
کود ریشه زایی مایع,,17000,850000.0,0.02,True,https://basalam.com/cat/tools/%D8%AE%D8%A7%DA%A9-%DA%A9%D9%88%D8%AF-%D8%B3%D9%85%D9%88%D9%85?page=151
کود مایع چهار عدد مراقبت ویژه گیاهان,,1600000,1600000.0,1.0,True,https://basalam.com/cat/tools/%D8%AE%D8%A7%DA%A9-%DA%A9%D9%88%D8%AF-%D8%B3%D9%85%D9%88%D9%85?page=151
کود سه بیست غیر شیمیایی مراکل گرو,,350000,1400000.0,0.25,True,https://basalam.com/cat/tools/%D8%AE%D8%A7%DA%A9-%DA%A9%D9%88%D8%AF-%D8%B3%D9%85%D9%88%D9%85?page=151
کود افزایش شاخه و برگ برای گیاهان آپارتمانی,,29000,5800000.0,0.005,True,https://basalam.com/cat/tools/%D8%AE%D8%A7%DA%A9-%DA%A9%D9%88%D8%AF-%D8%B3%D9%85%D9%88%D9%85?page=152
کود آهن مناسب گیاهان آپارتمانی,,29000,5800000.0,0.005,True,https://basalam.com/cat/tools/%D8%AE%D8%A7%DA%A9-%DA%A9%D9%88%D8%AF-%D8%B3%D9%85%D9%88%D9%85?page=152
کود برگ و بوته مناسب برای گیاهان آپارتمانی,,29000,1450000.0,0.02,True,https://basalam.com/cat/tools/%D8%AE%D8%A7%DA%A9-%DA%A9%D9%88%D8%AF-%D8%B3%D9%85%D9%88%D9%85?page=152
کود مایع مخصوص کاکتوس تایمکس ( 150 میلی لیتر ),,119000,793333.3333333334,0.15,True,https://basalam.com/cat/tools/%D8%AE%D8%A7%DA%A9-%DA%A9%D9%88%D8%AF-%D8%B3%D9%85%D9%88%D9%85?page=152
فیکوس بنجامین ابلق بسیار پر و زیبا با ارتفاع حدود 50 سانتی متر,,399000,142500.0,2.8,True,https://basalam.com/cat/tools/%D8%AE%D8%A7%DA%A9-%DA%A9%D9%88%D8%AF-%D8%B3%D9%85%D9%88%D9%85?page=152
آگلونما سفید برفی با کیفیت و شاداب,,399000,199500.0,2.0,True,https://basalam.com/cat/tools/%D8%AE%D8%A7%DA%A9-%DA%A9%D9%88%D8%AF-%D8%B3%D9%85%D9%88%D9%85?page=152
کود کامل NPK (12-12-36) (13 عنصره)  مناسب گل دهی و باردهی,,45000,750000.0,0.06,True,https://basalam.com/cat/tools/%D8%AE%D8%A7%DA%A9-%DA%A9%D9%88%D8%AF-%D8%B3%D9%85%D9%88%D9%85?page=152
کود مایع ضد استرس تایمکس ( 150 میلی لیتر ),,119000,793333.3333333334,0.15,True,https://basalam.com/cat/tools/%D8%AE%D8%A7%DA%A9-%DA%A9%D9%88%D8%AF-%D8%B3%D9%85%D9%88%D9%85?page=152
کود ریشه زایی و مقاومت گیاه در برابر بیماری ها و آفات پک کامل,,259000,863333.3333333334,0.3,True,https://basalam.com/cat/tools/%D8%AE%D8%A7%DA%A9-%DA%A9%D9%88%D8%AF-%D8%B3%D9%85%D9%88%D9%85?page=152
کود بنسای(اسپری) تالین حاوی انواع عناصر ماکرو و میکرو جهت تقویت رشد و شادابی بنسای,,119000,283333.3333333334,0.42,True,https://basalam.com/cat/tools/%D8%AE%D8%A7%DA%A9-%DA%A9%D9%88%D8%AF-%D8%B3%D9%85%D9%88%D9%85?page=152
بگونیا موکتی گیاه مقاوم و زیبا,,119000,198333.3333333333,0.6,True,https://basalam.com/cat/tools/%D8%AE%D8%A7%DA%A9-%DA%A9%D9%88%D8%AF-%D8%B3%D9%85%D9%88%D9%85?page=152
فیلودندرون پرتقالی گیاه آپارتمانی مقاوم و خاص بسیار جذاب و مقاوم,,349000,232666.66666666663,1.5,True,https://basalam.com/cat/tools/%D8%AE%D8%A7%DA%A9-%DA%A9%D9%88%D8%AF-%D8%B3%D9%85%D9%88%D9%85?page=152
کود بامبو تایمکس ( 30 میلی لیتر ),,69000,2300000.0,0.03,True,https://basalam.com/cat/tools/%D8%AE%D8%A7%DA%A9-%DA%A9%D9%88%D8%AF-%D8%B3%D9%85%D9%88%D9%85?page=152
گیاه لیندا پافیلی گیاهی بسیار مقاوم و با نگهداری آسان,,239000,59750.0,4.0,True,https://basalam.com/cat/tools/%D8%AE%D8%A7%DA%A9-%DA%A9%D9%88%D8%AF-%D8%B3%D9%85%D9%88%D9%85?page=152
گیاه نخل ماداگاسکار سایز گلدان 14 با کیفیت و مقاوم,,99000,66000.0,1.5,True,https://basalam.com/cat/tools/%D8%AE%D8%A7%DA%A9-%DA%A9%D9%88%D8%AF-%D8%B3%D9%85%D9%88%D9%85?page=152
کود مخصوص بنسای تایمکس ( 120 میلی لیتر ),,119000,915384.6153846154,0.13,True,https://basalam.com/cat/tools/%D8%AE%D8%A7%DA%A9-%DA%A9%D9%88%D8%AF-%D8%B3%D9%85%D9%88%D9%85?page=152
گل مرجان ایرانی پر گل و با کیفیت بسیار مقاوم با ارتفاع 38 سانتی متر,,239000,119500.0,2.0,True,https://basalam.com/cat/tools/%D8%AE%D8%A7%DA%A9-%DA%A9%D9%88%D8%AF-%D8%B3%D9%85%D9%88%D9%85?page=152
کود مایع آمینو اسید جهت تسریع رشد ریشه ساقه شادابی گیاه و... سایز 120 میلی لیتر,,119000,991666.6666666667,0.12,True,https://basalam.com/cat/tools/%D8%AE%D8%A7%DA%A9-%DA%A9%D9%88%D8%AF-%D8%B3%D9%85%D9%88%D9%85?page=152
گیاه فیلودندرون امپریال رونده بسیار مقاوم و با کیفیت,,569000,142250.0,4.0,True,https://basalam.com/cat/tools/%D8%AE%D8%A7%DA%A9-%DA%A9%D9%88%D8%AF-%D8%B3%D9%85%D9%88%D9%85?page=152
کود مایع مخصوص بامبو با کیفیت برند تالین,,69000,1150000.0,0.06,True,https://basalam.com/cat/tools/%D8%AE%D8%A7%DA%A9-%DA%A9%D9%88%D8%AF-%D8%B3%D9%85%D9%88%D9%85?page=153
کود جلبک دریایی مناسب گیاهان آپارتمانی,,29000,5800000.0,0.005,True,https://basalam.com/cat/tools/%D8%AE%D8%A7%DA%A9-%DA%A9%D9%88%D8%AF-%D8%B3%D9%85%D9%88%D9%85?page=153
فیلودندرون امپریال با کیفیت و زیبا با قابلیت رونده و چماقی شدن,,269000,134500.0,2.0,True,https://basalam.com/cat/tools/%D8%AE%D8%A7%DA%A9-%DA%A9%D9%88%D8%AF-%D8%B3%D9%85%D9%88%D9%85?page=153
کود پاجوش دهی زاموفیلیا ( کود آهن کود کامل کود جلبک و کود مخصوص زاموفیلیا ) پک کامل,,469000,781666.6666666667,0.6,True,https://basalam.com/cat/tools/%D8%AE%D8%A7%DA%A9-%DA%A9%D9%88%D8%AF-%D8%B3%D9%85%D9%88%D9%85?page=153
کود ریشه زایی محصول کشور المان,,95000,1187500.0,0.08,True,https://basalam.com/cat/tools/%D8%AE%D8%A7%DA%A9-%DA%A9%D9%88%D8%AF-%D8%B3%D9%85%D9%88%D9%85?page=153
کود نوبهار مخصوص درخت انگور  گرانول و پس کرایه,,920000,18400.0,50.0,True,https://basalam.com/cat/tools/%D8%AE%D8%A7%DA%A9-%DA%A9%D9%88%D8%AF-%D8%B3%D9%85%D9%88%D9%85?page=153
کود بیورادیکانت 50 میلی لیتری مصرف خانگی,,130000,130000000.0,0.001,True,https://basalam.com/cat/tools/%D8%AE%D8%A7%DA%A9-%DA%A9%D9%88%D8%AF-%D8%B3%D9%85%D9%88%D9%85?page=153
کود مایع اسید هیومیک حجم 100 میلی لیتر,,18000,138461.53846153847,0.13,True,https://basalam.com/cat/tools/%D8%AE%D8%A7%DA%A9-%DA%A9%D9%88%D8%AF-%D8%B3%D9%85%D9%88%D9%85?page=153
کود مایع مولتی کود حجم 100 میلی لیتر,,25000,185185.1851851852,0.135,True,https://basalam.com/cat/tools/%D8%AE%D8%A7%DA%A9-%DA%A9%D9%88%D8%AF-%D8%B3%D9%85%D9%88%D9%85?page=153
رز جاودان دکوفیوره مدل جعبه جواهرات و کارت هدیه,,850000,2125000.0,0.4,True,https://basalam.com/cat/tools/%D8%AE%D8%A7%DA%A9-%DA%A9%D9%88%D8%AF-%D8%B3%D9%85%D9%88%D9%85?page=153
کود فسفر بالا ریشه زایی مایع شوک آمریکایی یک لیتری (پس کرایه),,337200,337200.0,1.0,True,https://basalam.com/cat/tools/%D8%AE%D8%A7%DA%A9-%DA%A9%D9%88%D8%AF-%D8%B3%D9%85%D9%88%D9%85?page=153
کود فسفر بالا (ریشه زا)شوک 80 درصد گالن بیست لیتری (پس کرایه),,3161300,158065.0,20.0,True,https://basalam.com/cat/tools/%D8%AE%D8%A7%DA%A9-%DA%A9%D9%88%D8%AF-%D8%B3%D9%85%D9%88%D9%85?page=153
کود کلسیم بمب 34 درصد اصل یک لیتری (پس کرایه),,246000,246000.0,1.0,True,https://basalam.com/cat/tools/%D8%AE%D8%A7%DA%A9-%DA%A9%D9%88%D8%AF-%D8%B3%D9%85%D9%88%D9%85?page=153
کود گوگرد مایع شوک اصل آمریکایی 80 درصد (آفت کش ارگانیک) (پس کرایه),,2388600,119430.0,20.0,True,https://basalam.com/cat/tools/%D8%AE%D8%A7%DA%A9-%DA%A9%D9%88%D8%AF-%D8%B3%D9%85%D9%88%D9%85?page=153
کود آهن شوک اصل آمریکایی گالن بیست لیتری (پس کرایه ),,2030600,101530.0,20.0,True,https://basalam.com/cat/tools/%D8%AE%D8%A7%DA%A9-%DA%A9%D9%88%D8%AF-%D8%B3%D9%85%D9%88%D9%85?page=154
کود آهن آمریکایی شوک اصل مایع بیست لیتری (پس کرایه ),,2178600,108930.0,20.0,True,https://basalam.com/cat/tools/%D8%AE%D8%A7%DA%A9-%DA%A9%D9%88%D8%AF-%D8%B3%D9%85%D9%88%D9%85?page=154
بهترین کود گندم و جو برای رشد و افزایش تناژ (پس کرایه),,273900,273900.0,1.0,True,https://basalam.com/cat/tools/%D8%AE%D8%A7%DA%A9-%DA%A9%D9%88%D8%AF-%D8%B3%D9%85%D9%88%D9%85?page=154
کود آمینواسید شوک 80 درصد اصل آمریکایی پنج لیتری (پس کرایه),,901000,180200.0,5.0,True,https://basalam.com/cat/tools/%D8%AE%D8%A7%DA%A9-%DA%A9%D9%88%D8%AF-%D8%B3%D9%85%D9%88%D9%85?page=154
کود آمینواسید شوک 80 درصد اصل پنج لیتری (پس کرایه),,901000,180200.0,5.0,True,https://basalam.com/cat/tools/%D8%AE%D8%A7%DA%A9-%DA%A9%D9%88%D8%AF-%D8%B3%D9%85%D9%88%D9%85?page=154
کود مخصوص زعفران شوک اصل آمریکایی یک لیتری (پس کرایه),,261700,261700.0,1.0,True,https://basalam.com/cat/tools/%D8%AE%D8%A7%DA%A9-%DA%A9%D9%88%D8%AF-%D8%B3%D9%85%D9%88%D9%85?page=154
کود مخصوص گلدهی زعفران شوک اصل یک لیتری (پس کرایه),,261700,261700.0,1.0,True,https://basalam.com/cat/tools/%D8%AE%D8%A7%DA%A9-%DA%A9%D9%88%D8%AF-%D8%B3%D9%85%D9%88%D9%85?page=154
کود مخصوص گیاهان آپارتمانی شوک اصل یک لیتری (پس کرایه),,219200,219200.0,1.0,True,https://basalam.com/cat/tools/%D8%AE%D8%A7%DA%A9-%DA%A9%D9%88%D8%AF-%D8%B3%D9%85%D9%88%D9%85?page=154
کود فروت ست مایع کود بعد برداشت شوک آمریکا(پس کرایه),,278900,278900.0,1.0,True,https://basalam.com/cat/tools/%D8%AE%D8%A7%DA%A9-%DA%A9%D9%88%D8%AF-%D8%B3%D9%85%D9%88%D9%85?page=155
کود منگنز شوک اصل آمریکایی 29 درصد یک لیتری (پس کرایه),,225600,225600.0,1.0,True,https://basalam.com/cat/tools/%D8%AE%D8%A7%DA%A9-%DA%A9%D9%88%D8%AF-%D8%B3%D9%85%D9%88%D9%85?page=155
کود جلبک دریایی بمب مایع اصل یک لیتری (پس کرایه),,226100,226100.0,1.0,True,https://basalam.com/cat/tools/%D8%AE%D8%A7%DA%A9-%DA%A9%D9%88%D8%AF-%D8%B3%D9%85%D9%88%D9%85?page=155
کود فسفر بالا 90 درصد بمب اصل یک لیتری (پس کرایه),,318200,318200.0,1.0,True,https://basalam.com/cat/tools/%D8%AE%D8%A7%DA%A9-%DA%A9%D9%88%D8%AF-%D8%B3%D9%85%D9%88%D9%85?page=155
کود مخصوص زعفران شوک اصل آمریکایی پنج لیتری (پس کرایه),,974700,194940.0,5.0,True,https://basalam.com/cat/tools/%D8%AE%D8%A7%DA%A9-%DA%A9%D9%88%D8%AF-%D8%B3%D9%85%D9%88%D9%85?page=155
کود ده ایکس شوک اصل آمریکایی یک لیتری نانو (پس کرایه),,273900,273900.0,1.0,True,https://basalam.com/cat/tools/%D8%AE%D8%A7%DA%A9-%DA%A9%D9%88%D8%AF-%D8%B3%D9%85%D9%88%D9%85?page=155
کود کامل 10X شوک اصل آمریکایی پنج لیتری (پس کرایه),,1034800,206960.0,5.0,True,https://basalam.com/cat/tools/%D8%AE%D8%A7%DA%A9-%DA%A9%D9%88%D8%AF-%D8%B3%D9%85%D9%88%D9%85?page=155
کود کامل 10X شوک اصل گالن بیست لیتری (پس کرایه),,2678400,133920.0,20.0,True,https://basalam.com/cat/tools/%D8%AE%D8%A7%DA%A9-%DA%A9%D9%88%D8%AF-%D8%B3%D9%85%D9%88%D9%85?page=155
کود هیومیک اسید بیوهلث bio health اصل آلمان,,2900000,2900000.0,1.0,True,https://basalam.com/cat/tools/%D8%AE%D8%A7%DA%A9-%DA%A9%D9%88%D8%AF-%D8%B3%D9%85%D9%88%D9%85?page=155
کود مایع اسید هیومیک تایمکس ( 150 میلی لیتر ),,119000,793333.3333333334,0.15,True,https://basalam.com/cat/tools/%D8%AE%D8%A7%DA%A9-%DA%A9%D9%88%D8%AF-%D8%B3%D9%85%D9%88%D9%85?page=156
گیاه تره با کیفیت عالی بار امسالی و تازه(250 گرمی),,200000,800000.0,0.25,True,https://basalam.com/cat/tools/%D8%AE%D8%A7%DA%A9-%DA%A9%D9%88%D8%AF-%D8%B3%D9%85%D9%88%D9%85?page=157
گیاه شوید با کیفیت عالی بار امسالی و تازه(500گرمی ),,420500,841000.0,0.5,True,https://basalam.com/cat/tools/%D8%AE%D8%A7%DA%A9-%DA%A9%D9%88%D8%AF-%D8%B3%D9%85%D9%88%D9%85?page=157
برگ خرگوشک بار امسالی و تازه(250 گرمی),,105125,420500.0,0.25,True,https://basalam.com/cat/tools/%D8%AE%D8%A7%DA%A9-%DA%A9%D9%88%D8%AF-%D8%B3%D9%85%D9%88%D9%85?page=157
گیاه مریم گلی با کیفیت عالی بار امسالی و تازه(50گرمی),,63200,1264000.0,0.05,True,https://basalam.com/cat/tools/%D8%AE%D8%A7%DA%A9-%DA%A9%D9%88%D8%AF-%D8%B3%D9%85%D9%88%D9%85?page=157
استویا بار امسالی و تازه(200گرم),,802000,4010000.0,0.2,True,https://basalam.com/cat/tools/%D8%AE%D8%A7%DA%A9-%DA%A9%D9%88%D8%AF-%D8%B3%D9%85%D9%88%D9%85?page=157
گیاه مرزه با کیفیت عالی بار امسالی و تازه(750گرمی),,546250,728333.3333333334,0.75,True,https://basalam.com/cat/tools/%D8%AE%D8%A7%DA%A9-%DA%A9%D9%88%D8%AF-%D8%B3%D9%85%D9%88%D9%85?page=157
گیاه خار مریم با کیفیت عالی بار امسالی و تازه(250 گرمی),,101000,404000.0,0.25,True,https://basalam.com/cat/tools/%D8%AE%D8%A7%DA%A9-%DA%A9%D9%88%D8%AF-%D8%B3%D9%85%D9%88%D9%85?page=157
گیاه درمنه ترکی پودر شده بار امسالی و تازه(50گرمی ),,52875,1057500.0,0.05,True,https://basalam.com/cat/tools/%D8%AE%D8%A7%DA%A9-%DA%A9%D9%88%D8%AF-%D8%B3%D9%85%D9%88%D9%85?page=157
گیاه مورد با کیفیت عالی بار امسالی و تازه(500گرمی ),,189500,379000.0,0.5,True,https://basalam.com/cat/tools/%D8%AE%D8%A7%DA%A9-%DA%A9%D9%88%D8%AF-%D8%B3%D9%85%D9%88%D9%85?page=157
گیاه خار مریم با کیفیت عالی بار امسالی و تازه(50 گرمی ),,43400,868000.0,0.05,True,https://basalam.com/cat/tools/%D8%AE%D8%A7%DA%A9-%DA%A9%D9%88%D8%AF-%D8%B3%D9%85%D9%88%D9%85?page=157
گیاه زوفا با کیفیت عالی بار امسالی و تازه(200گرمی),,3208003,16040015.0,0.2,True,https://basalam.com/cat/tools/%D8%AE%D8%A7%DA%A9-%DA%A9%D9%88%D8%AF-%D8%B3%D9%85%D9%88%D9%85?page=157
گیاه سداب با کیفیت عالی بار امسالی و تازه(500گرمی ),,701000,1402000.0,0.5,True,https://basalam.com/cat/tools/%D8%AE%D8%A7%DA%A9-%DA%A9%D9%88%D8%AF-%D8%B3%D9%85%D9%88%D9%85?page=157
گل ختمی رنگی بار امسالی و تازه(100گرمی),,65000,650000.0,0.1,True,https://basalam.com/cat/tools/%D8%AE%D8%A7%DA%A9-%DA%A9%D9%88%D8%AF-%D8%B3%D9%85%D9%88%D9%85?page=157
گیاه نعناع دشتی با کیفیت عالی بار امسالی و تازه(150گرمی ),,286825,1912166.6666666667,0.15,True,https://basalam.com/cat/tools/%D8%AE%D8%A7%DA%A9-%DA%A9%D9%88%D8%AF-%D8%B3%D9%85%D9%88%D9%85?page=157
گیاه درمنه ترکی با کیفیت عالی بار امسالی و تازه(100گرمی ),,74300,743000.0,0.1,True,https://basalam.com/cat/tools/%D8%AE%D8%A7%DA%A9-%DA%A9%D9%88%D8%AF-%D8%B3%D9%85%D9%88%D9%85?page=157
گیاه خارخاسک با کیفیت عالی بار امسالی و تازه(100 گرمی ),,64400,644000.0,0.1,True,https://basalam.com/cat/tools/%D8%AE%D8%A7%DA%A9-%DA%A9%D9%88%D8%AF-%D8%B3%D9%85%D9%88%D9%85?page=157
گیاه مرزه با کیفیت عالی بار امسالی و تازه(200گرمی),,188200,941000.0,0.2,True,https://basalam.com/cat/tools/%D8%AE%D8%A7%DA%A9-%DA%A9%D9%88%D8%AF-%D8%B3%D9%85%D9%88%D9%85?page=157
گیاه شاهتره با کیفیت عالی بار امسالی و تازه(500گرمی ),,156500,313000.0,0.5,True,https://basalam.com/cat/tools/%D8%AE%D8%A7%DA%A9-%DA%A9%D9%88%D8%AF-%D8%B3%D9%85%D9%88%D9%85?page=157
گیاه سداب بار امسالی و تازه(250گرمی ),,365000,1460000.0,0.25,True,https://basalam.com/cat/tools/%D8%AE%D8%A7%DA%A9-%DA%A9%D9%88%D8%AF-%D8%B3%D9%85%D9%88%D9%85?page=157
گیاه خارخاسک با کیفیت عالی بار امسالی و تازه(500گرمی),,206000,412000.0,0.5,True,https://basalam.com/cat/tools/%D8%AE%D8%A7%DA%A9-%DA%A9%D9%88%D8%AF-%D8%B3%D9%85%D9%88%D9%85?page=157
گیاه برگ بو با کیفیت عالی بار امسالی و تازه(100گرمی),,222800,2228000.0,0.1,True,https://basalam.com/cat/tools/%D8%AE%D8%A7%DA%A9-%DA%A9%D9%88%D8%AF-%D8%B3%D9%85%D9%88%D9%85?page=157
گیاه درمنه ترکی پودر شده بار امسالی و تازه(100گرمی ),,66750,667500.0,0.1,True,https://basalam.com/cat/tools/%D8%AE%D8%A7%DA%A9-%DA%A9%D9%88%D8%AF-%D8%B3%D9%85%D9%88%D9%85?page=157
گیاه نعناع فلفلی با کیفیت عالی بار امسالی و تازه(250 گرمی),,241250,965000.0,0.25,True,https://basalam.com/cat/tools/%D8%AE%D8%A7%DA%A9-%DA%A9%D9%88%D8%AF-%D8%B3%D9%85%D9%88%D9%85?page=157
گیاه گزنه با کیفیت عالی بار امسالی و تازه(750گرمی),,385375,513833.3333333333,0.75,True,https://basalam.com/cat/tools/%D8%AE%D8%A7%DA%A9-%DA%A9%D9%88%D8%AF-%D8%B3%D9%85%D9%88%D9%85?page=157
گیاه شاهتره با کیفیت عالی بار امسالی و تازه(250گرمی ),,92750,371000.0,0.25,True,https://basalam.com/cat/tools/%D8%AE%D8%A7%DA%A9-%DA%A9%D9%88%D8%AF-%D8%B3%D9%85%D9%88%D9%85?page=157
گل ختمی رنگی بار امسالی و تازه(50گرمی),,47000,940000.0,0.05,True,https://basalam.com/cat/tools/%D8%AE%D8%A7%DA%A9-%DA%A9%D9%88%D8%AF-%D8%B3%D9%85%D9%88%D9%85?page=157
کود نوترازورب مسترگرو,,1562000,1562000.0,1.0,True,https://basalam.com/cat/tools/%D8%AE%D8%A7%DA%A9-%DA%A9%D9%88%D8%AF-%D8%B3%D9%85%D9%88%D9%85?page=161
کود منیزیم مایع لبیکومگ,,1034000,1034000.0,1.0,True,https://basalam.com/cat/tools/%D8%AE%D8%A7%DA%A9-%DA%A9%D9%88%D8%AF-%D8%B3%D9%85%D9%88%D9%85?page=161
کود آمینوکلات روی شرکت اگری تکنوکل اسپانیا,,920000,920000.0,1.0,True,https://basalam.com/cat/tools/%D8%AE%D8%A7%DA%A9-%DA%A9%D9%88%D8%AF-%D8%B3%D9%85%D9%88%D9%85?page=156
گیاه سنا هندی با کیفیت عالی بار امسالی و تازه(50گرمی),,101500,2030000.0,0.05,True,https://basalam.com/cat/tools/%D8%AE%D8%A7%DA%A9-%DA%A9%D9%88%D8%AF-%D8%B3%D9%85%D9%88%D9%85?page=161
کود فسفر 95درصد EXPLODE نانو مایع 1 لتیری,,600000,600000.0,1.0,True,https://basalam.com/cat/tools/%D8%AE%D8%A7%DA%A9-%DA%A9%D9%88%D8%AF-%D8%B3%D9%85%D9%88%D9%85?page=157
گیاه نعناع فلفلی با کیفیت عالی بار امسالی و تازه(250 گرمی),,241250,965000.0,0.25,True,https://basalam.com/cat/tools/%D8%AE%D8%A7%DA%A9-%DA%A9%D9%88%D8%AF-%D8%B3%D9%85%D9%88%D9%85?page=157
کود مخصوص سانسوریا (ساخت کشور آلمان),,85000,1062500.0,0.08,True,https://basalam.com/cat/tools/%D8%AE%D8%A7%DA%A9-%DA%A9%D9%88%D8%AF-%D8%B3%D9%85%D9%88%D9%85?page=158
کود نیترومکس (نیتروژن بالا) ملکه محصول آلمان,,78000,975000.0,0.08,True,https://basalam.com/cat/tools/%D8%AE%D8%A7%DA%A9-%DA%A9%D9%88%D8%AF-%D8%B3%D9%85%D9%88%D9%85?page=158
کود تقویتی کامل گیاهان آپارتمانی gp90 150گرمی,,130000,866666.6666666667,0.15,True,https://basalam.com/cat/tools/%D8%AE%D8%A7%DA%A9-%DA%A9%D9%88%D8%AF-%D8%B3%D9%85%D9%88%D9%85?page=158
کود کامل شوک ده ایکس یک لیتری,,430000,430000.0,1.0,True,https://basalam.com/cat/tools/%D8%AE%D8%A7%DA%A9-%DA%A9%D9%88%D8%AF-%D8%B3%D9%85%D9%88%D9%85?page=158
کود مخصوص نشا خانه,,475000,475000.0,1.0,True,https://basalam.com/cat/tools/%D8%AE%D8%A7%DA%A9-%DA%A9%D9%88%D8%AF-%D8%B3%D9%85%D9%88%D9%85?page=158
کود شوک ده ایکس گلد,,10000000,500000.0,20.0,True,https://basalam.com/cat/tools/%D8%AE%D8%A7%DA%A9-%DA%A9%D9%88%D8%AF-%D8%B3%D9%85%D9%88%D9%85?page=158
کود ازت بالا (نیتروژن) مایع نیترو رویش یک لیتری,,97000,97000.0,1.0,True,https://basalam.com/cat/tools/%D8%AE%D8%A7%DA%A9-%DA%A9%D9%88%D8%AF-%D8%B3%D9%85%D9%88%D9%85?page=158
کود مایع تقویت گلدهی فرمول یک,,54900,610000.0,0.09,True,https://basalam.com/cat/tools/%D8%AE%D8%A7%DA%A9-%DA%A9%D9%88%D8%AF-%D8%B3%D9%85%D9%88%D9%85?page=158
کود مایع بهبود ریشه زایی شرکت فرمول یک,,54900,610000.0,0.09,True,https://basalam.com/cat/tools/%D8%AE%D8%A7%DA%A9-%DA%A9%D9%88%D8%AF-%D8%B3%D9%85%D9%88%D9%85?page=158
کود مخصوص بامبو,,64900,432666.6666666667,0.15,True,https://basalam.com/cat/tools/%D8%AE%D8%A7%DA%A9-%DA%A9%D9%88%D8%AF-%D8%B3%D9%85%D9%88%D9%85?page=158
کود مایع بهبود سبزینگی,,54900,610000.0,0.09,True,https://basalam.com/cat/tools/%D8%AE%D8%A7%DA%A9-%DA%A9%D9%88%D8%AF-%D8%B3%D9%85%D9%88%D9%85?page=158
گیاه گل بنفشه با کیفیت عالی بار امسالی و تازه(100گرم),,758000,7580000.0,0.1,True,https://basalam.com/cat/tools/%D8%AE%D8%A7%DA%A9-%DA%A9%D9%88%D8%AF-%D8%B3%D9%85%D9%88%D9%85?page=159
ریشه شیرین بیان با کیفیت عالی بار امسالی و تازه(150گرمی),,106150,707666.6666666667,0.15,True,https://basalam.com/cat/tools/%D8%AE%D8%A7%DA%A9-%DA%A9%D9%88%D8%AF-%D8%B3%D9%85%D9%88%D9%85?page=159
گیاه بادرنجبویه بار امسالی و تازه (200 گرمی ),,300400,1502000.0,0.2,True,https://basalam.com/cat/tools/%D8%AE%D8%A7%DA%A9-%DA%A9%D9%88%D8%AF-%D8%B3%D9%85%D9%88%D9%85?page=159
پوست اسفرزه با کیفیت عالی بار امسالی و تازه (100گرمی),,447500,4475000.0,0.1,True,https://basalam.com/cat/tools/%D8%AE%D8%A7%DA%A9-%DA%A9%D9%88%D8%AF-%D8%B3%D9%85%D9%88%D9%85?page=159
ریشه شیرین بیان (بدون پوست) با کیفیت عالی بار امسالی و تازه(50گرمی ),,83000,1660000.0,0.05,True,https://basalam.com/cat/tools/%D8%AE%D8%A7%DA%A9-%DA%A9%D9%88%D8%AF-%D8%B3%D9%85%D9%88%D9%85?page=159
ریشه کاسنی با کیفیت عالی بار امسالی و تازه(500گرمی),,371000,742000.0,0.5,True,https://basalam.com/cat/tools/%D8%AE%D8%A7%DA%A9-%DA%A9%D9%88%D8%AF-%D8%B3%D9%85%D9%88%D9%85?page=159
گل بومادران با کیفیت عالی بار امسالی و تازه(500گرمی),,126500,253000.0,0.5,True,https://basalam.com/cat/tools/%D8%AE%D8%A7%DA%A9-%DA%A9%D9%88%D8%AF-%D8%B3%D9%85%D9%88%D9%85?page=159
گیاه خارشتر با کیفیت عالی بار امسالی و تازه(250گرمی ),,77750,311000.0,0.25,True,https://basalam.com/cat/tools/%D8%AE%D8%A7%DA%A9-%DA%A9%D9%88%D8%AF-%D8%B3%D9%85%D9%88%D9%85?page=160
گیاه زوفا با کیفیت عالی بار امسالی و تازه(750گرمی),,1066000,1421333.3333333333,0.75,True,https://basalam.com/cat/tools/%D8%AE%D8%A7%DA%A9-%DA%A9%D9%88%D8%AF-%D8%B3%D9%85%D9%88%D9%85?page=160
گیاه خارشتر با کیفیت عالی بار امسالی و تازه(100گرمی ),,48500,485000.0,0.1,True,https://basalam.com/cat/tools/%D8%AE%D8%A7%DA%A9-%DA%A9%D9%88%D8%AF-%D8%B3%D9%85%D9%88%D9%85?page=160
گیاه دم گیلاس با کیفیت عالی بار امسالی و تازه(50گرمی),,55250,1105000.0,0.05,True,https://basalam.com/cat/tools/%D8%AE%D8%A7%DA%A9-%DA%A9%D9%88%D8%AF-%D8%B3%D9%85%D9%88%D9%85?page=160
گیاه سداب با کیفیت عالی بار امسالی و تازه(150گرمی),,259600,1730666.6666666667,0.15,True,https://basalam.com/cat/tools/%D8%AE%D8%A7%DA%A9-%DA%A9%D9%88%D8%AF-%D8%B3%D9%85%D9%88%D9%85?page=159
گیاه مرزه با کیفیت عالی بار امسالی و تازه(150گرمی),,155650,1037666.6666666667,0.15,True,https://basalam.com/cat/tools/%D8%AE%D8%A7%DA%A9-%DA%A9%D9%88%D8%AF-%D8%B3%D9%85%D9%88%D9%85?page=159
گیاه زوفا با کیفیت عالی بار امسالی و تازه(150گرمی),,259600,1730666.6666666667,0.15,True,https://basalam.com/cat/tools/%D8%AE%D8%A7%DA%A9-%DA%A9%D9%88%D8%AF-%D8%B3%D9%85%D9%88%D9%85?page=159
گیاه مرزنجوش با کیفیت عالی بار امسالی و تازه(50گرمی ),,60200,1204000.0,0.05,True,https://basalam.com/cat/tools/%D8%AE%D8%A7%DA%A9-%DA%A9%D9%88%D8%AF-%D8%B3%D9%85%D9%88%D9%85?page=160
گیاه گل بنفشه پودرشده با کیفیت عالی بار امسالی و تازه(250گرم),,1861500,7446000.0,0.25,True,https://basalam.com/cat/tools/%D8%AE%D8%A7%DA%A9-%DA%A9%D9%88%D8%AF-%D8%B3%D9%85%D9%88%D9%85?page=160
گل یاس کبود با کیفیت عالی بار امسالی و تازه(500گرمی ),,239000,478000.0,0.5,True,https://basalam.com/cat/tools/%D8%AE%D8%A7%DA%A9-%DA%A9%D9%88%D8%AF-%D8%B3%D9%85%D9%88%D9%85?page=160
گیاه سداب با کیفیت عالی بار امسالی و تازه(500گرمی ),,701000,1402000.0,0.5,True,https://basalam.com/cat/tools/%D8%AE%D8%A7%DA%A9-%DA%A9%D9%88%D8%AF-%D8%B3%D9%85%D9%88%D9%85?page=160
گیاه گشنیز پودر شده با کیفیت عالی بار امسالی و تازه(500گرمی ),,301500,603000.0,0.5,True,https://basalam.com/cat/tools/%D8%AE%D8%A7%DA%A9-%DA%A9%D9%88%D8%AF-%D8%B3%D9%85%D9%88%D9%85?page=160
گیاه گل بنفشه پودرشده با کیفیت عالی بار امسالی و تازه(100گرم),,768000,7680000.0,0.1,True,https://basalam.com/cat/tools/%D8%AE%D8%A7%DA%A9-%DA%A9%D9%88%D8%AF-%D8%B3%D9%85%D9%88%D9%85?page=160
گیاه درمنه ترکی با کیفیت عالی بار امسالی و تازه(100گرمی ),,74300,743000.0,0.1,True,https://basalam.com/cat/tools/%D8%AE%D8%A7%DA%A9-%DA%A9%D9%88%D8%AF-%D8%B3%D9%85%D9%88%D9%85?page=160
گل بابونه با کیفیت عالی بار امسالی و تازه(250گرمی),,447500,1790000.0,0.25,True,https://basalam.com/cat/tools/%D8%AE%D8%A7%DA%A9-%DA%A9%D9%88%D8%AF-%D8%B3%D9%85%D9%88%D9%85?page=159
گیاه گل بنفشه با کیفیت عالی بار امسالی و تازه(500گرم),,3674000,7348000.0,0.5,True,https://basalam.com/cat/tools/%D8%AE%D8%A7%DA%A9-%DA%A9%D9%88%D8%AF-%D8%B3%D9%85%D9%88%D9%85?page=159
گل مینا با کیفیت عالی بار امسالی و تازه(200گرمی),,1325500,6627500.0,0.2,True,https://basalam.com/cat/tools/%D8%AE%D8%A7%DA%A9-%DA%A9%D9%88%D8%AF-%D8%B3%D9%85%D9%88%D9%85?page=159
فروش ریشه شیرین بیان با کیفیت عالی بار امسالی و تازه(500گرمی),,569000,1138000.0,0.5,True,https://basalam.com/cat/tools/%D8%AE%D8%A7%DA%A9-%DA%A9%D9%88%D8%AF-%D8%B3%D9%85%D9%88%D9%85?page=159
گیاه بهار مرکبات پودر شده با کیفیت عالی بار امسالی و تازه(250گرمی ),,263625,1054500.0,0.25,True,https://basalam.com/cat/tools/%D8%AE%D8%A7%DA%A9-%DA%A9%D9%88%D8%AF-%D8%B3%D9%85%D9%88%D9%85?page=159
گیاه جعفری با کیفیت عالی بار امسالی و تازه(50گرمی ),,63200,1264000.0,0.05,True,https://basalam.com/cat/tools/%D8%AE%D8%A7%DA%A9-%DA%A9%D9%88%D8%AF-%D8%B3%D9%85%D9%88%D9%85?page=159
گیاه خار مریم با کیفیت عالی بار امسالی و تازه(50 گرمی ),,43400,868000.0,0.05,True,https://basalam.com/cat/tools/%D8%AE%D8%A7%DA%A9-%DA%A9%D9%88%D8%AF-%D8%B3%D9%85%D9%88%D9%85?page=159
گیاه شب خسب (درخت ابریشم)پودر شده با کیفیت عالی بار امسالی و تازه(50گرم),,123000,2460000.0,0.05,True,https://basalam.com/cat/tools/%D8%AE%D8%A7%DA%A9-%DA%A9%D9%88%D8%AF-%D8%B3%D9%85%D9%88%D9%85?page=159
گل یاس کبودبا کیفیت عالی بار امسالی و تازه(100گرمی ),,71000,710000.0,0.1,True,https://basalam.com/cat/tools/%D8%AE%D8%A7%DA%A9-%DA%A9%D9%88%D8%AF-%D8%B3%D9%85%D9%88%D9%85?page=159
گیاه مریم گلی با کیفیت عالی بار امسالی و تازه(500گرمی ),,321500,643000.0,0.5,True,https://basalam.com/cat/tools/%D8%AE%D8%A7%DA%A9-%DA%A9%D9%88%D8%AF-%D8%B3%D9%85%D9%88%D9%85?page=159
گیاه گزنه با کیفیت عالی بار امسالی و تازه(250گرمی ),,134000,536000.0,0.25,True,https://basalam.com/cat/tools/%D8%AE%D8%A7%DA%A9-%DA%A9%D9%88%D8%AF-%D8%B3%D9%85%D9%88%D9%85?page=159
گیاه شاهتره با کیفیت عالی بار امسالی و تازه(250گرمی ),,92750,371000.0,0.25,True,https://basalam.com/cat/tools/%D8%AE%D8%A7%DA%A9-%DA%A9%D9%88%D8%AF-%D8%B3%D9%85%D9%88%D9%85?page=159
ریشه سنبل الطیب با کیفیت عالی بار امسالی و تازه(750گرمی),,2353000,3137333.333333333,0.75,True,https://basalam.com/cat/tools/%D8%AE%D8%A7%DA%A9-%DA%A9%D9%88%D8%AF-%D8%B3%D9%85%D9%88%D9%85?page=159
ریشه شیرین بیان (بدون پوست) با کیفیت عالی بار امسالی و تازه(100گرمی ),,137000,1370000.0,0.1,True,https://basalam.com/cat/tools/%D8%AE%D8%A7%DA%A9-%DA%A9%D9%88%D8%AF-%D8%B3%D9%85%D9%88%D9%85?page=159
ریشه خولنجان با کیفیت عالی بار امسالی و تازه(150گرمی),,378400,2522666.666666667,0.15,True,https://basalam.com/cat/tools/%D8%AE%D8%A7%DA%A9-%DA%A9%D9%88%D8%AF-%D8%B3%D9%85%D9%88%D9%85?page=160
گیاه مرزه با کیفیت عالی بار امسالی و تازه(200گرمی),,188200,941000.0,0.2,True,https://basalam.com/cat/tools/%D8%AE%D8%A7%DA%A9-%DA%A9%D9%88%D8%AF-%D8%B3%D9%85%D9%88%D9%85?page=160
ریشه کاسنی با کیفیت عالی بار امسالی و تازه(200گرمی ),,194800,974000.0,0.2,True,https://basalam.com/cat/tools/%D8%AE%D8%A7%DA%A9-%DA%A9%D9%88%D8%AF-%D8%B3%D9%85%D9%88%D9%85?page=160
گیاه مریم گلی با کیفیت عالی بار امسالی و تازه(500گرمی ),,321500,643000.0,0.5,True,https://basalam.com/cat/tools/%D8%AE%D8%A7%DA%A9-%DA%A9%D9%88%D8%AF-%D8%B3%D9%85%D9%88%D9%85?page=160
گیاه نعناع دشتی با کیفیت عالی بار امسالی و تازه(250گرمی ),,327875,1311500.0,0.25,True,https://basalam.com/cat/tools/%D8%AE%D8%A7%DA%A9-%DA%A9%D9%88%D8%AF-%D8%B3%D9%85%D9%88%D9%85?page=160
آلوئه ورا بار امسالی و تازه(50گرمی),,198500,3970000.0,0.05,True,https://basalam.com/cat/tools/%D8%AE%D8%A7%DA%A9-%DA%A9%D9%88%D8%AF-%D8%B3%D9%85%D9%88%D9%85?page=160
گیاه زوفا با کیفیت عالی بار امسالی و تازه(100گرمی),,160400,1604000.0,0.1,True,https://basalam.com/cat/tools/%D8%AE%D8%A7%DA%A9-%DA%A9%D9%88%D8%AF-%D8%B3%D9%85%D9%88%D9%85?page=160
گیاه مرزه با کیفیت عالی بار امسالی و تازه(750گرمی),,546250,728333.3333333334,0.75,True,https://basalam.com/cat/tools/%D8%AE%D8%A7%DA%A9-%DA%A9%D9%88%D8%AF-%D8%B3%D9%85%D9%88%D9%85?page=160
گیاه بهار مرکبات با کیفیت عالی بار امسالی و تازه(100گرمی ),,118850,1188500.0,0.1,True,https://basalam.com/cat/tools/%D8%AE%D8%A7%DA%A9-%DA%A9%D9%88%D8%AF-%D8%B3%D9%85%D9%88%D9%85?page=160
ریشه خولنجان با کیفیت عالی بار امسالی و تازه(500گرمی),,1097000,2194000.0,0.5,True,https://basalam.com/cat/tools/%D8%AE%D8%A7%DA%A9-%DA%A9%D9%88%D8%AF-%D8%B3%D9%85%D9%88%D9%85?page=160
برگ شاه توت باکیفیت عالی بار امسالی و تا(100 گرمی ),,55100,551000.0,0.1,True,https://basalam.com/cat/tools/%D8%AE%D8%A7%DA%A9-%DA%A9%D9%88%D8%AF-%D8%B3%D9%85%D9%88%D9%85?page=160
گیاه خار مریم با کیفیت عالی بار امسالی و تازه(200 گرمی ),,115600,578000.0,0.2,True,https://basalam.com/cat/tools/%D8%AE%D8%A7%DA%A9-%DA%A9%D9%88%D8%AF-%D8%B3%D9%85%D9%88%D9%85?page=160
گیاه مرزه با کیفیت عالی بار امسالی و تازه(50گرمی),,61550,1231000.0,0.05,True,https://basalam.com/cat/tools/%D8%AE%D8%A7%DA%A9-%DA%A9%D9%88%D8%AF-%D8%B3%D9%85%D9%88%D9%85?page=160
گیاه سنا هندی با کیفیت عالی بار امسالی و تازه(500گرمی),,151250,302500.0,0.5,True,https://basalam.com/cat/tools/%D8%AE%D8%A7%DA%A9-%DA%A9%D9%88%D8%AF-%D8%B3%D9%85%D9%88%D9%85?page=160
گیاه مورد با کیفیت عالی بار امسالی و تازه(500گرمی ),,371000,742000.0,0.5,True,https://basalam.com/cat/tools/%D8%AE%D8%A7%DA%A9-%DA%A9%D9%88%D8%AF-%D8%B3%D9%85%D9%88%D9%85?page=160
کود ریشه زا ریکو روت اسپانیا,,1300000,1000000.0,1.3,True,https://basalam.com/cat/tools/%D8%AE%D8%A7%DA%A9-%DA%A9%D9%88%D8%AF-%D8%B3%D9%85%D9%88%D9%85?page=160
کود کلات آهن فایوسول ایتالیا,,1500000,1500000.0,1.0,True,https://basalam.com/cat/tools/%D8%AE%D8%A7%DA%A9-%DA%A9%D9%88%D8%AF-%D8%B3%D9%85%D9%88%D9%85?page=160
کود کلات آهن 6 درصد گرین سیت اسپانیا تولید 2024,,1600000,1600000.0,1.0,True,https://basalam.com/cat/tools/%D8%AE%D8%A7%DA%A9-%DA%A9%D9%88%D8%AF-%D8%B3%D9%85%D9%88%D9%85?page=160
گل گاو زبان با کیفیت عالی بار امسالی و تازه(200گرمی),,2644700,13223500.0,0.2,True,https://basalam.com/cat/tools/%D8%AE%D8%A7%DA%A9-%DA%A9%D9%88%D8%AF-%D8%B3%D9%85%D9%88%D9%85?page=160
گیاه سدر با کیفیت عالی بار امسالی و تازه(500گرمی ),,175600,351200.0,0.5,True,https://basalam.com/cat/tools/%D8%AE%D8%A7%DA%A9-%DA%A9%D9%88%D8%AF-%D8%B3%D9%85%D9%88%D9%85?page=160
گل بومادارن با کیفیت عالی بار امسالی و تازه(750 گرمی ),,372900,497200.0,0.75,True,https://basalam.com/cat/tools/%D8%AE%D8%A7%DA%A9-%DA%A9%D9%88%D8%AF-%D8%B3%D9%85%D9%88%D9%85?page=160
گل مینا با کیفیت عالی بار امسالی و تازه(750گرمی),,8198500,10931333.333333334,0.75,True,https://basalam.com/cat/tools/%D8%AE%D8%A7%DA%A9-%DA%A9%D9%88%D8%AF-%D8%B3%D9%85%D9%88%D9%85?page=160
گیاه نعناع دشتی با کیفیت عالی بار امسالی و تازه(250گرمی ),,314100,1256400.0,0.25,True,https://basalam.com/cat/tools/%D8%AE%D8%A7%DA%A9-%DA%A9%D9%88%D8%AF-%D8%B3%D9%85%D9%88%D9%85?page=161
گیاه خار مریم با کیفیت عالی بار امسالی و تازه(200 گرمی ),,164800,824000.0,0.2,True,https://basalam.com/cat/tools/%D8%AE%D8%A7%DA%A9-%DA%A9%D9%88%D8%AF-%D8%B3%D9%85%D9%88%D9%85?page=161
ریشه کاسنی با کیفیت عالی بار امسالی و تازه(150گرمی ),,199700,1331333.3333333335,0.15,True,https://basalam.com/cat/tools/%D8%AE%D8%A7%DA%A9-%DA%A9%D9%88%D8%AF-%D8%B3%D9%85%D9%88%D9%85?page=161
گیاه کاسنی با کیفیت عالی بار امسالی و تازه(150گرمی),,152800,1018666.6666666667,0.15,True,https://basalam.com/cat/tools/%D8%AE%D8%A7%DA%A9-%DA%A9%D9%88%D8%AF-%D8%B3%D9%85%D9%88%D9%85?page=161
گیاه مریم گلی با کیفیت عالی بار امسالی و تازه(150گرمی),,229600,1530666.6666666667,0.15,True,https://basalam.com/cat/tools/%D8%AE%D8%A7%DA%A9-%DA%A9%D9%88%D8%AF-%D8%B3%D9%85%D9%88%D9%85?page=161
ریشه چوبک با کیفیت عالی بار امسالی و تازه(200 گرمی ),,180400,902000.0,0.2,True,https://basalam.com/cat/tools/%D8%AE%D8%A7%DA%A9-%DA%A9%D9%88%D8%AF-%D8%B3%D9%85%D9%88%D9%85?page=161
گیاه خارخاسک با کیفیت عالی بار امسالی و تازه(150 گرمی ),,164800,1098666.6666666667,0.15,True,https://basalam.com/cat/tools/%D8%AE%D8%A7%DA%A9-%DA%A9%D9%88%D8%AF-%D8%B3%D9%85%D9%88%D9%85?page=161
ریشه آنغوزه با کیفیت عالی بار امسالی و تازه(200گرمی ),,5637600,28188000.0,0.2,True,https://basalam.com/cat/tools/%D8%AE%D8%A7%DA%A9-%DA%A9%D9%88%D8%AF-%D8%B3%D9%85%D9%88%D9%85?page=161
گل مینا با کیفیت عالی بار امسالی و تازه(150گرمی),,1690300,11268666.666666668,0.15,True,https://basalam.com/cat/tools/%D8%AE%D8%A7%DA%A9-%DA%A9%D9%88%D8%AF-%D8%B3%D9%85%D9%88%D9%85?page=161
گیاه جعفری با کیفیت عالی بار امسالی و تازه (250 گرمی),,276900,1107600.0,0.25,True,https://basalam.com/cat/tools/%D8%AE%D8%A7%DA%A9-%DA%A9%D9%88%D8%AF-%D8%B3%D9%85%D9%88%D9%85?page=161
گیاه خارخاسک با کیفیت عالی بار امسالی و تازه(250 گرمی),,142800,571200.0,0.25,True,https://basalam.com/cat/tools/%D8%AE%D8%A7%DA%A9-%DA%A9%D9%88%D8%AF-%D8%B3%D9%85%D9%88%D9%85?page=161
ریشه سنبل الطیب با کیفیت عالی بار امسالی و تازه(250گرمی ),,905300,3621200.0,0.25,True,https://basalam.com/cat/tools/%D8%AE%D8%A7%DA%A9-%DA%A9%D9%88%D8%AF-%D8%B3%D9%85%D9%88%D9%85?page=161
آلوئه ورا با کیفیت عالی بار امسالی و تازه(750 گرمی ),,2337100,3116133.333333333,0.75,True,https://basalam.com/cat/tools/%D8%AE%D8%A7%DA%A9-%DA%A9%D9%88%D8%AF-%D8%B3%D9%85%D9%88%D9%85?page=161
گیاه رازک با کیفیت عالی بار امسالی و تازه(250گرمی ),,771700,3086800.0,0.25,True,https://basalam.com/cat/tools/%D8%AE%D8%A7%DA%A9-%DA%A9%D9%88%D8%AF-%D8%B3%D9%85%D9%88%D9%85?page=161
گیاه مرزه با کیفیت عالی بار امسالی و تازه(500گرمی ),,491500,983000.0,0.5,True,https://basalam.com/cat/tools/%D8%AE%D8%A7%DA%A9-%DA%A9%D9%88%D8%AF-%D8%B3%D9%85%D9%88%D9%85?page=161
استویا با کیفیت عالی بار امسالی و تازه(200 گرمی),,1070600,5353000.0,0.2,True,https://basalam.com/cat/tools/%D8%AE%D8%A7%DA%A9-%DA%A9%D9%88%D8%AF-%D8%B3%D9%85%D9%88%D9%85?page=161
گیاه مورد با کیفیت عالی بار امسالی و تازه(250گرمی ),,123000,492000.0,0.25,True,https://basalam.com/cat/tools/%D8%AE%D8%A7%DA%A9-%DA%A9%D9%88%D8%AF-%D8%B3%D9%85%D9%88%D9%85?page=161
گیاه رازک با کیفیت عالی بار امسالی و تازه(750گرمی),,2279300,3039066.6666666665,0.75,True,https://basalam.com/cat/tools/%D8%AE%D8%A7%DA%A9-%DA%A9%D9%88%D8%AF-%D8%B3%D9%85%D9%88%D9%85?page=161
کود هیومیک اسید (پس کرایه),,100000,2000000.0,0.05,True,https://basalam.com/cat/tools/%D8%AE%D8%A7%DA%A9-%DA%A9%D9%88%D8%AF-%D8%B3%D9%85%D9%88%D9%85?page=161
کود مایع آلی گوگردی زرگرین یک لیتری,,290000,290000.0,1.0,True,https://basalam.com/cat/tools/%D8%AE%D8%A7%DA%A9-%DA%A9%D9%88%D8%AF-%D8%B3%D9%85%D9%88%D9%85?page=161
کود جلبک دریایی تایمکس,,89900,599333.3333333334,0.15,True,https://basalam.com/cat/tools/%D8%AE%D8%A7%DA%A9-%DA%A9%D9%88%D8%AF-%D8%B3%D9%85%D9%88%D9%85?page=161
کود 3 بیست,,50000,1000000.0,0.05,True,https://basalam.com/cat/tools/%D8%AE%D8%A7%DA%A9-%DA%A9%D9%88%D8%AF-%D8%B3%D9%85%D9%88%D9%85?page=161
کود سیلیکات پتاسیم (سیلیکاسول) جنوبگان,,250000,250000.0,1.0,True,https://basalam.com/cat/tools/%D8%AE%D8%A7%DA%A9-%DA%A9%D9%88%D8%AF-%D8%B3%D9%85%D9%88%D9%85?page=161
کود ضد تنش مخصوص کلیه گیاهان آپارتمانی 100 سی سی,,139000,1390000.0,0.1,True,https://basalam.com/cat/tools/%D8%AE%D8%A7%DA%A9-%DA%A9%D9%88%D8%AF-%D8%B3%D9%85%D9%88%D9%85?page=161
کود مخصوص پتوس,,79000,790000.0,0.1,True,https://basalam.com/cat/tools/%D8%AE%D8%A7%DA%A9-%DA%A9%D9%88%D8%AF-%D8%B3%D9%85%D9%88%D9%85?page=161
کود 36 12 12 TE پتاس بالا دارای ریز مغذی (50 گرم ساخت المان ),,59000,1180000.0,0.05,True,https://basalam.com/cat/tools/%D8%AE%D8%A7%DA%A9-%DA%A9%D9%88%D8%AF-%D8%B3%D9%85%D9%88%D9%85?page=161
گل بومادارن با کیفیت عالی بار امسالی و تازه(200 گرمی ),,109000,545000.0,0.2,True,https://basalam.com/cat/tools/%D8%AE%D8%A7%DA%A9-%DA%A9%D9%88%D8%AF-%D8%B3%D9%85%D9%88%D9%85?page=162
پوست اسفرزه با کیفیت عالی بار امسالی و تازه(500گرمی),,1600000,3200000.0,0.5,True,https://basalam.com/cat/tools/%D8%AE%D8%A7%DA%A9-%DA%A9%D9%88%D8%AF-%D8%B3%D9%85%D9%88%D9%85?page=162
ریشه کاسنی با کیفیت عالی بار امسالی و تازه(250 گرمی),,200000,800000.0,0.25,True,https://basalam.com/cat/tools/%D8%AE%D8%A7%DA%A9-%DA%A9%D9%88%D8%AF-%D8%B3%D9%85%D9%88%D9%85?page=162
ریشه چوبک با کیفیت عالی بار امسالی و تازه(50 گرمی ),,43400,868000.0,0.05,True,https://basalam.com/cat/tools/%D8%AE%D8%A7%DA%A9-%DA%A9%D9%88%D8%AF-%D8%B3%D9%85%D9%88%D9%85?page=162
ریشه چوبک با کیفیت عالی بار امسالی و تازه(250 گرمی ),,101000,404000.0,0.25,True,https://basalam.com/cat/tools/%D8%AE%D8%A7%DA%A9-%DA%A9%D9%88%D8%AF-%D8%B3%D9%85%D9%88%D9%85?page=162
ریشه شیرین بیان (بدون پوست) با کیفیت عالی بار امسالی و تازه(500گرمی),,569000,1138000.0,0.5,True,https://basalam.com/cat/tools/%D8%AE%D8%A7%DA%A9-%DA%A9%D9%88%D8%AF-%D8%B3%D9%85%D9%88%D9%85?page=162
کود آهن کلات . 6 درصد . درجه A++ اورتو 4.8,,60000,1500000.0,0.04,True,https://basalam.com/cat/tools/%D8%AE%D8%A7%DA%A9-%DA%A9%D9%88%D8%AF-%D8%B3%D9%85%D9%88%D9%85?page=162
کود ریشه زایی 105210 پودری هیومیک دار 100 گرمی درجه A++,,90000,900000.0,0.1,True,https://basalam.com/cat/tools/%D8%AE%D8%A7%DA%A9-%DA%A9%D9%88%D8%AF-%D8%B3%D9%85%D9%88%D9%85?page=162
گل بابونه با کیفیت عالی بار امسالی و تازه(100گرمی),,196400,1964000.0,0.1,True,https://basalam.com/cat/tools/%D8%AE%D8%A7%DA%A9-%DA%A9%D9%88%D8%AF-%D8%B3%D9%85%D9%88%D9%85?page=162
گیاه اسپرولینا با کیفیت عالی بار امسالی و تازه(50گرمی),,319250,6385000.0,0.05,True,https://basalam.com/cat/tools/%D8%AE%D8%A7%DA%A9-%DA%A9%D9%88%D8%AF-%D8%B3%D9%85%D9%88%D9%85?page=162
گیاه مرزنجوش بار امسالی و تازه(100گرمی ),,90200,902000.0,0.1,True,https://basalam.com/cat/tools/%D8%AE%D8%A7%DA%A9-%DA%A9%D9%88%D8%AF-%D8%B3%D9%85%D9%88%D9%85?page=162
گیاه خارشتر بار امسالی و تازه(100گرمی ),,48500,485000.0,0.1,True,https://basalam.com/cat/tools/%D8%AE%D8%A7%DA%A9-%DA%A9%D9%88%D8%AF-%D8%B3%D9%85%D9%88%D9%85?page=162
گیاه خارشتر بار امسالی و تازه(250گرمی ),,77750,311000.0,0.25,True,https://basalam.com/cat/tools/%D8%AE%D8%A7%DA%A9-%DA%A9%D9%88%D8%AF-%D8%B3%D9%85%D9%88%D9%85?page=162
برگ شاه توت بار امسالی و تازه(500 گرمی ),,159500,319000.0,0.5,True,https://basalam.com/cat/tools/%D8%AE%D8%A7%DA%A9-%DA%A9%D9%88%D8%AF-%D8%B3%D9%85%D9%88%D9%85?page=162
گیاه خارشتر با کیفیت عالی بار امسالی و تازه(50گرمی ),,38750,775000.0,0.05,True,https://basalam.com/cat/tools/%D8%AE%D8%A7%DA%A9-%DA%A9%D9%88%D8%AF-%D8%B3%D9%85%D9%88%D9%85?page=162
گیاه شب خسب (درخت ابریشم)پودر شده با کیفیت عالی بار امسالی و تازه(100گرم),,207000,2070000.0,0.1,True,https://basalam.com/cat/tools/%D8%AE%D8%A7%DA%A9-%DA%A9%D9%88%D8%AF-%D8%B3%D9%85%D9%88%D9%85?page=162
گیاهدرمنه ترکی بار امسالی و تازه(500گرمی ),,167750,335500.0,0.5,True,https://basalam.com/cat/tools/%D8%AE%D8%A7%DA%A9-%DA%A9%D9%88%D8%AF-%D8%B3%D9%85%D9%88%D9%85?page=162
گیاه بهار مرکبات پودر شده با کیفیت عالی بار امسالی و تازه(250گرمی ),,263625,1054500.0,0.25,True,https://basalam.com/cat/tools/%D8%AE%D8%A7%DA%A9-%DA%A9%D9%88%D8%AF-%D8%B3%D9%85%D9%88%D9%85?page=162
گل بومادران با کیفیت عالی بار امسالی و تازه(500گرمی),,126500,253000.0,0.5,True,https://basalam.com/cat/tools/%D8%AE%D8%A7%DA%A9-%DA%A9%D9%88%D8%AF-%D8%B3%D9%85%D9%88%D9%85?page=162
گل یاس کبودبا کیفیت عالی بار امسالی و تازه(250گرمی ),,124000,496000.0,0.25,True,https://basalam.com/cat/tools/%D8%AE%D8%A7%DA%A9-%DA%A9%D9%88%D8%AF-%D8%B3%D9%85%D9%88%D9%85?page=162
گل مینا با کیفیت عالی بار امسالی و تازه(100گرمی),,662800,6628000.0,0.1,True,https://basalam.com/cat/tools/%D8%AE%D8%A7%DA%A9-%DA%A9%D9%88%D8%AF-%D8%B3%D9%85%D9%88%D9%85?page=162
کود تقویتی پتاس بالا,,50000,500000.0,0.1,True,https://basalam.com/cat/tools/%D8%AE%D8%A7%DA%A9-%DA%A9%D9%88%D8%AF-%D8%B3%D9%85%D9%88%D9%85?page=162
کود گاوی بومی محلی طبیعی (خریداریم و فروشنده)-عمده و جزئی,,1000,10000.0,0.1,True,https://basalam.com/cat/tools/%D8%AE%D8%A7%DA%A9-%DA%A9%D9%88%D8%AF-%D8%B3%D9%85%D9%88%D9%85?page=162
کود گلدهی صد گرمی دکتر زندی بسته بندی پلاستیک,,30000,300000.0,0.1,True,https://basalam.com/cat/tools/%D8%AE%D8%A7%DA%A9-%DA%A9%D9%88%D8%AF-%D8%B3%D9%85%D9%88%D9%85?page=162
پک 2 تایی کود گیاهان آپارتمانی (پس کرایه),,37050,926250.0,0.04,True,https://basalam.com/cat/tools/%D8%AE%D8%A7%DA%A9-%DA%A9%D9%88%D8%AF-%D8%B3%D9%85%D9%88%D9%85?page=163
کود مایع پروتکت (فسفیت پتاسیم),,979000,979000.0,1.0,True,https://basalam.com/cat/tools/%D8%AE%D8%A7%DA%A9-%DA%A9%D9%88%D8%AF-%D8%B3%D9%85%D9%88%D9%85?page=163
کود لبین 35-5-15 ده کیلویی,,4400000,440000.0,10.0,True,https://basalam.com/cat/tools/%D8%AE%D8%A7%DA%A9-%DA%A9%D9%88%D8%AF-%D8%B3%D9%85%D9%88%D9%85?page=163
کود 10x شوک آمریکایی Orginal یک لیتری (پس کرایه),,275000,275000.0,1.0,True,https://basalam.com/cat/tools/%D8%AE%D8%A7%DA%A9-%DA%A9%D9%88%D8%AF-%D8%B3%D9%85%D9%88%D9%85?page=163
کود گرانول جلبک دریایی (RICO) (55 گرمی),,115000,1769230.7692307692,0.065,True,https://basalam.com/cat/tools/%D8%AE%D8%A7%DA%A9-%DA%A9%D9%88%D8%AF-%D8%B3%D9%85%D9%88%D9%85?page=197
کود هیومیک اسید (20 گرمی),,75000,3750000.0,0.02,True,https://basalam.com/cat/tools/%D8%AE%D8%A7%DA%A9-%DA%A9%D9%88%D8%AF-%D8%B3%D9%85%D9%88%D9%85?page=197
کود هیومیک اسید پودری پلنت استار بسته بندی قوطی مناسب همه گیاهان و درختان,,365000,365000.0,1.0,True,https://basalam.com/cat/tools/%D8%AE%D8%A7%DA%A9-%DA%A9%D9%88%D8%AF-%D8%B3%D9%85%D9%88%D9%85?page=163
کود کامل رویال مکس پلنت استار 36-12-12 npk(ارسال به صورت پس کرایه),,305000,305000.0,1.0,True,https://basalam.com/cat/tools/%D8%AE%D8%A7%DA%A9-%DA%A9%D9%88%D8%AF-%D8%B3%D9%85%D9%88%D9%85?page=163
کود کامل رویال مکس پلنت استار 10-50-10 npk(ارسال به صورت پس کرایه),,368000,368000.0,1.0,True,https://basalam.com/cat/tools/%D8%AE%D8%A7%DA%A9-%DA%A9%D9%88%D8%AF-%D8%B3%D9%85%D9%88%D9%85?page=163
کود آلی گوگردی گرانول سارک کود,,370000,14800.0,25.0,True,https://basalam.com/cat/tools/%D8%AE%D8%A7%DA%A9-%DA%A9%D9%88%D8%AF-%D8%B3%D9%85%D9%88%D9%85?page=163
کود سه بیست کود هیومیک اسید پک شش عددی برای رشد گیاهان و پاجوش دهی,,200000,833333.3333333334,0.24,True,https://basalam.com/cat/tools/%D8%AE%D8%A7%DA%A9-%DA%A9%D9%88%D8%AF-%D8%B3%D9%85%D9%88%D9%85?page=163
کود سه بیست و هیومیک اسید ارسال رایگان مخصوص زاموفلیا و پاجوش گیاهان پک شش عددی,,200000,1666666.6666666667,0.12,True,https://basalam.com/cat/tools/%D8%AE%D8%A7%DA%A9-%DA%A9%D9%88%D8%AF-%D8%B3%D9%85%D9%88%D9%85?page=163
کود کامل آل مکس جنریت آمریکا بیست لیتری,,10360000,518000.0,20.0,True,https://basalam.com/cat/tools/%D8%AE%D8%A7%DA%A9-%DA%A9%D9%88%D8%AF-%D8%B3%D9%85%D9%88%D9%85?page=163
کود بنفشه آفریقایی,,9000,45000.0,0.2,True,https://basalam.com/cat/tools/%D8%AE%D8%A7%DA%A9-%DA%A9%D9%88%D8%AF-%D8%B3%D9%85%D9%88%D9%85?page=163
کود کاج مطبخ,,30000,300000.0,0.1,True,https://basalam.com/cat/tools/%D8%AE%D8%A7%DA%A9-%DA%A9%D9%88%D8%AF-%D8%B3%D9%85%D9%88%D9%85?page=163
کود fmz آهنروی منگنز (هلند),,870000,870000.0,1.0,True,https://basalam.com/cat/tools/%D8%AE%D8%A7%DA%A9-%DA%A9%D9%88%D8%AF-%D8%B3%D9%85%D9%88%D9%85?page=163
کود 0.27.47 (higro GENEX),,1050000,1050000.0,1.0,True,https://basalam.com/cat/tools/%D8%AE%D8%A7%DA%A9-%DA%A9%D9%88%D8%AF-%D8%B3%D9%85%D9%88%D9%85?page=163
کود عصاره جلبک دریایی جنریت یک لیتری محصول ایالات متحده,,1100000,1100000.0,1.0,True,https://basalam.com/cat/tools/%D8%AE%D8%A7%DA%A9-%DA%A9%D9%88%D8%AF-%D8%B3%D9%85%D9%88%D9%85?page=163
کود پتاس بالایK66 یک لیتری جنریت آمریکا غنی شده با آهن و آمینواسید,,990000,990000.0,1.0,True,https://basalam.com/cat/tools/%D8%AE%D8%A7%DA%A9-%DA%A9%D9%88%D8%AF-%D8%B3%D9%85%D9%88%D9%85?page=163
کود هیومیک اسید,,250000,2083333.3333333333,0.12,True,https://basalam.com/cat/tools/%D8%AE%D8%A7%DA%A9-%DA%A9%D9%88%D8%AF-%D8%B3%D9%85%D9%88%D9%85?page=163
کود گیاهان داخل آب,,70000,350000.0,0.2,True,https://basalam.com/cat/tools/%D8%AE%D8%A7%DA%A9-%DA%A9%D9%88%D8%AF-%D8%B3%D9%85%D9%88%D9%85?page=197
کود فسفیت پتاسیم شوک PK یک لیتری (پس کرایه),,280000,280000.0,1.0,True,https://basalam.com/cat/tools/%D8%AE%D8%A7%DA%A9-%DA%A9%D9%88%D8%AF-%D8%B3%D9%85%D9%88%D9%85?page=163
کود مخصوص خیار شوک 20 یتری (پس کرایه),,2400000,120000.0,20.0,True,https://basalam.com/cat/tools/%D8%AE%D8%A7%DA%A9-%DA%A9%D9%88%D8%AF-%D8%B3%D9%85%D9%88%D9%85?page=163
کود 10x شوک آمریکایی Orginal پنج لیتری (پس کرایه),,1050000,210000.0,5.0,True,https://basalam.com/cat/tools/%D8%AE%D8%A7%DA%A9-%DA%A9%D9%88%D8%AF-%D8%B3%D9%85%D9%88%D9%85?page=163
کود گلدهی طولانی 10 گرمی فیدینگ مناسب برای مرحله گلدهی,,150000,15000000.0,0.01,True,https://basalam.com/cat/tools/%D8%AE%D8%A7%DA%A9-%DA%A9%D9%88%D8%AF-%D8%B3%D9%85%D9%88%D9%85?page=163
کود مایع فروت ست جنریت امریکا یک لیتری,,900000,900000.0,1.0,True,https://basalam.com/cat/tools/%D8%AE%D8%A7%DA%A9-%DA%A9%D9%88%D8%AF-%D8%B3%D9%85%D9%88%D9%85?page=163
کود 10 - 52 - 10 ( محرک ریشه زایی گیاهان ),,48000,960000.0,0.05,True,https://basalam.com/cat/tools/%D8%AE%D8%A7%DA%A9-%DA%A9%D9%88%D8%AF-%D8%B3%D9%85%D9%88%D9%85?page=163
کود 10-52-10 سه تایی,,120000,800000.0,0.15,True,https://basalam.com/cat/tools/%D8%AE%D8%A7%DA%A9-%DA%A9%D9%88%D8%AF-%D8%B3%D9%85%D9%88%D9%85?page=164
میکس دوتایی (کود آهن و کود 20-20-20 ),,90000,1125000.0,0.08,True,https://basalam.com/cat/tools/%D8%AE%D8%A7%DA%A9-%DA%A9%D9%88%D8%AF-%D8%B3%D9%85%D9%88%D9%85?page=164
کود کامل رویال مکس 20-20-20 npk پلنت استار (ارسال به صورت پس کرایه ),,1450000,145000.0,10.0,True,https://basalam.com/cat/tools/%D8%AE%D8%A7%DA%A9-%DA%A9%D9%88%D8%AF-%D8%B3%D9%85%D9%88%D9%85?page=164
کود کامل گیاهان اپارتمانی,,75000,300000.0,0.25,True,https://basalam.com/cat/tools/%D8%AE%D8%A7%DA%A9-%DA%A9%D9%88%D8%AF-%D8%B3%D9%85%D9%88%D9%85?page=164
کودگلهای آپارتمانیکودکاملکود رشد گیاه,,47500,395833.3333333334,0.12,True,https://basalam.com/cat/tools/%D8%AE%D8%A7%DA%A9-%DA%A9%D9%88%D8%AF-%D8%B3%D9%85%D9%88%D9%85?page=164
کود سانسوریا و زاموفیلیا,,75000,300000.0,0.25,True,https://basalam.com/cat/tools/%D8%AE%D8%A7%DA%A9-%DA%A9%D9%88%D8%AF-%D8%B3%D9%85%D9%88%D9%85?page=164
کود هیومیک اسیدامریکای شمالی داکوتا,,125000,1250000.0,0.1,True,https://basalam.com/cat/tools/%D8%AE%D8%A7%DA%A9-%DA%A9%D9%88%D8%AF-%D8%B3%D9%85%D9%88%D9%85?page=164
کود آمینو بر,,130000,130000.0,1.0,True,https://basalam.com/cat/tools/%D8%AE%D8%A7%DA%A9-%DA%A9%D9%88%D8%AF-%D8%B3%D9%85%D9%88%D9%85?page=164
کود مایع روتی فرت مدل کلسیم بور حجم یک لیتر ( پس کرایه ),,208000,208000.0,1.0,True,https://basalam.com/cat/tools/%D8%AE%D8%A7%DA%A9-%DA%A9%D9%88%D8%AF-%D8%B3%D9%85%D9%88%D9%85?page=164
کود کلسیمی کالبونیت محصول شرکت نوید نو,,2400000,96000.0,25.0,True,https://basalam.com/cat/tools/%D8%AE%D8%A7%DA%A9-%DA%A9%D9%88%D8%AF-%D8%B3%D9%85%D9%88%D9%85?page=164
کود فروت ست شاور,,270000,360000.0,0.75,True,https://basalam.com/cat/tools/%D8%AE%D8%A7%DA%A9-%DA%A9%D9%88%D8%AF-%D8%B3%D9%85%D9%88%D9%85?page=164
کود خرما امریکایی شوک پلاس یک لیتری اصل,,500000,500000.0,1.0,True,https://basalam.com/cat/tools/%D8%AE%D8%A7%DA%A9-%DA%A9%D9%88%D8%AF-%D8%B3%D9%85%D9%88%D9%85?page=196
کود مخصوص پیاز شوک پلاس یک لیتری امریکایی,,480000,480000.0,1.0,True,https://basalam.com/cat/tools/%D8%AE%D8%A7%DA%A9-%DA%A9%D9%88%D8%AF-%D8%B3%D9%85%D9%88%D9%85?page=196
کود مایع کمپلکس کارب بارافشان (ریزمغذی بسیار باکیفیت),,450000,450000.0,1.0,True,https://basalam.com/cat/tools/%D8%AE%D8%A7%DA%A9-%DA%A9%D9%88%D8%AF-%D8%B3%D9%85%D9%88%D9%85?page=164
کود کامل مایع فوسامکو یاراویتا- پس کرایه,,677000,677000.0,1.0,True,https://basalam.com/cat/tools/%D8%AE%D8%A7%DA%A9-%DA%A9%D9%88%D8%AF-%D8%B3%D9%85%D9%88%D9%85?page=164
کود فسفیت پتاسیم مایع kcu (پس کرایه),,900000,900000.0,1.0,True,https://basalam.com/cat/tools/%D8%AE%D8%A7%DA%A9-%DA%A9%D9%88%D8%AF-%D8%B3%D9%85%D9%88%D9%85?page=164
کود جلبک دریایی سیفر (پس کرایه),,850000,850000.0,1.0,True,https://basalam.com/cat/tools/%D8%AE%D8%A7%DA%A9-%DA%A9%D9%88%D8%AF-%D8%B3%D9%85%D9%88%D9%85?page=165
کود آمینواسید نواپلنت بلژیک تقویت کننده و بهبود دهنده رشد گل و گیاه,,389000,389000.0,1.0,True,https://basalam.com/cat/tools/%D8%AE%D8%A7%DA%A9-%DA%A9%D9%88%D8%AF-%D8%B3%D9%85%D9%88%D9%85?page=165
کود آهن آمریکایی بسته خانگی 25 گرمی,,58000,2320000.0,0.025,True,https://basalam.com/cat/tools/%D8%AE%D8%A7%DA%A9-%DA%A9%D9%88%D8%AF-%D8%B3%D9%85%D9%88%D9%85?page=165
کود کلات منیزیم (EDTA) سانسوی گرین مدل پودری وزن یک کیلوگرم ( پس کرایه ),,556000,556000.0,1.0,True,https://basalam.com/cat/tools/%D8%AE%D8%A7%DA%A9-%DA%A9%D9%88%D8%AF-%D8%B3%D9%85%D9%88%D9%85?page=165
کود پتاسیم مخصوص گیاهان,,369100,369100.0,1.0,True,https://basalam.com/cat/tools/%D8%AE%D8%A7%DA%A9-%DA%A9%D9%88%D8%AF-%D8%B3%D9%85%D9%88%D9%85?page=165
کود گیاه غنی شده دست‌ساز و فوق قوی,,330000,110000.0,3.0,True,https://basalam.com/cat/tools/%D8%AE%D8%A7%DA%A9-%DA%A9%D9%88%D8%AF-%D8%B3%D9%85%D9%88%D9%85?page=165
کود پودری کامل NPK 12-12-36+ TE (یک کیلویی) (پس کرایه),,290000,290000.0,1.0,True,https://basalam.com/cat/tools/%D8%AE%D8%A7%DA%A9-%DA%A9%D9%88%D8%AF-%D8%B3%D9%85%D9%88%D9%85?page=165
کود کلات مس تکنیفول 13 درصد وارداتی ترکیه ای بسته بندی یک کیلویی,,790000,790000.0,1.0,True,https://basalam.com/cat/tools/%D8%AE%D8%A7%DA%A9-%DA%A9%D9%88%D8%AF-%D8%B3%D9%85%D9%88%D9%85?page=165
کود آمینو اسید آلمندو آمین اسپانیایی,,125000,2083333.3333333333,0.06,True,https://basalam.com/cat/tools/%D8%AE%D8%A7%DA%A9-%DA%A9%D9%88%D8%AF-%D8%B3%D9%85%D9%88%D9%85?page=165
کود NPK 18 18 18 راکویت(وارداتی) همراه با اسید آمینه .بسته بندی 2/5 کیلویی(ارسال با باربری و به صورت پس کرایه),,800000,320000.0,2.5,True,https://basalam.com/cat/tools/%D8%AE%D8%A7%DA%A9-%DA%A9%D9%88%D8%AF-%D8%B3%D9%85%D9%88%D9%85?page=165
کود NPK آلمندو اسپانیایی,,125000,2083333.3333333333,0.06,True,https://basalam.com/cat/tools/%D8%AE%D8%A7%DA%A9-%DA%A9%D9%88%D8%AF-%D8%B3%D9%85%D9%88%D9%85?page=165
کود هیدروپونیک جامد مخصوص میوه دهی کد P100,,125000,1250000.0,0.1,True,https://basalam.com/cat/tools/%D8%AE%D8%A7%DA%A9-%DA%A9%D9%88%D8%AF-%D8%B3%D9%85%D9%88%D9%85?page=165
کود هیدروپونیک مایع مخصوص انواع سبزیجات کد LV100,,169000,84500.0,2.0,True,https://basalam.com/cat/tools/%D8%AE%D8%A7%DA%A9-%DA%A9%D9%88%D8%AF-%D8%B3%D9%85%D9%88%D9%85?page=165
کود هیدروپونیک مایع بنسای و گیاهان آپارتمانی کد LBo100,,169000,84500.0,2.0,True,https://basalam.com/cat/tools/%D8%AE%D8%A7%DA%A9-%DA%A9%D9%88%D8%AF-%D8%B3%D9%85%D9%88%D9%85?page=165
کود هیدروپونیک جامد مخصوص گل رز و گل های شاخه بریده کد R100,,125000,1250000.0,0.1,True,https://basalam.com/cat/tools/%D8%AE%D8%A7%DA%A9-%DA%A9%D9%88%D8%AF-%D8%B3%D9%85%D9%88%D9%85?page=165
کود گرانول کند رها,,220000,550000.0,0.4,True,https://basalam.com/cat/tools/%D8%AE%D8%A7%DA%A9-%DA%A9%D9%88%D8%AF-%D8%B3%D9%85%D9%88%D9%85?page=197
کود ارگانیک زیستی ویژه گلهای زینتی و آپارتمانی سه کیلویی,,125000,41666.66666666666,3.0,True,https://basalam.com/cat/tools/%D8%AE%D8%A7%DA%A9-%DA%A9%D9%88%D8%AF-%D8%B3%D9%85%D9%88%D9%85?page=165
استویا با کیفیت عالی بار امسالی و تازه(50گرمی),,268400,5368000.0,0.05,True,https://basalam.com/cat/tools/%D8%AE%D8%A7%DA%A9-%DA%A9%D9%88%D8%AF-%D8%B3%D9%85%D9%88%D9%85?page=165
ریشه کاسنی با کیفیت عالی بار امسالی و تازه(750گرمی ),,2498200,3330933.333333333,0.75,True,https://basalam.com/cat/tools/%D8%AE%D8%A7%DA%A9-%DA%A9%D9%88%D8%AF-%D8%B3%D9%85%D9%88%D9%85?page=165
گیاه شاهتره با کیفیت عالی بار امسالی و تازه(750گرمی),,799700,1066266.6666666667,0.75,True,https://basalam.com/cat/tools/%D8%AE%D8%A7%DA%A9-%DA%A9%D9%88%D8%AF-%D8%B3%D9%85%D9%88%D9%85?page=165
گل بابونه با کیفیت عالی بار امسالی و تازه(750گرمی),,1145300,1527066.6666666667,0.75,True,https://basalam.com/cat/tools/%D8%AE%D8%A7%DA%A9-%DA%A9%D9%88%D8%AF-%D8%B3%D9%85%D9%88%D9%85?page=165
ریشه آنغوزه با کیفیت عالی بار امسالی و تازه(500 گرمی),,1140000,2280000.0,0.5,True,https://basalam.com/cat/tools/%D8%AE%D8%A7%DA%A9-%DA%A9%D9%88%D8%AF-%D8%B3%D9%85%D9%88%D9%85?page=165
اکالیپتوس با کیفیت عالی بار امسالی و تازه(100گرمی ),,194400,1944000.0,0.1,True,https://basalam.com/cat/tools/%D8%AE%D8%A7%DA%A9-%DA%A9%D9%88%D8%AF-%D8%B3%D9%85%D9%88%D9%85?page=165
پونه با کیفیت عالی بار امسالی و تازه(500گرمی),,514500,1029000.0,0.5,True,https://basalam.com/cat/tools/%D8%AE%D8%A7%DA%A9-%DA%A9%D9%88%D8%AF-%D8%B3%D9%85%D9%88%D9%85?page=165
گیاه شاهتره با کیفیت عالی بار امسالی و تازه(250گرمی ),,310100,1240400.0,0.25,True,https://basalam.com/cat/tools/%D8%AE%D8%A7%DA%A9-%DA%A9%D9%88%D8%AF-%D8%B3%D9%85%D9%88%D9%85?page=166
ریشه سنبل الطیب با کیفیت عالی بار امسالی و تازه(50گرمی),,492200,9844000.0,0.05,True,https://basalam.com/cat/tools/%D8%AE%D8%A7%DA%A9-%DA%A9%D9%88%D8%AF-%D8%B3%D9%85%D9%88%D9%85?page=166
برگ جینکو با کیفیت عالی بار امسالی و تازه(750گرمی),,3049000,4065333.3333333335,0.75,True,https://basalam.com/cat/tools/%D8%AE%D8%A7%DA%A9-%DA%A9%D9%88%D8%AF-%D8%B3%D9%85%D9%88%D9%85?page=166
گیاه مورد با کیفیت عالی بار امسالی و تازه(150گرمی),,170200,1134666.6666666667,0.15,True,https://basalam.com/cat/tools/%D8%AE%D8%A7%DA%A9-%DA%A9%D9%88%D8%AF-%D8%B3%D9%85%D9%88%D9%85?page=166
گل بابونه با کیفیت عالی بار امسالی و تازه(250گرمی),,423300,1693200.0,0.25,True,https://basalam.com/cat/tools/%D8%AE%D8%A7%DA%A9-%DA%A9%D9%88%D8%AF-%D8%B3%D9%85%D9%88%D9%85?page=166
ریشه آنغوزه با کیفیت عالی بار امسالی و تازه(200گرمی ),,495200,2476000.0,0.2,True,https://basalam.com/cat/tools/%D8%AE%D8%A7%DA%A9-%DA%A9%D9%88%D8%AF-%D8%B3%D9%85%D9%88%D9%85?page=166
ریشه کاسنی با کیفیت عالی بار امسالی و تازه(250 گرمی),,879100,3516400.0,0.25,True,https://basalam.com/cat/tools/%D8%AE%D8%A7%DA%A9-%DA%A9%D9%88%D8%AF-%D8%B3%D9%85%D9%88%D9%85?page=166
پوست اسفرزه با کیفیت عالی بار امسالی و تازه (150 گرمی),,1449700,9664666.666666668,0.15,True,https://basalam.com/cat/tools/%D8%AE%D8%A7%DA%A9-%DA%A9%D9%88%D8%AF-%D8%B3%D9%85%D9%88%D9%85?page=166
گل بید مشک با کیفیت عالی بار امسالی و تازه(250 گرمی),,667300,2669200.0,0.25,True,https://basalam.com/cat/tools/%D8%AE%D8%A7%DA%A9-%DA%A9%D9%88%D8%AF-%D8%B3%D9%85%D9%88%D9%85?page=166
گل بابونه با کیفیت عالی بار امسالی و تازه(200گرمی),,360900,1804500.0,0.2,True,https://basalam.com/cat/tools/%D8%AE%D8%A7%DA%A9-%DA%A9%D9%88%D8%AF-%D8%B3%D9%85%D9%88%D9%85?page=166
گیاه نعناع فلفلی با کیفیت عالی بار امسالی و تازه(500 گرمی),,1249200,2498400.0,0.5,True,https://basalam.com/cat/tools/%D8%AE%D8%A7%DA%A9-%DA%A9%D9%88%D8%AF-%D8%B3%D9%85%D9%88%D9%85?page=166
گل اسطوخودوس (هندی) با کیفیت عالی بار امسالی و تازه(500گرمی),,2916100,5832200.0,0.5,True,https://basalam.com/cat/tools/%D8%AE%D8%A7%DA%A9-%DA%A9%D9%88%D8%AF-%D8%B3%D9%85%D9%88%D9%85?page=166
گیاه خار مریم با کیفیت عالی بار امسالی و تازه(200 گرمی ),,417800,2089000.0,0.2,True,https://basalam.com/cat/tools/%D8%AE%D8%A7%DA%A9-%DA%A9%D9%88%D8%AF-%D8%B3%D9%85%D9%88%D9%85?page=166
گیاه خار مریم با کیفیت عالی بار امسالی و تازه(150 گرمی ),,226900,1512666.6666666667,0.15,True,https://basalam.com/cat/tools/%D8%AE%D8%A7%DA%A9-%DA%A9%D9%88%D8%AF-%D8%B3%D9%85%D9%88%D9%85?page=166
گیاه آلوئه ورا با کیفیت عالی بار امسالی و تازه(750گرمی),,7375700,9834266.666666666,0.75,True,https://basalam.com/cat/tools/%D8%AE%D8%A7%DA%A9-%DA%A9%D9%88%D8%AF-%D8%B3%D9%85%D9%88%D9%85?page=166
ریشه کاسنی با کیفیت عالی بار امسالی و تازه(50گرمی ),,197100,3942000.0,0.05,True,https://basalam.com/cat/tools/%D8%AE%D8%A7%DA%A9-%DA%A9%D9%88%D8%AF-%D8%B3%D9%85%D9%88%D9%85?page=166
گیاه گزنه با کیفیت عالی بار امسالی و تازه(500گرمی ),,832200,1664400.0,0.5,True,https://basalam.com/cat/tools/%D8%AE%D8%A7%DA%A9-%DA%A9%D9%88%D8%AF-%D8%B3%D9%85%D9%88%D9%85?page=166
گل گاو زبان با کیفیت عالی بار امسالی و تازه(200گرمی),,1825100,9125500.0,0.2,True,https://basalam.com/cat/tools/%D8%AE%D8%A7%DA%A9-%DA%A9%D9%88%D8%AF-%D8%B3%D9%85%D9%88%D9%85?page=166
گل راعی با کیفیت عالی بار امسالی و تازه(150گرمی),,285200,1901333.3333333333,0.15,True,https://basalam.com/cat/tools/%D8%AE%D8%A7%DA%A9-%DA%A9%D9%88%D8%AF-%D8%B3%D9%85%D9%88%D9%85?page=166
ریشه چوبک با کیفیت عالی بار امسالی و تازه(200 گرمی ),,333000,1665000.0,0.2,True,https://basalam.com/cat/tools/%D8%AE%D8%A7%DA%A9-%DA%A9%D9%88%D8%AF-%D8%B3%D9%85%D9%88%D9%85?page=166
گیاه خارخاسک با کیفیت عالی بار امسالی و تازه(200 گرمی ),,422600,2113000.0,0.2,True,https://basalam.com/cat/tools/%D8%AE%D8%A7%DA%A9-%DA%A9%D9%88%D8%AF-%D8%B3%D9%85%D9%88%D9%85?page=166
پونه با کیفیت عالی بار امسالی و تازه(200 گرمی ),,196200,981000.0,0.2,True,https://basalam.com/cat/tools/%D8%AE%D8%A7%DA%A9-%DA%A9%D9%88%D8%AF-%D8%B3%D9%85%D9%88%D9%85?page=166
آلوئه ورا با کیفیت عالی بار امسالی و تازه(200گرمی),,1385300,6926500.0,0.2,True,https://basalam.com/cat/tools/%D8%AE%D8%A7%DA%A9-%DA%A9%D9%88%D8%AF-%D8%B3%D9%85%D9%88%D9%85?page=166
گل بید مشک با کیفیت عالی بار امسالی و تازه(50 گرمی ),,167900,3358000.0,0.05,True,https://basalam.com/cat/tools/%D8%AE%D8%A7%DA%A9-%DA%A9%D9%88%D8%AF-%D8%B3%D9%85%D9%88%D9%85?page=166
ریشه چوبک با کیفیت عالی بار امسالی و تازه(50 گرمی ),,87600,1752000.0,0.05,True,https://basalam.com/cat/tools/%D8%AE%D8%A7%DA%A9-%DA%A9%D9%88%D8%AF-%D8%B3%D9%85%D9%88%D9%85?page=166
گیاه مورد با کیفیت عالی بار امسالی و تازه(750گرمی),,742000,989333.3333333334,0.75,True,https://basalam.com/cat/tools/%D8%AE%D8%A7%DA%A9-%DA%A9%D9%88%D8%AF-%D8%B3%D9%85%D9%88%D9%85?page=166
ریشه سنبل الطیب با کیفیت عالی بار امسالی و تازه(100گرمی),,936800,9368000.0,0.1,True,https://basalam.com/cat/tools/%D8%AE%D8%A7%DA%A9-%DA%A9%D9%88%D8%AF-%D8%B3%D9%85%D9%88%D9%85?page=166
ریشه شیرین بیان با کیفیت عالی بار امسالی و تازه(250گرمی ),,374400,1497600.0,0.25,True,https://basalam.com/cat/tools/%D8%AE%D8%A7%DA%A9-%DA%A9%D9%88%D8%AF-%D8%B3%D9%85%D9%88%D9%85?page=166
گل انار با کیفیت عالی بار امسالی و تازه(50 گرمی ),,138400,2768000.0,0.05,True,https://basalam.com/cat/tools/%D8%AE%D8%A7%DA%A9-%DA%A9%D9%88%D8%AF-%D8%B3%D9%85%D9%88%D9%85?page=166
بسته سه تایی کود همه کاره ارگانیک ویتامینه گیاهان ویژه ی گیاهان آپارتمانی و زینتی,,780000,236363.6363636364,3.3,True,https://basalam.com/cat/tools/%D8%AE%D8%A7%DA%A9-%DA%A9%D9%88%D8%AF-%D8%B3%D9%85%D9%88%D9%85?page=166
کود 12-12-36 300گرمی آگنس,,169000,563333.3333333334,0.3,True,https://basalam.com/cat/tools/%D8%AE%D8%A7%DA%A9-%DA%A9%D9%88%D8%AF-%D8%B3%D9%85%D9%88%D9%85?page=167
کود 20-20-20 غنی شده با امینو اسید 130گرمی آگنس,,205000,1576923.0769230768,0.13,True,https://basalam.com/cat/tools/%D8%AE%D8%A7%DA%A9-%DA%A9%D9%88%D8%AF-%D8%B3%D9%85%D9%88%D9%85?page=167
کود 20 20 20 200گرمی آگنس,,159000,795000.0,0.2,True,https://basalam.com/cat/tools/%D8%AE%D8%A7%DA%A9-%DA%A9%D9%88%D8%AF-%D8%B3%D9%85%D9%88%D9%85?page=167
کود ریشه زا 10-52-10 130 گرمی آگنس,,130000,1000000.0,0.13,True,https://basalam.com/cat/tools/%D8%AE%D8%A7%DA%A9-%DA%A9%D9%88%D8%AF-%D8%B3%D9%85%D9%88%D9%85?page=167
کود فرکتون محصول کیمیتک اسپانیا کود مخصوص افزایش حجم و گلدهی فرکتون,,2000000,2000000.0,1.0,True,https://basalam.com/cat/tools/%D8%AE%D8%A7%DA%A9-%DA%A9%D9%88%D8%AF-%D8%B3%D9%85%D9%88%D9%85?page=167
کود سولفات منیزیم گرین پیک مدل 1000 MAGNESIUM SULFATE وزن یک کیلوگرم,,139000,139000.0,1.0,True,https://basalam.com/cat/tools/%D8%AE%D8%A7%DA%A9-%DA%A9%D9%88%D8%AF-%D8%B3%D9%85%D9%88%D9%85?page=167
کود کامل فسفر بالا گرین پیک مدل NPK 10-52-10 وزن یک کیلوگرم,,309000,309000.0,1.0,True,https://basalam.com/cat/tools/%D8%AE%D8%A7%DA%A9-%DA%A9%D9%88%D8%AF-%D8%B3%D9%85%D9%88%D9%85?page=167
کود سولفات آمونیم گرین پیک مدل Ammonium Sulfate 1000 وزن یک کیلوگرم,,129000,129000.0,1.0,True,https://basalam.com/cat/tools/%D8%AE%D8%A7%DA%A9-%DA%A9%D9%88%D8%AF-%D8%B3%D9%85%D9%88%D9%85?page=167
کود هیومیک اسید 65 درصد سبزکاوشان قوطی یک کیلویی,,472000,47200.0,10.0,True,https://basalam.com/cat/tools/%D8%AE%D8%A7%DA%A9-%DA%A9%D9%88%D8%AF-%D8%B3%D9%85%D9%88%D9%85?page=167
جلبک دریایی مایع یک لیتری الفر اسپانیا(کود آلی مایع آلگا پلاس),,1000000,1000000.0,1.0,True,https://basalam.com/cat/tools/%D8%AE%D8%A7%DA%A9-%DA%A9%D9%88%D8%AF-%D8%B3%D9%85%D9%88%D9%85?page=167
کود میکرو کامل میکرو جوسپال,,1200000,1200000.0,1.0,True,https://basalam.com/cat/tools/%D8%AE%D8%A7%DA%A9-%DA%A9%D9%88%D8%AF-%D8%B3%D9%85%D9%88%D9%85?page=167
کود هیدروپونیک مایع مخصوص توت فرنگی کد LS100,,169000,84500.0,2.0,True,https://basalam.com/cat/tools/%D8%AE%D8%A7%DA%A9-%DA%A9%D9%88%D8%AF-%D8%B3%D9%85%D9%88%D9%85?page=167
کود آهن حاوی 30 میلی لیتر ارسال با پست تیپاکس انجام هزینه با مشتری و پسکرایه,,50000,1666666.6666666667,0.03,True,https://basalam.com/cat/tools/%D8%AE%D8%A7%DA%A9-%DA%A9%D9%88%D8%AF-%D8%B3%D9%85%D9%88%D9%85?page=167
کود پیکاتریکس ( فسفر - پتاسیم) جنوبگان,,330000,330000.0,1.0,True,https://basalam.com/cat/tools/%D8%AE%D8%A7%DA%A9-%DA%A9%D9%88%D8%AF-%D8%B3%D9%85%D9%88%D9%85?page=167
کود کامل کاکتوس گیلدا مدل NPK وزن 25 گرم,,83000,3320000.0,0.025,True,https://basalam.com/cat/tools/%D8%AE%D8%A7%DA%A9-%DA%A9%D9%88%D8%AF-%D8%B3%D9%85%D9%88%D9%85?page=167
کود مخصوص گیاهان آپارتمانی گیلدا کد GH25 وزن 25 گرم,,83000,3320000.0,0.025,True,https://basalam.com/cat/tools/%D8%AE%D8%A7%DA%A9-%DA%A9%D9%88%D8%AF-%D8%B3%D9%85%D9%88%D9%85?page=167
کود تقویتی اسید هیومیک ریشه افزایی گیاه مخصوص گیاهان آپارتمانی,,20000,800000.0,0.025,True,https://basalam.com/cat/tools/%D8%AE%D8%A7%DA%A9-%DA%A9%D9%88%D8%AF-%D8%B3%D9%85%D9%88%D9%85?page=167
کود هیومیک اسید آیرونیکا پودری یک کیلویی (پس کرایه),,480000,480000.0,1.0,True,https://basalam.com/cat/tools/%D8%AE%D8%A7%DA%A9-%DA%A9%D9%88%D8%AF-%D8%B3%D9%85%D9%88%D9%85?page=167
کود تقویتی مخصوص برگ انجیری ظرافت,,47000,391666.6666666667,0.12,True,https://basalam.com/cat/tools/%D8%AE%D8%A7%DA%A9-%DA%A9%D9%88%D8%AF-%D8%B3%D9%85%D9%88%D9%85?page=168
کود تقویتی مخصوص فیلودندرون سلوم ظرافت,,47000,391666.6666666667,0.12,True,https://basalam.com/cat/tools/%D8%AE%D8%A7%DA%A9-%DA%A9%D9%88%D8%AF-%D8%B3%D9%85%D9%88%D9%85?page=168
کود تقویتی مخصوص دراسینا مارگیناتا ( پرچمی ) ظرافت وزن 50 گرم,,49000,980000.0,0.05,True,https://basalam.com/cat/tools/%D8%AE%D8%A7%DA%A9-%DA%A9%D9%88%D8%AF-%D8%B3%D9%85%D9%88%D9%85?page=168
کود تقویتی مخصوص گل استرپتوکارپوس ( پیچان بر ) ظرافت وزن 50 گرم,,49000,980000.0,0.05,True,https://basalam.com/cat/tools/%D8%AE%D8%A7%DA%A9-%DA%A9%D9%88%D8%AF-%D8%B3%D9%85%D9%88%D9%85?page=168
کود مایع بامبو فلاور آمی 125 میلی لیتر,,40000,250000.0,0.16,True,https://basalam.com/cat/tools/%D8%AE%D8%A7%DA%A9-%DA%A9%D9%88%D8%AF-%D8%B3%D9%85%D9%88%D9%85?page=168
کود تقویتی مخصوص گل یخ ظرافت,,47000,391666.6666666667,0.12,True,https://basalam.com/cat/tools/%D8%AE%D8%A7%DA%A9-%DA%A9%D9%88%D8%AF-%D8%B3%D9%85%D9%88%D9%85?page=168
کود میکرو ریشه NPK 15-5-15 گروسیف,,15800,790000.0,0.02,True,https://basalam.com/cat/tools/%D8%AE%D8%A7%DA%A9-%DA%A9%D9%88%D8%AF-%D8%B3%D9%85%D9%88%D9%85?page=168
کود آهن سینا بذر,,15800,3950000.0,0.004,True,https://basalam.com/cat/tools/%D8%AE%D8%A7%DA%A9-%DA%A9%D9%88%D8%AF-%D8%B3%D9%85%D9%88%D9%85?page=168
کود تقویتی مخصوص گل اوکاریس ظرافت,,47000,391666.6666666667,0.12,True,https://basalam.com/cat/tools/%D8%AE%D8%A7%DA%A9-%DA%A9%D9%88%D8%AF-%D8%B3%D9%85%D9%88%D9%85?page=168
کود تقویتی مخصوص کلم ظرافت,,47000,391666.6666666667,0.12,True,https://basalam.com/cat/tools/%D8%AE%D8%A7%DA%A9-%DA%A9%D9%88%D8%AF-%D8%B3%D9%85%D9%88%D9%85?page=168
کود تقویتی مخصوص کاکتوس ساکولنت ظرافت,,47000,391666.6666666667,0.12,True,https://basalam.com/cat/tools/%D8%AE%D8%A7%DA%A9-%DA%A9%D9%88%D8%AF-%D8%B3%D9%85%D9%88%D9%85?page=168
کود تقویتی مخصوص شویدی دم روباهی ظرافت,,47000,391666.6666666667,0.12,True,https://basalam.com/cat/tools/%D8%AE%D8%A7%DA%A9-%DA%A9%D9%88%D8%AF-%D8%B3%D9%85%D9%88%D9%85?page=168
کود تقویتی مخصوص رولیا ظرافت,,47000,391666.6666666667,0.12,True,https://basalam.com/cat/tools/%D8%AE%D8%A7%DA%A9-%DA%A9%D9%88%D8%AF-%D8%B3%D9%85%D9%88%D9%85?page=168
کود تقویتی مخصوص گل نرگس ظرافت,,47000,391666.6666666667,0.12,True,https://basalam.com/cat/tools/%D8%AE%D8%A7%DA%A9-%DA%A9%D9%88%D8%AF-%D8%B3%D9%85%D9%88%D9%85?page=168
کود تقویتی مخصوص گل ارکیده ظرافت,,47000,391666.6666666667,0.12,True,https://basalam.com/cat/tools/%D8%AE%D8%A7%DA%A9-%DA%A9%D9%88%D8%AF-%D8%B3%D9%85%D9%88%D9%85?page=168
کود تقویتی مخصوص آشلانتوس پالیده ظرافت,,47000,391666.6666666667,0.12,True,https://basalam.com/cat/tools/%D8%AE%D8%A7%DA%A9-%DA%A9%D9%88%D8%AF-%D8%B3%D9%85%D9%88%D9%85?page=168
کود تقویتی مخصوص کرچک ظرافت,,47000,391666.6666666667,0.12,True,https://basalam.com/cat/tools/%D8%AE%D8%A7%DA%A9-%DA%A9%D9%88%D8%AF-%D8%B3%D9%85%D9%88%D9%85?page=168
کود تقویتی مخصوص گل کاغذی ظرافت وزن 50 گرم,,49000,980000.0,0.05,True,https://basalam.com/cat/tools/%D8%AE%D8%A7%DA%A9-%DA%A9%D9%88%D8%AF-%D8%B3%D9%85%D9%88%D9%85?page=168
کود تقویتی مخصوص پیسونیا ظرافت وزن 50 گرم,,49000,980000.0,0.05,True,https://basalam.com/cat/tools/%D8%AE%D8%A7%DA%A9-%DA%A9%D9%88%D8%AF-%D8%B3%D9%85%D9%88%D9%85?page=168
کود تقویتی مخصوص درخت زردآلو ظرافت,,47000,391666.6666666667,0.12,True,https://basalam.com/cat/tools/%D8%AE%D8%A7%DA%A9-%DA%A9%D9%88%D8%AF-%D8%B3%D9%85%D9%88%D9%85?page=168
کود تقویتی مخصوص پودوکارپوس ظرافت,,47000,391666.6666666667,0.12,True,https://basalam.com/cat/tools/%D8%AE%D8%A7%DA%A9-%DA%A9%D9%88%D8%AF-%D8%B3%D9%85%D9%88%D9%85?page=168
کود تقویتی مخصوص عدس ظرافت,,47000,391666.6666666667,0.12,True,https://basalam.com/cat/tools/%D8%AE%D8%A7%DA%A9-%DA%A9%D9%88%D8%AF-%D8%B3%D9%85%D9%88%D9%85?page=168
کود نخل ماداگاسکار ظرافت کد KO21313 وزن 50 گرم,,49000,980000.0,0.05,True,https://basalam.com/cat/tools/%D8%AE%D8%A7%DA%A9-%DA%A9%D9%88%D8%AF-%D8%B3%D9%85%D9%88%D9%85?page=168
کود تقویتی مخصوص رکشتاینریا ظرافت وزن 50 گرم,,49000,980000.0,0.05,True,https://basalam.com/cat/tools/%D8%AE%D8%A7%DA%A9-%DA%A9%D9%88%D8%AF-%D8%B3%D9%85%D9%88%D9%85?page=168
کود تقویتی مخصوص تربچه ظرافت وزن 50 گرم,,49000,980000.0,0.05,True,https://basalam.com/cat/tools/%D8%AE%D8%A7%DA%A9-%DA%A9%D9%88%D8%AF-%D8%B3%D9%85%D9%88%D9%85?page=168
کود تقویتی مخصوص فیلودندرون سلوم ظرافت وزن 50 گرم,,49000,980000.0,0.05,True,https://basalam.com/cat/tools/%D8%AE%D8%A7%DA%A9-%DA%A9%D9%88%D8%AF-%D8%B3%D9%85%D9%88%D9%85?page=168
کود تقویتی مخصوص کالیش ظرافت وزن 50 گرم,,49000,980000.0,0.05,True,https://basalam.com/cat/tools/%D8%AE%D8%A7%DA%A9-%DA%A9%D9%88%D8%AF-%D8%B3%D9%85%D9%88%D9%85?page=168
کود تقویتی مخصوص ناتال ظرافت وزن 50 گرم,,49000,980000.0,0.05,True,https://basalam.com/cat/tools/%D8%AE%D8%A7%DA%A9-%DA%A9%D9%88%D8%AF-%D8%B3%D9%85%D9%88%D9%85?page=168
کود فیلودندرون الگانس ظرافت وزن 50 گرم مدل KO21421,,55000,1100000.0,0.05,True,https://basalam.com/cat/tools/%D8%AE%D8%A7%DA%A9-%DA%A9%D9%88%D8%AF-%D8%B3%D9%85%D9%88%D9%85?page=168
کود تقویتی مخصوص فیتونیا برگ نعنایی ظرافت,,47000,391666.6666666667,0.12,True,https://basalam.com/cat/tools/%D8%AE%D8%A7%DA%A9-%DA%A9%D9%88%D8%AF-%D8%B3%D9%85%D9%88%D9%85?page=168
کود تقویتی مخصوص مورد ( لگستروم ) ظرافت,,47000,391666.6666666667,0.12,True,https://basalam.com/cat/tools/%D8%AE%D8%A7%DA%A9-%DA%A9%D9%88%D8%AF-%D8%B3%D9%85%D9%88%D9%85?page=168
کود تقویتی مخصوص کاکتوس هاورتیا ظرافت وزن 50 گرم,,49000,980000.0,0.05,True,https://basalam.com/cat/tools/%D8%AE%D8%A7%DA%A9-%DA%A9%D9%88%D8%AF-%D8%B3%D9%85%D9%88%D9%85?page=168
کود تقویتی مخصوص کاکتوس افوربیا لاکتی ( شاخ گوزنی ) ظرافت,,47000,391666.6666666667,0.12,True,https://basalam.com/cat/tools/%D8%AE%D8%A7%DA%A9-%DA%A9%D9%88%D8%AF-%D8%B3%D9%85%D9%88%D9%85?page=168
کود تقویتی مخصوص گل پامچال ظرافت,,47000,391666.6666666667,0.12,True,https://basalam.com/cat/tools/%D8%AE%D8%A7%DA%A9-%DA%A9%D9%88%D8%AF-%D8%B3%D9%85%D9%88%D9%85?page=168
کود تقویتی مخصوص شوید ظرافت,,47000,391666.6666666667,0.12,True,https://basalam.com/cat/tools/%D8%AE%D8%A7%DA%A9-%DA%A9%D9%88%D8%AF-%D8%B3%D9%85%D9%88%D9%85?page=168
کود تقویتی مخصوص درخت چنار ظرافت,,47000,391666.6666666667,0.12,True,https://basalam.com/cat/tools/%D8%AE%D8%A7%DA%A9-%DA%A9%D9%88%D8%AF-%D8%B3%D9%85%D9%88%D9%85?page=168
کود تقویتی مخصوص پتوس ساتین ظرافت,,47000,391666.6666666667,0.12,True,https://basalam.com/cat/tools/%D8%AE%D8%A7%DA%A9-%DA%A9%D9%88%D8%AF-%D8%B3%D9%85%D9%88%D9%85?page=168
کود تقویتی مخصوص گل تکمه ای ظرافت,,47000,391666.6666666667,0.12,True,https://basalam.com/cat/tools/%D8%AE%D8%A7%DA%A9-%DA%A9%D9%88%D8%AF-%D8%B3%D9%85%D9%88%D9%85?page=168
کود مایع آهن فلاور آمی 500 میلی لیتر,,65000,112068.9655172414,0.58,True,https://basalam.com/cat/tools/%D8%AE%D8%A7%DA%A9-%DA%A9%D9%88%D8%AF-%D8%B3%D9%85%D9%88%D9%85?page=168
کود تقویتی مخصوص گل پنتاس ( پنج پر ) ظرافت,,47000,391666.6666666667,0.12,True,https://basalam.com/cat/tools/%D8%AE%D8%A7%DA%A9-%DA%A9%D9%88%D8%AF-%D8%B3%D9%85%D9%88%D9%85?page=168
کود تقویتی مخصوص گل وربسینا ( پروانه ای ) ظرافت,,47000,391666.6666666667,0.12,True,https://basalam.com/cat/tools/%D8%AE%D8%A7%DA%A9-%DA%A9%D9%88%D8%AF-%D8%B3%D9%85%D9%88%D9%85?page=168
کود تقویتی مخصوص رادرماشرا ظرافت,,47000,391666.6666666667,0.12,True,https://basalam.com/cat/tools/%D8%AE%D8%A7%DA%A9-%DA%A9%D9%88%D8%AF-%D8%B3%D9%85%D9%88%D9%85?page=168
کود تقویتی مخصوص سانسوریا ظرافت,,47000,391666.6666666667,0.12,True,https://basalam.com/cat/tools/%D8%AE%D8%A7%DA%A9-%DA%A9%D9%88%D8%AF-%D8%B3%D9%85%D9%88%D9%85?page=168
کود فیلودندرون اسکاندیس ظرافت حجم 120 سی سی,,53000,441666.6666666667,0.12,True,https://basalam.com/cat/tools/%D8%AE%D8%A7%DA%A9-%DA%A9%D9%88%D8%AF-%D8%B3%D9%85%D9%88%D9%85?page=168
کود تقویتی مخصوص فیلودندرون براسیل ظرافت,,47000,391666.6666666667,0.12,True,https://basalam.com/cat/tools/%D8%AE%D8%A7%DA%A9-%DA%A9%D9%88%D8%AF-%D8%B3%D9%85%D9%88%D9%85?page=168
کود تقویتی مخصوص گل قرنفل ظرافت,,47000,391666.6666666667,0.12,True,https://basalam.com/cat/tools/%D8%AE%D8%A7%DA%A9-%DA%A9%D9%88%D8%AF-%D8%B3%D9%85%D9%88%D9%85?page=168
کود تقویتی مخصوص ترب ظرافت وزن 50 گرم,,49000,980000.0,0.05,True,https://basalam.com/cat/tools/%D8%AE%D8%A7%DA%A9-%DA%A9%D9%88%D8%AF-%D8%B3%D9%85%D9%88%D9%85?page=168
کود تقویتی مخصوص گل ارکیده ظرافت وزن 50 گرم,,49000,980000.0,0.05,True,https://basalam.com/cat/tools/%D8%AE%D8%A7%DA%A9-%DA%A9%D9%88%D8%AF-%D8%B3%D9%85%D9%88%D9%85?page=168
کود تقویتی مخصوص ساکسی فرآگا ( آژینه ) ظرافت وزن 50 گرم,,49000,980000.0,0.05,True,https://basalam.com/cat/tools/%D8%AE%D8%A7%DA%A9-%DA%A9%D9%88%D8%AF-%D8%B3%D9%85%D9%88%D9%85?page=169
کود تقویتی مخصوص سانسوریا گلد فلیم ظرافت,,47000,391666.6666666667,0.12,True,https://basalam.com/cat/tools/%D8%AE%D8%A7%DA%A9-%DA%A9%D9%88%D8%AF-%D8%B3%D9%85%D9%88%D9%85?page=169
کود تقویتی مخصوص گل کوکب ظرافت,,47000,391666.6666666667,0.12,True,https://basalam.com/cat/tools/%D8%AE%D8%A7%DA%A9-%DA%A9%D9%88%D8%AF-%D8%B3%D9%85%D9%88%D9%85?page=169
کود تقویتی مخصوص چای ترش ظرافت,,47000,391666.6666666667,0.12,True,https://basalam.com/cat/tools/%D8%AE%D8%A7%DA%A9-%DA%A9%D9%88%D8%AF-%D8%B3%D9%85%D9%88%D9%85?page=169
کود مایع فیلودندرون اسکاندیس ظرافت حجم 250 سی سی,,83000,332000.0,0.25,True,https://basalam.com/cat/tools/%D8%AE%D8%A7%DA%A9-%DA%A9%D9%88%D8%AF-%D8%B3%D9%85%D9%88%D9%85?page=169
کود تقویتی مخصوص پتوس طلایی ظرافت وزن 50 گرم,,49000,980000.0,0.05,True,https://basalam.com/cat/tools/%D8%AE%D8%A7%DA%A9-%DA%A9%D9%88%D8%AF-%D8%B3%D9%85%D9%88%D9%85?page=169
کود تقویتی مخصوص برتولونیا ظرافت وزن 50 گرم,,49000,980000.0,0.05,True,https://basalam.com/cat/tools/%D8%AE%D8%A7%DA%A9-%DA%A9%D9%88%D8%AF-%D8%B3%D9%85%D9%88%D9%85?page=169
کود تقویتی مخصوص گل آنتوریوم ظرافت وزن 50 گرم,,49000,980000.0,0.05,True,https://basalam.com/cat/tools/%D8%AE%D8%A7%DA%A9-%DA%A9%D9%88%D8%AF-%D8%B3%D9%85%D9%88%D9%85?page=169
کود تقویتی مخصوص گل شاه پسند ظرافت وزن 50 گرم,,49000,980000.0,0.05,True,https://basalam.com/cat/tools/%D8%AE%D8%A7%DA%A9-%DA%A9%D9%88%D8%AF-%D8%B3%D9%85%D9%88%D9%85?page=169
کود تقویتی مخصوص گل قهر و آشتی ظرافت وزن 50 گرم,,49000,980000.0,0.05,True,https://basalam.com/cat/tools/%D8%AE%D8%A7%DA%A9-%DA%A9%D9%88%D8%AF-%D8%B3%D9%85%D9%88%D9%85?page=169
کود کامل ریحان ظرافت مدل KO24933 وزن 250 گرم,,190000,760000.0,0.25,True,https://basalam.com/cat/tools/%D8%AE%D8%A7%DA%A9-%DA%A9%D9%88%D8%AF-%D8%B3%D9%85%D9%88%D9%85?page=169
کود کامل نخل مرداب ظرافت مدل KO21349 وزن 250 گرم,,185000,740000.0,0.25,True,https://basalam.com/cat/tools/%D8%AE%D8%A7%DA%A9-%DA%A9%D9%88%D8%AF-%D8%B3%D9%85%D9%88%D9%85?page=169
کود تقویتی مخصوص مریم گلی ( سلوی ) ظرافت,,47000,391666.6666666667,0.12,True,https://basalam.com/cat/tools/%D8%AE%D8%A7%DA%A9-%DA%A9%D9%88%D8%AF-%D8%B3%D9%85%D9%88%D9%85?page=169
کود تقویتی مخصوص انواع دراسنا ظرافت وزن 50 گرم,,49000,980000.0,0.05,True,https://basalam.com/cat/tools/%D8%AE%D8%A7%DA%A9-%DA%A9%D9%88%D8%AF-%D8%B3%D9%85%D9%88%D9%85?page=169
کود تقویتی مخصوص گل وربسینا ( پروانه ای ) ظرافت وزن 50 گرم,,49000,980000.0,0.05,True,https://basalam.com/cat/tools/%D8%AE%D8%A7%DA%A9-%DA%A9%D9%88%D8%AF-%D8%B3%D9%85%D9%88%D9%85?page=169
کود تقویتی مخصوص ساکولنت گاستریا ظرافت وزن 50 گرم,,49000,980000.0,0.05,True,https://basalam.com/cat/tools/%D8%AE%D8%A7%DA%A9-%DA%A9%D9%88%D8%AF-%D8%B3%D9%85%D9%88%D9%85?page=169
کود تقویتی مخصوص طالبی ظرافت وزن 50 گرم,,49000,980000.0,0.05,True,https://basalam.com/cat/tools/%D8%AE%D8%A7%DA%A9-%DA%A9%D9%88%D8%AF-%D8%B3%D9%85%D9%88%D9%85?page=169
کود تقویتی مخصوص گل آهار ظرافت,,47000,391666.6666666667,0.12,True,https://basalam.com/cat/tools/%D8%AE%D8%A7%DA%A9-%DA%A9%D9%88%D8%AF-%D8%B3%D9%85%D9%88%D9%85?page=169
کود تقویتی مخصوص گل اکساکوم ظرافت,,47000,391666.6666666667,0.12,True,https://basalam.com/cat/tools/%D8%AE%D8%A7%DA%A9-%DA%A9%D9%88%D8%AF-%D8%B3%D9%85%D9%88%D9%85?page=169
کود تقویتی مخصوص درخت انار ظرافت وزن 50 گرم,,49000,980000.0,0.05,True,https://basalam.com/cat/tools/%D8%AE%D8%A7%DA%A9-%DA%A9%D9%88%D8%AF-%D8%B3%D9%85%D9%88%D9%85?page=169
کود تقویتی مخصوص گیاهان گلدار ظرافت وزن 50 گرم,,49000,980000.0,0.05,True,https://basalam.com/cat/tools/%D8%AE%D8%A7%DA%A9-%DA%A9%D9%88%D8%AF-%D8%B3%D9%85%D9%88%D9%85?page=169
کود تقویتی مخصوص پلومباگو ( یاس آبی  یاس دریایی ) ظرافت وزن 50 گرم,,49000,980000.0,0.05,True,https://basalam.com/cat/tools/%D8%AE%D8%A7%DA%A9-%DA%A9%D9%88%D8%AF-%D8%B3%D9%85%D9%88%D9%85?page=169
کود تقویتی مخصوص گل لادن ظرافت وزن 50 گرم,,49000,980000.0,0.05,True,https://basalam.com/cat/tools/%D8%AE%D8%A7%DA%A9-%DA%A9%D9%88%D8%AF-%D8%B3%D9%85%D9%88%D9%85?page=169
کود تقویتی مخصوص درخت هلو ظرافت وزن 50 گرم,,49000,980000.0,0.05,True,https://basalam.com/cat/tools/%D8%AE%D8%A7%DA%A9-%DA%A9%D9%88%D8%AF-%D8%B3%D9%85%D9%88%D9%85?page=169
کود تقویتی مخصوص برگ چغندر ظرافت وزن 50 گرم,,49000,980000.0,0.05,True,https://basalam.com/cat/tools/%D8%AE%D8%A7%DA%A9-%DA%A9%D9%88%D8%AF-%D8%B3%D9%85%D9%88%D9%85?page=169
کود تقویتی مخصوص گل گندمی ظرافت وزن 50 گرم,,49000,980000.0,0.05,True,https://basalam.com/cat/tools/%D8%AE%D8%A7%DA%A9-%DA%A9%D9%88%D8%AF-%D8%B3%D9%85%D9%88%D9%85?page=169
کود تقویتی مخصوص فیکوس آفریقایی (فیکوس لیراتا) ظرافت,,47000,391666.6666666667,0.12,True,https://basalam.com/cat/tools/%D8%AE%D8%A7%DA%A9-%DA%A9%D9%88%D8%AF-%D8%B3%D9%85%D9%88%D9%85?page=169
کود تقویتی مخصوص ساکولنت گاستریا ظرافت,,47000,391666.6666666667,0.12,True,https://basalam.com/cat/tools/%D8%AE%D8%A7%DA%A9-%DA%A9%D9%88%D8%AF-%D8%B3%D9%85%D9%88%D9%85?page=169
کود تقویتی مخصوص عدس ظرافت وزن 50 گرم,,49000,980000.0,0.05,True,https://basalam.com/cat/tools/%D8%AE%D8%A7%DA%A9-%DA%A9%D9%88%D8%AF-%D8%B3%D9%85%D9%88%D9%85?page=169
کود تقویتی مخصوص جعفری ظرافت وزن 50 گرم,,49000,980000.0,0.05,True,https://basalam.com/cat/tools/%D8%AE%D8%A7%DA%A9-%DA%A9%D9%88%D8%AF-%D8%B3%D9%85%D9%88%D9%85?page=169
کود تقویتی مخصوص کوردلین ظرافت وزن 50 گرم,,49000,980000.0,0.05,True,https://basalam.com/cat/tools/%D8%AE%D8%A7%DA%A9-%DA%A9%D9%88%D8%AF-%D8%B3%D9%85%D9%88%D9%85?page=169
کود تقویتی مخصوص شنبلیله ظرافت,,47000,391666.6666666667,0.12,True,https://basalam.com/cat/tools/%D8%AE%D8%A7%DA%A9-%DA%A9%D9%88%D8%AF-%D8%B3%D9%85%D9%88%D9%85?page=169
کود تقویتی مخصوص برگ چغندر ظرافت,,47000,391666.6666666667,0.12,True,https://basalam.com/cat/tools/%D8%AE%D8%A7%DA%A9-%DA%A9%D9%88%D8%AF-%D8%B3%D9%85%D9%88%D9%85?page=169
کود تقویتی مخصوص پونه ظرافت,,47000,391666.6666666667,0.12,True,https://basalam.com/cat/tools/%D8%AE%D8%A7%DA%A9-%DA%A9%D9%88%D8%AF-%D8%B3%D9%85%D9%88%D9%85?page=169
کود تقویتی مخصوص درخت جاکاراندا ( نورا ) ظرافت وزن 50 گرم,,49000,980000.0,0.05,True,https://basalam.com/cat/tools/%D8%AE%D8%A7%DA%A9-%DA%A9%D9%88%D8%AF-%D8%B3%D9%85%D9%88%D9%85?page=169
کود تقویتی مخصوص درخت نارنج ظرافت وزن 50 گرم,,49000,980000.0,0.05,True,https://basalam.com/cat/tools/%D8%AE%D8%A7%DA%A9-%DA%A9%D9%88%D8%AF-%D8%B3%D9%85%D9%88%D9%85?page=169
کود تقویتی مخصوص سبزی جات ظرافت وزن 50 گرم,,49000,980000.0,0.05,True,https://basalam.com/cat/tools/%D8%AE%D8%A7%DA%A9-%DA%A9%D9%88%D8%AF-%D8%B3%D9%85%D9%88%D9%85?page=169
کود تقویتی مخصوص رادرماشرا ظرافت وزن 50 گرم,,49000,980000.0,0.05,True,https://basalam.com/cat/tools/%D8%AE%D8%A7%DA%A9-%DA%A9%D9%88%D8%AF-%D8%B3%D9%85%D9%88%D9%85?page=169
کود تقویتی مخصوص آرالیا ظرافت وزن 50 گرم,,49000,980000.0,0.05,True,https://basalam.com/cat/tools/%D8%AE%D8%A7%DA%A9-%DA%A9%D9%88%D8%AF-%D8%B3%D9%85%D9%88%D9%85?page=169
کود تقویتی مخصوص کاکتوس ظرافت وزن 50 گرم,,49000,980000.0,0.05,True,https://basalam.com/cat/tools/%D8%AE%D8%A7%DA%A9-%DA%A9%D9%88%D8%AF-%D8%B3%D9%85%D9%88%D9%85?page=169
کود تقویتی مخصوص درخت توت ظرافت وزن 50 گرم,,49000,980000.0,0.05,True,https://basalam.com/cat/tools/%D8%AE%D8%A7%DA%A9-%DA%A9%D9%88%D8%AF-%D8%B3%D9%85%D9%88%D9%85?page=169
کود تقویتی مخصوص گل اوکاریس ظرافت وزن 50 گرم,,49000,980000.0,0.05,True,https://basalam.com/cat/tools/%D8%AE%D8%A7%DA%A9-%DA%A9%D9%88%D8%AF-%D8%B3%D9%85%D9%88%D9%85?page=169
کود تقویتی مخصوص پلکترانتوس ظرافت وزن 50 گرم,,49000,980000.0,0.05,True,https://basalam.com/cat/tools/%D8%AE%D8%A7%DA%A9-%DA%A9%D9%88%D8%AF-%D8%B3%D9%85%D9%88%D9%85?page=169
کود ریحان ظرافت مدل KO24933 وزن 50 گرم,,49000,980000.0,0.05,True,https://basalam.com/cat/tools/%D8%AE%D8%A7%DA%A9-%DA%A9%D9%88%D8%AF-%D8%B3%D9%85%D9%88%D9%85?page=169
کود تقویتی مخصوص گل مارگریت ظرافت وزن 50 گرم,,49000,980000.0,0.05,True,https://basalam.com/cat/tools/%D8%AE%D8%A7%DA%A9-%DA%A9%D9%88%D8%AF-%D8%B3%D9%85%D9%88%D9%85?page=169
کود تقویتی مخصوص درخت بادام ظرافت وزن 50 گرم,,49000,980000.0,0.05,True,https://basalam.com/cat/tools/%D8%AE%D8%A7%DA%A9-%DA%A9%D9%88%D8%AF-%D8%B3%D9%85%D9%88%D9%85?page=169
کود تقویتی مخصوص گل انیسون ( بادیان رومی ) ظرافت وزن 50 گرم,,49000,980000.0,0.05,True,https://basalam.com/cat/tools/%D8%AE%D8%A7%DA%A9-%DA%A9%D9%88%D8%AF-%D8%B3%D9%85%D9%88%D9%85?page=169
کود تقویتی مخصوص بابونه ظرافت وزن 50 گرم,,49000,980000.0,0.05,True,https://basalam.com/cat/tools/%D8%AE%D8%A7%DA%A9-%DA%A9%D9%88%D8%AF-%D8%B3%D9%85%D9%88%D9%85?page=169
کود تقویتی مخصوص سیاه دانه ظرافت وزن 50 گرم,,49000,980000.0,0.05,True,https://basalam.com/cat/tools/%D8%AE%D8%A7%DA%A9-%DA%A9%D9%88%D8%AF-%D8%B3%D9%85%D9%88%D9%85?page=170
کود مایع فیلودندرون الگانس ظرافت حجم 250 میلی متر مدل KO19180,,85000,340000.0,0.25,True,https://basalam.com/cat/tools/%D8%AE%D8%A7%DA%A9-%DA%A9%D9%88%D8%AF-%D8%B3%D9%85%D9%88%D9%85?page=170
کود تقویتی مخصوص افوربیا لاکتی ( شاخ گوزنی ) ظرافت وزن 50 گرم,,49000,980000.0,0.05,True,https://basalam.com/cat/tools/%D8%AE%D8%A7%DA%A9-%DA%A9%D9%88%D8%AF-%D8%B3%D9%85%D9%88%D9%85?page=170
کود تقویتی مخصوص درخت پالم ظرافت,,47000,391666.6666666667,0.12,True,https://basalam.com/cat/tools/%D8%AE%D8%A7%DA%A9-%DA%A9%D9%88%D8%AF-%D8%B3%D9%85%D9%88%D9%85?page=170
کود تقویتی مخصوص آزالیا ظرافت,,47000,391666.6666666667,0.12,True,https://basalam.com/cat/tools/%D8%AE%D8%A7%DA%A9-%DA%A9%D9%88%D8%AF-%D8%B3%D9%85%D9%88%D9%85?page=170
کود تقویتی مخصوص گل شب بو ظرافت,,47000,391666.6666666667,0.12,True,https://basalam.com/cat/tools/%D8%AE%D8%A7%DA%A9-%DA%A9%D9%88%D8%AF-%D8%B3%D9%85%D9%88%D9%85?page=170
کود سورفکتانت غیر یونی هیگرو وت Higro Wett,,130000,520000.0,0.25,True,https://basalam.com/cat/tools/%D8%AE%D8%A7%DA%A9-%DA%A9%D9%88%D8%AF-%D8%B3%D9%85%D9%88%D9%85?page=170
کود تقویتی مخصوص نخل اریکا ( نخل پروانه ) ظرافت,,47000,391666.6666666667,0.12,True,https://basalam.com/cat/tools/%D8%AE%D8%A7%DA%A9-%DA%A9%D9%88%D8%AF-%D8%B3%D9%85%D9%88%D9%85?page=170
کود تقویتی مخصوص کالاتیا ( کالاته آ ) ظرافت وزن 50 گرم,,49000,980000.0,0.05,True,https://basalam.com/cat/tools/%D8%AE%D8%A7%DA%A9-%DA%A9%D9%88%D8%AF-%D8%B3%D9%85%D9%88%D9%85?page=170
کود تقویتی مخصوص گل بگونیا رکس ( برگی ) ظرافت وزن 50 گرم,,49000,980000.0,0.05,True,https://basalam.com/cat/tools/%D8%AE%D8%A7%DA%A9-%DA%A9%D9%88%D8%AF-%D8%B3%D9%85%D9%88%D9%85?page=170
کود تقویتی مخصوص پتوس حصیری ظرافت,,47000,391666.6666666667,0.12,True,https://basalam.com/cat/tools/%D8%AE%D8%A7%DA%A9-%DA%A9%D9%88%D8%AF-%D8%B3%D9%85%D9%88%D9%85?page=170
کود تقویتی مخصوص بنجامین ظرافت,,47000,391666.6666666667,0.12,True,https://basalam.com/cat/tools/%D8%AE%D8%A7%DA%A9-%DA%A9%D9%88%D8%AF-%D8%B3%D9%85%D9%88%D9%85?page=170
کود تقویتی مخصوص درخت انگور ( مو ) ظرافت وزن 50 گرم,,49000,980000.0,0.05,True,https://basalam.com/cat/tools/%D8%AE%D8%A7%DA%A9-%DA%A9%D9%88%D8%AF-%D8%B3%D9%85%D9%88%D9%85?page=170
کود تقویتی مخصوص فلفل ظرافت وزن 50 گرم,,49000,980000.0,0.05,True,https://basalam.com/cat/tools/%D8%AE%D8%A7%DA%A9-%DA%A9%D9%88%D8%AF-%D8%B3%D9%85%D9%88%D9%85?page=170
کود تقویتی مخصوص درخت ازگیل ظرافت,,47000,391666.6666666667,0.12,True,https://basalam.com/cat/tools/%D8%AE%D8%A7%DA%A9-%DA%A9%D9%88%D8%AF-%D8%B3%D9%85%D9%88%D9%85?page=170
کود تقویتی مخصوص پتوس مانجولا ( منجولا ) ظرافت وزن 50 گرم,,49000,980000.0,0.05,True,https://basalam.com/cat/tools/%D8%AE%D8%A7%DA%A9-%DA%A9%D9%88%D8%AF-%D8%B3%D9%85%D9%88%D9%85?page=170
کود تقویتی مخصوص اسطوخودوس ظرافت وزن 50 گرم,,49000,980000.0,0.05,True,https://basalam.com/cat/tools/%D8%AE%D8%A7%DA%A9-%DA%A9%D9%88%D8%AF-%D8%B3%D9%85%D9%88%D9%85?page=170
کود سیکاس ظرافت مدل KO21340 وزن 100 گرم,,85000,850000.0,0.1,True,https://basalam.com/cat/tools/%D8%AE%D8%A7%DA%A9-%DA%A9%D9%88%D8%AF-%D8%B3%D9%85%D9%88%D9%85?page=170
کود تقویتی مخصوص درخت انگور ( مو ) ظرافت,,47000,391666.6666666667,0.12,True,https://basalam.com/cat/tools/%D8%AE%D8%A7%DA%A9-%DA%A9%D9%88%D8%AF-%D8%B3%D9%85%D9%88%D9%85?page=170
کود تقویتی مخصوص گل کاملیا ظرافت,,47000,391666.6666666667,0.12,True,https://basalam.com/cat/tools/%D8%AE%D8%A7%DA%A9-%DA%A9%D9%88%D8%AF-%D8%B3%D9%85%D9%88%D9%85?page=170
کود تقویتی مخصوص خیار ظرافت,,47000,391666.6666666667,0.12,True,https://basalam.com/cat/tools/%D8%AE%D8%A7%DA%A9-%DA%A9%D9%88%D8%AF-%D8%B3%D9%85%D9%88%D9%85?page=170
کود بیوسکوانشیال 2 به همراه جلبک دریایی امکس حجم یک لیتر,,1800000,1055099.648300117,1.706,True,https://basalam.com/cat/tools/%D8%AE%D8%A7%DA%A9-%DA%A9%D9%88%D8%AF-%D8%B3%D9%85%D9%88%D9%85?page=170
کود کامل ماکرو میکس گلد فیوچرکو اسپانیا حجم یک لیتر,,700000,503597.1223021583,1.39,True,https://basalam.com/cat/tools/%D8%AE%D8%A7%DA%A9-%DA%A9%D9%88%D8%AF-%D8%B3%D9%85%D9%88%D9%85?page=170
کود آلی گرانول 7-3-5 جنوبگان مناسب کشت پایه چالکود حجم یک کیلوگرم,,26000,26000.0,1.0,True,https://basalam.com/cat/tools/%D8%AE%D8%A7%DA%A9-%DA%A9%D9%88%D8%AF-%D8%B3%D9%85%D9%88%D9%85?page=170
هورمون اکسین جهت ریشه دار کردن قلمه های خشبی و بذرمال,,130000,26000000.0,0.005,True,https://basalam.com/cat/tools/%D8%AE%D8%A7%DA%A9-%DA%A9%D9%88%D8%AF-%D8%B3%D9%85%D9%88%D9%85?page=170
کود آهن (کلات آهن 6٪) 50 گرمی گرین ورلد,,40000,800000.0,0.05,True,https://basalam.com/cat/tools/%D8%AE%D8%A7%DA%A9-%DA%A9%D9%88%D8%AF-%D8%B3%D9%85%D9%88%D9%85?page=170
کود ارگانیک جادو,,100000,100000.0,1.0,True,https://basalam.com/cat/tools/%D8%AE%D8%A7%DA%A9-%DA%A9%D9%88%D8%AF-%D8%B3%D9%85%D9%88%D9%85?page=170
کود آمینو اسید ایزابیون مدل خانگی حجم 100 میلی لیتر,,278000,2780000.0,0.1,True,https://basalam.com/cat/tools/%D8%AE%D8%A7%DA%A9-%DA%A9%D9%88%D8%AF-%D8%B3%D9%85%D9%88%D9%85?page=170
کود کامل NPK گرانول (30-5-10) مدل خانگی وزن 100 گرم,,85000,850000.0,0.1,True,https://basalam.com/cat/tools/%D8%AE%D8%A7%DA%A9-%DA%A9%D9%88%D8%AF-%D8%B3%D9%85%D9%88%D9%85?page=170
پس کرایه.کود مایع بامبو,,70000,560000.0,0.125,True,https://basalam.com/cat/tools/%D8%AE%D8%A7%DA%A9-%DA%A9%D9%88%D8%AF-%D8%B3%D9%85%D9%88%D9%85?page=170
کود ارکیده مایع پروتکت پلنت 125 میلی لیتر,,130000,1040000.0,0.125,True,https://basalam.com/cat/tools/%D8%AE%D8%A7%DA%A9-%DA%A9%D9%88%D8%AF-%D8%B3%D9%85%D9%88%D9%85?page=170
کود دیسپر کلروفیل جی اس پودر دیسپر 100 گرم,,1500000,15000000.0,0.1,True,https://basalam.com/cat/tools/%D8%AE%D8%A7%DA%A9-%DA%A9%D9%88%D8%AF-%D8%B3%D9%85%D9%88%D9%85?page=170
کود کوالی فرت NPK ترکیه 202020,,3150000,210000.0,15.0,True,https://basalam.com/cat/tools/%D8%AE%D8%A7%DA%A9-%DA%A9%D9%88%D8%AF-%D8%B3%D9%85%D9%88%D9%85?page=170
کود ریشه زا بار افشان,,530000,530000.0,1.0,True,https://basalam.com/cat/tools/%D8%AE%D8%A7%DA%A9-%DA%A9%D9%88%D8%AF-%D8%B3%D9%85%D9%88%D9%85?page=170
کود مایع کا 52 سوپرمکس,,456500,456500.0,1.0,True,https://basalam.com/cat/tools/%D8%AE%D8%A7%DA%A9-%DA%A9%D9%88%D8%AF-%D8%B3%D9%85%D9%88%D9%85?page=170
پک پاجوش دهی و تقویت شامل مکمل کیسه ای و کود پودری 700 گرمی ماسل ورم (پس کرایه),,540000,675000.0,0.8,True,https://basalam.com/cat/tools/%D8%AE%D8%A7%DA%A9-%DA%A9%D9%88%D8%AF-%D8%B3%D9%85%D9%88%D9%85?page=171
کود مایع کال بور زاگرس (پس کرایه),,275000,275000.0,1.0,True,https://basalam.com/cat/tools/%D8%AE%D8%A7%DA%A9-%DA%A9%D9%88%D8%AF-%D8%B3%D9%85%D9%88%D9%85?page=171
کود 10 - 50 - 10 پرستیژ (پس کرایه),,3900000,390000.0,10.0,True,https://basalam.com/cat/tools/%D8%AE%D8%A7%DA%A9-%DA%A9%D9%88%D8%AF-%D8%B3%D9%85%D9%88%D9%85?page=171
کود آهن کلات میکرو گرانول سکسترن 138,,1200000,1200000.0,1.0,True,https://basalam.com/cat/tools/%D8%AE%D8%A7%DA%A9-%DA%A9%D9%88%D8%AF-%D8%B3%D9%85%D9%88%D9%85?page=171
کود مرغی شوک بیست لیتری آمریکایی اصل(مایع مرغی),,2000000,100000.0,20.0,True,https://basalam.com/cat/tools/%D8%AE%D8%A7%DA%A9-%DA%A9%D9%88%D8%AF-%D8%B3%D9%85%D9%88%D9%85?page=171
کود کامل گل افزا فرتینوکس NPK 5-5-40 بنیز 50 گرمی,,350000,7000000.0,0.05,True,https://basalam.com/cat/tools/%D8%AE%D8%A7%DA%A9-%DA%A9%D9%88%D8%AF-%D8%B3%D9%85%D9%88%D9%85?page=171
کود جلبک دریایی پودری بنیز 50 گرمی,,65000,1300000.0,0.05,True,https://basalam.com/cat/tools/%D8%AE%D8%A7%DA%A9-%DA%A9%D9%88%D8%AF-%D8%B3%D9%85%D9%88%D9%85?page=171
کود 10x شوک آمریکایی Orginal یک لیتری (پس کرایه),,300000,300000.0,1.0,True,https://basalam.com/cat/tools/%D8%AE%D8%A7%DA%A9-%DA%A9%D9%88%D8%AF-%D8%B3%D9%85%D9%88%D9%85?page=171
هویا فیتجی - 2 بوته و قیم دار,,145000,580000.0,0.25,True,https://basalam.com/cat/tools/%D8%AE%D8%A7%DA%A9-%DA%A9%D9%88%D8%AF-%D8%B3%D9%85%D9%88%D9%85?page=171
کود نانو کود کلات آهن 14.5 درصد میکرولایز,,690000,690000.0,1.0,True,https://basalam.com/cat/tools/%D8%AE%D8%A7%DA%A9-%DA%A9%D9%88%D8%AF-%D8%B3%D9%85%D9%88%D9%85?page=171
کود تقویتی مخصوص گوجه فرنگی ظرافت وزن 50 گرم,,49000,980000.0,0.05,True,https://basalam.com/cat/tools/%D8%AE%D8%A7%DA%A9-%DA%A9%D9%88%D8%AF-%D8%B3%D9%85%D9%88%D9%85?page=171
کود پتاس بالا 121236 مقدار 30 گرم ارسال بصورت پس کرایه,,35000,1166666.6666666667,0.03,True,https://basalam.com/cat/tools/%D8%AE%D8%A7%DA%A9-%DA%A9%D9%88%D8%AF-%D8%B3%D9%85%D9%88%D9%85?page=171
کود 20 20 20 پارادیس,,1199900,119990.0,10.0,True,https://basalam.com/cat/tools/%D8%AE%D8%A7%DA%A9-%DA%A9%D9%88%D8%AF-%D8%B3%D9%85%D9%88%D9%85?page=171
کود اوره فسفات 0 44 17 یوروسالیدز هلندی (پس کرایه),,6997000,279880.0,25.0,True,https://basalam.com/cat/tools/%D8%AE%D8%A7%DA%A9-%DA%A9%D9%88%D8%AF-%D8%B3%D9%85%D9%88%D9%85?page=171
کود 20 20 20 مایع شوک آمریکایی اصل,,4797000,239850.0,20.0,True,https://basalam.com/cat/tools/%D8%AE%D8%A7%DA%A9-%DA%A9%D9%88%D8%AF-%D8%B3%D9%85%D9%88%D9%85?page=171
اسید هیومیک پتاسیم و فولویک دار,,697000,697000.0,1.0,True,https://basalam.com/cat/tools/%D8%AE%D8%A7%DA%A9-%DA%A9%D9%88%D8%AF-%D8%B3%D9%85%D9%88%D9%85?page=171
کود پتاسیم مایع برند اکولوژیک تاریم ترکیه (پس کرایه),,600000,600000.0,1.0,True,https://basalam.com/cat/tools/%D8%AE%D8%A7%DA%A9-%DA%A9%D9%88%D8%AF-%D8%B3%D9%85%D9%88%D9%85?page=171
کود اسید هیومیک ارگوتاندر لایف برند اکولوژیک تاریم ترکیه (پس کرایه),,595000,595000.0,1.0,True,https://basalam.com/cat/tools/%D8%AE%D8%A7%DA%A9-%DA%A9%D9%88%D8%AF-%D8%B3%D9%85%D9%88%D9%85?page=171
کود جلبک دریایی 60 سی سی بمب انرژی2 رویشی مخصوص انواع گل های آپارتمانی,,66000,868421.052631579,0.076,True,https://basalam.com/cat/tools/%D8%AE%D8%A7%DA%A9-%DA%A9%D9%88%D8%AF-%D8%B3%D9%85%D9%88%D9%85?page=171
کود مایع 250 سی سی گرینی مکس 2 مخصوص گلهای آپارتمانی .گلهای گلدار,,95000,316666.6666666667,0.3,True,https://basalam.com/cat/tools/%D8%AE%D8%A7%DA%A9-%DA%A9%D9%88%D8%AF-%D8%B3%D9%85%D9%88%D9%85?page=171
کود فله ای105210 npk. زیگلر آلمان. فله ای,,499000,499000.0,1.0,True,https://basalam.com/cat/tools/%D8%AE%D8%A7%DA%A9-%DA%A9%D9%88%D8%AF-%D8%B3%D9%85%D9%88%D9%85?page=171
کود فله ای 20-20-20-زیگلر آلمان. فله,,93000,930000.0,0.1,True,https://basalam.com/cat/tools/%D8%AE%D8%A7%DA%A9-%DA%A9%D9%88%D8%AF-%D8%B3%D9%85%D9%88%D9%85?page=171
کود کلسیم کلسان یک لیتری,,340000,226666.66666666663,1.5,True,https://basalam.com/cat/tools/%D8%AE%D8%A7%DA%A9-%DA%A9%D9%88%D8%AF-%D8%B3%D9%85%D9%88%D9%85?page=172
کود فله ای نیترات کلسیم pnp آلمان,,50000,500000.0,0.1,True,https://basalam.com/cat/tools/%D8%AE%D8%A7%DA%A9-%DA%A9%D9%88%D8%AF-%D8%B3%D9%85%D9%88%D9%85?page=172
کود بیورادیکانت یک لیتری . فیوچر اسپانیا. بسیار عالی و موثر جهت ریشه زایی گیاهان و درختان و محرک قوی رشد,,1798000,1798000.0,1.0,True,https://basalam.com/cat/tools/%D8%AE%D8%A7%DA%A9-%DA%A9%D9%88%D8%AF-%D8%B3%D9%85%D9%88%D9%85?page=172
جعبه کود کامل npks بمب انرژی رویش مختص گلهای زینتی و آپارتمانی بسیار غنی (12عددی 120سی سی ).,,623000,311500.0,2.0,True,https://basalam.com/cat/tools/%D8%AE%D8%A7%DA%A9-%DA%A9%D9%88%D8%AF-%D8%B3%D9%85%D9%88%D9%85?page=172
کود فله ای 105210 npk.,,50000,1000000.0,0.05,True,https://basalam.com/cat/tools/%D8%AE%D8%A7%DA%A9-%DA%A9%D9%88%D8%AF-%D8%B3%D9%85%D9%88%D9%85?page=172
کود سولفات پتاسیوم گرواستار,,44000,880000.0,0.05,True,https://basalam.com/cat/tools/%D8%AE%D8%A7%DA%A9-%DA%A9%D9%88%D8%AF-%D8%B3%D9%85%D9%88%D9%85?page=172
مولتی کود اختصاصی گل گندمی غنی شده با هیومیک اسید بسته دو عددی,,194400,810000.0,0.24,True,https://basalam.com/cat/tools/%D8%AE%D8%A7%DA%A9-%DA%A9%D9%88%D8%AF-%D8%B3%D9%85%D9%88%D9%85?page=172
مولتی کود اختصاصی نخل ماداگاسکار بسته دو عددی,,194400,810000.0,0.24,True,https://basalam.com/cat/tools/%D8%AE%D8%A7%DA%A9-%DA%A9%D9%88%D8%AF-%D8%B3%D9%85%D9%88%D9%85?page=172
کود مایع NPK 12-12-36 بسته سه عددی,,211500,587500.0,0.36,True,https://basalam.com/cat/tools/%D8%AE%D8%A7%DA%A9-%DA%A9%D9%88%D8%AF-%D8%B3%D9%85%D9%88%D9%85?page=172
کود مایع NPK12-12-36 بسته دو عددی,,194400,810000.0,0.24,True,https://basalam.com/cat/tools/%D8%AE%D8%A7%DA%A9-%DA%A9%D9%88%D8%AF-%D8%B3%D9%85%D9%88%D9%85?page=172
کود کامل و اختصاصی آگلونما بسته سه عددی,,211500,587500.0,0.36,True,https://basalam.com/cat/tools/%D8%AE%D8%A7%DA%A9-%DA%A9%D9%88%D8%AF-%D8%B3%D9%85%D9%88%D9%85?page=172
کود کامل و اختصاصی یوکا بسته سه عددی,,211500,587500.0,0.36,True,https://basalam.com/cat/tools/%D8%AE%D8%A7%DA%A9-%DA%A9%D9%88%D8%AF-%D8%B3%D9%85%D9%88%D9%85?page=172
کود کامل و اختصاصی پاپیتال عشقه بسته سه عددی,,211500,587500.0,0.36,True,https://basalam.com/cat/tools/%D8%AE%D8%A7%DA%A9-%DA%A9%D9%88%D8%AF-%D8%B3%D9%85%D9%88%D9%85?page=172
کود کامل و اختصاصی بنجامین بسته سه عددی,,211500,587500.0,0.36,True,https://basalam.com/cat/tools/%D8%AE%D8%A7%DA%A9-%DA%A9%D9%88%D8%AF-%D8%B3%D9%85%D9%88%D9%85?page=172
کود کامل هورمون ضد سرمازدگی بسته سه عددی,,211500,587500.0,0.36,True,https://basalam.com/cat/tools/%D8%AE%D8%A7%DA%A9-%DA%A9%D9%88%D8%AF-%D8%B3%D9%85%D9%88%D9%85?page=172
مولتی کود کامل گیاهان خانگی بسته سه عددی,,211500,587500.0,0.36,True,https://basalam.com/cat/tools/%D8%AE%D8%A7%DA%A9-%DA%A9%D9%88%D8%AF-%D8%B3%D9%85%D9%88%D9%85?page=172
کود ان پی کا و آهن بسته سه عددی,,211500,587500.0,0.36,True,https://basalam.com/cat/tools/%D8%AE%D8%A7%DA%A9-%DA%A9%D9%88%D8%AF-%D8%B3%D9%85%D9%88%D9%85?page=172
مولتی کود پتوس 8عنصری بسته دو عددی,,194400,972000.0,0.2,True,https://basalam.com/cat/tools/%D8%AE%D8%A7%DA%A9-%DA%A9%D9%88%D8%AF-%D8%B3%D9%85%D9%88%D9%85?page=172
مولتی کود زاموفیلیا 8 عنصری بسته دو عددی,,194400,972000.0,0.2,True,https://basalam.com/cat/tools/%D8%AE%D8%A7%DA%A9-%DA%A9%D9%88%D8%AF-%D8%B3%D9%85%D9%88%D9%85?page=172
مولتی کود اختصاصی سانسوریا 8 عنصری بسته دو عددی,,194400,972000.0,0.2,True,https://basalam.com/cat/tools/%D8%AE%D8%A7%DA%A9-%DA%A9%D9%88%D8%AF-%D8%B3%D9%85%D9%88%D9%85?page=172
مولتی کود اختصاصی گلدهی گیاهان خانگی 8 عنصری بسته دو عددی,,194400,972000.0,0.2,True,https://basalam.com/cat/tools/%D8%AE%D8%A7%DA%A9-%DA%A9%D9%88%D8%AF-%D8%B3%D9%85%D9%88%D9%85?page=172
مولتی کود اسید آمینه بسته دو عددی,,194400,810000.0,0.24,True,https://basalam.com/cat/tools/%D8%AE%D8%A7%DA%A9-%DA%A9%D9%88%D8%AF-%D8%B3%D9%85%D9%88%D9%85?page=172
کود مایع ان پی کا غنی شده با آهن بسته دو عددی,,194400,810000.0,0.24,True,https://basalam.com/cat/tools/%D8%AE%D8%A7%DA%A9-%DA%A9%D9%88%D8%AF-%D8%B3%D9%85%D9%88%D9%85?page=172
مولتی کود اختصاصی و کامل گیاهان آپارتمانی بسته دو عددی,,194400,810000.0,0.24,True,https://basalam.com/cat/tools/%D8%AE%D8%A7%DA%A9-%DA%A9%D9%88%D8%AF-%D8%B3%D9%85%D9%88%D9%85?page=172
مولتی کود اختصاصی آدنیوم بسته دو عددی,,194400,810000.0,0.24,True,https://basalam.com/cat/tools/%D8%AE%D8%A7%DA%A9-%DA%A9%D9%88%D8%AF-%D8%B3%D9%85%D9%88%D9%85?page=172
مولتی کود اختصاصی شامادورا بسته دو عددی,,194400,810000.0,0.24,True,https://basalam.com/cat/tools/%D8%AE%D8%A7%DA%A9-%DA%A9%D9%88%D8%AF-%D8%B3%D9%85%D9%88%D9%85?page=172
کود مایع اختصاصی نخل ماداگاسکار مدل Danesh Sabz حجم 120 میلی لیتری بسته 8 تایی,,302600,315208.3333333334,0.96,True,https://basalam.com/cat/tools/%D8%AE%D8%A7%DA%A9-%DA%A9%D9%88%D8%AF-%D8%B3%D9%85%D9%88%D9%85?page=172
مجموعه کودی برگ عبایی وNPK و هیومیک و کود آهن مدل Danesh PK حجم 120 بسته 4تایی,,228700,476458.3333333334,0.48,True,https://basalam.com/cat/tools/%D8%AE%D8%A7%DA%A9-%DA%A9%D9%88%D8%AF-%D8%B3%D9%85%D9%88%D9%85?page=172
مجموعه کودی چتری شفلرا وNPK و هیومیک و کود آهن مدل Danesh PK حجم 120 بسته 4تایی,,228700,476458.3333333334,0.48,True,https://basalam.com/cat/tools/%D8%AE%D8%A7%DA%A9-%DA%A9%D9%88%D8%AF-%D8%B3%D9%85%D9%88%D9%85?page=172
مجموعه کودی دراسنا وNPK و هیومیک و کود آهن مدل Danesh PK حجم 120 بسته 4تایی,,228700,476458.3333333334,0.48,True,https://basalam.com/cat/tools/%D8%AE%D8%A7%DA%A9-%DA%A9%D9%88%D8%AF-%D8%B3%D9%85%D9%88%D9%85?page=172
کود مایع و محرک رشد پتوس مدل Mpower حجم 120 میلی لیتر بسته 4 عددی,,228700,476458.3333333334,0.48,True,https://basalam.com/cat/tools/%D8%AE%D8%A7%DA%A9-%DA%A9%D9%88%D8%AF-%D8%B3%D9%85%D9%88%D9%85?page=172
پک ویژه کود مایع مخصوص زاموفیلیا شامل دو ظرف 120 میلی لیتری,,194400,648000.0,0.3,True,https://basalam.com/cat/tools/%D8%AE%D8%A7%DA%A9-%DA%A9%D9%88%D8%AF-%D8%B3%D9%85%D9%88%D9%85?page=172
مولتی کود درخت لیمو بسته دو عددی,,194400,810000.0,0.24,True,https://basalam.com/cat/tools/%D8%AE%D8%A7%DA%A9-%DA%A9%D9%88%D8%AF-%D8%B3%D9%85%D9%88%D9%85?page=172
کود مایع مخصوص گلدهی گیاهان خانگی بسته سه عددی حجم هر ظرف 100 میلی لیتر,,211500,470000.0,0.45,True,https://basalam.com/cat/tools/%D8%AE%D8%A7%DA%A9-%DA%A9%D9%88%D8%AF-%D8%B3%D9%85%D9%88%D9%85?page=172
کود آمینو اسید 80 درصد شوک آمریکایی یک لیتری,,420000,420000.0,1.0,True,https://basalam.com/cat/tools/%D8%AE%D8%A7%DA%A9-%DA%A9%D9%88%D8%AF-%D8%B3%D9%85%D9%88%D9%85?page=172
کود بیونوکمبی4/6/4,,612000,612000.0,1.0,True,https://basalam.com/cat/tools/%D8%AE%D8%A7%DA%A9-%DA%A9%D9%88%D8%AF-%D8%B3%D9%85%D9%88%D9%85?page=172
کود تری دکامیک شاور,,702000,702000.0,1.0,True,https://basalam.com/cat/tools/%D8%AE%D8%A7%DA%A9-%DA%A9%D9%88%D8%AF-%D8%B3%D9%85%D9%88%D9%85?page=173
کود دکامیک شاور,,650000,650000.0,1.0,True,https://basalam.com/cat/tools/%D8%AE%D8%A7%DA%A9-%DA%A9%D9%88%D8%AF-%D8%B3%D9%85%D9%88%D9%85?page=173
کود مایع کلسیم CALCIO محصول کره جنوبی,,745000,745000.0,1.0,True,https://basalam.com/cat/tools/%D8%AE%D8%A7%DA%A9-%DA%A9%D9%88%D8%AF-%D8%B3%D9%85%D9%88%D9%85?page=173
کود جلبک دریایی پرولکس,,350000,350000.0,1.0,True,https://basalam.com/cat/tools/%D8%AE%D8%A7%DA%A9-%DA%A9%D9%88%D8%AF-%D8%B3%D9%85%D9%88%D9%85?page=173
کود افزایش سبزینگی و تقویت عمومی آهن 10 درصد گیلدا کد Fe10 وزن 25 گرم,,90000,3600000.0,0.025,True,https://basalam.com/cat/tools/%D8%AE%D8%A7%DA%A9-%DA%A9%D9%88%D8%AF-%D8%B3%D9%85%D9%88%D9%85?page=173
کود آمینو اسید گیلدا وزن 15 گرم,,90000,6000000.0,0.015,True,https://basalam.com/cat/tools/%D8%AE%D8%A7%DA%A9-%DA%A9%D9%88%D8%AF-%D8%B3%D9%85%D9%88%D9%85?page=173
کود کامل 20ـ20ـNPK 20,,85000,1416666.6666666667,0.06,True,https://basalam.com/cat/tools/%D8%AE%D8%A7%DA%A9-%DA%A9%D9%88%D8%AF-%D8%B3%D9%85%D9%88%D9%85?page=173
کود مایع جلبک دریایی 125 سی سی پروتکت نیچر,,134000,1030769.2307692308,0.13,True,https://basalam.com/cat/tools/%D8%AE%D8%A7%DA%A9-%DA%A9%D9%88%D8%AF-%D8%B3%D9%85%D9%88%D9%85?page=173
کود سکوئنشیال 1 امکس,,1455000,1455000.0,1.0,True,https://basalam.com/cat/tools/%D8%AE%D8%A7%DA%A9-%DA%A9%D9%88%D8%AF-%D8%B3%D9%85%D9%88%D9%85?page=173
کود جلبک دریایی 250 سی سی ویتا ایکس گرین,,154000,513333.3333333334,0.3,True,https://basalam.com/cat/tools/%D8%AE%D8%A7%DA%A9-%DA%A9%D9%88%D8%AF-%D8%B3%D9%85%D9%88%D9%85?page=173
کود 20 20 20 اسپانیایی,,6250000,250000.0,25.0,True,https://basalam.com/cat/tools/%D8%AE%D8%A7%DA%A9-%DA%A9%D9%88%D8%AF-%D8%B3%D9%85%D9%88%D9%85?page=173
کود و تقویتی کامل نهال و گل(پک 3 تایی),,1000000,8333333.333333334,0.12,True,https://basalam.com/cat/tools/%D8%AE%D8%A7%DA%A9-%DA%A9%D9%88%D8%AF-%D8%B3%D9%85%D9%88%D9%85?page=173
کود گلدهی 12.12.36 کیمیا,,50000,833333.3333333334,0.06,True,https://basalam.com/cat/tools/%D8%AE%D8%A7%DA%A9-%DA%A9%D9%88%D8%AF-%D8%B3%D9%85%D9%88%D9%85?page=173
ریشه چوبک با کیفیت عالی بار امسالی و تازه(100گرمی ),,79000,790000.0,0.1,True,https://basalam.com/cat/tools/%D8%AE%D8%A7%DA%A9-%DA%A9%D9%88%D8%AF-%D8%B3%D9%85%D9%88%D9%85?page=173
ریشه شیرین بیان (بدون پوست) با کیفیت عالی بار امسالی و تازه,,67300,673000.0,0.1,True,https://basalam.com/cat/tools/%D8%AE%D8%A7%DA%A9-%DA%A9%D9%88%D8%AF-%D8%B3%D9%85%D9%88%D9%85?page=173
گیاه مورد با کیفیت عالی بار امسالی و تازه(500گرمی ),,177000,354000.0,0.5,True,https://basalam.com/cat/tools/%D8%AE%D8%A7%DA%A9-%DA%A9%D9%88%D8%AF-%D8%B3%D9%85%D9%88%D9%85?page=173
کود آمینو اسید تیسلا,,39500,1975000.0,0.02,True,https://basalam.com/cat/tools/%D8%AE%D8%A7%DA%A9-%DA%A9%D9%88%D8%AF-%D8%B3%D9%85%D9%88%D9%85?page=173
کود مایع دابل (کود آلی کامل) زعیم,,1190000,238000.0,5.0,True,https://basalam.com/cat/tools/%D8%AE%D8%A7%DA%A9-%DA%A9%D9%88%D8%AF-%D8%B3%D9%85%D9%88%D9%85?page=173
کود جلبگ دریایی گیلدا,,55000,2200000.0,0.025,True,https://basalam.com/cat/tools/%D8%AE%D8%A7%DA%A9-%DA%A9%D9%88%D8%AF-%D8%B3%D9%85%D9%88%D9%85?page=173
کود گرانوله نیترو فسفر,,45000,450000.0,0.1,True,https://basalam.com/cat/tools/%D8%AE%D8%A7%DA%A9-%DA%A9%D9%88%D8%AF-%D8%B3%D9%85%D9%88%D9%85?page=173
کود میلوروم یا کود کرم 100گرم برای ریشه زایی و سرسبز شدن گل و گیاهان آپارتمانی,,25000,250000.0,0.1,True,https://basalam.com/cat/tools/%D8%AE%D8%A7%DA%A9-%DA%A9%D9%88%D8%AF-%D8%B3%D9%85%D9%88%D9%85?page=173
کود ریشه زای بیورادیکانت اسپانیا (پس کرایه),,100000,1000000.0,0.1,True,https://basalam.com/cat/tools/%D8%AE%D8%A7%DA%A9-%DA%A9%D9%88%D8%AF-%D8%B3%D9%85%D9%88%D9%85?page=173
کود هیومیک اسید در بسته بندی (20گرمی)مناسب هر گیاهی,,20000,1000000.0,0.02,True,https://basalam.com/cat/tools/%D8%AE%D8%A7%DA%A9-%DA%A9%D9%88%D8%AF-%D8%B3%D9%85%D9%88%D9%85?page=173
کود اوره سفید (100گرمی),,13000,130000.0,0.1,True,https://basalam.com/cat/tools/%D8%AE%D8%A7%DA%A9-%DA%A9%D9%88%D8%AF-%D8%B3%D9%85%D9%88%D9%85?page=173
کود تقویتی مخصوص درخت انبه ظرافت وزن 50 گرم,,49000,980000.0,0.05,True,https://basalam.com/cat/tools/%D8%AE%D8%A7%DA%A9-%DA%A9%D9%88%D8%AF-%D8%B3%D9%85%D9%88%D9%85?page=173
کود فسفر بالا شوک(پلاس) اصل نانو اورجینال,,650000,650000.0,1.0,True,https://basalam.com/cat/tools/%D8%AE%D8%A7%DA%A9-%DA%A9%D9%88%D8%AF-%D8%B3%D9%85%D9%88%D9%85?page=174
کود امینو اسید 99 درصد شوک(پلاس) نانو,,1800000,360000.0,5.0,True,https://basalam.com/cat/tools/%D8%AE%D8%A7%DA%A9-%DA%A9%D9%88%D8%AF-%D8%B3%D9%85%D9%88%D9%85?page=174
کود مخصوص گلدهی 36-12-12 شوک(پلاس) نانو وارداتی,,400000,400000.0,1.0,True,https://basalam.com/cat/tools/%D8%AE%D8%A7%DA%A9-%DA%A9%D9%88%D8%AF-%D8%B3%D9%85%D9%88%D9%85?page=174
کود تقویتی اف ام زد پادنا قوطی یک لیتری شامل آهن منگنز و روی,,355000,253571.42857142855,1.4,True,https://basalam.com/cat/tools/%D8%AE%D8%A7%DA%A9-%DA%A9%D9%88%D8%AF-%D8%B3%D9%85%D9%88%D9%85?page=174
کود فروت ست پودری پاکت یک کیلوگرمی فایواستار بلژیک,,715000,715000.0,1.0,True,https://basalam.com/cat/tools/%D8%AE%D8%A7%DA%A9-%DA%A9%D9%88%D8%AF-%D8%B3%D9%85%D9%88%D9%85?page=174
کود کامل 202020 مایع یک لیتری,,325000,32500.0,10.0,True,https://basalam.com/cat/tools/%D8%AE%D8%A7%DA%A9-%DA%A9%D9%88%D8%AF-%D8%B3%D9%85%D9%88%D9%85?page=174
کود npk پودری 20 20 20 فایو استار بلژیک بسته بندی ده کیلوگرمی,,2950000,295000.0,10.0,True,https://basalam.com/cat/tools/%D8%AE%D8%A7%DA%A9-%DA%A9%D9%88%D8%AF-%D8%B3%D9%85%D9%88%D9%85?page=174
کود فروت ست رویش گیاهان,,350000,350000.0,1.0,True,https://basalam.com/cat/tools/%D8%AE%D8%A7%DA%A9-%DA%A9%D9%88%D8%AF-%D8%B3%D9%85%D9%88%D9%85?page=178
پرلیت در بسته های 800 گرمی  بهترین وسیله برای صرفه جویی اب در نگهداری گل و گیاهان,,45000,56250.0,0.8,True,https://basalam.com/cat/tools/%D8%AE%D8%A7%DA%A9-%DA%A9%D9%88%D8%AF-%D8%B3%D9%85%D9%88%D9%85?page=178
کود هیومیک اسید,,50000,1000000.0,0.05,True,https://basalam.com/cat/tools/%D8%AE%D8%A7%DA%A9-%DA%A9%D9%88%D8%AF-%D8%B3%D9%85%D9%88%D9%85?page=178
کود سولوپتاس نیواگرو مدل 52 0 0 NPK یک کیلوگرمی,,170000,170000.0,1.0,True,https://basalam.com/cat/tools/%D8%AE%D8%A7%DA%A9-%DA%A9%D9%88%D8%AF-%D8%B3%D9%85%D9%88%D9%85?page=177
کود کامل نیواگرو مدل NPK 30 10 10 TE یک کیلوگرمی,,210000,210000.0,1.0,True,https://basalam.com/cat/tools/%D8%AE%D8%A7%DA%A9-%DA%A9%D9%88%D8%AF-%D8%B3%D9%85%D9%88%D9%85?page=177
کود مخصوص ارکیده کود رشد ارکیده کود گلدهی ارکیده,,105000,600000.0,0.175,True,https://basalam.com/cat/tools/%D8%AE%D8%A7%DA%A9-%DA%A9%D9%88%D8%AF-%D8%B3%D9%85%D9%88%D9%85?page=177
کود مایع امینواسید کود ضد شک انتی شک گیاهان کود اسید امینه,,105000,600000.0,0.175,True,https://basalam.com/cat/tools/%D8%AE%D8%A7%DA%A9-%DA%A9%D9%88%D8%AF-%D8%B3%D9%85%D9%88%D9%85?page=177
کود بامبو کود رشد بامبو,,32700,860526.3157894737,0.038,True,https://basalam.com/cat/tools/%D8%AE%D8%A7%DA%A9-%DA%A9%D9%88%D8%AF-%D8%B3%D9%85%D9%88%D9%85?page=177
کود مایع جلبک دریایی برند پروتکت نیچر 125 سی سی,,110000,880000.0,0.125,True,https://basalam.com/cat/tools/%D8%AE%D8%A7%DA%A9-%DA%A9%D9%88%D8%AF-%D8%B3%D9%85%D9%88%D9%85?page=177
کود سه بیست 202020 بسته 50 گرمی,,80000,1600000.0,0.05,True,https://basalam.com/cat/tools/%D8%AE%D8%A7%DA%A9-%DA%A9%D9%88%D8%AF-%D8%B3%D9%85%D9%88%D9%85?page=177
کود فروت ست گرین ورد 5 عنصره (افزایش ضریب گل به میوه),,250000,250000.0,1.0,True,https://basalam.com/cat/tools/%D8%AE%D8%A7%DA%A9-%DA%A9%D9%88%D8%AF-%D8%B3%D9%85%D9%88%D9%85?page=177
کود آهن پودری کاتوزا,,890000,890000.0,1.0,True,https://basalam.com/cat/tools/%D8%AE%D8%A7%DA%A9-%DA%A9%D9%88%D8%AF-%D8%B3%D9%85%D9%88%D9%85?page=177
کود باکتری تیوباسیلوس سولفو بارور 1,,95000,95000.0,1.0,True,https://basalam.com/cat/tools/%D8%AE%D8%A7%DA%A9-%DA%A9%D9%88%D8%AF-%D8%B3%D9%85%D9%88%D9%85?page=178
کود ریشه زایی بیورادیکانت فیوچراکو اسپانیا یک لیتر,,1500000,1500000.0,1.0,True,https://basalam.com/cat/tools/%D8%AE%D8%A7%DA%A9-%DA%A9%D9%88%D8%AF-%D8%B3%D9%85%D9%88%D9%85?page=178
کود مایع مولتی دانشمند کوچک مدل اکولایف حجم 120 میلی لیتر,,40000,200000.0,0.2,True,https://basalam.com/cat/tools/%D8%AE%D8%A7%DA%A9-%DA%A9%D9%88%D8%AF-%D8%B3%D9%85%D9%88%D9%85?page=188
کود مایع شفلرا دانشمند کوچک مدل اکولایف حجم 120 میلی لیتر,,40000,200000.0,0.2,True,https://basalam.com/cat/tools/%D8%AE%D8%A7%DA%A9-%DA%A9%D9%88%D8%AF-%D8%B3%D9%85%D9%88%D9%85?page=188
کود مایع بنجامین دانشمند کوچک مدل اکولایف حجم 120 میلی لیتر,,40000,333333.3333333334,0.12,True,https://basalam.com/cat/tools/%D8%AE%D8%A7%DA%A9-%DA%A9%D9%88%D8%AF-%D8%B3%D9%85%D9%88%D9%85?page=188
کود 20-20-20 ایتالیایی گرین گروت-کودکامل گیاهان آپارتمانی-کودGreen Growth-گلدونه,,72000,626086.9565217391,0.115,True,https://basalam.com/cat/tools/%D8%AE%D8%A7%DA%A9-%DA%A9%D9%88%D8%AF-%D8%B3%D9%85%D9%88%D9%85?page=196
کود هیومیک اسید 35 گرم-ضد شوک وتنش وجذب کننده بهتره موادمغذی برای گیاهان آپارتمانی-اسید هیومیک پودری-کود رشد گیاه-گلدونه,,36000,1028571.4285714284,0.035,True,https://basalam.com/cat/tools/%D8%AE%D8%A7%DA%A9-%DA%A9%D9%88%D8%AF-%D8%B3%D9%85%D9%88%D9%85?page=196
کود آهن (FERROUS FERTILIZER),,65000,3250000.0,0.02,True,https://basalam.com/cat/tools/%D8%AE%D8%A7%DA%A9-%DA%A9%D9%88%D8%AF-%D8%B3%D9%85%D9%88%D9%85?page=178
کود اسید هیومیک سانیا کود مدل h3 وزن 50 گرم,,19900,398000.0,0.05,True,https://basalam.com/cat/tools/%D8%AE%D8%A7%DA%A9-%DA%A9%D9%88%D8%AF-%D8%B3%D9%85%D9%88%D9%85?page=188
کود عمومی رشد رویشی سانیا کود مدل 20-20-20 وزن 50 گرم,,19900,398000.0,0.05,True,https://basalam.com/cat/tools/%D8%AE%D8%A7%DA%A9-%DA%A9%D9%88%D8%AF-%D8%B3%D9%85%D9%88%D9%85?page=188
پک کود رشد ریشه گلدهی امینو هیومیک,,156000,1300000.0,0.12,True,https://basalam.com/cat/tools/%D8%AE%D8%A7%DA%A9-%DA%A9%D9%88%D8%AF-%D8%B3%D9%85%D9%88%D9%85?page=188
کود فسفر بالا امکس 50 سی سی ( پس کرایه با پست پیشتاز ),,145000,2900000.0,0.05,True,https://basalam.com/cat/tools/%D8%AE%D8%A7%DA%A9-%DA%A9%D9%88%D8%AF-%D8%B3%D9%85%D9%88%D9%85?page=188
کود کامل 51-0-0 زیگلر آلمان سولفات پتاسیم 25 گرمی,,18000,720000.0,0.025,True,https://basalam.com/cat/tools/%D8%AE%D8%A7%DA%A9-%DA%A9%D9%88%D8%AF-%D8%B3%D9%85%D9%88%D9%85?page=188
کود کامل 20-20-20 زیگلر آلمان هر بسته 25 گرم ( پک 50عددی)(پسکرایه هزینه ارسال موقع تحویل به عهده مشتری),,850000,680000.0,1.25,True,https://basalam.com/cat/tools/%D8%AE%D8%A7%DA%A9-%DA%A9%D9%88%D8%AF-%D8%B3%D9%85%D9%88%D9%85?page=188
کود باواریا آلمان با پتاسیم بالا 15گرمی مخصوص کاکتوس و ساکولنت,,12000,800000.0,0.015,True,https://basalam.com/cat/tools/%D8%AE%D8%A7%DA%A9-%DA%A9%D9%88%D8%AF-%D8%B3%D9%85%D9%88%D9%85?page=188
پرلیت سایز متوسط 5-2میل یک و نیم لیتری معادل 150گرم,,13000,86666.66666666667,0.15,True,https://basalam.com/cat/tools/%D8%AE%D8%A7%DA%A9-%DA%A9%D9%88%D8%AF-%D8%B3%D9%85%D9%88%D9%85?page=188
کود مخصوص گلدهی (12.12.36)شوک مایع اصل آمریکایی پنج لیتری,,1900000,380000.0,5.0,True,https://basalam.com/cat/tools/%D8%AE%D8%A7%DA%A9-%DA%A9%D9%88%D8%AF-%D8%B3%D9%85%D9%88%D9%85?page=178
کود فول فروت ست برند بمب مایع گالن بیست لیتری,,3700000,185000.0,20.0,True,https://basalam.com/cat/tools/%D8%AE%D8%A7%DA%A9-%DA%A9%D9%88%D8%AF-%D8%B3%D9%85%D9%88%D9%85?page=178
کود گلدهی مایع برند پروتکت نیچر حجم 125میلی لیتر,,90000,720000.0,0.125,True,https://basalam.com/cat/tools/%D8%AE%D8%A7%DA%A9-%DA%A9%D9%88%D8%AF-%D8%B3%D9%85%D9%88%D9%85?page=178
کود برگ دهی,,14900,1064285.7142857143,0.014,True,https://basalam.com/cat/tools/%D8%AE%D8%A7%DA%A9-%DA%A9%D9%88%D8%AF-%D8%B3%D9%85%D9%88%D9%85?page=178
کود فسفر بالای زیگلر آلمان 50گرمی 10-52-10 (پک 20 عددی) پسکرایه هزینه ارسال به عهده مشتری در زمان تحویل,,660000,660000.0,1.0,True,https://basalam.com/cat/tools/%D8%AE%D8%A7%DA%A9-%DA%A9%D9%88%D8%AF-%D8%B3%D9%85%D9%88%D9%85?page=188
کود هیومیک اسید100 گرمی برند ریچ فِرت اصلی فرمولاسیون هلند 95 درصد ارسال از طریق پست هزینه ارسال به عهده مشتری,,85000,850000.0,0.1,True,https://basalam.com/cat/tools/%D8%AE%D8%A7%DA%A9-%DA%A9%D9%88%D8%AF-%D8%B3%D9%85%D9%88%D9%85?page=188
کود سه بیست مایع غنی شده جنریت یک لیتری محصول ایالات متحده,,900000,818181.8181818181,1.1,True,https://basalam.com/cat/tools/%D8%AE%D8%A7%DA%A9-%DA%A9%D9%88%D8%AF-%D8%B3%D9%85%D9%88%D9%85?page=188
کود کامل آل مکس جنریت گالن پنج لیتری,,4000000,800000.0,5.0,True,https://basalam.com/cat/tools/%D8%AE%D8%A7%DA%A9-%DA%A9%D9%88%D8%AF-%D8%B3%D9%85%D9%88%D9%85?page=188
لیتوپس گل سنگی بسیار خاص و طرح ویژه,,28000,1120000.0,0.025,True,https://basalam.com/cat/tools/%D8%AE%D8%A7%DA%A9-%DA%A9%D9%88%D8%AF-%D8%B3%D9%85%D9%88%D9%85?page=179
کاکتوس اچینو بسیار باکیفیت و درشت,,28000,1120000.0,0.025,True,https://basalam.com/cat/tools/%D8%AE%D8%A7%DA%A9-%DA%A9%D9%88%D8%AF-%D8%B3%D9%85%D9%88%D9%85?page=179
کود آمینو اسید تتاکو مناسب گلدان و باغچه وزن 120 گرم,,93500,779166.6666666667,0.12,True,https://basalam.com/cat/tools/%D8%AE%D8%A7%DA%A9-%DA%A9%D9%88%D8%AF-%D8%B3%D9%85%D9%88%D9%85?page=180
کودNPK 20-20-20 تتاکومناسب گلدان و باغچه وزن 120 گرم بسته 5 عددی,,180000,300000.0,0.6,True,https://basalam.com/cat/tools/%D8%AE%D8%A7%DA%A9-%DA%A9%D9%88%D8%AF-%D8%B3%D9%85%D9%88%D9%85?page=180
گیاه جعفری با کیفیت عالی بار امسالی و تازه (250 گرمی),,580900,2323600.0,0.25,True,https://basalam.com/cat/tools/%D8%AE%D8%A7%DA%A9-%DA%A9%D9%88%D8%AF-%D8%B3%D9%85%D9%88%D9%85?page=180
بولاغ اوتی با کیفیت عالی بار امسالی و تازه(500گرمی),,861000,1722000.0,0.5,True,https://basalam.com/cat/tools/%D8%AE%D8%A7%DA%A9-%DA%A9%D9%88%D8%AF-%D8%B3%D9%85%D9%88%D9%85?page=180
گل مینا با کیفیت عالی بار امسالی و تازه(100گرمی),,2416500,24165000.0,0.1,True,https://basalam.com/cat/tools/%D8%AE%D8%A7%DA%A9-%DA%A9%D9%88%D8%AF-%D8%B3%D9%85%D9%88%D9%85?page=180
کود جلبک دریایی شوک یک لیتری آمریکایی اصل,,410000,410000.0,1.0,True,https://basalam.com/cat/tools/%D8%AE%D8%A7%DA%A9-%DA%A9%D9%88%D8%AF-%D8%B3%D9%85%D9%88%D9%85?page=180
برگ سنا با کیفیت عالی بار امسالی و تازه(200گرمی),,269400,1347000.0,0.2,True,https://basalam.com/cat/tools/%D8%AE%D8%A7%DA%A9-%DA%A9%D9%88%D8%AF-%D8%B3%D9%85%D9%88%D9%85?page=180
گیاه شاهتره با کیفیت عالی بار امسالی و تازه(150گرمی),,190100,1267333.3333333335,0.15,True,https://basalam.com/cat/tools/%D8%AE%D8%A7%DA%A9-%DA%A9%D9%88%D8%AF-%D8%B3%D9%85%D9%88%D9%85?page=180
برگ خرگوشک با کیفیت عالی بار امسالی و تازه(100 گرمی ),,131600,1316000.0,0.1,True,https://basalam.com/cat/tools/%D8%AE%D8%A7%DA%A9-%DA%A9%D9%88%D8%AF-%D8%B3%D9%85%D9%88%D9%85?page=180
گیاه جعفری با کیفیت عالی بار امسالی و تازه(200 گرمی ),,458600,2293000.0,0.2,True,https://basalam.com/cat/tools/%D8%AE%D8%A7%DA%A9-%DA%A9%D9%88%D8%AF-%D8%B3%D9%85%D9%88%D9%85?page=180
گیاه مرزه با کیفیت عالی بار امسالی و تازه(250گرمی ),,496900,1987600.0,0.25,True,https://basalam.com/cat/tools/%D8%AE%D8%A7%DA%A9-%DA%A9%D9%88%D8%AF-%D8%B3%D9%85%D9%88%D9%85?page=180
گل بومادارن با کیفیت عالی بار امسالی و تازه(500گرمی),,496900,993800.0,0.5,True,https://basalam.com/cat/tools/%D8%AE%D8%A7%DA%A9-%DA%A9%D9%88%D8%AF-%D8%B3%D9%85%D9%88%D9%85?page=180
کود پنجه زنی غلات ( گندم  جو برنج و....) (فرتی گرین ),,885000,885000.0,1.0,True,https://basalam.com/cat/tools/%D8%AE%D8%A7%DA%A9-%DA%A9%D9%88%D8%AF-%D8%B3%D9%85%D9%88%D9%85?page=180
کود فروت ست (روی  بور کلسیم و اسید آمینه ) اروپایی آرونتیکا اسپانیا,,985000,985000.0,1.0,True,https://basalam.com/cat/tools/%D8%AE%D8%A7%DA%A9-%DA%A9%D9%88%D8%AF-%D8%B3%D9%85%D9%88%D9%85?page=181
کود مایع کامل گیاهان آبزی ترایو اس نایلوگ 500 میلی (مخصوص تانک گیاهی شریمپ),,950000,1900000.0,0.5,True,https://basalam.com/cat/tools/%D8%AE%D8%A7%DA%A9-%DA%A9%D9%88%D8%AF-%D8%B3%D9%85%D9%88%D9%85?page=181
پتوس - کود مخصوص پتوس به همراه اسید آمینه و هیومیک (60 گرم کود خالص),,49000,816666.6666666667,0.06,True,https://basalam.com/cat/tools/%D8%AE%D8%A7%DA%A9-%DA%A9%D9%88%D8%AF-%D8%B3%D9%85%D9%88%D9%85?page=181
کود کلات روی اکتی نواگرو,,775500,775500.0,1.0,True,https://basalam.com/cat/tools/%D8%AE%D8%A7%DA%A9-%DA%A9%D9%88%D8%AF-%D8%B3%D9%85%D9%88%D9%85?page=181
کود گرومور 30-5-15 آمریکایی 25 پوندی,,7920000,396000.0,20.0,True,https://basalam.com/cat/tools/%D8%AE%D8%A7%DA%A9-%DA%A9%D9%88%D8%AF-%D8%B3%D9%85%D9%88%D9%85?page=183
فیلودندرون بلک شرابی با کیفیت گیاه آپارتمانی مقاوم و خاص,,399000,199500.0,2.0,True,https://basalam.com/cat/tools/%D8%AE%D8%A7%DA%A9-%DA%A9%D9%88%D8%AF-%D8%B3%D9%85%D9%88%D9%85?page=183
گل ناز یخی فرانسوی گیاهی مقاوم و رونده با نگهداری آسان,,99000,66000.0,1.5,True,https://basalam.com/cat/tools/%D8%AE%D8%A7%DA%A9-%DA%A9%D9%88%D8%AF-%D8%B3%D9%85%D9%88%D9%85?page=183
فیلودندرون رونده گیاهی مقاوم و با نگهداری آسان,,399000,99750.0,4.0,True,https://basalam.com/cat/tools/%D8%AE%D8%A7%DA%A9-%DA%A9%D9%88%D8%AF-%D8%B3%D9%85%D9%88%D9%85?page=183
نخل شامادورا مقاوم و زیبا با ارتفاع حدود 40 سانتی متر,,179000,119333.33333333331,1.5,True,https://basalam.com/cat/tools/%D8%AE%D8%A7%DA%A9-%DA%A9%D9%88%D8%AF-%D8%B3%D9%85%D9%88%D9%85?page=183
فیلودندرون لیمویی خاص و با کیفیت,,399000,159600.0,2.5,True,https://basalam.com/cat/tools/%D8%AE%D8%A7%DA%A9-%DA%A9%D9%88%D8%AF-%D8%B3%D9%85%D9%88%D9%85?page=183
کود اسپری آهن غنی شده تالین رفع زردی و سرسبزی برگ,,119000,283333.3333333334,0.42,True,https://basalam.com/cat/tools/%D8%AE%D8%A7%DA%A9-%DA%A9%D9%88%D8%AF-%D8%B3%D9%85%D9%88%D9%85?page=183
گیاه آپارتمانی کراسولا خرفه ای بسیار پر و با کیفیت مناسب تراس و بالکن,,89000,35600.0,2.5,True,https://basalam.com/cat/tools/%D8%AE%D8%A7%DA%A9-%DA%A9%D9%88%D8%AF-%D8%B3%D9%85%D9%88%D9%85?page=183
کود ضد تنش و محرک رشد برای گیاهان آپارتمانی,,29000,5800000.0,0.005,True,https://basalam.com/cat/tools/%D8%AE%D8%A7%DA%A9-%DA%A9%D9%88%D8%AF-%D8%B3%D9%85%D9%88%D9%85?page=183
دم روباهی (مارچوبه زینتی) گیاه آپارتمانی مقاوم و ماندگار,,199000,79600.0,2.5,True,https://basalam.com/cat/tools/%D8%AE%D8%A7%DA%A9-%DA%A9%D9%88%D8%AF-%D8%B3%D9%85%D9%88%D9%85?page=183
اسکاندیس میکانز گیاه آپارتمانی خاص و زیبا با کیفیت,,169000,169000.0,1.0,True,https://basalam.com/cat/tools/%D8%AE%D8%A7%DA%A9-%DA%A9%D9%88%D8%AF-%D8%B3%D9%85%D9%88%D9%85?page=183
کاج مطبق زیبا و مقاوم,,219000,109500.0,2.0,True,https://basalam.com/cat/tools/%D8%AE%D8%A7%DA%A9-%DA%A9%D9%88%D8%AF-%D8%B3%D9%85%D9%88%D9%85?page=183
گیاه آپارتمانی برگ بیدی آویز مناسب برای بالکن و تراس,,89000,59333.333333333336,1.5,True,https://basalam.com/cat/tools/%D8%AE%D8%A7%DA%A9-%DA%A9%D9%88%D8%AF-%D8%B3%D9%85%D9%88%D9%85?page=183
فیکوس لیراتا برگ درشت با کیفیت و ریشه پر,,189000,94500.0,2.0,True,https://basalam.com/cat/tools/%D8%AE%D8%A7%DA%A9-%DA%A9%D9%88%D8%AF-%D8%B3%D9%85%D9%88%D9%85?page=183
گیاه سرخس بوستون بسیار مقاوم و با کیفیت,,269000,149444.44444444444,1.8,True,https://basalam.com/cat/tools/%D8%AE%D8%A7%DA%A9-%DA%A9%D9%88%D8%AF-%D8%B3%D9%85%D9%88%D9%85?page=183
کود هیومیک اسید مناسب گیاهان آپارتمانی,,29000,14500000.0,0.002,True,https://basalam.com/cat/tools/%D8%AE%D8%A7%DA%A9-%DA%A9%D9%88%D8%AF-%D8%B3%D9%85%D9%88%D9%85?page=183
باکتری کش گیاهان آپارتمانی پیشگیری و از بین بردن بیماری های باکتریایی,,29000,5800000.0,0.005,True,https://basalam.com/cat/tools/%D8%AE%D8%A7%DA%A9-%DA%A9%D9%88%D8%AF-%D8%B3%D9%85%D9%88%D9%85?page=183
گیاه آگلونما سفید برفی پر غلاف و با کیفیت با ارتفاع 35 سانتی متر,,499000,166333.33333333334,3.0,True,https://basalam.com/cat/tools/%D8%AE%D8%A7%DA%A9-%DA%A9%D9%88%D8%AF-%D8%B3%D9%85%D9%88%D9%85?page=183
گیاه بگونیا موکتی گیاه خاص و زیبا مناسب برای آپارتمان,,189000,189000.0,1.0,True,https://basalam.com/cat/tools/%D8%AE%D8%A7%DA%A9-%DA%A9%D9%88%D8%AF-%D8%B3%D9%85%D9%88%D9%85?page=183
گیاه فیکوس ابلق نشایی با کیفیت و ریشه پر,,169000,84500.0,2.0,True,https://basalam.com/cat/tools/%D8%AE%D8%A7%DA%A9-%DA%A9%D9%88%D8%AF-%D8%B3%D9%85%D9%88%D9%85?page=183
فیکوس لیراتا مینیاتوری با کیفیت و شاداب,,189000,126000.0,1.5,True,https://basalam.com/cat/tools/%D8%AE%D8%A7%DA%A9-%DA%A9%D9%88%D8%AF-%D8%B3%D9%85%D9%88%D9%85?page=183
گیاه شفلرا ابلق سایز کوچک بسیار مقاوم و با کیفیت با ارتفاع حدود 35 سانتی متر,,99000,99000.0,1.0,True,https://basalam.com/cat/tools/%D8%AE%D8%A7%DA%A9-%DA%A9%D9%88%D8%AF-%D8%B3%D9%85%D9%88%D9%85?page=183
کود مخصوص گلهای آپارتمانی تایمکس ( 150 میلی لیتر ),,119000,793333.3333333334,0.15,True,https://basalam.com/cat/tools/%D8%AE%D8%A7%DA%A9-%DA%A9%D9%88%D8%AF-%D8%B3%D9%85%D9%88%D9%85?page=183
گیاه گندمی ابلق ( گیاه عنکبوتی ) گیاهی مقاوم و مناسب افراد مبتدی و شاغل,,69000,69000.0,1.0,True,https://basalam.com/cat/tools/%D8%AE%D8%A7%DA%A9-%DA%A9%D9%88%D8%AF-%D8%B3%D9%85%D9%88%D9%85?page=183
کود عصاره جلبک دریایی جنریت یک لیتری محصول ایالات متحده,,1100000,1000000.0,1.1,True,https://basalam.com/cat/tools/%D8%AE%D8%A7%DA%A9-%DA%A9%D9%88%D8%AF-%D8%B3%D9%85%D9%88%D9%85?page=192
کود کامل آل مکس جنریت یک لیتری,,990000,990000.0,1.0,True,https://basalam.com/cat/tools/%D8%AE%D8%A7%DA%A9-%DA%A9%D9%88%D8%AF-%D8%B3%D9%85%D9%88%D9%85?page=192
کود پتاس بالای K66 جنریت پنج لیتری66درصدپتاس محصول ایالات متحده,,4500000,882352.9411764706,5.1,True,https://basalam.com/cat/tools/%D8%AE%D8%A7%DA%A9-%DA%A9%D9%88%D8%AF-%D8%B3%D9%85%D9%88%D9%85?page=192
کود کامل 36-12-12 پودری 800 گرمی ( پس کرایه ),,131300,13.13,10000.0,True,https://basalam.com/cat/tools/%D8%AE%D8%A7%DA%A9-%DA%A9%D9%88%D8%AF-%D8%B3%D9%85%D9%88%D9%85?page=182
کود و بذر چمن آکواریوم بلک گلد مدل D007 وزن 100 گرم,,70000,700000.0,0.1,True,https://basalam.com/cat/tools/%D8%AE%D8%A7%DA%A9-%DA%A9%D9%88%D8%AF-%D8%B3%D9%85%D9%88%D9%85?page=192
نهال ختمی سه رنگ کانادایی Confederate rose هزینه ارسال بصورت پس کرایه و بعهده مشتری می باشد,,450000,2250000.0,0.2,True,https://basalam.com/cat/tools/%D8%AE%D8%A7%DA%A9-%DA%A9%D9%88%D8%AF-%D8%B3%D9%85%D9%88%D9%85?page=184
کود مایع تخصصی دراسنا کامپکت کد 8 حجم 120 میلی لیتر بسته 8 عددی,,209000,2090000.0,0.1,True,https://basalam.com/cat/tools/%D8%AE%D8%A7%DA%A9-%DA%A9%D9%88%D8%AF-%D8%B3%D9%85%D9%88%D9%85?page=184
کود مایع محرک رشد بامبو مدل Mpower حجم 120 میلی لیتر بسته سه عددی,,69000,690000.0,0.1,True,https://basalam.com/cat/tools/%D8%AE%D8%A7%DA%A9-%DA%A9%D9%88%D8%AF-%D8%B3%D9%85%D9%88%D9%85?page=184
کود تقویتی محرک رشد گیاهان آپارتمانی هپی پلنت مدل 20-20-20 وزن 50 گرم,,43000,430000.0,0.1,True,https://basalam.com/cat/tools/%D8%AE%D8%A7%DA%A9-%DA%A9%D9%88%D8%AF-%D8%B3%D9%85%D9%88%D9%85?page=184
کود مایع محرک رشدسوسن آفریقایی مدل Mpower حجم 120 میلی لیتر بسته سه عددی,,109000,1090000.0,0.1,True,https://basalam.com/cat/tools/%D8%AE%D8%A7%DA%A9-%DA%A9%D9%88%D8%AF-%D8%B3%D9%85%D9%88%D9%85?page=184
کود مایع گل پتوس مدل رویش پلاس 06 حجم 120 میلی لیتر,,45000,450000.0,0.1,True,https://basalam.com/cat/tools/%D8%AE%D8%A7%DA%A9-%DA%A9%D9%88%D8%AF-%D8%B3%D9%85%D9%88%D9%85?page=184
کود مایع محرک رشد گل کاغذی مدل Super powerحجم 120 میلی لیتر بسته دو عددی,,49000,490000.0,0.1,True,https://basalam.com/cat/tools/%D8%AE%D8%A7%DA%A9-%DA%A9%D9%88%D8%AF-%D8%B3%D9%85%D9%88%D9%85?page=184
کود تقویتی مخصوص پاپیتال هپی پلنت مدل HP303 حجم 120 میلی لیتر,,39000,390000.0,0.1,True,https://basalam.com/cat/tools/%D8%AE%D8%A7%DA%A9-%DA%A9%D9%88%D8%AF-%D8%B3%D9%85%D9%88%D9%85?page=184
پک کود هیومیک اسید و پتاسیم بالا هپی پلنت مدل 121236HU بسته دو عددی,,79000,790000.0,0.1,True,https://basalam.com/cat/tools/%D8%AE%D8%A7%DA%A9-%DA%A9%D9%88%D8%AF-%D8%B3%D9%85%D9%88%D9%85?page=184
کود مایع مولتی کود پاپیتال مدل 18 حجم 120 میلی لیتر,,45000,450000.0,0.1,True,https://basalam.com/cat/tools/%D8%AE%D8%A7%DA%A9-%DA%A9%D9%88%D8%AF-%D8%B3%D9%85%D9%88%D9%85?page=184
کود مایع محرک رشد گیاهان خانگی مدل 2022 حجم 250 میلی لیتر بسته سه عددی,,69000,690000.0,0.1,True,https://basalam.com/cat/tools/%D8%AE%D8%A7%DA%A9-%DA%A9%D9%88%D8%AF-%D8%B3%D9%85%D9%88%D9%85?page=184
کود مایع اسید هیومیک گیاهان آپارتمانی مدل ZD2 حجم 12 میلی لیتر بسته 2 عددی,,49000,490000.0,0.1,True,https://basalam.com/cat/tools/%D8%AE%D8%A7%DA%A9-%DA%A9%D9%88%D8%AF-%D8%B3%D9%85%D9%88%D9%85?page=184
کود مایع سانسوریا کود مدل 2022 حجم 120 میلی لیتر بسته سه عددی,,59000,590000.0,0.1,True,https://basalam.com/cat/tools/%D8%AE%D8%A7%DA%A9-%DA%A9%D9%88%D8%AF-%D8%B3%D9%85%D9%88%D9%85?page=184
کود مایع مدل NPK 20 20 20 حجم 360 میلی لیتر بسته سه عددی,,109000,1090000.0,0.1,True,https://basalam.com/cat/tools/%D8%AE%D8%A7%DA%A9-%DA%A9%D9%88%D8%AF-%D8%B3%D9%85%D9%88%D9%85?page=184
کود مایع محرک رشد افوربیا مدل Mpower حجم 120 میلی لیتر بسته سه عددی,,109000,1090000.0,0.1,True,https://basalam.com/cat/tools/%D8%AE%D8%A7%DA%A9-%DA%A9%D9%88%D8%AF-%D8%B3%D9%85%D9%88%D9%85?page=184
کود مایع انواع پتوس مدل Easy to Use حجم 120 میلی لیتر بسته دو عددی,,49000,490000.0,0.1,True,https://basalam.com/cat/tools/%D8%AE%D8%A7%DA%A9-%DA%A9%D9%88%D8%AF-%D8%B3%D9%85%D9%88%D9%85?page=184
کود تقویتی مخصوص نخل شامادورا هپی پلنت مدل HP44 حجم 120 میلی لیتر,,45000,450000.0,0.1,True,https://basalam.com/cat/tools/%D8%AE%D8%A7%DA%A9-%DA%A9%D9%88%D8%AF-%D8%B3%D9%85%D9%88%D9%85?page=184
کود تقویتی مخصوص درخت کیوی هپی پلنت مدل HP460 حجم 120 میلی لیتر,,45000,450000.0,0.1,True,https://basalam.com/cat/tools/%D8%AE%D8%A7%DA%A9-%DA%A9%D9%88%D8%AF-%D8%B3%D9%85%D9%88%D9%85?page=184
کود تقویتی مخصوص گردو هپی پلنت مدل HP392 حجم 120 میلی لیتر بسته سه عددی,,95000,950000.0,0.1,True,https://basalam.com/cat/tools/%D8%AE%D8%A7%DA%A9-%DA%A9%D9%88%D8%AF-%D8%B3%D9%85%D9%88%D9%85?page=184
کود مایع سانسوریا گلبان کود مدل Fast growth حجم 100 میلی لیتر بسته دو عددی,,49000,490000.0,0.1,True,https://basalam.com/cat/tools/%D8%AE%D8%A7%DA%A9-%DA%A9%D9%88%D8%AF-%D8%B3%D9%85%D9%88%D9%85?page=184
کود مایع مرکب زاموفیلیا مدل GLBK حجم کل 440 میلی لیتر بسته دو عددی,,49000,490000.0,0.1,True,https://basalam.com/cat/tools/%D8%AE%D8%A7%DA%A9-%DA%A9%D9%88%D8%AF-%D8%B3%D9%85%D9%88%D9%85?page=184
کود تقویتی مخصوص اچینو هپی پلنت مدل HP416 حجم 120 میلی لیتر,,39000,390000.0,0.1,True,https://basalam.com/cat/tools/%D8%AE%D8%A7%DA%A9-%DA%A9%D9%88%D8%AF-%D8%B3%D9%85%D9%88%D9%85?page=184
کود تقویتی مخصوص اکالیپتوس هپی پلنت مدل HP418 حجم 120 میلی لیتر,,45000,450000.0,0.1,True,https://basalam.com/cat/tools/%D8%AE%D8%A7%DA%A9-%DA%A9%D9%88%D8%AF-%D8%B3%D9%85%D9%88%D9%85?page=184
کود تقویتی مخصوص سیکاس هپی پلنت مدل HP437 حجم 120 میلی لیتر,,45000,450000.0,0.1,True,https://basalam.com/cat/tools/%D8%AE%D8%A7%DA%A9-%DA%A9%D9%88%D8%AF-%D8%B3%D9%85%D9%88%D9%85?page=184
کود تقویتی مخصوص پتوس هپی پلنت مدل HP23 حجم 120 میلی لیتر,,45000,450000.0,0.1,True,https://basalam.com/cat/tools/%D8%AE%D8%A7%DA%A9-%DA%A9%D9%88%D8%AF-%D8%B3%D9%85%D9%88%D9%85?page=184
کود هیومیک اسید گیاهان هپی پلنت مدل Hu وزن 100 گرم,,59000,590000.0,0.1,True,https://basalam.com/cat/tools/%D8%AE%D8%A7%DA%A9-%DA%A9%D9%88%D8%AF-%D8%B3%D9%85%D9%88%D9%85?page=184
کود مایع برگ انجیری و دیفن باخیاو زاموفیلیا و هیومیک مدل A حجم 120 میلی لیتر بسته 8 عددی,,159000,1590000.0,0.1,True,https://basalam.com/cat/tools/%D8%AE%D8%A7%DA%A9-%DA%A9%D9%88%D8%AF-%D8%B3%D9%85%D9%88%D9%85?page=184
کود مایع عناصر میکرو مدل 10 52 10 حجم 120 میلی لیتر بسته سه عددی,,69000,690000.0,0.1,True,https://basalam.com/cat/tools/%D8%AE%D8%A7%DA%A9-%DA%A9%D9%88%D8%AF-%D8%B3%D9%85%D9%88%D9%85?page=184
کود مایع مولتی کود شمعدانی مدل Fast growth حجم کل 300 میلی لیتر بسته سه عددی,,59000,590000.0,0.1,True,https://basalam.com/cat/tools/%D8%AE%D8%A7%DA%A9-%DA%A9%D9%88%D8%AF-%D8%B3%D9%85%D9%88%D9%85?page=182
کود مایع محرک رشد بونسای مدل Mpower حجم 120 میلی لیتر بسته سه عددی,,109000,1090000.0,0.1,True,https://basalam.com/cat/tools/%D8%AE%D8%A7%DA%A9-%DA%A9%D9%88%D8%AF-%D8%B3%D9%85%D9%88%D9%85?page=182
کود تقویتی سولفات پتاسیم مایع هپی پلنت مدل HP455 حجم 120 میلی لیتر,,39000,390000.0,0.1,True,https://basalam.com/cat/tools/%D8%AE%D8%A7%DA%A9-%DA%A9%D9%88%D8%AF-%D8%B3%D9%85%D9%88%D9%85?page=182
کود تقویتی مخصوص پدیلانتوس هپی پلنت مدل HP154 حجم 120 میلی لیتر,,45000,450000.0,0.1,True,https://basalam.com/cat/tools/%D8%AE%D8%A7%DA%A9-%DA%A9%D9%88%D8%AF-%D8%B3%D9%85%D9%88%D9%85?page=182
کود تقویتی مخصوص نشا هپی پلنت مدل HP311 حجم 120 میلی لیتر,,45000,450000.0,0.1,True,https://basalam.com/cat/tools/%D8%AE%D8%A7%DA%A9-%DA%A9%D9%88%D8%AF-%D8%B3%D9%85%D9%88%D9%85?page=182
کود مایع ان پی کا و آهن مدل 2022 حجم 120 میلی لیتر بسته سه عددی,,109000,1090000.0,0.1,True,https://basalam.com/cat/tools/%D8%AE%D8%A7%DA%A9-%DA%A9%D9%88%D8%AF-%D8%B3%D9%85%D9%88%D9%85?page=182
کود مولتی کود کامل و کود آهن و اسید آمینه کد 17 حجم 120 میلی لیتر بسته سه عددی,,109000,1090000.0,0.1,True,https://basalam.com/cat/tools/%D8%AE%D8%A7%DA%A9-%DA%A9%D9%88%D8%AF-%D8%B3%D9%85%D9%88%D9%85?page=182
کود مایع محرک رشد پاپیتال مدل Mpower حجم 120 میلی لیتر بسته دو عددی,,49000,490000.0,0.1,True,https://basalam.com/cat/tools/%D8%AE%D8%A7%DA%A9-%DA%A9%D9%88%D8%AF-%D8%B3%D9%85%D9%88%D9%85?page=182
کود تقویتی مخصوص زعفران هپی پلنت مدل HP409 حجم 120 میلی لیتر,,45000,450000.0,0.1,True,https://basalam.com/cat/tools/%D8%AE%D8%A7%DA%A9-%DA%A9%D9%88%D8%AF-%D8%B3%D9%85%D9%88%D9%85?page=182
کود مایع محرک رشد برگ عبایی مدل Mpower حجم 120 میلی لیتر بسته سه عددی,,59000,590000.0,0.1,True,https://basalam.com/cat/tools/%D8%AE%D8%A7%DA%A9-%DA%A9%D9%88%D8%AF-%D8%B3%D9%85%D9%88%D9%85?page=182
کود تراریوم و سه بیست و هیومیک و آهن کد A03 حجم 120 میلی لیتر بسته 4 عددی,,79000,790000.0,0.1,True,https://basalam.com/cat/tools/%D8%AE%D8%A7%DA%A9-%DA%A9%D9%88%D8%AF-%D8%B3%D9%85%D9%88%D9%85?page=182
گیاه رازک با کیفیت عالی بار امسالی و تازه(750گرمی),,4349000,5798666.666666667,0.75,True,https://basalam.com/cat/tools/%D8%AE%D8%A7%DA%A9-%DA%A9%D9%88%D8%AF-%D8%B3%D9%85%D9%88%D9%85?page=183
کود ضد شوک بوتامیسول اسپانیا 50 گرمی,,197000,3940000.0,0.05,True,https://basalam.com/cat/tools/%D8%AE%D8%A7%DA%A9-%DA%A9%D9%88%D8%AF-%D8%B3%D9%85%D9%88%D9%85?page=183
کود مایع گلدهی(36-12-12) 125 میلی لیتر پروتکت نیچر,,97000,776000.0,0.125,True,https://basalam.com/cat/tools/%D8%AE%D8%A7%DA%A9-%DA%A9%D9%88%D8%AF-%D8%B3%D9%85%D9%88%D9%85?page=183
کود کاکتوس 38-11-3 125 میلی لیتر پروتکت نیچر,,87000,696000.0,0.125,True,https://basalam.com/cat/tools/%D8%AE%D8%A7%DA%A9-%DA%A9%D9%88%D8%AF-%D8%B3%D9%85%D9%88%D9%85?page=183
کود آمینو اسید اینترسل IFTC یک لیتر یا اسید آمینه,,700000,700000.0,1.0,True,https://basalam.com/cat/tools/%D8%AE%D8%A7%DA%A9-%DA%A9%D9%88%D8%AF-%D8%B3%D9%85%D9%88%D9%85?page=189
کود چالکود کمپلکس پلاس جنوبگان 3512,,1650000,66000.0,25.0,True,https://basalam.com/cat/tools/%D8%AE%D8%A7%DA%A9-%DA%A9%D9%88%D8%AF-%D8%B3%D9%85%D9%88%D9%85?page=189
کود ضد استرس نوافول نواگرو,,814000,814000.0,1.0,True,https://basalam.com/cat/tools/%D8%AE%D8%A7%DA%A9-%DA%A9%D9%88%D8%AF-%D8%B3%D9%85%D9%88%D9%85?page=189
کود کامل 20-20-20,,185000,925000.0,0.2,True,https://basalam.com/cat/tools/%D8%AE%D8%A7%DA%A9-%DA%A9%D9%88%D8%AF-%D8%B3%D9%85%D9%88%D9%85?page=184
کود نیترات پتاسیم فلنت فید (پس کرایه),,5000000,250000.0,20.0,True,https://basalam.com/cat/tools/%D8%AE%D8%A7%DA%A9-%DA%A9%D9%88%D8%AF-%D8%B3%D9%85%D9%88%D9%85?page=184
کود مولتی کمپلکس شوک آمریکایی مایع یک لیتری (پس کرایه),,333700,333700.0,1.0,True,https://basalam.com/cat/tools/%D8%AE%D8%A7%DA%A9-%DA%A9%D9%88%D8%AF-%D8%B3%D9%85%D9%88%D9%85?page=190
کود مس 23 درصد شوک اصل آمریکایی گالن پنج لیتری (پس کرایه),,1159100,231820.0,5.0,True,https://basalam.com/cat/tools/%D8%AE%D8%A7%DA%A9-%DA%A9%D9%88%D8%AF-%D8%B3%D9%85%D9%88%D9%85?page=190
کود مخصوص گوجه فرنگی شوک پنج لیتری محصول آمریکا (پس کرایه),,1004600,200920.0,5.0,True,https://basalam.com/cat/tools/%D8%AE%D8%A7%DA%A9-%DA%A9%D9%88%D8%AF-%D8%B3%D9%85%D9%88%D9%85?page=190
کود جلبک دریایی شوک پنج لیتری محصول آمریکا (پس کرایه),,1208400,241680.0,5.0,True,https://basalam.com/cat/tools/%D8%AE%D8%A7%DA%A9-%DA%A9%D9%88%D8%AF-%D8%B3%D9%85%D9%88%D9%85?page=190
کود مخصوص کیوی شوک اصل آمریکایی یک لیتری مایع (پس کرایه),,288000,288000.0,1.0,True,https://basalam.com/cat/tools/%D8%AE%D8%A7%DA%A9-%DA%A9%D9%88%D8%AF-%D8%B3%D9%85%D9%88%D9%85?page=190
کود مولتی کمپلکس شوک اصل آمریکایی(ریزمغذی) مایع پنج لیتری (پس کرایه),,1194200,238840.0,5.0,True,https://basalam.com/cat/tools/%D8%AE%D8%A7%DA%A9-%DA%A9%D9%88%D8%AF-%D8%B3%D9%85%D9%88%D9%85?page=190
کود فسفر بالا ریشه زایی 80 درصد شوک اصل آمریکایی مایع (پس کرایه),,337200,337200.0,1.0,True,https://basalam.com/cat/tools/%D8%AE%D8%A7%DA%A9-%DA%A9%D9%88%D8%AF-%D8%B3%D9%85%D9%88%D9%85?page=190
کود فول مکس بمب کود کامل مایع یک لیتری (پس کرایه),,316100,316100.0,1.0,True,https://basalam.com/cat/tools/%D8%AE%D8%A7%DA%A9-%DA%A9%D9%88%D8%AF-%D8%B3%D9%85%D9%88%D9%85?page=190
کود مخصوص گلدهی (12.12.36)شوک مایع اصل آمریکایی پنج لیتری (پس کرایه),,1131100,226220.0,5.0,True,https://basalam.com/cat/tools/%D8%AE%D8%A7%DA%A9-%DA%A9%D9%88%D8%AF-%D8%B3%D9%85%D9%88%D9%85?page=190
کود فولویک اسید مایع شوک آمریکایی یک لیتری (پس کرایه),,259900,259900.0,1.0,True,https://basalam.com/cat/tools/%D8%AE%D8%A7%DA%A9-%DA%A9%D9%88%D8%AF-%D8%B3%D9%85%D9%88%D9%85?page=190
کود مولتی کمپلکس شوک آمریکایی (کود ریزمغذی)مایع یک لیتری (پس کرایه),,333700,333700.0,1.0,True,https://basalam.com/cat/tools/%D8%AE%D8%A7%DA%A9-%DA%A9%D9%88%D8%AF-%D8%B3%D9%85%D9%88%D9%85?page=190
کود کامل گیاهان 10 ایکس شوک مایع آمریکایی یک لیتری (پس کرایه),,272200,272200.0,1.0,True,https://basalam.com/cat/tools/%D8%AE%D8%A7%DA%A9-%DA%A9%D9%88%D8%AF-%D8%B3%D9%85%D9%88%D9%85?page=190
کود مولتی کمپلکس شوک اصل آمریکایی مایع پنج لیتری (پس کرایه),,1194200,238840.0,5.0,True,https://basalam.com/cat/tools/%D8%AE%D8%A7%DA%A9-%DA%A9%D9%88%D8%AF-%D8%B3%D9%85%D9%88%D9%85?page=190
کود پتاس بالا اصل آمریکایی مایع شوک 60 درصد بیست لیتری (پس کرایه),,1896800,94840.0,20.0,True,https://basalam.com/cat/tools/%D8%AE%D8%A7%DA%A9-%DA%A9%D9%88%D8%AF-%D8%B3%D9%85%D9%88%D9%85?page=190
کود هورمون سیتوکینین تایمکس حجم 150 میلی لیتر برای رشد برگ گل و گیاه,,85000,566666.6666666667,0.15,True,https://basalam.com/cat/tools/%D8%AE%D8%A7%DA%A9-%DA%A9%D9%88%D8%AF-%D8%B3%D9%85%D9%88%D9%85?page=186
کود آهن تایمکس غنی شده مخصوص سبزینگی گل و گیاه آپارتمانی,,65000,433333.3333333334,0.15,True,https://basalam.com/cat/tools/%D8%AE%D8%A7%DA%A9-%DA%A9%D9%88%D8%AF-%D8%B3%D9%85%D9%88%D9%85?page=186
کود ان پی کا غنی شده تایمکس npk حجم 150میلی لیتر,,69000,460000.0,0.15,True,https://basalam.com/cat/tools/%D8%AE%D8%A7%DA%A9-%DA%A9%D9%88%D8%AF-%D8%B3%D9%85%D9%88%D9%85?page=186
کود جلبک دریایی مایع رویش سبز با فرمالیسیون عالی و کیفیت فوق العاده بسته 5 عددی,,270000,2700000.0,0.1,True,https://basalam.com/cat/tools/%D8%AE%D8%A7%DA%A9-%DA%A9%D9%88%D8%AF-%D8%B3%D9%85%D9%88%D9%85?page=186
کود اسیدهیومیک مایع (پس کرایه),,250000,50000.0,5.0,True,https://basalam.com/cat/tools/%D8%AE%D8%A7%DA%A9-%DA%A9%D9%88%D8%AF-%D8%B3%D9%85%D9%88%D9%85?page=186
کود ده ایکس شوک اصل آمریکا پنج لیتری نانو(پس کرایه),,1034800,206960.0,5.0,True,https://basalam.com/cat/tools/%D8%AE%D8%A7%DA%A9-%DA%A9%D9%88%D8%AF-%D8%B3%D9%85%D9%88%D9%85?page=190
کود فسفر بالا 90 درصد بمب اصل پنج لیتری (پس کرایه),,1286100,257220.0,5.0,True,https://basalam.com/cat/tools/%D8%AE%D8%A7%DA%A9-%DA%A9%D9%88%D8%AF-%D8%B3%D9%85%D9%88%D9%85?page=190
کود کاکتوس برند پروتکت نیچر اسپانیا,,110000,880000.0,0.125,True,https://basalam.com/cat/tools/%D8%AE%D8%A7%DA%A9-%DA%A9%D9%88%D8%AF-%D8%B3%D9%85%D9%88%D9%85?page=189
کود ریشه زایی بیورادیکانت (بیورادیکانت) فیوچراکو اسپانیا حجم یک لیتر,,2000000,1369863.0136986305,1.46,True,https://basalam.com/cat/tools/%D8%AE%D8%A7%DA%A9-%DA%A9%D9%88%D8%AF-%D8%B3%D9%85%D9%88%D9%85?page=189
کود اسید آمینه فوگو80 (پس کرایه),,1050000,1050000.0,1.0,True,https://basalam.com/cat/tools/%D8%AE%D8%A7%DA%A9-%DA%A9%D9%88%D8%AF-%D8%B3%D9%85%D9%88%D9%85?page=186
کود 20-20-20 نوبل,,350000,350000.0,1.0,True,https://basalam.com/cat/tools/%D8%AE%D8%A7%DA%A9-%DA%A9%D9%88%D8%AF-%D8%B3%D9%85%D9%88%D9%85?page=186
کود آلی ورم کستینگ یک گالنی تقویت کننده (پس کرایه),,320000,172972.97297297296,1.85,True,https://basalam.com/cat/tools/%D8%AE%D8%A7%DA%A9-%DA%A9%D9%88%D8%AF-%D8%B3%D9%85%D9%88%D9%85?page=186
رز جاودان دکوفیوره مدل جعبه جواهرات و کارت هدیه طرح گل رنگارنگ,,950000,2111111.111111111,0.45,True,https://basalam.com/cat/tools/%D8%AE%D8%A7%DA%A9-%DA%A9%D9%88%D8%AF-%D8%B3%D9%85%D9%88%D9%85?page=186
کود مایع آمینو اسید گیلدا مدل بنامید حجم 120 میلی لیتر,,256000,2560000.0,0.1,True,https://basalam.com/cat/tools/%D8%AE%D8%A7%DA%A9-%DA%A9%D9%88%D8%AF-%D8%B3%D9%85%D9%88%D9%85?page=186
کود آمینو اسید درخت گیاه,,450000,450000.0,1.0,True,https://basalam.com/cat/tools/%D8%AE%D8%A7%DA%A9-%DA%A9%D9%88%D8%AF-%D8%B3%D9%85%D9%88%D9%85?page=195
کود جلبک دریایی پودری 35گرم ایرانی,,35000,1000000.0,0.035,True,https://basalam.com/cat/tools/%D8%AE%D8%A7%DA%A9-%DA%A9%D9%88%D8%AF-%D8%B3%D9%85%D9%88%D9%85?page=186
کود فروت ست تتاکو مناسب گلدان و باغچه وزن 120 گرم,,70000,583333.3333333334,0.12,True,https://basalam.com/cat/tools/%D8%AE%D8%A7%DA%A9-%DA%A9%D9%88%D8%AF-%D8%B3%D9%85%D9%88%D9%85?page=189
کود ترکیبی تقویت و رشد گیاه,,790000,790000.0,1.0,True,https://basalam.com/cat/tools/%D8%AE%D8%A7%DA%A9-%DA%A9%D9%88%D8%AF-%D8%B3%D9%85%D9%88%D9%85?page=186
کود آهن پلاس نیکوبذر (گرم بالا) 10 گرمی,,49000,4900000.0,0.01,True,https://basalam.com/cat/tools/%D8%AE%D8%A7%DA%A9-%DA%A9%D9%88%D8%AF-%D8%B3%D9%85%D9%88%D9%85?page=195
کود کارتی هوشمند گلپک,,29000,5800000.0,0.005,True,https://basalam.com/cat/tools/%D8%AE%D8%A7%DA%A9-%DA%A9%D9%88%D8%AF-%D8%B3%D9%85%D9%88%D9%85?page=195
کود آمینو اسید پلاس نیکوبذر (گرم بالا) محرک رشد,,49000,4083333.333333333,0.012,True,https://basalam.com/cat/tools/%D8%AE%D8%A7%DA%A9-%DA%A9%D9%88%D8%AF-%D8%B3%D9%85%D9%88%D9%85?page=195
روغن ولک . پاکسازی و براق کردن برگها,,35000,291666.6666666667,0.12,True,https://basalam.com/cat/tools/%D8%AE%D8%A7%DA%A9-%DA%A9%D9%88%D8%AF-%D8%B3%D9%85%D9%88%D9%85?page=195
کود فروت ست رویش و گلدهی,,350000,350000.0,1.0,True,https://basalam.com/cat/tools/%D8%AE%D8%A7%DA%A9-%DA%A9%D9%88%D8%AF-%D8%B3%D9%85%D9%88%D9%85?page=195
کود مایع لبوسل آمونیوم تی اس 200 لبوسل آلمان,,715000,715000.0,1.0,True,https://basalam.com/cat/tools/%D8%AE%D8%A7%DA%A9-%DA%A9%D9%88%D8%AF-%D8%B3%D9%85%D9%88%D9%85?page=195
کود اسید آمینه پودری 87.5% پروتیفرت PN-14,,616000,1232000.0,0.5,True,https://basalam.com/cat/tools/%D8%AE%D8%A7%DA%A9-%DA%A9%D9%88%D8%AF-%D8%B3%D9%85%D9%88%D9%85?page=186
کود گلدهی ( تقویت ریشه ) مخصوص بنفشه آفریقایی,,50000,1666666.6666666667,0.03,True,https://basalam.com/cat/tools/%D8%AE%D8%A7%DA%A9-%DA%A9%D9%88%D8%AF-%D8%B3%D9%85%D9%88%D9%85?page=189
کود رشد مخصوص بنفشه آفریقایی 30 گرمی,,45000,1500000.0,0.03,True,https://basalam.com/cat/tools/%D8%AE%D8%A7%DA%A9-%DA%A9%D9%88%D8%AF-%D8%B3%D9%85%D9%88%D9%85?page=189
کود رشد مخصوص بنفشه آفریقایی شیشه‌ای vip,,90000,3000000.0,0.03,True,https://basalam.com/cat/tools/%D8%AE%D8%A7%DA%A9-%DA%A9%D9%88%D8%AF-%D8%B3%D9%85%D9%88%D9%85?page=189
کود مایع 20 20 20 تایمکس,,64900,432666.6666666667,0.15,True,https://basalam.com/cat/tools/%D8%AE%D8%A7%DA%A9-%DA%A9%D9%88%D8%AF-%D8%B3%D9%85%D9%88%D9%85?page=186
کود مولتی کمپلکس تایمکس,,89900,599333.3333333334,0.15,True,https://basalam.com/cat/tools/%D8%AE%D8%A7%DA%A9-%DA%A9%D9%88%D8%AF-%D8%B3%D9%85%D9%88%D9%85?page=186
کود مایع مخصوص بنسای تایمکس,,64900,432666.6666666667,0.15,True,https://basalam.com/cat/tools/%D8%AE%D8%A7%DA%A9-%DA%A9%D9%88%D8%AF-%D8%B3%D9%85%D9%88%D9%85?page=187
کود اوره مدل 0.0.46 برای رشد بسته 100 گرمی,,46500,465000.0,0.1,True,https://basalam.com/cat/tools/%D8%AE%D8%A7%DA%A9-%DA%A9%D9%88%D8%AF-%D8%B3%D9%85%D9%88%D9%85?page=187
کود آلی پتاسیم و نیتروژنه بسته 60 گرمی,,62100,1035000.0,0.06,True,https://basalam.com/cat/tools/%D8%AE%D8%A7%DA%A9-%DA%A9%D9%88%D8%AF-%D8%B3%D9%85%D9%88%D9%85?page=195
گل ختمی سفید با کیفیت عالی بار امسالی و تازه(250 گرمی),,150500,602000.0,0.25,True,https://basalam.com/cat/tools/%D8%AE%D8%A7%DA%A9-%DA%A9%D9%88%D8%AF-%D8%B3%D9%85%D9%88%D9%85?page=187
ریشه چوبک با کیفیت عالی بار امسالی و تازه(100گرمی ),,57800,578000.0,0.1,True,https://basalam.com/cat/tools/%D8%AE%D8%A7%DA%A9-%DA%A9%D9%88%D8%AF-%D8%B3%D9%85%D9%88%D9%85?page=187
گیاه گل بنفشه با کیفیت عالی بار امسالی و تازه(100گرم),,758000,7580000.0,0.1,True,https://basalam.com/cat/tools/%D8%AE%D8%A7%DA%A9-%DA%A9%D9%88%D8%AF-%D8%B3%D9%85%D9%88%D9%85?page=187
گیاه ترخون خشک با کیفیت عالی بار امسالی و تازه(100گرمی ),,91400,914000.0,0.1,True,https://basalam.com/cat/tools/%D8%AE%D8%A7%DA%A9-%DA%A9%D9%88%D8%AF-%D8%B3%D9%85%D9%88%D9%85?page=187
گیاه مرزنجوش پودر شده با کیفیت عالی بار امسالی و تازه(500گرمی ),,351000,702000.0,0.5,True,https://basalam.com/cat/tools/%D8%AE%D8%A7%DA%A9-%DA%A9%D9%88%D8%AF-%D8%B3%D9%85%D9%88%D9%85?page=187
گیاه رازک با کیفیت عالی بار امسالی و تازه(50گرمی),,116000,2320000.0,0.05,True,https://basalam.com/cat/tools/%D8%AE%D8%A7%DA%A9-%DA%A9%D9%88%D8%AF-%D8%B3%D9%85%D9%88%D9%85?page=187
گیاه سنا هندی با کیفیت عالی بار امسالی و تازه(250گرمی),,91125,364500.0,0.25,True,https://basalam.com/cat/tools/%D8%AE%D8%A7%DA%A9-%DA%A9%D9%88%D8%AF-%D8%B3%D9%85%D9%88%D9%85?page=187
گیاه مرزه با کیفیت عالی بار امسالی و تازه(200گرمی),,188200,941000.0,0.2,True,https://basalam.com/cat/tools/%D8%AE%D8%A7%DA%A9-%DA%A9%D9%88%D8%AF-%D8%B3%D9%85%D9%88%D9%85?page=187
گیاه ترخون خشک پودر شده بار امسالی و تازه(100گرمی ),,101400,1014000.0,0.1,True,https://basalam.com/cat/tools/%D8%AE%D8%A7%DA%A9-%DA%A9%D9%88%D8%AF-%D8%B3%D9%85%D9%88%D9%85?page=187
گیاه خارخاسک با کیفیت عالی بار امسالی و تازه(200 گرمی ),,128800,644000.0,0.2,True,https://basalam.com/cat/tools/%D8%AE%D8%A7%DA%A9-%DA%A9%D9%88%D8%AF-%D8%B3%D9%85%D9%88%D9%85?page=187
ریشه چوبک با کیفیت عالی بار امسالی و تازه(150 گرمی ),,101200,674666.6666666667,0.15,True,https://basalam.com/cat/tools/%D8%AE%D8%A7%DA%A9-%DA%A9%D9%88%D8%AF-%D8%B3%D9%85%D9%88%D9%85?page=187
ریشه سنبل الطیب با کیفیت عالی بار امسالی و تازه(150گرمی),,517000,3446666.666666667,0.15,True,https://basalam.com/cat/tools/%D8%AE%D8%A7%DA%A9-%DA%A9%D9%88%D8%AF-%D8%B3%D9%85%D9%88%D9%85?page=187
ریشه شیرین بیان با کیفیت عالی بار امسالی و تازه(50گرمی ),,93000,1860000.0,0.05,True,https://basalam.com/cat/tools/%D8%AE%D8%A7%DA%A9-%DA%A9%D9%88%D8%AF-%D8%B3%D9%85%D9%88%D9%85?page=187
گیاه مرزه با کیفیت عالی بار امسالی و تازه(150گرمی),,155650,1037666.6666666667,0.15,True,https://basalam.com/cat/tools/%D8%AE%D8%A7%DA%A9-%DA%A9%D9%88%D8%AF-%D8%B3%D9%85%D9%88%D9%85?page=187
گل گاو زبان با کیفیت عالی بار امسالی و تازه(250گرمی ),,1206500,4826000.0,0.25,True,https://basalam.com/cat/tools/%D8%AE%D8%A7%DA%A9-%DA%A9%D9%88%D8%AF-%D8%B3%D9%85%D9%88%D9%85?page=187
گیاه خارشتر با کیفیت عالی بار امسالی و تازه(50گرمی ),,38750,775000.0,0.05,True,https://basalam.com/cat/tools/%D8%AE%D8%A7%DA%A9-%DA%A9%D9%88%D8%AF-%D8%B3%D9%85%D9%88%D9%85?page=187
گل بابونه با کیفیت عالی بار امسالی و تازه(100گرمی),,196400,1964000.0,0.1,True,https://basalam.com/cat/tools/%D8%AE%D8%A7%DA%A9-%DA%A9%D9%88%D8%AF-%D8%B3%D9%85%D9%88%D9%85?page=187
ریشه خولنجان با کیفیت عالی بار امسالی و تازه(200گرمی),,485200,2426000.0,0.2,True,https://basalam.com/cat/tools/%D8%AE%D8%A7%DA%A9-%DA%A9%D9%88%D8%AF-%D8%B3%D9%85%D9%88%D9%85?page=187
گیاه سدر با کیفیت عالی بار امسالی و تازه(50گرمی),,83000,1660000.0,0.05,True,https://basalam.com/cat/tools/%D8%AE%D8%A7%DA%A9-%DA%A9%D9%88%D8%AF-%D8%B3%D9%85%D9%88%D9%85?page=187
گیاه کنگر فرنگی با کیفیت عالی بار امسالی و تازه(250گرمی),,160250,641000.0,0.25,True,https://basalam.com/cat/tools/%D8%AE%D8%A7%DA%A9-%DA%A9%D9%88%D8%AF-%D8%B3%D9%85%D9%88%D9%85?page=187
پوست اسفرزه با کیفیت عالی بار امسالی و تازه (50گرمی ),,184000,3680000.0,0.05,True,https://basalam.com/cat/tools/%D8%AE%D8%A7%DA%A9-%DA%A9%D9%88%D8%AF-%D8%B3%D9%85%D9%88%D9%85?page=187
گیاه بهار مرکبات پودر شده با کیفیت عالی بار امسالی و تازه(50گرمی ),,83925,1678500.0,0.05,True,https://basalam.com/cat/tools/%D8%AE%D8%A7%DA%A9-%DA%A9%D9%88%D8%AF-%D8%B3%D9%85%D9%88%D9%85?page=187
ریشه چوبک با کیفیت عالی بار امسالی و تازه(100گرمی ),,57800,578000.0,0.1,True,https://basalam.com/cat/tools/%D8%AE%D8%A7%DA%A9-%DA%A9%D9%88%D8%AF-%D8%B3%D9%85%D9%88%D9%85?page=187
ریشه شیرین بیان با کیفیت عالی بار امسالی و تازه(250گرمی ),,109250,437000.0,0.25,True,https://basalam.com/cat/tools/%D8%AE%D8%A7%DA%A9-%DA%A9%D9%88%D8%AF-%D8%B3%D9%85%D9%88%D9%85?page=187
گیاه نعناع دشتی با کیفیت عالی بار امسالی و تازه(500 گرمی),,791750,1583500.0,0.5,True,https://basalam.com/cat/tools/%D8%AE%D8%A7%DA%A9-%DA%A9%D9%88%D8%AF-%D8%B3%D9%85%D9%88%D9%85?page=187
گل مینا با کیفیت عالی بار امسالی و تازه(100گرمی),,662800,6628000.0,0.1,True,https://basalam.com/cat/tools/%D8%AE%D8%A7%DA%A9-%DA%A9%D9%88%D8%AF-%D8%B3%D9%85%D9%88%D9%85?page=187
برگ توت با کیفیت عالی بار امسالی و تازه(500گرمی),,144750,289500.0,0.5,True,https://basalam.com/cat/tools/%D8%AE%D8%A7%DA%A9-%DA%A9%D9%88%D8%AF-%D8%B3%D9%85%D9%88%D9%85?page=187
برگ سنا بار امسالی و تازه(100گرمی),,56450,564500.0,0.1,True,https://basalam.com/cat/tools/%D8%AE%D8%A7%DA%A9-%DA%A9%D9%88%D8%AF-%D8%B3%D9%85%D9%88%D9%85?page=187
گیاه گزنه با کیفیت عالی بار امسالی و تازه(250گرمی ),,138125,552500.0,0.25,True,https://basalam.com/cat/tools/%D8%AE%D8%A7%DA%A9-%DA%A9%D9%88%D8%AF-%D8%B3%D9%85%D9%88%D9%85?page=187
گیاه گشنیز با کیفیت عالی بار امسالی و تازه(100گرمی ),,81500,815000.0,0.1,True,https://basalam.com/cat/tools/%D8%AE%D8%A7%DA%A9-%DA%A9%D9%88%D8%AF-%D8%B3%D9%85%D9%88%D9%85?page=187
کود npk (20 20 20) سه بیست تضمین کیفیت,,55000,785714.2857142857,0.07,True,https://basalam.com/cat/tools/%D8%AE%D8%A7%DA%A9-%DA%A9%D9%88%D8%AF-%D8%B3%D9%85%D9%88%D9%85?page=188
کود مخصوص سانسوریا و زاموفیلیا,,60000,857142.857142857,0.07,True,https://basalam.com/cat/tools/%D8%AE%D8%A7%DA%A9-%DA%A9%D9%88%D8%AF-%D8%B3%D9%85%D9%88%D9%85?page=188
کود کامل و شگفت انگیز گیاهان آپارتمانی نهال و درختان (11 عنصر حیاتی ),,179000,358000.0,0.5,True,https://basalam.com/cat/tools/%D8%AE%D8%A7%DA%A9-%DA%A9%D9%88%D8%AF-%D8%B3%D9%85%D9%88%D9%85?page=188
کود پتاس بالا یا گلدهی ملکه,,98000,1633333.3333333335,0.06,True,https://basalam.com/cat/tools/%D8%AE%D8%A7%DA%A9-%DA%A9%D9%88%D8%AF-%D8%B3%D9%85%D9%88%D9%85?page=188
کود 36-12-12 (پتاس بالا ) 500 گرمی,,75000,150000.0,0.5,True,https://basalam.com/cat/tools/%D8%AE%D8%A7%DA%A9-%DA%A9%D9%88%D8%AF-%D8%B3%D9%85%D9%88%D9%85?page=188
کود 20-20-20 (سه بیست)200 گرمی,,37000,185000.0,0.2,True,https://basalam.com/cat/tools/%D8%AE%D8%A7%DA%A9-%DA%A9%D9%88%D8%AF-%D8%B3%D9%85%D9%88%D9%85?page=188
کود پتاس بالا مایع یک لیتری,,200000,142857.14285714287,1.4,True,https://basalam.com/cat/tools/%D8%AE%D8%A7%DA%A9-%DA%A9%D9%88%D8%AF-%D8%B3%D9%85%D9%88%D9%85?page=188
کود NPK 12-12-36 تتاکو مناسب گلدان و باغچه وزن 120 گرم بسته 10 عددی,,330000,275000.0,1.2,True,https://basalam.com/cat/tools/%D8%AE%D8%A7%DA%A9-%DA%A9%D9%88%D8%AF-%D8%B3%D9%85%D9%88%D9%85?page=188
گیاه کاسنی با کیفیت عالی بار امسالی و تازه(250گرمی ),,145700,582800.0,0.25,True,https://basalam.com/cat/tools/%D8%AE%D8%A7%DA%A9-%DA%A9%D9%88%D8%AF-%D8%B3%D9%85%D9%88%D9%85?page=194
گیاه کاسنی با کیفیت عالی بار امسالی و تازه(750گرمی),,396600,528800.0,0.75,True,https://basalam.com/cat/tools/%D8%AE%D8%A7%DA%A9-%DA%A9%D9%88%D8%AF-%D8%B3%D9%85%D9%88%D9%85?page=194
برگ جینکو با کیفیت عالی بار امسالی و تازه(500گرمی ),,1507800,3015600.0,0.5,True,https://basalam.com/cat/tools/%D8%AE%D8%A7%DA%A9-%DA%A9%D9%88%D8%AF-%D8%B3%D9%85%D9%88%D9%85?page=194
گیاه گزنه با کیفیت عالی بار امسالی و تازه(250گرمی ),,153100,612400.0,0.25,True,https://basalam.com/cat/tools/%D8%AE%D8%A7%DA%A9-%DA%A9%D9%88%D8%AF-%D8%B3%D9%85%D9%88%D9%85?page=194
آلوئه ورا با کیفیت عالی بار امسالی و تازه(500گرمی),,1544700,3089400.0,0.5,True,https://basalam.com/cat/tools/%D8%AE%D8%A7%DA%A9-%DA%A9%D9%88%D8%AF-%D8%B3%D9%85%D9%88%D9%85?page=194
گیاه خرفه با کیفیت عالی بار امسالی و تازه(150گرمی),,242600,1617333.3333333335,0.15,True,https://basalam.com/cat/tools/%D8%AE%D8%A7%DA%A9-%DA%A9%D9%88%D8%AF-%D8%B3%D9%85%D9%88%D9%85?page=194
گیاه شاهتره با کیفیت عالی بار امسالی و تازه(200گرمی),,130400,652000.0,0.2,True,https://basalam.com/cat/tools/%D8%AE%D8%A7%DA%A9-%DA%A9%D9%88%D8%AF-%D8%B3%D9%85%D9%88%D9%85?page=194
ریشه شیرین بیان با کیفیت عالی بار امسالی و تازه(200گرمی),,162500,812500.0,0.2,True,https://basalam.com/cat/tools/%D8%AE%D8%A7%DA%A9-%DA%A9%D9%88%D8%AF-%D8%B3%D9%85%D9%88%D9%85?page=194
ریشه کاسنی با کیفیت عالی بار امسالی و تازه(750گرمی ),,700300,933733.3333333334,0.75,True,https://basalam.com/cat/tools/%D8%AE%D8%A7%DA%A9-%DA%A9%D9%88%D8%AF-%D8%B3%D9%85%D9%88%D9%85?page=194
گیاه نعناع فلفلی با کیفیت عالی بار امسالی و تازه(200گرمی ),,274000,1370000.0,0.2,True,https://basalam.com/cat/tools/%D8%AE%D8%A7%DA%A9-%DA%A9%D9%88%D8%AF-%D8%B3%D9%85%D9%88%D9%85?page=194
گیاه مورد با کیفیت عالی بار امسالی و تازه(150گرمی),,199300,1328666.6666666667,0.15,True,https://basalam.com/cat/tools/%D8%AE%D8%A7%DA%A9-%DA%A9%D9%88%D8%AF-%D8%B3%D9%85%D9%88%D9%85?page=194
استویا با کیفیت عالی بار امسالی و تازه(500 گرمی),,2000000,4000000.0,0.5,True,https://basalam.com/cat/tools/%D8%AE%D8%A7%DA%A9-%DA%A9%D9%88%D8%AF-%D8%B3%D9%85%D9%88%D9%85?page=194
گل گاو زبان با کیفیت عالی بار امسالی و تازه(500گرمی ),,6058100,12116200.0,0.5,True,https://basalam.com/cat/tools/%D8%AE%D8%A7%DA%A9-%DA%A9%D9%88%D8%AF-%D8%B3%D9%85%D9%88%D9%85?page=194
برگ سنا با کیفیت عالی بار امسالی و تازه(500گرمی ),,209900,419800.0,0.5,True,https://basalam.com/cat/tools/%D8%AE%D8%A7%DA%A9-%DA%A9%D9%88%D8%AF-%D8%B3%D9%85%D9%88%D9%85?page=194
گیاه سدر با کیفیت عالی بار امسالی و تازه(250گرمی ),,108000,432000.0,0.25,True,https://basalam.com/cat/tools/%D8%AE%D8%A7%DA%A9-%DA%A9%D9%88%D8%AF-%D8%B3%D9%85%D9%88%D9%85?page=194
گیاه خارخاسک با کیفیت عالی بار امسالی و تازه(500گرمی),,249600,499200.0,0.5,True,https://basalam.com/cat/tools/%D8%AE%D8%A7%DA%A9-%DA%A9%D9%88%D8%AF-%D8%B3%D9%85%D9%88%D9%85?page=194
افسنطین با کیفیت عالی بار امسالی و تازه(500گرمی),,730500,1461000.0,0.5,True,https://basalam.com/cat/tools/%D8%AE%D8%A7%DA%A9-%DA%A9%D9%88%D8%AF-%D8%B3%D9%85%D9%88%D9%85?page=194
گیاه مرزه با کیفیت عالی بار امسالی و تازه(250گرمی ),,266000,1064000.0,0.25,True,https://basalam.com/cat/tools/%D8%AE%D8%A7%DA%A9-%DA%A9%D9%88%D8%AF-%D8%B3%D9%85%D9%88%D9%85?page=194
گیاه زوفا با کیفیت عالی بار امسالی و تازه(150گرمی),,496100,3307333.333333333,0.15,True,https://basalam.com/cat/tools/%D8%AE%D8%A7%DA%A9-%DA%A9%D9%88%D8%AF-%D8%B3%D9%85%D9%88%D9%85?page=194
ریشه آنغوزه با کیفیت عالی بار امسالی و تازه(150گرمی ),,5637600,37584000.0,0.15,True,https://basalam.com/cat/tools/%D8%AE%D8%A7%DA%A9-%DA%A9%D9%88%D8%AF-%D8%B3%D9%85%D9%88%D9%85?page=194
فروش ریشه شیرین بیان با کیفیت عالی بار امسالی و تازه(500گرمی),,426700,853400.0,0.5,True,https://basalam.com/cat/tools/%D8%AE%D8%A7%DA%A9-%DA%A9%D9%88%D8%AF-%D8%B3%D9%85%D9%88%D9%85?page=194
کود منگنز شوک اصل 29درصد اصل آمریکایی یک لیتری (پس کرایه),,249700,249700.0,1.0,True,https://basalam.com/cat/tools/%D8%AE%D8%A7%DA%A9-%DA%A9%D9%88%D8%AF-%D8%B3%D9%85%D9%88%D9%85?page=190
کود فسفر بالا 95درصد شوک اصل یک لیتری ریشه زا (پس کرایه),,372800,372800.0,1.0,True,https://basalam.com/cat/tools/%D8%AE%D8%A7%DA%A9-%DA%A9%D9%88%D8%AF-%D8%B3%D9%85%D9%88%D9%85?page=190
کود ضد سرمازدگی آمینواسید شوک 80 درصد اصل یک لیتری (پس کرایه ),,225600,225600.0,1.0,True,https://basalam.com/cat/tools/%D8%AE%D8%A7%DA%A9-%DA%A9%D9%88%D8%AF-%D8%B3%D9%85%D9%88%D9%85?page=191
کود 12ـ12ـ36 مخصوص گلدهی شوک اصل یک لیتری (پس کرایه),,279800,279800.0,1.0,True,https://basalam.com/cat/tools/%D8%AE%D8%A7%DA%A9-%DA%A9%D9%88%D8%AF-%D8%B3%D9%85%D9%88%D9%85?page=191
کود مس شوک اصل مایع یک لیتری آمریکایی (پس کرایه),,234600,234600.0,1.0,True,https://basalam.com/cat/tools/%D8%AE%D8%A7%DA%A9-%DA%A9%D9%88%D8%AF-%D8%B3%D9%85%D9%88%D9%85?page=191
کود آهن شوک 25درصد اصل آمریکایی یک لیتری مایع (پس کرایه),,255600,255600.0,1.0,True,https://basalam.com/cat/tools/%D8%AE%D8%A7%DA%A9-%DA%A9%D9%88%D8%AF-%D8%B3%D9%85%D9%88%D9%85?page=191
کود فسفر 95درصد EXPLODE نانو مایع 20 لتیری,,5800000,290000.0,20.0,True,https://basalam.com/cat/tools/%D8%AE%D8%A7%DA%A9-%DA%A9%D9%88%D8%AF-%D8%B3%D9%85%D9%88%D9%85?page=192
کود فروت ست دان نہال (پس کرایه),,260000,260000.0,1.0,True,https://basalam.com/cat/tools/%D8%AE%D8%A7%DA%A9-%DA%A9%D9%88%D8%AF-%D8%B3%D9%85%D9%88%D9%85?page=192
انواع فیکوس سبز . ابلق . بلک . شرابی . لیراتا هزینه ارسال به صورت پسکرایه و به عهده مشتری میباشد,,380000,63333.333333333336,6.0,True,https://basalam.com/cat/tools/%D8%AE%D8%A7%DA%A9-%DA%A9%D9%88%D8%AF-%D8%B3%D9%85%D9%88%D9%85?page=192
کود مخصوص رنگ گیری گوجه فرنگی شوک پنج لیتری محصول آمریکا,,1300000,260000.0,5.0,True,https://basalam.com/cat/tools/%D8%AE%D8%A7%DA%A9-%DA%A9%D9%88%D8%AF-%D8%B3%D9%85%D9%88%D9%85?page=192
کود مخصوص درختچه بنسای Bonsai محلول تخصصی بونسای کینگ مکس مکزیکی,,148000,616666.6666666667,0.24,True,https://basalam.com/cat/tools/%D8%AE%D8%A7%DA%A9-%DA%A9%D9%88%D8%AF-%D8%B3%D9%85%D9%88%D9%85?page=192
عصاره و کود جلبک دریایی کینگ مکس مکزیکی محرک رشد و جوانسازی گل و گیاه,,148000,616666.6666666667,0.24,True,https://basalam.com/cat/tools/%D8%AE%D8%A7%DA%A9-%DA%A9%D9%88%D8%AF-%D8%B3%D9%85%D9%88%D9%85?page=192
کود مایع آمینو اسید انگلیسی 80 درصد,,450000,1800000.0,0.25,True,https://basalam.com/cat/tools/%D8%AE%D8%A7%DA%A9-%DA%A9%D9%88%D8%AF-%D8%B3%D9%85%D9%88%D9%85?page=192
کود مایع کامل آمریکایی پرایوید 125 سی سی,,250000,1724137.9310344828,0.145,True,https://basalam.com/cat/tools/%D8%AE%D8%A7%DA%A9-%DA%A9%D9%88%D8%AF-%D8%B3%D9%85%D9%88%D9%85?page=192
کود مایع جلبک دریایی آمریکایی با هورمون رشد,,390000,1560000.0,0.25,True,https://basalam.com/cat/tools/%D8%AE%D8%A7%DA%A9-%DA%A9%D9%88%D8%AF-%D8%B3%D9%85%D9%88%D9%85?page=192
کود معجزه آسای گیاهان آپارتمانی,,65000,2166666.666666667,0.03,True,https://basalam.com/cat/tools/%D8%AE%D8%A7%DA%A9-%DA%A9%D9%88%D8%AF-%D8%B3%D9%85%D9%88%D9%85?page=193
گیاه دم گیلاس با کیفیت عالی بار امسالی و تازه(100گرمی),,81500,815000.0,0.1,True,https://basalam.com/cat/tools/%D8%AE%D8%A7%DA%A9-%DA%A9%D9%88%D8%AF-%D8%B3%D9%85%D9%88%D9%85?page=193
گیاه نعناع دشتی با کیفیت عالی بار امسالی و تازه(750گرمی ),,1202125,1602833.3333333333,0.75,True,https://basalam.com/cat/tools/%D8%AE%D8%A7%DA%A9-%DA%A9%D9%88%D8%AF-%D8%B3%D9%85%D9%88%D9%85?page=193
گیاه شوید با کیفیت عالی بار امسالی و تازه(250گرمی ),,224750,899000.0,0.25,True,https://basalam.com/cat/tools/%D8%AE%D8%A7%DA%A9-%DA%A9%D9%88%D8%AF-%D8%B3%D9%85%D9%88%D9%85?page=193
گیاه سنا هندی با کیفیت عالی بار امسالی و تازه(500گرمی),,181250,362500.0,0.5,True,https://basalam.com/cat/tools/%D8%AE%D8%A7%DA%A9-%DA%A9%D9%88%D8%AF-%D8%B3%D9%85%D9%88%D9%85?page=193
گیاه مرزه با کیفیت عالی بار امسالی و تازه(150گرمی),,155650,1037666.6666666667,0.15,True,https://basalam.com/cat/tools/%D8%AE%D8%A7%DA%A9-%DA%A9%D9%88%D8%AF-%D8%B3%D9%85%D9%88%D9%85?page=193
برگ توت بار امسالی و تازه(250گرمی),,73688,294752.0,0.25,True,https://basalam.com/cat/tools/%D8%AE%D8%A7%DA%A9-%DA%A9%D9%88%D8%AF-%D8%B3%D9%85%D9%88%D9%85?page=193
گیاه برگ بو پودر شده با کیفیت عالی بار امسالی و تازه(50گرمی),,135900,2718000.0,0.05,True,https://basalam.com/cat/tools/%D8%AE%D8%A7%DA%A9-%DA%A9%D9%88%D8%AF-%D8%B3%D9%85%D9%88%D9%85?page=193
گیاه گزنه با کیفیت عالی بار امسالی و تازه(250گرمی ),,138125,552500.0,0.25,True,https://basalam.com/cat/tools/%D8%AE%D8%A7%DA%A9-%DA%A9%D9%88%D8%AF-%D8%B3%D9%85%D9%88%D9%85?page=193
گیاه ترخون خشک پودر شده بار امسالی و تازه(100گرمی ),,101400,1014000.0,0.1,True,https://basalam.com/cat/tools/%D8%AE%D8%A7%DA%A9-%DA%A9%D9%88%D8%AF-%D8%B3%D9%85%D9%88%D9%85?page=193
آلوئه ورا بار امسالی و تازه(50گرمی),,198500,3970000.0,0.05,True,https://basalam.com/cat/tools/%D8%AE%D8%A7%DA%A9-%DA%A9%D9%88%D8%AF-%D8%B3%D9%85%D9%88%D9%85?page=193
گیاه خارخاسک با کیفیت عالی بار امسالی و تازه(750 گرمی ),,323500,431333.3333333333,0.75,True,https://basalam.com/cat/tools/%D8%AE%D8%A7%DA%A9-%DA%A9%D9%88%D8%AF-%D8%B3%D9%85%D9%88%D9%85?page=193
گیاه دم گیلاس پودرشده بار امسالی و تازه(250گرمی),,170250,681000.0,0.25,True,https://basalam.com/cat/tools/%D8%AE%D8%A7%DA%A9-%DA%A9%D9%88%D8%AF-%D8%B3%D9%85%D9%88%D9%85?page=193
گیاه جعفری با کیفیت عالی بار امسالی و تازه(50گرمی ),,63200,1264000.0,0.05,True,https://basalam.com/cat/tools/%D8%AE%D8%A7%DA%A9-%DA%A9%D9%88%D8%AF-%D8%B3%D9%85%D9%88%D9%85?page=193
اکالیپتوس بار امسالی و تازه(150 گرمی ),,93250,621666.6666666667,0.15,True,https://basalam.com/cat/tools/%D8%AE%D8%A7%DA%A9-%DA%A9%D9%88%D8%AF-%D8%B3%D9%85%D9%88%D9%85?page=193
گیاه خارخاسک با کیفیت عالی بار امسالی و تازه(200 گرمی ),,128800,644000.0,0.2,True,https://basalam.com/cat/tools/%D8%AE%D8%A7%DA%A9-%DA%A9%D9%88%D8%AF-%D8%B3%D9%85%D9%88%D9%85?page=193
گیاه زوفا با کیفیت عالی بار امسالی و تازه(250گرمی ),,365000,1460000.0,0.25,True,https://basalam.com/cat/tools/%D8%AE%D8%A7%DA%A9-%DA%A9%D9%88%D8%AF-%D8%B3%D9%85%D9%88%D9%85?page=193
گیاه برگ بو پودرشده با کیفیت عالی بار امسالی و تازه(500گرمی),,1008000,2016000.0,0.5,True,https://basalam.com/cat/tools/%D8%AE%D8%A7%DA%A9-%DA%A9%D9%88%D8%AF-%D8%B3%D9%85%D9%88%D9%85?page=193
گیاه پرسیاوشان پودر شده بار امسالی و تازه(100گرمی ),,196500,1965000.0,0.1,True,https://basalam.com/cat/tools/%D8%AE%D8%A7%DA%A9-%DA%A9%D9%88%D8%AF-%D8%B3%D9%85%D9%88%D9%85?page=193
گیاه پرسیاوشان پودرشده بار امسالی و تازه(500گرمی ),,826500,1653000.0,0.5,True,https://basalam.com/cat/tools/%D8%AE%D8%A7%DA%A9-%DA%A9%D9%88%D8%AF-%D8%B3%D9%85%D9%88%D9%85?page=193
گیاه سداب با کیفیت عالی بار امسالی و تازه(200گرمی),,326800,1634000.0,0.2,True,https://basalam.com/cat/tools/%D8%AE%D8%A7%DA%A9-%DA%A9%D9%88%D8%AF-%D8%B3%D9%85%D9%88%D9%85?page=193
گل بومادران با کیفیت عالی بار امسالی و تازه(50گرمی),,41750,835000.0,0.05,True,https://basalam.com/cat/tools/%D8%AE%D8%A7%DA%A9-%DA%A9%D9%88%D8%AF-%D8%B3%D9%85%D9%88%D9%85?page=193
گیاه پرسیاوشان بار امسالی و تازه(500گرمی ),,816500,1633000.0,0.5,True,https://basalam.com/cat/tools/%D8%AE%D8%A7%DA%A9-%DA%A9%D9%88%D8%AF-%D8%B3%D9%85%D9%88%D9%85?page=193
گیاه رازک با کیفیت عالی بار امسالی و تازه(200گرمی),,406000,2030000.0,0.2,True,https://basalam.com/cat/tools/%D8%AE%D8%A7%DA%A9-%DA%A9%D9%88%D8%AF-%D8%B3%D9%85%D9%88%D9%85?page=194
کود کامل فسفر بالای ریشه زایی فراگین مدل 15-30-15 وزن 200 گرم,,69000,345000.0,0.2,True,https://basalam.com/cat/tools/%D8%AE%D8%A7%DA%A9-%DA%A9%D9%88%D8%AF-%D8%B3%D9%85%D9%88%D9%85?page=194
کود کامل رشد زایشی پتاس بالای NPK (3-3-50) مناسب برای گلدهی و میوه دهی گیاهان,,150000,150000.0,1.0,True,https://basalam.com/cat/tools/%D8%AE%D8%A7%DA%A9-%DA%A9%D9%88%D8%AF-%D8%B3%D9%85%D9%88%D9%85?page=194
گیاه نعناع دشتی با کیفیت عالی بار امسالی و تازه(200گرمی ),,328900,1644500.0,0.2,True,https://basalam.com/cat/tools/%D8%AE%D8%A7%DA%A9-%DA%A9%D9%88%D8%AF-%D8%B3%D9%85%D9%88%D9%85?page=194
ریشه چوبک با کیفیت عالی بار امسالی و تازه(150 گرمی ),,163800,1092000.0,0.15,True,https://basalam.com/cat/tools/%D8%AE%D8%A7%DA%A9-%DA%A9%D9%88%D8%AF-%D8%B3%D9%85%D9%88%D9%85?page=194
ریشه چوبک با کیفیت عالی بار امسالی و تازه(500گرمی),,241300,482600.0,0.5,True,https://basalam.com/cat/tools/%D8%AE%D8%A7%DA%A9-%DA%A9%D9%88%D8%AF-%D8%B3%D9%85%D9%88%D9%85?page=194
گل مینا با کیفیت عالی بار امسالی و تازه(200گرمی),,2232600,11163000.0,0.2,True,https://basalam.com/cat/tools/%D8%AE%D8%A7%DA%A9-%DA%A9%D9%88%D8%AF-%D8%B3%D9%85%D9%88%D9%85?page=194
کود مایع کامل,,62000,968750.0,0.064,True,https://basalam.com/cat/tools/%D8%AE%D8%A7%DA%A9-%DA%A9%D9%88%D8%AF-%D8%B3%D9%85%D9%88%D9%85?page=194
موساریوم جاودان بدون نیاز به رسیدگی و کاملا طبیعی,,1850000,925000.0,2.0,True,https://basalam.com/cat/tools/%D8%AE%D8%A7%DA%A9-%DA%A9%D9%88%D8%AF-%D8%B3%D9%85%D9%88%D9%85?page=195
کود 36 12 12 کاکتوس  زاموفیلیا سانسوریا 50 گرم,,31500,630000.0,0.05,True,https://basalam.com/cat/tools/%D8%AE%D8%A7%DA%A9-%DA%A9%D9%88%D8%AF-%D8%B3%D9%85%D9%88%D9%85?page=195
کود ازت بالا شوک مایع 42 درصد اصل یک لیتری (پس کرایه),,121800,121800.0,1.0,True,https://basalam.com/cat/tools/%D8%AE%D8%A7%DA%A9-%DA%A9%D9%88%D8%AF-%D8%B3%D9%85%D9%88%D9%85?page=195
کود مرغی شوک مایع اصل پنج لیتری (کاملترین آنالیز) پس کرایه,,404800,80960.0,5.0,True,https://basalam.com/cat/tools/%D8%AE%D8%A7%DA%A9-%DA%A9%D9%88%D8%AF-%D8%B3%D9%85%D9%88%D9%85?page=195
کود مخصو ص پتوس (100 گرممحصول آلمان),,98000,980000.0,0.1,True,https://basalam.com/cat/tools/%D8%AE%D8%A7%DA%A9-%DA%A9%D9%88%D8%AF-%D8%B3%D9%85%D9%88%D9%85?page=195
کود سانسوریا شمشیری ابلق,,120000,1200000.0,0.1,True,https://basalam.com/cat/tools/%D8%AE%D8%A7%DA%A9-%DA%A9%D9%88%D8%AF-%D8%B3%D9%85%D9%88%D9%85?page=195
کود 36 12 12 TE پتاس بالا دارای ریز مغذی (100 گرم ساخت المان ),,79000,790000.0,0.1,True,https://basalam.com/cat/tools/%D8%AE%D8%A7%DA%A9-%DA%A9%D9%88%D8%AF-%D8%B3%D9%85%D9%88%D9%85?page=196
کود تقویتی 20-20-20 مایع (فاینال)شرکت ایکس گرین 250 سی سی,,140000,280000.0,0.5,True,https://basalam.com/cat/tools/%D8%AE%D8%A7%DA%A9-%DA%A9%D9%88%D8%AF-%D8%B3%D9%85%D9%88%D9%85?page=195
کود گلدهی 121236همراه با هیومیک درجهA++,,90000,900000.0,0.1,True,https://basalam.com/cat/tools/%D8%AE%D8%A7%DA%A9-%DA%A9%D9%88%D8%AF-%D8%B3%D9%85%D9%88%D9%85?page=196
آشواگاندا با کیفیت عالی بار امسالی و تازه(500گرمی),,1518000,3036000.0,0.5,True,https://basalam.com/cat/tools/%D8%AE%D8%A7%DA%A9-%DA%A9%D9%88%D8%AF-%D8%B3%D9%85%D9%88%D9%85?page=196
گل ختمی سفید با کیفیت عالی بار امسالی و تازه(250 گرمی),,151000,604000.0,0.25,True,https://basalam.com/cat/tools/%D8%AE%D8%A7%DA%A9-%DA%A9%D9%88%D8%AF-%D8%B3%D9%85%D9%88%D9%85?page=196
ریشه چوبک با کیفیت عالی بار امسالی و تازه(500گرمی),,185000,370000.0,0.5,True,https://basalam.com/cat/tools/%D8%AE%D8%A7%DA%A9-%DA%A9%D9%88%D8%AF-%D8%B3%D9%85%D9%88%D9%85?page=196
ریشه سنبل الطیب با کیفیت عالی بار امسالی و تازه(250گرمی ),,820700,3282800.0,0.25,True,https://basalam.com/cat/tools/%D8%AE%D8%A7%DA%A9-%DA%A9%D9%88%D8%AF-%D8%B3%D9%85%D9%88%D9%85?page=196
ریشه شیرین بیان با کیفیت عالی بار امسالی و تازه(250گرمی ),,115000,460000.0,0.25,True,https://basalam.com/cat/tools/%D8%AE%D8%A7%DA%A9-%DA%A9%D9%88%D8%AF-%D8%B3%D9%85%D9%88%D9%85?page=196
کود 10-52-10 هلندی فسفر بالا ( ریشه زایی گلدهی پاجوش دهی) 75 گرمی,,55000,733333.3333333334,0.075,True,https://basalam.com/cat/tools/%D8%AE%D8%A7%DA%A9-%DA%A9%D9%88%D8%AF-%D8%B3%D9%85%D9%88%D9%85?page=196
مومنایی سلاجیت پاکستانی با کیفیت عالی بار امسالی و تازه(100 گرمی),,671000,6710000.0,0.1,True,https://basalam.com/cat/tools/%D8%AE%D8%A7%DA%A9-%DA%A9%D9%88%D8%AF-%D8%B3%D9%85%D9%88%D9%85?page=196
گیاه کاکوتی با کیفیت عالی و ممتاز (500گرم ),,225000,450000.0,0.5,True,https://basalam.com/cat/tools/%D8%AE%D8%A7%DA%A9-%DA%A9%D9%88%D8%AF-%D8%B3%D9%85%D9%88%D9%85?page=196
گیاه مرزنجوش پودر شده  بار امسالی و تازه(500گرمی ),,351000,702000.0,0.5,True,https://basalam.com/cat/tools/%D8%AE%D8%A7%DA%A9-%DA%A9%D9%88%D8%AF-%D8%B3%D9%85%D9%88%D9%85?page=196
گیاه پرسیاوشان بار امسالی و تازه(50گرمی ),,107750,2155000.0,0.05,True,https://basalam.com/cat/tools/%D8%AE%D8%A7%DA%A9-%DA%A9%D9%88%D8%AF-%D8%B3%D9%85%D9%88%D9%85?page=196
گیاه شب خسب (درخت ابریشم) با کیفیت عالی بار امسالی و تازه(50گرم),,113000,2260000.0,0.05,True,https://basalam.com/cat/tools/%D8%AE%D8%A7%DA%A9-%DA%A9%D9%88%D8%AF-%D8%B3%D9%85%D9%88%D9%85?page=196
گیاه عشقه با کیفیت عالی بار امسالی و تازه(250گرمی),,119000,476000.0,0.25,True,https://basalam.com/cat/tools/%D8%AE%D8%A7%DA%A9-%DA%A9%D9%88%D8%AF-%D8%B3%D9%85%D9%88%D9%85?page=196
گیاه عشقه با کیفیت عالی بار امسالی و تازه(100گرمی),,65000,650000.0,0.1,True,https://basalam.com/cat/tools/%D8%AE%D8%A7%DA%A9-%DA%A9%D9%88%D8%AF-%D8%B3%D9%85%D9%88%D9%85?page=196
گیاه سنا هندی با کیفیت عالی بار امسالی و تازه(250گرمی),,91125,364500.0,0.25,True,https://basalam.com/cat/tools/%D8%AE%D8%A7%DA%A9-%DA%A9%D9%88%D8%AF-%D8%B3%D9%85%D9%88%D9%85?page=196
گیاه ریش بز (هوم) خشک با کیفیت عالی بار امسالی و تازه(100گرمی),,61100,611000.0,0.1,True,https://basalam.com/cat/tools/%D8%AE%D8%A7%DA%A9-%DA%A9%D9%88%D8%AF-%D8%B3%D9%85%D9%88%D9%85?page=196
گیاه ترخون خشک پودر شده بار امسالی و تازه(100گرمی ),,101400,1014000.0,0.1,True,https://basalam.com/cat/tools/%D8%AE%D8%A7%DA%A9-%DA%A9%D9%88%D8%AF-%D8%B3%D9%85%D9%88%D9%85?page=196
گیاه مرزنجوش پودر شده بار امسالی و تازه(250گرمی ),,195000,780000.0,0.25,True,https://basalam.com/cat/tools/%D8%AE%D8%A7%DA%A9-%DA%A9%D9%88%D8%AF-%D8%B3%D9%85%D9%88%D9%85?page=196
گیاه بهار مرکبات با کیفیت عالی بار امسالی و تازه(50گرمی ),,73925,1478500.0,0.05,True,https://basalam.com/cat/tools/%D8%AE%D8%A7%DA%A9-%DA%A9%D9%88%D8%AF-%D8%B3%D9%85%D9%88%D9%85?page=196
کود آمینو اسیدMT گیاه(یک کیلو),,1250000,1250000.0,1.0,True,https://basalam.com/cat/tools/%D8%AE%D8%A7%DA%A9-%DA%A9%D9%88%D8%AF-%D8%B3%D9%85%D9%88%D9%85?page=196
کود طبیعی(میلورم) 100 گرم ویژه گل و گلدان(گیاهان آپارتمانی),,75000,750000.0,0.1,True,https://basalam.com/cat/tools/%D8%AE%D8%A7%DA%A9-%DA%A9%D9%88%D8%AF-%D8%B3%D9%85%D9%88%D9%85?page=196
کود مخصوص ریشه زایی و قلمه زنی بنفشه آفریقایی,,49000,1633333.3333333335,0.03,True,https://basalam.com/cat/tools/%D8%AE%D8%A7%DA%A9-%DA%A9%D9%88%D8%AF-%D8%B3%D9%85%D9%88%D9%85?page=197
کود مونو پتاسیم فسفات فرمولایف 34-52-0,,3300000,330000.0,10.0,True,https://basalam.com/cat/tools/%D8%AE%D8%A7%DA%A9-%DA%A9%D9%88%D8%AF-%D8%B3%D9%85%D9%88%D9%85?page=197
کود کامل رویال مکس پلنت استار 30-05-15 npk(ارسال به صورت پس کرایه ),,275000,275000.0,1.0,True,https://basalam.com/cat/tools/%D8%AE%D8%A7%DA%A9-%DA%A9%D9%88%D8%AF-%D8%B3%D9%85%D9%88%D9%85?page=197
کود منیزیم استار پلنت استار (ارسال به صورت پس کرایه ),,220000,44000.0,5.0,True,https://basalam.com/cat/tools/%D8%AE%D8%A7%DA%A9-%DA%A9%D9%88%D8%AF-%D8%B3%D9%85%D9%88%D9%85?page=197
پک سه عددی کود بنسایی تخفیف ویژه مخصوص انواع بنسای برای رشد و گلدهی,,110000,305555.5555555556,0.36,True,https://basalam.com/cat/tools/%D8%AE%D8%A7%DA%A9-%DA%A9%D9%88%D8%AF-%D8%B3%D9%85%D9%88%D9%85?page=197
کود گلدهی کود سه بیست مخصوص ارکیده و گیاهان اپارتمانی گلدار پک شش عددی,,200000,833333.3333333334,0.24,True,https://basalam.com/cat/tools/%D8%AE%D8%A7%DA%A9-%DA%A9%D9%88%D8%AF-%D8%B3%D9%85%D9%88%D9%85?page=197
کود مایع سپتا فسفر پتاسیمPK,,699000,699000.0,1.0,True,https://basalam.com/cat/tools/%D8%AE%D8%A7%DA%A9-%DA%A9%D9%88%D8%AF-%D8%B3%D9%85%D9%88%D9%85?page=197
کود کلات آهن,,9000,60000.0,0.15,True,https://basalam.com/cat/tools/%D8%AE%D8%A7%DA%A9-%DA%A9%D9%88%D8%AF-%D8%B3%D9%85%D9%88%D9%85?page=197
کود گلدهی کوتاه 10 گرمی فیدینگ مناسب برای مرحله گلدهی,,150000,15000000.0,0.01,True,https://basalam.com/cat/tools/%D8%AE%D8%A7%DA%A9-%DA%A9%D9%88%D8%AF-%D8%B3%D9%85%D9%88%D9%85?page=197
کود مخصوص خیار شوک یک لیتری (پس کرایه),,290000,290000.0,1.0,True,https://basalam.com/cat/tools/%D8%AE%D8%A7%DA%A9-%DA%A9%D9%88%D8%AF-%D8%B3%D9%85%D9%88%D9%85?page=197
کود فسفیت پتاسیم شوک PK بیست لیتری (پس کرایه),,2630000,131500.0,20.0,True,https://basalam.com/cat/tools/%D8%AE%D8%A7%DA%A9-%DA%A9%D9%88%D8%AF-%D8%B3%D9%85%D9%88%D9%85?page=197
کود مایع مخصوص افزایش گلدهی زعفران جنریت آمریکا یک لیتری,,1100000,1100000.0,1.0,True,https://basalam.com/cat/tools/%D8%AE%D8%A7%DA%A9-%DA%A9%D9%88%D8%AF-%D8%B3%D9%85%D9%88%D9%85?page=198
کود کامل آل مکس جنریت آمریکا یک لیتری,,990000,990000.0,1.0,True,https://basalam.com/cat/tools/%D8%AE%D8%A7%DA%A9-%DA%A9%D9%88%D8%AF-%D8%B3%D9%85%D9%88%D9%85?page=198
کود کامل آل مکس جنریت آمریکا پنج لیتری,,4000000,800000.0,5.0,True,https://basalam.com/cat/tools/%D8%AE%D8%A7%DA%A9-%DA%A9%D9%88%D8%AF-%D8%B3%D9%85%D9%88%D9%85?page=198
کود گلدهی فیدینگ گلدهی کوتاه مدت پاکت 125 گرمی short flowering,,1200000,9600000.0,0.125,True,https://basalam.com/cat/tools/%D8%AE%D8%A7%DA%A9-%DA%A9%D9%88%D8%AF-%D8%B3%D9%85%D9%88%D9%85?page=198
کود 20 - 20 - 20 ( رشد و تقویت عمومی گیاهان ),,50000,1000000.0,0.05,True,https://basalam.com/cat/tools/%D8%AE%D8%A7%DA%A9-%DA%A9%D9%88%D8%AF-%D8%B3%D9%85%D9%88%D9%85?page=198
کود 20-20-20 دوتایی,,60000,600000.0,0.1,True,https://basalam.com/cat/tools/%D8%AE%D8%A7%DA%A9-%DA%A9%D9%88%D8%AF-%D8%B3%D9%85%D9%88%D9%85?page=198
میکس 4 تایی ( کود آهن  کودهای سه 20  محرک گلدهی و محرک ریشه زایی ),,150000,833333.3333333334,0.18,True,https://basalam.com/cat/tools/%D8%AE%D8%A7%DA%A9-%DA%A9%D9%88%D8%AF-%D8%B3%D9%85%D9%88%D9%85?page=198
کود گیاهان آپارتمانیکود رشد و تقویت گیاه(کود عموم گیاهان ),,40000,400000.0,0.1,True,https://basalam.com/cat/tools/%D8%AE%D8%A7%DA%A9-%DA%A9%D9%88%D8%AF-%D8%B3%D9%85%D9%88%D9%85?page=198
کودهای تقویتی یک گرم نوع و مقدار وابسته به نیاز شما,,1000,1000000.0,0.001,True,https://basalam.com/cat/tools/%D8%AE%D8%A7%DA%A9-%DA%A9%D9%88%D8%AF-%D8%B3%D9%85%D9%88%D9%85?page=198
کود ازت بالای N22بیومور (پس کرایه),,398000,398000.0,1.0,True,https://basalam.com/cat/tools/%D8%AE%D8%A7%DA%A9-%DA%A9%D9%88%D8%AF-%D8%B3%D9%85%D9%88%D9%85?page=198
کود جلبک دریایی غلیظ,,53000,1060000.0,0.05,True,https://basalam.com/cat/tools/%D8%AE%D8%A7%DA%A9-%DA%A9%D9%88%D8%AF-%D8%B3%D9%85%D9%88%D9%85?page=198
کود گلدهی,,20000,200000.0,0.1,True,https://basalam.com/cat/tools/%D8%AE%D8%A7%DA%A9-%DA%A9%D9%88%D8%AF-%D8%B3%D9%85%D9%88%D9%85?page=198
کود مایع روتی فرت مدل آمینو کلات روی حجم یک لیتر( پس کرایه ),,291000,291000.0,1.0,True,https://basalam.com/cat/tools/%D8%AE%D8%A7%DA%A9-%DA%A9%D9%88%D8%AF-%D8%B3%D9%85%D9%88%D9%85?page=198
کود آمینو اسید سانسوی گرین مدل پودری وزن یک کیلوگرم ( پس کرایه ),,542500,542500.0,1.0,True,https://basalam.com/cat/tools/%D8%AE%D8%A7%DA%A9-%DA%A9%D9%88%D8%AF-%D8%B3%D9%85%D9%88%D9%85?page=198
کود بیونوزینک محصول شرکت نوید نو,,350000,350000.0,1.0,True,https://basalam.com/cat/tools/%D8%AE%D8%A7%DA%A9-%DA%A9%D9%88%D8%AF-%D8%B3%D9%85%D9%88%D9%85?page=198
کود ریشه زایی باسیلار(اسپانیایی),,1050000,1050000.0,1.0,True,https://basalam.com/cat/tools/%D8%AE%D8%A7%DA%A9-%DA%A9%D9%88%D8%AF-%D8%B3%D9%85%D9%88%D9%85?page=198
کود کلسیم بور فست تراک اسپانیا (پس کرایه),,650000,650000.0,1.0,True,https://basalam.com/cat/tools/%D8%AE%D8%A7%DA%A9-%DA%A9%D9%88%D8%AF-%D8%B3%D9%85%D9%88%D9%85?page=198
کود همه کاره غذای گیاهی پلنتیک(250mL),,120000,480000.0,0.25,True,https://basalam.com/cat/tools/%D8%AE%D8%A7%DA%A9-%DA%A9%D9%88%D8%AF-%D8%B3%D9%85%D9%88%D9%85?page=198
کود مایع روتی فرت کود مدل NPK 10-40-10 حجم یک لیتر ( پس کرایه ),,242500,242500.0,1.0,True,https://basalam.com/cat/tools/%D8%AE%D8%A7%DA%A9-%DA%A9%D9%88%D8%AF-%D8%B3%D9%85%D9%88%D9%85?page=198
نونامیک آلگا ماچو عصاره جلبک دریایی همراه با عناصر مورد نیاز گیاه و محرک های رشد(ارسال با باربری و به صورت پس کرایه),,750000,535714.2857142858,1.4,True,https://basalam.com/cat/tools/%D8%AE%D8%A7%DA%A9-%DA%A9%D9%88%D8%AF-%D8%B3%D9%85%D9%88%D9%85?page=198
کود هیدروپونیک جامد مخصوص گل رز و گل های شاخه بریده کد R1000,,429000,429000.0,1.0,True,https://basalam.com/cat/tools/%D8%AE%D8%A7%DA%A9-%DA%A9%D9%88%D8%AF-%D8%B3%D9%85%D9%88%D9%85?page=198
کود هیدروپونیک جامد مخصوص گلدهی کد B1000,,429000,429000.0,1.0,True,https://basalam.com/cat/tools/%D8%AE%D8%A7%DA%A9-%DA%A9%D9%88%D8%AF-%D8%B3%D9%85%D9%88%D9%85?page=198
کود هیدروپونیک مایع مخصوص انواع ارکیده کد LO1000,,479000,119750.0,4.0,True,https://basalam.com/cat/tools/%D8%AE%D8%A7%DA%A9-%DA%A9%D9%88%D8%AF-%D8%B3%D9%85%D9%88%D9%85?page=198
کود هیدروپونیک مایع مخصوص گلدهی کد LB1000,,479000,119750.0,4.0,True,https://basalam.com/cat/tools/%D8%AE%D8%A7%DA%A9-%DA%A9%D9%88%D8%AF-%D8%B3%D9%85%D9%88%D9%85?page=198
کود هیدروپونیک مایع مخصوص مرحله رویشی کد LG1000,,479000,119750.0,4.0,True,https://basalam.com/cat/tools/%D8%AE%D8%A7%DA%A9-%DA%A9%D9%88%D8%AF-%D8%B3%D9%85%D9%88%D9%85?page=198
کود هیدروپونیک جامد مخصوص انواع سبزیجات کد V100,,125000,1250000.0,0.1,True,https://basalam.com/cat/tools/%D8%AE%D8%A7%DA%A9-%DA%A9%D9%88%D8%AF-%D8%B3%D9%85%D9%88%D9%85?page=198
کود بُر یاراویتا-پس کرایه,,819000,819000.0,1.0,True,https://basalam.com/cat/tools/%D8%AE%D8%A7%DA%A9-%DA%A9%D9%88%D8%AF-%D8%B3%D9%85%D9%88%D9%85?page=198
کود روی - فسفر-پتاس یاراویتا-پس کرایه,,841000,841000.0,1.0,True,https://basalam.com/cat/tools/%D8%AE%D8%A7%DA%A9-%DA%A9%D9%88%D8%AF-%D8%B3%D9%85%D9%88%D9%85?page=198
کود پتاس مایع یاراویتا-پس کرایه,,721500,721500.0,1.0,True,https://basalam.com/cat/tools/%D8%AE%D8%A7%DA%A9-%DA%A9%D9%88%D8%AF-%D8%B3%D9%85%D9%88%D9%85?page=198
کود پتاس بالا 36 12 12 (پس کرایه),,2200000,220000.0,10.0,True,https://basalam.com/cat/tools/%D8%AE%D8%A7%DA%A9-%DA%A9%D9%88%D8%AF-%D8%B3%D9%85%D9%88%D9%85?page=198
کود مخصوص گل جالیز جنریت آمریکا یک لیتری,,900000,900000.0,1.0,True,https://basalam.com/cat/tools/%D8%AE%D8%A7%DA%A9-%DA%A9%D9%88%D8%AF-%D8%B3%D9%85%D9%88%D9%85?page=199
کود پودری کامل (یک کیلویی) NPK 10-52-10+ TE,,310000,310000.0,1.0,True,https://basalam.com/cat/tools/%D8%AE%D8%A7%DA%A9-%DA%A9%D9%88%D8%AF-%D8%B3%D9%85%D9%88%D9%85?page=199
استاپلیا گیگانتا کاکتوس شاخ گوزنی نامتقارن و خاص گلدان 6,,49700,142000.0,0.35,True,https://basalam.com/cat/tools/%D8%AE%D8%A7%DA%A9-%DA%A9%D9%88%D8%AF-%D8%B3%D9%85%D9%88%D9%85?page=199
کود کامل گیاهان آپارتمانی پلاتو مدل 20-20-20 وزن 100گرم,,94000,940000.0,0.1,True,https://basalam.com/cat/tools/%D8%AE%D8%A7%DA%A9-%DA%A9%D9%88%D8%AF-%D8%B3%D9%85%D9%88%D9%85?page=200
کود کلات مس پلاتو مدل cu 15 وزن 500 گرم,,464000,928000.0,0.5,True,https://basalam.com/cat/tools/%D8%AE%D8%A7%DA%A9-%DA%A9%D9%88%D8%AF-%D8%B3%D9%85%D9%88%D9%85?page=200
کود مایع فروت ست جنوبگان مدل fruitset-sl حجم یک لیتر,,273600,273600.0,1.0,True,https://basalam.com/cat/tools/%D8%AE%D8%A7%DA%A9-%DA%A9%D9%88%D8%AF-%D8%B3%D9%85%D9%88%D9%85?page=200
کود آمینوکلات پتاس جنوبگان مدل فورتیکا حجم یک لیتر,,461500,384583.3333333334,1.2,True,https://basalam.com/cat/tools/%D8%AE%D8%A7%DA%A9-%DA%A9%D9%88%D8%AF-%D8%B3%D9%85%D9%88%D9%85?page=200
گل شیشه ای تخم مرغی بزرگ با 4 رنگ صورتی و آبی و قرمز و هفت رنگ,,270000,270000.0,1.0,True,https://basalam.com/cat/tools/%D8%AE%D8%A7%DA%A9-%DA%A9%D9%88%D8%AF-%D8%B3%D9%85%D9%88%D9%85?page=199
کود کلات پیشرفته فروت ست خضراء,,580000,580000.0,1.0,True,https://basalam.com/cat/tools/%D8%AE%D8%A7%DA%A9-%DA%A9%D9%88%D8%AF-%D8%B3%D9%85%D9%88%D9%85?page=199
کود آهن لاشل اورتو اورتو 3درصد,,950000,950000.0,1.0,True,https://basalam.com/cat/tools/%D8%AE%D8%A7%DA%A9-%DA%A9%D9%88%D8%AF-%D8%B3%D9%85%D9%88%D9%85?page=199
کود مس 15 درصد پرینوا کلات شده با EDTA,,995000,995000.0,1.0,True,https://basalam.com/cat/tools/%D8%AE%D8%A7%DA%A9-%DA%A9%D9%88%D8%AF-%D8%B3%D9%85%D9%88%D9%85?page=199
کود جنتاترول سیلیکات پتاسیم تحت لیسانس مکزیک,,580000,580000.0,1.0,True,https://basalam.com/cat/tools/%D8%AE%D8%A7%DA%A9-%DA%A9%D9%88%D8%AF-%D8%B3%D9%85%D9%88%D9%85?page=199
کود ارگانیک زیستی به سبز حجم بیست لیتر,,2600000,130000.0,20.0,True,https://basalam.com/cat/tools/%D8%AE%D8%A7%DA%A9-%DA%A9%D9%88%D8%AF-%D8%B3%D9%85%D9%88%D9%85?page=199
کود سولفات پتاس منیزیم,,4500000,60000.0,75.0,True,https://basalam.com/cat/tools/%D8%AE%D8%A7%DA%A9-%DA%A9%D9%88%D8%AF-%D8%B3%D9%85%D9%88%D9%85?page=199
کود آهن فیوسل ایتالیا,,970000,970000.0,1.0,True,https://basalam.com/cat/tools/%D8%AE%D8%A7%DA%A9-%DA%A9%D9%88%D8%AF-%D8%B3%D9%85%D9%88%D9%85?page=199
گیاه مورد با کیفیت عالی بار امسالی و تازه(250گرمی ),,274000,1096000.0,0.25,True,https://basalam.com/cat/tools/%D8%AE%D8%A7%DA%A9-%DA%A9%D9%88%D8%AF-%D8%B3%D9%85%D9%88%D9%85?page=199
استویا با کیفیت عالی بار امسالی و تازه(750 گرمی),,1543400,2057866.6666666667,0.75,True,https://basalam.com/cat/tools/%D8%AE%D8%A7%DA%A9-%DA%A9%D9%88%D8%AF-%D8%B3%D9%85%D9%88%D9%85?page=200
گل اسطوخودوس (هندی) با کیفیت عالی بار امسالی و تازه(50 گرمی ),,428300,8566000.0,0.05,True,https://basalam.com/cat/tools/%D8%AE%D8%A7%DA%A9-%DA%A9%D9%88%D8%AF-%D8%B3%D9%85%D9%88%D9%85?page=200
گل گاو زبان با کیفیت عالی بار امسالی و تازه(100گرمی),,912400,9124000.0,0.1,True,https://basalam.com/cat/tools/%D8%AE%D8%A7%DA%A9-%DA%A9%D9%88%D8%AF-%D8%B3%D9%85%D9%88%D9%85?page=200
باباآدم با کیفیت عالی بار امسالی و تازه(100 گرمی ),,219200,2192000.0,0.1,True,https://basalam.com/cat/tools/%D8%AE%D8%A7%DA%A9-%DA%A9%D9%88%D8%AF-%D8%B3%D9%85%D9%88%D9%85?page=200
گیاه جعفری با کیفیت عالی بار امسالی و تازه(100 گرمی ),,173200,1732000.0,0.1,True,https://basalam.com/cat/tools/%D8%AE%D8%A7%DA%A9-%DA%A9%D9%88%D8%AF-%D8%B3%D9%85%D9%88%D9%85?page=200
گیاه مرزه با کیفیت عالی بار امسالی و تازه(150گرمی),,444400,2962666.666666667,0.15,True,https://basalam.com/cat/tools/%D8%AE%D8%A7%DA%A9-%DA%A9%D9%88%D8%AF-%D8%B3%D9%85%D9%88%D9%85?page=200
گیاه مریم گلی با کیفیت عالی بار امسالی و تازه(250گرمی ),,683800,2735200.0,0.25,True,https://basalam.com/cat/tools/%D8%AE%D8%A7%DA%A9-%DA%A9%D9%88%D8%AF-%D8%B3%D9%85%D9%88%D9%85?page=200
گل گاو زبان با کیفیت عالی بار امسالی و تازه(150گرمی),,1377000,9180000.0,0.15,True,https://basalam.com/cat/tools/%D8%AE%D8%A7%DA%A9-%DA%A9%D9%88%D8%AF-%D8%B3%D9%85%D9%88%D9%85?page=200
گیاه دم اسب با کیفیت عالی بار امسالی و تازه(500گرمی ),,430800,861600.0,0.5,True,https://basalam.com/cat/tools/%D8%AE%D8%A7%DA%A9-%DA%A9%D9%88%D8%AF-%D8%B3%D9%85%D9%88%D9%85?page=200
گیاه جعفری خشک با کیفیت عالی بار امسالی و تازه (250 گرمی),,598500,2394000.0,0.25,True,https://basalam.com/cat/tools/%D8%AE%D8%A7%DA%A9-%DA%A9%D9%88%D8%AF-%D8%B3%D9%85%D9%88%D9%85?page=200
ریشه خولنجان با کیفیت عالی بار امسالی و تازه(250گرمی),,770300,3081200.0,0.25,True,https://basalam.com/cat/tools/%D8%AE%D8%A7%DA%A9-%DA%A9%D9%88%D8%AF-%D8%B3%D9%85%D9%88%D9%85?page=200
افسنطین با کیفیت عالی بار امسالی و تازه(50 گرمی ),,171400,3428000.0,0.05,True,https://basalam.com/cat/tools/%D8%AE%D8%A7%DA%A9-%DA%A9%D9%88%D8%AF-%D8%B3%D9%85%D9%88%D9%85?page=201
گل راعی با کیفیت عالی بار امسالی و تازه(50گرمی),,82600,1652000.0,0.05,True,https://basalam.com/cat/tools/%D8%AE%D8%A7%DA%A9-%DA%A9%D9%88%D8%AF-%D8%B3%D9%85%D9%88%D9%85?page=201
الدر بری (آقطی سیاه) با کیفیت عالی بار امسالی و تازه(100گرمی),,603700,6037000.0,0.1,True,https://basalam.com/cat/tools/%D8%AE%D8%A7%DA%A9-%DA%A9%D9%88%D8%AF-%D8%B3%D9%85%D9%88%D9%85?page=201
آلوئه ورا با کیفیت عالی بار امسالی و تازه(100گرمی),,692700,6927000.0,0.1,True,https://basalam.com/cat/tools/%D8%AE%D8%A7%DA%A9-%DA%A9%D9%88%D8%AF-%D8%B3%D9%85%D9%88%D9%85?page=201
برگ مورینگا با کیفیت عالی بار امسالی و تازه(100گرمی),,481000,4810000.0,0.1,True,https://basalam.com/cat/tools/%D8%AE%D8%A7%DA%A9-%DA%A9%D9%88%D8%AF-%D8%B3%D9%85%D9%88%D9%85?page=201
گیاه گزنه با کیفیت عالی بار امسالی و تازه(150گرمی ),,301700,2011333.3333333333,0.15,True,https://basalam.com/cat/tools/%D8%AE%D8%A7%DA%A9-%DA%A9%D9%88%D8%AF-%D8%B3%D9%85%D9%88%D9%85?page=201
ریشه سنبل الطیب با کیفیت عالی بار امسالی و تازه(150گرمی),,1428900,9526000.0,0.15,True,https://basalam.com/cat/tools/%D8%AE%D8%A7%DA%A9-%DA%A9%D9%88%D8%AF-%D8%B3%D9%85%D9%88%D9%85?page=201
گیاه رازک با کیفیت عالی بار امسالی و تازه(150گرمی),,920600,6137333.333333334,0.15,True,https://basalam.com/cat/tools/%D8%AE%D8%A7%DA%A9-%DA%A9%D9%88%D8%AF-%D8%B3%D9%85%D9%88%D9%85?page=201
ریشه شیرین بیان (بدون پوست) با کیفیت عالی بار امسالی و تازه(750گرمی ),,1711800,2282400.0,0.75,True,https://basalam.com/cat/tools/%D8%AE%D8%A7%DA%A9-%DA%A9%D9%88%D8%AF-%D8%B3%D9%85%D9%88%D9%85?page=201
ریشه شیرین بیان (بدون پوست) با کیفیت عالی بار امسالی و تازه(250 گرمی),,602600,2410400.0,0.25,True,https://basalam.com/cat/tools/%D8%AE%D8%A7%DA%A9-%DA%A9%D9%88%D8%AF-%D8%B3%D9%85%D9%88%D9%85?page=201
ریشه شیرین بیان با کیفیت عالی بار امسالی و تازه(750گرمی),,1013100,1350800.0,0.75,True,https://basalam.com/cat/tools/%D8%AE%D8%A7%DA%A9-%DA%A9%D9%88%D8%AF-%D8%B3%D9%85%D9%88%D9%85?page=201
ریشه شیرین بیان با کیفیت عالی بار امسالی و تازه(500گرمی ),,639100,1278200.0,0.5,True,https://basalam.com/cat/tools/%D8%AE%D8%A7%DA%A9-%DA%A9%D9%88%D8%AF-%D8%B3%D9%85%D9%88%D9%85?page=201
کود جلبک 100 میلی لیتری عالی برای رشد گیاهان برگ سبز و کمک به کلروفیل سازی بهتر,,49000,245000.0,0.2,True,https://basalam.com/cat/tools/%D8%AE%D8%A7%DA%A9-%DA%A9%D9%88%D8%AF-%D8%B3%D9%85%D9%88%D9%85?page=201
کود سولفات آهن گرین پیک مدل IRON SULFATE 1000 وزن یک کیلوگرم,,139000,139000.0,1.0,True,https://basalam.com/cat/tools/%D8%AE%D8%A7%DA%A9-%DA%A9%D9%88%D8%AF-%D8%B3%D9%85%D9%88%D9%85?page=201
کود سولفات پتاسیم پودری گرین پیک مدل POTASSIUM SULFATE 1000 وزن یک کیلوگرم,,169000,169000.0,1.0,True,https://basalam.com/cat/tools/%D8%AE%D8%A7%DA%A9-%DA%A9%D9%88%D8%AF-%D8%B3%D9%85%D9%88%D9%85?page=201
کود میلورم ارگانیک,,25000,25000.0,1.0,True,https://basalam.com/cat/tools/%D8%AE%D8%A7%DA%A9-%DA%A9%D9%88%D8%AF-%D8%B3%D9%85%D9%88%D9%85?page=201
کود ریشه زا 10-52-10 300گرمی آگنس,,189000,630000.0,0.3,True,https://basalam.com/cat/tools/%D8%AE%D8%A7%DA%A9-%DA%A9%D9%88%D8%AF-%D8%B3%D9%85%D9%88%D9%85?page=201
بسته چهار تایی کود همه کاره ارگانیک ویتامینه گیاهان ویژه ی نهال باغات صیفی و سبزیجات,,796000,199000.0,4.0,True,https://basalam.com/cat/tools/%D8%AE%D8%A7%DA%A9-%DA%A9%D9%88%D8%AF-%D8%B3%D9%85%D9%88%D9%85?page=201
بسته سه تایی کود همه کاره ارگانیک ویتامینه گیاهان ویژه ی نهال باغات صیفی و سبزیجات,,597000,199000.0,3.0,True,https://basalam.com/cat/tools/%D8%AE%D8%A7%DA%A9-%DA%A9%D9%88%D8%AF-%D8%B3%D9%85%D9%88%D9%85?page=202
کودپاش خرطومی برای پاشش کود های گرانوله در زمین و مزارع,,3700000,740000.0,5.0,True,https://basalam.com/cat/tools/%D8%AE%D8%A7%DA%A9-%DA%A9%D9%88%D8%AF-%D8%B3%D9%85%D9%88%D9%85?page=201
کود آلی غنی شده گل های آپارتمانی بیهق رشد,,27000,27000.0,1.0,True,https://basalam.com/cat/tools/%D8%AE%D8%A7%DA%A9-%DA%A9%D9%88%D8%AF-%D8%B3%D9%85%D9%88%D9%85?page=201
کود آهن مخصوص گیاهان آپارتمانی,,20000,800000.0,0.025,True,https://basalam.com/cat/tools/%D8%AE%D8%A7%DA%A9-%DA%A9%D9%88%D8%AF-%D8%B3%D9%85%D9%88%D9%85?page=201
کود نیترات کلسیم آریا شیمی (بسته یک کیلویی),,170000,170000.0,1.0,True,https://basalam.com/cat/tools/%D8%AE%D8%A7%DA%A9-%DA%A9%D9%88%D8%AF-%D8%B3%D9%85%D9%88%D9%85?page=201
کود آمینو اسید گیلدا مدل بنامید وزن 15 گرم,,83000,3320000.0,0.025,True,https://basalam.com/cat/tools/%D8%AE%D8%A7%DA%A9-%DA%A9%D9%88%D8%AF-%D8%B3%D9%85%D9%88%D9%85?page=201
کود جلبک دریایی گیلدا مدل Seaweed وزن 25 گرم,,83000,3320000.0,0.025,True,https://basalam.com/cat/tools/%D8%AE%D8%A7%DA%A9-%DA%A9%D9%88%D8%AF-%D8%B3%D9%85%D9%88%D9%85?page=201
محلول کود آهن 250 میل پروتکت,,109000,436000.0,0.25,True,https://basalam.com/cat/tools/%D8%AE%D8%A7%DA%A9-%DA%A9%D9%88%D8%AF-%D8%B3%D9%85%D9%88%D9%85?page=206
محلول کود پتاسیم 250 میل,,122000,488000.0,0.25,True,https://basalam.com/cat/tools/%D8%AE%D8%A7%DA%A9-%DA%A9%D9%88%D8%AF-%D8%B3%D9%85%D9%88%D9%85?page=206
محلول کود مایع آکوا لایف آکواریوم,,75000,714285.7142857143,0.105,True,https://basalam.com/cat/tools/%D8%AE%D8%A7%DA%A9-%DA%A9%D9%88%D8%AF-%D8%B3%D9%85%D9%88%D9%85?page=206
کود نیتروژن بالا,,6990,699000.0,0.01,True,https://basalam.com/cat/tools/%D8%AE%D8%A7%DA%A9-%DA%A9%D9%88%D8%AF-%D8%B3%D9%85%D9%88%D9%85?page=206
کود تقویتی مخصوص گیاهان گوشت خوار ظرافت,,47000,391666.6666666667,0.12,True,https://basalam.com/cat/tools/%D8%AE%D8%A7%DA%A9-%DA%A9%D9%88%D8%AF-%D8%B3%D9%85%D9%88%D9%85?page=202
کود مکمل 36 12 12,,30000,300000.0,0.1,True,https://basalam.com/cat/tools/%D8%AE%D8%A7%DA%A9-%DA%A9%D9%88%D8%AF-%D8%B3%D9%85%D9%88%D9%85?page=202
کود تقویتی مخصوص شمشاد طلایی ظرافت,,47000,391666.6666666667,0.12,True,https://basalam.com/cat/tools/%D8%AE%D8%A7%DA%A9-%DA%A9%D9%88%D8%AF-%D8%B3%D9%85%D9%88%D9%85?page=202
کود 36 12 12 ( پتاس بالا ) 100 گرمی,,20000,200000.0,0.1,True,https://basalam.com/cat/tools/%D8%AE%D8%A7%DA%A9-%DA%A9%D9%88%D8%AF-%D8%B3%D9%85%D9%88%D9%85?page=206
کود منیزیم ارگانیک پودری 100 گرمی (بهبود فتوسنتز افزایش سبزینگی افزایش رشد رفع زردی),,30000,300000.0,0.1,True,https://basalam.com/cat/tools/%D8%AE%D8%A7%DA%A9-%DA%A9%D9%88%D8%AF-%D8%B3%D9%85%D9%88%D9%85?page=206
کود آهن پودری 100 گرمی(افزایش جوانه زنی افزایش سبزینگی افزایش سوخت وساز) درجه یک,,30000,300000.0,0.1,True,https://basalam.com/cat/tools/%D8%AE%D8%A7%DA%A9-%DA%A9%D9%88%D8%AF-%D8%B3%D9%85%D9%88%D9%85?page=206
کود مس پودری 100 گرمی ممتاز (بهبود تنفس و کاهش استرس افزایش فتوسنتز),,50000,500000.0,0.1,True,https://basalam.com/cat/tools/%D8%AE%D8%A7%DA%A9-%DA%A9%D9%88%D8%AF-%D8%B3%D9%85%D9%88%D9%85?page=206
کود بنسای پوکون هلند 250سی سی,,300000,1200000.0,0.25,True,https://basalam.com/cat/tools/%D8%AE%D8%A7%DA%A9-%DA%A9%D9%88%D8%AF-%D8%B3%D9%85%D9%88%D9%85?page=206
کود سه بیست 202020باواریا آلمان بسته 300گرمی,,230000,766666.6666666667,0.3,True,https://basalam.com/cat/tools/%D8%AE%D8%A7%DA%A9-%DA%A9%D9%88%D8%AF-%D8%B3%D9%85%D9%88%D9%85?page=206
کود فیتوناتورا آلگانت,,1400000,1400000.0,1.0,True,https://basalam.com/cat/tools/%D8%AE%D8%A7%DA%A9-%DA%A9%D9%88%D8%AF-%D8%B3%D9%85%D9%88%D9%85?page=206
کود نیترات کلسیم 33 درصدسولار روسیه,,220000,220000.0,1.0,True,https://basalam.com/cat/tools/%D8%AE%D8%A7%DA%A9-%DA%A9%D9%88%D8%AF-%D8%B3%D9%85%D9%88%D9%85?page=206
کود جلبک دریایی مارمارین,,1150000,1150000.0,1.0,True,https://basalam.com/cat/tools/%D8%AE%D8%A7%DA%A9-%DA%A9%D9%88%D8%AF-%D8%B3%D9%85%D9%88%D9%85?page=206
کود تقویتی 202020 بارسلوس 50گرمی,,45000,692307.6923076923,0.065,True,https://basalam.com/cat/tools/%D8%AE%D8%A7%DA%A9-%DA%A9%D9%88%D8%AF-%D8%B3%D9%85%D9%88%D9%85?page=207
کود آپاچی وزن سه کیلوگرم محصول آمریکا,,1800000,562500.0,3.2,True,https://basalam.com/cat/tools/%D8%AE%D8%A7%DA%A9-%DA%A9%D9%88%D8%AF-%D8%B3%D9%85%D9%88%D9%85?page=207
کود دامی در بسته بندی مختلف (پس کرایه),,89000,4450.0,20.0,True,https://basalam.com/cat/tools/%D8%AE%D8%A7%DA%A9-%DA%A9%D9%88%D8%AF-%D8%B3%D9%85%D9%88%D9%85?page=207
آلمندو روت (کود ریشه زایی),,130000,1300000.0,0.1,True,https://basalam.com/cat/tools/%D8%AE%D8%A7%DA%A9-%DA%A9%D9%88%D8%AF-%D8%B3%D9%85%D9%88%D9%85?page=206
کود زعفران شوک (مخصوص گلدهی) یک لیتری آمریکایی اصل,,400000,400000.0,1.0,True,https://basalam.com/cat/tools/%D8%AE%D8%A7%DA%A9-%DA%A9%D9%88%D8%AF-%D8%B3%D9%85%D9%88%D9%85?page=203
کود پتاسیم سیلیکات شوک پنج لیتری آمریکایی اصل (جلوگیری از ورس خوابیدگی),,1500000,300000.0,5.0,True,https://basalam.com/cat/tools/%D8%AE%D8%A7%DA%A9-%DA%A9%D9%88%D8%AF-%D8%B3%D9%85%D9%88%D9%85?page=203
کود کلسیم شوک(27درصد) بیست لیتری آمریکایی اصل,,2850000,142500.0,20.0,True,https://basalam.com/cat/tools/%D8%AE%D8%A7%DA%A9-%DA%A9%D9%88%D8%AF-%D8%B3%D9%85%D9%88%D9%85?page=203
کود گلدهی شوک پنج لیتری,,1560000,312000.0,5.0,True,https://basalam.com/cat/tools/%D8%AE%D8%A7%DA%A9-%DA%A9%D9%88%D8%AF-%D8%B3%D9%85%D9%88%D9%85?page=203
کود 10x شوک آمریکایی Orginal پنج لیتری (پس کرایه),,1200000,240000.0,5.0,True,https://basalam.com/cat/tools/%D8%AE%D8%A7%DA%A9-%DA%A9%D9%88%D8%AF-%D8%B3%D9%85%D9%88%D9%85?page=203
کود عصاره جلبک دریایی استیمپلکس STIMPLEX مناسب تمامی گیاهان آپارتمانی و گلدار,,44000,338461.53846153844,0.13,True,https://basalam.com/cat/tools/%D8%AE%D8%A7%DA%A9-%DA%A9%D9%88%D8%AF-%D8%B3%D9%85%D9%88%D9%85?page=207
کود کلات آهن FEEDDHSAMذقوطی یک کیلویی,,560000,560000.0,1.0,True,https://basalam.com/cat/tools/%D8%AE%D8%A7%DA%A9-%DA%A9%D9%88%D8%AF-%D8%B3%D9%85%D9%88%D9%85?page=207
کود آهن کلاته آداک گرین FeEDDHSaM قوطی نیم کیلو یی,,350000,700000.0,0.5,True,https://basalam.com/cat/tools/%D8%AE%D8%A7%DA%A9-%DA%A9%D9%88%D8%AF-%D8%B3%D9%85%D9%88%D9%85?page=207
کود کامل مخصوص گیاهان آپارتمانی,,55000,458333.3333333334,0.12,True,https://basalam.com/cat/tools/%D8%AE%D8%A7%DA%A9-%DA%A9%D9%88%D8%AF-%D8%B3%D9%85%D9%88%D9%85?page=203
کود با عملکرد انفجاری در ریشه زایی و پاجوش گیاهان (یک عدد کپسول ),,10000,5000000.0,0.002,True,https://basalam.com/cat/tools/%D8%AE%D8%A7%DA%A9-%DA%A9%D9%88%D8%AF-%D8%B3%D9%85%D9%88%D9%85?page=203
کود 20 20 20 پودری - - کود سه بیست رشد گیاه - برند کوالی مکس 100 گرمی,,50000,500000.0,0.1,True,https://basalam.com/cat/tools/%D8%AE%D8%A7%DA%A9-%DA%A9%D9%88%D8%AF-%D8%B3%D9%85%D9%88%D9%85?page=207
کود آهن 6 درصد برند باواریا آلمان - 50 گرمی,,50000,1000000.0,0.05,True,https://basalam.com/cat/tools/%D8%AE%D8%A7%DA%A9-%DA%A9%D9%88%D8%AF-%D8%B3%D9%85%D9%88%D9%85?page=207
کود تقویتی مخصوص به لیمو ظرافت,,47000,391666.6666666667,0.12,True,https://basalam.com/cat/tools/%D8%AE%D8%A7%DA%A9-%DA%A9%D9%88%D8%AF-%D8%B3%D9%85%D9%88%D9%85?page=204
کود تقویتی مخصوص فیلودندرون اوکسی کاردیوم ظرافت,,47000,391666.6666666667,0.12,True,https://basalam.com/cat/tools/%D8%AE%D8%A7%DA%A9-%DA%A9%D9%88%D8%AF-%D8%B3%D9%85%D9%88%D9%85?page=204
کود تقویتی مخصوص فیلودندرون قرمز ظرافت,,47000,391666.6666666667,0.12,True,https://basalam.com/cat/tools/%D8%AE%D8%A7%DA%A9-%DA%A9%D9%88%D8%AF-%D8%B3%D9%85%D9%88%D9%85?page=204
کود مایع بنفشه آفریقایی فلاور آمی 125 میلی لیتر (بسته 2 عددی),,76000,237500.0,0.32,True,https://basalam.com/cat/tools/%D8%AE%D8%A7%DA%A9-%DA%A9%D9%88%D8%AF-%D8%B3%D9%85%D9%88%D9%85?page=204
کود تقویتی مخصوص درخت زغال اخته ظرافت,,47000,391666.6666666667,0.12,True,https://basalam.com/cat/tools/%D8%AE%D8%A7%DA%A9-%DA%A9%D9%88%D8%AF-%D8%B3%D9%85%D9%88%D9%85?page=204
کود تقویتی مخصوص اسطوخودوس ظرافت,,47000,391666.6666666667,0.12,True,https://basalam.com/cat/tools/%D8%AE%D8%A7%DA%A9-%DA%A9%D9%88%D8%AF-%D8%B3%D9%85%D9%88%D9%85?page=204
کود تقویتی مخصوص گل لادن ظرافت,,47000,391666.6666666667,0.12,True,https://basalam.com/cat/tools/%D8%AE%D8%A7%DA%A9-%DA%A9%D9%88%D8%AF-%D8%B3%D9%85%D9%88%D9%85?page=204
کود تقویتی مخصوص درخت گوجه سبز ظرافت,,47000,391666.6666666667,0.12,True,https://basalam.com/cat/tools/%D8%AE%D8%A7%DA%A9-%DA%A9%D9%88%D8%AF-%D8%B3%D9%85%D9%88%D9%85?page=204
کود تقویتی مخصوص درخت زالزالک ظرافت,,47000,391666.6666666667,0.12,True,https://basalam.com/cat/tools/%D8%AE%D8%A7%DA%A9-%DA%A9%D9%88%D8%AF-%D8%B3%D9%85%D9%88%D9%85?page=204
کود تقویتی مخصوص آفلاندرا ( گیاه گورخری ) ظرافت,,47000,391666.6666666667,0.12,True,https://basalam.com/cat/tools/%D8%AE%D8%A7%DA%A9-%DA%A9%D9%88%D8%AF-%D8%B3%D9%85%D9%88%D9%85?page=204
کود تقویتی مخصوص کرن بری ظرافت وزن 50 گرم,,49000,980000.0,0.05,True,https://basalam.com/cat/tools/%D8%AE%D8%A7%DA%A9-%DA%A9%D9%88%D8%AF-%D8%B3%D9%85%D9%88%D9%85?page=204
کود تقویتی مخصوص گل کلم ظرافت وزن 50 گرم,,49000,980000.0,0.05,True,https://basalam.com/cat/tools/%D8%AE%D8%A7%DA%A9-%DA%A9%D9%88%D8%AF-%D8%B3%D9%85%D9%88%D9%85?page=204
کود تقویتی مخصوص استروبیلانتس ظرافت وزن 50 گرم,,49000,980000.0,0.05,True,https://basalam.com/cat/tools/%D8%AE%D8%A7%DA%A9-%DA%A9%D9%88%D8%AF-%D8%B3%D9%85%D9%88%D9%85?page=204
کود تقویتی مخصوص اسفناج مالابار ظرافت وزن 50 گرم,,49000,980000.0,0.05,True,https://basalam.com/cat/tools/%D8%AE%D8%A7%DA%A9-%DA%A9%D9%88%D8%AF-%D8%B3%D9%85%D9%88%D9%85?page=204
کود تقویتی مخصوص کروتون ( کورتون ) ظرافت وزن 50 گرم,,49000,980000.0,0.05,True,https://basalam.com/cat/tools/%D8%AE%D8%A7%DA%A9-%DA%A9%D9%88%D8%AF-%D8%B3%D9%85%D9%88%D9%85?page=204
کود تقویتی مخصوص چایو ( پیاز کوهی ) ظرافت,,47000,391666.6666666667,0.12,True,https://basalam.com/cat/tools/%D8%AE%D8%A7%DA%A9-%DA%A9%D9%88%D8%AF-%D8%B3%D9%85%D9%88%D9%85?page=204
کود تقویتی مخصوص درخت کاج ظرافت وزن 50 گرم,,49000,980000.0,0.05,True,https://basalam.com/cat/tools/%D8%AE%D8%A7%DA%A9-%DA%A9%D9%88%D8%AF-%D8%B3%D9%85%D9%88%D9%85?page=204
کود تقویتی مخصوص کوکداما ( کوکه داما ) ظرافت وزن 50 گرم,,49000,980000.0,0.05,True,https://basalam.com/cat/tools/%D8%AE%D8%A7%DA%A9-%DA%A9%D9%88%D8%AF-%D8%B3%D9%85%D9%88%D9%85?page=204
کود تقویتی مخصوص ساکسی فرآگا ( آژینه ) ظرافت,,47000,391666.6666666667,0.12,True,https://basalam.com/cat/tools/%D8%AE%D8%A7%DA%A9-%DA%A9%D9%88%D8%AF-%D8%B3%D9%85%D9%88%D9%85?page=204
کود تقویتی مخصوص گل آکیمنس ظرافت,,47000,391666.6666666667,0.12,True,https://basalam.com/cat/tools/%D8%AE%D8%A7%DA%A9-%DA%A9%D9%88%D8%AF-%D8%B3%D9%85%D9%88%D9%85?page=204
کود تقویتی مخصوص پولیس کیاس ظرافت,,47000,391666.6666666667,0.12,True,https://basalam.com/cat/tools/%D8%AE%D8%A7%DA%A9-%DA%A9%D9%88%D8%AF-%D8%B3%D9%85%D9%88%D9%85?page=204
کود تقویتی مخصوص درخت سنجد ظرافت,,47000,391666.6666666667,0.12,True,https://basalam.com/cat/tools/%D8%AE%D8%A7%DA%A9-%DA%A9%D9%88%D8%AF-%D8%B3%D9%85%D9%88%D9%85?page=204
کود تقویتی مخصوص پریمولینا ظرافت,,47000,391666.6666666667,0.12,True,https://basalam.com/cat/tools/%D8%AE%D8%A7%DA%A9-%DA%A9%D9%88%D8%AF-%D8%B3%D9%85%D9%88%D9%85?page=204
کود تقویتی مخصوص کاکتوس افوربیا ظرافت,,47000,391666.6666666667,0.12,True,https://basalam.com/cat/tools/%D8%AE%D8%A7%DA%A9-%DA%A9%D9%88%D8%AF-%D8%B3%D9%85%D9%88%D9%85?page=204
کود تقویتی مخصوص گل غوره ای ظرافت,,47000,391666.6666666667,0.12,True,https://basalam.com/cat/tools/%D8%AE%D8%A7%DA%A9-%DA%A9%D9%88%D8%AF-%D8%B3%D9%85%D9%88%D9%85?page=204
کود تقویتی مخصوص سانسوریا مهتابی ( نقره ای ) ظرافت,,47000,391666.6666666667,0.12,True,https://basalam.com/cat/tools/%D8%AE%D8%A7%DA%A9-%DA%A9%D9%88%D8%AF-%D8%B3%D9%85%D9%88%D9%85?page=204
کود مایع بامبو فلاور آمی 125 میلی لیتر (بسته 2 عددی),,76000,237500.0,0.32,True,https://basalam.com/cat/tools/%D8%AE%D8%A7%DA%A9-%DA%A9%D9%88%D8%AF-%D8%B3%D9%85%D9%88%D9%85?page=204
کود مایع آهن فلاور آمی 250 میلی لیتر,,50000,166666.6666666667,0.3,True,https://basalam.com/cat/tools/%D8%AE%D8%A7%DA%A9-%DA%A9%D9%88%D8%AF-%D8%B3%D9%85%D9%88%D9%85?page=204
کود مایع آهن فلاور آمی 250 میلی لیتر (بسته 2 عددی),,96000,160000.0,0.6,True,https://basalam.com/cat/tools/%D8%AE%D8%A7%DA%A9-%DA%A9%D9%88%D8%AF-%D8%B3%D9%85%D9%88%D9%85?page=204
کود تقویتی مخصوص اشک تمساح ( بریوفیلوم ) ظرافت وزن 50 گرم,,49000,980000.0,0.05,True,https://basalam.com/cat/tools/%D8%AE%D8%A7%DA%A9-%DA%A9%D9%88%D8%AF-%D8%B3%D9%85%D9%88%D9%85?page=204
کود تقویتی مخصوص گل کاغذی ظرافت,,47000,391666.6666666667,0.12,True,https://basalam.com/cat/tools/%D8%AE%D8%A7%DA%A9-%DA%A9%D9%88%D8%AF-%D8%B3%D9%85%D9%88%D9%85?page=204
کود تقویتی مخصوص گل تاج الملوک ظرافت,,47000,391666.6666666667,0.12,True,https://basalam.com/cat/tools/%D8%AE%D8%A7%DA%A9-%DA%A9%D9%88%D8%AF-%D8%B3%D9%85%D9%88%D9%85?page=204
کود تقویتی مخصوص سویا ظرافت وزن 50 گرم,,49000,980000.0,0.05,True,https://basalam.com/cat/tools/%D8%AE%D8%A7%DA%A9-%DA%A9%D9%88%D8%AF-%D8%B3%D9%85%D9%88%D9%85?page=204
کود تقویتی مخصوص کاهو ظرافت وزن 50 گرم,,49000,980000.0,0.05,True,https://basalam.com/cat/tools/%D8%AE%D8%A7%DA%A9-%DA%A9%D9%88%D8%AF-%D8%B3%D9%85%D9%88%D9%85?page=204
کود تقویتی مخصوص کاکتوس آستروفیتوم ظرافت وزن 50 گرم,,49000,980000.0,0.05,True,https://basalam.com/cat/tools/%D8%AE%D8%A7%DA%A9-%DA%A9%D9%88%D8%AF-%D8%B3%D9%85%D9%88%D9%85?page=204
کود تقویتی مخصوص بلوپرون ( گل میگو ) ظرافت وزن 50 گرم,,49000,980000.0,0.05,True,https://basalam.com/cat/tools/%D8%AE%D8%A7%DA%A9-%DA%A9%D9%88%D8%AF-%D8%B3%D9%85%D9%88%D9%85?page=204
کود تقویتی مخصوص کاکتوس افوربیا ظرافت وزن 50 گرم,,49000,980000.0,0.05,True,https://basalam.com/cat/tools/%D8%AE%D8%A7%DA%A9-%DA%A9%D9%88%D8%AF-%D8%B3%D9%85%D9%88%D9%85?page=204
کود تقویتی مخصوص کارنت ( انگور فرنگی ) ظرافت وزن 50 گرم,,49000,980000.0,0.05,True,https://basalam.com/cat/tools/%D8%AE%D8%A7%DA%A9-%DA%A9%D9%88%D8%AF-%D8%B3%D9%85%D9%88%D9%85?page=204
کود تقویتی مخصوص کدو ظرافت وزن 50 گرم,,49000,980000.0,0.05,True,https://basalam.com/cat/tools/%D8%AE%D8%A7%DA%A9-%DA%A9%D9%88%D8%AF-%D8%B3%D9%85%D9%88%D9%85?page=204
کود تقویتی مخصوص گوجی بری ظرافت وزن 50 گرم,,49000,980000.0,0.05,True,https://basalam.com/cat/tools/%D8%AE%D8%A7%DA%A9-%DA%A9%D9%88%D8%AF-%D8%B3%D9%85%D9%88%D9%85?page=204
کود تقویتی مخصوص درخت سرو ظرافت وزن 50 گرم,,49000,980000.0,0.05,True,https://basalam.com/cat/tools/%D8%AE%D8%A7%DA%A9-%DA%A9%D9%88%D8%AF-%D8%B3%D9%85%D9%88%D9%85?page=204
کود تقویتی مخصوص گل صد تومانی ( پائونیا  پیونی ) ظرافت وزن 50 گرم,,49000,980000.0,0.05,True,https://basalam.com/cat/tools/%D8%AE%D8%A7%DA%A9-%DA%A9%D9%88%D8%AF-%D8%B3%D9%85%D9%88%D9%85?page=204
کود تقویتی مخصوص گل استکانی ( زنگوله ای ) ظرافت وزن 50 گرم,,49000,980000.0,0.05,True,https://basalam.com/cat/tools/%D8%AE%D8%A7%DA%A9-%DA%A9%D9%88%D8%AF-%D8%B3%D9%85%D9%88%D9%85?page=204
کود تقویتی مخصوص سانسوریا فیشری ظرافت وزن 50 گرم,,49000,980000.0,0.05,True,https://basalam.com/cat/tools/%D8%AE%D8%A7%DA%A9-%DA%A9%D9%88%D8%AF-%D8%B3%D9%85%D9%88%D9%85?page=204
کود تقویتی مخصوص دراسنا دراماسیس ( بلالی ) ظرافت وزن 50 گرم,,49000,980000.0,0.05,True,https://basalam.com/cat/tools/%D8%AE%D8%A7%DA%A9-%DA%A9%D9%88%D8%AF-%D8%B3%D9%85%D9%88%D9%85?page=204
کود تقویتی مخصوص کارکس جگن ظرافت وزن 50 گرم,,49000,980000.0,0.05,True,https://basalam.com/cat/tools/%D8%AE%D8%A7%DA%A9-%DA%A9%D9%88%D8%AF-%D8%B3%D9%85%D9%88%D9%85?page=204
کود تقویتی مخصوص کالاتیا ظرافت وزن 50 گرم,,49000,980000.0,0.05,True,https://basalam.com/cat/tools/%D8%AE%D8%A7%DA%A9-%DA%A9%D9%88%D8%AF-%D8%B3%D9%85%D9%88%D9%85?page=204
کود کامل پتاس بالا NPK 12-12-36 TE,,60000,300000.0,0.2,True,https://basalam.com/cat/tools/%D8%AE%D8%A7%DA%A9-%DA%A9%D9%88%D8%AF-%D8%B3%D9%85%D9%88%D9%85?page=205
کود مایع بنفشه آفریقایی فلاور آمی 125 میلی لیتر,,40000,250000.0,0.16,True,https://basalam.com/cat/tools/%D8%AE%D8%A7%DA%A9-%DA%A9%D9%88%D8%AF-%D8%B3%D9%85%D9%88%D9%85?page=205
کود تقویتی مخصوص سروپژیا ظرافت,,47000,391666.6666666667,0.12,True,https://basalam.com/cat/tools/%D8%AE%D8%A7%DA%A9-%DA%A9%D9%88%D8%AF-%D8%B3%D9%85%D9%88%D9%85?page=205
کود تقویتی مخصوص کاپاریس ظرافت وزن 50 گرم,,49000,980000.0,0.05,True,https://basalam.com/cat/tools/%D8%AE%D8%A7%DA%A9-%DA%A9%D9%88%D8%AF-%D8%B3%D9%85%D9%88%D9%85?page=205
کود هیومیفول (Humifull) دکتر بایو,,69000,1150000.0,0.06,True,https://basalam.com/cat/tools/%D8%AE%D8%A7%DA%A9-%DA%A9%D9%88%D8%AF-%D8%B3%D9%85%D9%88%D9%85?page=205
کود گلدهی آذر سبزینه,,15800,526666.6666666667,0.03,True,https://basalam.com/cat/tools/%D8%AE%D8%A7%DA%A9-%DA%A9%D9%88%D8%AF-%D8%B3%D9%85%D9%88%D9%85?page=205
کود تقویتی مخصوص گل آمارانتوس ظرافت,,47000,391666.6666666667,0.12,True,https://basalam.com/cat/tools/%D8%AE%D8%A7%DA%A9-%DA%A9%D9%88%D8%AF-%D8%B3%D9%85%D9%88%D9%85?page=205
کود تقویتی مخصوص آگلونما (نخشید) ظرافت,,47000,391666.6666666667,0.12,True,https://basalam.com/cat/tools/%D8%AE%D8%A7%DA%A9-%DA%A9%D9%88%D8%AF-%D8%B3%D9%85%D9%88%D9%85?page=205
کود تقویتی مخصوص یوکا ظرافت,,47000,391666.6666666667,0.12,True,https://basalam.com/cat/tools/%D8%AE%D8%A7%DA%A9-%DA%A9%D9%88%D8%AF-%D8%B3%D9%85%D9%88%D9%85?page=205
کود تقویتی مخصوص اسپاتی فیلوم ( گل چمچه ای ) ظرافت,,47000,391666.6666666667,0.12,True,https://basalam.com/cat/tools/%D8%AE%D8%A7%DA%A9-%DA%A9%D9%88%D8%AF-%D8%B3%D9%85%D9%88%D9%85?page=205
کود تقویتی مخصوص کدو ظرافت,,47000,391666.6666666667,0.12,True,https://basalam.com/cat/tools/%D8%AE%D8%A7%DA%A9-%DA%A9%D9%88%D8%AF-%D8%B3%D9%85%D9%88%D9%85?page=205
کود تقویتی مخصوص بادمجان ظرافت,,47000,391666.6666666667,0.12,True,https://basalam.com/cat/tools/%D8%AE%D8%A7%DA%A9-%DA%A9%D9%88%D8%AF-%D8%B3%D9%85%D9%88%D9%85?page=205
کود تقویتی مخصوص گل سیلین ظرافت,,47000,391666.6666666667,0.12,True,https://basalam.com/cat/tools/%D8%AE%D8%A7%DA%A9-%DA%A9%D9%88%D8%AF-%D8%B3%D9%85%D9%88%D9%85?page=205
کود تقویتی مخصوص اکیناسه ( سرخارگل ) ظرافت,,47000,391666.6666666667,0.12,True,https://basalam.com/cat/tools/%D8%AE%D8%A7%DA%A9-%DA%A9%D9%88%D8%AF-%D8%B3%D9%85%D9%88%D9%85?page=205
کود تقویتی مخصوص گل بگونیا ظرافت,,47000,391666.6666666667,0.12,True,https://basalam.com/cat/tools/%D8%AE%D8%A7%DA%A9-%DA%A9%D9%88%D8%AF-%D8%B3%D9%85%D9%88%D9%85?page=205
کود تقویتی مخصوص گل بگونیا رکس ( برگی ) ظرافت,,47000,391666.6666666667,0.12,True,https://basalam.com/cat/tools/%D8%AE%D8%A7%DA%A9-%DA%A9%D9%88%D8%AF-%D8%B3%D9%85%D9%88%D9%85?page=205
کود تقویتی مخصوص کوکداما ( کوکه داما ) ظرافت,,47000,391666.6666666667,0.12,True,https://basalam.com/cat/tools/%D8%AE%D8%A7%DA%A9-%DA%A9%D9%88%D8%AF-%D8%B3%D9%85%D9%88%D9%85?page=205
کود تقویتی مخصوص سانسوریا پاکوتاه ظرافت,,47000,391666.6666666667,0.12,True,https://basalam.com/cat/tools/%D8%AE%D8%A7%DA%A9-%DA%A9%D9%88%D8%AF-%D8%B3%D9%85%D9%88%D9%85?page=205
کود مایع بن سای (بنسای بونسای) فلاور آمی 125 میلی لیتر (بسته 3 عددی),,110000,229166.6666666667,0.48,True,https://basalam.com/cat/tools/%D8%AE%D8%A7%DA%A9-%DA%A9%D9%88%D8%AF-%D8%B3%D9%85%D9%88%D9%85?page=205
کود تقویتی مخصوص کامکوات ( پرتغال تزیینی ) ظرافت وزن 50 گرم,,49000,980000.0,0.05,True,https://basalam.com/cat/tools/%D8%AE%D8%A7%DA%A9-%DA%A9%D9%88%D8%AF-%D8%B3%D9%85%D9%88%D9%85?page=205
کود مایع گل ارکیده فلاور آمی 125 میلی لیتر (بسته 2 عددی),,76000,237500.0,0.32,True,https://basalam.com/cat/tools/%D8%AE%D8%A7%DA%A9-%DA%A9%D9%88%D8%AF-%D8%B3%D9%85%D9%88%D9%85?page=205
کود مایع گل ارکیده فلاور آمی 125 میلی لیتر (بسته 3 عددی),,76000,158333.33333333334,0.48,True,https://basalam.com/cat/tools/%D8%AE%D8%A7%DA%A9-%DA%A9%D9%88%D8%AF-%D8%B3%D9%85%D9%88%D9%85?page=205
کود مایع بن سای (بنسای بونسای) فلاور آمی 125 میلی لیتر,,40000,250000.0,0.16,True,https://basalam.com/cat/tools/%D8%AE%D8%A7%DA%A9-%DA%A9%D9%88%D8%AF-%D8%B3%D9%85%D9%88%D9%85?page=205
کود تقویتی مخصوص گل و گیاهان آپارتمانی ظرافت,,47000,391666.6666666667,0.12,True,https://basalam.com/cat/tools/%D8%AE%D8%A7%DA%A9-%DA%A9%D9%88%D8%AF-%D8%B3%D9%85%D9%88%D9%85?page=205
کود تقویتی مخصوص باقلا ظرافت وزن 50 گرم,,49000,980000.0,0.05,True,https://basalam.com/cat/tools/%D8%AE%D8%A7%DA%A9-%DA%A9%D9%88%D8%AF-%D8%B3%D9%85%D9%88%D9%85?page=205
کود تقویتی مخصوص مارچوبه ظرافت,,47000,391666.6666666667,0.12,True,https://basalam.com/cat/tools/%D8%AE%D8%A7%DA%A9-%DA%A9%D9%88%D8%AF-%D8%B3%D9%85%D9%88%D9%85?page=205
کود تقویتی مخصوص گل داتوره ( تاتوره ) ظرافت وزن 50 گرم,,49000,980000.0,0.05,True,https://basalam.com/cat/tools/%D8%AE%D8%A7%DA%A9-%DA%A9%D9%88%D8%AF-%D8%B3%D9%85%D9%88%D9%85?page=205
کود تقویتی مخصوص بابونه ظرافت,,47000,391666.6666666667,0.12,True,https://basalam.com/cat/tools/%D8%AE%D8%A7%DA%A9-%DA%A9%D9%88%D8%AF-%D8%B3%D9%85%D9%88%D9%85?page=205
کود تقویتی مخصوص کنگر فرنگی (آرتیشو) ظرافت وزن 50 گرم,,49000,980000.0,0.05,True,https://basalam.com/cat/tools/%D8%AE%D8%A7%DA%A9-%DA%A9%D9%88%D8%AF-%D8%B3%D9%85%D9%88%D9%85?page=205
کود تقویتی مخصوص باقلا ظرافت,,47000,391666.6666666667,0.12,True,https://basalam.com/cat/tools/%D8%AE%D8%A7%DA%A9-%DA%A9%D9%88%D8%AF-%D8%B3%D9%85%D9%88%D9%85?page=205
کود تقویتی مخصوص گل هوستا ظرافت,,47000,391666.6666666667,0.12,True,https://basalam.com/cat/tools/%D8%AE%D8%A7%DA%A9-%DA%A9%D9%88%D8%AF-%D8%B3%D9%85%D9%88%D9%85?page=205
کود تقویتی مخصوص سانسوریا مهتابی ( نقره ای ) ظرافت وزن 50 گرم,,49000,980000.0,0.05,True,https://basalam.com/cat/tools/%D8%AE%D8%A7%DA%A9-%DA%A9%D9%88%D8%AF-%D8%B3%D9%85%D9%88%D9%85?page=205
کود تقویتی مخصوص گل سوسن ( لیلیوم ) ظرافت,,47000,391666.6666666667,0.12,True,https://basalam.com/cat/tools/%D8%AE%D8%A7%DA%A9-%DA%A9%D9%88%D8%AF-%D8%B3%D9%85%D9%88%D9%85?page=205
کود تقویتی مخصوص فلفل ظرافت,,47000,391666.6666666667,0.12,True,https://basalam.com/cat/tools/%D8%AE%D8%A7%DA%A9-%DA%A9%D9%88%D8%AF-%D8%B3%D9%85%D9%88%D9%85?page=205
کود تقویتی مخصوص گل خورشیدی ظرافت وزن 50 گرم,,49000,980000.0,0.05,True,https://basalam.com/cat/tools/%D8%AE%D8%A7%DA%A9-%DA%A9%D9%88%D8%AF-%D8%B3%D9%85%D9%88%D9%85?page=205
کود تقویتی مخصوص گل آردیسیا ظرافت وزن 50 گرم,,49000,980000.0,0.05,True,https://basalam.com/cat/tools/%D8%AE%D8%A7%DA%A9-%DA%A9%D9%88%D8%AF-%D8%B3%D9%85%D9%88%D9%85?page=205
کود تقویتی مخصوص مریم گلی ( سلوی ) ظرافت وزن 50 گرم,,49000,980000.0,0.05,True,https://basalam.com/cat/tools/%D8%AE%D8%A7%DA%A9-%DA%A9%D9%88%D8%AF-%D8%B3%D9%85%D9%88%D9%85?page=205
کود تقویتی مخصوص برگ بو ظرافت وزن 50 گرم,,49000,980000.0,0.05,True,https://basalam.com/cat/tools/%D8%AE%D8%A7%DA%A9-%DA%A9%D9%88%D8%AF-%D8%B3%D9%85%D9%88%D9%85?page=205
کود تقویتی مخصوص کوردیلین ( کردلین ) ظرافت وزن 50 گرم,,49000,980000.0,0.05,True,https://basalam.com/cat/tools/%D8%AE%D8%A7%DA%A9-%DA%A9%D9%88%D8%AF-%D8%B3%D9%85%D9%88%D9%85?page=205
کود تقویتی مخصوص درخت زالزالک ظرافت وزن 50 گرم,,49000,980000.0,0.05,True,https://basalam.com/cat/tools/%D8%AE%D8%A7%DA%A9-%DA%A9%D9%88%D8%AF-%D8%B3%D9%85%D9%88%D9%85?page=205
کود تقویتی مخصوص درخت سنجد ظرافت وزن 50 گرم,,49000,980000.0,0.05,True,https://basalam.com/cat/tools/%D8%AE%D8%A7%DA%A9-%DA%A9%D9%88%D8%AF-%D8%B3%D9%85%D9%88%D9%85?page=205
کود تقویتی مخصوص گل نسترن ظرافت وزن 50 گرم,,49000,980000.0,0.05,True,https://basalam.com/cat/tools/%D8%AE%D8%A7%DA%A9-%DA%A9%D9%88%D8%AF-%D8%B3%D9%85%D9%88%D9%85?page=205
کود تقویتی مخصوص گل آفتابگردان ظرافت وزن 50 گرم,,49000,980000.0,0.05,True,https://basalam.com/cat/tools/%D8%AE%D8%A7%DA%A9-%DA%A9%D9%88%D8%AF-%D8%B3%D9%85%D9%88%D9%85?page=205
کود تقویتی مخصوص گل شمعدانی ظرافت وزن 50 گرم,,49000,980000.0,0.05,True,https://basalam.com/cat/tools/%D8%AE%D8%A7%DA%A9-%DA%A9%D9%88%D8%AF-%D8%B3%D9%85%D9%88%D9%85?page=205
کود تقویتی مخصوص برگ عبایی ظرافت وزن 50 گرم,,49000,980000.0,0.05,True,https://basalam.com/cat/tools/%D8%AE%D8%A7%DA%A9-%DA%A9%D9%88%D8%AF-%D8%B3%D9%85%D9%88%D9%85?page=205
کود تقویتی مخصوص گل ختمی ظرافت وزن 50 گرم,,49000,980000.0,0.05,True,https://basalam.com/cat/tools/%D8%AE%D8%A7%DA%A9-%DA%A9%D9%88%D8%AF-%D8%B3%D9%85%D9%88%D9%85?page=205
کود آمینواسید الترا (90 درصد) فلوریش حجم یک کیلوگرم,,970000,970000.0,1.0,True,https://basalam.com/cat/tools/%D8%AE%D8%A7%DA%A9-%DA%A9%D9%88%D8%AF-%D8%B3%D9%85%D9%88%D9%85?page=206
کود هیومیک اسید گرانول حجم 500 گرم,,6000,12000.0,0.5,True,https://basalam.com/cat/tools/%D8%AE%D8%A7%DA%A9-%DA%A9%D9%88%D8%AF-%D8%B3%D9%85%D9%88%D9%85?page=206
کود بیو بیست گلد امکس حجم یک لیتر,,1750000,1750000.0,1.0,True,https://basalam.com/cat/tools/%D8%AE%D8%A7%DA%A9-%DA%A9%D9%88%D8%AF-%D8%B3%D9%85%D9%88%D9%85?page=206
کود آپارتمانی آی پلنت بسته 3 عددی,,430000,1433333.3333333335,0.3,True,https://basalam.com/cat/tools/%D8%AE%D8%A7%DA%A9-%DA%A9%D9%88%D8%AF-%D8%B3%D9%85%D9%88%D9%85?page=208
کود آمینواسید 80 درصد فرمولایف بهاران حجم یک کیلوگرم,,1100000,880000.0,1.25,True,https://basalam.com/cat/tools/%D8%AE%D8%A7%DA%A9-%DA%A9%D9%88%D8%AF-%D8%B3%D9%85%D9%88%D9%85?page=208
کود آلی گرانول 7-3-5 جنوبگان جهت کشت پایه و تقویتی حجم 500 گرم (نیم کیلو),,15000,30000.0,0.5,True,https://basalam.com/cat/tools/%D8%AE%D8%A7%DA%A9-%DA%A9%D9%88%D8%AF-%D8%B3%D9%85%D9%88%D9%85?page=208
کود پتاس بالا نمسیس (تحت لیسانس اگروناترینتز مکزیک) برای درشتی بار,,770000,770000.0,1.0,True,https://basalam.com/cat/tools/%D8%AE%D8%A7%DA%A9-%DA%A9%D9%88%D8%AF-%D8%B3%D9%85%D9%88%D9%85?page=206
اگلونما برفی سایز گلدان 8 و 10(تک بوته سایز کوچک) . ارسال از طریق پست چاپار یا تیپاکس انجام و هزینه پسکرایه,,55000,55000.0,1.0,True,https://basalam.com/cat/tools/%D8%AE%D8%A7%DA%A9-%DA%A9%D9%88%D8%AF-%D8%B3%D9%85%D9%88%D9%85?page=206
کود مایع ارگانیک کشت سبزیجات نیم لیتری (پس کرایه),,120000,240000.0,0.5,True,https://basalam.com/cat/tools/%D8%AE%D8%A7%DA%A9-%DA%A9%D9%88%D8%AF-%D8%B3%D9%85%D9%88%D9%85?page=207
کود میکرو و هیومیک اسید دو لیتر سرشار از عناصر غذایی,,450000,225000.0,2.0,True,https://basalam.com/cat/tools/%D8%AE%D8%A7%DA%A9-%DA%A9%D9%88%D8%AF-%D8%B3%D9%85%D9%88%D9%85?page=207
کود ورمی کمپوست خالص یک تن(ارسال پس کرایه),,9000000,9000.0,1000.0,True,https://basalam.com/cat/tools/%D8%AE%D8%A7%DA%A9-%DA%A9%D9%88%D8%AF-%D8%B3%D9%85%D9%88%D9%85?page=207
کود آمینوکلسیم بر سوپرمکس,,410000,410000.0,1.0,True,https://basalam.com/cat/tools/%D8%AE%D8%A7%DA%A9-%DA%A9%D9%88%D8%AF-%D8%B3%D9%85%D9%88%D9%85?page=207
برگ انجیری مونسترا مقاوم و با رشدی سریع همراه و کیفیت بالا,,230000,191666.6666666667,1.2,True,https://basalam.com/cat/tools/%D8%AE%D8%A7%DA%A9-%DA%A9%D9%88%D8%AF-%D8%B3%D9%85%D9%88%D9%85?page=208
گل زیبای دیفن کاملیا سایز سطل 4 کیفیت بیاری عالی مخصوص آپارتمان و دکوراسیون داخلی,,280000,311111.1111111111,0.9,True,https://basalam.com/cat/tools/%D8%AE%D8%A7%DA%A9-%DA%A9%D9%88%D8%AF-%D8%B3%D9%85%D9%88%D9%85?page=208
گل آپارتمانی انتریوم گل دار و زیبا مخصوص دکوراسیون داخلی,,240000,300000.0,0.8,True,https://basalam.com/cat/tools/%D8%AE%D8%A7%DA%A9-%DA%A9%D9%88%D8%AF-%D8%B3%D9%85%D9%88%D9%85?page=208
کود میکرو کریستالون پروتکت پلنت 500 گرم,,500000,1000000.0,0.5,True,https://basalam.com/cat/tools/%D8%AE%D8%A7%DA%A9-%DA%A9%D9%88%D8%AF-%D8%B3%D9%85%D9%88%D9%85?page=208
کود میکرو کریستالون پروتکت پلنت 50 گرم,,110000,2200000.0,0.05,True,https://basalam.com/cat/tools/%D8%AE%D8%A7%DA%A9-%DA%A9%D9%88%D8%AF-%D8%B3%D9%85%D9%88%D9%85?page=208
کود 30 5 15 کریستالون دکتر پلنت 80 گرم,,80000,1000000.0,0.08,True,https://basalam.com/cat/tools/%D8%AE%D8%A7%DA%A9-%DA%A9%D9%88%D8%AF-%D8%B3%D9%85%D9%88%D9%85?page=208
کود هیومیک اسید پودر پروتکت پلنت 50 گرم,,110000,2200000.0,0.05,True,https://basalam.com/cat/tools/%D8%AE%D8%A7%DA%A9-%DA%A9%D9%88%D8%AF-%D8%B3%D9%85%D9%88%D9%85?page=208
کود اکورمون مایع فیوچراکو بایوساینس 500 میلی لیتر,,1600000,3200000.0,0.5,True,https://basalam.com/cat/tools/%D8%AE%D8%A7%DA%A9-%DA%A9%D9%88%D8%AF-%D8%B3%D9%85%D9%88%D9%85?page=208
کود نیترات منیزیم تولید آلمان ks,,3800000,152000.0,25.0,True,https://basalam.com/cat/tools/%D8%AE%D8%A7%DA%A9-%DA%A9%D9%88%D8%AF-%D8%B3%D9%85%D9%88%D9%85?page=208
کود کامل ریشه زایی NPK فسفر بالا (10-52-10) مدل خانگی وزن 100 گرم,,119000,1190000.0,0.1,True,https://basalam.com/cat/tools/%D8%AE%D8%A7%DA%A9-%DA%A9%D9%88%D8%AF-%D8%B3%D9%85%D9%88%D9%85?page=208
کود کلات آهن 6 درصد اسپانیایی مدل خانگی وزن 50 گرم,,179000,3580000.0,0.05,True,https://basalam.com/cat/tools/%D8%AE%D8%A7%DA%A9-%DA%A9%D9%88%D8%AF-%D8%B3%D9%85%D9%88%D9%85?page=208
کود اوره فسفات (0-44-17) مدل خانگی وزن 100 گرم,,89000,890000.0,0.1,True,https://basalam.com/cat/tools/%D8%AE%D8%A7%DA%A9-%DA%A9%D9%88%D8%AF-%D8%B3%D9%85%D9%88%D9%85?page=208
کود سه بیست جی اند جی اسپانیا,,2598500,259850.0,10.0,True,https://basalam.com/cat/tools/%D8%AE%D8%A7%DA%A9-%DA%A9%D9%88%D8%AF-%D8%B3%D9%85%D9%88%D9%85?page=208
کود 20.20.20 کیمیا,,50000,833333.3333333334,0.06,True,https://basalam.com/cat/tools/%D8%AE%D8%A7%DA%A9-%DA%A9%D9%88%D8%AF-%D8%B3%D9%85%D9%88%D9%85?page=208
کود ریشه زا و محرک ریشه بیورادیکانت فیوچرکو اسپانیا حجم یک لیتر,,1570000,3140000.0,0.5,True,https://basalam.com/cat/tools/%D8%AE%D8%A7%DA%A9-%DA%A9%D9%88%D8%AF-%D8%B3%D9%85%D9%88%D9%85?page=208
کود میکرو ویتال کالتیفورت اسپانیا,,985000,985000.0,1.0,True,https://basalam.com/cat/tools/%D8%AE%D8%A7%DA%A9-%DA%A9%D9%88%D8%AF-%D8%B3%D9%85%D9%88%D9%85?page=208
کود آهن فروفورت کالتیفورت اسپانیا,,1460000,1460000.0,1.0,True,https://basalam.com/cat/tools/%D8%AE%D8%A7%DA%A9-%DA%A9%D9%88%D8%AF-%D8%B3%D9%85%D9%88%D9%85?page=208
کود زیستی بایو فسفات بایوران,,840000,33600.0,25.0,True,https://basalam.com/cat/tools/%D8%AE%D8%A7%DA%A9-%DA%A9%D9%88%D8%AF-%D8%B3%D9%85%D9%88%D9%85?page=208
کود پتاسیم گوگرد 250 سی سی گارد ایکس گرین,,84000,336000.0,0.25,True,https://basalam.com/cat/tools/%D8%AE%D8%A7%DA%A9-%DA%A9%D9%88%D8%AF-%D8%B3%D9%85%D9%88%D9%85?page=208
کود کلسیم کائوس ایکس تی (CAOS XT) کیمیتک اسپانیا,,800000,800000.0,1.0,True,https://basalam.com/cat/tools/%D8%AE%D8%A7%DA%A9-%DA%A9%D9%88%D8%AF-%D8%B3%D9%85%D9%88%D9%85?page=208
کود نیتروژن پتاسیم NK60 ایکس گرین,,403000,403000.0,1.0,True,https://basalam.com/cat/tools/%D8%AE%D8%A7%DA%A9-%DA%A9%D9%88%D8%AF-%D8%B3%D9%85%D9%88%D9%85?page=208
گیاه دم اسب با کیفیت عالی بار امسالی و تازه(50گرمی),,76000,1520000.0,0.05,True,https://basalam.com/cat/tools/%D8%AE%D8%A7%DA%A9-%DA%A9%D9%88%D8%AF-%D8%B3%D9%85%D9%88%D9%85?page=208
ریشه شیرین بیان با کیفیت عالی بار امسالی و تازه(100گرمی),,82500,825000.0,0.1,True,https://basalam.com/cat/tools/%D8%AE%D8%A7%DA%A9-%DA%A9%D9%88%D8%AF-%D8%B3%D9%85%D9%88%D9%85?page=208
