category,url,product_menu_url,name,is_available,price,price_per_kg,amount_kg
,https://basalam.com/arzankadeh7berke/product/17519442,https://basalam.com/cat/tools/%D8%AE%D8%A7%DA%A9-%DA%A9%D9%88%D8%AF-%D8%B3%D9%85%D9%88%D9%85,خاک و کود بستر مخصوص گیاهان آبزی و میگوها اوشن فری,True,1223800,407933.3333333333,3.0
,https://basalam.com/igool/product/16423331,https://basalam.com/cat/tools/%D8%AE%D8%A7%DA%A9-%DA%A9%D9%88%D8%AF-%D8%B3%D9%85%D9%88%D9%85,خاک کود آفت کش و گلدان پلیمری پک تعویض گلدان کد 202,True,499000,,
,https://basalam.com/shoayb/product/12990467,https://basalam.com/cat/tools/%D8%AE%D8%A7%DA%A9-%DA%A9%D9%88%D8%AF-%D8%B3%D9%85%D9%88%D9%85,خاک گلدان.خاک.خاک گلدان.خاک و کود,True,148000,24666.666666666668,6.0
,https://basalam.com/igool/product/16423385,https://basalam.com/cat/tools/%D8%AE%D8%A7%DA%A9-%DA%A9%D9%88%D8%AF-%D8%B3%D9%85%D9%88%D9%85,خاک کود آفت کش و گلدان پلیمری پک تعویض گلدان,True,499000,,
,https://basalam.com/golkhaneh_linda/product/18194922,https://basalam.com/cat/tools/%D8%AE%D8%A7%DA%A9-%DA%A9%D9%88%D8%AF-%D8%B3%D9%85%D9%88%D9%85,خاک بهداشتی غنی شده با کود حلزون آچاتینا (پس کرایه),True,110000,36666.66666666666,3.0
,https://basalam.com/abbasico94/product/20871824,https://basalam.com/cat/tools/%D8%AE%D8%A7%DA%A9-%DA%A9%D9%88%D8%AF-%D8%B3%D9%85%D9%88%D9%85,خاک پیتماس (دوکیلویی) کود گیاه,True,330000,165000.0,2.0
,https://basalam.com/kolbeshadiiii/product/22147503,https://basalam.com/cat/tools/%D8%AE%D8%A7%DA%A9-%DA%A9%D9%88%D8%AF-%D8%B3%D9%85%D9%88%D9%85,خاک ژله ای کروی رنگبندی مخلوط,True,7000,,
,https://basalam.com/golden_goldon/product/9762838,https://basalam.com/cat/tools/%D8%AE%D8%A7%DA%A9-%DA%A9%D9%88%D8%AF-%D8%B3%D9%85%D9%88%D9%85,خاک ژله ای 3 گرمی هفت رنگ رنگارنگ,True,10000,,
,https://basalam.com/atari_aleyasin2/product/2884084,https://basalam.com/cat/tools/%D8%AE%D8%A7%DA%A9-%DA%A9%D9%88%D8%AF-%D8%B3%D9%85%D9%88%D9%85,خاک رس (کیلویی),True,150000,150000.0,1.0
,https://basalam.com/cafegoll_com/product/8662252,https://basalam.com/cat/tools/%D8%AE%D8%A7%DA%A9-%DA%A9%D9%88%D8%AF-%D8%B3%D9%85%D9%88%D9%85,خاک مخصوص گیاهان آپارتمانی کوکوپیت، پرلیت ،پیت ماس و.. (پس کرایه),True,95000,63333.333333333336,1.5
,https://basalam.com/cafegoll_com/product/4049563,https://basalam.com/cat/tools/%D8%AE%D8%A7%DA%A9-%DA%A9%D9%88%D8%AF-%D8%B3%D9%85%D9%88%D9%85,خاک پیت ماس کیفیت عالی (پس کرایه),True,39000,39000.0,1.0
,https://basalam.com/asilzade/product/9354932,https://basalam.com/cat/tools/%D8%AE%D8%A7%DA%A9-%DA%A9%D9%88%D8%AF-%D8%B3%D9%85%D9%88%D9%85,خاک سفید مخصوص شیره انگور,True,36000,36000.0,1.0
,https://basalam.com/keshavarzmarket/product/18824964,https://basalam.com/cat/tools/%D8%AE%D8%A7%DA%A9-%DA%A9%D9%88%D8%AF-%D8%B3%D9%85%D9%88%D9%85,خاک گل بنفشه آفریقایی باغبان,True,157000,,
,https://basalam.com/golkhanekochek/product/10920046,https://basalam.com/cat/tools/%D8%AE%D8%A7%DA%A9-%DA%A9%D9%88%D8%AF-%D8%B3%D9%85%D9%88%D9%85,خاک مخصوص سانسوریا و زاموفیلیا استریل,True,100000,83333.33333333334,1.2
,https://basalam.com/hastimahdi/product/14502188,https://basalam.com/cat/tools/%D8%AE%D8%A7%DA%A9-%DA%A9%D9%88%D8%AF-%D8%B3%D9%85%D9%88%D9%85,خاک ژله ای مدل Seven Color بسته 5 عددی,True,49900,,
,https://basalam.com/kafel/product/21938606,https://basalam.com/cat/tools/%D8%AE%D8%A7%DA%A9-%DA%A9%D9%88%D8%AF-%D8%B3%D9%85%D9%88%D9%85,خاک پلنت و بذر مونت کارلو اکواریوم (پس کرایه),True,95000,,
,https://basalam.com/gol-nardouneh/product/21171,https://basalam.com/cat/tools/%D8%AE%D8%A7%DA%A9-%DA%A9%D9%88%D8%AF-%D8%B3%D9%85%D9%88%D9%85,خاک سبک یک لیتری,True,30000,30000.0,1.0
,https://basalam.com/mahuragol/product/12684346,https://basalam.com/cat/tools/%D8%AE%D8%A7%DA%A9-%DA%A9%D9%88%D8%AF-%D8%B3%D9%85%D9%88%D9%85,خاک مخصوص گلهای آپارتمانی,True,50000,5000.0,10.0
,https://basalam.com/bgroma/product/21034807,https://basalam.com/cat/tools/%D8%AE%D8%A7%DA%A9-%DA%A9%D9%88%D8%AF-%D8%B3%D9%85%D9%88%D9%85,خاک برگ بزرگ (پس کرایه) خاک سبک,True,130000,,
,https://basalam.com/bgroma/product/21034817,https://basalam.com/cat/tools/%D8%AE%D8%A7%DA%A9-%DA%A9%D9%88%D8%AF-%D8%B3%D9%85%D9%88%D9%85,خاک برگ متوسط (پس کرایه) خاک سبک,True,40000,,
,https://basalam.com/v_329363/product/17787803,https://basalam.com/cat/tools/%D8%AE%D8%A7%DA%A9-%DA%A9%D9%88%D8%AF-%D8%B3%D9%85%D9%88%D9%85,خاک ژله ای شفاف بسته های پر پنج عددی,True,60000,,
,https://basalam.com/minamgallery/product/13828184,https://basalam.com/cat/tools/%D8%AE%D8%A7%DA%A9-%DA%A9%D9%88%D8%AF-%D8%B3%D9%85%D9%88%D9%85,خاک ژله ای رنگی بسته ی 24 عددی بسیار مرغوب,True,450000,450000.0,1.0
,https://basalam.com/itariegolenarges/product/8975484,https://basalam.com/cat/tools/%D8%AE%D8%A7%DA%A9-%DA%A9%D9%88%D8%AF-%D8%B3%D9%85%D9%88%D9%85,خاک رس سفید 150 گرم,True,165000,1100000.0,0.15
,https://basalam.com/golkhanekochek/product/17411814,https://basalam.com/cat/tools/%D8%AE%D8%A7%DA%A9-%DA%A9%D9%88%D8%AF-%D8%B3%D9%85%D9%88%D9%85?page=2,خاک پوکه درشت,True,45000,15000.0,3.0
,https://basalam.com/keshmesh.karchan/product/22132819,https://basalam.com/cat/tools/%D8%AE%D8%A7%DA%A9-%DA%A9%D9%88%D8%AF-%D8%B3%D9%85%D9%88%D9%85?page=2,خاکشیر ارگانیک اعلا تمیز و بدون خاک,True,300000,300000.0,1.0
,https://basalam.com/salthalit/product/12327199,https://basalam.com/cat/tools/%D8%AE%D8%A7%DA%A9-%DA%A9%D9%88%D8%AF-%D8%B3%D9%85%D9%88%D9%85?page=2,خاک اره نجاری,True,29000,29000.0,1.0
,https://basalam.com/kavousianna/product/5492347,https://basalam.com/cat/tools/%D8%AE%D8%A7%DA%A9-%DA%A9%D9%88%D8%AF-%D8%B3%D9%85%D9%88%D9%85?page=2,خاک وکود آماده خاک برگوکمپوست وپرلیت ترکیبی عالی,True,85000,42500.0,2.0
,https://basalam.com/kiyanroban/product/24247083,https://basalam.com/cat/tools/%D8%AE%D8%A7%DA%A9-%DA%A9%D9%88%D8%AF-%D8%B3%D9%85%D9%88%D9%85?page=2,خاک ژله ای,True,30000,,
,https://basalam.com/mchavoosh/product/8269954,https://basalam.com/cat/tools/%D8%AE%D8%A7%DA%A9-%DA%A9%D9%88%D8%AF-%D8%B3%D9%85%D9%88%D9%85?page=2,خاک کامل گلدان گیاهان آپارتمانی,True,41500,9222.222222222224,4.5
,https://basalam.com/1oo1barg/product/18705703,https://basalam.com/cat/tools/%D8%AE%D8%A7%DA%A9-%DA%A9%D9%88%D8%AF-%D8%B3%D9%85%D9%88%D9%85?page=2,خاک رس (بسته 200گرمی),True,40000,200000.0,0.2
,https://basalam.com/mmshirvani/product/14563242,https://basalam.com/cat/tools/%D8%AE%D8%A7%DA%A9-%DA%A9%D9%88%D8%AF-%D8%B3%D9%85%D9%88%D9%85?page=2,خاک ژله ای رنگی,True,7938,,
,https://basalam.com/nahal_best/product/13285182,https://basalam.com/cat/tools/%D8%AE%D8%A7%DA%A9-%DA%A9%D9%88%D8%AF-%D8%B3%D9%85%D9%88%D9%85?page=2,خاک گلدان,True,100000,100000.0,1.0
,https://basalam.com/onlineshopeamirhosein/product/23482597,https://basalam.com/cat/tools/%D8%AE%D8%A7%DA%A9-%DA%A9%D9%88%D8%AF-%D8%B3%D9%85%D9%88%D9%85?page=2,خاک ژله ای بسته 3 عددی,True,54000,,
,https://basalam.com/lavazem_janebi_talkhabi/product/7506323,https://basalam.com/cat/tools/%D8%AE%D8%A7%DA%A9-%DA%A9%D9%88%D8%AF-%D8%B3%D9%85%D9%88%D9%85?page=2,خاک ژله ای رنگی مدل Seven Color،مناسب برای سبزه،گلها،گلدان آکواریوم،تنگ آب و... (ورق 20 عددی),True,135000,,
,https://basalam.com/hastimahdi/product/10541559,https://basalam.com/cat/tools/%D8%AE%D8%A7%DA%A9-%DA%A9%D9%88%D8%AF-%D8%B3%D9%85%D9%88%D9%85?page=2,خاک رس سفالگری فیروزه کد 500,True,28300,217692.3076923077,0.13
,https://basalam.com/minimalshop/product/3877760,https://basalam.com/cat/tools/%D8%AE%D8%A7%DA%A9-%DA%A9%D9%88%D8%AF-%D8%B3%D9%85%D9%88%D9%85?page=2,خاک ژله ای بی رنگ(خاک ژله ای سفید),True,15000,,
,https://basalam.com/sarzamindata/product/15510262,https://basalam.com/cat/tools/%D8%AE%D8%A7%DA%A9-%DA%A9%D9%88%D8%AF-%D8%B3%D9%85%D9%88%D9%85?page=2,خاک ژله ای بسته چهار عددی مناسب ترین خاک برای گلدان و کاشت سبزه,True,21700,,
,https://basalam.com/kohyarpelastic/product/7511711,https://basalam.com/cat/tools/%D8%AE%D8%A7%DA%A9-%DA%A9%D9%88%D8%AF-%D8%B3%D9%85%D9%88%D9%85?page=2,خاک انداز,True,35000,87500.0,0.4
,https://basalam.com/hossen.haslam/product/10143462,https://basalam.com/cat/tools/%D8%AE%D8%A7%DA%A9-%DA%A9%D9%88%D8%AF-%D8%B3%D9%85%D9%88%D9%85?page=2,خاک ژله ای بسته 20تایی,True,125000,1250000.0,0.1
,https://basalam.com/atari-gol-narges707/product/18290911,https://basalam.com/cat/tools/%D8%AE%D8%A7%DA%A9-%DA%A9%D9%88%D8%AF-%D8%B3%D9%85%D9%88%D9%85?page=2,خاک رس قهوه ای 200 گرم,True,160000,800000.0,0.2
,https://basalam.com/makanshimi/product/21816109,https://basalam.com/cat/tools/%D8%AE%D8%A7%DA%A9-%DA%A9%D9%88%D8%AF-%D8%B3%D9%85%D9%88%D9%85?page=2,خاک دیاتومه آرایشی بسته بندی یک کیلویی,True,267000,267000.0,1.0
,https://basalam.com/grandpa_keshavarz/product/16231398,https://basalam.com/cat/tools/%D8%AE%D8%A7%DA%A9-%DA%A9%D9%88%D8%AF-%D8%B3%D9%85%D9%88%D9%85?page=2,خاک پیتماس دوکیلویی,True,330000,165000.0,2.0
,https://basalam.com/starmasho/product/11176939,https://basalam.com/cat/tools/%D8%AE%D8%A7%DA%A9-%DA%A9%D9%88%D8%AF-%D8%B3%D9%85%D9%88%D9%85?page=2,خاک انحصاری تقویتی انواع گل و مزارع و حلزون طبی,True,130000,18571.42857142857,7.0
,https://basalam.com/parlag/product/840844,https://basalam.com/cat/tools/%D8%AE%D8%A7%DA%A9-%DA%A9%D9%88%D8%AF-%D8%B3%D9%85%D9%88%D9%85?page=2,خاک رس قرمز بنتونیت مخصوص ماسک صورت 360 گرم,True,150000,416666.6666666667,0.36
,https://basalam.com/starmasho/product/11176939,https://basalam.com/cat/tools/%D8%AE%D8%A7%DA%A9-%DA%A9%D9%88%D8%AF-%D8%B3%D9%85%D9%88%D9%85?page=3,خاک انحصاری تقویتی انواع گل و مزارع و حلزون طبی,True,130000,18571.42857142857,7.0
,https://basalam.com/sangchin1/product/5960166,https://basalam.com/cat/tools/%D8%AE%D8%A7%DA%A9-%DA%A9%D9%88%D8%AF-%D8%B3%D9%85%D9%88%D9%85?page=3,خاک ژله ای رنگی 3 گرمی (بسته 5 عددی),True,45000,3000000.0,0.015
,https://basalam.com/gol-baan/product/19603095,https://basalam.com/cat/tools/%D8%AE%D8%A7%DA%A9-%DA%A9%D9%88%D8%AF-%D8%B3%D9%85%D9%88%D9%85?page=3,خاک گلدان هلندی مخصوص گیاهان آپارتمانی+هدیه,True,80000,10000.0,8.0
,https://basalam.com/radin.p/product/4346510,https://basalam.com/cat/tools/%D8%AE%D8%A7%DA%A9-%DA%A9%D9%88%D8%AF-%D8%B3%D9%85%D9%88%D9%85?page=3,خاک تربت شیشه ای,True,12000,400000.0,0.03
,https://basalam.com/rafan/product/11785331,https://basalam.com/cat/tools/%D8%AE%D8%A7%DA%A9-%DA%A9%D9%88%D8%AF-%D8%B3%D9%85%D9%88%D9%85?page=3,خاک گلدان,True,350000,87500.0,4.0
,https://basalam.com/parlag/product/840844,https://basalam.com/cat/tools/%D8%AE%D8%A7%DA%A9-%DA%A9%D9%88%D8%AF-%D8%B3%D9%85%D9%88%D9%85?page=3,خاک رس قرمز بنتونیت مخصوص ماسک صورت 360 گرم,True,150000,416666.6666666667,0.36
,https://basalam.com/aqua.handmade/product/14080866,https://basalam.com/cat/tools/%D8%AE%D8%A7%DA%A9-%DA%A9%D9%88%D8%AF-%D8%B3%D9%85%D9%88%D9%85?page=3,خاک رس سفید برای کرمسازی، صابونسازی، ماسک صورت، 40 گرمی,True,46500,1162500.0,0.04
,https://basalam.com/partaksoil/product/19717467,https://basalam.com/cat/tools/%D8%AE%D8%A7%DA%A9-%DA%A9%D9%88%D8%AF-%D8%B3%D9%85%D9%88%D9%85?page=3,خاک هلندی پارتاک,True,230000,,
,https://basalam.com/sabznahad/product/21713283,https://basalam.com/cat/tools/%D8%AE%D8%A7%DA%A9-%DA%A9%D9%88%D8%AF-%D8%B3%D9%85%D9%88%D9%85?page=3,خاک مخصوص گلهای آپارتمانی,True,83000,,
,https://basalam.com/cafegoll_com/product/4062904,https://basalam.com/cat/tools/%D8%AE%D8%A7%DA%A9-%DA%A9%D9%88%D8%AF-%D8%B3%D9%85%D9%88%D9%85?page=3,خاک قلمه گیاهان آپارتمانی (پس کرایه),True,23750,59375.0,0.4
,https://basalam.com/cafegoll_com/product/4092907,https://basalam.com/cat/tools/%D8%AE%D8%A7%DA%A9-%DA%A9%D9%88%D8%AF-%D8%B3%D9%85%D9%88%D9%85?page=3,خاک سانسوریا و زاموفیلیا ( حرفه ای ) (پس کرایه),True,27550,39357.14285714286,0.7
,https://basalam.com/cafegoll_com/product/5190773,https://basalam.com/cat/tools/%D8%AE%D8%A7%DA%A9-%DA%A9%D9%88%D8%AF-%D8%B3%D9%85%D9%88%D9%85?page=3,خاک کوکوچیپس بسته ی یک لیتری (پس کرایه),True,37050,123500.0,0.3
,https://basalam.com/cafegoll_com/product/5107839,https://basalam.com/cat/tools/%D8%AE%D8%A7%DA%A9-%DA%A9%D9%88%D8%AF-%D8%B3%D9%85%D9%88%D9%85?page=3,خاک قلمه گیاهان آپارتمانی(کوکوپیت و پرلیت ) (پس کرایه),True,20900,20900.0,1.0
,https://basalam.com/cafegoll_com/product/4049538,https://basalam.com/cat/tools/%D8%AE%D8%A7%DA%A9-%DA%A9%D9%88%D8%AF-%D8%B3%D9%85%D9%88%D9%85?page=3,خاک بنفشه آفریقایی (پس کرایه),True,18050,51571.42857142857,0.35
,https://basalam.com/flowerpeyk/product/4304123,https://basalam.com/cat/tools/%D8%AE%D8%A7%DA%A9-%DA%A9%D9%88%D8%AF-%D8%B3%D9%85%D9%88%D9%85?page=3,خاک مخصوص گیاهان اپارتمانی,True,130000,130000.0,1.0
,https://basalam.com/plasko_taha1401/product/7709744,https://basalam.com/cat/tools/%D8%AE%D8%A7%DA%A9-%DA%A9%D9%88%D8%AF-%D8%B3%D9%85%D9%88%D9%85?page=3,خاک انداز حلبی کیفیت عالی,True,35000,116666.66666666669,0.3
,https://basalam.com/happylandsaghez/product/13952220,https://basalam.com/cat/tools/%D8%AE%D8%A7%DA%A9-%DA%A9%D9%88%D8%AF-%D8%B3%D9%85%D9%88%D9%85?page=3,خاک ژله ای,True,15000,,
,https://basalam.com/soilarghavan/product/10165569,https://basalam.com/cat/tools/%D8%AE%D8%A7%DA%A9-%DA%A9%D9%88%D8%AF-%D8%B3%D9%85%D9%88%D9%85?page=3,خاک قلمه زنی,True,40000,20000.0,2.0
,https://basalam.com/soilarghavan/product/3053519,https://basalam.com/cat/tools/%D8%AE%D8%A7%DA%A9-%DA%A9%D9%88%D8%AF-%D8%B3%D9%85%D9%88%D9%85?page=3,خاک بنفشه آفریقایی,True,48000,24000.0,2.0
,https://basalam.com/g-pedari/product/21679906,https://basalam.com/cat/tools/%D8%AE%D8%A7%DA%A9-%DA%A9%D9%88%D8%AF-%D8%B3%D9%85%D9%88%D9%85?page=3,خاک گل,True,33000,36666.66666666666,0.9
,https://basalam.com/baghcheyeh-yass/product/19626593,https://basalam.com/cat/tools/%D8%AE%D8%A7%DA%A9-%DA%A9%D9%88%D8%AF-%D8%B3%D9%85%D9%88%D9%85?page=3,خاک کوکوپیت,True,56000,,
,https://basalam.com/baghcheyeh-yass/product/24511779,https://basalam.com/cat/tools/%D8%AE%D8%A7%DA%A9-%DA%A9%D9%88%D8%AF-%D8%B3%D9%85%D9%88%D9%85?page=3,خاک ارکیده,True,125000,,
,https://basalam.com/goldooneye_zendegi/product/7303535,https://basalam.com/cat/tools/%D8%AE%D8%A7%DA%A9-%DA%A9%D9%88%D8%AF-%D8%B3%D9%85%D9%88%D9%85?page=3,خاک مخصوص کاکتوس ،ساکولنت ،سانسوریا (یک لیتر)(با حداقل 250 تومن خرید از غرفمون ب نفع هردومون میشه)(هزینه پسکرایه),True,25000,50000.0,0.5
,https://basalam.com/arzankadeh7berke/product/17519690,https://basalam.com/cat/tools/%D8%AE%D8%A7%DA%A9-%DA%A9%D9%88%D8%AF-%D8%B3%D9%85%D9%88%D9%85?page=3,خاک پلنت مدل نیچر پرمیوم وزن 500 گرم به همراه بذر چمن,True,248800,452363.6363636364,0.55
,https://basalam.com/v_329363/product/17668570,https://basalam.com/cat/tools/%D8%AE%D8%A7%DA%A9-%DA%A9%D9%88%D8%AF-%D8%B3%D9%85%D9%88%D9%85?page=3,خاک ژله ای قرمز یکدست بسته پر,True,15000,,
,https://basalam.com/pakhsheomdehhosna/product/16851296,https://basalam.com/cat/tools/%D8%AE%D8%A7%DA%A9-%DA%A9%D9%88%D8%AF-%D8%B3%D9%85%D9%88%D9%85?page=3,خاک ژله ای زیر سیگاری لاکچریNano White وارداتی اصلی با ارسال رایگان,True,99000,3960000.0,0.025
,https://basalam.com/golkhanekochek/product/17411864,https://basalam.com/cat/tools/%D8%AE%D8%A7%DA%A9-%DA%A9%D9%88%D8%AF-%D8%B3%D9%85%D9%88%D9%85?page=3,خاک پوکه متوسط,True,40000,13333.333333333334,3.0
,https://basalam.com/sobhan_gh91/product/15430318,https://basalam.com/cat/tools/%D8%AE%D8%A7%DA%A9-%DA%A9%D9%88%D8%AF-%D8%B3%D9%85%D9%88%D9%85?page=3,خاک مخصوص small,True,5000,,
,https://basalam.com/amirhosein_kh/product/6551581,https://basalam.com/cat/tools/%D8%AE%D8%A7%DA%A9-%DA%A9%D9%88%D8%AF-%D8%B3%D9%85%D9%88%D9%85?page=3,خاک پلنت لحظه بسته نیم کیلویی,True,48000,96000.0,0.5
,https://basalam.com/abarplant/product/20128657,https://basalam.com/cat/tools/%D8%AE%D8%A7%DA%A9-%DA%A9%D9%88%D8%AF-%D8%B3%D9%85%D9%88%D9%85?page=3,خاک مخصوص گیاهان آپارتمانی,True,99000,,
,https://basalam.com/chenaniyousof/product/10121553,https://basalam.com/cat/tools/%D8%AE%D8%A7%DA%A9-%DA%A9%D9%88%D8%AF-%D8%B3%D9%85%D9%88%D9%85?page=4,خاک گیاهان آپارتمانی نیم کیلو برای گیاهان بسیار مناسب است,True,25000,50000.0,0.5
,https://basalam.com/hakkim_att/product/8365644,https://basalam.com/cat/tools/%D8%AE%D8%A7%DA%A9-%DA%A9%D9%88%D8%AF-%D8%B3%D9%85%D9%88%D9%85?page=4,خاک رس طبی، برای پوستهای مرطوب,True,29500,139150.94339622642,0.212
,https://basalam.com/ekrami/product/430180,https://basalam.com/cat/tools/%D8%AE%D8%A7%DA%A9-%DA%A9%D9%88%D8%AF-%D8%B3%D9%85%D9%88%D9%85?page=4,خاک رس بنتونیت مناسب انواع پوست,True,90000,1285714.2857142857,0.07
,https://basalam.com/roghandoon/product/1110158,https://basalam.com/cat/tools/%D8%AE%D8%A7%DA%A9-%DA%A9%D9%88%D8%AF-%D8%B3%D9%85%D9%88%D9%85?page=4,خاک رس سبز (پوست معمولی),True,123200,821333.3333333334,0.15
,https://basalam.com/golator/product/21227534,https://basalam.com/cat/tools/%D8%AE%D8%A7%DA%A9-%DA%A9%D9%88%D8%AF-%D8%B3%D9%85%D9%88%D9%85?page=4,خاک سنگین اُرس,True,129000,43000.0,3.0
,https://basalam.com/seman_land/product/20181818,https://basalam.com/cat/tools/%D8%AE%D8%A7%DA%A9-%DA%A9%D9%88%D8%AF-%D8%B3%D9%85%D9%88%D9%85?page=4,خاک ژله ای شفاف تیله ای,True,9000,,
,https://basalam.com/atarizeytoon/product/15339169,https://basalam.com/cat/tools/%D8%AE%D8%A7%DA%A9-%DA%A9%D9%88%D8%AF-%D8%B3%D9%85%D9%88%D9%85?page=4,خاک رس بهداشتی (بسته ی 120گرمی) مناسب ماسک صورت,True,50000,416666.6666666667,0.12
,https://basalam.com/sefidab/product/1600465,https://basalam.com/cat/tools/%D8%AE%D8%A7%DA%A9-%DA%A9%D9%88%D8%AF-%D8%B3%D9%85%D9%88%D9%85?page=4,خاک رس سفید طب,True,500000,1666666.6666666667,0.3
,https://basalam.com/mitibook/product/18195774,https://basalam.com/cat/tools/%D8%AE%D8%A7%DA%A9-%DA%A9%D9%88%D8%AF-%D8%B3%D9%85%D9%88%D9%85?page=4,خاک ژله ای,True,10000,2000000.0,0.005
,https://basalam.com/hastimahdi/product/14502353,https://basalam.com/cat/tools/%D8%AE%D8%A7%DA%A9-%DA%A9%D9%88%D8%AF-%D8%B3%D9%85%D9%88%D9%85?page=4,خاک ژله ای مدل A2 بسته 15 عددی,True,149000,,
,https://basalam.com/novinkeshtsepahan/product/5565077,https://basalam.com/cat/tools/%D8%AE%D8%A7%DA%A9-%DA%A9%D9%88%D8%AF-%D8%B3%D9%85%D9%88%D9%85?page=4,خاک کوکوپیت,True,55000,55000.0,1.0
,https://basalam.com/shaliizeh/product/7631377,https://basalam.com/cat/tools/%D8%AE%D8%A7%DA%A9-%DA%A9%D9%88%D8%AF-%D8%B3%D9%85%D9%88%D9%85?page=4,خاک رس قهوه ای مناسب پوست. لایه بردار پوست 200 گرم,True,160000,800000.0,0.2
,https://basalam.com/shaliizeh/product/7631330,https://basalam.com/cat/tools/%D8%AE%D8%A7%DA%A9-%DA%A9%D9%88%D8%AF-%D8%B3%D9%85%D9%88%D9%85?page=4,خاک رس سفید مناسب پوست نرمال و مختلط 200 گرم,True,160000,800000.0,0.2
,https://basalam.com/starmasho/product/11991638,https://basalam.com/cat/tools/%D8%AE%D8%A7%DA%A9-%DA%A9%D9%88%D8%AF-%D8%B3%D9%85%D9%88%D9%85?page=4,خاک آنتی باکتریال،کاشت سبزی،گیاهان،حلزون طبی,True,130000,21666.666666666668,6.0
,https://basalam.com/starmasho/product/12325147,https://basalam.com/cat/tools/%D8%AE%D8%A7%DA%A9-%DA%A9%D9%88%D8%AF-%D8%B3%D9%85%D9%88%D9%85?page=4,خاک فوق اقتصادی اختصاصی گل و گیاه و مزارع و حلزون,True,130000,21666.666666666668,6.0
,https://basalam.com/starmasho/product/10821720,https://basalam.com/cat/tools/%D8%AE%D8%A7%DA%A9-%DA%A9%D9%88%D8%AF-%D8%B3%D9%85%D9%88%D9%85?page=4,خاک آنتی باکتریال کاشت سبزی،گیاهان زینتی،حلزون طبی,True,55000,9166.666666666666,6.0
,https://basalam.com/starmasho/product/10656022,https://basalam.com/cat/tools/%D8%AE%D8%A7%DA%A9-%DA%A9%D9%88%D8%AF-%D8%B3%D9%85%D9%88%D9%85?page=4,خاک ترکیبی،پرلیت متوسط انواع گل،مزارع،کاشت،حلزون,True,130000,21666.666666666668,6.0
,https://basalam.com/golestankala/product/2407904,https://basalam.com/cat/tools/%D8%AE%D8%A7%DA%A9-%DA%A9%D9%88%D8%AF-%D8%B3%D9%85%D9%88%D9%85?page=4,خاک انداز,True,25000,166666.6666666667,0.15
,https://basalam.com/shafa313/product/17204508,https://basalam.com/cat/tools/%D8%AE%D8%A7%DA%A9-%DA%A9%D9%88%D8%AF-%D8%B3%D9%85%D9%88%D9%85?page=4,خاک شیر محلی,True,250000,312500.0,0.8
,https://basalam.com/oranooss/product/12014165,https://basalam.com/cat/tools/%D8%AE%D8%A7%DA%A9-%DA%A9%D9%88%D8%AF-%D8%B3%D9%85%D9%88%D9%85?page=4,خاک ژله ای رنگی و سفید رنگی 7000 تومان خاک ژله ای سفید 10000 تومان,True,7000,233333.3333333333,0.03
,https://basalam.com/nikobazrir/product/22108259,https://basalam.com/cat/tools/%D8%AE%D8%A7%DA%A9-%DA%A9%D9%88%D8%AF-%D8%B3%D9%85%D9%88%D9%85?page=4,خاک ژله ای رنگی 24 عددی,True,180000,,
,https://basalam.com/sabzgostaran1/product/8662408,https://basalam.com/cat/tools/%D8%AE%D8%A7%DA%A9-%DA%A9%D9%88%D8%AF-%D8%B3%D9%85%D9%88%D9%85?page=4,خاک برگ پوسیده شده (پس کرایه),True,75000,15000.0,5.0
,https://basalam.com/sangchin1/product/5960367,https://basalam.com/cat/tools/%D8%AE%D8%A7%DA%A9-%DA%A9%D9%88%D8%AF-%D8%B3%D9%85%D9%88%D9%85?page=5,خاک ژله ای رنگی 3 گرمی ( بسته 3 عددی )جمعا حدود 9 گرم,True,27000,3000000.0,0.009
,https://basalam.com/somo/product/16962883,https://basalam.com/cat/tools/%D8%AE%D8%A7%DA%A9-%DA%A9%D9%88%D8%AF-%D8%B3%D9%85%D9%88%D9%85?page=5,خاک ژله ای بی رنگ,True,10000,,
,https://basalam.com/shafa313/product/17204508,https://basalam.com/cat/tools/%D8%AE%D8%A7%DA%A9-%DA%A9%D9%88%D8%AF-%D8%B3%D9%85%D9%88%D9%85?page=5,خاک شیر محلی,True,250000,312500.0,0.8
,https://basalam.com/miadshimii/product/20248277,https://basalam.com/cat/tools/%D8%AE%D8%A7%DA%A9-%DA%A9%D9%88%D8%AF-%D8%B3%D9%85%D9%88%D9%85?page=5,خاک دیاتومه برای دفع حشرات موزی 100گرمی,True,160000,1600000.0,0.1
,https://basalam.com/ciity_toys/product/13803519,https://basalam.com/cat/tools/%D8%AE%D8%A7%DA%A9-%DA%A9%D9%88%D8%AF-%D8%B3%D9%85%D9%88%D9%85?page=5,خاک ژله ای رنگی 30 عددی,True,263400,,
,https://basalam.com/sadhu/product/10959941,https://basalam.com/cat/tools/%D8%AE%D8%A7%DA%A9-%DA%A9%D9%88%D8%AF-%D8%B3%D9%85%D9%88%D9%85?page=5,خاک معطر رایحه پارادایز (بهشت),True,287000,,
,https://basalam.com/lili77/product/22310942,https://basalam.com/cat/tools/%D8%AE%D8%A7%DA%A9-%DA%A9%D9%88%D8%AF-%D8%B3%D9%85%D9%88%D9%85?page=5,خاک مخصوص بنفشه آفریقایی کیفیت عالی (پس کرایه),True,250000,,
,https://basalam.com/spiruface/product/1105750,https://basalam.com/cat/tools/%D8%AE%D8%A7%DA%A9-%DA%A9%D9%88%D8%AF-%D8%B3%D9%85%D9%88%D9%85?page=5,خاک رس بنتونیت گوهر سبز,True,120000,800000.0,0.15
,https://basalam.com/nikanart1369/product/24376282,https://basalam.com/cat/tools/%D8%AE%D8%A7%DA%A9-%DA%A9%D9%88%D8%AF-%D8%B3%D9%85%D9%88%D9%85?page=5,خاک ژله ای شفاف 4 گرمی,True,20000,,
,https://basalam.com/cafegoll_com/product/4059727,https://basalam.com/cat/tools/%D8%AE%D8%A7%DA%A9-%DA%A9%D9%88%D8%AF-%D8%B3%D9%85%D9%88%D9%85?page=5,خاک گیاه هویا کیفیت عالی (پس کرایه),True,27550,55100.0,0.5
,https://basalam.com/cafegoll_com/product/5190862,https://basalam.com/cat/tools/%D8%AE%D8%A7%DA%A9-%DA%A9%D9%88%D8%AF-%D8%B3%D9%85%D9%88%D9%85?page=5,خاک کوکوپیت بسته ی یک لیتری (پس کرایه),True,18050,60166.66666666667,0.3
,https://basalam.com/delbarg/product/23882048,https://basalam.com/cat/tools/%D8%AE%D8%A7%DA%A9-%DA%A9%D9%88%D8%AF-%D8%B3%D9%85%D9%88%D9%85?page=5,خاک استریل آپارتمانی درجه 1,True,230000,46000.0,5.0
,https://basalam.com/atari_aleyasin2/product/2884077,https://basalam.com/cat/tools/%D8%AE%D8%A7%DA%A9-%DA%A9%D9%88%D8%AF-%D8%B3%D9%85%D9%88%D9%85?page=5,خاک رس (50گرمی),True,10000,200000.0,0.05
,https://basalam.com/ofpyw4050rtofhpyeoo/product/24251902,https://basalam.com/cat/tools/%D8%AE%D8%A7%DA%A9-%DA%A9%D9%88%D8%AF-%D8%B3%D9%85%D9%88%D9%85?page=5,خاک مناسب تمام گیاهاناپرتمانی و غیره خاک عالی و درجه یک,True,10000,,
,https://basalam.com/gool_kade_hoya/product/5106989,https://basalam.com/cat/tools/%D8%AE%D8%A7%DA%A9-%DA%A9%D9%88%D8%AF-%D8%B3%D9%85%D9%88%D9%85?page=5,خاک هویا ، خاک تخصصی فروشگاه ارکیده خونه,True,120000,60000.0,2.0
,https://basalam.com/dargol1367/product/12072761,https://basalam.com/cat/tools/%D8%AE%D8%A7%DA%A9-%DA%A9%D9%88%D8%AF-%D8%B3%D9%85%D9%88%D9%85?page=5,خاک کاکتوس یک لیتری گیلدا (پس کرایه),True,50000,33333.333333333336,1.5
,https://basalam.com/ashpz/product/6175865,https://basalam.com/cat/tools/%D8%AE%D8%A7%DA%A9-%DA%A9%D9%88%D8%AF-%D8%B3%D9%85%D9%88%D9%85?page=5,خاک انداز,True,80000,400000.0,0.2
,https://basalam.com/baghcheyeh-yass/product/19999299,https://basalam.com/cat/tools/%D8%AE%D8%A7%DA%A9-%DA%A9%D9%88%D8%AF-%D8%B3%D9%85%D9%88%D9%85?page=5,خاک پیتماس,True,110000,,
,https://basalam.com/v_329363/product/17668668,https://basalam.com/cat/tools/%D8%AE%D8%A7%DA%A9-%DA%A9%D9%88%D8%AF-%D8%B3%D9%85%D9%88%D9%85?page=5,خاک ژله ای قرمز بسته های پر سه عددی,True,40000,,
,https://basalam.com/v_329363/product/18376663,https://basalam.com/cat/tools/%D8%AE%D8%A7%DA%A9-%DA%A9%D9%88%D8%AF-%D8%B3%D9%85%D9%88%D9%85?page=5,خاک ژله ای قرمز یکدست بسته های پر پنج عددی,True,60000,,
,https://basalam.com/v_329363/product/16891624,https://basalam.com/cat/tools/%D8%AE%D8%A7%DA%A9-%DA%A9%D9%88%D8%AF-%D8%B3%D9%85%D9%88%D9%85?page=5,خاک ژله ای شفاف بی رنگ بسته های پر سه عددی,True,40000,,
,https://basalam.com/v_329363/product/18692599,https://basalam.com/cat/tools/%D8%AE%D8%A7%DA%A9-%DA%A9%D9%88%D8%AF-%D8%B3%D9%85%D9%88%D9%85?page=5,خاک ژله ای چهار عددی شفاف و قرمز بسته های پر,True,50000,,
,https://basalam.com/bety/product/3245754,https://basalam.com/cat/tools/%D8%AE%D8%A7%DA%A9-%DA%A9%D9%88%D8%AF-%D8%B3%D9%85%D9%88%D9%85?page=5,خاک رس بنتونیت لیفت قوی صورت وجوش سرسیاه بستن منافذ,True,150000,1500000.0,0.1
,https://basalam.com/mahuragol/product/3885299,https://basalam.com/cat/tools/%D8%AE%D8%A7%DA%A9-%DA%A9%D9%88%D8%AF-%D8%B3%D9%85%D9%88%D9%85?page=5,خاک مخصوص بنفشه آفریقایی نوج ارسال با پست,True,48000,48000.0,1.0
,https://basalam.com/golkhanekochek/product/11058026,https://basalam.com/cat/tools/%D8%AE%D8%A7%DA%A9-%DA%A9%D9%88%D8%AF-%D8%B3%D9%85%D9%88%D9%85?page=5,خاک مخصوص قلمه زنی,True,50000,100000.0,0.5
,https://basalam.com/shinkal-trading/product/18467550,https://basalam.com/cat/tools/%D8%AE%D8%A7%DA%A9-%DA%A9%D9%88%D8%AF-%D8%B3%D9%85%D9%88%D9%85?page=5,خاک ژله ای رنگی مدل Seven Color،مناسب برای سبزه،گلها،گلدان آکواریوم،تنگ آب و... (تخفیف ویژه),True,8500,,
,https://basalam.com/tajhizatezibayefardin/product/19480401,https://basalam.com/cat/tools/%D8%AE%D8%A7%DA%A9-%DA%A9%D9%88%D8%AF-%D8%B3%D9%85%D9%88%D9%85?page=5,خاک رس سفید پروبیوتی,True,400000,,
,https://basalam.com/plascomahtab/product/8899789,https://basalam.com/cat/tools/%D8%AE%D8%A7%DA%A9-%DA%A9%D9%88%D8%AF-%D8%B3%D9%85%D9%88%D9%85?page=5,خاک انداز ونوس,True,38000,380000.0,0.1
,https://basalam.com/mandana/product/22399931,https://basalam.com/cat/tools/%D8%AE%D8%A7%DA%A9-%DA%A9%D9%88%D8%AF-%D8%B3%D9%85%D9%88%D9%85?page=5,خاک رس طبی,True,38000,253333.3333333333,0.15
,https://basalam.com/asemanabist99/product/20129890,https://basalam.com/cat/tools/%D8%AE%D8%A7%DA%A9-%DA%A9%D9%88%D8%AF-%D8%B3%D9%85%D9%88%D9%85?page=5,خاک ژله ای بی رنگ,True,8000,,
,https://basalam.com/lavazem_janebi_talkhabi/product/7533173,https://basalam.com/cat/tools/%D8%AE%D8%A7%DA%A9-%DA%A9%D9%88%D8%AF-%D8%B3%D9%85%D9%88%D9%85?page=6,خاک ژله ای تک رنگ مدل Seven Color،مناسب برای سبزه،گلها،گلدان آکواریوم،تنگ آب و... (تخفیف ویژه),True,8000,,
,https://basalam.com/al_attar/product/14021889,https://basalam.com/cat/tools/%D8%AE%D8%A7%DA%A9-%DA%A9%D9%88%D8%AF-%D8%B3%D9%85%D9%88%D9%85?page=6,خاک رس بهداشتی بسته 200 گرم,True,70000,,
,https://basalam.com/keshavarzmarket/product/18824919,https://basalam.com/cat/tools/%D8%AE%D8%A7%DA%A9-%DA%A9%D9%88%D8%AF-%D8%B3%D9%85%D9%88%D9%85?page=6,خاک گل ارکیده باغبان,True,195000,,
,https://basalam.com/noghli_market/product/7591118,https://basalam.com/cat/tools/%D8%AE%D8%A7%DA%A9-%DA%A9%D9%88%D8%AF-%D8%B3%D9%85%D9%88%D9%85?page=6,خاک پیتماس المانی با کیفیت,True,45000,160714.2857142857,0.28
,https://basalam.com/sisi_rj1990/product/12849904,https://basalam.com/cat/tools/%D8%AE%D8%A7%DA%A9-%DA%A9%D9%88%D8%AF-%D8%B3%D9%85%D9%88%D9%85?page=6,خاک ژله رنگی seven color,True,14900,1490000.0,0.01
,https://basalam.com/chenaniyousof/product/16366516,https://basalam.com/cat/tools/%D8%AE%D8%A7%DA%A9-%DA%A9%D9%88%D8%AF-%D8%B3%D9%85%D9%88%D9%85?page=6,خاک شیرسوپردرجه یک,True,335000,335000.0,1.0
,https://basalam.com/teligoli/product/19067221,https://basalam.com/cat/tools/%D8%AE%D8%A7%DA%A9-%DA%A9%D9%88%D8%AF-%D8%B3%D9%85%D9%88%D9%85?page=6,خاک گل و گیاه صادراتی گلدانی بسته سه و نیم کیلویی,True,63000,,
,https://basalam.com/feshfesheh/product/24030947,https://basalam.com/cat/tools/%D8%AE%D8%A7%DA%A9-%DA%A9%D9%88%D8%AF-%D8%B3%D9%85%D9%88%D9%85?page=6,خاک ژله ای شفاف سفیدرنگ بسته30عددی,True,18000,,
,https://basalam.com/hossen.haslam/product/6409993,https://basalam.com/cat/tools/%D8%AE%D8%A7%DA%A9-%DA%A9%D9%88%D8%AF-%D8%B3%D9%85%D9%88%D9%85?page=6,خاک ژله ای رنگی بسته 5عددی,True,45000,450000.0,0.1
,https://basalam.com/mystore1/product/14312898,https://basalam.com/cat/tools/%D8%AE%D8%A7%DA%A9-%DA%A9%D9%88%D8%AF-%D8%B3%D9%85%D9%88%D9%85?page=6,خاک پلنت مدل نیچر پرمیوم کد P500 وزن 500 گرم به همراه بذر چمن,True,115000,,
,https://basalam.com/sabznahad/product/7701608,https://basalam.com/cat/tools/%D8%AE%D8%A7%DA%A9-%DA%A9%D9%88%D8%AF-%D8%B3%D9%85%D9%88%D9%85?page=6,خاک مخصوص کاکتوس و ساکولنت,True,88000,,
,https://basalam.com/javaaneh/product/19100214,https://basalam.com/cat/tools/%D8%AE%D8%A7%DA%A9-%DA%A9%D9%88%D8%AF-%D8%B3%D9%85%D9%88%D9%85?page=6,خاک مخصوص بنفشه آفریقایی,True,80000,80000.0,1.0
,https://basalam.com/nahal_best/product/8132065,https://basalam.com/cat/tools/%D8%AE%D8%A7%DA%A9-%DA%A9%D9%88%D8%AF-%D8%B3%D9%85%D9%88%D9%85?page=6,خاک بلوبری,True,450000,,
,https://basalam.com/cactus_kadehsayeboom/product/10593893,https://basalam.com/cat/tools/%D8%AE%D8%A7%DA%A9-%DA%A9%D9%88%D8%AF-%D8%B3%D9%85%D9%88%D9%85?page=6,خاک تمام گیاهان آپارتمانی,True,99500,71071.42857142858,1.4
,https://basalam.com/makanshimi/product/22637823,https://basalam.com/cat/tools/%D8%AE%D8%A7%DA%A9-%DA%A9%D9%88%D8%AF-%D8%B3%D9%85%D9%88%D9%85?page=6,خاک دیاتومه برای دفع حشرات موزی دربسته بندی250,True,199000,796000.0,0.25
,https://basalam.com/asalpeyman/product/13933638,https://basalam.com/cat/tools/%D8%AE%D8%A7%DA%A9-%DA%A9%D9%88%D8%AF-%D8%B3%D9%85%D9%88%D9%85?page=6,خاک رس - 250 گرم,True,90000,360000.0,0.25
,https://basalam.com/igool/product/6320008,https://basalam.com/cat/tools/%D8%AE%D8%A7%DA%A9-%DA%A9%D9%88%D8%AF-%D8%B3%D9%85%D9%88%D9%85?page=6,خاک کوکوپیت گلیار مناسب برای کاشت قلمه های حساس و گیاهان آپارتمانی,True,139000,46333.333333333336,3.0
,https://basalam.com/plastic_121yaas/product/905274,https://basalam.com/cat/tools/%D8%AE%D8%A7%DA%A9-%DA%A9%D9%88%D8%AF-%D8%B3%D9%85%D9%88%D9%85?page=6,خاک انداز بزرگ,True,40000,,
,https://basalam.com/yadyaran/product/11224038,https://basalam.com/cat/tools/%D8%AE%D8%A7%DA%A9-%DA%A9%D9%88%D8%AF-%D8%B3%D9%85%D9%88%D9%85?page=6,خاک تیمم,True,70000,350000.0,0.2
,https://basalam.com/sabzbad/product/21248929,https://basalam.com/cat/tools/%D8%AE%D8%A7%DA%A9-%DA%A9%D9%88%D8%AF-%D8%B3%D9%85%D9%88%D9%85?page=6,خاک مخصوص سبزی و صیفی,True,97000,,
,https://basalam.com/gol_khooneh/product/25119958,https://basalam.com/cat/tools/%D8%AE%D8%A7%DA%A9-%DA%A9%D9%88%D8%AF-%D8%B3%D9%85%D9%88%D9%85?page=6,خاک کامل گلای بیرونی ،اپارتمانی نشاعی ،پوست بادام,True,65000,,
,https://basalam.com/mahurazibaei/product/17147837,https://basalam.com/cat/tools/%D8%AE%D8%A7%DA%A9-%DA%A9%D9%88%D8%AF-%D8%B3%D9%85%D9%88%D9%85?page=6,خاک کاکتوس خاک مخصوص,True,35000,11666.666666666666,3.0
,https://basalam.com/shoayb/product/12991280,https://basalam.com/cat/tools/%D8%AE%D8%A7%DA%A9-%DA%A9%D9%88%D8%AF-%D8%B3%D9%85%D9%88%D9%85?page=6,خاک گلدان.خاک کیاه.خاک.خواک بسته بندی,True,177000,35400.0,5.0
,https://basalam.com/royagolspadan/product/12680627,https://basalam.com/cat/tools/%D8%AE%D8%A7%DA%A9-%DA%A9%D9%88%D8%AF-%D8%B3%D9%85%D9%88%D9%85?page=6,خاک مخصوص دراگون فروت هزینه ارسال بصورت پس کرایه و بعهده مشتری می باشد,True,120000,120000.0,1.0
,https://basalam.com/mazraehalazon/product/16514546,https://basalam.com/cat/tools/%D8%AE%D8%A7%DA%A9-%DA%A9%D9%88%D8%AF-%D8%B3%D9%85%D9%88%D9%85?page=6,خاک حلزون کوکوپیت خشک و بدون الیاف سریلانکا ، مناسب گیاه و حلزون 100 عددی,True,45000000,,
,https://basalam.com/rooyesh-sabz/product/20113108,https://basalam.com/cat/tools/%D8%AE%D8%A7%DA%A9-%DA%A9%D9%88%D8%AF-%D8%B3%D9%85%D9%88%D9%85?page=6,خاک ژله ای مدل بی رنگ وزن 15 گرم,True,84000,5600000.0,0.015
,https://basalam.com/miadchemistry/product/16886991,https://basalam.com/cat/tools/%D8%AE%D8%A7%DA%A9-%DA%A9%D9%88%D8%AF-%D8%B3%D9%85%D9%88%D9%85?page=6,خاک دیاتومه و سه سم قوی برای ساس فوق قوی,True,600000,6000000.0,0.1
,https://basalam.com/miadchemistry/product/16887084,https://basalam.com/cat/tools/%D8%AE%D8%A7%DA%A9-%DA%A9%D9%88%D8%AF-%D8%B3%D9%85%D9%88%D9%85?page=6,خاک دیاموته و سه سم قوی کشنده حیوانات موزی,True,990000,990000.0,1.0
,https://basalam.com/golsaraye_behesht/product/15197160,https://basalam.com/cat/tools/%D8%AE%D8%A7%DA%A9-%DA%A9%D9%88%D8%AF-%D8%B3%D9%85%D9%88%D9%85?page=6,خاک هلندی ملکه,True,95000,47500.0,2.0
,https://basalam.com/golkhaneh_linda/product/11965231,https://basalam.com/cat/tools/%D8%AE%D8%A7%DA%A9-%DA%A9%D9%88%D8%AF-%D8%B3%D9%85%D9%88%D9%85?page=6,خاک برگ وکاکتوس و پرلیت و پوکه مناسب برای گیاهان آپارتمانی و کاکتوسها هزینه ارسال بصورت پسکرایه و به عهده مشتری میباشد,True,60000,12000.0,5.0
,https://basalam.com/tarhokhial/product/6379740,https://basalam.com/cat/tools/%D8%AE%D8%A7%DA%A9-%DA%A9%D9%88%D8%AF-%D8%B3%D9%85%D9%88%D9%85?page=6,خاک بسته بندی شده مناسب گلها و گیاهان آپارتمانی و باغچه ای,True,120000,12000.0,10.0
,https://basalam.com/golden_goldon/product/9763000,https://basalam.com/cat/tools/%D8%AE%D8%A7%DA%A9-%DA%A9%D9%88%D8%AF-%D8%B3%D9%85%D9%88%D9%85?page=6,خاک ژله ای بی رنگ شفاف تیله ای . 3 گرم,True,10000,3333333.333333333,0.003
,https://basalam.com/somo/product/17960187,https://basalam.com/cat/tools/%D8%AE%D8%A7%DA%A9-%DA%A9%D9%88%D8%AF-%D8%B3%D9%85%D9%88%D9%85?page=6,خاک ژله ای سفید و رنگی,True,10000,,
,https://basalam.com/sadhu/product/10959886,https://basalam.com/cat/tools/%D8%AE%D8%A7%DA%A9-%DA%A9%D9%88%D8%AF-%D8%B3%D9%85%D9%88%D9%85?page=6,خاک معطر نیروانا مدل آنجل (ملک),True,287000,,
,https://basalam.com/mahan_modern/product/21777384,https://basalam.com/cat/tools/%D8%AE%D8%A7%DA%A9-%DA%A9%D9%88%D8%AF-%D8%B3%D9%85%D9%88%D9%85?page=7,خاک ژله ای مدل A2 بسته 40 عددی,True,172000,1720000.0,0.1
,https://basalam.com/attarishop1/product/11611278,https://basalam.com/cat/tools/%D8%AE%D8%A7%DA%A9-%DA%A9%D9%88%D8%AF-%D8%B3%D9%85%D9%88%D9%85?page=7,خاک رس فله ای سفید ضد لک و جوش 200 گرمی,True,50000,250000.0,0.2
,https://basalam.com/khakbargbermoda402/product/14373609,https://basalam.com/cat/tools/%D8%AE%D8%A7%DA%A9-%DA%A9%D9%88%D8%AF-%D8%B3%D9%85%D9%88%D9%85?page=7,خاک برگ برمودا در بسته بندی سایز 1و2و3و4,True,25000,2083.333333333333,12.0
,https://basalam.com/pershianfish/product/9366249,https://basalam.com/cat/tools/%D8%AE%D8%A7%DA%A9-%DA%A9%D9%88%D8%AF-%D8%B3%D9%85%D9%88%D9%85?page=7,خاک بستر150گرمی کیمیا پلاس,True,25000,166666.6666666667,0.15
,https://basalam.com/abo_khak_alborz/product/11100755,https://basalam.com/cat/tools/%D8%AE%D8%A7%DA%A9-%DA%A9%D9%88%D8%AF-%D8%B3%D9%85%D9%88%D9%85?page=7,خاک کوکوچیپس فله ای,True,95000,95000.0,1.0
,https://basalam.com/cactus_garden/product/20172929,https://basalam.com/cat/tools/%D8%AE%D8%A7%DA%A9-%DA%A9%D9%88%D8%AF-%D8%B3%D9%85%D9%88%D9%85?page=7,خاک ژله ای بی رنگ,True,10100,,
,https://basalam.com/kagegol/product/21533943,https://basalam.com/cat/tools/%D8%AE%D8%A7%DA%A9-%DA%A9%D9%88%D8%AF-%D8%B3%D9%85%D9%88%D9%85?page=7,خاک وکود کاژه گل مخصوص گیاهان آپارتمانی,True,250000,20833.33333333333,12.0
,https://basalam.com/hamed_elektrik/product/23033662,https://basalam.com/cat/tools/%D8%AE%D8%A7%DA%A9-%DA%A9%D9%88%D8%AF-%D8%B3%D9%85%D9%88%D9%85?page=7,خاک رس اعلا آرایشی سنتی100گرم,True,150000,,
,https://basalam.com/allish/product/9958699,https://basalam.com/cat/tools/%D8%AE%D8%A7%DA%A9-%DA%A9%D9%88%D8%AF-%D8%B3%D9%85%D9%88%D9%85?page=7,خاک رس قهوه ای 200 گرم,True,160000,800000.0,0.2
,https://basalam.com/allish/product/9958632,https://basalam.com/cat/tools/%D8%AE%D8%A7%DA%A9-%DA%A9%D9%88%D8%AF-%D8%B3%D9%85%D9%88%D9%85?page=7,خاک رس سفید اصل 200 گرم داخل قوطی,True,160000,800000.0,0.2
,https://basalam.com/bano_zebaaaa/product/17837898,https://basalam.com/cat/tools/%D8%AE%D8%A7%DA%A9-%DA%A9%D9%88%D8%AF-%D8%B3%D9%85%D9%88%D9%85?page=7,خاک پیت ماس و کوکوپیت مخصوص گیاهان آپارتمانی و بلوبری,True,3000000,300000.0,10.0
,https://basalam.com/goldoone.qom/product/15633490,https://basalam.com/cat/tools/%D8%AE%D8%A7%DA%A9-%DA%A9%D9%88%D8%AF-%D8%B3%D9%85%D9%88%D9%85?page=7,خاک ژله ای بسته ای با رنگ های مختلف - ژله های دکوری گلدان -خاک ژله ای بی رنگ - ژله سبزه عید - گلدونه,True,7000,,
,https://basalam.com/style_me/product/18264616,https://basalam.com/cat/tools/%D8%AE%D8%A7%DA%A9-%DA%A9%D9%88%D8%AF-%D8%B3%D9%85%D9%88%D9%85?page=7,خاک ژله ای شفاف,True,14800,4933333.333333333,0.003
,https://basalam.com/shinkal-trading/product/18467544,https://basalam.com/cat/tools/%D8%AE%D8%A7%DA%A9-%DA%A9%D9%88%D8%AF-%D8%B3%D9%85%D9%88%D9%85?page=7,خاک ژله ای تک رنگ مدل Seven Color،مناسب برای سبزه،گلها،گلدان آکواریوم،تنگ آب و... (تخفیف ویژه),True,8500,,
,https://basalam.com/shinkal-trading/product/18467549,https://basalam.com/cat/tools/%D8%AE%D8%A7%DA%A9-%DA%A9%D9%88%D8%AF-%D8%B3%D9%85%D9%88%D9%85?page=7,خاک ژله ای رنگی مدل Seven Color،مناسب برای سبزه،گلها،گلدان آکواریوم،تنگ آب و... (ورق 20 عددی),True,140000,,
,https://basalam.com/kod_gol/product/13102436,https://basalam.com/cat/tools/%D8%AE%D8%A7%DA%A9-%DA%A9%D9%88%D8%AF-%D8%B3%D9%85%D9%88%D9%85?page=7,خاک مخصوص قلمه گیری. 500 گرمی.ترکیبی بدون قارچ و آلودگی . مخلوطی عالی از کوکوپیت، پرلیت، پیت ماس و ماسه,True,20000,40000.0,0.5
,https://basalam.com/sabzgostaran_linda/product/20856470,https://basalam.com/cat/tools/%D8%AE%D8%A7%DA%A9-%DA%A9%D9%88%D8%AF-%D8%B3%D9%85%D9%88%D9%85?page=7,خاک برگ پوسیده مناسب گلدان های آپارتمانی(پس کرایه),True,250000,,
,https://basalam.com/garden_paradise/product/9580217,https://basalam.com/cat/tools/%D8%AE%D8%A7%DA%A9-%DA%A9%D9%88%D8%AF-%D8%B3%D9%85%D9%88%D9%85?page=7,خاک ترکیب پیت ماس و پرلیت (500 گرمی ),True,150000,,
,https://basalam.com/amogol/product/23438188,https://basalam.com/cat/tools/%D8%AE%D8%A7%DA%A9-%DA%A9%D9%88%D8%AF-%D8%B3%D9%85%D9%88%D9%85?page=7,خاک آپارتمانی عمو گل,True,100000,20000.0,5.0
,https://basalam.com/honarkadepampam/product/20656153,https://basalam.com/cat/tools/%D8%AE%D8%A7%DA%A9-%DA%A9%D9%88%D8%AF-%D8%B3%D9%85%D9%88%D9%85?page=7,خاک ژله ای شفاف 1 بسته,True,12500,1250000.0,0.01
,https://basalam.com/roghandoon/product/1120662,https://basalam.com/cat/tools/%D8%AE%D8%A7%DA%A9-%DA%A9%D9%88%D8%AF-%D8%B3%D9%85%D9%88%D9%85?page=7,خاک رس قرمز (پوست چرب),True,121000,806666.6666666667,0.15
,https://basalam.com/roghandoon/product/1120694,https://basalam.com/cat/tools/%D8%AE%D8%A7%DA%A9-%DA%A9%D9%88%D8%AF-%D8%B3%D9%85%D9%88%D9%85?page=7,خاک رس سفید (پوست خشک),True,121000,806666.6666666667,0.15
,https://basalam.com/keshavarzmarket/product/19176414,https://basalam.com/cat/tools/%D8%AE%D8%A7%DA%A9-%DA%A9%D9%88%D8%AF-%D8%B3%D9%85%D9%88%D9%85?page=7,خاک کاکتوس و ساکولنت مینی باغبان,True,120000,,
,https://basalam.com/romakgallery/product/7618599,https://basalam.com/cat/tools/%D8%AE%D8%A7%DA%A9-%DA%A9%D9%88%D8%AF-%D8%B3%D9%85%D9%88%D9%85?page=7,خاک رس قهوه ای 200 گرم,True,165000,825000.0,0.2
,https://basalam.com/hossen.haslam/product/13355684,https://basalam.com/cat/tools/%D8%AE%D8%A7%DA%A9-%DA%A9%D9%88%D8%AF-%D8%B3%D9%85%D9%88%D9%85?page=7,خاک ژله ای بیرنگ,True,8700,174000.0,0.05
,https://basalam.com/feshfesheh/product/24030747,https://basalam.com/cat/tools/%D8%AE%D8%A7%DA%A9-%DA%A9%D9%88%D8%AF-%D8%B3%D9%85%D9%88%D9%85?page=7,خاک ژله ای رنگ جوربسته ای,True,15000,,
,https://basalam.com/saadatfatehi/product/19096006,https://basalam.com/cat/tools/%D8%AE%D8%A7%DA%A9-%DA%A9%D9%88%D8%AF-%D8%B3%D9%85%D9%88%D9%85?page=7,خاک مخصوص ارکیده بسته 1/5 لیتری,True,49000,,
,https://basalam.com/sefidab/product/1600515,https://basalam.com/cat/tools/%D8%AE%D8%A7%DA%A9-%DA%A9%D9%88%D8%AF-%D8%B3%D9%85%D9%88%D9%85?page=7,خاک رس سبز کمرنگ طبی,True,500000,1666666.6666666667,0.3
,https://basalam.com/parichehr.com/product/15969598,https://basalam.com/cat/tools/%D8%AE%D8%A7%DA%A9-%DA%A9%D9%88%D8%AF-%D8%B3%D9%85%D9%88%D9%85?page=7,خاک رس بنتونیت Bentonite,True,47000,470000.0,0.1
,https://basalam.com/hossen.haslam/product/13355684,https://basalam.com/cat/tools/%D8%AE%D8%A7%DA%A9-%DA%A9%D9%88%D8%AF-%D8%B3%D9%85%D9%88%D9%85?page=8,خاک ژله ای بیرنگ,True,8700,174000.0,0.05
,https://basalam.com/attari_norouzi/product/10750596,https://basalam.com/cat/tools/%D8%AE%D8%A7%DA%A9-%DA%A9%D9%88%D8%AF-%D8%B3%D9%85%D9%88%D9%85?page=8,خاک رس قرمز،سبز،سفید کیلویی,True,150000,150000.0,1.0
,https://basalam.com/novinkeshtsepahan/product/13121124,https://basalam.com/cat/tools/%D8%AE%D8%A7%DA%A9-%DA%A9%D9%88%D8%AF-%D8%B3%D9%85%D9%88%D9%85?page=8,خاک بستر پرمیوم,True,25000,500000.0,0.05
,https://basalam.com/amirforoshgah/product/15571382,https://basalam.com/cat/tools/%D8%AE%D8%A7%DA%A9-%DA%A9%D9%88%D8%AF-%D8%B3%D9%85%D9%88%D9%85?page=8,خاک ژله ای رنگی,True,10000,3333333.333333333,0.003
,https://basalam.com/ketab-115/product/21008308,https://basalam.com/cat/tools/%D8%AE%D8%A7%DA%A9-%DA%A9%D9%88%D8%AF-%D8%B3%D9%85%D9%88%D9%85?page=8,خاک و گل رس سفال بهداشتی کاکتوس,True,14000,,
,https://basalam.com/mahdicactus/product/1606528,https://basalam.com/cat/tools/%D8%AE%D8%A7%DA%A9-%DA%A9%D9%88%D8%AF-%D8%B3%D9%85%D9%88%D9%85?page=8,خاک برگ,True,55000,13750.0,4.0
,https://basalam.com/starmasho/product/10507465,https://basalam.com/cat/tools/%D8%AE%D8%A7%DA%A9-%DA%A9%D9%88%D8%AF-%D8%B3%D9%85%D9%88%D9%85?page=8,خاک ترکیبی فایرانجین مناسب انواع حلزون و گل و گیاه,True,130000,26000.0,5.0
,https://basalam.com/starmasho/product/11695275,https://basalam.com/cat/tools/%D8%AE%D8%A7%DA%A9-%DA%A9%D9%88%D8%AF-%D8%B3%D9%85%D9%88%D9%85?page=8,خاک پرورشی انواع گل و گیاه و باغچه و حلزون طبی,True,130000,21666.666666666668,6.0
,https://basalam.com/farnilaz-garden/product/21748411,https://basalam.com/cat/tools/%D8%AE%D8%A7%DA%A9-%DA%A9%D9%88%D8%AF-%D8%B3%D9%85%D9%88%D9%85?page=8,خاک مخصوص گلخانه فرنیلاز یک کیلو گرم (ارسال پس کرایه),True,99000,99000.0,1.0
,https://basalam.com/soghat_saeb/product/21118615,https://basalam.com/cat/tools/%D8%AE%D8%A7%DA%A9-%DA%A9%D9%88%D8%AF-%D8%B3%D9%85%D9%88%D9%85?page=8,خاک مخصوص تراریوم (پس کرایه),True,50000,,
,https://basalam.com/spiruface/product/1105795,https://basalam.com/cat/tools/%D8%AE%D8%A7%DA%A9-%DA%A9%D9%88%D8%AF-%D8%B3%D9%85%D9%88%D9%85?page=8,خاک رس قرمز (راسول) گوهر سبز,True,120000,800000.0,0.15
,https://basalam.com/mahurazibaei/product/4552631,https://basalam.com/cat/tools/%D8%AE%D8%A7%DA%A9-%DA%A9%D9%88%D8%AF-%D8%B3%D9%85%D9%88%D9%85?page=8,خاک گیاهان آپارتمانی گل طبیعی گل و گیاه خاگ برگ,True,26000,8666.666666666666,3.0
,https://basalam.com/abo_khak_alborz/product/11101445,https://basalam.com/cat/tools/%D8%AE%D8%A7%DA%A9-%DA%A9%D9%88%D8%AF-%D8%B3%D9%85%D9%88%D9%85?page=8,خاک کوکوپیت سریلانکا,True,600000,120000.0,5.0
,https://basalam.com/zphonar/product/21233039,https://basalam.com/cat/tools/%D8%AE%D8%A7%DA%A9-%DA%A9%D9%88%D8%AF-%D8%B3%D9%85%D9%88%D9%85?page=8,خاک تمیز مخصوص گیاه خانگی آپارتمانی فیلتر شده,True,25000,25000.0,1.0
,https://basalam.com/royalnahaal/product/23521703,https://basalam.com/cat/tools/%D8%AE%D8%A7%DA%A9-%DA%A9%D9%88%D8%AF-%D8%B3%D9%85%D9%88%D9%85?page=8,خاک مخصوص بلوبری (پس کرایه),True,120000,24000.0,5.0
,https://basalam.com/miadshimii/product/20248423,https://basalam.com/cat/tools/%D8%AE%D8%A7%DA%A9-%DA%A9%D9%88%D8%AF-%D8%B3%D9%85%D9%88%D9%85?page=8,خاک دیاتومه برای دفع حشرات موزی 500گرمی,True,230000,460000.0,0.5
,https://basalam.com/ark_gallary/product/19765106,https://basalam.com/cat/tools/%D8%AE%D8%A7%DA%A9-%DA%A9%D9%88%D8%AF-%D8%B3%D9%85%D9%88%D9%85?page=8,خاک ژله ای زیر سیگاری,True,60000,,
,https://basalam.com/partaksoil/product/5407606,https://basalam.com/cat/tools/%D8%AE%D8%A7%DA%A9-%DA%A9%D9%88%D8%AF-%D8%B3%D9%85%D9%88%D9%85?page=8,خاک کامل,True,110000,13750.0,8.0
,https://basalam.com/ssssss13/product/23985335,https://basalam.com/cat/tools/%D8%AE%D8%A7%DA%A9-%DA%A9%D9%88%D8%AF-%D8%B3%D9%85%D9%88%D9%85?page=8,خاک مناسب گیاهان اپارتمانی (هزینه ی ارسال پسکرایه),True,50000,,
,https://basalam.com/cafegoll_com/product/4501826,https://basalam.com/cat/tools/%D8%AE%D8%A7%DA%A9-%DA%A9%D9%88%D8%AF-%D8%B3%D9%85%D9%88%D9%85?page=8,خاک گیاهان آپارتمانی ویژه ( کوکوپیت ، پرلیت ، پیت ماس ) (پس کرایه),True,26600,26600.0,1.0
,https://basalam.com/gole_naz1400/product/5444106,https://basalam.com/cat/tools/%D8%AE%D8%A7%DA%A9-%DA%A9%D9%88%D8%AF-%D8%B3%D9%85%D9%88%D9%85?page=8,خاک مخصوص بنفشه افریقایی ترکیب پیتماس و پرلیت,True,25000,50000.0,0.5
,https://basalam.com/hamyargol/product/17621244,https://basalam.com/cat/tools/%D8%AE%D8%A7%DA%A9-%DA%A9%D9%88%D8%AF-%D8%B3%D9%85%D9%88%D9%85?page=8,خاک مخصوص کاکتوس و ساکولنت,True,50000,,
,https://basalam.com/panda-toys-80/product/23777971,https://basalam.com/cat/tools/%D8%AE%D8%A7%DA%A9-%DA%A9%D9%88%D8%AF-%D8%B3%D9%85%D9%88%D9%85?page=9,خاک ژله ای با حیوان,True,13000,,
,https://basalam.com/nikanchoob/product/23286197,https://basalam.com/cat/tools/%D8%AE%D8%A7%DA%A9-%DA%A9%D9%88%D8%AF-%D8%B3%D9%85%D9%88%D9%85?page=9,خاک اره نجاری (پس کرایه),True,40000,40000.0,1.0
,https://basalam.com/v_329363/product/16886200,https://basalam.com/cat/tools/%D8%AE%D8%A7%DA%A9-%DA%A9%D9%88%D8%AF-%D8%B3%D9%85%D9%88%D9%85?page=9,خاک ژله ای بی رنگ شفاف بسته ی پر,True,15000,,
,https://basalam.com/golsaziiailin/product/21357619,https://basalam.com/cat/tools/%D8%AE%D8%A7%DA%A9-%DA%A9%D9%88%D8%AF-%D8%B3%D9%85%D9%88%D9%85?page=9,خاک ژله ای شفاف بسته24عددی,True,235000,,
,https://basalam.com/golkhanekochek/product/10911037,https://basalam.com/cat/tools/%D8%AE%D8%A7%DA%A9-%DA%A9%D9%88%D8%AF-%D8%B3%D9%85%D9%88%D9%85?page=9,خاک آپارتمانی استریل و مرغوب,True,90000,75000.0,1.2
,https://basalam.com/golkhanekochek/product/22674694,https://basalam.com/cat/tools/%D8%AE%D8%A7%DA%A9-%DA%A9%D9%88%D8%AF-%D8%B3%D9%85%D9%88%D9%85?page=9,خاک مخصوص حلزون )کوکوپیت(,True,39000,13000.0,3.0
,https://basalam.com/markaz_berke/product/6280594,https://basalam.com/cat/tools/%D8%AE%D8%A7%DA%A9-%DA%A9%D9%88%D8%AF-%D8%B3%D9%85%D9%88%D9%85?page=9,خاک پلنت مدل نیچر پرمیوم وزن 500 گرم به همراه بذر چمن,True,149000,270909.0909090909,0.55
,https://basalam.com/garden_paradise/product/9580204,https://basalam.com/cat/tools/%D8%AE%D8%A7%DA%A9-%DA%A9%D9%88%D8%AF-%D8%B3%D9%85%D9%88%D9%85?page=9,خاک ترکیب کوکوپیت و پرلیت (500 گرمی ),True,130000,,
,https://basalam.com/kavousianna/product/7324245,https://basalam.com/cat/tools/%D8%AE%D8%A7%DA%A9-%DA%A9%D9%88%D8%AF-%D8%B3%D9%85%D9%88%D9%85?page=9,خاک هلندی (کوکولیت)ترکیب کوکولیت وورمیکمپوست وپرلیت,True,95000,63333.333333333336,1.5
,https://basalam.com/honarkadepampam/product/20656269,https://basalam.com/cat/tools/%D8%AE%D8%A7%DA%A9-%DA%A9%D9%88%D8%AF-%D8%B3%D9%85%D9%88%D9%85?page=9,خاک ژله ای رنگی 1 بسته,True,12500,1250000.0,0.01
,https://basalam.com/mchavoosh/product/9034639,https://basalam.com/cat/tools/%D8%AE%D8%A7%DA%A9-%DA%A9%D9%88%D8%AF-%D8%B3%D9%85%D9%88%D9%85?page=9,خاک گلدان مخصوص کاکتوس دو کیلویی,True,25000,12500.0,2.0
,https://basalam.com/mchavoosh/product/13171570,https://basalam.com/cat/tools/%D8%AE%D8%A7%DA%A9-%DA%A9%D9%88%D8%AF-%D8%B3%D9%85%D9%88%D9%85?page=9,خاک پلنت خارجی جهت بستر کشت چمن اکواریوم,True,145000,290000.0,0.5
,https://basalam.com/mchavoosh/product/8269979,https://basalam.com/cat/tools/%D8%AE%D8%A7%DA%A9-%DA%A9%D9%88%D8%AF-%D8%B3%D9%85%D9%88%D9%85?page=9,خاک برگ کیمیا,True,43000,12285.714285714286,3.5
,https://basalam.com/golator/product/21213513,https://basalam.com/cat/tools/%D8%AE%D8%A7%DA%A9-%DA%A9%D9%88%D8%AF-%D8%B3%D9%85%D9%88%D9%85?page=9,خاک سبک اُرس,True,110000,36666.66666666666,3.0
,https://basalam.com/etelayevatan/product/11548150,https://basalam.com/cat/tools/%D8%AE%D8%A7%DA%A9-%DA%A9%D9%88%D8%AF-%D8%B3%D9%85%D9%88%D9%85?page=9,خاک های نرم کوشک،رقعی شومیز،نشرملک اعظم270ص,True,120000,480000.0,0.25
,https://basalam.com/sefidab/product/571315,https://basalam.com/cat/tools/%D8%AE%D8%A7%DA%A9-%DA%A9%D9%88%D8%AF-%D8%B3%D9%85%D9%88%D9%85?page=9,خاک رس قرمز مناسب پوست چرب و جوش دار,True,500000,1666666.6666666667,0.3
,https://basalam.com/sefidab/product/5468346,https://basalam.com/cat/tools/%D8%AE%D8%A7%DA%A9-%DA%A9%D9%88%D8%AF-%D8%B3%D9%85%D9%88%D9%85?page=9,خاک رس قرمز طبی نیم کیلویی مناسب پوست چرب,True,750000,1500000.0,0.5
,https://basalam.com/sisi_rj1990/product/18085624,https://basalam.com/cat/tools/%D8%AE%D8%A7%DA%A9-%DA%A9%D9%88%D8%AF-%D8%B3%D9%85%D9%88%D9%85?page=9,خاک ژله ای بی رنگ تیله ای شفاف(قیمت برای یک بسته کوچک میباشد),True,15000,5000000.0,0.003
,https://basalam.com/sisi_rj1990/product/13132197,https://basalam.com/cat/tools/%D8%AE%D8%A7%DA%A9-%DA%A9%D9%88%D8%AF-%D8%B3%D9%85%D9%88%D9%85?page=9,خاک ژله ای بی رنگ تیله ای شفاف (قیمت برای هر یک بسته میباشد),True,15900,5300000.0,0.003
,https://basalam.com/hosseinzadehstore/product/24647837,https://basalam.com/cat/tools/%D8%AE%D8%A7%DA%A9-%DA%A9%D9%88%D8%AF-%D8%B3%D9%85%D9%88%D9%85?page=9,خاک رس وزنی,True,63000,63000.0,1.0
,https://basalam.com/ajnasehenditajmahal/product/2409655,https://basalam.com/cat/tools/%D8%AE%D8%A7%DA%A9-%DA%A9%D9%88%D8%AF-%D8%B3%D9%85%D9%88%D9%85?page=9,خاک انداز(3),True,500000,,
,https://basalam.com/khanegolkadbanoo/product/14943566,https://basalam.com/cat/tools/%D8%AE%D8%A7%DA%A9-%DA%A9%D9%88%D8%AF-%D8%B3%D9%85%D9%88%D9%85?page=9,خاک گلدان وباغچه,True,175000,1750.0,100.0
,https://basalam.com/hey_mos/product/13873453,https://basalam.com/cat/tools/%D8%AE%D8%A7%DA%A9-%DA%A9%D9%88%D8%AF-%D8%B3%D9%85%D9%88%D9%85?page=9,خاک ژله ای,True,15000,,
,https://basalam.com/nahal_best/product/8130886,https://basalam.com/cat/tools/%D8%AE%D8%A7%DA%A9-%DA%A9%D9%88%D8%AF-%D8%B3%D9%85%D9%88%D9%85?page=9,خاک مخصوص,True,125000,125000.0,1.0
,https://basalam.com/novinkeshtsepahan/product/7710313,https://basalam.com/cat/tools/%D8%AE%D8%A7%DA%A9-%DA%A9%D9%88%D8%AF-%D8%B3%D9%85%D9%88%D9%85?page=9,خاک پیتماس,True,68000,136000.0,0.5
,https://basalam.com/kharrazi_diyar2/product/1771614,https://basalam.com/cat/tools/%D8%AE%D8%A7%DA%A9-%DA%A9%D9%88%D8%AF-%D8%B3%D9%85%D9%88%D9%85?page=9,خاک ژله ای 1بسته,True,15000,3000000.0,0.005
,https://basalam.com/igool/product/7037571,https://basalam.com/cat/tools/%D8%AE%D8%A7%DA%A9-%DA%A9%D9%88%D8%AF-%D8%B3%D9%85%D9%88%D9%85?page=9,خاک مخصوص انواع کاکتوس,True,39000,48750.0,0.8
,https://basalam.com/mahdicactus/product/535479,https://basalam.com/cat/tools/%D8%AE%D8%A7%DA%A9-%DA%A9%D9%88%D8%AF-%D8%B3%D9%85%D9%88%D9%85?page=9,خاک کاکتوس با ترکیبات مناسب و مقوی برای گیاه با ارسال از طریق باربری,True,85000,21794.8717948718,3.9
,https://basalam.com/mahdicactus/product/456763,https://basalam.com/cat/tools/%D8%AE%D8%A7%DA%A9-%DA%A9%D9%88%D8%AF-%D8%B3%D9%85%D9%88%D9%85?page=9,خاک آکاداما بسیار حرفه ای و مناسب مشکل پسندان,True,2850000,316666.6666666667,9.0
,https://basalam.com/igool/product/7037571,https://basalam.com/cat/tools/%D8%AE%D8%A7%DA%A9-%DA%A9%D9%88%D8%AF-%D8%B3%D9%85%D9%88%D9%85?page=10,خاک مخصوص انواع کاکتوس,True,39000,48750.0,0.8
,https://basalam.com/mahdicactus/product/535479,https://basalam.com/cat/tools/%D8%AE%D8%A7%DA%A9-%DA%A9%D9%88%D8%AF-%D8%B3%D9%85%D9%88%D9%85?page=10,خاک کاکتوس با ترکیبات مناسب و مقوی برای گیاه با ارسال از طریق باربری,True,85000,21794.8717948718,3.9
,https://basalam.com/mahdicactus/product/456763,https://basalam.com/cat/tools/%D8%AE%D8%A7%DA%A9-%DA%A9%D9%88%D8%AF-%D8%B3%D9%85%D9%88%D9%85?page=10,خاک آکاداما بسیار حرفه ای و مناسب مشکل پسندان,True,2850000,316666.6666666667,9.0
,https://basalam.com/nahal_best/product/8130886,https://basalam.com/cat/tools/%D8%AE%D8%A7%DA%A9-%DA%A9%D9%88%D8%AF-%D8%B3%D9%85%D9%88%D9%85?page=10,خاک مخصوص,True,125000,125000.0,1.0
,https://basalam.com/novinkeshtsepahan/product/7710313,https://basalam.com/cat/tools/%D8%AE%D8%A7%DA%A9-%DA%A9%D9%88%D8%AF-%D8%B3%D9%85%D9%88%D9%85?page=10,خاک پیتماس,True,68000,136000.0,0.5
,https://basalam.com/hey_mos/product/13873453,https://basalam.com/cat/tools/%D8%AE%D8%A7%DA%A9-%DA%A9%D9%88%D8%AF-%D8%B3%D9%85%D9%88%D9%85?page=10,خاک ژله ای,True,15000,,
,https://basalam.com/kolbegoldoon/product/18535243,https://basalam.com/cat/tools/%D8%AE%D8%A7%DA%A9-%DA%A9%D9%88%D8%AF-%D8%B3%D9%85%D9%88%D9%85?page=10,خاک ژله ای کروی رنگی مخلوط,True,6500,,
,https://basalam.com/kolbegoldoon/product/18535119,https://basalam.com/cat/tools/%D8%AE%D8%A7%DA%A9-%DA%A9%D9%88%D8%AF-%D8%B3%D9%85%D9%88%D9%85?page=10,خاک ژله ای کروی شفاف بسته پر,True,6500,,
,https://basalam.com/kolbegoldoon/product/18425089,https://basalam.com/cat/tools/%D8%AE%D8%A7%DA%A9-%DA%A9%D9%88%D8%AF-%D8%B3%D9%85%D9%88%D9%85?page=10,خاک ژله ای کروی ابی رنگ,True,6500,,
,https://basalam.com/rangiipangii/product/22769638,https://basalam.com/cat/tools/%D8%AE%D8%A7%DA%A9-%DA%A9%D9%88%D8%AF-%D8%B3%D9%85%D9%88%D9%85?page=10,خاک ژله ای 20 تایی | دکوراسیون، گیاه و بازی کودک,True,98000,,
,https://basalam.com/gilda0414/product/9134799,https://basalam.com/cat/tools/%D8%AE%D8%A7%DA%A9-%DA%A9%D9%88%D8%AF-%D8%B3%D9%85%D9%88%D9%85?page=10,خاک رس سفید,True,160000,800000.0,0.2
,https://basalam.com/gilda0414/product/9134852,https://basalam.com/cat/tools/%D8%AE%D8%A7%DA%A9-%DA%A9%D9%88%D8%AF-%D8%B3%D9%85%D9%88%D9%85?page=10,خاک رس قهوه ای 200 گرم,True,160000,800000.0,0.2
,https://basalam.com/ariyana_keshavarz/product/15617199,https://basalam.com/cat/tools/%D8%AE%D8%A7%DA%A9-%DA%A9%D9%88%D8%AF-%D8%B3%D9%85%D9%88%D9%85?page=10,خاک بستر آماده ضدعفونی شده,True,100000,,
,https://basalam.com/zoroplant.11/product/11895378,https://basalam.com/cat/tools/%D8%AE%D8%A7%DA%A9-%DA%A9%D9%88%D8%AF-%D8%B3%D9%85%D9%88%D9%85?page=10,خاک گیاهان آپارتمانی,True,168000,168000.0,1.0
,https://basalam.com/bazriran/product/8008246,https://basalam.com/cat/tools/%D8%AE%D8%A7%DA%A9-%DA%A9%D9%88%D8%AF-%D8%B3%D9%85%D9%88%D9%85?page=10,خاک آماده کاشت گیاهان آپارتمانی بسته بندی (500 گرمی).,True,17400,38666.66666666666,0.45
,https://basalam.com/goldoonbazaar/product/19510803,https://basalam.com/cat/tools/%D8%AE%D8%A7%DA%A9-%DA%A9%D9%88%D8%AF-%D8%B3%D9%85%D9%88%D9%85?page=10,خاک ترکیبی 2/5 لیتری ملکه,True,52000,20800.0,2.5
,https://basalam.com/bahramistore/product/9390394,https://basalam.com/cat/tools/%D8%AE%D8%A7%DA%A9-%DA%A9%D9%88%D8%AF-%D8%B3%D9%85%D9%88%D9%85?page=10,خاک گلدان مخصوص بنفشه آفریقایی,True,150000,150000.0,1.0
,https://basalam.com/shadyaz/product/17612960,https://basalam.com/cat/tools/%D8%AE%D8%A7%DA%A9-%DA%A9%D9%88%D8%AF-%D8%B3%D9%85%D9%88%D9%85?page=10,خاک ژله (توپ های ژله ای),True,5840,,
,https://basalam.com/sangchin1/product/6053689,https://basalam.com/cat/tools/%D8%AE%D8%A7%DA%A9-%DA%A9%D9%88%D8%AF-%D8%B3%D9%85%D9%88%D9%85?page=10,خاک ژله ای تک رنگ و هفت رنگ کیفیت فوق العاده عالی,True,15000,3000000.0,0.005
,https://basalam.com/pakhsh-online-tabriz/product/20664472,https://basalam.com/cat/tools/%D8%AE%D8%A7%DA%A9-%DA%A9%D9%88%D8%AF-%D8%B3%D9%85%D9%88%D9%85?page=10,خاک ژله ای بسته 24 عددی,True,96000,480000.0,0.2
,https://basalam.com/miadshimii/product/20248372,https://basalam.com/cat/tools/%D8%AE%D8%A7%DA%A9-%DA%A9%D9%88%D8%AF-%D8%B3%D9%85%D9%88%D9%85?page=10,خاک دیاتومه برای دفع حشرات موزی 250گرمی,True,200000,800000.0,0.25
,https://basalam.com/narges-flowerr313/product/24530968,https://basalam.com/cat/tools/%D8%AE%D8%A7%DA%A9-%DA%A9%D9%88%D8%AF-%D8%B3%D9%85%D9%88%D9%85?page=10,خاک ژله ای رنگی بسته دو عددی,True,9500,,
,https://basalam.com/sadhu/product/10939528,https://basalam.com/cat/tools/%D8%AE%D8%A7%DA%A9-%DA%A9%D9%88%D8%AF-%D8%B3%D9%85%D9%88%D9%85?page=10,خاک معطر نیروانا رایحه لوندر (اسطوخودوس),True,287000,,
,https://basalam.com/partaksoil/product/5407851,https://basalam.com/cat/tools/%D8%AE%D8%A7%DA%A9-%DA%A9%D9%88%D8%AF-%D8%B3%D9%85%D9%88%D9%85?page=10,خاک ارکیده ( کوکوچیپس ),True,150000,250000.0,0.6
,https://basalam.com/f_abasaleh/product/22912902,https://basalam.com/cat/tools/%D8%AE%D8%A7%DA%A9-%DA%A9%D9%88%D8%AF-%D8%B3%D9%85%D9%88%D9%85?page=10,خاک رس(یک کیلویی),True,21000,21000.0,1.0
,https://basalam.com/mahan_modern/product/21777822,https://basalam.com/cat/tools/%D8%AE%D8%A7%DA%A9-%DA%A9%D9%88%D8%AF-%D8%B3%D9%85%D9%88%D9%85?page=10,خاک ژله ای مدل Seven Color بسته 5 عددی,True,46170,461700.0,0.1
,https://basalam.com/joobino_socks/product/17705715,https://basalam.com/cat/tools/%D8%AE%D8%A7%DA%A9-%DA%A9%D9%88%D8%AF-%D8%B3%D9%85%D9%88%D9%85?page=10,خاک زیرسیگاری ژله ای عطری,True,15000,,
,https://basalam.com/karbala110/product/11253053,https://basalam.com/cat/tools/%D8%AE%D8%A7%DA%A9-%DA%A9%D9%88%D8%AF-%D8%B3%D9%85%D9%88%D9%85?page=10,خاک تربت کربلا,True,16000,160000.0,0.1
,https://basalam.com/royanclinic-birjand/product/19265708,https://basalam.com/cat/tools/%D8%AE%D8%A7%DA%A9-%DA%A9%D9%88%D8%AF-%D8%B3%D9%85%D9%88%D9%85?page=10,خاک برگ گیلدا/مناسب برای گل و گیاه آپارتمانی,True,130000,,
,https://basalam.com/abo_khak_alborz/product/11101501,https://basalam.com/cat/tools/%D8%AE%D8%A7%DA%A9-%DA%A9%D9%88%D8%AF-%D8%B3%D9%85%D9%88%D9%85?page=10,خاک کوکوپیت سریلانکا فله ای یک کیلو گرمی,True,150000,150000.0,1.0
,https://basalam.com/kagegol/product/23581232,https://basalam.com/cat/tools/%D8%AE%D8%A7%DA%A9-%DA%A9%D9%88%D8%AF-%D8%B3%D9%85%D9%88%D9%85?page=10,خاک تخصصی,True,450000,17307.69230769231,26.0
,https://basalam.com/kafel/product/21938536,https://basalam.com/cat/tools/%D8%AE%D8%A7%DA%A9-%DA%A9%D9%88%D8%AF-%D8%B3%D9%85%D9%88%D9%85?page=10,خاک پلنت 100 گرمی ( پس کرایه ),True,45000,450000.0,0.1
,https://basalam.com/v_329363/product/18376582,https://basalam.com/cat/tools/%D8%AE%D8%A7%DA%A9-%DA%A9%D9%88%D8%AF-%D8%B3%D9%85%D9%88%D9%85?page=10,خاک ژله ای قرمز یکدست بسته های پر چهار عددی,True,50000,,
,https://basalam.com/v_329363/product/18376637,https://basalam.com/cat/tools/%D8%AE%D8%A7%DA%A9-%DA%A9%D9%88%D8%AF-%D8%B3%D9%85%D9%88%D9%85?page=11,خاک ژله ای شفاف بسته های پر چهار عددی,True,50000,,
,https://basalam.com/golkhaneh_roza/product/18049214,https://basalam.com/cat/tools/%D8%AE%D8%A7%DA%A9-%DA%A9%D9%88%D8%AF-%D8%B3%D9%85%D9%88%D9%85?page=11,خاک مخصوص گل (پس کرایه),True,80000,80000.0,1.0
,https://basalam.com/farahaniiii/product/15236933,https://basalam.com/cat/tools/%D8%AE%D8%A7%DA%A9-%DA%A9%D9%88%D8%AF-%D8%B3%D9%85%D9%88%D9%85?page=11,خاک برگ پوسیده شده(مناسب برای گیاهان آپارتمانی وگلدان) (پس کرایه),True,149000,,
,https://basalam.com/saniteb/product/24555975,https://basalam.com/cat/tools/%D8%AE%D8%A7%DA%A9-%DA%A9%D9%88%D8%AF-%D8%B3%D9%85%D9%88%D9%85?page=11,خاک رس آرگیل - مخصوص پوست چرب,True,50000,,
,https://basalam.com/kolbegoldoon/product/17772805,https://basalam.com/cat/tools/%D8%AE%D8%A7%DA%A9-%DA%A9%D9%88%D8%AF-%D8%B3%D9%85%D9%88%D9%85?page=11,خاک ژله ای کروی بیرنگ حدود 5 گرم,True,55000,,
,https://basalam.com/sismonidanesh/product/17179127,https://basalam.com/cat/tools/%D8%AE%D8%A7%DA%A9-%DA%A9%D9%88%D8%AF-%D8%B3%D9%85%D9%88%D9%85?page=11,خاک های نرم کوشک,True,150000,,
,https://basalam.com/epic_agricultural_complex/product/10115521,https://basalam.com/cat/tools/%D8%AE%D8%A7%DA%A9-%DA%A9%D9%88%D8%AF-%D8%B3%D9%85%D9%88%D9%85?page=11,خاک بیست لیتر مناسب بیشتر گل ها,True,150000,7500.0,20.0
,https://basalam.com/plascomahtab/product/12916661,https://basalam.com/cat/tools/%D8%AE%D8%A7%DA%A9-%DA%A9%D9%88%D8%AF-%D8%B3%D9%85%D9%88%D9%85?page=11,خاک انداز پلاستیکی مدرن,True,45000,,
,https://basalam.com/bazrnemooneh/product/12459413,https://basalam.com/cat/tools/%D8%AE%D8%A7%DA%A9-%DA%A9%D9%88%D8%AF-%D8%B3%D9%85%D9%88%D9%85?page=11,خاک تیمم (200 گرمی)در بسته بندی عالی با قیمت مناسب,True,38000,190000.0,0.2
,https://basalam.com/green-mile/product/21498933,https://basalam.com/cat/tools/%D8%AE%D8%A7%DA%A9-%DA%A9%D9%88%D8%AF-%D8%B3%D9%85%D9%88%D9%85?page=11,خاک مخصوص انواع کاکتوس و ساکولنت ها,True,40000,,
,https://basalam.com/teligoli/product/19067271,https://basalam.com/cat/tools/%D8%AE%D8%A7%DA%A9-%DA%A9%D9%88%D8%AF-%D8%B3%D9%85%D9%88%D9%85?page=11,خاک گل و گیاه صادراتی گلدانی بسته دو و نیم کیلویی,True,53000,,
,https://basalam.com/hastimahdi/product/14502460,https://basalam.com/cat/tools/%D8%AE%D8%A7%DA%A9-%DA%A9%D9%88%D8%AF-%D8%B3%D9%85%D9%88%D9%85?page=11,خاک ژله ای مدل Seven Color بسته 3 عددی,True,29900,,
,https://basalam.com/drkia/product/15512765,https://basalam.com/cat/tools/%D8%AE%D8%A7%DA%A9-%DA%A9%D9%88%D8%AF-%D8%B3%D9%85%D9%88%D9%85?page=11,خاک بنتونیت بسته 100 گرمی,True,55000,550000.0,0.1
,https://basalam.com/zanjirenayab/product/8341569,https://basalam.com/cat/tools/%D8%AE%D8%A7%DA%A9-%DA%A9%D9%88%D8%AF-%D8%B3%D9%85%D9%88%D9%85?page=11,خاک مخصوص زنجیره نایاب,True,165000,55000.0,3.0
,https://basalam.com/keshavaezkala/product/24609697,https://basalam.com/cat/tools/%D8%AE%D8%A7%DA%A9-%DA%A9%D9%88%D8%AF-%D8%B3%D9%85%D9%88%D9%85?page=11,خاک کوکوپیت,True,75000,,
,https://basalam.com/keshavaezkala/product/24609659,https://basalam.com/cat/tools/%D8%AE%D8%A7%DA%A9-%DA%A9%D9%88%D8%AF-%D8%B3%D9%85%D9%88%D9%85?page=11,خاک پیت ماس,True,75000,,
,https://basalam.com/sadra_biotech/product/947059,https://basalam.com/cat/tools/%D8%AE%D8%A7%DA%A9-%DA%A9%D9%88%D8%AF-%D8%B3%D9%85%D9%88%D9%85?page=11,خاک بنفشه آفریقایی,True,80000,80000.0,1.0
,https://basalam.com/organik.shop/product/22311783,https://basalam.com/cat/tools/%D8%AE%D8%A7%DA%A9-%DA%A9%D9%88%D8%AF-%D8%B3%D9%85%D9%88%D9%85?page=11,خاک رس پوست چرب 186 گرم,True,82500,443548.3870967742,0.186
,https://basalam.com/papayazarabad/product/9438465,https://basalam.com/cat/tools/%D8%AE%D8%A7%DA%A9-%DA%A9%D9%88%D8%AF-%D8%B3%D9%85%D9%88%D9%85?page=11,خاک آبرفتی جلگه درجه یک بدون هیچگونه زبری برای کاشت درختان خاص موز پاپایا گل استوایی که نسبت رس و ماسه اون تنظیمه و نرمه,True,55000,,
,https://basalam.com/karbala110/product/11209742,https://basalam.com/cat/tools/%D8%AE%D8%A7%DA%A9-%DA%A9%D9%88%D8%AF-%D8%B3%D9%85%D9%88%D9%85?page=11,خاک تیمم,True,100000,666666.6666666667,0.15
,https://basalam.com/kolbegoldoon/product/18425062,https://basalam.com/cat/tools/%D8%AE%D8%A7%DA%A9-%DA%A9%D9%88%D8%AF-%D8%B3%D9%85%D9%88%D9%85?page=11,خاک ژله ای کروی نارنجی رنگ,True,6500,,
,https://basalam.com/giyahinoomde/product/13914605,https://basalam.com/cat/tools/%D8%AE%D8%A7%DA%A9-%DA%A9%D9%88%D8%AF-%D8%B3%D9%85%D9%88%D9%85?page=11,خاک رس قرمز 500 گرمی گیاهینو,True,75000,,
,https://basalam.com/royagolspadan/product/21789069,https://basalam.com/cat/tools/%D8%AE%D8%A7%DA%A9-%DA%A9%D9%88%D8%AF-%D8%B3%D9%85%D9%88%D9%85?page=11,خاک مخصوص گل ارکیده هزینه ارسال بصورت پس کرایه و بعهده مشتری می باشد,True,299000,,
,https://basalam.com/raheleshirzad1365/product/13868117,https://basalam.com/cat/tools/%D8%AE%D8%A7%DA%A9-%DA%A9%D9%88%D8%AF-%D8%B3%D9%85%D9%88%D9%85?page=11,خاک باغچه,True,55000,,
,https://basalam.com/ariyana_keshavarz/product/15560578,https://basalam.com/cat/tools/%D8%AE%D8%A7%DA%A9-%DA%A9%D9%88%D8%AF-%D8%B3%D9%85%D9%88%D9%85?page=11,خاک بستر آماده گلدان جدید,True,100000,,
,https://basalam.com/ariyana_keshavarz/product/15748965,https://basalam.com/cat/tools/%D8%AE%D8%A7%DA%A9-%DA%A9%D9%88%D8%AF-%D8%B3%D9%85%D9%88%D9%85?page=11,خاک بستر گلدان گیاهان آپارتمانی,True,300000,,
,https://basalam.com/belife/product/13430056,https://basalam.com/cat/tools/%D8%AE%D8%A7%DA%A9-%DA%A9%D9%88%D8%AF-%D8%B3%D9%85%D9%88%D9%85?page=12,خاک رس بهداشتی 200 گرم,True,70000,350000.0,0.2
,https://basalam.com/golden_goldon/product/11163744,https://basalam.com/cat/tools/%D8%AE%D8%A7%DA%A9-%DA%A9%D9%88%D8%AF-%D8%B3%D9%85%D9%88%D9%85?page=12,خاک ژله ای بی رنگ شفاف .5 عددی,True,45000,,
,https://basalam.com/patooghketab/product/3741551,https://basalam.com/cat/tools/%D8%AE%D8%A7%DA%A9-%DA%A9%D9%88%D8%AF-%D8%B3%D9%85%D9%88%D9%85?page=12,خاک های نرم کوشک,True,170000,534591.1949685535,0.318
,https://basalam.com/golsaraye_behesht/product/15198798,https://basalam.com/cat/tools/%D8%AE%D8%A7%DA%A9-%DA%A9%D9%88%D8%AF-%D8%B3%D9%85%D9%88%D9%85?page=12,خاک مخصوص قلمه زنی ملکه,True,88000,44000.0,2.0
,https://basalam.com/parlag/product/840850,https://basalam.com/cat/tools/%D8%AE%D8%A7%DA%A9-%DA%A9%D9%88%D8%AF-%D8%B3%D9%85%D9%88%D9%85?page=12,خاک رس بنتونیت سفید مخصوص ماسک صورت 360 گرم,True,150000,416666.6666666667,0.36
,https://basalam.com/parlag/product/840840,https://basalam.com/cat/tools/%D8%AE%D8%A7%DA%A9-%DA%A9%D9%88%D8%AF-%D8%B3%D9%85%D9%88%D9%85?page=12,خاک رس بنتونیت سبز مخصوص ماسک صورت 360 گرم,True,150000,416666.6666666667,0.36
,https://basalam.com/sabzbad/product/8651383,https://basalam.com/cat/tools/%D8%AE%D8%A7%DA%A9-%DA%A9%D9%88%D8%AF-%D8%B3%D9%85%D9%88%D9%85?page=12,خاک برگ گیاهان آپارتمانی,True,85000,5666.666666666667,15.0
,https://basalam.com/sabzbad/product/9352508,https://basalam.com/cat/tools/%D8%AE%D8%A7%DA%A9-%DA%A9%D9%88%D8%AF-%D8%B3%D9%85%D9%88%D9%85?page=12,خاک مخصوص قلمه,True,97000,32333.33333333333,3.0
,https://basalam.com/a3man/product/18232931,https://basalam.com/cat/tools/%D8%AE%D8%A7%DA%A9-%DA%A9%D9%88%D8%AF-%D8%B3%D9%85%D9%88%D9%85?page=12,خاک گلدان عالی و مرغوب,True,135000,,
,https://basalam.com/nikobazrir/product/22108316,https://basalam.com/cat/tools/%D8%AE%D8%A7%DA%A9-%DA%A9%D9%88%D8%AF-%D8%B3%D9%85%D9%88%D9%85?page=12,خاک ژله ای شفاف(بی رنگ) 24 عددی,True,220000,,
,https://basalam.com/esf_khaneh/product/12311581,https://basalam.com/cat/tools/%D8%AE%D8%A7%DA%A9-%DA%A9%D9%88%D8%AF-%D8%B3%D9%85%D9%88%D9%85?page=12,خاک کاکتوس غنی شده درجه 1 یک کیلویی,True,10000,10000.0,1.0
,https://basalam.com/dr_zand/product/22326367,https://basalam.com/cat/tools/%D8%AE%D8%A7%DA%A9-%DA%A9%D9%88%D8%AF-%D8%B3%D9%85%D9%88%D9%85?page=12,خاک دیاتومه نیم کیلویی دکتر زندی,True,683400,1366800.0,0.5
,https://basalam.com/ketabresan_net/product/16914672,https://basalam.com/cat/tools/%D8%AE%D8%A7%DA%A9-%DA%A9%D9%88%D8%AF-%D8%B3%D9%85%D9%88%D9%85?page=12,خاک غریب,True,295000,838068.1818181819,0.352
,https://basalam.com/baghcheyeh-yass/product/19036899,https://basalam.com/cat/tools/%D8%AE%D8%A7%DA%A9-%DA%A9%D9%88%D8%AF-%D8%B3%D9%85%D9%88%D9%85?page=12,خاک مغذی باغچه ی یاس,True,95000,,
,https://basalam.com/bgroma/product/21034828,https://basalam.com/cat/tools/%D8%AE%D8%A7%DA%A9-%DA%A9%D9%88%D8%AF-%D8%B3%D9%85%D9%88%D9%85?page=12,خاک کاکتوس (پس کرایه) خاک سنگین,True,40000,,
,https://basalam.com/goldooneye_zendegi/product/7303594,https://basalam.com/cat/tools/%D8%AE%D8%A7%DA%A9-%DA%A9%D9%88%D8%AF-%D8%B3%D9%85%D9%88%D9%85?page=12,خاک مخصوص زاموفیلیا (یک لیتر ) (با حداقل 250 تومن خرید از غرفمون ارسالمون ب نفع هردومون میشه)(هزینه پسکرایه),True,48000,96000.0,0.5
,https://basalam.com/goldooneye_zendegi/product/7303472,https://basalam.com/cat/tools/%D8%AE%D8%A7%DA%A9-%DA%A9%D9%88%D8%AF-%D8%B3%D9%85%D9%88%D9%85?page=12,خاک مخصوص گل های آپارتمانی (یک لیتری)(با حداقل 250 تومن خرید از غرفمون ارسالمون ب نفع هردومون میشه)(هزینه پسکرایه),True,25000,50000.0,0.5
,https://basalam.com/soilarghavan/product/6421315,https://basalam.com/cat/tools/%D8%AE%D8%A7%DA%A9-%DA%A9%D9%88%D8%AF-%D8%B3%D9%85%D9%88%D9%85?page=12,خاک حلزون،خاک پرورش حلزون,True,28850,28850.0,1.0
,https://basalam.com/almase_sorkh/product/11140985,https://basalam.com/cat/tools/%D8%AE%D8%A7%DA%A9-%DA%A9%D9%88%D8%AF-%D8%B3%D9%85%D9%88%D9%85?page=12,خاک ذغال گیلدا مدل GZ50 وزن 50 گرم,True,35000,700000.0,0.05
,https://basalam.com/silver_edalat/product/11673121,https://basalam.com/cat/tools/%D8%AE%D8%A7%DA%A9-%DA%A9%D9%88%D8%AF-%D8%B3%D9%85%D9%88%D9%85?page=12,خاک تیمم مخلوط با تربت کربلا,True,55200,157714.2857142857,0.35
,https://basalam.com/monobook/product/9103331,https://basalam.com/cat/tools/%D8%AE%D8%A7%DA%A9-%DA%A9%D9%88%D8%AF-%D8%B3%D9%85%D9%88%D9%85?page=12,خاک آمریکا،نشت شوریدگی های مهاجری رها در بند نشر در قلم کد 20012,True,102700,198646.0348162476,0.517
,https://basalam.com/lavazemtahrir_mehrdad/product/11837362,https://basalam.com/cat/tools/%D8%AE%D8%A7%DA%A9-%DA%A9%D9%88%D8%AF-%D8%B3%D9%85%D9%88%D9%85?page=12,خاک ژله ای,True,10000,,
,https://basalam.com/amirhosein_kh/product/6056540,https://basalam.com/cat/tools/%D8%AE%D8%A7%DA%A9-%DA%A9%D9%88%D8%AF-%D8%B3%D9%85%D9%88%D9%85?page=12,خاک پلنت لحظه بسته یک کیلویی,True,95000,95000.0,1.0
,https://basalam.com/salthalit/product/21818352,https://basalam.com/cat/tools/%D8%AE%D8%A7%DA%A9-%DA%A9%D9%88%D8%AF-%D8%B3%D9%85%D9%88%D9%85?page=12,خاک رس سفالگری,True,99000,49500.0,2.0
,https://basalam.com/golkhanekochek/product/17414591,https://basalam.com/cat/tools/%D8%AE%D8%A7%DA%A9-%DA%A9%D9%88%D8%AF-%D8%B3%D9%85%D9%88%D9%85?page=12,خاک پوکه متوسط مخصوص قلمه در آب,True,40000,13333.333333333334,3.0
,https://basalam.com/golkhanekochek/product/17413945,https://basalam.com/cat/tools/%D8%AE%D8%A7%DA%A9-%DA%A9%D9%88%D8%AF-%D8%B3%D9%85%D9%88%D9%85?page=13,خاک سنگین کاکتوس,True,50000,16666.666666666668,3.0
,https://basalam.com/epic_agricultural_complex/product/10124832,https://basalam.com/cat/tools/%D8%AE%D8%A7%DA%A9-%DA%A9%D9%88%D8%AF-%D8%B3%D9%85%D9%88%D9%85?page=13,خاک کاکتوس,True,50000,12500.0,4.0
,https://basalam.com/javaherdoozi_nafis/product/6372206,https://basalam.com/cat/tools/%D8%AE%D8%A7%DA%A9-%DA%A9%D9%88%D8%AF-%D8%B3%D9%85%D9%88%D9%85?page=13,خاک ژله ای گرد ریز جهت کاشت سبزه نوروز فروشگاه خرازی نفیس,True,10000,,
,https://basalam.com/chenaniyousof/product/10121471,https://basalam.com/cat/tools/%D8%AE%D8%A7%DA%A9-%DA%A9%D9%88%D8%AF-%D8%B3%D9%85%D9%88%D9%85?page=13,خاک مخصوص قلمه,True,70000,70000.0,1.0
,https://basalam.com/romakgallery/product/8886824,https://basalam.com/cat/tools/%D8%AE%D8%A7%DA%A9-%DA%A9%D9%88%D8%AF-%D8%B3%D9%85%D9%88%D9%85?page=13,خاک رس سفید 200 گرم,True,165000,825000.0,0.2
,https://basalam.com/mchavoosh/product/8269840,https://basalam.com/cat/tools/%D8%AE%D8%A7%DA%A9-%DA%A9%D9%88%D8%AF-%D8%B3%D9%85%D9%88%D9%85?page=13,خاک کامل گلدان,True,189000,11812.5,16.0
,https://basalam.com/mchavoosh/product/9712274,https://basalam.com/cat/tools/%D8%AE%D8%A7%DA%A9-%DA%A9%D9%88%D8%AF-%D8%B3%D9%85%D9%88%D9%85?page=13,خاک کامل گلدان فله ای کیمیا,True,21000,21000.0,1.0
,https://basalam.com/cactusnewhome/product/14893554,https://basalam.com/cat/tools/%D8%AE%D8%A7%DA%A9-%DA%A9%D9%88%D8%AF-%D8%B3%D9%85%D9%88%D9%85?page=13,خاک گیاهان آپارتمانی (پس کرایه),True,250000,25000.0,10.0
,https://basalam.com/saadatfatehi/product/12764090,https://basalam.com/cat/tools/%D8%AE%D8%A7%DA%A9-%DA%A9%D9%88%D8%AF-%D8%B3%D9%85%D9%88%D9%85?page=13,خاک مخصوص بنفشه آفریقائی دولیتری مارک ملکه,True,75000,37500.0,2.0
,https://basalam.com/brickaghigh/product/14753520,https://basalam.com/cat/tools/%D8%AE%D8%A7%DA%A9-%DA%A9%D9%88%D8%AF-%D8%B3%D9%85%D9%88%D9%85?page=13,خاک نسوز,True,410000,20500.0,20.0
,https://basalam.com/foroshgah_kazemi/product/11627297,https://basalam.com/cat/tools/%D8%AE%D8%A7%DA%A9-%DA%A9%D9%88%D8%AF-%D8%B3%D9%85%D9%88%D9%85?page=13,خاک انداز,True,28000,368421.0526315789,0.076
,https://basalam.com/lavazem_janebi_talkhabi/product/7506210,https://basalam.com/cat/tools/%D8%AE%D8%A7%DA%A9-%DA%A9%D9%88%D8%AF-%D8%B3%D9%85%D9%88%D9%85?page=13,خاک ژله ای رنگی مدل Seven Color،مناسب برای سبزه،گلها،گلدان آکواریوم،تنگ آب و... (تخفیف ویژه),True,8000,,
,https://basalam.com/sefidab/product/5468379,https://basalam.com/cat/tools/%D8%AE%D8%A7%DA%A9-%DA%A9%D9%88%D8%AF-%D8%B3%D9%85%D9%88%D9%85?page=13,خاک رس قرمز طبی یک کیلویی,True,1500000,1500000.0,1.0
,https://basalam.com/hastimahdi/product/14502081,https://basalam.com/cat/tools/%D8%AE%D8%A7%DA%A9-%DA%A9%D9%88%D8%AF-%D8%B3%D9%85%D9%88%D9%85?page=13,خاک ژله ای مدل Seven Color بسته 2 عددی,True,18000,,
,https://basalam.com/golkadehbahar/product/21580611,https://basalam.com/cat/tools/%D8%AE%D8%A7%DA%A9-%DA%A9%D9%88%D8%AF-%D8%B3%D9%85%D9%88%D9%85?page=13,خاک مخصوص گل های آپارتمانی,True,150000,150000.0,1.0
,https://basalam.com/rahimi_khoor/product/2740798,https://basalam.com/cat/tools/%D8%AE%D8%A7%DA%A9-%DA%A9%D9%88%D8%AF-%D8%B3%D9%85%D9%88%D9%85?page=13,خاک گلدان درجه یک ارگانیک,True,129000,16125.0,8.0
,https://basalam.com/kods/product/15429777,https://basalam.com/cat/tools/%D8%AE%D8%A7%DA%A9-%DA%A9%D9%88%D8%AF-%D8%B3%D9%85%D9%88%D9%85?page=13,خاک بستر کشت مخلوط پرلیت ورمی کمپوست پیت ماس کوکوپیت,True,4500000,9000.0,500.0
,https://basalam.com/kolbegoldoon/product/18424954,https://basalam.com/cat/tools/%D8%AE%D8%A7%DA%A9-%DA%A9%D9%88%D8%AF-%D8%B3%D9%85%D9%88%D9%85?page=13,خاک ژله ای کروی قرمز رنگ,True,6500,,
,https://basalam.com/kolbegoldoon/product/18424997,https://basalam.com/cat/tools/%D8%AE%D8%A7%DA%A9-%DA%A9%D9%88%D8%AF-%D8%B3%D9%85%D9%88%D9%85?page=13,خاک ژله ای کروی سبز,True,6500,,
,https://basalam.com/organik.shop/product/22311769,https://basalam.com/cat/tools/%D8%AE%D8%A7%DA%A9-%DA%A9%D9%88%D8%AF-%D8%B3%D9%85%D9%88%D9%85?page=13,خاک رس پوست معمولی 186 گرم,True,82500,443548.3870967742,0.186
,https://basalam.com/kharrazi_diyar2/product/17091125,https://basalam.com/cat/tools/%D8%AE%D8%A7%DA%A9-%DA%A9%D9%88%D8%AF-%D8%B3%D9%85%D9%88%D9%85?page=13,خاک ژله ای بیرنگ 1 بسته,True,15000,,
,https://basalam.com/igool/product/5157617,https://basalam.com/cat/tools/%D8%AE%D8%A7%DA%A9-%DA%A9%D9%88%D8%AF-%D8%B3%D9%85%D9%88%D9%85?page=13,خاک سبک برای ریشه دار کردن قلمه ها حاوی کوکوپیت و پرلیت,True,49000,98000.0,0.5
,https://basalam.com/igool/product/5157734,https://basalam.com/cat/tools/%D8%AE%D8%A7%DA%A9-%DA%A9%D9%88%D8%AF-%D8%B3%D9%85%D9%88%D9%85?page=13,خاک نیمه سنگین مناسب گیاهانی مانند فیکوس و سانسوریا,True,29000,29000.0,1.0
,https://basalam.com/irancosmed/product/5857977,https://basalam.com/cat/tools/%D8%AE%D8%A7%DA%A9-%DA%A9%D9%88%D8%AF-%D8%B3%D9%85%D9%88%D9%85?page=13,خاک رس قرمز (Red Cosmetic Clay) برای پوستهای حساس -سایز 250گرمی,True,100450,401800.0,0.25
,https://basalam.com/mazrae_khone/product/719048,https://basalam.com/cat/tools/%D8%AE%D8%A7%DA%A9-%DA%A9%D9%88%D8%AF-%D8%B3%D9%85%D9%88%D9%85?page=13,خاک ژله ای شفاف بی رنگ,True,15000,,
,https://basalam.com/ariyana_keshavarz/product/15226160,https://basalam.com/cat/tools/%D8%AE%D8%A7%DA%A9-%DA%A9%D9%88%D8%AF-%D8%B3%D9%85%D9%88%D9%85?page=14,خاک سوپر سویل ریز مغذی میکرو,True,100000,,
,https://basalam.com/sabzbad/product/9651913,https://basalam.com/cat/tools/%D8%AE%D8%A7%DA%A9-%DA%A9%D9%88%D8%AF-%D8%B3%D9%85%D9%88%D9%85?page=14,خاک مخصوص کاکتوس,True,87000,21750.0,4.0
,https://basalam.com/makanshimi/product/21969419,https://basalam.com/cat/tools/%D8%AE%D8%A7%DA%A9-%DA%A9%D9%88%D8%AF-%D8%B3%D9%85%D9%88%D9%85?page=14,خاک دیاتومه و سه سم قوی برای ساس فوق قوی,True,990000,990000.0,1.0
,https://basalam.com/ckarin_shop/product/10106690,https://basalam.com/cat/tools/%D8%AE%D8%A7%DA%A9-%DA%A9%D9%88%D8%AF-%D8%B3%D9%85%D9%88%D9%85?page=14,خاک انداز دوستاره,True,45500,315972.22222222225,0.144
,https://basalam.com/ckarin_shop/product/10107120,https://basalam.com/cat/tools/%D8%AE%D8%A7%DA%A9-%DA%A9%D9%88%D8%AF-%D8%B3%D9%85%D9%88%D9%85?page=14,خاک انداز کوچک ایده آل,True,35000,492957.7464788733,0.071
,https://basalam.com/mahsan_accessory/product/19132519,https://basalam.com/cat/tools/%D8%AE%D8%A7%DA%A9-%DA%A9%D9%88%D8%AF-%D8%B3%D9%85%D9%88%D9%85?page=14,خاک ژله ای عمده وتک,True,10000,,
,https://basalam.com/jojeh/product/12404245,https://basalam.com/cat/tools/%D8%AE%D8%A7%DA%A9-%DA%A9%D9%88%D8%AF-%D8%B3%D9%85%D9%88%D9%85?page=14,خاک گلدان یا بستر کشت مخصوص آناناس درجه یک,True,127000,141111.1111111111,0.9
,https://basalam.com/nikobazrir/product/12235007,https://basalam.com/cat/tools/%D8%AE%D8%A7%DA%A9-%DA%A9%D9%88%D8%AF-%D8%B3%D9%85%D9%88%D9%85?page=14,خاک ژله ای رنگی (3 بسته ),True,29000,9666666.666666666,0.003
,https://basalam.com/golden_goldon/product/8853981,https://basalam.com/cat/tools/%D8%AE%D8%A7%DA%A9-%DA%A9%D9%88%D8%AF-%D8%B3%D9%85%D9%88%D9%85?page=14,خاک ژله ای بی رنگ شفاف . 3 عددی,True,25000,,
,https://basalam.com/golden_goldon/product/9707615,https://basalam.com/cat/tools/%D8%AE%D8%A7%DA%A9-%DA%A9%D9%88%D8%AF-%D8%B3%D9%85%D9%88%D9%85?page=14,خاک ژله ای بی رنگ شفاف .4 عددی,True,35000,,
,https://basalam.com/sadhu/product/10959844,https://basalam.com/cat/tools/%D8%AE%D8%A7%DA%A9-%DA%A9%D9%88%D8%AF-%D8%B3%D9%85%D9%88%D9%85?page=14,خاک معطر طلایی نیروانا رایحه آمبر (عنبر),True,287000,,
,https://basalam.com/somo/product/16962938,https://basalam.com/cat/tools/%D8%AE%D8%A7%DA%A9-%DA%A9%D9%88%D8%AF-%D8%B3%D9%85%D9%88%D9%85?page=14,خاک ژله ای 8 رنگ و بی رنگ,True,8000,,
,https://basalam.com/hast-bagh-rezvan/product/25322483,https://basalam.com/cat/tools/%D8%AE%D8%A7%DA%A9-%DA%A9%D9%88%D8%AF-%D8%B3%D9%85%D9%88%D9%85?page=14,خاک برگ مخصوص گیاهان آپارتمانی,True,60000,20000.0,3.0
,https://basalam.com/mahan_modern/product/21777818,https://basalam.com/cat/tools/%D8%AE%D8%A7%DA%A9-%DA%A9%D9%88%D8%AF-%D8%B3%D9%85%D9%88%D9%85?page=14,خاک ژله ای مدل seven color بسته 5 عددی,True,42770,427700.0,0.1
,https://basalam.com/mahan_modern/product/21778575,https://basalam.com/cat/tools/%D8%AE%D8%A7%DA%A9-%DA%A9%D9%88%D8%AF-%D8%B3%D9%85%D9%88%D9%85?page=14,خاک ژله ای مدل کریستالی وزن 2 گرم بسته 4 عددی,True,42300,423000.0,0.1
,https://basalam.com/cafegoll_com/product/5080803,https://basalam.com/cat/tools/%D8%AE%D8%A7%DA%A9-%DA%A9%D9%88%D8%AF-%D8%B3%D9%85%D9%88%D9%85?page=14,خاک مخصوص گیاهان آپارتمانی (پس کرایه),True,26600,66500.0,0.4
,https://basalam.com/shafaoill/product/14308903,https://basalam.com/cat/tools/%D8%AE%D8%A7%DA%A9-%DA%A9%D9%88%D8%AF-%D8%B3%D9%85%D9%88%D9%85?page=14,900 گرم خاک مردار سنگ مرداب سنگ نقره,True,601300,668111.1111111111,0.9
,https://basalam.com/herbal_soap3/product/2563615,https://basalam.com/cat/tools/%D8%AE%D8%A7%DA%A9-%DA%A9%D9%88%D8%AF-%D8%B3%D9%85%D9%88%D9%85?page=14,صابون خاک رس ( گلیسیرینه گیاهی دستساز 100 گرمی),True,75000,750000.0,0.1
,https://basalam.com/kolbegoldoon/product/18535276,https://basalam.com/cat/tools/%D8%AE%D8%A7%DA%A9-%DA%A9%D9%88%D8%AF-%D8%B3%D9%85%D9%88%D9%85?page=14,بسته 20 عددی خاک ژله ای مخلوط رنگی,True,122000,,
,https://basalam.com/sadafjonob/product/6119599,https://basalam.com/cat/tools/%D8%AE%D8%A7%DA%A9-%DA%A9%D9%88%D8%AF-%D8%B3%D9%85%D9%88%D9%85?page=14,30گرم خاک قرمز کاملا طبیعی ، نرم و اسیاب نشده، مناسب ساخت لوازم ارایشی طبیعی و کارهای هنری بهمین صورت عکس موجود میباشد,True,150000,5000000.0,0.03
,https://basalam.com/kolbegoldoon/product/18424928,https://basalam.com/cat/tools/%D8%AE%D8%A7%DA%A9-%DA%A9%D9%88%D8%AF-%D8%B3%D9%85%D9%88%D9%85?page=14,بسته 20 عددی خاک ژله ای در 5 رنگ مجزا,True,122000,,
,https://basalam.com/bookyek/product/11702528,https://basalam.com/cat/tools/%D8%AE%D8%A7%DA%A9-%DA%A9%D9%88%D8%AF-%D8%B3%D9%85%D9%88%D9%85?page=14,کتاب خاک کارخانه اطراف,True,355180,3551800.0,0.1
,https://basalam.com/rostam_cactus/product/17634884,https://basalam.com/cat/tools/%D8%AE%D8%A7%DA%A9-%DA%A9%D9%88%D8%AF-%D8%B3%D9%85%D9%88%D9%85?page=15,کاکتوس افوربیا لاکتی روی خاک (سبز),True,150000,,
,https://basalam.com/goldooneye_zendegi/product/7303670,https://basalam.com/cat/tools/%D8%AE%D8%A7%DA%A9-%DA%A9%D9%88%D8%AF-%D8%B3%D9%85%D9%88%D9%85?page=15,پک خاک آپارتمانی و کاکتوس و زاموفیلیا (با حداقل 400 تومن خرید از غرفه ارسال قطعی میشه)(هزینه پسکرایه),True,98000,65333.333333333336,1.5
,https://basalam.com/attari_chehel_geyah/product/8301079,https://basalam.com/cat/tools/%D8%AE%D8%A7%DA%A9-%DA%A9%D9%88%D8%AF-%D8%B3%D9%85%D9%88%D9%85?page=15,کاکوتی اردبیل (( کهلیک اوتی )) طعم و عطر بینظیر دستچین ، بدون خاک,True,45000,450000.0,0.1
,https://basalam.com/bookyek/product/11701400,https://basalam.com/cat/tools/%D8%AE%D8%A7%DA%A9-%DA%A9%D9%88%D8%AF-%D8%B3%D9%85%D9%88%D9%85?page=15,کتاب خاک آمریکا نشر آموت,True,645000,6450000.0,0.1
,https://basalam.com/igool/product/6368190,https://basalam.com/cat/tools/%D8%AE%D8%A7%DA%A9-%DA%A9%D9%88%D8%AF-%D8%B3%D9%85%D9%88%D9%85?page=15,پک خاک کوکوپیت پیت ماس و لیکاپن بسیار با کیفیت و مناسب انواع گیاهان آپارتمانی,True,350000,76086.95652173914,4.6
,https://basalam.com/sangchin1/product/6791126,https://basalam.com/cat/tools/%D8%AE%D8%A7%DA%A9-%DA%A9%D9%88%D8%AF-%D8%B3%D9%85%D9%88%D9%85?page=15,(تیله ای نیست) خاک ژله ای شفاف خاک ژله ای بی رنگ 5 گرمی باکیفیت عالی خاک ژله ای سفید,True,20000,4000000.0,0.005
,https://basalam.com/kashtebartar/product/10593010,https://basalam.com/cat/tools/%D8%AE%D8%A7%DA%A9-%DA%A9%D9%88%D8%AF-%D8%B3%D9%85%D9%88%D9%85?page=15,اسید هیومیک پودری 50 گرمی و ( 10 کیلویی فرومیتو ),True,75000,1500000.0,0.05
,https://basalam.com/golsaraye_behesht/product/14242822,https://basalam.com/cat/tools/%D8%AE%D8%A7%DA%A9-%DA%A9%D9%88%D8%AF-%D8%B3%D9%85%D9%88%D9%85?page=15,خاکبرگ ترکیبی2و نیم لیتری ملکه,True,55000,27500.0,2.0
,https://basalam.com/khakdaneh/product/13539802,https://basalam.com/cat/tools/%D8%AE%D8%A7%DA%A9-%DA%A9%D9%88%D8%AF-%D8%B3%D9%85%D9%88%D9%85?page=15,کود مخصوص ریشه زایی و حفظ بافت خاک حاوی میکروارگانیسم مفید خاک، 40 سی سی,True,99000,2475000.0,0.04
,https://basalam.com/baaranshap/product/17459048,https://basalam.com/cat/tools/%D8%AE%D8%A7%DA%A9-%DA%A9%D9%88%D8%AF-%D8%B3%D9%85%D9%88%D9%85?page=15,ماسک صورت خاک رس سفید پاکتی دو منظوره (روشن کننده),True,24800,248000.0,0.1
,https://basalam.com/ir_hakim/product/3214891,https://basalam.com/cat/tools/%D8%AE%D8%A7%DA%A9-%DA%A9%D9%88%D8%AF-%D8%B3%D9%85%D9%88%D9%85?page=15,ماسک خاک رس سفید، لایه بردار، سفید کننده و روشن کننده پوست، پاکسازی منافذ و از بین برنده چربی اضافی پوست,True,59000,655555.5555555556,0.09
,https://basalam.com/narenjspadanadarokhane/product/5606705,https://basalam.com/cat/tools/%D8%AE%D8%A7%DA%A9-%DA%A9%D9%88%D8%AF-%D8%B3%D9%85%D9%88%D9%85?page=15,کود مایع اصلاح کننده اسیدیسیته و رفع سختی آب و خاک کشاورزی ریگولتور یک لیتری(ارسال با باربری و به صورت پس کرایه),True,335000,279166.6666666667,1.2
,https://basalam.com/hakimir/product/3573049,https://basalam.com/cat/tools/%D8%AE%D8%A7%DA%A9-%DA%A9%D9%88%D8%AF-%D8%B3%D9%85%D9%88%D9%85?page=15,ماسک صورت خاک رس قرمز، لایه بردار، سفید کننده و روشن کننده پوست، افزایش گردش خون، از بین برنده آکنه و جوش های قرمز,True,51000,510000.0,0.1
,https://basalam.com/golkhanekochek/product/10986680,https://basalam.com/cat/tools/%D8%AE%D8%A7%DA%A9-%DA%A9%D9%88%D8%AF-%D8%B3%D9%85%D9%88%D9%85?page=15,گل آپارتمانی سینگونیوم مسی کلکسیونی خاک استریل و گلدان سفید,True,210000,,
,https://basalam.com/golkhanekochek/product/13390215,https://basalam.com/cat/tools/%D8%AE%D8%A7%DA%A9-%DA%A9%D9%88%D8%AF-%D8%B3%D9%85%D9%88%D9%85?page=15,نخل شامادورا خاک استریل گلدان سفید,True,175000,,
,https://basalam.com/golkhanekochek/product/17451676,https://basalam.com/cat/tools/%D8%AE%D8%A7%DA%A9-%DA%A9%D9%88%D8%AF-%D8%B3%D9%85%D9%88%D9%85?page=15,گل دراماسیس خاک استریل و گلدان سفید,True,150000,,
,https://basalam.com/golkhanekochek/product/11361858,https://basalam.com/cat/tools/%D8%AE%D8%A7%DA%A9-%DA%A9%D9%88%D8%AF-%D8%B3%D9%85%D9%88%D9%85?page=15,گل آپارتمانی آگلونما برفی 3 غلافه گلدان سفید خاک پرغوب و استریل,True,435000,,
,https://basalam.com/golkhanekochek/product/16418871,https://basalam.com/cat/tools/%D8%AE%D8%A7%DA%A9-%DA%A9%D9%88%D8%AF-%D8%B3%D9%85%D9%88%D9%85?page=15,زاموفیلیا سبز نشایی دو بوته خاک استریل,True,42000,,
,https://basalam.com/golkhanekochek/product/11652401,https://basalam.com/cat/tools/%D8%AE%D8%A7%DA%A9-%DA%A9%D9%88%D8%AF-%D8%B3%D9%85%D9%88%D9%85?page=15,گل آپارتمانی زاموفیلیا بلک خاک استریل و مرغوب گلدان سفید,True,315000,,
,https://basalam.com/golkhanekochek/product/11437280,https://basalam.com/cat/tools/%D8%AE%D8%A7%DA%A9-%DA%A9%D9%88%D8%AF-%D8%B3%D9%85%D9%88%D9%85?page=15,گل آپارتمانی اسکاندیس ابلق خاک استریل و گلدان سفید,True,325000,,
,https://basalam.com/golkhanekochek/product/14918613,https://basalam.com/cat/tools/%D8%AE%D8%A7%DA%A9-%DA%A9%D9%88%D8%AF-%D8%B3%D9%85%D9%88%D9%85?page=15,دیفن باخیا بزرگ با خاک استریل مخصوص هدیه غول پیکر,True,599000,,
,https://basalam.com/garden_paradise/product/19989156,https://basalam.com/cat/tools/%D8%AE%D8%A7%DA%A9-%DA%A9%D9%88%D8%AF-%D8%B3%D9%85%D9%88%D9%85?page=15,سم مخصوص حشرات خاک گلدان ..,True,90000,,
,https://basalam.com/mahafarid_sanseviria/product/8743835,https://basalam.com/cat/tools/%D8%AE%D8%A7%DA%A9-%DA%A9%D9%88%D8%AF-%D8%B3%D9%85%D9%88%D9%85?page=15,سانسوریا لیلنتروم دو بوته مادری با یک پاجوش روی خاک,True,450000,300000.0,1.5
,https://basalam.com/mahafarid_sanseviria/product/8026968,https://basalam.com/cat/tools/%D8%AE%D8%A7%DA%A9-%DA%A9%D9%88%D8%AF-%D8%B3%D9%85%D9%88%D9%85?page=15,سانسوریا ابرورین اسوورد گیاه مادری ریش پر با پاجوش روی خاک,True,400000,888888.8888888889,0.45
,https://basalam.com/urmu/product/9979851,https://basalam.com/cat/tools/%D8%AE%D8%A7%DA%A9-%DA%A9%D9%88%D8%AF-%D8%B3%D9%85%D9%88%D9%85?page=15,گیاه سانسوریا،مدل پوست ماری،خاص،ارتفاع 29سانت آبیاری خشک شدن سه سانت از خاک گلدان,True,53000,25238.09523809524,2.1
,https://basalam.com/paknia1364/product/7568793,https://basalam.com/cat/tools/%D8%AE%D8%A7%DA%A9-%DA%A9%D9%88%D8%AF-%D8%B3%D9%85%D9%88%D9%85?page=15,پوست برنج مناسب جهت زهکشی و تخلخل خاک گلدان (130 گرمی) ارسال رایگان,True,83000,638461.5384615385,0.13
,https://basalam.com/chapar/product/6008598,https://basalam.com/cat/tools/%D8%AE%D8%A7%DA%A9-%DA%A9%D9%88%D8%AF-%D8%B3%D9%85%D9%88%D9%85?page=15,ماسک صورت خاک رس سفید آرال,True,207000,828000.0,0.25
,https://basalam.com/tejaratsaar/product/6729656,https://basalam.com/cat/tools/%D8%AE%D8%A7%DA%A9-%DA%A9%D9%88%D8%AF-%D8%B3%D9%85%D9%88%D9%85?page=15,کود مایع طبیعی کِرِسِر مناسب برای تغذیه گیاهی و اصلاح خاک,True,350000,350000.0,1.0
,https://basalam.com/honar_hm/product/16900833,https://basalam.com/cat/tools/%D8%AE%D8%A7%DA%A9-%DA%A9%D9%88%D8%AF-%D8%B3%D9%85%D9%88%D9%85?page=15,بیس خاک گل,True,20000,,
,https://basalam.com/tillandsia/product/219397,https://basalam.com/cat/tools/%D8%AE%D8%A7%DA%A9-%DA%A9%D9%88%D8%AF-%D8%B3%D9%85%D9%88%D9%85?page=15,خزه اسپانیایی بدون نیاز به خاک,True,289900,5798000.0,0.05
,https://basalam.com/starmasho/product/10570754,https://basalam.com/cat/tools/%D8%AE%D8%A7%DA%A9-%DA%A9%D9%88%D8%AF-%D8%B3%D9%85%D9%88%D9%85?page=15,سومارین خاک ترکیبی احیا باغچه،نشا،گل،حلزون,True,130000,21666.666666666668,6.0
,https://basalam.com/bazriran/product/8075987,https://basalam.com/cat/tools/%D8%AE%D8%A7%DA%A9-%DA%A9%D9%88%D8%AF-%D8%B3%D9%85%D9%88%D9%85?page=15,کود دامی کمپوست شده مناسب برای خاک گیاهان بسته بندی (500گرمی).,True,17400,34800.0,0.5
,https://basalam.com/mkt/product/6324496,https://basalam.com/cat/tools/%D8%AE%D8%A7%DA%A9-%DA%A9%D9%88%D8%AF-%D8%B3%D9%85%D9%88%D9%85?page=15,کود پودری رشد برگ و شاخه 50 گرمی سرزمین خاک مناسب برای افزایش رشد گیاهان,True,85600,1712000.0,0.05
,https://basalam.com/mkt/product/6324773,https://basalam.com/cat/tools/%D8%AE%D8%A7%DA%A9-%DA%A9%D9%88%D8%AF-%D8%B3%D9%85%D9%88%D9%85?page=16,کود پودری کامل 50 گرمی سرزمین خاک مناسب برای رشد سریع انواع گیاهان آپارتمانی,True,85600,1712000.0,0.05
,https://basalam.com/mkt/product/6324534,https://basalam.com/cat/tools/%D8%AE%D8%A7%DA%A9-%DA%A9%D9%88%D8%AF-%D8%B3%D9%85%D9%88%D9%85?page=16,کود پودری گلدهی 50 گرمی سرزمین خاک مناسب برای افزایش گلدهی گیاهان آپارتمانی,True,85600,1712000.0,0.05
,https://basalam.com/mkt/product/6324567,https://basalam.com/cat/tools/%D8%AE%D8%A7%DA%A9-%DA%A9%D9%88%D8%AF-%D8%B3%D9%85%D9%88%D9%85?page=16,کود پودری قلمه زنی 50 گرمی سرزمین خاک مناسب برای قلمه زدن انواع گیاهان آپارتمانی,True,85600,1712000.0,0.05
,https://basalam.com/saadatfatehi/product/15470471,https://basalam.com/cat/tools/%D8%AE%D8%A7%DA%A9-%DA%A9%D9%88%D8%AF-%D8%B3%D9%85%D9%88%D9%85?page=16,هیومیک اسید گرومور آمریکا اصلاح کننده خاک با کیفیت عالی,True,130000,520000.0,0.25
,https://basalam.com/attarishop1/product/8209914,https://basalam.com/cat/tools/%D8%AE%D8%A7%DA%A9-%DA%A9%D9%88%D8%AF-%D8%B3%D9%85%D9%88%D9%85?page=16,شاهتره تمیز خشک شده امسالی بدون خاک نیم کیلویی,True,68000,136000.0,0.5
,https://basalam.com/bgroma/product/21019435,https://basalam.com/cat/tools/%D8%AE%D8%A7%DA%A9-%DA%A9%D9%88%D8%AF-%D8%B3%D9%85%D9%88%D9%85?page=16,کود هیومیک اسید - بهبود خاک (پس کرایه),True,55000,,
,https://basalam.com/mehrsa-cactus1395/product/17838293,https://basalam.com/cat/tools/%D8%AE%D8%A7%DA%A9-%DA%A9%D9%88%D8%AF-%D8%B3%D9%85%D9%88%D9%85?page=16,ژمینو دی دریم بسیار کمیاب روی خاک,True,955000,,
,https://basalam.com/taranomsa/product/6895226,https://basalam.com/cat/tools/%D8%AE%D8%A7%DA%A9-%DA%A9%D9%88%D8%AF-%D8%B3%D9%85%D9%88%D9%85?page=16,کود هیومیک اسید وپروفرت هلند یک کیلویی (افزایش ریشه زایی و جذب مواد مغذی خاک),True,750000,750000.0,1.0
,https://basalam.com/golkhanekochek/product/11357111,https://basalam.com/cat/tools/%D8%AE%D8%A7%DA%A9-%DA%A9%D9%88%D8%AF-%D8%B3%D9%85%D9%88%D9%85?page=16,گل آپارتمانی گندمی گلدان سفید خاک استریل,True,145000,,
,https://basalam.com/golkhanekochek/product/11761812,https://basalam.com/cat/tools/%D8%AE%D8%A7%DA%A9-%DA%A9%D9%88%D8%AF-%D8%B3%D9%85%D9%88%D9%85?page=16,برگ انجیری ابلق خاک استریل گلدان سفید,True,795000,530000.0,1.5
,https://basalam.com/vahidzav_sabzii/product/13156210,https://basalam.com/cat/tools/%D8%AE%D8%A7%DA%A9-%DA%A9%D9%88%D8%AF-%D8%B3%D9%85%D9%88%D9%85?page=16,کوکوپیت خاک بستر حلزون کود گیاه,True,65000,65000.0,1.0
,https://basalam.com/soilarghavan/product/11346390,https://basalam.com/cat/tools/%D8%AE%D8%A7%DA%A9-%DA%A9%D9%88%D8%AF-%D8%B3%D9%85%D9%88%D9%85?page=16,کود چالکود ،مکمل خاک گیاهان، (هیومیک اسید گرانول) حاوی کربن آلی و مواد آلی,True,25000,125000.0,0.2
,https://basalam.com/mahafarid_sanseviria/product/8695439,https://basalam.com/cat/tools/%D8%AE%D8%A7%DA%A9-%DA%A9%D9%88%D8%AF-%D8%B3%D9%85%D9%88%D9%85?page=16,سانسوریا سیلور گلد لورنتی دو برگی بدون نقص و زدگی با دو پاجوش بزرگ روی خاک با کیفیت عالی,True,480000,320000.0,1.5
,https://basalam.com/mchavoosh/product/8845824,https://basalam.com/cat/tools/%D8%AE%D8%A7%DA%A9-%DA%A9%D9%88%D8%AF-%D8%B3%D9%85%D9%88%D9%85?page=16,قارچ کش فله ای کاربندازیم گل سم جهت ضد عفونی و قارچکشی گل و خاک گلدان,True,55000,2200000.0,0.025
,https://basalam.com/darohayegiyahizibaei/product/6075538,https://basalam.com/cat/tools/%D8%AE%D8%A7%DA%A9-%DA%A9%D9%88%D8%AF-%D8%B3%D9%85%D9%88%D9%85?page=16,پاکسازی پوست صورت (ماسک صورت خاک رس سفید),True,74000,296000.0,0.25
,https://basalam.com/urmu/product/9979691,https://basalam.com/cat/tools/%D8%AE%D8%A7%DA%A9-%DA%A9%D9%88%D8%AF-%D8%B3%D9%85%D9%88%D9%85?page=16,گیاه کاکتوس مدل چتری زیبا وخاص،نیاز ب نور کافی،آبیاری بعد از خشک شدن خاک گلدان,True,63000,23333.33333333333,2.7
,https://basalam.com/urmu/product/9835110,https://basalam.com/cat/tools/%D8%AE%D8%A7%DA%A9-%DA%A9%D9%88%D8%AF-%D8%B3%D9%85%D9%88%D9%85?page=16,گل هویا نیاز ب نور کافی کود گلدهی هر دوهفته یکبار،آبیاری بعد از خشک شدن 3سانت از خاک گلدان,True,159000,1325000.0,0.12
,https://basalam.com/golkhanekochek/product/18462339,https://basalam.com/cat/tools/%D8%AE%D8%A7%DA%A9-%DA%A9%D9%88%D8%AF-%D8%B3%D9%85%D9%88%D9%85?page=16,پتوس ببری نشایی خاک استریل و گلدان سفید,True,135000,,
,https://basalam.com/golkhanekochek/product/19103869,https://basalam.com/cat/tools/%D8%AE%D8%A7%DA%A9-%DA%A9%D9%88%D8%AF-%D8%B3%D9%85%D9%88%D9%85?page=16,زاموفیلیا بلک خاک استریل گلدان سفید,True,219000,,
,https://basalam.com/golkhanekochek/product/18638110,https://basalam.com/cat/tools/%D8%AE%D8%A7%DA%A9-%DA%A9%D9%88%D8%AF-%D8%B3%D9%85%D9%88%D9%85?page=16,پتوس ارتشی سایز کوچک گلدان سفید و خاک استریل,True,185000,,
,https://basalam.com/shefa/product/14230145,https://basalam.com/cat/tools/%D8%AE%D8%A7%DA%A9-%DA%A9%D9%88%D8%AF-%D8%B3%D9%85%D9%88%D9%85?page=16,دویست و هشتاد گرم خاک مرداب,True,178800,638571.4285714285,0.28
,https://basalam.com/ir_plant/product/19925732,https://basalam.com/cat/tools/%D8%AE%D8%A7%DA%A9-%DA%A9%D9%88%D8%AF-%D8%B3%D9%85%D9%88%D9%85?page=16,کود ضد شوری و اصلاح کننده خاک دسالت (100 سی سی),True,56000,560000.0,0.1
,https://basalam.com/irankood/product/10959996,https://basalam.com/cat/tools/%D8%AE%D8%A7%DA%A9-%DA%A9%D9%88%D8%AF-%D8%B3%D9%85%D9%88%D9%85?page=16,کود سولفات پتاسیم وانوما اصلاح کننده خاک شور و قلیایی ده کیلویی,True,1992000,199200.0,10.0
,https://basalam.com/starmasho/product/10507551,https://basalam.com/cat/tools/%D8%AE%D8%A7%DA%A9-%DA%A9%D9%88%D8%AF-%D8%B3%D9%85%D9%88%D9%85?page=16,پرلیت متوسط دانه کنترل رطوبت خاک گل و حلزون,True,40000,80000.0,0.5
,https://basalam.com/saleh69rey/product/11888624,https://basalam.com/cat/tools/%D8%AE%D8%A7%DA%A9-%DA%A9%D9%88%D8%AF-%D8%B3%D9%85%D9%88%D9%85?page=16,ترنجبین اعلا بدون خاک و تمیز (یک کیلویی),True,2800000,2800000.0,1.0
,https://basalam.com/tirafel/product/15332540,https://basalam.com/cat/tools/%D8%AE%D8%A7%DA%A9-%DA%A9%D9%88%D8%AF-%D8%B3%D9%85%D9%88%D9%85?page=16,کود ریشه زا و اصلاح کننده خاک نواتر,True,3201000,640200.0,5.0
,https://basalam.com/artincherman/product/24529562,https://basalam.com/cat/tools/%D8%AE%D8%A7%DA%A9-%DA%A9%D9%88%D8%AF-%D8%B3%D9%85%D9%88%D9%85?page=16,ماسک صورت خاک رس طبیعی نیوآ اورجینال,True,227000,,
,https://basalam.com/mkt/product/6324742,https://basalam.com/cat/tools/%D8%AE%D8%A7%DA%A9-%DA%A9%D9%88%D8%AF-%D8%B3%D9%85%D9%88%D9%85?page=16,کود پودری جوانه زنی 50 گرمی سرزمین خاک مناسب برای جوانه زدن گیاهان آپارتمانی,True,85600,1712000.0,0.05
,https://basalam.com/mkt/product/6324635,https://basalam.com/cat/tools/%D8%AE%D8%A7%DA%A9-%DA%A9%D9%88%D8%AF-%D8%B3%D9%85%D9%88%D9%85?page=16,کود پودری ساکولنت 50 گرمی سرزمین خاک مناسب برای انواع ساکولنت ها,True,85600,1712000.0,0.05
,https://basalam.com/mahurazibaei/product/4552725,https://basalam.com/cat/tools/%D8%AE%D8%A7%DA%A9-%DA%A9%D9%88%D8%AF-%D8%B3%D9%85%D9%88%D9%85?page=16,گل طبیعی گیاهان اپارتمانی خاک و کود پرلیت,True,20000,20000.0,1.0
,https://basalam.com/mkt/product/6325500,https://basalam.com/cat/tools/%D8%AE%D8%A7%DA%A9-%DA%A9%D9%88%D8%AF-%D8%B3%D9%85%D9%88%D9%85?page=16,کود پودری NPK-10-52-10 سرزمین خاک 50 گرمی,True,97300,1946000.0,0.05
,https://basalam.com/mkt/product/6325330,https://basalam.com/cat/tools/%D8%AE%D8%A7%DA%A9-%DA%A9%D9%88%D8%AF-%D8%B3%D9%85%D9%88%D9%85?page=16,کود پودری NPK-20-5-10 سرزمین خاک 50 گرمی,True,97300,1946000.0,0.05
,https://basalam.com/mkt/product/6325478,https://basalam.com/cat/tools/%D8%AE%D8%A7%DA%A9-%DA%A9%D9%88%D8%AF-%D8%B3%D9%85%D9%88%D9%85?page=16,کود پودری NPK-12-12-36 سرزمین خاک 50 گرمی,True,97300,1946000.0,0.05
,https://basalam.com/organic_mashhadi/product/15825169,https://basalam.com/cat/tools/%D8%AE%D8%A7%DA%A9-%DA%A9%D9%88%D8%AF-%D8%B3%D9%85%D9%88%D9%85?page=16,ریشه بابا آدم 500 گرمی خاک گیری شده,True,350000,700000.0,0.5
,https://basalam.com/goldoone.qom/product/14858723,https://basalam.com/cat/tools/%D8%AE%D8%A7%DA%A9-%DA%A9%D9%88%D8%AF-%D8%B3%D9%85%D9%88%D9%85?page=16,قارچ کش کاپیتان سیستمیک(آبیاری)قارچ کش و ضدعفونی خاک و ریشه گیاهان-سم قارچکش کاپیتان- گیاهان آپارتمانی- گلدونه,True,22000,440000.0,0.05
,https://basalam.com/nikobazrir/product/6710403,https://basalam.com/cat/tools/%D8%AE%D8%A7%DA%A9-%DA%A9%D9%88%D8%AF-%D8%B3%D9%85%D9%88%D9%85?page=16,سویل،بستر کشت(خاک مخصوص) چمن آکواریومی(soil) نیم کیلویی نیکوبذر,True,128000,256000.0,0.5
,https://basalam.com/attarishop1/product/14162020,https://basalam.com/cat/tools/%D8%AE%D8%A7%DA%A9-%DA%A9%D9%88%D8%AF-%D8%B3%D9%85%D9%88%D9%85?page=16,ریشه جنطیانا اصل خارجی بدون خاک 50 گرمی,True,99000,1980000.0,0.05
,https://basalam.com/soilarghavan/product/16611519,https://basalam.com/cat/tools/%D8%AE%D8%A7%DA%A9-%DA%A9%D9%88%D8%AF-%D8%B3%D9%85%D9%88%D9%85?page=16,کود گوگرد،ضد قارچ خاک ،کودتقویت خاک ،200گرم,True,27000,135000.0,0.2
,https://basalam.com/fakbari430/product/9959069,https://basalam.com/cat/tools/%D8%AE%D8%A7%DA%A9-%DA%A9%D9%88%D8%AF-%D8%B3%D9%85%D9%88%D9%85?page=16,ساکولنت خرفه ای بسیارزیباوسازگاربامحیط وتکثیربه صورت قلمه ونورزیادرودوست داره ابیاری بعدازخشک شدن خاک,True,35000,70000.0,0.5
,https://basalam.com/zarin_khak_abivard/product/5026766,https://basalam.com/cat/tools/%D8%AE%D8%A7%DA%A9-%DA%A9%D9%88%D8%AF-%D8%B3%D9%85%D9%88%D9%85?page=16,ورمی کمپوست زرین خاک (سه کیلویی),True,29000,9666.666666666666,3.0
,https://basalam.com/kadoei_pelastiki_rangarang/product/15212750,https://basalam.com/cat/tools/%D8%AE%D8%A7%DA%A9-%DA%A9%D9%88%D8%AF-%D8%B3%D9%85%D9%88%D9%85?page=16,مینی خاک انداز همه کاره,True,118800,132000.0,0.9
,https://basalam.com/zerafat_shop/product/5141315,https://basalam.com/cat/tools/%D8%AE%D8%A7%DA%A9-%DA%A9%D9%88%D8%AF-%D8%B3%D9%85%D9%88%D9%85?page=16,کود اصلاح کننده خاک آذر سبزینه,True,15800,526666.6666666667,0.03
,https://basalam.com/greenashop/product/3446999,https://basalam.com/cat/tools/%D8%AE%D8%A7%DA%A9-%DA%A9%D9%88%D8%AF-%D8%B3%D9%85%D9%88%D9%85?page=17,کائولن یا خاک رس سفید یا خاک چینی درجه یک,True,36000,900000.0,0.04
,https://basalam.com/golkhanekochek/product/18463146,https://basalam.com/cat/tools/%D8%AE%D8%A7%DA%A9-%DA%A9%D9%88%D8%AF-%D8%B3%D9%85%D9%88%D9%85?page=17,سانسوریا بنسل خاک استریل و گلدان سفید,True,205000,,
,https://basalam.com/chenaniyousof/product/10128815,https://basalam.com/cat/tools/%D8%AE%D8%A7%DA%A9-%DA%A9%D9%88%D8%AF-%D8%B3%D9%85%D9%88%D9%85?page=17,پوکه معدنی کیفیت ویژه گلدان های هیدروپونیک و کشت بدون خاک,True,32000,160000.0,0.2
,https://basalam.com/mahafarid_sanseviria/product/8807802,https://basalam.com/cat/tools/%D8%AE%D8%A7%DA%A9-%DA%A9%D9%88%D8%AF-%D8%B3%D9%85%D9%88%D9%85?page=17,سانسوریا ماسونیانا پوست ماری دو قلافی ریشه پر بالای 55 سانت روی خاک (پس کرایه),True,90000,45000.0,2.0
,https://basalam.com/tarhokhial/product/3793406,https://basalam.com/cat/tools/%D8%AE%D8%A7%DA%A9-%DA%A9%D9%88%D8%AF-%D8%B3%D9%85%D9%88%D9%85?page=17,ورمی کمپوست کود تقویت کننده خاک,True,120000,30000.0,4.0
,https://basalam.com/elima_cosmetics/product/22908730,https://basalam.com/cat/tools/%D8%AE%D8%A7%DA%A9-%DA%A9%D9%88%D8%AF-%D8%B3%D9%85%D9%88%D9%85?page=17,ماسک صورت خاک رس پوست معمولی کریستال پلاس حاوی عصاره انار,True,178000,,
,https://basalam.com/plant.kala/product/6951501,https://basalam.com/cat/tools/%D8%AE%D8%A7%DA%A9-%DA%A9%D9%88%D8%AF-%D8%B3%D9%85%D9%88%D9%85?page=17,کود هیومیک لئو پودری اصلاح کننده خاک یک کیلویی افزایش گلدهی کاهش بیماری,True,285000,285000.0,1.0
,https://basalam.com/gilsaar.greenhouse/product/12121196,https://basalam.com/cat/tools/%D8%AE%D8%A7%DA%A9-%DA%A9%D9%88%D8%AF-%D8%B3%D9%85%D9%88%D9%85?page=17,پوست بادام زمینی کیسه ای ( زهکش و سبک کننده برای گلدان و خاک ),True,59000,14750.0,4.0
,https://basalam.com/golkhanekochek/product/11114053,https://basalam.com/cat/tools/%D8%AE%D8%A7%DA%A9-%DA%A9%D9%88%D8%AF-%D8%B3%D9%85%D9%88%D9%85?page=17,سانسوریا کرواتی ابلق با خاک استریل و گلدان سفید,True,215000,143333.33333333334,1.5
,https://basalam.com/tanpooshan/product/17706187,https://basalam.com/cat/tools/%D8%AE%D8%A7%DA%A9-%DA%A9%D9%88%D8%AF-%D8%B3%D9%85%D9%88%D9%85?page=17,ماسک صورت خاک رس سفید,True,43000,,
,https://basalam.com/tillandsia/product/3541850,https://basalam.com/cat/tools/%D8%AE%D8%A7%DA%A9-%DA%A9%D9%88%D8%AF-%D8%B3%D9%85%D9%88%D9%85?page=17,گیاه هوازی فانکیانا بدون نیاز به خاک,True,209900,41980000.0,0.005
,https://basalam.com/arshadiarash2020/product/10560829,https://basalam.com/cat/tools/%D8%AE%D8%A7%DA%A9-%DA%A9%D9%88%D8%AF-%D8%B3%D9%85%D9%88%D9%85?page=17,کود سولفور پلاس رفع کمبود مواد غذایی خاک,True,38000,380000.0,0.1
,https://basalam.com/hbcgbcdc58785/product/17180245,https://basalam.com/cat/tools/%D8%AE%D8%A7%DA%A9-%DA%A9%D9%88%D8%AF-%D8%B3%D9%85%D9%88%D9%85?page=17,اسفند (تمیز بدون خاک- ضدمیکروبی با متد Ozone),True,189000,189000.0,1.0
,https://basalam.com/ramaya/product/21832429,https://basalam.com/cat/tools/%D8%AE%D8%A7%DA%A9-%DA%A9%D9%88%D8%AF-%D8%B3%D9%85%D9%88%D9%85?page=17,ماسک صورت خاک رس ماچا ماسکورا,True,362300,,
,https://basalam.com/bazriran/product/7413995,https://basalam.com/cat/tools/%D8%AE%D8%A7%DA%A9-%DA%A9%D9%88%D8%AF-%D8%B3%D9%85%D9%88%D9%85?page=17,پوست برنج مناسب خاک گیاهان آپارتمانی بسته بندی (500 گرمی).,True,33800,67600.0,0.5
,https://basalam.com/nahashid/product/7176385,https://basalam.com/cat/tools/%D8%AE%D8%A7%DA%A9-%DA%A9%D9%88%D8%AF-%D8%B3%D9%85%D9%88%D9%85?page=17,کود مایع ویژه اصلاح خاک و محرک رشد,True,700000,1400000.0,0.5
,https://basalam.com/golkade_baharnarenj99/product/8127541,https://basalam.com/cat/tools/%D8%AE%D8%A7%DA%A9-%DA%A9%D9%88%D8%AF-%D8%B3%D9%85%D9%88%D9%85?page=17,پرلیت دانه متوسط ، عالی برای قلمه گیری و همچنین سبک سازی خاک,True,22000,73333.33333333334,0.3
,https://basalam.com/mkt/product/6324720,https://basalam.com/cat/tools/%D8%AE%D8%A7%DA%A9-%DA%A9%D9%88%D8%AF-%D8%B3%D9%85%D9%88%D9%85?page=17,کود پودری گلدان 50 گرمی سرزمین خاک مناسب برای انواع گیاهان آپارتمانی,True,85600,1712000.0,0.05
,https://basalam.com/attarishop1/product/19211366,https://basalam.com/cat/tools/%D8%AE%D8%A7%DA%A9-%DA%A9%D9%88%D8%AF-%D8%B3%D9%85%D9%88%D9%85?page=17,گلناز فارسی درشت بدون خاک یک کیلویی و 300 قیمت عمده,True,1000000,769230.7692307692,1.3
,https://basalam.com/attarishop1/product/11584895,https://basalam.com/cat/tools/%D8%AE%D8%A7%DA%A9-%DA%A9%D9%88%D8%AF-%D8%B3%D9%85%D9%88%D9%85?page=17,ریشه گیاه انجبار خارجی خشک بدون خاک صد گرمی,True,68000,680000.0,0.1
,https://basalam.com/hakimit/product/4232307,https://basalam.com/cat/tools/%D8%AE%D8%A7%DA%A9-%DA%A9%D9%88%D8%AF-%D8%B3%D9%85%D9%88%D9%85?page=17,ماسک صورت خاک رس سفید، لایه بردار، سفید کننده و روشن کننده پوست,True,51000,510000.0,0.1
,https://basalam.com/ir_hakim2/product/3598573,https://basalam.com/cat/tools/%D8%AE%D8%A7%DA%A9-%DA%A9%D9%88%D8%AF-%D8%B3%D9%85%D9%88%D9%85?page=17,ماسک صورت خاک رس سفید، لایه بردار، پاکسازی صورت، رفع آلودگی پوست، سفید کننده و روشن کننده پوست ، رفع تیرگی پوست,True,48500,485000.0,0.1
,https://basalam.com/ict/product/24421620,https://basalam.com/cat/tools/%D8%AE%D8%A7%DA%A9-%DA%A9%D9%88%D8%AF-%D8%B3%D9%85%D9%88%D9%85?page=17,ماسک صورت خاک رس - HELLO,True,325336,,
,https://basalam.com/gool_kade_hoya/product/21340714,https://basalam.com/cat/tools/%D8%AE%D8%A7%DA%A9-%DA%A9%D9%88%D8%AF-%D8%B3%D9%85%D9%88%D9%85?page=17,فروش خاک تخصصی فروشگاه ارکیده خونه مخصوص انواع ارکیده به همراه هدیه کود,True,150000,75000.0,2.0
,https://basalam.com/moonstudio/product/18816043,https://basalam.com/cat/tools/%D8%AE%D8%A7%DA%A9-%DA%A9%D9%88%D8%AF-%D8%B3%D9%85%D9%88%D9%85?page=17,هویا تریکالر با گلدان آلمانی و خاک تخصصی ( ارسال پس کرایه ),True,595000,,
,https://basalam.com/aernphs/product/21608708,https://basalam.com/cat/tools/%D8%AE%D8%A7%DA%A9-%DA%A9%D9%88%D8%AF-%D8%B3%D9%85%D9%88%D9%85?page=17,کود اسید هیومک بهساز خاک,True,1074000,42960.0,25.0
,https://basalam.com/pardisangolkade/product/6838641,https://basalam.com/cat/tools/%D8%AE%D8%A7%DA%A9-%DA%A9%D9%88%D8%AF-%D8%B3%D9%85%D9%88%D9%85?page=17,برگ بنفشه آفریقایی(پک 20 عددی رنگبندی مختلف بهمراه خاک و کود و گلدان) (پس کرایه),True,280000,,
,https://basalam.com/garden_paradise/product/16616266,https://basalam.com/cat/tools/%D8%AE%D8%A7%DA%A9-%DA%A9%D9%88%D8%AF-%D8%B3%D9%85%D9%88%D9%85?page=17,سم مخصوص حشرات داخل خاک گلدان,True,90000,,
,https://basalam.com/golkhanekochek/product/18114801,https://basalam.com/cat/tools/%D8%AE%D8%A7%DA%A9-%DA%A9%D9%88%D8%AF-%D8%B3%D9%85%D9%88%D9%85?page=17,گل آپارتمانی دراسانا سوزنی دو سر گلدان سفید و خاک استریل,True,295000,,
,https://basalam.com/soilarghavan/product/9379966,https://basalam.com/cat/tools/%D8%AE%D8%A7%DA%A9-%DA%A9%D9%88%D8%AF-%D8%B3%D9%85%D9%88%D9%85?page=17,ورمی کولیت ،مواد معدنی و مغذی مکمل خاک ،ورمیکولیت,True,32000,160000.0,0.2
,https://basalam.com/golkhanekochek/product/13364082,https://basalam.com/cat/tools/%D8%AE%D8%A7%DA%A9-%DA%A9%D9%88%D8%AF-%D8%B3%D9%85%D9%88%D9%85?page=17,پتوس مرمری گلدان سفید خاک استریل,True,185000,,
,https://basalam.com/golkhanekochek/product/12792814,https://basalam.com/cat/tools/%D8%AE%D8%A7%DA%A9-%DA%A9%D9%88%D8%AF-%D8%B3%D9%85%D9%88%D9%85?page=17,سانسوریا مهتابی خاک استریل و گلدان سفید,True,175000,,
,https://basalam.com/noghli_market/product/7591059,https://basalam.com/cat/tools/%D8%AE%D8%A7%DA%A9-%DA%A9%D9%88%D8%AF-%D8%B3%D9%85%D9%88%D9%85?page=17,پرلیت متوسط جهت زهکشی خاک,True,28000,151351.35135135136,0.185
,https://basalam.com/rostam_cactus/product/18906502,https://basalam.com/cat/tools/%D8%AE%D8%A7%DA%A9-%DA%A9%D9%88%D8%AF-%D8%B3%D9%85%D9%88%D9%85?page=17,استروفیتوم کیکو نودوم روی خاک,True,490000,,
,https://basalam.com/rostam_cactus/product/18906293,https://basalam.com/cat/tools/%D8%AE%D8%A7%DA%A9-%DA%A9%D9%88%D8%AF-%D8%B3%D9%85%D9%88%D9%85?page=17,استروفیتوم کیکو رامپو روی خاک,True,460000,,
,https://basalam.com/baharan_choram/product/12844871,https://basalam.com/cat/tools/%D8%AE%D8%A7%DA%A9-%DA%A9%D9%88%D8%AF-%D8%B3%D9%85%D9%88%D9%85?page=17,گلنار (گل انار) تمیز بدون خرده خاک,True,99000,970588.2352941176,0.102
,https://basalam.com/igool/product/3610004,https://basalam.com/cat/tools/%D8%AE%D8%A7%DA%A9-%DA%A9%D9%88%D8%AF-%D8%B3%D9%85%D9%88%D9%85?page=17,آفت کش و قارچ گیاهان آپارتمانی(پکیج مراقبتی دفع حشرات خاک و گلدان),True,299000,299000.0,1.0
,https://basalam.com/mkt/product/6325419,https://basalam.com/cat/tools/%D8%AE%D8%A7%DA%A9-%DA%A9%D9%88%D8%AF-%D8%B3%D9%85%D9%88%D9%85?page=17,کود پودری NPK-19-6-20 سرزمین خاک 50 گرمی,True,97300,1946000.0,0.05
,https://basalam.com/mkt/product/6324886,https://basalam.com/cat/tools/%D8%AE%D8%A7%DA%A9-%DA%A9%D9%88%D8%AF-%D8%B3%D9%85%D9%88%D9%85?page=17,کود پودری گیاهان آپارتمانی 50 گرمی سرزمین خاک مناسب برای انواع گیاهان آپارتمانی,True,85600,1712000.0,0.05
,https://basalam.com/mkt/product/6324607,https://basalam.com/cat/tools/%D8%AE%D8%A7%DA%A9-%DA%A9%D9%88%D8%AF-%D8%B3%D9%85%D9%88%D9%85?page=18,کود پودری کاکتوس 50 گرمی سرزمین خاک مناسب برای انواع کاکتوس ها,True,85600,1712000.0,0.05
,https://basalam.com/mkt/product/6323629,https://basalam.com/cat/tools/%D8%AE%D8%A7%DA%A9-%DA%A9%D9%88%D8%AF-%D8%B3%D9%85%D9%88%D9%85?page=18,کود پودری رشد ریشه 50 گرمی سرزمین خاک مناسب برای ریشه زایی,True,85600,1712000.0,0.05
,https://basalam.com/mkt/product/6324787,https://basalam.com/cat/tools/%D8%AE%D8%A7%DA%A9-%DA%A9%D9%88%D8%AF-%D8%B3%D9%85%D9%88%D9%85?page=18,کود پودری سانسوریا 50 گرمی سرزمین خاک مناسب برای انواع سانسوریا,True,85600,1712000.0,0.05
,https://basalam.com/mkt/product/6324452,https://basalam.com/cat/tools/%D8%AE%D8%A7%DA%A9-%DA%A9%D9%88%D8%AF-%D8%B3%D9%85%D9%88%D9%85?page=18,کود پودری 50 گرمی NPK-20-20-20 سرزمین خاک,True,85600,1712000.0,0.05
,https://basalam.com/mkt/product/6324657,https://basalam.com/cat/tools/%D8%AE%D8%A7%DA%A9-%DA%A9%D9%88%D8%AF-%D8%B3%D9%85%D9%88%D9%85?page=18,کود پودری تقویتی 50 گرمی سرزمین خاک مناسب برای تقویت خاک های گیاهان آپارتمانی,True,85600,1712000.0,0.05
,https://basalam.com/rooyesh-sabz/product/18014027,https://basalam.com/cat/tools/%D8%AE%D8%A7%DA%A9-%DA%A9%D9%88%D8%AF-%D8%B3%D9%85%D9%88%D9%85?page=18,کود تقویتی احیا کننده میکرو ارگانیسم های خاک هپی پلنت مدل HP807 حجم 120 میلی لیتر,True,41000,410000.0,0.1
,https://basalam.com/rooyesh-sabz/product/18013682,https://basalam.com/cat/tools/%D8%AE%D8%A7%DA%A9-%DA%A9%D9%88%D8%AF-%D8%B3%D9%85%D9%88%D9%85?page=18,کود تقویتی احیا کننده خاک گلدان هپی پلنت مدل HP802 حجم 120 میلی لیتر,True,45000,450000.0,0.1
,https://basalam.com/pardisangolkade/product/18001796,https://basalam.com/cat/tools/%D8%AE%D8%A7%DA%A9-%DA%A9%D9%88%D8%AF-%D8%B3%D9%85%D9%88%D9%85?page=18,قلمه هویا از مدل های مختلف (پک 6 عددی به همراه خاک و گلدان و کود) (پس کرایه),True,250000,,
,https://basalam.com/sangchin1/product/20664640,https://basalam.com/cat/tools/%D8%AE%D8%A7%DA%A9-%DA%A9%D9%88%D8%AF-%D8%B3%D9%85%D9%88%D9%85?page=18,(گرد و تیله ای) بسته 3 عددی خاک ژله ای شفاف خاک ژله ای بی رنگ خاک ژله ای شیشه ای خاک ژله ای سفید خاک ژله ای کریستالی,True,50000,,
,https://basalam.com/iranth/product/14033612,https://basalam.com/cat/tools/%D8%AE%D8%A7%DA%A9-%DA%A9%D9%88%D8%AF-%D8%B3%D9%85%D9%88%D9%85?page=18,ماسک صورت خاک رس سفید، لایه بردار، پاکسازی صورت، رفع آلودگی پوست، سفید کننده و روشن کننده پوست ، رفع تیرگی پوست,True,110000,1375000.0,0.08
,https://basalam.com/attarishop1/product/4094976,https://basalam.com/cat/tools/%D8%AE%D8%A7%DA%A9-%DA%A9%D9%88%D8%AF-%D8%B3%D9%85%D9%88%D9%85?page=18,عاقرقرحا اصل بی حس کننده ضمانتی بدون خاک 70 گرمی,True,380000,5428571.428571428,0.07
,https://basalam.com/attarishop1/product/8171024,https://basalam.com/cat/tools/%D8%AE%D8%A7%DA%A9-%DA%A9%D9%88%D8%AF-%D8%B3%D9%85%D9%88%D9%85?page=18,گل غافث 100 گرمی خالص بدون خاک,True,215000,2150000.0,0.1
,https://basalam.com/soghatsara_nakhl_77/product/6418427,https://basalam.com/cat/tools/%D8%AE%D8%A7%DA%A9-%DA%A9%D9%88%D8%AF-%D8%B3%D9%85%D9%88%D9%85?page=18,کود گیاهی خاک,True,290600,72650.0,4.0
,https://basalam.com/golkhanekochek/product/11401396,https://basalam.com/cat/tools/%D8%AE%D8%A7%DA%A9-%DA%A9%D9%88%D8%AF-%D8%B3%D9%85%D9%88%D9%85?page=18,گل آپارتمانی زاموفیلیا بلک چند بوته خاک استریل و گلدون سفید,True,315000,,
,https://basalam.com/golkhanekochek/product/11657328,https://basalam.com/cat/tools/%D8%AE%D8%A7%DA%A9-%DA%A9%D9%88%D8%AF-%D8%B3%D9%85%D9%88%D9%85?page=18,گل آپارتمانی زاموفیلیاسبز خاک استریل نشایی,True,45000,,
,https://basalam.com/golkhanekochek/product/11858245,https://basalam.com/cat/tools/%D8%AE%D8%A7%DA%A9-%DA%A9%D9%88%D8%AF-%D8%B3%D9%85%D9%88%D9%85?page=18,گل آپارتمانی پتوس مرمری گلدان سفید خاک استریل و مرغوب,True,157000,,
,https://basalam.com/golkhanekochek/product/11455877,https://basalam.com/cat/tools/%D8%AE%D8%A7%DA%A9-%DA%A9%D9%88%D8%AF-%D8%B3%D9%85%D9%88%D9%85?page=18,قلمه گل آپارتمانی سینگونیوم ابلق در خاک قلمه,True,70000,,
,https://basalam.com/asa/product/297584,https://basalam.com/cat/tools/%D8%AE%D8%A7%DA%A9-%DA%A9%D9%88%D8%AF-%D8%B3%D9%85%D9%88%D9%85?page=18,آویشن باغیَ برگ اعلا بدون خاک 100 گرمی,True,60000,600000.0,0.1
,https://basalam.com/golkhanekochek/product/13856782,https://basalam.com/cat/tools/%D8%AE%D8%A7%DA%A9-%DA%A9%D9%88%D8%AF-%D8%B3%D9%85%D9%88%D9%85?page=18,پتوس ارتشی خاک استریل گلدان بزرگ,True,295000,,
,https://basalam.com/golkhanekochek/product/11824575,https://basalam.com/cat/tools/%D8%AE%D8%A7%DA%A9-%DA%A9%D9%88%D8%AF-%D8%B3%D9%85%D9%88%D9%85?page=18,گل آپارتمانی سانسوریا مهتابی دوغلاف خاک استریل و مرغوب با گلدان سفید,True,155000,,
,https://basalam.com/darya_gooshe_shomal/product/9623557,https://basalam.com/cat/tools/%D8%AE%D8%A7%DA%A9-%DA%A9%D9%88%D8%AF-%D8%B3%D9%85%D9%88%D9%85?page=18,گل شویدی سرخسی یا مارچوبه زینتی، گلدان گرد دهنه 14 تا 19 سانت، ارتفاع از سطح خاک 50 سانت، ارسال پسکرایه با مشتری,True,219900,146600.0,1.5
,https://basalam.com/organicvalaa/product/15044664,https://basalam.com/cat/tools/%D8%AE%D8%A7%DA%A9-%DA%A9%D9%88%D8%AF-%D8%B3%D9%85%D9%88%D9%85?page=18,ماسک صورت خاک رس سفید والا(سفیدکننده لایه بردار),True,24000,,
,https://basalam.com/valerian_attari/product/6783553,https://basalam.com/cat/tools/%D8%AE%D8%A7%DA%A9-%DA%A9%D9%88%D8%AF-%D8%B3%D9%85%D9%88%D9%85?page=18,سنبل الطیب - والرین (سورت بدون یک درصد خاک),True,72000,1500000.0,0.048
,https://basalam.com/giahmaman/product/12269086,https://basalam.com/cat/tools/%D8%AE%D8%A7%DA%A9-%DA%A9%D9%88%D8%AF-%D8%B3%D9%85%D9%88%D9%85?page=18,گل زبان گاوی نیم کیلو قد 15 سانت قطر 10 هر وقت خاک خوشگ شد آ بیاری کنید,True,50000,100000.0,0.5
,https://basalam.com/saleh69rey/product/24122128,https://basalam.com/cat/tools/%D8%AE%D8%A7%DA%A9-%DA%A9%D9%88%D8%AF-%D8%B3%D9%85%D9%88%D9%85?page=18,ترنجبین اعلا بدون خاک و تمیز (یک سیر),True,210000,2800000.0,0.075
,https://basalam.com/cacti_land_babolsar/product/14004898,https://basalam.com/cat/tools/%D8%AE%D8%A7%DA%A9-%DA%A9%D9%88%D8%AF-%D8%B3%D9%85%D9%88%D9%85?page=18,پک سه عددی میرتلو آماده پیونده ریشه توی خاک بسیار قوی (پس کرایه),True,90000,180000.0,0.5
,https://basalam.com/mahurazibaei/product/4552744,https://basalam.com/cat/tools/%D8%AE%D8%A7%DA%A9-%DA%A9%D9%88%D8%AF-%D8%B3%D9%85%D9%88%D9%85?page=18,گل آپارتمانی گل طبیعی. کودو خاک و پرلیت لیکاپن,True,25000,25000.0,1.0
,https://basalam.com/mkt/product/6324811,https://basalam.com/cat/tools/%D8%AE%D8%A7%DA%A9-%DA%A9%D9%88%D8%AF-%D8%B3%D9%85%D9%88%D9%85?page=18,کود پودری زاموفیلیا 50 گرمی سرزمین خاک مناسب برای انواع زاموفیلیا,True,85600,1712000.0,0.05
,https://basalam.com/kolbegoldoon/product/18535199,https://basalam.com/cat/tools/%D8%AE%D8%A7%DA%A9-%DA%A9%D9%88%D8%AF-%D8%B3%D9%85%D9%88%D9%85?page=18,بسته 20 عددی خاک ژله ای شفاف کروی,True,122000,,
,https://basalam.com/mkt/product/6325456,https://basalam.com/cat/tools/%D8%AE%D8%A7%DA%A9-%DA%A9%D9%88%D8%AF-%D8%B3%D9%85%D9%88%D9%85?page=18,کود پودری NPK-15-50-5 سرزمین خاک 50 گرمی,True,97300,1946000.0,0.05
,https://basalam.com/mkt/product/6324936,https://basalam.com/cat/tools/%D8%AE%D8%A7%DA%A9-%DA%A9%D9%88%D8%AF-%D8%B3%D9%85%D9%88%D9%85?page=18,کود پودری NPK-4-5-40 سرزمین خاک 50 گرمی,True,97300,1946000.0,0.05
,https://basalam.com/tebgiah/product/7620698,https://basalam.com/cat/tools/%D8%AE%D8%A7%DA%A9-%DA%A9%D9%88%D8%AF-%D8%B3%D9%85%D9%88%D9%85?page=18,مریم گلی یا گیاه سالویا 100گرمی تمیز بدون خاک,True,40000,400000.0,0.1
,https://basalam.com/agrogin/product/25296546,https://basalam.com/cat/tools/%D8%AE%D8%A7%DA%A9-%DA%A9%D9%88%D8%AF-%D8%B3%D9%85%D9%88%D9%85?page=18,هیومیک اسید مخصوص اصلاح خاک گیاهان آپارتمانی,True,50000,,
,https://basalam.com/vafabeit32/product/15191681,https://basalam.com/cat/tools/%D8%AE%D8%A7%DA%A9-%DA%A9%D9%88%D8%AF-%D8%B3%D9%85%D9%88%D9%85?page=18,ماسک صورت خاک رس,True,190000,190000.0,1.0
,https://basalam.com/soilarghavan/product/14255683,https://basalam.com/cat/tools/%D8%AE%D8%A7%DA%A9-%DA%A9%D9%88%D8%AF-%D8%B3%D9%85%D9%88%D9%85?page=18,کود گرانولی هیومیک و کربن آلی ، چالکود،مکمل گلدان،تقویت خاک باغ یک کیلو,True,62000,65608.46560846562,0.945
,https://basalam.com/lili77/product/21685569,https://basalam.com/cat/tools/%D8%AE%D8%A7%DA%A9-%DA%A9%D9%88%D8%AF-%D8%B3%D9%85%D9%88%D9%85?page=18,Orchid bark خاک مخصوص ارکیده (پس کرایه),True,280000,,
,https://basalam.com/dr_zand/product/24018508,https://basalam.com/cat/tools/%D8%AE%D8%A7%DA%A9-%DA%A9%D9%88%D8%AF-%D8%B3%D9%85%D9%88%D9%85?page=18,کود گوگرد مایع ضد قارچ و اصلاح خاک,True,154100,154100.0,1.0
,https://basalam.com/crecer/product/1501646,https://basalam.com/cat/tools/%D8%AE%D8%A7%DA%A9-%DA%A9%D9%88%D8%AF-%D8%B3%D9%85%D9%88%D9%85?page=18,کود مایع طبیعی کِرِسِر مناسب برای تغذیه گیاهی و اصلاح خاک,True,2400000,30769.23076923077,78.0
,https://basalam.com/mehrsa-cactus1395/product/16317716,https://basalam.com/cat/tools/%D8%AE%D8%A7%DA%A9-%DA%A9%D9%88%D8%AF-%D8%B3%D9%85%D9%88%D9%85?page=18,سرئوس چرمی ابلق روی خاک,True,135000,,
,https://basalam.com/almase_sorkh/product/11189616,https://basalam.com/cat/tools/%D8%AE%D8%A7%DA%A9-%DA%A9%D9%88%D8%AF-%D8%B3%D9%85%D9%88%D9%85?page=19,کود مایع احیا کننده میکروارگانیسم های خاک گیلدا مدل EKOVITAL حجم 30 میلی لیتر,True,83000,2766666.666666667,0.03
,https://basalam.com/chenaniyousof/product/10168218,https://basalam.com/cat/tools/%D8%AE%D8%A7%DA%A9-%DA%A9%D9%88%D8%AF-%D8%B3%D9%85%D9%88%D9%85?page=19,پرلیت متوسط برای سبک سازی خاک و ریشه دار کردن قلمه های پتوس,True,32000,160000.0,0.2
,https://basalam.com/booth_whiterose/product/17712276,https://basalam.com/cat/tools/%D8%AE%D8%A7%DA%A9-%DA%A9%D9%88%D8%AF-%D8%B3%D9%85%D9%88%D9%85?page=19,ماسک صورت خاک رس سبز,True,160000,1600000.0,0.1
,https://basalam.com/golkhane/product/7070403,https://basalam.com/cat/tools/%D8%AE%D8%A7%DA%A9-%DA%A9%D9%88%D8%AF-%D8%B3%D9%85%D9%88%D9%85?page=19,قلمه پتوس،بدون گلدان ،نگهداری در آب و یا خاک (پس کرایه),True,100000,1000000.0,0.1
,https://basalam.com/hakimbano/product/5957209,https://basalam.com/cat/tools/%D8%AE%D8%A7%DA%A9-%DA%A9%D9%88%D8%AF-%D8%B3%D9%85%D9%88%D9%85?page=19,ماسک صورت خاک رس قرمز. لایه بردار. سفید کننده و روشن کننده پوست. افزایش گردش خون.از بین برنده آکنه و جوش های قرمز,True,61000,610000.0,0.1
,https://basalam.com/golkhanekochek/product/19630355,https://basalam.com/cat/tools/%D8%AE%D8%A7%DA%A9-%DA%A9%D9%88%D8%AF-%D8%B3%D9%85%D9%88%D9%85?page=19,آگلونما پینک لیدی خاک استریل و مرغوب با گلدان سفید,True,620000,,
,https://basalam.com/golkhanekochek/product/11109953,https://basalam.com/cat/tools/%D8%AE%D8%A7%DA%A9-%DA%A9%D9%88%D8%AF-%D8%B3%D9%85%D9%88%D9%85?page=19,گل آپارتمانی پتوس حصیری خاک استریل,True,175000,,
,https://basalam.com/golkhanekochek/product/11584244,https://basalam.com/cat/tools/%D8%AE%D8%A7%DA%A9-%DA%A9%D9%88%D8%AF-%D8%B3%D9%85%D9%88%D9%85?page=19,گل آپارتمانی اسکاندیس نئون برگ پهن خاک استریل,True,135000,,
,https://basalam.com/dashtesabz-shop/product/15654800,https://basalam.com/cat/tools/%D8%AE%D8%A7%DA%A9-%DA%A9%D9%88%D8%AF-%D8%B3%D9%85%D9%88%D9%85?page=19,کود فیکس 8 کاره (کاهنده شوری خاک) ایکس گرین,True,90000,90000.0,1.0
,https://basalam.com/mehrayingiah/product/5398097,https://basalam.com/cat/tools/%D8%AE%D8%A7%DA%A9-%DA%A9%D9%88%D8%AF-%D8%B3%D9%85%D9%88%D9%85?page=19,فردوس. سراسر شاداب و پربرگ. 90سانتی. خاک کوکوپیت و پرلیت.,True,150000,150000.0,1.0
,https://basalam.com/kolbegoldoon/product/18424893,https://basalam.com/cat/tools/%D8%AE%D8%A7%DA%A9-%DA%A9%D9%88%D8%AF-%D8%B3%D9%85%D9%88%D9%85?page=19,بسته 24 عددی خاک ژله ای رنگی کروی 6 رنگ مجزا,True,145000,,
,https://basalam.com/hbcgbcdc58785/product/17848562,https://basalam.com/cat/tools/%D8%AE%D8%A7%DA%A9-%DA%A9%D9%88%D8%AF-%D8%B3%D9%85%D9%88%D9%85?page=19,ریشه زنبق ایرسا (سورت شده.بدون ذره ای خاک.ضد میکروبی شده)100 گرمی,True,108000,1080000.0,0.1
,https://basalam.com/mahurazibaei/product/5943608,https://basalam.com/cat/tools/%D8%AE%D8%A7%DA%A9-%DA%A9%D9%88%D8%AF-%D8%B3%D9%85%D9%88%D9%85?page=19,گل طبیعی خاک گلدان گیاه خاک مخصوص گلهای اپارتمانی,True,100000,,
,https://basalam.com/tillandsia/product/11022623,https://basalam.com/cat/tools/%D8%AE%D8%A7%DA%A9-%DA%A9%D9%88%D8%AF-%D8%B3%D9%85%D9%88%D9%85?page=19,تیلاندسیا ایونانتا یک گیاه هوازی که به خاک نیاز نداره اما مطمئنا آبیاری لازم داره,True,239900,23990000.0,0.01
,https://basalam.com/shimikood/product/19088657,https://basalam.com/cat/tools/%D8%AE%D8%A7%DA%A9-%DA%A9%D9%88%D8%AF-%D8%B3%D9%85%D9%88%D9%85?page=19,هیومیک اسید گرانوله (بهساز آلی خاک) (پس کرایه),True,137000,,
,https://basalam.com/nikobazrir/product/19712217,https://basalam.com/cat/tools/%D8%AE%D8%A7%DA%A9-%DA%A9%D9%88%D8%AF-%D8%B3%D9%85%D9%88%D9%85?page=19,سویل خارجی،بستر کشت(خاک مخصوص) چمن آکواریومی(soil)نیم لیتری نیکوبذر تضمینی,True,325000,928571.4285714286,0.35
,https://basalam.com/mkt/product/6324897,https://basalam.com/cat/tools/%D8%AE%D8%A7%DA%A9-%DA%A9%D9%88%D8%AF-%D8%B3%D9%85%D9%88%D9%85?page=19,کود پودری NPK-3-11-38 سرزمین خاک 50 گرمی,True,97300,1946000.0,0.05
,https://basalam.com/mkt/product/6325438,https://basalam.com/cat/tools/%D8%AE%D8%A7%DA%A9-%DA%A9%D9%88%D8%AF-%D8%B3%D9%85%D9%88%D9%85?page=19,کود پودری NPK-18-18-18سرزمین خاک 50 گرمی,True,97300,1946000.0,0.05
,https://basalam.com/mkt/product/6324827,https://basalam.com/cat/tools/%D8%AE%D8%A7%DA%A9-%DA%A9%D9%88%D8%AF-%D8%B3%D9%85%D9%88%D9%85?page=19,کود پودری بونسای 50 گرمی سرزمین خاک مناسب برای انواع بونسای,True,85600,1712000.0,0.05
,https://basalam.com/ghetmir-ir/product/23997985,https://basalam.com/cat/tools/%D8%AE%D8%A7%DA%A9-%DA%A9%D9%88%D8%AF-%D8%B3%D9%85%D9%88%D9%85?page=19,برچسب خاک باش,True,1500,,
,https://basalam.com/gol_barabadi_sabzevar/product/10720850,https://basalam.com/cat/tools/%D8%AE%D8%A7%DA%A9-%DA%A9%D9%88%D8%AF-%D8%B3%D9%85%D9%88%D9%85?page=19,اسید هیومیک ضد تنش ضد شوری اصلاح بافت خاک,True,22000,916666.6666666666,0.024
,https://basalam.com/zarin_khak_abivard/product/5040271,https://basalam.com/cat/tools/%D8%AE%D8%A7%DA%A9-%DA%A9%D9%88%D8%AF-%D8%B3%D9%85%D9%88%D9%85?page=19,ورمی کمپوست زرین خاک (سه کیلویی),True,30000,10000.0,3.0
,https://basalam.com/asma1384220/product/18362340,https://basalam.com/cat/tools/%D8%AE%D8%A7%DA%A9-%DA%A9%D9%88%D8%AF-%D8%B3%D9%85%D9%88%D9%85?page=19,ماسک صورت خاک رس پاکسازی کننده کیلز 125 میل های کپی,True,458000,,
,https://basalam.com/organicvalaa/product/15044618,https://basalam.com/cat/tools/%D8%AE%D8%A7%DA%A9-%DA%A9%D9%88%D8%AF-%D8%B3%D9%85%D9%88%D9%85?page=19,ماسک صورت خاک رس قرمز والا (جوش و التهابات),True,24000,,
,https://basalam.com/goldoone.qom/product/14858223,https://basalam.com/cat/tools/%D8%AE%D8%A7%DA%A9-%DA%A9%D9%88%D8%AF-%D8%B3%D9%85%D9%88%D9%85?page=19,قارچ کش بنومیل سیستمیک- مناسب قارچکشی و ضدعفونی خاک و ریشه گیاهان - قارچکش بنومیل سیستمیک- گیاهان آپارتمانی - گلدونه,True,22000,244444.44444444447,0.09
,https://basalam.com/moonstudio/product/18815867,https://basalam.com/cat/tools/%D8%AE%D8%A7%DA%A9-%DA%A9%D9%88%D8%AF-%D8%B3%D9%85%D9%88%D9%85?page=19,هویا کری ابلق مادری پر برگ با گلدان آلمانی و خاک تخصصی ( ارسال پس کرایه ),True,590000,,
,https://basalam.com/zeroten_gallery/product/22814648,https://basalam.com/cat/tools/%D8%AE%D8%A7%DA%A9-%DA%A9%D9%88%D8%AF-%D8%B3%D9%85%D9%88%D9%85?page=19,ماسک صورتِ خاک رس,True,48000,,
,https://basalam.com/tabib.irani.130/product/23472660,https://basalam.com/cat/tools/%D8%AE%D8%A7%DA%A9-%DA%A9%D9%88%D8%AF-%D8%B3%D9%85%D9%88%D9%85?page=19,ماسک صورت خاک رس حاوی گل سرخ,True,85000,,
,https://basalam.com/golkhanekochek/product/11803472,https://basalam.com/cat/tools/%D8%AE%D8%A7%DA%A9-%DA%A9%D9%88%D8%AF-%D8%B3%D9%85%D9%88%D9%85?page=19,گل آپارتمانی آگلونما هندوانه ای خاک استریل,True,255000,,
,https://basalam.com/garden_paradise/product/9585897,https://basalam.com/cat/tools/%D8%AE%D8%A7%DA%A9-%DA%A9%D9%88%D8%AF-%D8%B3%D9%85%D9%88%D9%85?page=19,پوکه معدنی (مخصوص ریشه دار گیاه کردن و حاصلخیز کردن خاک ) 500 گرمی,True,60000,120000.0,0.5
,https://basalam.com/golkhanekochek/product/18544795,https://basalam.com/cat/tools/%D8%AE%D8%A7%DA%A9-%DA%A9%D9%88%D8%AF-%D8%B3%D9%85%D9%88%D9%85?page=19,پتوس زعفرانی خاک استریل و گلدان سفید,True,165000,,
,https://basalam.com/golkhanekochek/product/18463103,https://basalam.com/cat/tools/%D8%AE%D8%A7%DA%A9-%DA%A9%D9%88%D8%AF-%D8%B3%D9%85%D9%88%D9%85?page=19,سانسوریا ارسال رایگان فیسچری خاک استریل و گلدان سفید,True,299000,,
,https://basalam.com/lousian_flower/product/16712258,https://basalam.com/cat/tools/%D8%AE%D8%A7%DA%A9-%DA%A9%D9%88%D8%AF-%D8%B3%D9%85%D9%88%D9%85?page=19,کود هیومیک اسید+پتاسیم، مخصوص اصلاح خاک، بهبود ریشه، کمک به گلدهی و پاجوشدهی. ارسال به صورت پسکرایه,True,49000,980000.0,0.05
,https://basalam.com/golkadehbahar/product/13902908,https://basalam.com/cat/tools/%D8%AE%D8%A7%DA%A9-%DA%A9%D9%88%D8%AF-%D8%B3%D9%85%D9%88%D9%85?page=19,سم از بین بردن حشرات و هزارپا خاک,True,52000,684210.5263157894,0.076
,https://basalam.com/oriflame452/product/22416190,https://basalam.com/cat/tools/%D8%AE%D8%A7%DA%A9-%DA%A9%D9%88%D8%AF-%D8%B3%D9%85%D9%88%D9%85?page=19,60 بسته خاک ژله ای شفاف بی رنگ,True,499000,,
,https://basalam.com/khakdaneh/product/12779141,https://basalam.com/cat/tools/%D8%AE%D8%A7%DA%A9-%DA%A9%D9%88%D8%AF-%D8%B3%D9%85%D9%88%D9%85?page=19,هیومیک اسید(کودمایع فولویک هیومیک گیاه پایه خاک دانه) 0.5 لیتری,True,149000,298000.0,0.5
,https://basalam.com/khakdaneh/product/13133833,https://basalam.com/cat/tools/%D8%AE%D8%A7%DA%A9-%DA%A9%D9%88%D8%AF-%D8%B3%D9%85%D9%88%D9%85?page=19,قارچ کش بیولوژیک خاک تریکودرما 50 گرمی,True,99000,1980000.0,0.05
,https://basalam.com/fafa-com/product/22033153,https://basalam.com/cat/tools/%D8%AE%D8%A7%DA%A9-%DA%A9%D9%88%D8%AF-%D8%B3%D9%85%D9%88%D9%85?page=19,ماسک صورت مدل خاک رس,True,165000,,
,https://basalam.com/agrovijecom/product/21608567,https://basalam.com/cat/tools/%D8%AE%D8%A7%DA%A9-%DA%A9%D9%88%D8%AF-%D8%B3%D9%85%D9%88%D9%85?page=19,کود زیستی اکتینوفلورا سرکوب بیمارگرهای موجود در خاک و حاصلخیزی خاک (پس کرایه),True,700000,700000.0,1.0
,https://basalam.com/novinkeshtsepahan/product/10182259,https://basalam.com/cat/tools/%D8%AE%D8%A7%DA%A9-%DA%A9%D9%88%D8%AF-%D8%B3%D9%85%D9%88%D9%85?page=20,کود اصلاح کننده خاک ویتالایزرVitalize حاوی عنصر کربن حجم250cc,True,65000,224137.9310344828,0.29
,https://basalam.com/attarishop1/product/11663036,https://basalam.com/cat/tools/%D8%AE%D8%A7%DA%A9-%DA%A9%D9%88%D8%AF-%D8%B3%D9%85%D9%88%D9%85?page=20,گیاه مازو جنگلی 200 گرمی نسابیده بدون خاک,True,74000,370000.0,0.2
,https://basalam.com/darya_gooshe_shomal/product/9623343,https://basalam.com/cat/tools/%D8%AE%D8%A7%DA%A9-%DA%A9%D9%88%D8%AF-%D8%B3%D9%85%D9%88%D9%85?page=20,گل کاغذی بنفش قرمز سرخابی صورتی زرد سفید طبیعی ارتفاع حدود 30 سانت از سطح خاک ارسال پس کرایه باربری با هزینه مشتری,True,218900,,
,https://basalam.com/delvin1400/product/23948236,https://basalam.com/cat/tools/%D8%AE%D8%A7%DA%A9-%DA%A9%D9%88%D8%AF-%D8%B3%D9%85%D9%88%D9%85?page=20,سم مارمولک کش قوی اکوشام اصل آلمانی ارسال رایگان,True,590000,,
,https://basalam.com/iran_seed/product/12049952,https://basalam.com/cat/tools/%D8%AE%D8%A7%DA%A9-%DA%A9%D9%88%D8%AF-%D8%B3%D9%85%D9%88%D9%85?page=20,بذر درختچه همیشه سبز لیگستروم سبز و طلایی یا ابلق - Golden Privet Hedge,True,15000,,
,https://basalam.com/humicacid/product/5113445,https://basalam.com/cat/tools/%D8%AE%D8%A7%DA%A9-%DA%A9%D9%88%D8%AF-%D8%B3%D9%85%D9%88%D9%85?page=20,کود کامل گیاهان 10 ایکس شوک مایع اصل آمریکایی یک لیتری (پس کرایه),True,272200,272200.0,1.0
,https://basalam.com/kod_gol/product/14517217,https://basalam.com/cat/tools/%D8%AE%D8%A7%DA%A9-%DA%A9%D9%88%D8%AF-%D8%B3%D9%85%D9%88%D9%85?page=20,کود جلبک هیومیک، بمب انرژی 2 رویش سبز،کود ضدتنش,True,55000,550000.0,0.1
,https://basalam.com/atari_dr_online/product/3757483,https://basalam.com/cat/tools/%D8%AE%D8%A7%DA%A9-%DA%A9%D9%88%D8%AF-%D8%B3%D9%85%D9%88%D9%85?page=20,سم حشره کش قوی برای عقرب و هزار پا آیکن اصل,True,59000,590000.0,0.1
,https://basalam.com/golden_goldon/product/10682622,https://basalam.com/cat/tools/%D8%AE%D8%A7%DA%A9-%DA%A9%D9%88%D8%AF-%D8%B3%D9%85%D9%88%D9%85?page=20,سوپر کود ترکیبی انواع گیاهان آپارتمانی. 250 سی سی,True,80000,320000.0,0.25
,https://basalam.com/koodito/product/9547314,https://basalam.com/cat/tools/%D8%AE%D8%A7%DA%A9-%DA%A9%D9%88%D8%AF-%D8%B3%D9%85%D9%88%D9%85?page=20,کود همه کاره ارگانیک ویتامینه گیاهان (سوپر) ویژه ی گیاهان آپارتمانی و زینتی,True,260000,236363.63636363635,1.1
,https://basalam.com/hydro_gol/product/20315643,https://basalam.com/cat/tools/%D8%AE%D8%A7%DA%A9-%DA%A9%D9%88%D8%AF-%D8%B3%D9%85%D9%88%D9%85?page=20,کود کامل هیدروپونیک گیارُست,True,285000,,
,https://basalam.com/motorcycleadl/product/9462160,https://basalam.com/cat/tools/%D8%AE%D8%A7%DA%A9-%DA%A9%D9%88%D8%AF-%D8%B3%D9%85%D9%88%D9%85?page=20,کود آمینو اسید برند پروتکت نیچر,True,120000,960000.0,0.125
,https://basalam.com/golden_goldon/product/11389162,https://basalam.com/cat/tools/%D8%AE%D8%A7%DA%A9-%DA%A9%D9%88%D8%AF-%D8%B3%D9%85%D9%88%D9%85?page=20,کود آمینو اسید، اسید آمینه. ضد تنش گیاه,True,45000,900000.0,0.05
,https://basalam.com/golden_goldon/product/11974985,https://basalam.com/cat/tools/%D8%AE%D8%A7%DA%A9-%DA%A9%D9%88%D8%AF-%D8%B3%D9%85%D9%88%D9%85?page=20,اسپری قارچکش قارچ کش و آفت کش ترکیبی,True,50000,142857.14285714287,0.35
,https://basalam.com/delvin.shop/product/19332537,https://basalam.com/cat/tools/%D8%AE%D8%A7%DA%A9-%DA%A9%D9%88%D8%AF-%D8%B3%D9%85%D9%88%D9%85?page=20,سم بید کش پست اکسپرت بدون بو ارسال رایگان,True,546000,,
,https://basalam.com/simazaar/product/17515338,https://basalam.com/cat/tools/%D8%AE%D8%A7%DA%A9-%DA%A9%D9%88%D8%AF-%D8%B3%D9%85%D9%88%D9%85?page=20,گیاه دم گیلاس با کیفیت عالی، بار امسالی و تازه(500گرمی),True,291500,583000.0,0.5
,https://basalam.com/nikobazrir/product/3411565,https://basalam.com/cat/tools/%D8%AE%D8%A7%DA%A9-%DA%A9%D9%88%D8%AF-%D8%B3%D9%85%D9%88%D9%85?page=20,کود برگ دهی پلاس10 10 30 نیکوبذر(گرم بالا),True,49000,1225000.0,0.04
,https://basalam.com/tetaco/product/536940,https://basalam.com/cat/tools/%D8%AE%D8%A7%DA%A9-%DA%A9%D9%88%D8%AF-%D8%B3%D9%85%D9%88%D9%85?page=20,کود هیومیک اسید مایع تتاکو HUMORE بسته یک لیتری,True,143000,143000.0,1.0
,https://basalam.com/rajeh_agriculture/product/13122059,https://basalam.com/cat/tools/%D8%AE%D8%A7%DA%A9-%DA%A9%D9%88%D8%AF-%D8%B3%D9%85%D9%88%D9%85?page=20,بیورادیکانت، کود ریشه زای قوی، محصولی از فیوچراکو اسپانیا، بسته بندی نیم لیتری,True,950000,1900000.0,0.5
,https://basalam.com/abbasico94/product/19324949,https://basalam.com/cat/tools/%D8%AE%D8%A7%DA%A9-%DA%A9%D9%88%D8%AF-%D8%B3%D9%85%D9%88%D9%85?page=20,سم مرگ موش سبز هندی سیانودار(یک عدد),True,500000,16666666.666666668,0.03
,https://basalam.com/delvin.shop/product/19329561,https://basalam.com/cat/tools/%D8%AE%D8%A7%DA%A9-%DA%A9%D9%88%D8%AF-%D8%B3%D9%85%D9%88%D9%85?page=20,سم موریانه کش ترمیدور ( ارسال رایگان ),True,546000,,
,https://basalam.com/delvin.shop/product/19382895,https://basalam.com/cat/tools/%D8%AE%D8%A7%DA%A9-%DA%A9%D9%88%D8%AF-%D8%B3%D9%85%D9%88%D9%85?page=20,سم سوسک کش رونج کشنده ترین سم بدون بو ارسال رایگان,True,546000,,
,https://basalam.com/rooyesh-yar/product/18800680,https://basalam.com/cat/tools/%D8%AE%D8%A7%DA%A9-%DA%A9%D9%88%D8%AF-%D8%B3%D9%85%D9%88%D9%85?page=20,کود کامل NPK (10-52-10) (13 عنصره) ، مناسب ریشه زایی،1Kg,True,330000,,
,https://basalam.com/delvin.shop/product/19329768,https://basalam.com/cat/tools/%D8%AE%D8%A7%DA%A9-%DA%A9%D9%88%D8%AF-%D8%B3%D9%85%D9%88%D9%85?page=20,سم عقرب کش پایروساید بدون بو ارسال رایگان,True,546000,,
,https://basalam.com/mazrae_khone/product/1201200,https://basalam.com/cat/tools/%D8%AE%D8%A7%DA%A9-%DA%A9%D9%88%D8%AF-%D8%B3%D9%85%D9%88%D9%85?page=20,کود فسفر بالا افزایش ریشه کوچک,True,20000,,
,https://basalam.com/nikobazrir/product/9923814,https://basalam.com/cat/tools/%D8%AE%D8%A7%DA%A9-%DA%A9%D9%88%D8%AF-%D8%B3%D9%85%D9%88%D9%85?page=20,کود کامل سه بیست پلاس 20 20 20 نیکوبذر (گرم بالا),True,49000,1225000.0,0.04
,https://basalam.com/golden_goldon/product/11163961,https://basalam.com/cat/tools/%D8%AE%D8%A7%DA%A9-%DA%A9%D9%88%D8%AF-%D8%B3%D9%85%D9%88%D9%85?page=20,کود آهن کلات آهن . 100 سی سی.سبزشیمی,True,40000,,
,https://basalam.com/mazrae_khone/product/1201755,https://basalam.com/cat/tools/%D8%AE%D8%A7%DA%A9-%DA%A9%D9%88%D8%AF-%D8%B3%D9%85%D9%88%D9%85?page=20,سم سوسک و مورچه گرین لیف 100 درصد تضمینی,True,14000,,
,https://basalam.com/sampashi-negarin/product/19922183,https://basalam.com/cat/tools/%D8%AE%D8%A7%DA%A9-%DA%A9%D9%88%D8%AF-%D8%B3%D9%85%D9%88%D9%85?page=20,سم قوی برای کشتن پشه توالت افکتیو (پس کرایه),True,138000,,
,https://basalam.com/sonnatiteb/product/22149797,https://basalam.com/cat/tools/%D8%AE%D8%A7%DA%A9-%DA%A9%D9%88%D8%AF-%D8%B3%D9%85%D9%88%D9%85?page=20,گیاه ریش بز (هوم) خشک با کیفیت عالی، بار امسالی و تازه(100گرمی),True,61100,611000.0,0.1
,https://basalam.com/golden_goldon/product/12177822,https://basalam.com/cat/tools/%D8%AE%D8%A7%DA%A9-%DA%A9%D9%88%D8%AF-%D8%B3%D9%85%D9%88%D9%85?page=20,کود زاموفیلیا. 100 سی سی. کامل و ترکیبی,True,40000,,
,https://basalam.com/plant-protection/product/21410466,https://basalam.com/cat/tools/%D8%AE%D8%A7%DA%A9-%DA%A9%D9%88%D8%AF-%D8%B3%D9%85%D9%88%D9%85?page=20,قرص کود تقویتی کامل کره ای نوتری بابل,True,7000,,
,https://basalam.com/golden_goldon/product/10682242,https://basalam.com/cat/tools/%D8%AE%D8%A7%DA%A9-%DA%A9%D9%88%D8%AF-%D8%B3%D9%85%D9%88%D9%85?page=20,کود گلدهی 100 سی سی. کامل و ترکیبی,True,40000,,
,https://basalam.com/golden_goldon/product/11094211,https://basalam.com/cat/tools/%D8%AE%D8%A7%DA%A9-%DA%A9%D9%88%D8%AF-%D8%B3%D9%85%D9%88%D9%85?page=20,کود اسید هیومیک . هیومیک اسید . پودری,True,40000,,
,https://basalam.com/golden_goldon/product/12151841,https://basalam.com/cat/tools/%D8%AE%D8%A7%DA%A9-%DA%A9%D9%88%D8%AF-%D8%B3%D9%85%D9%88%D9%85?page=20,کود بامبو . 100 سی سی.کامل و ترکیبی,True,40000,,
,https://basalam.com/mazrae_khone/product/1160841,https://basalam.com/cat/tools/%D8%AE%D8%A7%DA%A9-%DA%A9%D9%88%D8%AF-%D8%B3%D9%85%D9%88%D9%85?page=20,کود افزایش گلدهی 12.12.36 پودری خانگی,True,20000,,
,https://basalam.com/delvin.shop/product/19384115,https://basalam.com/cat/tools/%D8%AE%D8%A7%DA%A9-%DA%A9%D9%88%D8%AF-%D8%B3%D9%85%D9%88%D9%85?page=21,سم کنه کش مکس فورس ارسال رایگان,True,990000,,
,https://basalam.com/pooyasam/product/16673066,https://basalam.com/cat/tools/%D8%AE%D8%A7%DA%A9-%DA%A9%D9%88%D8%AF-%D8%B3%D9%85%D9%88%D9%85?page=21,سم سوسک آلمانی یا کابینتی,True,380000,1900000.0,0.2
,https://basalam.com/golden_goldon/product/9707536,https://basalam.com/cat/tools/%D8%AE%D8%A7%DA%A9-%DA%A9%D9%88%D8%AF-%D8%B3%D9%85%D9%88%D9%85?page=21,سم دیازینون 100 سی سی. خالص درجه یک,True,45000,,
,https://basalam.com/reyhan_giyah_products/product/18269764,https://basalam.com/cat/tools/%D8%AE%D8%A7%DA%A9-%DA%A9%D9%88%D8%AF-%D8%B3%D9%85%D9%88%D9%85?page=21,گیاه خارشتر با کیفیت عالی، بار امسالی و تازه(500گرمی ),True,126500,253000.0,0.5
,https://basalam.com/sabz202020/product/23913627,https://basalam.com/cat/tools/%D8%AE%D8%A7%DA%A9-%DA%A9%D9%88%D8%AF-%D8%B3%D9%85%D9%88%D9%85?page=21,سم مورچه کش آمادرو پرو اورجینال بی همتا در دنیا,True,590000,,
,https://basalam.com/sabz202020/product/23699917,https://basalam.com/cat/tools/%D8%AE%D8%A7%DA%A9-%DA%A9%D9%88%D8%AF-%D8%B3%D9%85%D9%88%D9%85?page=21,سم ساس کش پیرانا Pyranha اورجینال مخصوص ساس یک لیتری بدون بو,True,560000,,
,https://basalam.com/toranj_fertiliser_pesticide/product/13739385,https://basalam.com/cat/tools/%D8%AE%D8%A7%DA%A9-%DA%A9%D9%88%D8%AF-%D8%B3%D9%85%D9%88%D9%85?page=21,کود کامل (نیتروژن فسفر پتاسیم همراه با عناصر )کمپلکس پلاس جنوبگان حجم یک کیلوگرم,True,45000,45000.0,1.0
,https://basalam.com/momtazplant/product/8158715,https://basalam.com/cat/tools/%D8%AE%D8%A7%DA%A9-%DA%A9%D9%88%D8%AF-%D8%B3%D9%85%D9%88%D9%85?page=21,کود بیورادیکانت (کود ریشه زایی) 30 cc,True,110000,3666666.666666667,0.03
,https://basalam.com/goldoonbazaar/product/17715573,https://basalam.com/cat/tools/%D8%AE%D8%A7%DA%A9-%DA%A9%D9%88%D8%AF-%D8%B3%D9%85%D9%88%D9%85?page=21,کود آهن فیروزه,True,28000,,
,https://basalam.com/foroshgah_markazi/product/16254421,https://basalam.com/cat/tools/%D8%AE%D8%A7%DA%A9-%DA%A9%D9%88%D8%AF-%D8%B3%D9%85%D9%88%D9%85?page=21,سم سوسک آشپزخانه مخصوص سوسک کابینتی داهائو Dahao بسته 6 عددی,True,120000,,
,https://basalam.com/golden_goldon/product/13463882,https://basalam.com/cat/tools/%D8%AE%D8%A7%DA%A9-%DA%A9%D9%88%D8%AF-%D8%B3%D9%85%D9%88%D9%85?page=21,کود سانسوریا .100 سی سی. کامل و ترکیبی,True,40000,,
,https://basalam.com/saadatfatehi/product/16933938,https://basalam.com/cat/tools/%D8%AE%D8%A7%DA%A9-%DA%A9%D9%88%D8%AF-%D8%B3%D9%85%D9%88%D9%85?page=21,کود کامل کوکولی فله ای بسته بندی 180 گرمی,True,130000,,
,https://basalam.com/epic_agricultural_complex/product/12307651,https://basalam.com/cat/tools/%D8%AE%D8%A7%DA%A9-%DA%A9%D9%88%D8%AF-%D8%B3%D9%85%D9%88%D9%85?page=21,کود دی پی 98 انگلستان امکس حجم 30سی سی,True,40000,1333333.3333333335,0.03
,https://basalam.com/golden_goldon/product/9831277,https://basalam.com/cat/tools/%D8%AE%D8%A7%DA%A9-%DA%A9%D9%88%D8%AF-%D8%B3%D9%85%D9%88%D9%85?page=21,کود آمینو اسید . اسید آمینه پودری,True,35000,,
,https://basalam.com/golden_goldon/product/10285487,https://basalam.com/cat/tools/%D8%AE%D8%A7%DA%A9-%DA%A9%D9%88%D8%AF-%D8%B3%D9%85%D9%88%D9%85?page=21,کود هیومیک اسید. اسید هیومیک. مایع درجه یک,True,40000,,
,https://basalam.com/golden_goldon/product/9450014,https://basalam.com/cat/tools/%D8%AE%D8%A7%DA%A9-%DA%A9%D9%88%D8%AF-%D8%B3%D9%85%D9%88%D9%85?page=21,کود پتاس 121236 مناسب پاجوش زایی و گلدهی,True,40000,400000.0,0.1
,https://basalam.com/azarsabzineh/product/4417191,https://basalam.com/cat/tools/%D8%AE%D8%A7%DA%A9-%DA%A9%D9%88%D8%AF-%D8%B3%D9%85%D9%88%D9%85?page=21,کود مخصوص ریشه زایی سانیا کود مدل 10-52-10 وزن 50 گرم,True,19900,398000.0,0.05
,https://basalam.com/golden_goldon/product/10286285,https://basalam.com/cat/tools/%D8%AE%D8%A7%DA%A9-%DA%A9%D9%88%D8%AF-%D8%B3%D9%85%D9%88%D9%85?page=21,کود جلبک دریایی مایع. 100 سی سی. اصل,True,50000,,
,https://basalam.com/delvin.shop/product/19311502,https://basalam.com/cat/tools/%D8%AE%D8%A7%DA%A9-%DA%A9%D9%88%D8%AF-%D8%B3%D9%85%D9%88%D9%85?page=21,سم ساس پیرانا تحت لیسانس کشنده ترین ساس کش دنیا ، ارسال رایگان,True,546000,,
,https://basalam.com/goldoonbazaar/product/19460190,https://basalam.com/cat/tools/%D8%AE%D8%A7%DA%A9-%DA%A9%D9%88%D8%AF-%D8%B3%D9%85%D9%88%D9%85?page=21,کود ورمی کمپوست بسته 500 گرمی,True,45000,90000.0,0.5
,https://basalam.com/golden_goldon/product/4455526,https://basalam.com/cat/tools/%D8%AE%D8%A7%DA%A9-%DA%A9%D9%88%D8%AF-%D8%B3%D9%85%D9%88%D9%85?page=21,کود کلات آهن . مخصوص گیاهان سبز,True,35000,583333.3333333334,0.06
,https://basalam.com/hakimtehrani/product/16659501,https://basalam.com/cat/tools/%D8%AE%D8%A7%DA%A9-%DA%A9%D9%88%D8%AF-%D8%B3%D9%85%D9%88%D9%85?page=21,سم سوسک کابینتی و مورچه تضمینی - 4 عددی,True,78800,,
,https://basalam.com/kod_gol/product/19945236,https://basalam.com/cat/tools/%D8%AE%D8%A7%DA%A9-%DA%A9%D9%88%D8%AF-%D8%B3%D9%85%D9%88%D9%85?page=21,کود آمینو کلات آهن مخصوص گیاهان آپارتمانی 60 میلی لیتر,True,55000,,
,https://basalam.com/goldoone.qom/product/15679968,https://basalam.com/cat/tools/%D8%AE%D8%A7%DA%A9-%DA%A9%D9%88%D8%AF-%D8%B3%D9%85%D9%88%D9%85?page=21,سم کنفیدور سیستمیک گوارشی وتنفسی- برای حشرات مختلف و آفات گیاهان آپارتمانی و باغچه ای - آفت کش کنفیدر - سم مایع- گلدونه,True,37000,264285.71428571426,0.14
,https://basalam.com/kood-hedro/product/15765677,https://basalam.com/cat/tools/%D8%AE%D8%A7%DA%A9-%DA%A9%D9%88%D8%AF-%D8%B3%D9%85%D9%88%D9%85?page=21,کود رویشی دراگون فایر هیدروپونیک 250 cc,True,235000,,
,https://basalam.com/giahpezshk/product/7016321,https://basalam.com/cat/tools/%D8%AE%D8%A7%DA%A9-%DA%A9%D9%88%D8%AF-%D8%B3%D9%85%D9%88%D9%85?page=21,سم ساس بسیار قوی ورمین 100درصد قوطی 60 سی سی,True,135000,2250000.0,0.06
,https://basalam.com/keshavarzmarket/product/22663367,https://basalam.com/cat/tools/%D8%AE%D8%A7%DA%A9-%DA%A9%D9%88%D8%AF-%D8%B3%D9%85%D9%88%D9%85?page=21,سم سوسک کش ترکیبی مزرعه (سایپرمترین + کنفیدور)،قوی ترین دفع سوسک با اثر ماندگار,True,189000,945000.0,0.2
,https://basalam.com/golden_goldon/product/4455816,https://basalam.com/cat/tools/%D8%AE%D8%A7%DA%A9-%DA%A9%D9%88%D8%AF-%D8%B3%D9%85%D9%88%D9%85?page=21,کود انپیکا 121236. پتاس بالا .مخصوص پاجوش دهی و گلدهی,True,35000,583333.3333333334,0.06
,https://basalam.com/golden_goldon/product/4455851,https://basalam.com/cat/tools/%D8%AE%D8%A7%DA%A9-%DA%A9%D9%88%D8%AF-%D8%B3%D9%85%D9%88%D9%85?page=21,کود انپیکا 105210 . فسفر بالا. ریشه زا,True,35000,583333.3333333334,0.06
,https://basalam.com/goldoonbazaar/product/17715092,https://basalam.com/cat/tools/%D8%AE%D8%A7%DA%A9-%DA%A9%D9%88%D8%AF-%D8%B3%D9%85%D9%88%D9%85?page=21,کود گلدهی (36-12-12) فیروزه,True,28000,,
,https://basalam.com/golden_goldon/product/8109992,https://basalam.com/cat/tools/%D8%AE%D8%A7%DA%A9-%DA%A9%D9%88%D8%AF-%D8%B3%D9%85%D9%88%D9%85?page=21,کود انپیکا 202020 . سه بیست پودری,True,35000,583333.3333333334,0.06
,https://basalam.com/fardin_nahal401/product/14220330,https://basalam.com/cat/tools/%D8%AE%D8%A7%DA%A9-%DA%A9%D9%88%D8%AF-%D8%B3%D9%85%D9%88%D9%85?page=21,علف زن مدل شن کش (هزینه ارسال رایگان نیست و به عهده خود مشتری میباشد ),True,270000,,
,https://basalam.com/goldoone.qom/product/14707628,https://basalam.com/cat/tools/%D8%AE%D8%A7%DA%A9-%DA%A9%D9%88%D8%AF-%D8%B3%D9%85%D9%88%D9%85?page=21,کود کلات آهن 60گرمی- مناسب جوانه زنی وافزایش سبزینگی گیاهان-کود آهن پودری-کود گیاهان آپارتمانی-کود کامل گیاه-گلدونه,True,26000,433333.3333333334,0.06
,https://basalam.com/florame/product/14840464,https://basalam.com/cat/tools/%D8%AE%D8%A7%DA%A9-%DA%A9%D9%88%D8%AF-%D8%B3%D9%85%D9%88%D9%85?page=21,سم سوسک کش امولسیون مهان (حشره کش)250 سی سی ( سم پشه مورچه مگس کنه کبوتر ساس کک جیرجیرک هزارپا),True,182000,728000.0,0.25
,https://basalam.com/keshavarzmarket/product/22653564,https://basalam.com/cat/tools/%D8%AE%D8%A7%DA%A9-%DA%A9%D9%88%D8%AF-%D8%B3%D9%85%D9%88%D9%85?page=21,سم دیازینون 60 درصد مزرعه 100 میلی، کنترل مؤثر آفات کشاورزی,True,120000,1200000.0,0.1
,https://basalam.com/orginalkud/product/12376530,https://basalam.com/cat/tools/%D8%AE%D8%A7%DA%A9-%DA%A9%D9%88%D8%AF-%D8%B3%D9%85%D9%88%D9%85?page=21,کود هیومیک اسید مایع جنریت پنج لیتری محصول آمریکا 95 درصد خلوص,True,1700000,340000.0,5.0
,https://basalam.com/orginalkud/product/12760101,https://basalam.com/cat/tools/%D8%AE%D8%A7%DA%A9-%DA%A9%D9%88%D8%AF-%D8%B3%D9%85%D9%88%D9%85?page=21,کود مایع آهن نانو 11درصد پنج لیتری جنریت اصلی محصول آمریکا,True,6390000,1278000.0,5.0
,https://basalam.com/orginalkud/product/12744044,https://basalam.com/cat/tools/%D8%AE%D8%A7%DA%A9-%DA%A9%D9%88%D8%AF-%D8%B3%D9%85%D9%88%D9%85?page=22,کود مایع آمینو اسید جنریت آمریکا پنج لیتری,True,4150000,830000.0,5.0
,https://basalam.com/orginalkud/product/12759855,https://basalam.com/cat/tools/%D8%AE%D8%A7%DA%A9-%DA%A9%D9%88%D8%AF-%D8%B3%D9%85%D9%88%D9%85?page=22,کود مایع کلسیم 27 درصد جنریت پنج لیتری اصلی محصول آمریکا,True,3150000,630000.0,5.0
,https://basalam.com/orginalkud/product/12759507,https://basalam.com/cat/tools/%D8%AE%D8%A7%DA%A9-%DA%A9%D9%88%D8%AF-%D8%B3%D9%85%D9%88%D9%85?page=22,کود مایع فروت ست جنریت آمریکا یک لیتری,True,900000,900000.0,1.0
,https://basalam.com/orginalkud/product/12744254,https://basalam.com/cat/tools/%D8%AE%D8%A7%DA%A9-%DA%A9%D9%88%D8%AF-%D8%B3%D9%85%D9%88%D9%85?page=22,کود مایع فسفیت پتاسیم جنریت آمریکا پنج لیتری,True,6400000,1280000.0,5.0
,https://basalam.com/jahankud98/product/23313225,https://basalam.com/cat/tools/%D8%AE%D8%A7%DA%A9-%DA%A9%D9%88%D8%AF-%D8%B3%D9%85%D9%88%D9%85?page=22,کود کلسیم شوک یک لیتری (پس کرایه),True,249000,249000.0,1.0
,https://basalam.com/arzuman_seed/product/4911052,https://basalam.com/cat/tools/%D8%AE%D8%A7%DA%A9-%DA%A9%D9%88%D8%AF-%D8%B3%D9%85%D9%88%D9%85?page=22,کود هیبرید 10 گرمی فیدینگ مناسب گلدهی,True,150000,15000000.0,0.01
,https://basalam.com/arzuman_seed/product/4911200,https://basalam.com/cat/tools/%D8%AE%D8%A7%DA%A9-%DA%A9%D9%88%D8%AF-%D8%B3%D9%85%D9%88%D9%85?page=22,کود رشد 10 گرمی فیدینگ مناسب برای مرحله رشد,True,150000,15000000.0,0.01
,https://basalam.com/arzuman_seed/product/6434526,https://basalam.com/cat/tools/%D8%AE%D8%A7%DA%A9-%DA%A9%D9%88%D8%AF-%D8%B3%D9%85%D9%88%D9%85?page=22,کود کامل 10-52-10 تقویت ریشه دهی و گلدهی,True,75000,750000.0,0.1
,https://basalam.com/technoland/product/21076068,https://basalam.com/cat/tools/%D8%AE%D8%A7%DA%A9-%DA%A9%D9%88%D8%AF-%D8%B3%D9%85%D9%88%D9%85?page=22,کود سیلیکات پتاسیم ضد ورس گندم ضد سرما و ضد سرما (پس کرایه),True,420000,420000.0,1.0
,https://basalam.com/giahe-apartemani/product/22698099,https://basalam.com/cat/tools/%D8%AE%D8%A7%DA%A9-%DA%A9%D9%88%D8%AF-%D8%B3%D9%85%D9%88%D9%85?page=22,محلول کود گیاهان آپارتمانی گابریست 200cc,True,309000,,
,https://basalam.com/mohammadreza1988/product/8585229,https://basalam.com/cat/tools/%D8%AE%D8%A7%DA%A9-%DA%A9%D9%88%D8%AF-%D8%B3%D9%85%D9%88%D9%85?page=22,کود(جلبک دریایی)دکتر یشیل,True,85000,1700000.0,0.05
,https://basalam.com/abo_khak_alborz/product/8537597,https://basalam.com/cat/tools/%D8%AE%D8%A7%DA%A9-%DA%A9%D9%88%D8%AF-%D8%B3%D9%85%D9%88%D9%85?page=22,کود تقویتی فیدینگ 10 گرمی,True,230000,23000000.0,0.01
,https://basalam.com/abo_khak_alborz/product/10164790,https://basalam.com/cat/tools/%D8%AE%D8%A7%DA%A9-%DA%A9%D9%88%D8%AF-%D8%B3%D9%85%D9%88%D9%85?page=22,کود اسید آمینه بهاران پودری,True,1300000,1300000.0,1.0
,https://basalam.com/aidinshop/product/12449112,https://basalam.com/cat/tools/%D8%AE%D8%A7%DA%A9-%DA%A9%D9%88%D8%AF-%D8%B3%D9%85%D9%88%D9%85?page=22,کود NPK10 10 25 TE,True,35000,583333.3333333334,0.06
,https://basalam.com/aidinshop/product/12453334,https://basalam.com/cat/tools/%D8%AE%D8%A7%DA%A9-%DA%A9%D9%88%D8%AF-%D8%B3%D9%85%D9%88%D9%85?page=22,کود NPK20 20 20,True,35000,583333.3333333334,0.06
,https://basalam.com/soilarghavan/product/9048037,https://basalam.com/cat/tools/%D8%AE%D8%A7%DA%A9-%DA%A9%D9%88%D8%AF-%D8%B3%D9%85%D9%88%D9%85?page=22,کود تقویتی گیاهان آپارتمانی (مولتی کود),True,50000,625000.0,0.08
,https://basalam.com/soilarghavan/product/8543707,https://basalam.com/cat/tools/%D8%AE%D8%A7%DA%A9-%DA%A9%D9%88%D8%AF-%D8%B3%D9%85%D9%88%D9%85?page=22,کود تقویتی ویژه نهال،باغ و گیاهان زینتی 250سی سی جنرال پاور حاوی محرک رشد غنی شده با هیومیک اسید,True,79000,316000.0,0.25
,https://basalam.com/soilarghavan/product/5555790,https://basalam.com/cat/tools/%D8%AE%D8%A7%DA%A9-%DA%A9%D9%88%D8%AF-%D8%B3%D9%85%D9%88%D9%85?page=22,کود ورمی کمپوست ،ورمی کمپوست یک کیلو,True,22000,22000.0,1.0
,https://basalam.com/lucky_plant_ir/product/14959690,https://basalam.com/cat/tools/%D8%AE%D8%A7%DA%A9-%DA%A9%D9%88%D8%AF-%D8%B3%D9%85%D9%88%D9%85?page=22,کود ضد قارچ (450گرمی) (RICO),True,630000,1400000.0,0.45
,https://basalam.com/lucky_plant_ir/product/14941121,https://basalam.com/cat/tools/%D8%AE%D8%A7%DA%A9-%DA%A9%D9%88%D8%AF-%D8%B3%D9%85%D9%88%D9%85?page=22,کود پتاسیم (40گرمی)(RICO),True,80000,2000000.0,0.04
,https://basalam.com/lucky_plant_ir/product/14959415,https://basalam.com/cat/tools/%D8%AE%D8%A7%DA%A9-%DA%A9%D9%88%D8%AF-%D8%B3%D9%85%D9%88%D9%85?page=22,سم مایع قارچ کش (120cc),True,90000,750000.0,0.12
,https://basalam.com/digitimax/product/24244451,https://basalam.com/cat/tools/%D8%AE%D8%A7%DA%A9-%DA%A9%D9%88%D8%AF-%D8%B3%D9%85%D9%88%D9%85?page=22,کود مایع زامیفولیا تایمکس 150ml,True,160000,,
,https://basalam.com/digitimax/product/24124493,https://basalam.com/cat/tools/%D8%AE%D8%A7%DA%A9-%DA%A9%D9%88%D8%AF-%D8%B3%D9%85%D9%88%D9%85?page=22,کود مایع فیکوس تایمکس 150ml,True,160000,,
,https://basalam.com/royanclinic-birjand/product/22310541,https://basalam.com/cat/tools/%D8%AE%D8%A7%DA%A9-%DA%A9%D9%88%D8%AF-%D8%B3%D9%85%D9%88%D9%85?page=22,کود فسفیت پتاسیم IFTC اردن,True,1350000,1350000.0,1.0
,https://basalam.com/kudmod1/product/19756811,https://basalam.com/cat/tools/%D8%AE%D8%A7%DA%A9-%DA%A9%D9%88%D8%AF-%D8%B3%D9%85%D9%88%D9%85?page=22,کود مخصوص گلدهی زعفران شوک پلاس یک لیتری,True,550000,550000.0,1.0
,https://basalam.com/kudmod1/product/19756789,https://basalam.com/cat/tools/%D8%AE%D8%A7%DA%A9-%DA%A9%D9%88%D8%AF-%D8%B3%D9%85%D9%88%D9%85?page=22,کود مس 99درصد شوک پلاس امریکایی یک لیتری,True,400000,400000.0,1.0
,https://basalam.com/zarin_ko_aral/product/9298984,https://basalam.com/cat/tools/%D8%AE%D8%A7%DA%A9-%DA%A9%D9%88%D8%AF-%D8%B3%D9%85%D9%88%D9%85?page=23,کود آپارتمانی گرین مکس 1 (پس کرایه),True,95000,316666.6666666667,0.3
,https://basalam.com/zarin_ko_aral/product/6995525,https://basalam.com/cat/tools/%D8%AE%D8%A7%DA%A9-%DA%A9%D9%88%D8%AF-%D8%B3%D9%85%D9%88%D9%85?page=23,کود گارد 1 فلوریش (پس کرایه),True,320000,320000.0,1.0
,https://basalam.com/happyfarm/product/6063222,https://basalam.com/cat/tools/%D8%AE%D8%A7%DA%A9-%DA%A9%D9%88%D8%AF-%D8%B3%D9%85%D9%88%D9%85?page=23,کود جنرال هیدروپونیک باشلود 250 میلی,True,500000,2000000.0,0.25
,https://basalam.com/happyfarm/product/12979892,https://basalam.com/cat/tools/%D8%AE%D8%A7%DA%A9-%DA%A9%D9%88%D8%AF-%D8%B3%D9%85%D9%88%D9%85?page=23,کود گروتک کربومکس پودری بسته 500 گرم,True,500000,1000000.0,0.5
,https://basalam.com/evergreen.iran/product/17323899,https://basalam.com/cat/tools/%D8%AE%D8%A7%DA%A9-%DA%A9%D9%88%D8%AF-%D8%B3%D9%85%D9%88%D9%85?page=23,کود پتاس بالا و هیومیک اسید ارسال پس کرایه,True,50000,333333.3333333334,0.15
,https://basalam.com/roselina/product/9333031,https://basalam.com/cat/tools/%D8%AE%D8%A7%DA%A9-%DA%A9%D9%88%D8%AF-%D8%B3%D9%85%D9%88%D9%85?page=23,میکس سه تایی ( کودهای سه 20 ، محرک گلدهی و محرک ریشه زایی ),True,120000,800000.0,0.15
,https://basalam.com/khadamat_keshavarzi_gasemi/product/23267797,https://basalam.com/cat/tools/%D8%AE%D8%A7%DA%A9-%DA%A9%D9%88%D8%AF-%D8%B3%D9%85%D9%88%D9%85?page=23,سم سایپرمترین 40 درصد کاوش کیمیای کرمان,True,795000,,
,https://basalam.com/shimistore/product/24132609,https://basalam.com/cat/tools/%D8%AE%D8%A7%DA%A9-%DA%A9%D9%88%D8%AF-%D8%B3%D9%85%D9%88%D9%85?page=23,کود مایع روتی فرت کود مدل سیلیکات پتاسیم حجم یک لیتر( پس کرایه ),True,175000,175000.0,1.0
,https://basalam.com/khadamat_keshavarzi_gasemi/product/24549892,https://basalam.com/cat/tools/%D8%AE%D8%A7%DA%A9-%DA%A9%D9%88%D8%AF-%D8%B3%D9%85%D9%88%D9%85?page=23,سم کنه کش مهاپکی، فلونیکامید,True,390000,,
,https://basalam.com/tooskavian/product/16653703,https://basalam.com/cat/tools/%D8%AE%D8%A7%DA%A9-%DA%A9%D9%88%D8%AF-%D8%B3%D9%85%D9%88%D9%85?page=23,کود روی یاراویتا-پس کرایه,True,1015000,1015000.0,1.0
,https://basalam.com/tooskavian/product/16667228,https://basalam.com/cat/tools/%D8%AE%D8%A7%DA%A9-%DA%A9%D9%88%D8%AF-%D8%B3%D9%85%D9%88%D9%85?page=23,کود کلات منگنز یاراویتا-پس کرایه,True,726000,726000.0,1.0
,https://basalam.com/tooskavian/product/16653768,https://basalam.com/cat/tools/%D8%AE%D8%A7%DA%A9-%DA%A9%D9%88%D8%AF-%D8%B3%D9%85%D9%88%D9%85?page=23,کود بذرمال روی یاراویتا-پس کرایه,True,966000,966000.0,1.0
,https://basalam.com/tooskavian/product/16667154,https://basalam.com/cat/tools/%D8%AE%D8%A7%DA%A9-%DA%A9%D9%88%D8%AF-%D8%B3%D9%85%D9%88%D9%85?page=23,کود کلسیم و فسفر یاراویتا-پس کرایه,True,805000,805000.0,1.0
,https://basalam.com/hydroland_hydroland/product/8211307,https://basalam.com/cat/tools/%D8%AE%D8%A7%DA%A9-%DA%A9%D9%88%D8%AF-%D8%B3%D9%85%D9%88%D9%85?page=23,پک کود هیدروپونیک کریستا,True,285000,1187500.0,0.24
,https://basalam.com/toluoesabz/product/22222267,https://basalam.com/cat/tools/%D8%AE%D8%A7%DA%A9-%DA%A9%D9%88%D8%AF-%D8%B3%D9%85%D9%88%D9%85?page=23,کود نونامیک سیلیکون (سیلیکات پتاسیم مایع) (پس کرایه),True,480000,480000.0,1.0
,https://basalam.com/toluoesabz/product/22444808,https://basalam.com/cat/tools/%D8%AE%D8%A7%DA%A9-%DA%A9%D9%88%D8%AF-%D8%B3%D9%85%D9%88%D9%85?page=23,کود آهن بمب (پس کرایه),True,400000,400000.0,1.0
,https://basalam.com/toluoesabz/product/22223229,https://basalam.com/cat/tools/%D8%AE%D8%A7%DA%A9-%DA%A9%D9%88%D8%AF-%D8%B3%D9%85%D9%88%D9%85?page=23,کود پتاس بالا نیورایز 30-5-15 (پس کرایه),True,2200000,220000.0,10.0
,https://basalam.com/baghcheyeh-yass/product/16045625,https://basalam.com/cat/tools/%D8%AE%D8%A7%DA%A9-%DA%A9%D9%88%D8%AF-%D8%B3%D9%85%D9%88%D9%85?page=23,کود کلات آهن,True,38000,,
,https://basalam.com/baghcheyeh-yass/product/15963190,https://basalam.com/cat/tools/%D8%AE%D8%A7%DA%A9-%DA%A9%D9%88%D8%AF-%D8%B3%D9%85%D9%88%D9%85?page=23,کود جلبک دریایی,True,45000,,
,https://basalam.com/roselina/product/7814705,https://basalam.com/cat/tools/%D8%AE%D8%A7%DA%A9-%DA%A9%D9%88%D8%AF-%D8%B3%D9%85%D9%88%D9%85?page=23,کود آهن ( کلات آهن ),True,50000,1666666.6666666667,0.03
,https://basalam.com/roselina/product/7814164,https://basalam.com/cat/tools/%D8%AE%D8%A7%DA%A9-%DA%A9%D9%88%D8%AF-%D8%B3%D9%85%D9%88%D9%85?page=23,کود 36-12 -12 ( محرک گلدهی ),True,50000,1000000.0,0.05
,https://basalam.com/roselina/product/9333735,https://basalam.com/cat/tools/%D8%AE%D8%A7%DA%A9-%DA%A9%D9%88%D8%AF-%D8%B3%D9%85%D9%88%D9%85?page=23,میکس دوتایی ( کود آهن و کود 10-52-10 ),True,90000,1125000.0,0.08
,https://basalam.com/exiregol/product/21780134,https://basalam.com/cat/tools/%D8%AE%D8%A7%DA%A9-%DA%A9%D9%88%D8%AF-%D8%B3%D9%85%D9%88%D9%85?page=23,سم مخصوص شپشک آردآلود,True,87000,,
,https://basalam.com/khadamat_keshavarzi_gasemi/product/11763985,https://basalam.com/cat/tools/%D8%AE%D8%A7%DA%A9-%DA%A9%D9%88%D8%AF-%D8%B3%D9%85%D9%88%D9%85?page=23,کود ماکرو کامل غنی شده با هیومیک اسید 10-10-10,True,1530000,61200.0,25.0
,https://basalam.com/greenhands/product/3673417,https://basalam.com/cat/tools/%D8%AE%D8%A7%DA%A9-%DA%A9%D9%88%D8%AF-%D8%B3%D9%85%D9%88%D9%85?page=23,کود مخصوص آنتوریوم,True,70000,350000.0,0.2
,https://basalam.com/greenhands/product/3016384,https://basalam.com/cat/tools/%D8%AE%D8%A7%DA%A9-%DA%A9%D9%88%D8%AF-%D8%B3%D9%85%D9%88%D9%85?page=23,سم آیکون,True,50000,3333333.333333333,0.015
,https://basalam.com/have-health-plant-whit-tooba/product/16527866,https://basalam.com/cat/tools/%D8%AE%D8%A7%DA%A9-%DA%A9%D9%88%D8%AF-%D8%B3%D9%85%D9%88%D9%85?page=23,کود فسفر پتاسیم لرد رکورد یک لیتری,True,680000,680000.0,1.0
,https://basalam.com/have-health-plant-whit-tooba/product/14100956,https://basalam.com/cat/tools/%D8%AE%D8%A7%DA%A9-%DA%A9%D9%88%D8%AF-%D8%B3%D9%85%D9%88%D9%85?page=23,کود کامل مایع ایکس گرین فینیش250سی سی25-25-25,True,210000,840000.0,0.25
,https://basalam.com/your_mazandaran01/product/9452125,https://basalam.com/cat/tools/%D8%AE%D8%A7%DA%A9-%DA%A9%D9%88%D8%AF-%D8%B3%D9%85%D9%88%D9%85?page=23,سم تقویتی هیومیک اسید زاگرا بسته یک کیلویی,True,450000,450000.0,1.0
,https://basalam.com/pgr-hormon/product/16378233,https://basalam.com/cat/tools/%D8%AE%D8%A7%DA%A9-%DA%A9%D9%88%D8%AF-%D8%B3%D9%85%D9%88%D9%85?page=23,قرص کود 121236 (کود پتاس بالا),True,70000,,
,https://basalam.com/pichakgol/product/2622322,https://basalam.com/cat/tools/%D8%AE%D8%A7%DA%A9-%DA%A9%D9%88%D8%AF-%D8%B3%D9%85%D9%88%D9%85?page=23,پک سه عددی پتوس سبز و زعفرانی و نئون سایز 10,True,110000,78571.42857142858,1.4
,https://basalam.com/benyaminkazempour.com/product/22355178,https://basalam.com/cat/tools/%D8%AE%D8%A7%DA%A9-%DA%A9%D9%88%D8%AF-%D8%B3%D9%85%D9%88%D9%85?page=23,سم کرم کش حشره کش فوزالون,True,1380000,57500.0,24.0
,https://basalam.com/koodhamoon/product/6667882,https://basalam.com/cat/tools/%D8%AE%D8%A7%DA%A9-%DA%A9%D9%88%D8%AF-%D8%B3%D9%85%D9%88%D9%85?page=23,کود اسید هیومیک پلنت استار (ارسال به صورت پس کرایه ),True,350000,350000.0,1.0
,https://basalam.com/saraysabz1243/product/17560335,https://basalam.com/cat/tools/%D8%AE%D8%A7%DA%A9-%DA%A9%D9%88%D8%AF-%D8%B3%D9%85%D9%88%D9%85?page=23,کود مرغی غنی شده گرانول سارک کود,True,395000,15800.0,25.0
,https://basalam.com/soghatsara_nakhl_77/product/6431392,https://basalam.com/cat/tools/%D8%AE%D8%A7%DA%A9-%DA%A9%D9%88%D8%AF-%D8%B3%D9%85%D9%88%D9%85?page=23,کود کامل گیاهی سرشار از انواع مواد مغزی و نایاب,True,377000,188500.0,2.0
,https://basalam.com/soghatsara_nakhl_77/product/6430648,https://basalam.com/cat/tools/%D8%AE%D8%A7%DA%A9-%DA%A9%D9%88%D8%AF-%D8%B3%D9%85%D9%88%D9%85?page=23,کود سدیم,True,369100,369100.0,1.0
,https://basalam.com/mahsoolate_giahi_msa/product/2339433,https://basalam.com/cat/tools/%D8%AE%D8%A7%DA%A9-%DA%A9%D9%88%D8%AF-%D8%B3%D9%85%D9%88%D9%85?page=24,کود گیاهی طبیعی خالص,True,25000,50000.0,0.5
,https://basalam.com/kadivar-nahaal/product/17449598,https://basalam.com/cat/tools/%D8%AE%D8%A7%DA%A9-%DA%A9%D9%88%D8%AF-%D8%B3%D9%85%D9%88%D9%85?page=24,نهال گلدانی فالسا بری یا شربت بری 1 و نیم ساله (پس کرایه),True,250000,,
,https://basalam.com/narenjspadanadarokhane/product/9072470,https://basalam.com/cat/tools/%D8%AE%D8%A7%DA%A9-%DA%A9%D9%88%D8%AF-%D8%B3%D9%85%D9%88%D9%85?page=24,کود کلات روی 15 درصد ترکیه ای مخصوص محلول پاشی بسته بندی یک کیلوگرمی,True,790000,790000.0,1.0
,https://basalam.com/mahnahydroponics/product/13047988,https://basalam.com/cat/tools/%D8%AE%D8%A7%DA%A9-%DA%A9%D9%88%D8%AF-%D8%B3%D9%85%D9%88%D9%85?page=24,کود هیدروپونیک مایع مخصوص انواع ملون کد LMe1000,True,479000,119750.0,4.0
,https://basalam.com/mahnahydroponics/product/13052462,https://basalam.com/cat/tools/%D8%AE%D8%A7%DA%A9-%DA%A9%D9%88%D8%AF-%D8%B3%D9%85%D9%88%D9%85?page=24,کود هیدروپونیک مایع مخصوص میوه دهی کد LP100,True,169000,84500.0,2.0
,https://basalam.com/mahnahydroponics/product/4368597,https://basalam.com/cat/tools/%D8%AE%D8%A7%DA%A9-%DA%A9%D9%88%D8%AF-%D8%B3%D9%85%D9%88%D9%85?page=24,کود هیدروپونیک جامد مخصوص گوجه فرنگی و صیفی جات کد T100,True,125000,1250000.0,0.1
,https://basalam.com/mahnahydroponics/product/4368568,https://basalam.com/cat/tools/%D8%AE%D8%A7%DA%A9-%DA%A9%D9%88%D8%AF-%D8%B3%D9%85%D9%88%D9%85?page=24,کود هیدروپونیک جامد مخصوص گلدهی کد B100,True,125000,1250000.0,0.1
,https://basalam.com/mahnahydroponics/product/13052172,https://basalam.com/cat/tools/%D8%AE%D8%A7%DA%A9-%DA%A9%D9%88%D8%AF-%D8%B3%D9%85%D9%88%D9%85?page=24,کود هیدروپونیک مایع مخصوص مرحله رویشی کد LG100,True,169000,84500.0,2.0
,https://basalam.com/mahnahydroponics/product/13052214,https://basalam.com/cat/tools/%D8%AE%D8%A7%DA%A9-%DA%A9%D9%88%D8%AF-%D8%B3%D9%85%D9%88%D9%85?page=24,کود هیدروپونیک مایع هوگلند کد LH100,True,169000,84500.0,2.0
,https://basalam.com/mahnahydroponics/product/4255827,https://basalam.com/cat/tools/%D8%AE%D8%A7%DA%A9-%DA%A9%D9%88%D8%AF-%D8%B3%D9%85%D9%88%D9%85?page=24,کود هیدروپونیک جامد مخصوص دوره رویشی کد G100,True,125000,1250000.0,0.1
,https://basalam.com/aryapak_10561056/product/11286210,https://basalam.com/cat/tools/%D8%AE%D8%A7%DA%A9-%DA%A9%D9%88%D8%AF-%D8%B3%D9%85%D9%88%D9%85?page=24,سم ایکون اصلی ارگانیک جهت منازل و رستوران و کارخانه و شرکت,True,120000,1920000.0,0.0625
,https://basalam.com/bazzrak/product/21919410,https://basalam.com/cat/tools/%D8%AE%D8%A7%DA%A9-%DA%A9%D9%88%D8%AF-%D8%B3%D9%85%D9%88%D9%85?page=24,کود پودری کامل NPK 20-20-20 + TE(یک کیلویی),True,390000,390000.0,1.0
,https://basalam.com/lousian_flower/product/17698465,https://basalam.com/cat/tools/%D8%AE%D8%A7%DA%A9-%DA%A9%D9%88%D8%AF-%D8%B3%D9%85%D9%88%D9%85?page=24,زاموفیلیا ابلق. کلکسیونی. دوشاخه، مطابق تصویر، ارسال با چاپار، پست تیپاکس، هزینه با مشتری و پسکرایه,True,390000,,
,https://basalam.com/lousian_flower/product/17708901,https://basalam.com/cat/tools/%D8%AE%D8%A7%DA%A9-%DA%A9%D9%88%D8%AF-%D8%B3%D9%85%D9%88%D9%85?page=24,زاموفیلیا ابلق یا زامیفولیا، کلکسیونی. دو شاخه. ارسال با چاپار، پست یا تیپاکس انجام، هزینه با مشتری و پسکرایه,True,330000,,
,https://basalam.com/plantprotection/product/8388380,https://basalam.com/cat/tools/%D8%AE%D8%A7%DA%A9-%DA%A9%D9%88%D8%AF-%D8%B3%D9%85%D9%88%D9%85?page=24,کود ماکرو( NPK 10-10-10) غنی شده با جلبک دریایی ، اسید امینه و ماده الی,True,436000,545000.0,0.8
,https://basalam.com/nanosadra/product/12855757,https://basalam.com/cat/tools/%D8%AE%D8%A7%DA%A9-%DA%A9%D9%88%D8%AF-%D8%B3%D9%85%D9%88%D9%85?page=24,فروش کود کلاته میکروکامل خضرا پسکرایه,True,770000,770000.0,1.0
,https://basalam.com/avand-d3418/product/19891769,https://basalam.com/cat/tools/%D8%AE%D8%A7%DA%A9-%DA%A9%D9%88%D8%AF-%D8%B3%D9%85%D9%88%D9%85?page=24,کود های آپارتمانی,True,45000,450000.0,0.1
,https://basalam.com/reyhan_online/product/12996252,https://basalam.com/cat/tools/%D8%AE%D8%A7%DA%A9-%DA%A9%D9%88%D8%AF-%D8%B3%D9%85%D9%88%D9%85?page=24,سم حشره کش هگزافلومورون(کنسالت) گیاه بطری یک لیتری,True,1250000,1250000.0,1.0
,https://basalam.com/rezvanqazvin/product/24448520,https://basalam.com/cat/tools/%D8%AE%D8%A7%DA%A9-%DA%A9%D9%88%D8%AF-%D8%B3%D9%85%D9%88%D9%85?page=24,سم سوسک فاضلابی,True,80000,53333.333333333336,1.5
,https://basalam.com/rezashabanali-com/product/18608415,https://basalam.com/cat/tools/%D8%AE%D8%A7%DA%A9-%DA%A9%D9%88%D8%AF-%D8%B3%D9%85%D9%88%D9%85?page=24,کود اهن ویتاپلکس,True,485000,,
,https://basalam.com/elaroz_cosmetic/product/13264588,https://basalam.com/cat/tools/%D8%AE%D8%A7%DA%A9-%DA%A9%D9%88%D8%AF-%D8%B3%D9%85%D9%88%D9%85?page=24,ریشه شیرین بیان (بدون پوست) بار امسالی و تازه(150گرمی),True,396100,2640666.666666667,0.15
,https://basalam.com/elaroz_cosmetic/product/13265035,https://basalam.com/cat/tools/%D8%AE%D8%A7%DA%A9-%DA%A9%D9%88%D8%AF-%D8%B3%D9%85%D9%88%D9%85?page=24,ریشه شیرین بیان با کیفیت عالی، بار امسالی و تازه(100گرمی),True,256500,2565000.0,0.1
,https://basalam.com/elaroz_cosmetic/product/13265135,https://basalam.com/cat/tools/%D8%AE%D8%A7%DA%A9-%DA%A9%D9%88%D8%AF-%D8%B3%D9%85%D9%88%D9%85?page=24,گیاه مریم گلی با کیفیت عالی، بار امسالی و تازه(50گرمی),True,153100,3062000.0,0.05
,https://basalam.com/elaroz_cosmetic/product/13264323,https://basalam.com/cat/tools/%D8%AE%D8%A7%DA%A9-%DA%A9%D9%88%D8%AF-%D8%B3%D9%85%D9%88%D9%85?page=24,برگ جینکو با کیفیت عالی، بار امسالی و تازه(250گرمی ),True,1016500,4066000.0,0.25
,https://basalam.com/elaroz_cosmetic/product/13265212,https://basalam.com/cat/tools/%D8%AE%D8%A7%DA%A9-%DA%A9%D9%88%D8%AF-%D8%B3%D9%85%D9%88%D9%85?page=24,گل بابونه با کیفیت عالی، بار امسالی و تازه(50گرمی),True,189300,3786000.0,0.05
,https://basalam.com/elaroz_cosmetic/product/13264990,https://basalam.com/cat/tools/%D8%AE%D8%A7%DA%A9-%DA%A9%D9%88%D8%AF-%D8%B3%D9%85%D9%88%D9%85?page=24,پونه با کیفیت عالی، بار امسالی و تازه(50 گرمی ),True,50300,1006000.0,0.05
,https://basalam.com/elaroz_cosmetic/product/13264295,https://basalam.com/cat/tools/%D8%AE%D8%A7%DA%A9-%DA%A9%D9%88%D8%AF-%D8%B3%D9%85%D9%88%D9%85?page=24,گیاه خار مریم با کیفیت عالی، بار امسالی و تازه(750 گرمی ),True,1483400,1977866.6666666667,0.75
,https://basalam.com/elaroz_cosmetic/product/13264507,https://basalam.com/cat/tools/%D8%AE%D8%A7%DA%A9-%DA%A9%D9%88%D8%AF-%D8%B3%D9%85%D9%88%D9%85?page=24,ریشه آنغوزه با کیفیت عالی، بار امسالی و تازه(750گرمی ),True,1709600,2442285.7142857146,0.7
,https://basalam.com/elaroz_cosmetic/product/13264441,https://basalam.com/cat/tools/%D8%AE%D8%A7%DA%A9-%DA%A9%D9%88%D8%AF-%D8%B3%D9%85%D9%88%D9%85?page=24,گیاه مرزه با کیفیت عالی، بار امسالی و تازه(250گرمی ),True,718000,2872000.0,0.25
,https://basalam.com/elaroz_cosmetic/product/13264126,https://basalam.com/cat/tools/%D8%AE%D8%A7%DA%A9-%DA%A9%D9%88%D8%AF-%D8%B3%D9%85%D9%88%D9%85?page=24,استویا با کیفیت عالی، بار امسالی و تازه(250گرمی),True,1497000,5988000.0,0.25
,https://basalam.com/elaroz_cosmetic/product/13264244,https://basalam.com/cat/tools/%D8%AE%D8%A7%DA%A9-%DA%A9%D9%88%D8%AF-%D8%B3%D9%85%D9%88%D9%85?page=24,باباآدم با کیفیت عالی، بار امسالی و تازه(750 گرمی ),True,1746600,2328800.0,0.75
,https://basalam.com/elaroz_cosmetic/product/13264428,https://basalam.com/cat/tools/%D8%AE%D8%A7%DA%A9-%DA%A9%D9%88%D8%AF-%D8%B3%D9%85%D9%88%D9%85?page=24,گل گاو زبان با کیفیت عالی، بار امسالی و تازه(500گرمی ),True,5030700,10061400.0,0.5
,https://basalam.com/elaroz_cosmetic/product/13263318,https://basalam.com/cat/tools/%D8%AE%D8%A7%DA%A9-%DA%A9%D9%88%D8%AF-%D8%B3%D9%85%D9%88%D9%85?page=24,گیاه آلوئه ورا با کیفیت عالی، بار امسالی و تازه(100گرمی),True,692700,6927000.0,0.1
,https://basalam.com/elaroz_cosmetic/product/13264665,https://basalam.com/cat/tools/%D8%AE%D8%A7%DA%A9-%DA%A9%D9%88%D8%AF-%D8%B3%D9%85%D9%88%D9%85?page=24,صمغ کندر با کیفیت عالی، بار امسالی و تازه(150گرمی),True,962800,6418666.666666667,0.15
,https://basalam.com/elaroz_cosmetic/product/13264144,https://basalam.com/cat/tools/%D8%AE%D8%A7%DA%A9-%DA%A9%D9%88%D8%AF-%D8%B3%D9%85%D9%88%D9%85?page=24,الدر بری کیفیت عالی، بار امسالی و تازه(750 گرمی ),True,4691400,6255200.0,0.75
,https://basalam.com/elaroz_cosmetic/product/13269458,https://basalam.com/cat/tools/%D8%AE%D8%A7%DA%A9-%DA%A9%D9%88%D8%AF-%D8%B3%D9%85%D9%88%D9%85?page=24,گیاه آلوئه ورا با کیفیت عالی، بار امسالی و تازه(200گرمی),True,2037000,10185000.0,0.2
,https://basalam.com/elaroz_cosmetic/product/13269464,https://basalam.com/cat/tools/%D8%AE%D8%A7%DA%A9-%DA%A9%D9%88%D8%AF-%D8%B3%D9%85%D9%88%D9%85?page=24,گل مینا با کیفیت عالی، بار امسالی و تازه(100گرمی),True,3219400,32194000.0,0.1
,https://basalam.com/elaroz_cosmetic/product/13264556,https://basalam.com/cat/tools/%D8%AE%D8%A7%DA%A9-%DA%A9%D9%88%D8%AF-%D8%B3%D9%85%D9%88%D9%85?page=24,پوست اسفرزه با کیفیت عالی، بار امسالی و تازه(750گرمی ),True,6667000,8889333.333333334,0.75
,https://basalam.com/elaroz_cosmetic/product/13264556,https://basalam.com/cat/tools/%D8%AE%D8%A7%DA%A9-%DA%A9%D9%88%D8%AF-%D8%B3%D9%85%D9%88%D9%85?page=25,پوست اسفرزه با کیفیت عالی، بار امسالی و تازه(750گرمی ),True,6667000,8889333.333333334,0.75
,https://basalam.com/elaroz_cosmetic/product/13264245,https://basalam.com/cat/tools/%D8%AE%D8%A7%DA%A9-%DA%A9%D9%88%D8%AF-%D8%B3%D9%85%D9%88%D9%85?page=25,باباآدم با کیفیت عالی، بار امسالی و تازه(500گرمی),True,1164400,2328800.0,0.5
,https://basalam.com/elaroz_cosmetic/product/13265113,https://basalam.com/cat/tools/%D8%AE%D8%A7%DA%A9-%DA%A9%D9%88%D8%AF-%D8%B3%D9%85%D9%88%D9%85?page=25,گیاه گزنه با کیفیت عالی، بار امسالی و تازه(50گرمی ),True,108200,2164000.0,0.05
,https://basalam.com/elaroz_cosmetic/product/13265218,https://basalam.com/cat/tools/%D8%AE%D8%A7%DA%A9-%DA%A9%D9%88%D8%AF-%D8%B3%D9%85%D9%88%D9%85?page=25,ریشه کاسنی با کیفیت عالی، بار امسالی و تازه(100گرمی ),True,375000,3750000.0,0.1
,https://basalam.com/elaroz_cosmetic/product/13264932,https://basalam.com/cat/tools/%D8%AE%D8%A7%DA%A9-%DA%A9%D9%88%D8%AF-%D8%B3%D9%85%D9%88%D9%85?page=25,افسنطین با کیفیت عالی، بار امسالی و تازه(100 گرمی ),True,326000,3260000.0,0.1
,https://basalam.com/elaroz_cosmetic/product/13265026,https://basalam.com/cat/tools/%D8%AE%D8%A7%DA%A9-%DA%A9%D9%88%D8%AF-%D8%B3%D9%85%D9%88%D9%85?page=25,گیاه رازک با کیفیت عالی، بار امسالی و تازه(100گرمی),True,603700,6037000.0,0.1
,https://basalam.com/elaroz_cosmetic/product/13264108,https://basalam.com/cat/tools/%D8%AE%D8%A7%DA%A9-%DA%A9%D9%88%D8%AF-%D8%B3%D9%85%D9%88%D9%85?page=25,گل بابونه با کیفیت عالی، بار امسالی و تازه(500گرمی),True,722000,1444000.0,0.5
,https://basalam.com/elaroz_cosmetic/product/13264590,https://basalam.com/cat/tools/%D8%AE%D8%A7%DA%A9-%DA%A9%D9%88%D8%AF-%D8%B3%D9%85%D9%88%D9%85?page=25,گل انار با کیفیت عالی، بار امسالی و تازه(150 گرمی),True,395600,2637333.333333333,0.15
,https://basalam.com/elaroz_cosmetic/product/13264172,https://basalam.com/cat/tools/%D8%AE%D8%A7%DA%A9-%DA%A9%D9%88%D8%AF-%D8%B3%D9%85%D9%88%D9%85?page=25,افتیمون با کیفیت عالی، بار امسالی و تازه(250 گرمی),True,335200,1340800.0,0.25
,https://basalam.com/elaroz_cosmetic/product/13264222,https://basalam.com/cat/tools/%D8%AE%D8%A7%DA%A9-%DA%A9%D9%88%D8%AF-%D8%B3%D9%85%D9%88%D9%85?page=25,گل اسطوخودوس (هندی) با کیفیت عالی، بار امسالی و تازه(250 گرمی),True,1628200,6512800.0,0.25
,https://basalam.com/elaroz_cosmetic/product/13264252,https://basalam.com/cat/tools/%D8%AE%D8%A7%DA%A9-%DA%A9%D9%88%D8%AF-%D8%B3%D9%85%D9%88%D9%85?page=25,بولاغ اوتی با کیفیت عالی، بار امسالی و تازه(750 گرمی ),True,1013100,1350800.0,0.75
,https://basalam.com/elaroz_cosmetic/product/13264259,https://basalam.com/cat/tools/%D8%AE%D8%A7%DA%A9-%DA%A9%D9%88%D8%AF-%D8%B3%D9%85%D9%88%D9%85?page=25,گل بید مشک با کیفیت عالی، بار امسالی و تازه(500گرمی),True,1138800,2277600.0,0.5
,https://basalam.com/elaroz_cosmetic/product/13264581,https://basalam.com/cat/tools/%D8%AE%D8%A7%DA%A9-%DA%A9%D9%88%D8%AF-%D8%B3%D9%85%D9%88%D9%85?page=25,غنچه گل محمدی با کیفیت عالی، بار امسالی و تازه(200گرمی ),True,1267400,6337000.0,0.2
,https://basalam.com/elaroz_cosmetic/product/13264458,https://basalam.com/cat/tools/%D8%AE%D8%A7%DA%A9-%DA%A9%D9%88%D8%AF-%D8%B3%D9%85%D9%88%D9%85?page=25,گیاه گزنه با کیفیت عالی، بار امسالی و تازه(250گرمی ),True,484000,1936000.0,0.25
,https://basalam.com/elaroz_cosmetic/product/13264243,https://basalam.com/cat/tools/%D8%AE%D8%A7%DA%A9-%DA%A9%D9%88%D8%AF-%D8%B3%D9%85%D9%88%D9%85?page=25,بارهنگ با کیفیت عالی، بار امسالی و تازه(250 گرمی),True,7316900,29267600.0,0.25
,https://basalam.com/elaroz_cosmetic/product/13264628,https://basalam.com/cat/tools/%D8%AE%D8%A7%DA%A9-%DA%A9%D9%88%D8%AF-%D8%B3%D9%85%D9%88%D9%85?page=25,گل همیشه بهاربا کیفیت عالی، بار امسالی و تازه(150گرمی ),True,550300,3668666.666666667,0.15
,https://basalam.com/elaroz_cosmetic/product/13264242,https://basalam.com/cat/tools/%D8%AE%D8%A7%DA%A9-%DA%A9%D9%88%D8%AF-%D8%B3%D9%85%D9%88%D9%85?page=25,بارهنگ با کیفیت عالی، بار امسالی و تازه(500گرمی),True,12481800,24963600.0,0.5
,https://basalam.com/elaroz_cosmetic/product/13264795,https://basalam.com/cat/tools/%D8%AE%D8%A7%DA%A9-%DA%A9%D9%88%D8%AF-%D8%B3%D9%85%D9%88%D9%85?page=25,صمغ ترنجبین با کیفیت عالی، بار امسالی و تازه(150 گرمی ),True,1727800,11518666.666666668,0.15
,https://basalam.com/elaroz_cosmetic/product/13264840,https://basalam.com/cat/tools/%D8%AE%D8%A7%DA%A9-%DA%A9%D9%88%D8%AF-%D8%B3%D9%85%D9%88%D9%85?page=25,بارهنگ با کیفیت عالی، بار امسالی و تازه(150 گرمی ),True,751300,5008666.666666667,0.15
,https://basalam.com/elaroz_cosmetic/product/13264302,https://basalam.com/cat/tools/%D8%AE%D8%A7%DA%A9-%DA%A9%D9%88%D8%AF-%D8%B3%D9%85%D9%88%D9%85?page=25,برگ خرگوشک با کیفیت عالی، بار امسالی و تازه(500گرمی),True,455600,911200.0,0.5
,https://basalam.com/elaroz_cosmetic/product/13264160,https://basalam.com/cat/tools/%D8%AE%D8%A7%DA%A9-%DA%A9%D9%88%D8%AF-%D8%B3%D9%85%D9%88%D9%85?page=25,آلوئه ورا با کیفیت عالی، بار امسالی و تازه(250 گرمی),True,1592000,6368000.0,0.25
,https://basalam.com/elaroz_cosmetic/product/13265111,https://basalam.com/cat/tools/%D8%AE%D8%A7%DA%A9-%DA%A9%D9%88%D8%AF-%D8%B3%D9%85%D9%88%D9%85?page=25,گیاه گزنه با کیفیت عالی، بار امسالی و تازه(100گرمی ),True,116400,1164000.0,0.1
,https://basalam.com/elaroz_cosmetic/product/13264774,https://basalam.com/cat/tools/%D8%AE%D8%A7%DA%A9-%DA%A9%D9%88%D8%AF-%D8%B3%D9%85%D9%88%D9%85?page=25,ریشه خولنجان با کیفیت عالی، بار امسالی و تازه(150گرمی),True,940300,6268666.666666667,0.15
,https://basalam.com/elaroz_cosmetic/product/13265049,https://basalam.com/cat/tools/%D8%AE%D8%A7%DA%A9-%DA%A9%D9%88%D8%AF-%D8%B3%D9%85%D9%88%D9%85?page=25,گیاه زوفا با کیفیت عالی، بار امسالی و تازه(100گرمی),True,254100,2541000.0,0.1
,https://basalam.com/elaroz_cosmetic/product/13264674,https://basalam.com/cat/tools/%D8%AE%D8%A7%DA%A9-%DA%A9%D9%88%D8%AF-%D8%B3%D9%85%D9%88%D9%85?page=25,گل قاصدک با کیفیت عالی، بار امسالی و تازه(200گرمی),True,513500,2567500.0,0.2
,https://basalam.com/elaroz_cosmetic/product/13264427,https://basalam.com/cat/tools/%D8%AE%D8%A7%DA%A9-%DA%A9%D9%88%D8%AF-%D8%B3%D9%85%D9%88%D9%85?page=25,گل گاو زبان با کیفیت عالی، بار امسالی و تازه(750گرمی),True,6715900,8954533.333333334,0.75
,https://basalam.com/elaroz_cosmetic/product/13264146,https://basalam.com/cat/tools/%D8%AE%D8%A7%DA%A9-%DA%A9%D9%88%D8%AF-%D8%B3%D9%85%D9%88%D9%85?page=25,الدر بری با کیفیت عالی، بار امسالی و تازه(500گرمی),True,2683000,5366000.0,0.5
,https://basalam.com/elaroz_cosmetic/product/13264545,https://basalam.com/cat/tools/%D8%AE%D8%A7%DA%A9-%DA%A9%D9%88%D8%AF-%D8%B3%D9%85%D9%88%D9%85?page=25,گل اسطوخودوس ایرانی با کیفیت عالی، بار امسالی و تازه(750گرمی ),True,2483000,3310666.6666666665,0.75
,https://basalam.com/elaroz_cosmetic/product/13264356,https://basalam.com/cat/tools/%D8%AE%D8%A7%DA%A9-%DA%A9%D9%88%D8%AF-%D8%B3%D9%85%D9%88%D9%85?page=25,گیاه زوفا با کیفیت عالی، بار امسالی و تازه(750گرمی),True,2060400,2747200.0,0.75
,https://basalam.com/elaroz_cosmetic/product/13264280,https://basalam.com/cat/tools/%D8%AE%D8%A7%DA%A9-%DA%A9%D9%88%D8%AF-%D8%B3%D9%85%D9%88%D9%85?page=25,گیاه جعفری با کیفیت عالی، بار امسالی و تازه(500گرمی),True,694100,1388200.0,0.5
,https://basalam.com/elaroz_cosmetic/product/13264691,https://basalam.com/cat/tools/%D8%AE%D8%A7%DA%A9-%DA%A9%D9%88%D8%AF-%D8%B3%D9%85%D9%88%D9%85?page=25,گیاه شاهتره با کیفیت عالی، بار امسالی و تازه(150گرمی),True,183200,1221333.3333333335,0.15
,https://basalam.com/elaroz_cosmetic/product/13264547,https://basalam.com/cat/tools/%D8%AE%D8%A7%DA%A9-%DA%A9%D9%88%D8%AF-%D8%B3%D9%85%D9%88%D9%85?page=25,گل اسطوخودوس ایرانی با کیفیت عالی، بار امسالی و تازه(250 گرمی),True,1359600,5438400.0,0.25
,https://basalam.com/elaroz_cosmetic/product/13264701,https://basalam.com/cat/tools/%D8%AE%D8%A7%DA%A9-%DA%A9%D9%88%D8%AF-%D8%B3%D9%85%D9%88%D9%85?page=25,برگ سنا با کیفیت عالی، بار امسالی و تازه(200گرمی),True,318900,1594500.0,0.2
,https://basalam.com/elaroz_cosmetic/product/13264792,https://basalam.com/cat/tools/%D8%AE%D8%A7%DA%A9-%DA%A9%D9%88%D8%AF-%D8%B3%D9%85%D9%88%D9%85?page=25,گیاه جعفری با کیفیت عالی، بار امسالی و تازه(200 گرمی ),True,347000,1735000.0,0.2
,https://basalam.com/elaroz_cosmetic/product/13264755,https://basalam.com/cat/tools/%D8%AE%D8%A7%DA%A9-%DA%A9%D9%88%D8%AF-%D8%B3%D9%85%D9%88%D9%85?page=25,گیاه رازک با کیفیت عالی، بار امسالی و تازه(200گرمی),True,1207000,6035000.0,0.2
,https://basalam.com/elaroz_cosmetic/product/13264887,https://basalam.com/cat/tools/%D8%AE%D8%A7%DA%A9-%DA%A9%D9%88%D8%AF-%D8%B3%D9%85%D9%88%D9%85?page=25,فروش الدر بری (آقطی سیاه) با کیفیت عالی، بار امسالی و تازه(200گرمی),True,1207000,6035000.0,0.2
,https://basalam.com/elaroz_cosmetic/product/13269459,https://basalam.com/cat/tools/%D8%AE%D8%A7%DA%A9-%DA%A9%D9%88%D8%AF-%D8%B3%D9%85%D9%88%D9%85?page=25,گیاه آلوئه ورا با کیفیت عالی، بار امسالی و تازه(150گرمی),True,1527900,10186000.0,0.15
,https://basalam.com/elaroz_cosmetic/product/13265384,https://basalam.com/cat/tools/%D8%AE%D8%A7%DA%A9-%DA%A9%D9%88%D8%AF-%D8%B3%D9%85%D9%88%D9%85?page=25,گیاه مریم گلی با کیفیت عالی، بار امسالی و تازه(51گرمی),True,153100,2355384.6153846155,0.065
,https://basalam.com/elaroz_cosmetic/product/13265138,https://basalam.com/cat/tools/%D8%AE%D8%A7%DA%A9-%DA%A9%D9%88%D8%AF-%D8%B3%D9%85%D9%88%D9%85?page=25,گیاه مورد با کیفیت عالی، بار امسالی و تازه(50گرمی),True,61600,1232000.0,0.05
,https://basalam.com/elaroz_cosmetic/product/13265108,https://basalam.com/cat/tools/%D8%AE%D8%A7%DA%A9-%DA%A9%D9%88%D8%AF-%D8%B3%D9%85%D9%88%D9%85?page=25,صمغ کندر با کیفیت عالی، بار امسالی و تازه(100گرمی),True,631400,6314000.0,0.1
,https://basalam.com/elaroz_cosmetic/product/13265209,https://basalam.com/cat/tools/%D8%AE%D8%A7%DA%A9-%DA%A9%D9%88%D8%AF-%D8%B3%D9%85%D9%88%D9%85?page=26,غنچه گل محمدی با کیفیت عالی، بار امسالی و تازه(100گرمی ),True,603700,6037000.0,0.1
,https://basalam.com/parsiansilicagel.com/product/22720601,https://basalam.com/cat/tools/%D8%AE%D8%A7%DA%A9-%DA%A9%D9%88%D8%AF-%D8%B3%D9%85%D9%88%D9%85?page=26,کود گرانول گلوریا مخصوص گلدانهای خانگی و آپارتمانی,True,250000,,
,https://basalam.com/letkaco/product/2120524,https://basalam.com/cat/tools/%D8%AE%D8%A7%DA%A9-%DA%A9%D9%88%D8%AF-%D8%B3%D9%85%D9%88%D9%85?page=26,علفکش گندم و جو تری بنورون متیل مدل گرانستار شرکت گیاه وزن 50 گرم,True,183500,3670000.0,0.05
,https://basalam.com/letkaco/product/2930898,https://basalam.com/cat/tools/%D8%AE%D8%A7%DA%A9-%DA%A9%D9%88%D8%AF-%D8%B3%D9%85%D9%88%D9%85?page=26,سم آفات خانگی ایکون مدل 20wp وزن 50 گرم بسته 10 عددی,True,275700,393857.1428571429,0.7
,https://basalam.com/letkaco/product/8185256,https://basalam.com/cat/tools/%D8%AE%D8%A7%DA%A9-%DA%A9%D9%88%D8%AF-%D8%B3%D9%85%D9%88%D9%85?page=26,کود فسفره گیاهان اپارتمانی پلاتو مدل 10-54-10 وزن 100 گرم,True,89600,896000.0,0.1
,https://basalam.com/letkaco/product/3388677,https://basalam.com/cat/tools/%D8%AE%D8%A7%DA%A9-%DA%A9%D9%88%D8%AF-%D8%B3%D9%85%D9%88%D9%85?page=26,سم کاربندازیم سمیران مدل باویستین وزن 100 گرم,True,96200,962000.0,0.1
,https://basalam.com/letkaco/product/2123275,https://basalam.com/cat/tools/%D8%AE%D8%A7%DA%A9-%DA%A9%D9%88%D8%AF-%D8%B3%D9%85%D9%88%D9%85?page=26,سم حشره کش تری کلروفن مدل دیپترکس وزن 500 گرم,True,399000,798000.0,0.5
,https://basalam.com/letkaco/product/3388682,https://basalam.com/cat/tools/%D8%AE%D8%A7%DA%A9-%DA%A9%D9%88%D8%AF-%D8%B3%D9%85%D9%88%D9%85?page=26,سم اکسی کلرور مس سمیران مدل کوپر اکسی کلراید وزن 100 گرم,True,91000,910000.0,0.1
,https://basalam.com/sabz202020/product/23701608,https://basalam.com/cat/tools/%D8%AE%D8%A7%DA%A9-%DA%A9%D9%88%D8%AF-%D8%B3%D9%85%D9%88%D9%85?page=26,سم مار کشنده لیکوئیدفنس نسخه ترکیه لیسانس,True,720000,,
,https://basalam.com/violamarkets2020/product/12821646,https://basalam.com/cat/tools/%D8%AE%D8%A7%DA%A9-%DA%A9%D9%88%D8%AF-%D8%B3%D9%85%D9%88%D9%85?page=26,کود رویشی دراگون فایر cc250,True,180000,313043.4782608696,0.575
,https://basalam.com/violamarkets2020/product/20637644,https://basalam.com/cat/tools/%D8%AE%D8%A7%DA%A9-%DA%A9%D9%88%D8%AF-%D8%B3%D9%85%D9%88%D9%85?page=26,کود آمینو اسید 80درصد,True,25000,,
,https://basalam.com/farmagri/product/8227415,https://basalam.com/cat/tools/%D8%AE%D8%A7%DA%A9-%DA%A9%D9%88%D8%AF-%D8%B3%D9%85%D9%88%D9%85?page=26,کود NPK 20 20 20 ده کیلویی گهرزا,True,1490000,149000.0,10.0
,https://basalam.com/mahoorgol/product/11870907,https://basalam.com/cat/tools/%D8%AE%D8%A7%DA%A9-%DA%A9%D9%88%D8%AF-%D8%B3%D9%85%D9%88%D9%85?page=26,کود فسفر بالا10.52.10 NPK پودری تایمکس,True,59000,983333.3333333334,0.06
,https://basalam.com/mahoorgol/product/11846653,https://basalam.com/cat/tools/%D8%AE%D8%A7%DA%A9-%DA%A9%D9%88%D8%AF-%D8%B3%D9%85%D9%88%D9%85?page=26,کود محرک رشد ارگانیک(جلبک دریایی) کیمیا کود گواشیر,True,39000,1300000.0,0.03
,https://basalam.com/mahoorgol/product/13447469,https://basalam.com/cat/tools/%D8%AE%D8%A7%DA%A9-%DA%A9%D9%88%D8%AF-%D8%B3%D9%85%D9%88%D9%85?page=26,کود مایع ضد استرس 150 میلی لیتری تایمکس,True,77000,,
,https://basalam.com/moonstudio/product/18645724,https://basalam.com/cat/tools/%D8%AE%D8%A7%DA%A9-%DA%A9%D9%88%D8%AF-%D8%B3%D9%85%D9%88%D9%85?page=26,کود کلات آهن گرین سی,True,60000,,
,https://basalam.com/mola-ali/product/13054116,https://basalam.com/cat/tools/%D8%AE%D8%A7%DA%A9-%DA%A9%D9%88%D8%AF-%D8%B3%D9%85%D9%88%D9%85?page=26,میوه گیاه سم السمک، ماهی زهره، انامرتا، ماهی زهرج، سم الحوت، سمیرا، بعروری,True,89000,,
,https://basalam.com/golkadeh_mahtiti/product/16718364,https://basalam.com/cat/tools/%D8%AE%D8%A7%DA%A9-%DA%A9%D9%88%D8%AF-%D8%B3%D9%85%D9%88%D9%85?page=26,مانستراانجیری ابلق ( ارسال با باربری و تیپاکس و چاپار هزینه ارسال بر عهده مشتری عزیز و پس کرایه است ),True,350000,,
,https://basalam.com/qaranfil.ir/product/21411519,https://basalam.com/cat/tools/%D8%AE%D8%A7%DA%A9-%DA%A9%D9%88%D8%AF-%D8%B3%D9%85%D9%88%D9%85?page=26,کود اسید هیومیک,True,320000,,
,https://basalam.com/qaranfil.ir/product/21411629,https://basalam.com/cat/tools/%D8%AE%D8%A7%DA%A9-%DA%A9%D9%88%D8%AF-%D8%B3%D9%85%D9%88%D9%85?page=26,سم حشره کش مهان 20%,True,239800,,
,https://basalam.com/bamashimi/product/19962782,https://basalam.com/cat/tools/%D8%AE%D8%A7%DA%A9-%DA%A9%D9%88%D8%AF-%D8%B3%D9%85%D9%88%D9%85?page=26,قارچ کش و کنه کش گوگرد سمیران,True,319000,,
,https://basalam.com/biatokala/product/21430509,https://basalam.com/cat/tools/%D8%AE%D8%A7%DA%A9-%DA%A9%D9%88%D8%AF-%D8%B3%D9%85%D9%88%D9%85?page=26,سم مار کش لیکوعید فنس (پس کرایه),True,1100000,1100000.0,1.0
,https://basalam.com/biatokala/product/21431171,https://basalam.com/cat/tools/%D8%AE%D8%A7%DA%A9-%DA%A9%D9%88%D8%AF-%D8%B3%D9%85%D9%88%D9%85?page=26,سم مار کش اسنیک ای وی (پس کرایه),True,620000,620000.0,1.0
,https://basalam.com/ragafertilizer/product/4470738,https://basalam.com/cat/tools/%D8%AE%D8%A7%DA%A9-%DA%A9%D9%88%D8%AF-%D8%B3%D9%85%D9%88%D9%85?page=26,کود اوره گرین پیک مدل UREA 1000 وزن یک کیلوگرم,True,139000,139000.0,1.0
,https://basalam.com/ragafertilizer/product/4470541,https://basalam.com/cat/tools/%D8%AE%D8%A7%DA%A9-%DA%A9%D9%88%D8%AF-%D8%B3%D9%85%D9%88%D9%85?page=26,کود نیترات کلسیم گرین پیک مدل CALSIUM NITRATE 1000 وزن یک کیلوگرم,True,219000,219000.0,1.0
,https://basalam.com/ragafertilizer/product/4470761,https://basalam.com/cat/tools/%D8%AE%D8%A7%DA%A9-%DA%A9%D9%88%D8%AF-%D8%B3%D9%85%D9%88%D9%85?page=27,کود کامل زایشی و رویشی گرین پیک مدل NPK 15-05-30 وزن یک کیلوگرم,True,199000,199000.0,1.0
,https://basalam.com/koodito/product/23330811,https://basalam.com/cat/tools/%D8%AE%D8%A7%DA%A9-%DA%A9%D9%88%D8%AF-%D8%B3%D9%85%D9%88%D9%85?page=27,15بسته 24تایی کود همه کاره ارگانیک ویتامینه گیاهان (پس کرایه),True,74880000,,
,https://basalam.com/koodito/product/23330730,https://basalam.com/cat/tools/%D8%AE%D8%A7%DA%A9-%DA%A9%D9%88%D8%AF-%D8%B3%D9%85%D9%88%D9%85?page=27,10بسته 24تایی کود همه کاره ارگانیک ویتامینه گیاهان (پس کرایه),True,53040000,,
,https://basalam.com/koodito/product/10119804,https://basalam.com/cat/tools/%D8%AE%D8%A7%DA%A9-%DA%A9%D9%88%D8%AF-%D8%B3%D9%85%D9%88%D9%85?page=27,بسته پنج تایی کود همه کاره ارگانیک ویتامینه گیاهان ویژه ی نهال، باغات، صیفی و سبزیجات,True,995000,199000.0,5.0
,https://basalam.com/koodito/product/10109019,https://basalam.com/cat/tools/%D8%AE%D8%A7%DA%A9-%DA%A9%D9%88%D8%AF-%D8%B3%D9%85%D9%88%D9%85?page=27,بسته پنج تایی کود همه کاره ارگانیک ویتامینه گیاهان ویژه ی گیاهان آپارتمانی و زینتی,True,1300000,236363.63636363635,5.5
,https://basalam.com/firooze_arak/product/6440809,https://basalam.com/cat/tools/%D8%AE%D8%A7%DA%A9-%DA%A9%D9%88%D8%AF-%D8%B3%D9%85%D9%88%D9%85?page=27,کود ریشه زایی,True,15000,1000000.0,0.015
,https://basalam.com/firooze_arak/product/6440633,https://basalam.com/cat/tools/%D8%AE%D8%A7%DA%A9-%DA%A9%D9%88%D8%AF-%D8%B3%D9%85%D9%88%D9%85?page=27,کود کامل 20-20-20,True,15000,750000.0,0.02
,https://basalam.com/almase_sorkh/product/11150249,https://basalam.com/cat/tools/%D8%AE%D8%A7%DA%A9-%DA%A9%D9%88%D8%AF-%D8%B3%D9%85%D9%88%D9%85?page=27,کود کلات آهن افزایش سبزینگی گیلدا مدل 6 درصد Fe-EDDHA وزن 20 گرم,True,83000,4150000.0,0.02
,https://basalam.com/almase_sorkh/product/15503966,https://basalam.com/cat/tools/%D8%AE%D8%A7%DA%A9-%DA%A9%D9%88%D8%AF-%D8%B3%D9%85%D9%88%D9%85?page=27,بردو فیکس آریا شیمی قارچ کش و باکتری کش با اثر حفاظتی (60 سی سی - 120 سی سی),True,35000,,
,https://basalam.com/almase_sorkh/product/11141348,https://basalam.com/cat/tools/%D8%AE%D8%A7%DA%A9-%DA%A9%D9%88%D8%AF-%D8%B3%D9%85%D9%88%D9%85?page=27,کود ورمی کمپوست گیلدا وزن 100 گرم,True,40000,400000.0,0.1
,https://basalam.com/almase_sorkh/product/11150213,https://basalam.com/cat/tools/%D8%AE%D8%A7%DA%A9-%DA%A9%D9%88%D8%AF-%D8%B3%D9%85%D9%88%D9%85?page=27,کود کامل NPK افزایش رشد گیلدا کد 10-10-30 مدل نیتروژن بالا وزن 25 گرم,True,83000,3320000.0,0.025
,https://basalam.com/almase_sorkh/product/4828158,https://basalam.com/cat/tools/%D8%AE%D8%A7%DA%A9-%DA%A9%D9%88%D8%AF-%D8%B3%D9%85%D9%88%D9%85?page=27,کود تقویتی فروت ست های افکت اریا,True,670000,670000.0,1.0
,https://basalam.com/jamshidi-agri/product/21228026,https://basalam.com/cat/tools/%D8%AE%D8%A7%DA%A9-%DA%A9%D9%88%D8%AF-%D8%B3%D9%85%D9%88%D9%85?page=27,سم حشره کش سینجنتا مدل کاراته زئون حجم 250 میلی لیتر,True,1850000,,
,https://basalam.com/iran-sam/product/24648267,https://basalam.com/cat/tools/%D8%AE%D8%A7%DA%A9-%DA%A9%D9%88%D8%AF-%D8%B3%D9%85%D9%88%D9%85?page=27,سم ساس پیرانا قویترین سم موجود در بازار با لوگو اورجینال یک لیتری ارسال رایگان,True,880000,,
,https://basalam.com/aernphs/product/20330683,https://basalam.com/cat/tools/%D8%AE%D8%A7%DA%A9-%DA%A9%D9%88%D8%AF-%D8%B3%D9%85%D9%88%D9%85?page=27,کود کامل الی گرانوله,True,1038000,20760.0,50.0
,https://basalam.com/irandam/product/14046998,https://basalam.com/cat/tools/%D8%AE%D8%A7%DA%A9-%DA%A9%D9%88%D8%AF-%D8%B3%D9%85%D9%88%D9%85?page=27,سم سوسک ایکون 10 محصول انگلیس ایکون 10 اصلی سم سوسک کش و سم مورچه ایکون,True,29000,,
,https://basalam.com/muscleworm/product/1371426,https://basalam.com/cat/tools/%D8%AE%D8%A7%DA%A9-%DA%A9%D9%88%D8%AF-%D8%B3%D9%85%D9%88%D9%85?page=27,کود کیسه ای ماسل ورم کد MV020 بسته 20 عددی (پس کرایه),True,220000,2750000.0,0.08
,https://basalam.com/golkhanekochek/product/11045401,https://basalam.com/cat/tools/%D8%AE%D8%A7%DA%A9-%DA%A9%D9%88%D8%AF-%D8%B3%D9%85%D9%88%D9%85?page=27,کود هیومیک اسید,True,55000,1100000.0,0.05
,https://basalam.com/gyasa/product/15763101,https://basalam.com/cat/tools/%D8%AE%D8%A7%DA%A9-%DA%A9%D9%88%D8%AF-%D8%B3%D9%85%D9%88%D9%85?page=27,کود مایع غلیظ فسفر پتاسیم GREEN SOUL پنج لیتری,True,718000,143600.0,5.0
,https://basalam.com/gyasa/product/15768933,https://basalam.com/cat/tools/%D8%AE%D8%A7%DA%A9-%DA%A9%D9%88%D8%AF-%D8%B3%D9%85%D9%88%D9%85?page=27,کود آهن غلیظ GREEN SOUL پنج لیتری,True,718000,718000.0,1.0
,https://basalam.com/gyasa/product/15772176,https://basalam.com/cat/tools/%D8%AE%D8%A7%DA%A9-%DA%A9%D9%88%D8%AF-%D8%B3%D9%85%D9%88%D9%85?page=27,کود ویژه برای افزایش محصول+GREEN SOUL Psoul یک کیلوگرمی,True,268000,268000.0,1.0
,https://basalam.com/keshavarzikhaksari/product/21281883,https://basalam.com/cat/tools/%D8%AE%D8%A7%DA%A9-%DA%A9%D9%88%D8%AF-%D8%B3%D9%85%D9%88%D9%85?page=27,کود عصاره جلبک دریایی سیفر استار وارداتی (پس کرایه),True,650000,650000.0,1.0
,https://basalam.com/keshavarzikhaksari/product/14077912,https://basalam.com/cat/tools/%D8%AE%D8%A7%DA%A9-%DA%A9%D9%88%D8%AF-%D8%B3%D9%85%D9%88%D9%85?page=27,کود جیرلکس (جیبرلیک اسید مایع) (پس کرایه),True,400000,20000.0,20.0
,https://basalam.com/tarhokhial/product/6640833,https://basalam.com/cat/tools/%D8%AE%D8%A7%DA%A9-%DA%A9%D9%88%D8%AF-%D8%B3%D9%85%D9%88%D9%85?page=27,کود تقویت کننده سه بیست مکمل غذایی گل ها و گیاهان آپارتمانی,True,120000,600000.0,0.2
,https://basalam.com/shire_angour_takestan/product/8197120,https://basalam.com/cat/tools/%D8%AE%D8%A7%DA%A9-%DA%A9%D9%88%D8%AF-%D8%B3%D9%85%D9%88%D9%85?page=27,سم حشرات آیکون مدل ICON 10 WP جنس عالی بدون بو,True,32000,,
,https://basalam.com/gardenyar/product/3574773,https://basalam.com/cat/tools/%D8%AE%D8%A7%DA%A9-%DA%A9%D9%88%D8%AF-%D8%B3%D9%85%D9%88%D9%85?page=27,کود تخصصی ویژه گیاهان زینتی کالاته آ و کروتون,True,75000,300000.0,0.25
,https://basalam.com/palizkood/product/18236608,https://basalam.com/cat/tools/%D8%AE%D8%A7%DA%A9-%DA%A9%D9%88%D8%AF-%D8%B3%D9%85%D9%88%D9%85?page=27,کود جلبک معروف و نام آشنای یونی گلد(UNI GOLD),True,688900,1377800.0,0.5
,https://basalam.com/palizkood/product/18236059,https://basalam.com/cat/tools/%D8%AE%D8%A7%DA%A9-%DA%A9%D9%88%D8%AF-%D8%B3%D9%85%D9%88%D9%85?page=27,کود نیتروژن بالا 1-0-40 مناسب رشد رویشی و پهن برگی گیاه مدل hyper Xgreen آمریکایی,True,145900,145900.0,1.0
,https://basalam.com/palizkood/product/18630078,https://basalam.com/cat/tools/%D8%AE%D8%A7%DA%A9-%DA%A9%D9%88%D8%AF-%D8%B3%D9%85%D9%88%D9%85?page=27,کود ارگانیک گوگرد آلی آلمانی کیوسرت,True,269000,269000.0,1.0
,https://basalam.com/athar-market1321/product/23517963,https://basalam.com/cat/tools/%D8%AE%D8%A7%DA%A9-%DA%A9%D9%88%D8%AF-%D8%B3%D9%85%D9%88%D9%85?page=27,کود کلات سوپر خضرا,True,750000,,
,https://basalam.com/liankesht/product/24608329,https://basalam.com/cat/tools/%D8%AE%D8%A7%DA%A9-%DA%A9%D9%88%D8%AF-%D8%B3%D9%85%D9%88%D9%85?page=27,کود مایع شش عنصر ریز مغذی 90 میل,True,66000,,
,https://basalam.com/norouzy/product/5973994,https://basalam.com/cat/tools/%D8%AE%D8%A7%DA%A9-%DA%A9%D9%88%D8%AF-%D8%B3%D9%85%D9%88%D9%85?page=27,کود مایع کلات آهن,True,30000,300000.0,0.1
,https://basalam.com/norouzy/product/7664835,https://basalam.com/cat/tools/%D8%AE%D8%A7%DA%A9-%DA%A9%D9%88%D8%AF-%D8%B3%D9%85%D9%88%D9%85?page=27,گل طبیعی اشک تمساح متوسط و بزرگ سایز گلدان کد 3,True,120000,100000.0,1.2
,https://basalam.com/pgr-hormon/product/21162457,https://basalam.com/cat/tools/%D8%AE%D8%A7%DA%A9-%DA%A9%D9%88%D8%AF-%D8%B3%D9%85%D9%88%D9%85?page=27,پک قرص کود جوانه,True,90000,,
,https://basalam.com/giah_daru/product/12893685,https://basalam.com/cat/tools/%D8%AE%D8%A7%DA%A9-%DA%A9%D9%88%D8%AF-%D8%B3%D9%85%D9%88%D9%85?page=27,آکوبا گیاه آکوبا (شمشاد ژاپنی) Aucuba سطل سه و نیم,True,197000,nan,
