url,name,category,price,price_per_kg,amount_kg,last_price_update,is_available,created_at,last_updated
https://basalam.com/greenrose/product/11745865,خاک و کود آماده کاشت تای سیز 4 لیتری,,45000,11250.0,4.0,,True,2025-08-06 09:35:51,2025-08-10 13:44:31
https://basalam.com/arzankadeh7berke/product/17519442,خاک و کود بستر مخصوص گیاهان آبزی و میگوها اوشن فری,,1223800,nan,,,True,2025-08-06 09:35:51,2025-08-10 13:44:23
https://basalam.com/goldan.felezi/product/15077837,خاک و کود آماده کاشت 4 لیتری,,40200,10050.0,4.0,,True,2025-08-06 09:35:52,2025-08-10 13:44:33
https://basalam.com/almase_sorkh/product/11141428,خاک و کود آماده کاشت گیلدا بسته 4 لیتری,,110000,27500.0,4.0,,True,2025-08-06 09:35:52,2025-08-10 13:44:26
https://basalam.com/igool/product/16423331,خاک کود آفت کش و گلدان پلیمری پک تعویض گلدان کد 202,,499000,nan,,,True,2025-08-06 09:35:52,2025-08-10 13:44:28
https://basalam.com/goldan.felezi/product/15077689,خاک و کود آماده کاشت 20 لیتری,,181700,9085.0,20.0,,True,2025-08-06 09:35:52,2025-08-10 13:44:38
https://basalam.com/plant.kala/product/15262520,خاک کامل و کود گلدان ارگانیک و با کیفیت 5 لیتری,,40000,8000.0,5.0,,True,2025-08-06 09:35:52,2025-08-10 13:44:36
https://basalam.com/almase_sorkh/product/13788957,خاک و کود آماده کاشت گیلدا بسته 11 لیتری,,205000,18636.363636363636,11.0,,True,2025-08-06 09:35:52,2025-08-10 13:44:41
https://basalam.com/azinroyalcom/product/8802057,خاک برگ جنگلی و کود گیاهی ارگانیک شمال بسته 5 کیلویی,,75000,15000.0,5.0,,True,2025-08-06 09:35:52,2025-08-10 13:44:44
https://basalam.com/goldan.felezi/product/15077563,خاک و کود آماده کاشت 50 لیتری,,442800,8856.0,50.0,,True,2025-08-06 09:35:52,2025-08-10 13:44:49
https://basalam.com/shoayb/product/12990467,خاک گلدان.خاک.خاک گلدان.خاک و کود,,148000,nan,,,True,2025-08-06 09:35:52,2025-08-10 13:44:46
https://basalam.com/dargol1367/product/12071986,خاک و کود آماده کشت 12 لیتری (پس کرایه),,190000,15833.333333333334,12.0,,True,2025-08-06 09:35:52,2025-08-10 13:44:51
https://basalam.com/greenrose/product/11745826,خاک و کود آماده کاشت تای سیز 8 لیتری,,87000,10875.0,8.0,,True,2025-08-06 09:35:52,2025-08-10 13:44:54
https://basalam.com/greenrose/product/11745952,خاک و کود آماده کاشت تای سیز 20 لیتری,,175000,8750.0,20.0,,True,2025-08-06 09:35:52,2025-08-10 13:44:56
https://basalam.com/greenrose/product/15263385,خاک و کود آماده کاشت تای سیز 50 لیتری,,380000,7600.0,50.0,,True,2025-08-06 09:35:52,2025-08-10 13:44:59
https://basalam.com/goldan.felezi/product/15077725,خاک و کود آماده کاشت 8 لیتری,,78200,9775.0,8.0,,True,2025-08-06 09:35:52,2025-08-10 13:45:02
https://basalam.com/igool/product/16423385,خاک کود آفت کش و گلدان پلیمری پک تعویض گلدان,,499000,nan,,,True,2025-08-06 09:35:52,2025-08-10 13:45:05
https://basalam.com/golkhaneh_linda/product/18194922,خاک بهداشتی غنی شده با کود حلزون آچاتینا (پس کرایه),,110000,nan,,,True,2025-08-06 09:35:52,2025-08-10 13:45:10
https://basalam.com/abbasico94/product/20871824,خاک پیتماس (دوکیلویی) کود گیاه,,330000,nan,,,True,2025-08-06 09:35:53,2025-08-10 13:45:07
https://basalam.com/tarhokhial/product/6379740,خاک بسته بندی شده مناسب گلها و گیاهان آپارتمانی و باغچه ای,,120000,nan,,,True,2025-08-06 09:35:53,2025-08-10 13:57:38
https://basalam.com/miadchemistry/product/16886991,خاک دیاتومه و سه سم قوی برای ساس فوق قوی,,600000,nan,,,True,2025-08-06 09:35:53,2025-08-10 13:57:04
https://basalam.com/golyar-co/product/24173485,خاک فله ای گلیار 25 لیتری - پس کرایه,,483600,19344.0,25.0,,True,2025-08-06 09:35:53,2025-08-10 13:57:33
https://basalam.com/green-mile/product/17782446,خاک کامل آماده کشت تای سیز 8 لیتری,,75000,9375.0,8.0,,True,2025-08-06 09:35:53,2025-08-10 13:52:05
https://basalam.com/asilzade/product/9354932,خاک سفید مخصوص شیره انگور,,36000,nan,,,True,2025-08-06 09:35:53,2025-08-10 13:45:45
https://basalam.com/hastimahdi/product/14502188,خاک ژله ای مدل Seven Color بسته 5 عددی,,49900,nan,,,True,2025-08-06 09:35:53,2025-08-10 13:45:42
https://basalam.com/nikanart1369/product/24376282,خاک ژله ای شفاف 4 گرمی,,20000,nan,,,True,2025-08-06 09:35:53,2025-08-10 13:45:20
https://basalam.com/belife/product/13430056,خاک رس بهداشتی 200 گرم,,70000,nan,,,True,2025-08-06 09:35:53,2025-08-10 14:08:39
https://basalam.com/sabznahad/product/21713283,خاک مخصوص گلهای آپارتمانی,,83000,nan,,,True,2025-08-06 09:35:53,2025-08-10 13:45:48
https://basalam.com/golsara_parsa/product/12102974,خاک پرلیت دانه متوسط بسته بندی 2لیتری وزن 200 گرم (ارسال با پست پیشتاز)مناسب برای گیاه و حلزون,,28000,14000.0,2.0,,True,2025-08-06 09:35:53,2025-08-10 13:48:10
https://basalam.com/rafan/product/11785331,خاک گلدان,,350000,nan,,,True,2025-08-06 09:35:53,2025-08-10 13:48:52
https://basalam.com/mkt/product/5731975,خاک پبت ماس سایز بزرگ 20 لیتری سرزمین خاک,,179000,11455.0,20.0,,True,2025-08-06 09:35:53,2025-08-10 13:48:16
https://basalam.com/mkt/product/5840464,خاک سانسوریا سایز بزرگ 20 لیتری آقای خاک,,179200,11470.0,20.0,,True,2025-08-06 09:35:54,2025-08-10 13:48:47
https://basalam.com/mkt/product/5732220,خاک سانسوریا سایز متوسط 10 لیتری سرزمین خاک,,99200,12700.0,10.0,,True,2025-08-06 09:35:54,2025-08-10 13:48:42
https://basalam.com/mkt/product/5732016,خاک پیت ماس سایز متوسط 10 لیتری سرزمین خاک,,99400,12720.0,10.0,,True,2025-08-06 09:35:54,2025-08-10 13:48:24
https://basalam.com/mkt/product/5840489,خاک ورمی کمپوست سایز متوسط 10 لیتری آقای خاک,,99800,12770.0,10.0,,True,2025-08-06 09:35:54,2025-08-10 13:48:31
https://basalam.com/mkt/product/5840086,خاک برگ غنی شده سایز بزرگ 20 لیتری آقای خاک,,178500,11425.0,20.0,,True,2025-08-06 09:35:54,2025-08-10 13:48:18
https://basalam.com/mkt/product/5732669,خاک سبزی کاری سایز بزرگ 20 لیتری سرزمین خاک,,178200,11405.0,20.0,,True,2025-08-06 09:35:54,2025-08-10 13:48:29
https://basalam.com/mkt/product/8319770,خاک باغچه ی تقویت شده کیسه شده حاوی قارچ کش و NPK وزن 2 تن,,18500000,11840.0,2000.0,,True,2025-08-06 09:35:54,2025-08-10 13:48:44
https://basalam.com/mkt/product/5732323,خاک ورمی کمپوست سایز متوسط 10 لیتری سرزمین خاک,,99800,12770.0,10.0,,True,2025-08-06 09:35:54,2025-08-10 13:48:26
https://basalam.com/mkt/product/5840652,خاک سبزی کاری سایز متوسط 10 لیتری آقای خاک,,88500,11330.0,10.0,,True,2025-08-06 09:35:54,2025-08-10 13:48:21
https://basalam.com/royalnahaal/product/23521715,خاک آماده بلوبری 10 لیتری (پس کرایه),,240000,24000.0,10.0,,True,2025-08-06 09:35:54,2025-08-10 13:48:55
https://basalam.com/golsaraye_behesht/product/14581991,خاک 15 لیتری پرومکس ملکه,,275000,18333.333333333332,15.0,,True,2025-08-06 09:35:54,2025-08-10 13:48:57
https://basalam.com/montakhab.co/product/10810248,خاک مخصوص کاکتوس سبزآفرین - وزن 1.700 کیلوگرم,,45000,45000.0,1.7,,True,2025-08-06 09:35:54,2025-08-10 13:49:25
https://basalam.com/dargol1367/product/12070501,خاک سبزی کاری 4 لیتری (پس کرایه),,120000,30000.0,4.0,,True,2025-08-06 09:35:55,2025-08-10 13:45:50
https://basalam.com/dargol1367/product/12072493,خاک بن سای گیلدا 2لیتری (پس کرایه),,70000,35000.0,2.0,,True,2025-08-06 09:35:55,2025-08-10 13:45:53
https://basalam.com/hamyargol/product/19382934,خاک قلمه 3 لیتری,,70000,23333.333333333332,3.0,,True,2025-08-06 09:35:55,2025-08-10 13:45:55
https://basalam.com/kafel/product/21938606,خاک پلنت و بذر مونت کارلو اکواریوم (پس کرایه),,95000,nan,,,True,2025-08-06 09:35:55,2025-08-10 13:45:58
https://basalam.com/gol-nardouneh/product/21171,خاک سبک یک لیتری,,30000,nan,,,True,2025-08-06 09:35:55,2025-08-10 13:46:00
https://basalam.com/mahuragol/product/12684346,خاک مخصوص گلهای آپارتمانی,,50000,nan,,,True,2025-08-06 09:35:56,2025-08-10 13:46:03
https://basalam.com/sangchin1/product/5960166,خاک ژله ای رنگی 3 گرمی (بسته 5 عددی),,45000,nan,,,True,2025-08-06 09:35:56,2025-08-10 13:49:20
https://basalam.com/bgroma/product/21034807,خاک برگ بزرگ (پس کرایه) خاک سبک,,130000,nan,,,True,2025-08-06 09:35:56,2025-08-10 13:46:05
https://basalam.com/bgroma/product/21034817,خاک برگ متوسط (پس کرایه) خاک سبک,,40000,nan,,,True,2025-08-06 09:35:56,2025-08-10 13:46:08
https://basalam.com/v_329363/product/17787803,خاک ژله ای شفاف بسته های پر پنج عددی,,60000,nan,,,True,2025-08-06 09:35:56,2025-08-10 13:46:11
https://basalam.com/radin.p/product/4346510,خاک تربت شیشه ای,,12000,nan,,,True,2025-08-06 09:35:56,2025-08-10 13:49:22
https://basalam.com/danagupall/product/10384889,خاک گلدان 2 لیتری داناگوپال,,100000,50000.0,2.0,,True,2025-08-06 09:35:56,2025-08-10 13:46:13
https://basalam.com/mehdi.zamani363/product/4957386,خاک نسوز H9 درجه بالا,,340000,nan,,,True,2025-08-06 09:35:57,2025-08-10 13:46:16
https://basalam.com/minamgallery/product/13828184,خاک ژله ای رنگی بسته ی 24 عددی بسیار مرغوب,,450000,nan,,,True,2025-08-06 09:35:57,2025-08-10 13:46:18
https://basalam.com/itariegolenarges/product/8975484,خاک رس سفید 150 گرم,,165000,nan,,,True,2025-08-06 09:35:57,2025-08-10 13:46:21
https://basalam.com/golkhanekochek/product/17411814,خاک پوکه درشت,,45000,nan,,,True,2025-08-06 09:35:57,2025-08-10 13:46:30
https://basalam.com/golkhanekochek/product/10920046,خاک مخصوص سانسوریا و زاموفیلیا استریل,,100000,nan,,,True,2025-08-06 09:35:57,2025-08-10 13:45:17
https://basalam.com/liankesht/product/17685472,خاک مخصوص کشت انواع گیاهان (2 لیتری),,99000,49500.0,2.0,,True,2025-08-06 09:35:57,2025-08-10 13:46:32
https://basalam.com/atlasiha/product/23801069,خاک بستر آماده کاشت بهکام 5 لیتر,,95000,19000.0,5.0,,True,2025-08-06 09:35:57,2025-08-10 13:46:35
https://basalam.com/aqua.handmade/product/14080866,خاک رس سفید برای کرمسازی، صابونسازی، ماسک صورت، 40 گرمی,,46500,nan,,,True,2025-08-06 09:35:57,2025-08-06 13:53:32
https://basalam.com/keshmesh.karchan/product/22132819,خاکشیر ارگانیک اعلا تمیز و بدون خاک,,300000,nan,,,True,2025-08-06 09:35:57,2025-08-10 13:46:38
https://basalam.com/zerafat_shop/product/7374284,خاک بنسای 3 لیتری,,65000,21666.666666666668,3.0,,True,2025-08-06 09:35:57,2025-08-10 13:46:40
https://basalam.com/zerafat_shop/product/6215308,خاک ارکیده 3 لیتری,,75000,25000.0,3.0,,True,2025-08-06 09:35:57,2025-08-10 13:46:43
https://basalam.com/zerafat_shop/product/6404035,خاک برگ 5 لیتری سوپر,,56000,11200.0,5.0,,True,2025-08-06 09:35:58,2025-08-10 13:46:46
https://basalam.com/zerafat_shop/product/6423045,خاک برگ 8 لیتری,,55000,6875.0,8.0,,True,2025-08-06 09:35:58,2025-08-10 13:46:48
https://basalam.com/zerafat_shop/product/7356117,خاک ارکیده 3 لیتری (بسته 2 عددی),,145000,48333.333333333336,3.0,,True,2025-08-06 09:35:58,2025-08-10 13:46:51
https://basalam.com/salthalit/product/12327199,خاک اره نجاری,,29000,nan,,,True,2025-08-06 09:35:58,2025-08-10 13:46:53
https://basalam.com/muscleworm/product/7739327,خاک ساکولنت ماسل ورم 5 لیتری (پس کرایه),,130000,26000.0,5.0,,True,2025-08-06 09:35:58,2025-08-10 13:46:56
https://basalam.com/kavousianna/product/5492347,خاک وکود آماده خاک برگوکمپوست وپرلیت ترکیبی عالی,,85000,nan,,,True,2025-08-06 09:35:58,2025-08-10 13:46:59
https://basalam.com/kiyanroban/product/24247083,خاک ژله ای,,30000,nan,,,True,2025-08-06 09:35:58,2025-08-10 13:47:01
https://basalam.com/partaksoil/product/19717467,خاک هلندی پارتاک,,230000,nan,,,True,2025-08-06 09:35:58,2025-08-10 13:47:04
https://basalam.com/pingpong35/product/14784222,خاک برگ 25 کیلویی,,250000,10000.0,25.0,,True,2025-08-06 09:35:58,2025-08-10 13:47:06
https://basalam.com/keshavarzmarket/product/19176050,خاک گیاهان آپارتمانی 8 لیتر باغبان,,170000,21250.0,8.0,,True,2025-08-06 09:35:58,2025-08-10 13:47:09
https://basalam.com/mchavoosh/product/8269954,خاک کامل گلدان گیاهان آپارتمانی,,41500,nan,,,True,2025-08-06 09:35:59,2025-08-10 13:47:11
https://basalam.com/1oo1barg/product/18705703,خاک رس (بسته 200گرمی),,40000,nan,,,True,2025-08-06 09:35:59,2025-08-10 13:47:14
https://basalam.com/mmshirvani/product/14563242,خاک ژله ای رنگی,,7938,nan,,,True,2025-08-06 09:35:59,2025-08-10 13:47:17
https://basalam.com/makanshimi/product/21816109,خاک دیاتومه آرایشی بسته بندی یک کیلویی,,267000,nan,,,True,2025-08-06 09:35:59,2025-08-10 13:48:03
https://basalam.com/golden_goldon/product/9762838,خاک ژله ای 3 گرمی هفت رنگ رنگارنگ,,10000,nan,,,True,2025-08-06 09:35:59,2025-08-10 13:45:32
https://basalam.com/lavazem_janebi_talkhabi/product/7506323,خاک ژله ای رنگی مدل Seven Color،مناسب برای سبزه،گلها،گلدان آکواریوم،تنگ آب و... (ورق 20 عددی),,135000,nan,,,True,2025-08-06 09:35:59,2025-08-10 13:47:24
https://basalam.com/hastimahdi/product/10541559,خاک رس سفالگری فیروزه کد 500,,28300,nan,,,True,2025-08-06 09:35:59,2025-08-10 13:47:27
https://basalam.com/minimalshop/product/3877760,خاک ژله ای بی رنگ(خاک ژله ای سفید),,15000,nan,,,True,2025-08-06 09:35:59,2025-08-10 13:47:30
https://basalam.com/khakdaneh/product/12887475,خاک ارگانیک و طبیعی گلدان حجم 30لیتری( معادل 10 کیلو),,495000,16500.0,30.0,,True,2025-08-06 09:35:59,2025-08-10 13:48:05
https://basalam.com/rooyangol/product/20970781,خاک کاکتوس و ساکولنت رویان گل بسته 3لیتری,,65000,21666.666666666668,3.0,,True,2025-08-06 09:36:00,2025-08-10 13:47:22
https://basalam.com/taravatkhaneh/product/19520520,خاک ویژه زمیفولیا و سانسوریا، 6لیتری,,200000,33333.333333333336,6.0,,True,2025-08-06 09:36:00,2025-08-10 13:47:19
https://basalam.com/grandpa_keshavarz/product/19302767,خاک کوکوپیت سریلانکایی 75 لیتری,,650000,8666.666666666666,75.0,,True,2025-08-06 09:36:00,2025-08-10 13:47:32
https://basalam.com/grandpa_keshavarz/product/16231398,خاک پیتماس دوکیلویی,,330000,nan,,,True,2025-08-06 09:36:00,2025-08-10 13:47:35
https://basalam.com/nahal_best/product/13285182,خاک گلدان,,100000,nan,,,True,2025-08-06 09:36:00,2025-08-10 13:47:45
https://basalam.com/parlag/product/840844,خاک رس قرمز بنتونیت مخصوص ماسک صورت 360 گرم,,98000,nan,,,True,2025-08-06 09:36:00,2025-08-10 11:20:17
https://basalam.com/gol_khooneh/product/25120116,خاک برگ کیسه ای,,220000,nan,,,True,2025-08-06 09:36:00,2025-08-10 13:48:50
https://basalam.com/onlineshopeamirhosein/product/23482597,خاک ژله ای بسته 3 عددی,,54000,nan,,,True,2025-08-06 09:36:00,2025-08-10 13:47:47
https://basalam.com/gol-baan/product/19603095,خاک گلدان هلندی مخصوص گیاهان آپارتمانی+هدیه,,72000,nan,,,True,2025-08-06 09:36:00,2025-08-10 13:49:17
https://basalam.com/gojiberryfakhravar/product/21641960,خاک 10 کیلویی پرلیت دار سبک (پس کرایه),,100000,10000.0,10.0,,True,2025-08-06 09:36:01,2025-08-10 13:47:50
https://basalam.com/sarzamindata/product/15510262,خاک ژله ای بسته چهار عددی مناسب ترین خاک برای گلدان و کاشت سبزه,,21700,nan,,,True,2025-08-06 09:36:01,2025-08-10 13:47:57
https://basalam.com/giyah-atlas/product/20154690,خاک زینتی سبزآفرین مناسب گیاهان آپارتمانی 10 لیتری,,89000,8900.0,10.0,,True,2025-08-06 09:36:02,2025-08-10 13:48:00
https://basalam.com/kohyarpelastic/product/7511711,خاک انداز,,35000,nan,,,True,2025-08-06 09:36:02,2025-08-10 13:47:52
https://basalam.com/hossen.haslam/product/10143462,خاک ژله ای بسته 20تایی,,125000,nan,,,True,2025-08-06 09:36:02,2025-08-10 13:47:40
https://basalam.com/cafegoll_com/product/4049538,خاک بنفشه آفریقایی (پس کرایه),,17100,nan,,,True,2025-08-06 09:36:02,2025-08-10 13:49:07
https://basalam.com/cafegoll_com/product/5107839,خاک قلمه گیاهان آپارتمانی(کوکوپیت و پرلیت ) (پس کرایه),,19800,nan,,,True,2025-08-06 09:36:02,2025-08-10 13:49:15
https://basalam.com/cafegoll_com/product/5190773,خاک کوکوچیپس بسته ی یک لیتری (پس کرایه),,35100,nan,,,True,2025-08-06 09:36:02,2025-08-10 13:49:12
https://basalam.com/cafegoll_com/product/8662252,خاک مخصوص گیاهان آپارتمانی کوکوپیت، پرلیت ،پیت ماس و.. (پس کرایه),,85500,nan,,,True,2025-08-06 09:36:02,2025-08-10 13:45:15
https://basalam.com/cafegoll_com/product/4092907,خاک سانسوریا و زاموفیلیا ( حرفه ای ) (پس کرایه),,26100,nan,,,True,2025-08-06 09:36:03,2025-08-10 13:49:02
https://basalam.com/cafegoll_com/product/4049563,خاک پیت ماس کیفیت عالی (پس کرایه),,35100,nan,,,True,2025-08-06 09:36:03,2025-08-10 13:49:10
https://basalam.com/cafegoll_com/product/4062904,خاک قلمه گیاهان آپارتمانی (پس کرایه),,22500,nan,,,True,2025-08-06 09:36:03,2025-08-10 13:49:05
https://basalam.com/atari-gol-narges707/product/18290911,خاک رس قهوه ای 200 گرم,,160000,nan,,,True,2025-08-06 09:36:03,2025-08-10 13:47:55
https://basalam.com/momtazplant/product/1608607,خاک کامل(10 لیتری),,375000,37500.0,10.0,,True,2025-08-06 09:36:03,2025-08-10 13:47:37
https://basalam.com/starmasho/product/11176939,خاک انحصاری تقویتی انواع گل و مزارع و حلزون طبی,,130000,nan,,,True,2025-08-06 09:36:03,2025-08-10 11:19:40
https://basalam.com/hamoon_chem/product/12284248,خاک دیاتومه درجه یک (1KG) برای از بین بردن ساس و حشرات (پس کرایه),,350000,350000.0,1.0,,True,2025-08-06 09:36:03,2025-08-10 13:45:22
https://basalam.com/novinkeshtsepahan/product/13142884,خاک کوکوپیت قالبی هلندی 5 کیلوگرم (70 لیتری),,570000,114000.0,5.0,,True,2025-08-06 09:36:03,2025-08-10 13:47:42
https://basalam.com/plascoo_pooria/product/6880556,خاک انداز دورنگ متوسط طاها پلاستیک در خانه مدرن,,27000,nan,,,,2025-08-06 09:36:04,2025-08-06 11:41:14
https://basalam.com/spiruface/product/1105750,خاک رس بنتونیت گوهر سبز,,120000,nan,,,True,2025-08-06 09:36:04,2025-08-10 13:52:08
https://basalam.com/mkt/product/5840626,خاک بسترکشت سایز بزرگ 20 لیتری آقای خاک,,158000,10110.0,20.0,,True,2025-08-06 09:36:04,2025-08-10 13:53:02
https://basalam.com/mkt/product/5839959,خاک برگ غنی شده سایز متوسط 10 لیتری آقای خاک,,98500,12610.0,10.0,,True,2025-08-06 09:36:04,2025-08-10 13:53:07
https://basalam.com/mkt/product/8320408,خاک باغچه ی تقویت شده کیسه شده حاوی قارچ کش و NPK وزن 500 کیلوگرم (یک متر مکعب),,4850000,12416.0,500.0,,True,2025-08-06 09:36:04,2025-08-10 13:53:04
https://basalam.com/mkt/product/5840204,خاک باغچه سایز متوسط 10 لیتری آقای خاک,,99000,12670.0,10.0,,True,2025-08-06 09:36:04,2025-08-10 13:52:51
https://basalam.com/mkt/product/5840236,خاک باغچه سایز بزرگ 20 لیتری آقای خاک,,178900,11450.0,20.0,,True,2025-08-06 09:36:04,2025-08-10 13:53:09
https://basalam.com/mkt/product/5301452,خاک گلدان سایز بزرگ 20 لیتری سرزمین خاک,,178000,11390.0,20.0,,True,2025-08-06 09:36:05,2025-08-10 13:52:59
https://basalam.com/golsara_parsa/product/12103116,خاک گیاهان آپارتمانی خاک برگ بلوط پوسیده و قارچ کش خورده بسته2کیلویی,,66000,33000.0,2.0,,True,2025-08-06 09:36:05,2025-08-10 13:52:13
https://basalam.com/golsaraye_behesht/product/14743473,خاک بنفشه آفریقایی2لیتری ملکه,,95000,47500.0,2.0,,True,2025-08-06 09:36:05,2025-08-10 13:52:20
https://basalam.com/golsaraye_behesht/product/14243399,خاک ترکیبی 25لیتری ملکه,,295000,11800.0,25.0,,True,2025-08-06 09:36:05,2025-08-10 13:52:23
https://basalam.com/golsaraye_behesht/product/14243213,خاک ترکیبی7لیتری ملکه,,135000,19285.714285714286,7.0,,True,2025-08-06 09:36:05,2025-08-10 13:52:26
https://basalam.com/ciity_toys/product/13803519,خاک ژله ای رنگی 30 عددی,,263400,nan,,,True,2025-08-06 09:36:05,2025-08-10 13:53:27
https://basalam.com/lili77/product/22310942,خاک مخصوص بنفشه آفریقایی کیفیت عالی (پس کرایه),,250000,nan,,,True,2025-08-06 09:36:05,2025-08-10 13:49:28
https://basalam.com/flowerpeyk/product/4304123,خاک مخصوص گیاهان اپارتمانی,,130000,nan,,,True,2025-08-06 09:36:05,2025-08-10 13:49:30
https://basalam.com/exiregol/product/21775276,خاک کامل گل های آپارتمانی اکسیرگل 10 لیتری,,380000,38000.0,10.0,,True,2025-08-06 09:36:06,2025-08-10 13:49:33
https://basalam.com/plasko_taha1401/product/7709744,خاک انداز حلبی کیفیت عالی,,35000,nan,,,True,2025-08-06 09:36:06,2025-08-10 13:49:35
https://basalam.com/atari_aleyasin2/product/2884084,خاک رس (کیلویی),,150000,nan,,,,2025-08-06 09:36:06,2025-08-06 11:41:37
https://basalam.com/hamyargol/product/18904870,خاک آماده 25 لیتری با فرمول عمومی,,180000,7200.0,25.0,,True,2025-08-06 09:36:06,2025-08-10 13:49:38
https://basalam.com/happylandsaghez/product/13952220,خاک ژله ای,,15000,nan,,,True,2025-08-06 09:36:06,2025-08-10 13:49:41
https://basalam.com/soilarghavan/product/10165569,خاک قلمه زنی,,40000,nan,,,True,2025-08-06 09:36:06,2025-08-10 13:49:43
https://basalam.com/soilarghavan/product/3053519,خاک بنفشه آفریقایی,,48000,nan,,,True,2025-08-06 09:36:06,2025-08-10 13:49:46
https://basalam.com/g-pedari/product/21679906,خاک گل,,33000,nan,,,True,2025-08-06 09:36:07,2025-08-10 13:49:48
https://basalam.com/baghcheyeh-yass/product/19626593,خاک کوکوپیت,,56000,nan,,,True,2025-08-06 09:36:07,2025-08-10 13:49:51
https://basalam.com/baghcheyeh-yass/product/24511779,خاک ارکیده,,125000,nan,,,True,2025-08-06 09:36:07,2025-08-10 13:49:53
https://basalam.com/goldooneye_zendegi/product/7303535,خاک مخصوص کاکتوس ،ساکولنت ،سانسوریا (یک لیتر)(با حداقل 250 تومن خرید از غرفمون ب نفع هردومون میشه)(هزینه پسکرایه),,25000,nan,,,True,2025-08-06 09:36:07,2025-08-10 13:49:56
https://basalam.com/greenland.flower/product/8857072,خاک مخصوص ارکیده بسته 3 لیتری,,102800,34266.666666666664,3.0,,True,2025-08-06 09:36:07,2025-08-10 13:53:17
https://basalam.com/sangchin1/product/5960367,خاک ژله ای رنگی 3 گرمی ( بسته 3 عددی )جمعا حدود 9 گرم,,27000,nan,,,True,2025-08-06 09:36:07,2025-08-10 13:53:12
https://basalam.com/arzankadeh7berke/product/17519690,خاک پلنت مدل نیچر پرمیوم وزن 500 گرم به همراه بذر چمن,,248800,nan,,,True,2025-08-06 09:36:07,2025-08-10 13:49:58
https://basalam.com/sadhu/product/10959941,خاک معطر رایحه پارادایز (بهشت),,287000,nan,,,True,2025-08-06 09:36:07,2025-08-10 13:50:01
https://basalam.com/agnessoil/product/18616146,خاک کاکتوس و ساکولنت آگنس 3 لیتری,,120000,40000.0,3.0,,True,2025-08-06 09:36:08,2025-08-10 13:50:03
https://basalam.com/nikobazrir/product/22108259,خاک ژله ای رنگی 24 عددی,,180000,nan,,,True,2025-08-06 09:36:08,2025-08-10 13:52:15
https://basalam.com/v_329363/product/17668570,خاک ژله ای قرمز یکدست بسته پر,,15000,nan,,,True,2025-08-06 09:36:08,2025-08-10 13:50:06
https://basalam.com/zerafat-shop/product/22397009,خاک رس درجه یک ظرافت 1 کیلویی,,85000,85000.0,1.0,,True,2025-08-06 09:36:09,2025-08-10 13:50:08
https://basalam.com/sabzgostaran1/product/8662408,خاک برگ پوسیده شده (پس کرایه),,75000,nan,,,True,2025-08-06 09:36:09,2025-08-10 13:52:49
https://basalam.com/somo/product/16962883,خاک ژله ای بی رنگ,,10000,nan,,,True,2025-08-06 09:36:09,2025-08-10 13:53:14
https://basalam.com/almase_sorkh/product/13788551,خاک سانسوریا و زاموفیلیا گیلدا مدل SZ04 حجم 4 لیتر,,130000,32500.0,4.0,,True,2025-08-06 09:36:10,2025-08-10 13:50:11
https://basalam.com/almase_sorkh/product/11141652,خاک سانسوریا و زاموفیلیا گیلدا مدل SZ2 حجم 2 لیتر,,90000,45000.0,2.0,,True,2025-08-06 09:36:10,2025-08-10 13:50:13
https://basalam.com/pakhsheomdehhosna/product/16851296,خاک ژله ای زیر سیگاری لاکچریNano White وارداتی اصلی با ارسال رایگان,,99000,nan,,,True,2025-08-06 09:36:10,2025-08-10 13:50:16
https://basalam.com/golsaraye_behesht/product/14743693,خاک کاکتوس7لیتری ملکه,,115000,16428.571428571428,7.0,,True,2025-08-06 09:36:10,2025-08-10 13:52:28
https://basalam.com/oranooss/product/12014165,خاک ژله ای رنگی و سفید رنگی 7000 تومان خاک ژله ای سفید 10000 تومان,,7000,nan,,,True,2025-08-06 09:36:10,2025-08-10 13:52:18
https://basalam.com/golkhanekochek/product/17411864,خاک پوکه متوسط,,40000,nan,,,True,2025-08-06 09:36:10,2025-08-10 13:50:18
https://basalam.com/sobhan_gh91/product/15430318,خاک مخصوص small,,5000,nan,,,True,2025-08-06 09:36:11,2025-08-10 13:50:21
https://basalam.com/mazraehalazon/product/5575315,خاک حلزون کوکوپیت غنی شده و ضد کرم و حشره مخصوص حلزون به میزان 1 کیلو گرم,,195000,195000.0,1.0,,True,2025-08-06 09:36:11,2025-08-10 13:52:03
https://basalam.com/hamoon_chem/product/13721913,خاک دیاتومه امریکایی 1KG (ارسال به صورت پس کرایه),,425000,425000.0,1.0,,True,2025-08-06 09:36:11,2025-08-10 13:50:23
https://basalam.com/bazrnemooneh/product/8000258,خاک مناسب کاشت زعفران در بسته بندی(5 کیلو گرمی)تهیه شده از دشت های بکر زاوه تربت,,50000,10000.0,5.0,,True,2025-08-06 09:36:11,2025-08-10 13:50:26
https://basalam.com/chenaniyousof/product/10121553,خاک گیاهان آپارتمانی نیم کیلو برای گیاهان بسیار مناسب است,,25000,nan,,,True,2025-08-06 09:36:11,2025-08-10 13:50:28
https://basalam.com/hakkim_att/product/8365644,خاک رس طبی، برای پوستهای مرطوب,,29500,nan,,,True,2025-08-06 09:36:11,2025-08-10 13:50:31
https://basalam.com/atarizeytoon/product/15339169,خاک رس بهداشتی (بسته ی 120گرمی) مناسب ماسک صورت,,50000,nan,,,True,2025-08-06 09:36:11,2025-08-10 13:50:33
https://basalam.com/seman_land/product/20181818,خاک ژله ای شفاف تیله ای,,9000,nan,,,True,2025-08-06 09:36:12,2025-08-10 13:50:36
https://basalam.com/roghandoon/product/1110158,خاک رس سبز (پوست معمولی),,123200,nan,,,True,2025-08-06 09:36:12,2025-08-10 13:50:38
https://basalam.com/ekrami/product/430180,خاک رس بنتونیت مناسب انواع پوست,,90000,nan,,,True,2025-08-06 09:36:12,2025-08-10 13:50:41
https://basalam.com/golator/product/21227534,خاک سنگین اُرس,,129000,nan,,,True,2025-08-06 09:36:12,2025-08-10 13:50:48
https://basalam.com/saeedgol/product/22236257,خاک زاموفیلیا 5 لیتری ملکه,,118000,23600.0,5.0,,True,2025-08-06 09:36:12,2025-08-10 13:50:51
https://basalam.com/flowerland8489/product/7021344,خاک حرفه ای بستر کشت تخصصی انواع گیاهان آپارتمانی 3لیتری,,82000,27333.333333333332,3.0,,True,2025-08-06 09:36:12,2025-08-10 13:50:53
https://basalam.com/golyar-co/product/23613820,خاک گلدان گلیار - مخصوص گیاهان آپارتمانی (8 لیتر) - پس کرایه,,167500,20937.5,8.0,,True,2025-08-06 09:36:13,2025-08-10 13:53:22
https://basalam.com/tirafel/product/15571213,خاک گیاهان آپارتمانی کوکوپیت، پرلیت ،پیت ماس و.. 10 لیتری,,120000,12000.0,10.0,,True,2025-08-06 09:36:13,2025-08-10 13:50:56
https://basalam.com/tirafel/product/15571157,خاک گیاهان آپارتمانی کوکوپیت، پرلیت ،پیت ماس و.. 5 لیتری,,75000,15000.0,5.0,,True,2025-08-06 09:36:13,2025-08-10 13:50:59
https://basalam.com/abarplant/product/20128657,خاک مخصوص گیاهان آپارتمانی,,99000,nan,,,True,2025-08-06 09:36:13,2025-08-10 13:51:01
https://basalam.com/amirhosein_kh/product/6551581,خاک پلنت لحظه بسته نیم کیلویی,,48000,nan,,,True,2025-08-06 09:36:13,2025-08-10 13:51:04
https://basalam.com/atlasiha/product/23808878,خاک کاکتوس گیلدا 1 لیتر,,190000,190000.0,1.0,,True,2025-08-06 09:36:13,2025-08-10 13:52:34
https://basalam.com/atlasiha/product/23807831,خاک سبزیجات گیلدا 4 لیتر,,300000,75000.0,4.0,,True,2025-08-06 09:36:14,2025-08-10 13:51:07
https://basalam.com/miadshimii/product/20248277,خاک دیاتومه برای دفع حشرات موزی 100گرمی,,160000,nan,,,True,2025-08-06 09:36:14,2025-08-10 13:53:25
https://basalam.com/baaghebehesht/product/16683986,خاک مخصوص دراگون فروت(پسکرایه) 3 کیلو توضیحات,,120000,40000.0,3.0,,True,2025-08-06 09:36:14,2025-08-10 13:51:09
https://basalam.com/pardisangolkade/product/7391290,خاک بنفشه آفریقایی(4 لیتری)(حاوی پیت ماس) (پس کرایه),,150000,37500.0,4.0,,True,2025-08-06 09:36:14,2025-08-10 13:51:12
https://basalam.com/zerafat_shop/product/6423311,خاک برگ 16 لیتری,,79000,4937.5,16.0,,True,2025-08-06 09:36:14,2025-08-10 13:51:14
https://basalam.com/zerafat_shop/product/7404244,خاک کاکتوس سوپر 5 لیتری (بسته 2 عددی),,139000,27800.0,5.0,,True,2025-08-06 09:36:14,2025-08-10 13:51:17
https://basalam.com/zerafat_shop/product/7394496,خاک کاکتوس سوپر 3 لیتری (بسته 3 عددی),,149000,49666.666666666664,3.0,,True,2025-08-06 09:36:15,2025-08-10 13:51:20
https://basalam.com/shafa313/product/17204508,خاک شیر محلی,,250000,nan,,,True,2025-08-06 09:36:15,2025-08-10 13:53:20
https://basalam.com/sefidab/product/1600465,خاک رس سفید طب,,500000,nan,,,True,2025-08-06 09:36:15,2025-08-10 13:51:22
https://basalam.com/parichehr.com/product/19271831,خاک رس بنتونیت 1 کیلویی,,290000,290000.0,1.0,,True,2025-08-06 09:36:15,2025-08-10 13:51:25
https://basalam.com/khakdaneh/product/17205343,خاک مخصوص سبزیکاری خاک دانه 3لیتری,,129000,43000.0,3.0,,True,2025-08-06 09:36:15,2025-08-10 13:51:28
https://basalam.com/rooyangol/product/20970531,خاک مخصوص زاموفیلیا و سانسوریا رویان گل بسته 2لیتری,,115000,57500.0,2.0,,True,2025-08-06 09:36:15,2025-08-10 13:51:31
https://basalam.com/hastimahdi/product/14502353,خاک ژله ای مدل A2 بسته 15 عددی,,149000,nan,,,True,2025-08-06 09:36:16,2025-08-10 13:51:34
https://basalam.com/mitibook/product/18195774,خاک ژله ای,,10000,nan,,,True,2025-08-06 09:36:16,2025-08-10 13:51:36
https://basalam.com/kalaseman1/product/21502037,خاک اره مدل sawdust وزن 3 کیلوگرم,,120000,40000.0,3.0,,True,2025-08-06 09:36:16,2025-08-10 13:51:39
https://basalam.com/giyah-atlas/product/20313699,خاک زینتی سبزآفرین مناسب گیاهان آپارتمانی 4 لیتری,,55800,13950.0,4.0,,True,2025-08-06 09:36:16,2025-08-10 13:51:41
https://basalam.com/mkt/product/5839440,خاک گلدان سایز بزرگ 20 لیتری آقای خاک,,178000,11390.0,20.0,,True,2025-08-06 09:36:16,2025-08-10 13:45:25
https://basalam.com/linne/product/6973449,خاک برگ ضدعفونی شده 50 لیتری,,250000,5000.0,50.0,,True,2025-08-06 09:36:16,2025-08-10 13:51:44
https://basalam.com/cafegoll_com/product/4059727,خاک گیاه هویا کیفیت عالی (پس کرایه),,26100,nan,,,True,2025-08-06 09:36:17,2025-08-10 13:53:35
https://basalam.com/cafegoll_com/product/5190862,خاک کوکوپیت بسته ی یک لیتری (پس کرایه),,17100,nan,,,True,2025-08-06 09:36:17,2025-08-10 13:53:38
https://basalam.com/starmasho/product/10656022,خاک ترکیبی،پرلیت متوسط انواع گل،مزارع،کاشت،حلزون,,130000,nan,,,True,2025-08-06 09:36:18,2025-08-10 13:52:44
https://basalam.com/starmasho/product/12325147,خاک فوق اقتصادی اختصاصی گل و گیاه و مزارع و حلزون,,130000,nan,,,True,2025-08-06 09:36:18,2025-08-10 13:52:39
https://basalam.com/starmasho/product/10821720,خاک آنتی باکتریال کاشت سبزی،گیاهان زینتی،حلزون طبی,,55000,nan,,,True,2025-08-06 09:36:18,2025-08-10 13:52:41
https://basalam.com/starmasho/product/11991638,خاک آنتی باکتریال،کاشت سبزی،گیاهان،حلزون طبی,,130000,nan,,,True,2025-08-06 09:36:18,2025-08-10 13:52:36
https://basalam.com/golestankala/product/2407904,خاک انداز,,25000,nan,,,True,2025-08-06 09:36:19,2025-08-10 13:52:46
https://basalam.com/shaliizeh/product/7631377,خاک رس قهوه ای مناسب پوست. لایه بردار پوست 200 گرم,,160000,nan,,,True,2025-08-06 09:36:20,2025-08-10 13:51:49
https://basalam.com/shaliizeh/product/7631330,خاک رس سفید مناسب پوست نرمال و مختلط 200 گرم,,160000,nan,,,True,2025-08-06 09:36:20,2025-08-10 13:51:52
https://basalam.com/organik.shop/product/22317094,خاک رس پوست خشک,,82500,nan,,,True,2025-08-06 09:36:20,2025-08-10 13:51:58
https://basalam.com/gol-baan/product/19657818,خاک قلمه زنی 3 لیتری,,35000,11666.666666666666,3.0,,True,2025-08-06 09:36:20,2025-08-10 13:52:00
https://basalam.com/sunflovver1/product/21299406,خاک مخصوص هویا حجم 3 لیتری,,120000,40000.0,3.0,,True,2025-08-06 09:36:21,2025-08-10 13:52:10
https://basalam.com/yadyaran/product/11224038,خاک تیمم,,70000,nan,,,True,2025-08-06 09:36:21,2025-08-10 13:56:26
https://basalam.com/mkt/product/5731529,خاک برگ غنی شده سایز متوسط 10 لیتری سرزمین خاک,,98500,12610.0,10.0,,True,2025-08-06 09:36:21,2025-08-10 13:56:42
https://basalam.com/mkt/product/8320537,خاک ویژه روف گاردن حاوی قارچ کش و NPK وزن 2000 کیلوگرم (4 متر مکعب),,18750000,12000.0,2000.0,,True,2025-08-06 09:36:21,2025-08-10 13:56:45
https://basalam.com/mazraehalazon/product/16514546,خاک حلزون کوکوپیت خشک و بدون الیاف سریلانکا ، مناسب گیاه و حلزون 100 عددی,,45000000,nan,,,True,2025-08-06 09:36:21,2025-08-10 13:56:53
https://basalam.com/sabzbad/product/21248929,خاک مخصوص سبزی و صیفی,,97000,nan,,,True,2025-08-06 09:36:22,2025-08-10 13:56:29
https://basalam.com/golsaraye_behesht/product/15197160,خاک هلندی ملکه,,95000,nan,,,True,2025-08-06 09:36:22,2025-08-10 13:57:11
https://basalam.com/golsara_parsa/product/11040045,خاک برگ و پرلیت ترکیب شده بسته بندی6 لیتری 3 کیلویی خاک برگ پوسیده (ارسال با پست پیشتاز),,82000,13666.666666666666,6.0,,True,2025-08-06 09:36:22,2025-08-10 13:56:32
https://basalam.com/montakhab.co/product/4402572,خاک برگ ارگانیک سبز آفرین - 4 کیلویی,,95000,23750.0,4.0,,True,2025-08-06 09:36:22,2025-08-10 13:57:01
https://basalam.com/ruyangosar/product/5926105,خاک پرلیت دار 15 لیتری دردانه,,135000,9000.0,15.0,,True,2025-08-06 09:36:22,2025-08-10 13:53:40
https://basalam.com/delbarg/product/23882048,خاک استریل آپارتمانی درجه 1,,230000,nan,,,True,2025-08-06 09:36:22,2025-08-10 13:53:43
https://basalam.com/gool_kade_hoya/product/5106989,خاک هویا ، خاک تخصصی فروشگاه ارکیده خونه,,120000,nan,,,True,2025-08-06 09:36:23,2025-08-10 13:53:51
https://basalam.com/ashpz/product/6175865,خاک انداز,,80000,nan,,,True,2025-08-06 09:36:23,2025-08-10 13:54:01
https://basalam.com/wwwdarmangariir/product/23352102,خاک ممتاز گل آپارتمانی (پس کرایه),,90000,nan,,,,2025-08-06 09:36:23,2025-08-06 11:43:42
https://basalam.com/ofpyw4050rtofhpyeoo/product/24251902,خاک مناسب تمام گیاهاناپرتمانی و غیره خاک عالی و درجه یک,,10000,nan,,,True,2025-08-06 09:36:23,2025-08-10 13:53:48
https://basalam.com/royagolspadan/product/12680627,خاک مخصوص دراگون فروت هزینه ارسال بصورت پس کرایه و بعهده مشتری می باشد,,120000,nan,,,True,2025-08-06 09:36:23,2025-08-10 13:56:50
https://basalam.com/rooyesh-sabz/product/20113108,خاک ژله ای مدل بی رنگ وزن 15 گرم,,84000,nan,,,True,2025-08-06 09:36:24,2025-08-10 13:56:56
https://basalam.com/atari_aleyasin2/product/2884077,خاک رس (50گرمی),,10000,nan,,,True,2025-08-06 09:36:24,2025-08-10 13:53:45
https://basalam.com/dargol1367/product/12072171,خاک آماده کشت گیلدا 4 لیتری (پس کرایه),,120000,30000.0,4.0,,True,2025-08-06 09:36:24,2025-08-10 13:53:53
https://basalam.com/dargol1367/product/12072761,خاک کاکتوس یک لیتری گیلدا (پس کرایه),,50000,nan,,,True,2025-08-06 09:36:24,2025-08-10 13:53:56
https://basalam.com/dargol1367/product/12074125,خاک برگ گیلدا 4 لیتری (پس کرایه),,100000,25000.0,4.0,,True,2025-08-06 09:36:24,2025-08-10 13:53:58
https://basalam.com/kafel/product/21856783,خاک ارکیده 4 لیتری (پس کرایه),,155000,38750.0,4.0,,True,2025-08-06 09:36:25,2025-08-10 13:54:06
https://basalam.com/mahurazibaei/product/17147837,خاک کاکتوس خاک مخصوص,,35000,nan,,,True,2025-08-06 09:36:25,2025-08-10 13:56:37
https://basalam.com/khakahoo/product/24535397,خاک گیاهان آپارتمانی آهو 23 لیتری,,667000,29000.0,23.0,,True,2025-08-06 09:36:25,2025-08-10 13:54:09
https://basalam.com/baghcheyeh-yass/product/19999299,خاک پیتماس,,110000,nan,,,True,2025-08-06 09:36:25,2025-08-10 13:54:04
https://basalam.com/v_329363/product/17668668,خاک ژله ای قرمز بسته های پر سه عددی,,40000,nan,,,True,2025-08-06 09:36:25,2025-08-10 13:54:12
https://basalam.com/v_329363/product/18376663,خاک ژله ای قرمز یکدست بسته های پر پنج عددی,,60000,nan,,,True,2025-08-06 09:36:26,2025-08-10 13:54:14
https://basalam.com/v_329363/product/16891624,خاک ژله ای شفاف بی رنگ بسته های پر سه عددی,,40000,nan,,,True,2025-08-06 09:36:26,2025-08-10 13:54:17
https://basalam.com/v_329363/product/18692599,خاک ژله ای چهار عددی شفاف و قرمز بسته های پر,,50000,nan,,,True,2025-08-06 09:36:26,2025-08-10 13:54:19
https://basalam.com/danagupall/product/9908728,خاک گلدان اپارتمانی 5 لیتری داناگوپال ( حجم 5 لیتر معادل 3 کیلوگرم میباشد),,235000,47000.0,5.0,,True,2025-08-06 09:36:26,2025-08-10 13:54:29
https://basalam.com/danagupall/product/9908965,خاک باغچه 5 لیتری داناگوپال,,235000,47000.0,5.0,,True,2025-08-06 09:36:26,2025-08-10 13:54:32
https://basalam.com/mahuragol/product/3885299,خاک مخصوص بنفشه آفریقایی نوج ارسال با پست,,48000,nan,,,True,2025-08-06 09:36:27,2025-08-10 13:54:27
https://basalam.com/golkhaneh_linda/product/11965231,خاک برگ وکاکتوس و پرلیت و پوکه مناسب برای گیاهان آپارتمانی و کاکتوسها هزینه ارسال بصورت پسکرایه و به عهده مشتری میباشد,,60000,nan,,,True,2025-08-06 09:36:27,2025-08-10 13:57:35
https://basalam.com/sadhu/product/10959886,خاک معطر نیروانا مدل آنجل (ملک),,287000,nan,,,True,2025-08-06 09:36:27,2025-08-10 13:54:35
https://basalam.com/attarishop1/product/11611278,خاک رس فله ای سفید ضد لک و جوش 200 گرمی,,50000,nan,,,True,2025-08-06 09:36:28,2025-08-10 13:54:24
https://basalam.com/shinkal-trading/product/18467550,خاک ژله ای رنگی مدل Seven Color،مناسب برای سبزه،گلها،گلدان آکواریوم،تنگ آب و... (تخفیف ویژه),,8500,nan,,,True,2025-08-06 09:36:28,2025-08-10 13:54:47
https://basalam.com/liankesht/product/17685596,خاک مخصوص کشت انواع گیاهان (6 لیتری),,149000,24833.333333333332,6.0,,True,2025-08-06 09:36:29,2025-08-10 13:45:12
https://basalam.com/zerafat_shop/product/7374310,خاک بنسای 3 لیتری (بسته 2 عددی),,122000,40666.666666666664,3.0,,True,2025-08-06 09:36:29,2025-08-10 13:54:50
https://basalam.com/zerafat_shop/product/6223675,خاک کاکتوس سوپر 3 لیتری,,58000,19333.333333333332,3.0,,True,2025-08-06 09:36:29,2025-08-10 13:54:52
https://basalam.com/liankesht/product/17685561,خاک مخصوص کشت انواع گیاهان (4 لیتری),,120000,30000.0,4.0,,True,2025-08-06 09:36:29,2025-08-10 13:54:40
https://basalam.com/miadchemistry/product/16887084,خاک دیاموته و سه سم قوی کشنده حیوانات موزی,,990000,nan,,,True,2025-08-06 09:36:29,2025-08-10 13:57:06
https://basalam.com/plascomahtab/product/8899789,خاک انداز ونوس,,38000,nan,,,True,2025-08-06 09:36:30,2025-08-10 13:55:00
https://basalam.com/tajhizatezibayefardin/product/19480401,خاک رس سفید پروبیوتی,,400000,nan,,,True,2025-08-06 09:36:30,2025-08-10 13:54:55
https://basalam.com/muscleworm/product/14970964,خاک کاکتوس ماسل ورم 5 لیتری (پس کرایه),,120000,24000.0,5.0,,True,2025-08-06 09:36:30,2025-08-10 13:55:10
https://basalam.com/zerafat-market/product/20186770,خاک رس درجه یک ظرافت 1 کیلویی,,85000,85000.0,1.0,,True,2025-08-06 09:36:30,2025-08-10 13:54:42
https://basalam.com/golkhanekochek/product/11058026,خاک مخصوص قلمه زنی,,50000,nan,,,True,2025-08-06 09:36:30,2025-08-10 13:54:45
https://basalam.com/agnessoil/product/18616707,خاک سانسوریا آگنس 1.5 لیتری,,84000,84000.0,1.5,,True,2025-08-06 09:36:31,2025-08-10 13:54:57
https://basalam.com/bety/product/3245754,خاک رس بنتونیت لیفت قوی صورت وجوش سرسیاه بستن منافذ,,150000,nan,,,True,2025-08-06 09:36:31,2025-08-10 13:54:22
https://basalam.com/manizhehzaki/product/21076958,خاک بنفشه آفریقایی 1 لیتری,,135000,135000.0,1.0,,True,2025-08-06 09:36:31,2025-08-10 13:54:37
https://basalam.com/somo/product/17960187,خاک ژله ای سفید و رنگی,,10000,nan,,,True,2025-08-06 09:36:31,2025-08-10 13:57:30
https://basalam.com/chenaniyousof/product/16366516,خاک شیرسوپردرجه یک,,335000,nan,,,True,2025-08-06 09:36:31,2025-08-10 13:55:39
https://basalam.com/shoayb/product/12991280,خاک گلدان.خاک کیاه.خاک.خواک بسته بندی,,177000,nan,,,True,2025-08-06 09:36:32,2025-08-10 13:56:40
https://basalam.com/golden_goldon/product/9763000,خاک ژله ای بی رنگ شفاف تیله ای . 3 گرم,,10000,nan,,,True,2025-08-06 09:36:32,2025-08-10 13:57:14
https://basalam.com/green-mile/product/17782385,خاک کامل آماده کشت تای سیز 4 لیتری,,48000,12000.0,4.0,,True,2025-08-06 09:36:32,2025-08-10 13:55:50
https://basalam.com/arshadiarash2020/product/10560997,خاک ممتاز (خاک مخصوص گیاهان آپارتمانی 16 لیتری),,70000,4375.0,16.0,,True,2025-08-06 09:36:32,2025-08-10 13:56:24
https://basalam.com/flowerland8489/product/7129646,خاک مخصوص ارکیده بستر کشت استریل با تخلل بالا 3لیتری,,60000,20000.0,3.0,,True,2025-08-06 09:36:32,2025-08-10 13:55:44
https://basalam.com/feshfesheh/product/24030947,خاک ژله ای شفاف سفیدرنگ بسته30عددی,,18000,nan,,,True,2025-08-06 09:36:33,2025-08-10 13:55:47
https://basalam.com/keshavarzmarket/product/21810360,خاک برگ 8 لیتر باغبان,,170000,21250.0,8.0,,True,2025-08-06 09:36:33,2025-08-10 13:55:31
https://basalam.com/keshavarzmarket/product/18824919,خاک گل ارکیده باغبان,,195000,nan,,,True,2025-08-06 09:36:33,2025-08-10 13:55:29
https://basalam.com/khakdaneh/product/13395831,خاک ارکیده ، زامیفولیا،حجم 4 لیتری خاک دانه,,139000,34750.0,4.0,,True,2025-08-06 09:36:33,2025-08-10 13:56:58
https://basalam.com/noghli_market/product/7591118,خاک پیتماس المانی با کیفیت,,45000,nan,,,True,2025-08-06 09:36:34,2025-08-10 13:55:34
https://basalam.com/mandana/product/22399931,خاک رس طبی,,38000,nan,,,True,2025-08-06 09:36:34,2025-08-10 13:55:13
https://basalam.com/roham_cactus/product/3375122,خاک کوکوپیت سریلانکایی مدیوم و پرلیت دانه ریز 4 لیتر,,90000,22500.0,4.0,,True,2025-08-06 09:36:34,2025-08-10 13:55:15
https://basalam.com/roham_cactus/product/2362218,خاک پرلیت دانه متوسط 3 تا 5 میل 2000گرمی,,56000,28000.0,2.0,,True,2025-08-06 09:36:34,2025-08-10 13:57:09
https://basalam.com/teligoli/product/19067221,خاک گل و گیاه صادراتی گلدانی بسته سه و نیم کیلویی,,63000,nan,,,True,2025-08-06 09:36:34,2025-08-10 13:55:42
https://basalam.com/mahan_modern/product/21777384,خاک ژله ای مدل A2 بسته 40 عددی,,172000,nan,,,True,2025-08-06 09:36:35,2025-08-10 13:55:21
https://basalam.com/asemanabist99/product/20129890,خاک ژله ای بی رنگ,,8000,nan,,,True,2025-08-06 09:36:35,2025-08-10 13:55:18
https://basalam.com/makanshimi/product/22637823,خاک دیاتومه برای دفع حشرات موزی دربسته بندی250,,199000,nan,,,True,2025-08-06 09:36:35,2025-08-10 13:56:08
https://basalam.com/mystore1/product/14312898,خاک پلنت مدل نیچر پرمیوم کد P500 وزن 500 گرم به همراه بذر چمن,,115000,nan,,,True,2025-08-06 09:36:35,2025-08-10 13:55:55
https://basalam.com/hossen.haslam/product/6409993,خاک ژله ای رنگی بسته 5عددی,,45000,nan,,,True,2025-08-06 09:36:36,2025-08-10 13:55:52
https://basalam.com/al_attar/product/14021889,خاک رس بهداشتی بسته 200 گرم,,70000,nan,,,True,2025-08-06 09:36:36,2025-08-10 13:55:26
https://basalam.com/lavazem_janebi_talkhabi/product/7533173,خاک ژله ای تک رنگ مدل Seven Color،مناسب برای سبزه،گلها،گلدان آکواریوم،تنگ آب و... (تخفیف ویژه),,8000,nan,,,True,2025-08-06 09:36:36,2025-08-10 13:55:23
https://basalam.com/sisi_rj1990/product/12849904,خاک ژله رنگی seven color,,14900,nan,,,True,2025-08-06 09:36:36,2025-08-10 13:55:37
https://basalam.com/asalpeyman/product/8943128,خاک رس - 1 کیلو,,280000,280000.0,1.0,,True,2025-08-06 09:36:36,2025-08-10 13:56:11
https://basalam.com/asalpeyman/product/13933638,خاک رس - 250 گرم,,90000,nan,,,True,2025-08-06 09:36:37,2025-08-10 13:56:13
https://basalam.com/giyah-atlas/product/20153956,خاک برگ سبزآفرین گیاهان آپارتمانی 4 لیتری,,35000,8750.0,4.0,,True,2025-08-06 09:36:37,2025-08-10 13:56:16
https://basalam.com/javaaneh/product/19100214,خاک مخصوص بنفشه آفریقایی,,80000,nan,,,True,2025-08-06 09:36:37,2025-08-10 13:56:01
https://basalam.com/gol_khooneh/product/25119958,خاک کامل گلای بیرونی ،اپارتمانی نشاعی ،پوست بادام,,65000,nan,,,True,2025-08-06 09:36:37,2025-08-10 13:56:35
https://basalam.com/sabznahad/product/7701608,خاک مخصوص کاکتوس و ساکولنت,,88000,nan,,,True,2025-08-06 09:36:38,2025-08-10 13:55:58
https://basalam.com/igool/product/6320008,خاک کوکوپیت گلیار مناسب برای کاشت قلمه های حساس و گیاهان آپارتمانی,,139000,nan,,,True,2025-08-06 09:36:38,2025-08-10 13:56:19
https://basalam.com/plastic_121yaas/product/905274,خاک انداز بزرگ,,40000,nan,,,True,2025-08-06 09:36:38,2025-08-10 13:56:21
https://basalam.com/nahal_best/product/8132065,خاک بلوبری,,450٬000,nan,,,True,2025-08-06 09:36:38,2025-08-10 13:56:03
https://basalam.com/mkt/product/5732599,خاک بسترکشت سایز بزرگ 20 لیتری سرزمین خاک,,178000,11390.0,20.0,,True,2025-08-06 09:36:40,2025-08-10 14:00:49
https://basalam.com/mkt/product/5732178,خاک سانسوریا سایز بزرگ 20 لیتری سرزمین خاک,,178900,11450.0,20.0,,True,2025-08-06 09:36:40,2025-08-10 14:00:41
https://basalam.com/mkt/product/8320507,خاک ویژه روف گاردن حاوی قارچ کش و NPK وزن 500 کیلوگرم (یک متر مکعب),,4950000,12672.0,500.0,,True,2025-08-06 09:36:40,2025-08-10 14:00:46
https://basalam.com/mkt/product/5839382,خاک گلدان سایز متوسط 10 لیتری آقای خاک,,98000,12540.0,10.0,,True,2025-08-06 09:36:40,2025-08-10 14:00:44
https://basalam.com/spiruface/product/1105795,خاک رس قرمز (راسول) گوهر سبز,,120000,nan,,,True,2025-08-06 09:36:41,2025-08-10 14:00:57
https://basalam.com/mahdicactus/product/1606528,خاک برگ,,55000,nan,,,True,2025-08-06 09:36:41,2025-08-10 14:00:17
https://basalam.com/royalnahaal/product/23521703,خاک مخصوص بلوبری (پس کرایه),,120000,nan,,,True,2025-08-06 09:36:41,2025-08-10 14:01:21
https://basalam.com/golsaraye_behesht/product/14244106,خاک سانسوریا5لیتری ملکه,,115000,23000.0,5.0,,True,2025-08-06 09:36:41,2025-08-10 14:01:13
https://basalam.com/golsaraye_behesht/product/14759495,خاک مخصوص سبزیکاری 10لیتری ملکه,,115000,11500.0,10.0,,True,2025-08-06 09:36:42,2025-08-10 14:01:16
https://basalam.com/golsaraye_behesht/product/14743376,خاک بونسای 2لیتری ملکه,,95000,47500.0,2.0,,True,2025-08-06 09:36:42,2025-08-10 14:01:18
https://basalam.com/abo_khak_alborz/product/11101445,خاک کوکوپیت سریلانکا,,600000,nan,,,True,2025-08-06 09:36:42,2025-08-10 13:57:40
https://basalam.com/abo_khak_alborz/product/11100755,خاک کوکوچیپس فله ای,,95000,nan,,,True,2025-08-06 09:36:42,2025-08-10 13:57:43
https://basalam.com/cactus_garden/product/20172929,خاک ژله ای بی رنگ,,10100,nan,,,True,2025-08-06 09:36:43,2025-08-10 13:57:45
https://basalam.com/kagegol/product/21533943,خاک وکود کاژه گل مخصوص گیاهان آپارتمانی,,250000,nan,,,True,2025-08-06 09:36:43,2025-08-10 13:57:48
https://basalam.com/ssssss13/product/23985335,خاک مناسب گیاهان اپارتمانی (هزینه ی ارسال پسکرایه),,50000,nan,,,True,2025-08-06 09:36:43,2025-08-10 13:57:50
https://basalam.com/hamed_elektrik/product/23033662,خاک رس اعلا آرایشی سنتی100گرم,,150000,nan,,,True,2025-08-06 09:36:43,2025-08-10 13:57:53
https://basalam.com/allish/product/9958699,خاک رس قهوه ای 200 گرم,,160000,nan,,,True,2025-08-06 09:36:43,2025-08-10 13:57:55
https://basalam.com/allish/product/9958632,خاک رس سفید اصل 200 گرم داخل قوطی,,160000,nan,,,True,2025-08-06 09:36:44,2025-08-10 13:57:58
https://basalam.com/partaksoil/product/5407606,خاک کامل,,110000,nan,,,True,2025-08-06 09:36:44,2025-08-10 13:58:00
https://basalam.com/bano_zebaaaa/product/17837898,خاک پیت ماس و کوکوپیت مخصوص گیاهان آپارتمانی و بلوبری,,3000000,nan,,,True,2025-08-06 09:36:44,2025-08-10 13:58:03
https://basalam.com/greenrose/product/12645008,خاک کاکتوس 4 لیتری باغبان,,35000,8750.0,4.0,,True,2025-08-06 09:36:45,2025-08-10 14:00:06
https://basalam.com/greenrose/product/21195345,خاک مخصوص کاکتوس تای سیز 2 لیتری,,35000,17500.0,2.0,,True,2025-08-06 09:36:45,2025-08-10 14:00:09
https://basalam.com/goldoone.qom/product/15633490,خاک ژله ای بسته ای با رنگ های مختلف - ژله های دکوری گلدان -خاک ژله ای بی رنگ - ژله سبزه عید - گلدونه,,7000,nan,,,True,2025-08-06 09:36:45,2025-08-10 13:58:05
https://basalam.com/bazriran/product/7755715,خاک آماده کاشت گیاهان آپارتمانی بسته بندی (1000 گرمی).,,33800,33800.0,1.0,,True,2025-08-06 09:36:45,2025-08-10 14:00:52
https://basalam.com/golkade_goldone/product/19205767,خاک (2لیتر),,55000,27500.0,2.0,,True,2025-08-06 09:36:46,2025-08-10 13:58:08
https://basalam.com/style_me/product/18264616,خاک ژله ای شفاف,,14800,nan,,,True,2025-08-06 09:36:46,2025-08-10 13:58:11
https://basalam.com/shinkal-trading/product/18467544,خاک ژله ای تک رنگ مدل Seven Color،مناسب برای سبزه،گلها،گلدان آکواریوم،تنگ آب و... (تخفیف ویژه),,8500,nan,,,True,2025-08-06 09:36:46,2025-08-10 13:58:13
https://basalam.com/shinkal-trading/product/18467549,خاک ژله ای رنگی مدل Seven Color،مناسب برای سبزه،گلها،گلدان آکواریوم،تنگ آب و... (ورق 20 عددی),,140000,nan,,,True,2025-08-06 09:36:46,2025-08-10 13:58:16
https://basalam.com/amirforoshgah/product/15571382,خاک ژله ای رنگی,,10000,nan,,,True,2025-08-06 09:36:47,2025-08-10 14:00:12
https://basalam.com/ketab-115/product/21008308,خاک و گل رس سفال بهداشتی کاکتوس,,14000,nan,,,True,2025-08-06 09:36:47,2025-08-10 14:00:14
https://basalam.com/miadshimii/product/20248423,خاک دیاتومه برای دفع حشرات موزی 500گرمی,,230000,nan,,,True,2025-08-06 09:36:47,2025-08-10 14:01:24
https://basalam.com/pardisangolkade/product/5602590,خاک ارکیده پردیسان حجم 3 لیتر مجموعه 4 عددی (پس کرایه),,440000,146666.66666666666,3.0,,True,2025-08-06 09:36:47,2025-08-10 13:58:19
https://basalam.com/kod_gol/product/13102436,خاک مخصوص قلمه گیری. 500 گرمی.ترکیبی بدون قارچ و آلودگی . مخلوطی عالی از کوکوپیت، پرلیت، پیت ماس و ماسه,,20000,nan,,,True,2025-08-06 09:36:48,2025-08-10 13:58:21
https://basalam.com/our_lady_violet/product/9173081,خاک زهکشی لیکاپون ، پوکه کشاورزی ، لیکا درشت مناسب زهکشی گلدان و کف گلدان ، 9لیتری,,95000,10555.555555555555,9.0,,True,2025-08-06 09:36:48,2025-08-10 14:01:32
https://basalam.com/sabzgostaran_linda/product/20856470,خاک برگ پوسیده مناسب گلدان های آپارتمانی(پس کرایه),,250000,nan,,,True,2025-08-06 09:36:48,2025-08-10 13:58:24
https://basalam.com/garden_paradise/product/9580217,خاک ترکیب پیت ماس و پرلیت (500 گرمی ),,150000,nan,,,True,2025-08-06 09:36:48,2025-08-10 13:58:26
https://basalam.com/zerafat_shop/product/7404190,خاک کاکتوس سوپر 5 لیتری,,69000,13800.0,5.0,,True,2025-08-06 09:36:49,2025-08-10 13:58:29
https://basalam.com/zerafat_shop/product/6215218,خاک بونسای 3 لیتری (بسته 2 عددی),,122000,40666.666666666664,3.0,,True,2025-08-06 09:36:49,2025-08-10 13:58:32
https://basalam.com/zerafat_shop/product/6259231,خاک آماده کاشت 5 لیتری,,95000,19000.0,5.0,,True,2025-08-06 09:36:49,2025-08-10 13:58:35
https://basalam.com/atlasiha/product/23807510,خاک بونسای بهکام 3 لیتر,,110000,36666.666666666664,3.0,,True,2025-08-06 09:36:49,2025-08-10 13:58:37
https://basalam.com/atlasiha/product/23808985,خاک کاکتوس گیلدا 12 لیتر,,450000,37500.0,12.0,,True,2025-08-06 09:36:50,2025-08-10 14:01:02
https://basalam.com/atlasiha/product/23799771,خاک بستر آماده کاشت گیلدا 11 لیتر,,390000,35454.545454545456,11.0,,True,2025-08-06 09:36:50,2025-08-10 13:58:40
https://basalam.com/banafshelahijan/product/17353238,خاک آماده 1.5لیتری مخصوص بنفشه آفریقایی بنفشه لاهیجان,,45000,45000.0,1.5,,True,2025-08-06 09:36:50,2025-08-10 13:58:42
https://basalam.com/muscleworm/product/14971039,خاک ماسل ورم 5 لیتری ماسل ورم برای تمامی گیاهان آپارتمانی (پس کرایه),,150000,30000.0,5.0,,True,2025-08-06 09:36:50,2025-08-10 13:58:45
https://basalam.com/venosflowerr/product/9664219,خاک بستر اماده کشت گلکاران درجه یک پک 8لیتری,,65000,8125.0,8.0,,True,2025-08-06 09:36:51,2025-08-10 13:58:48
https://basalam.com/mahurazibaei/product/4552631,خاک گیاهان آپارتمانی گل طبیعی گل و گیاه خاگ برگ,,26000,nan,,,True,2025-08-06 09:36:51,2025-08-10 14:01:00
https://basalam.com/amogol/product/23438188,خاک آپارتمانی عمو گل,,100000,nan,,,True,2025-08-06 09:36:51,2025-08-10 13:58:50
https://basalam.com/honarkadepampam/product/20656153,خاک ژله ای شفاف 1 بسته,,12500,nan,,,True,2025-08-06 09:36:52,2025-08-10 13:58:53
https://basalam.com/momtazplant/product/7110160,خاک کامل (4 لیتری),,175000,43750.0,4.0,,True,2025-08-06 09:36:52,2025-08-10 13:58:56
https://basalam.com/roghandoon/product/1120662,خاک رس قرمز (پوست چرب),,121000,nan,,,True,2025-08-06 09:36:53,2025-08-10 13:58:58
https://basalam.com/roghandoon/product/1120694,خاک رس سفید (پوست خشک),,121000,nan,,,True,2025-08-06 09:36:53,2025-08-10 13:59:01
https://basalam.com/dashtesabz-shop/product/5480184,خاک کاکتوس 2 لیتری بهکام,,55000,27500.0,2.0,,True,2025-08-06 09:36:53,2025-08-10 13:59:04
https://basalam.com/keshavarzmarket/product/19176414,خاک کاکتوس و ساکولنت مینی باغبان,,120000,nan,,,True,2025-08-06 09:36:54,2025-08-10 13:59:06
https://basalam.com/romakgallery/product/7618599,خاک رس قهوه ای 200 گرم,,165000,nan,,,True,2025-08-06 09:36:54,2025-08-10 13:59:09
https://basalam.com/saeedgol/product/22236536,خاک سانسوریا 5 لیتری ملکه,,125000,25000.0,5.0,,True,2025-08-06 09:36:54,2025-08-10 13:59:45
https://basalam.com/saeedgol/product/22236806,خاک زاموفیلیا 10 لیتری ملکه,,189000,18900.0,10.0,,True,2025-08-06 09:36:54,2025-08-10 13:59:47
https://basalam.com/hossen.haslam/product/13355684,خاک ژله ای بیرنگ,,8700,nan,,,True,2025-08-06 09:36:55,2025-08-10 13:59:53
https://basalam.com/cafegoll_com/product/4501826,خاک گیاهان آپارتمانی ویژه ( کوکوپیت ، پرلیت ، پیت ماس ) (پس کرایه),,25200,nan,,,True,2025-08-06 09:36:55,2025-08-10 14:01:27
https://basalam.com/golkade_viona/product/16847490,خاک گلهای زینتی درجه 1 (گریدa) بسته 10 لیتری,,170000,17000.0,10.0,,True,2025-08-06 09:36:55,2025-08-10 14:00:20
https://basalam.com/ark_gallary/product/19765106,خاک ژله ای زیر سیگاری,,60000,nan,,,True,2025-08-06 09:36:55,2025-08-10 14:01:05
https://basalam.com/feshfesheh/product/24030747,خاک ژله ای رنگ جوربسته ای,,15000,nan,,,True,2025-08-06 09:36:56,2025-08-10 13:59:22
https://basalam.com/saadatfatehi/product/19096006,خاک مخصوص ارکیده بسته 1/5 لیتری,,49000,nan,,,True,2025-08-06 09:36:56,2025-08-10 13:59:25
https://basalam.com/rooyangol/product/20970603,خاک مخصوص زاموفیلیا و سانسوریا رویان گل بسته 20لیتری,,535000,26750.0,20.0,,True,2025-08-06 09:36:56,2025-08-10 13:59:27
https://basalam.com/kalaseman1/product/19346812,خاک اره مدل sawdust وزن 2 کیلوگرم,,95000,47500.0,2.0,,True,2025-08-06 09:36:56,2025-08-10 13:59:37
https://basalam.com/sefidab/product/1600515,خاک رس سبز کمرنگ طبی,,500000,nan,,,True,2025-08-06 09:36:57,2025-08-10 10:01:30
https://basalam.com/parichehr.com/product/15969598,خاک رس بنتونیت Bentonite,,47000,nan,,,True,2025-08-06 09:36:57,2025-08-10 10:01:33
https://basalam.com/keshavaezkala/product/24609730,خاک گیاهان آپارتمانی مخصوص کشاورز کالا,,55000,nan,,,True,2025-08-06 09:36:57,2025-08-10 10:01:23
https://basalam.com/saadatfatehi/product/19095906,خاک مخصوص ارکیده بسته 3 لیتری,,83300,27766.666666666668,3.0,,True,2025-08-06 09:36:58,2025-08-10 10:01:25
https://basalam.com/khakdaneh/product/23204444,خاک ارگانیک و طبیعی گلدان حجم 3750 لیتر تعداد 125 کیسه,,35625000,9500.0,3750.0,,True,2025-08-06 09:36:58,2025-08-10 13:59:50
https://basalam.com/hastimahdi/product/14502012,خاک ژله ای کریستالی مدل Seven Color بسته 6 عددی,,59900,nan,,,True,2025-08-06 09:36:58,2025-08-10 13:59:40
https://basalam.com/romakgallery/product/8887089,خاک رس سبز 200گرم,,165000,nan,,,True,2025-08-06 09:36:58,2025-08-10 13:59:42
https://basalam.com/roham_cactus/product/3375137,خاک کوکوپیت سریلانکایی مدیوم و پرلیت دانه ریز 8لیتر,,150000,18750.0,8.0,,True,2025-08-06 09:36:59,2025-08-10 10:01:35
https://basalam.com/novinkeshtsepahan/product/13121124,خاک بستر پرمیوم,,25000,nan,,,True,2025-08-06 09:36:59,2025-08-10 14:00:03
https://basalam.com/myleeches/product/9333946,خاک حلزون آچاتینا 5 کیلویی,,89000,17800.0,5.0,,True,2025-08-06 09:36:59,2025-08-10 14:00:01
https://basalam.com/attari_norouzi/product/10750596,خاک رس قرمز،سبز،سفید کیلویی,,150000,nan,,,True,2025-08-06 09:36:59,2025-08-10 13:59:58
https://basalam.com/goldoonbazaar/product/19510863,خاک ترکیبی 7 لیتری ملکه,,132000,18857.14285714286,7.0,,True,2025-08-06 09:37:00,2025-08-10 14:01:08
https://basalam.com/goldoonbazaar/product/19513117,خاک کاکتوس 2 لیتری ملکه,,52000,26000.0,2.0,,True,2025-08-06 09:37:00,2025-08-10 13:45:40
https://basalam.com/starmasho/product/10507465,خاک ترکیبی فایرانجین مناسب انواع حلزون و گل و گیاه,,130000,nan,,,True,2025-08-06 09:37:00,2025-08-10 14:00:23
https://basalam.com/starmasho/product/11695275,خاک پرورشی انواع گل و گیاه و باغچه و حلزون طبی,,130000,nan,,,True,2025-08-06 09:37:01,2025-08-10 14:00:25
https://basalam.com/cafegoll_com/product/10097973,خاک تخصصی ارکیده ( 2 لیتری ) (پس کرایه),,85500,47500.0,2.0,,True,2025-08-06 09:37:01,2025-08-10 14:01:29
https://basalam.com/farnilaz-garden/product/21748411,خاک مخصوص گلخانه فرنیلاز یک کیلو گرم (ارسال پس کرایه),,99000,nan,,,True,2025-08-06 09:37:01,2025-08-10 14:00:33
https://basalam.com/giyah-atlas/product/20154590,خاک برگ سبزآفرین گیاهان آپارتمانی 10 لیتری,,55000,5500.0,10.0,,True,2025-08-06 09:37:01,2025-08-10 13:59:55
https://basalam.com/soghat_saeb/product/21118615,خاک مخصوص تراریوم (پس کرایه),,50000,nan,,,True,2025-08-06 09:37:02,2025-08-10 14:00:38
https://basalam.com/igool/product/10291461,خاک آماده کاشت گیاهان آپارتمانی 10 لیتری,,89000,8900.0,10.0,,True,2025-08-06 09:37:02,2025-08-10 14:00:36
https://basalam.com/aqua_online/product/20881071,خاک بستر گیاهان آبزی آکواریوم 3 لیتری اوشن فری (ساخت سنگاپور),,995000,331666.6666666667,3.0,,True,2025-08-06 09:37:02,2025-08-10 14:00:30
https://basalam.com/sunflovver1/product/21299359,خاک مخصوص هویا حجم 1 لیتری,,40000,40000.0,1.0,,True,2025-08-06 09:37:03,2025-08-10 14:00:28
https://basalam.com/mkt/product/5731472,خاک برگ غنی شده سایز بزرگ 20 لیتری سرزمین خاک,,178500,11425.0,20.0,,True,2025-08-06 09:37:03,2025-08-10 14:06:05
https://basalam.com/mkt/product/5731933,خاک باغچه سایز متوسط 10 لیتری سرزمین خاک,,98400,12600.0,10.0,,True,2025-08-06 09:37:03,2025-08-10 14:06:03
https://basalam.com/mkt/product/5732275,خاک ورمی کمپوست سایز بزرگ 20 لیتری سرزمین خاک,,172000,11010.0,20.0,,True,2025-08-06 09:37:03,2025-08-10 14:06:00
https://basalam.com/mkt/product/5840517,خاک ورمی کمپوست سایز بزرگ 20 لیتری آقای خاک,,182000,11650.0,20.0,,True,2025-08-06 09:37:04,2025-08-10 14:05:57
https://basalam.com/golkadehmahya/product/18801684,خاک بنفشه آفریقایی2لیتری(پس کرایه),,70000,35000.0,2.0,,True,2025-08-06 09:37:04,2025-08-10 14:04:32
https://basalam.com/gilda0414/product/9134799,خاک رس سفید,,160000,nan,,,True,2025-08-06 09:37:04,2025-08-10 14:04:35
https://basalam.com/gilda0414/product/9134852,خاک رس قهوه ای 200 گرم,,160000,nan,,,True,2025-08-06 09:37:05,2025-08-10 14:04:38
https://basalam.com/abbas133arak/product/21068969,خاک گیاهان آپارتمانی (پس کرایه),,35000,nan,,,,2025-08-06 09:37:05,2025-08-06 11:47:25
https://basalam.com/mazraehalazon/product/5312096,خاک حلزون کوکوپیت آماده و غنی شده مخصوص پرورش گیاه و حلزون به میزان 1 کیلو گرم,,180000,180000.0,1.0,,True,2025-08-06 09:37:05,2025-08-10 14:04:27
https://basalam.com/bahramistore/product/9390394,خاک گلدان مخصوص بنفشه آفریقایی,,150000,nan,,,True,2025-08-06 09:37:07,2025-08-10 14:05:43
https://basalam.com/sabzgostaran1/product/21339510,خاک برگ ضدعفونی شده 4 لیتری (پس کرایه),,80000,20000.0,4.0,,True,2025-08-06 09:37:08,2025-08-10 14:04:46
https://basalam.com/mahdicactus/product/535479,خاک کاکتوس با ترکیبات مناسب و مقوی برای گیاه با ارسال از طریق باربری,,85000,nan,,,True,2025-08-06 09:37:08,2025-08-10 14:04:19
https://basalam.com/golsaraye_behesht/product/14743517,خاک کاکتوس2لیتری ملکه,,55000,27500.0,2.0,,True,2025-08-06 09:37:08,2025-08-10 14:05:46
https://basalam.com/golsaraye_behesht/product/14244304,خاک سانسوریا10لیتری ملکه,,215000,21500.0,10.0,,True,2025-08-06 09:37:08,2025-08-10 14:05:49
https://basalam.com/ariyana_keshavarz/product/15617199,خاک بستر آماده ضدعفونی شده,,100000,nan,,,True,2025-08-06 09:37:09,2025-08-10 14:04:40
https://basalam.com/gole_naz1400/product/5444106,خاک مخصوص بنفشه افریقایی ترکیب پیتماس و پرلیت,,25000,nan,,,True,2025-08-06 09:37:09,2025-08-10 14:01:35
https://basalam.com/hamyargol/product/18956589,خاک آماده مخصوص بنفشه آفریقایی ، 3 لیتری,,50000,16666.666666666668,3.0,,True,2025-08-06 09:37:09,2025-08-10 14:01:38
https://basalam.com/hamyargol/product/17621244,خاک مخصوص کاکتوس و ساکولنت,,50000,nan,,,True,2025-08-06 09:37:10,2025-08-10 14:01:40
https://basalam.com/panda-toys-80/product/23777971,خاک ژله ای با حیوان,,13000,nan,,,True,2025-08-06 09:37:10,2025-08-10 14:01:43
https://basalam.com/partaksoil/product/5407851,خاک ارکیده ( کوکوچیپس ),,150000,nan,,,True,2025-08-06 09:37:10,2025-08-10 14:01:53
https://basalam.com/nikanchoob/product/23286197,خاک اره نجاری (پس کرایه),,40000,nan,,,True,2025-08-06 09:37:10,2025-08-10 14:01:55
https://basalam.com/greenrose/product/12645059,خاک کاکتوس 8 لیتری باغبان,,77000,9625.0,8.0,,True,2025-08-06 09:37:11,2025-08-10 14:04:24
https://basalam.com/v_329363/product/16886200,خاک ژله ای بی رنگ شفاف بسته ی پر,,15000,nan,,,True,2025-08-06 09:37:11,2025-08-10 14:01:58
https://basalam.com/sangchin1/product/6053689,خاک ژله ای تک رنگ و هفت رنگ کیفیت فوق العاده عالی,,15000,nan,,,True,2025-08-06 09:37:11,2025-08-10 14:05:35
https://basalam.com/goldooneye_zendegi/product/7303627,خاک مخصوص گل های آپارتمانی (3لیتر) (با حداقل 250 تومن خرید از غرفمون ارسالمون ب نفع هردومون میشه)(هزینه پسکرایه),,48000,16000.0,3.0,,True,2025-08-06 09:37:12,2025-08-10 14:02:01
https://basalam.com/zoroplant.11/product/11895378,خاک گیاهان آپارتمانی,,168000,nan,,,True,2025-08-06 09:37:12,2025-08-10 14:05:51
https://basalam.com/sadhu/product/10939528,خاک معطر نیروانا رایحه لوندر (اسطوخودوس),,287000,nan,,,True,2025-08-06 09:37:12,2025-08-10 14:02:03
https://basalam.com/agnessoil/product/18614554,خاک بنفشه آفریقایی آگنس 4 لیتری,,250000,62500.0,4.0,,True,2025-08-06 09:37:13,2025-08-10 14:02:06
https://basalam.com/danagupall/product/10178561,خاک کاکتوس 5 لیتری داناگوپال . ( حجم 5 لیتر معادل 3 کیلوگرم میباشد ),,225000,45000.0,5.0,,True,2025-08-06 09:37:13,2025-08-10 14:02:09
https://basalam.com/bazriran/product/8008246,خاک آماده کاشت گیاهان آپارتمانی بسته بندی (500 گرمی).,,17400,nan,,,True,2025-08-06 09:37:13,2025-08-10 14:04:43
https://basalam.com/golsaziiailin/product/21357619,خاک ژله ای شفاف بسته24عددی,,235000,nan,,,True,2025-08-06 09:37:13,2025-08-10 14:02:11
https://basalam.com/mahdicactus/product/456763,خاک آکاداما بسیار حرفه ای و مناسب مشکل پسندان,,2850000,nan,,,True,2025-08-06 09:37:14,2025-08-10 14:04:21
https://basalam.com/mazraehalazon/product/5308913,خاک حلزون کوکوپیت خشک مخصوص پرورش گیاه و حلزون به میزان 1 کیلو گرم,,150000,150000.0,1.0,,True,2025-08-06 09:37:14,2025-08-10 14:04:29
https://basalam.com/tarhokhial/product/7586542,خاک 50 لیتری بسته بندی گونی بزرگ (پس کرایه),,300000,6000.0,50.0,,True,2025-08-06 09:37:14,2025-08-10 14:02:14
https://basalam.com/golkhanekochek/product/10911037,خاک آپارتمانی استریل و مرغوب,,90000,nan,,,True,2025-08-06 09:37:15,2025-08-10 14:02:16
https://basalam.com/golkhanekochek/product/22674694,خاک مخصوص حلزون )کوکوپیت(,,39000,nan,,,True,2025-08-06 09:37:15,2025-08-10 14:02:19
https://basalam.com/pakhsh-online-tabriz/product/20664472,خاک ژله ای بسته 24 عددی,,96000,nan,,,True,2025-08-06 09:37:15,2025-08-10 14:05:15
https://basalam.com/miadshimii/product/20248372,خاک دیاتومه برای دفع حشرات موزی 250گرمی,,200000,nan,,,True,2025-08-06 09:37:15,2025-08-10 14:05:38
https://basalam.com/pardisangolkade/product/7391229,خاک ارکیده پردیسان 3 لیتری (پس کرایه),,120000,40000.0,3.0,,True,2025-08-06 09:37:16,2025-08-10 14:02:22
https://basalam.com/agnessoil/product/18614072,خاک زاموفیلیا آگنس 2 لیتری,,89000,44500.0,2.0,,True,2025-08-06 09:37:16,2025-08-10 14:02:24
https://basalam.com/markaz_berke/product/6280594,خاک پلنت مدل نیچر پرمیوم وزن 500 گرم به همراه بذر چمن,,149000,nan,,,True,2025-08-06 09:37:16,2025-08-10 14:02:27
https://basalam.com/garden_paradise/product/9580204,خاک ترکیب کوکوپیت و پرلیت (500 گرمی ),,130000,nan,,,True,2025-08-06 09:37:17,2025-08-10 14:02:29
https://basalam.com/zerafat_shop/product/7356157,خاک ارکیده 3 لیتری (بسته 3 عددی),,213000,71000.0,3.0,,True,2025-08-06 09:37:17,2025-08-10 14:02:32
https://basalam.com/zerafat_shop/product/7394175,خاک کاکتوس سوپر 3 لیتری (بسته 2 عددی),,99000,33000.0,3.0,,True,2025-08-06 09:37:17,2025-08-10 14:02:35
https://basalam.com/zerafat_shop/product/7358768,خاک بونسای 3 لیتری (بسته 3 عددی),,180000,60000.0,3.0,,True,2025-08-06 09:37:18,2025-08-10 14:02:38
https://basalam.com/atlasiha/product/23810881,خاک برگ بهکام 4 لیتر,,100000,25000.0,4.0,,True,2025-08-06 09:37:18,2025-08-10 14:02:40
https://basalam.com/atlasiha/product/23801669,خاک ارکیده گیلدا 2 لیتر,,175000,87500.0,2.0,,True,2025-08-06 09:37:18,2025-08-10 14:02:43
https://basalam.com/kavousianna/product/7324245,خاک هلندی (کوکولیت)ترکیب کوکولیت وورمیکمپوست وپرلیت,,95000,nan,,,True,2025-08-06 09:37:19,2025-08-10 14:02:45
https://basalam.com/amogol/product/24662462,خاک آپارتمانی 25 لیتری,,250000,10000.0,25.0,,True,2025-08-06 09:37:19,2025-08-10 14:02:48
https://basalam.com/momtazplant/product/6308337,خاک مخصوص قلمه (5 لیتر),,145000,29000.0,5.0,,True,2025-08-06 09:37:19,2025-08-10 14:02:51
https://basalam.com/honarkadepampam/product/20656269,خاک ژله ای رنگی 1 بسته,,12500,nan,,,True,2025-08-06 09:37:20,2025-08-10 14:02:53
https://basalam.com/mchavoosh/product/9034639,خاک گلدان مخصوص کاکتوس دو کیلویی,,25000,nan,,,True,2025-08-06 09:37:20,2025-08-10 14:02:56
https://basalam.com/mchavoosh/product/13171570,خاک پلنت خارجی جهت بستر کشت چمن اکواریوم,,145000,nan,,,True,2025-08-06 09:37:20,2025-08-10 14:02:59
https://basalam.com/mchavoosh/product/8269979,خاک برگ کیمیا,,43000,nan,,,True,2025-08-06 09:37:21,2025-08-10 14:03:01
https://basalam.com/shadyaz/product/17612960,خاک ژله (توپ های ژله ای),,9800,nan,,,True,2025-08-06 09:37:21,2025-08-10 14:03:04
https://basalam.com/narges-flowerr313/product/24530968,خاک ژله ای رنگی بسته دو عددی,,10000,nan,,,True,2025-08-06 09:37:21,2025-08-10 14:05:41
https://basalam.com/golator/product/21213513,خاک سبک اُرس,,110000,nan,,,True,2025-08-06 09:37:22,2025-08-10 14:03:07
https://basalam.com/zerafat_shop/product/7358733,خاک بونسای 3 لیتری,,65000,21666.666666666668,3.0,,True,2025-08-06 09:37:23,2025-08-10 14:03:10
https://basalam.com/rangiipangii/product/22769638,خاک ژله ای 20 تایی | دکوراسیون، گیاه و بازی کودک,,98000,nan,,,True,2025-08-06 09:37:23,2025-08-10 14:05:54
https://basalam.com/pingpong35/product/18094325,خاک برگ سبک 4 کیلویی,,100000,25000.0,4.0,,True,2025-08-06 09:37:23,2025-08-10 14:03:12
https://basalam.com/etelayevatan/product/11548150,خاک های نرم کوشک،رقعی شومیز،نشرملک اعظم270ص,,120000,nan,,,True,2025-08-06 09:37:24,2025-08-10 14:03:15
https://basalam.com/saeedgol/product/22236761,خاک سانسوریا 10 لیتری ملکه,,189000,18900.0,10.0,,True,2025-08-06 09:37:24,2025-08-10 14:03:18
https://basalam.com/sefidab/product/571315,خاک رس قرمز مناسب پوست چرب و جوش دار,,500000,nan,,,True,2025-08-06 09:37:24,2025-08-10 14:03:36
https://basalam.com/sefidab/product/5468346,خاک رس قرمز طبی نیم کیلویی مناسب پوست چرب,,750000,nan,,,True,2025-08-06 09:37:25,2025-08-10 14:03:39
https://basalam.com/sisi_rj1990/product/18085624,خاک ژله ای بی رنگ تیله ای شفاف(قیمت برای یک بسته کوچک میباشد),,15000,nan,,,True,2025-08-06 09:37:25,2025-08-10 14:03:41
https://basalam.com/sisi_rj1990/product/13132197,خاک ژله ای بی رنگ تیله ای شفاف (قیمت برای هر یک بسته میباشد),,15900,nan,,,True,2025-08-06 09:37:25,2025-08-10 14:03:44
https://basalam.com/hosseinzadehstore/product/24647837,خاک رس وزنی,,63000,nan,,,True,2025-08-06 09:37:26,2025-08-10 14:03:20
https://basalam.com/ajnasehenditajmahal/product/2409655,خاک انداز(3),,500000,nan,,,True,2025-08-06 09:37:26,2025-08-10 14:03:23
https://basalam.com/mahan_modern/product/21777822,خاک ژله ای مدل Seven Color بسته 5 عددی,,46170,nan,,,True,2025-08-06 09:37:26,2025-08-10 14:03:25
https://basalam.com/khanegolkadbanoo/product/14943566,خاک گلدان وباغچه,,175000,nan,,,True,2025-08-06 09:37:27,2025-08-10 14:03:28
https://basalam.com/rooyangol/product/20970560,خاک مخصوص زاموفیلیا و سانسوریا رویان گل بسته 4لیتری,,165000,41250.0,4.0,,True,2025-08-06 09:37:27,2025-08-10 14:03:31
https://basalam.com/gol_e_maryam1/product/18250763,خاک رس,,80000,nan,,,True,2025-08-06 09:37:27,2025-08-10 14:05:12
https://basalam.com/pardisangolkade/product/7024562,خاک گیاهان آپارتمانی استریل(3 لیتری حاوی پیت ماس وکوکوپیت و پرلیت و لیکاپون) (پس کرایه),,88000,29333.333333333332,3.0,,True,2025-08-06 09:37:28,2025-08-10 11:34:21
https://basalam.com/goldoonbazaar/product/19513185,خاک کاکتوس 7 لیتری ملکه,,112000,16000.0,7.0,,True,2025-08-06 09:37:28,2025-08-10 14:05:29
https://basalam.com/goldoonbazaar/product/19510112,خاک سانسوریا 5 لیتری ملکه,,112000,22400.0,5.0,,True,2025-08-06 09:37:28,2025-08-10 14:05:27
https://basalam.com/goldoonbazaar/product/19510803,خاک ترکیبی 2/5 لیتری ملکه,,52000,nan,,,True,2025-08-06 09:37:29,2025-08-10 14:05:32
https://basalam.com/hey_mos/product/13873453,خاک ژله ای,,15000,nan,,,True,2025-08-06 09:37:29,2025-08-10 11:34:48
https://basalam.com/nahal_best/product/8130886,خاک مخصوص,,125000,nan,,,True,2025-08-06 09:37:29,2025-08-10 11:34:41
https://basalam.com/novinkeshtsepahan/product/7710313,خاک پیتماس,,68000,nan,,,True,2025-08-06 09:37:30,2025-08-10 11:34:43
https://basalam.com/plascoo_pooria/product/6869593,خاک انداز تایسز پویا hom در خانه مدرن,,59000,nan,,,,2025-08-06 09:37:30,2025-08-06 11:49:06
https://basalam.com/kharrazi_diyar2/product/1771614,خاک ژله ای 1بسته,,15000,nan,,,True,2025-08-06 09:37:30,2025-08-10 11:34:17
https://basalam.com/igool/product/10291519,خاک آماده کاشت گیاهان آپارتمانی 3 لیتری,,49000,16333.333333333334,3.0,,True,2025-08-06 09:37:31,2025-08-10 11:34:26
https://basalam.com/igool/product/7037571,خاک مخصوص انواع کاکتوس,,39000,nan,,,True,2025-08-06 09:37:31,2025-08-10 14:04:16
https://basalam.com/leaves/product/10542321,خاک گیاهان آپارتمانی 10 لیتری (بسترکشت، لچوزا، پرلیت، کوکوچیپس، پیتماس، بستر کشت، خاک گل و گیاه آپارتمانی، پسکرایه ),,710000,71000.0,10.0,,True,2025-08-06 09:37:31,2025-08-10 14:05:09
https://basalam.com/agnessoil/product/18616980,خاک سانسوریا آگنس 3 لیتری,,127000,42333.333333333336,3.0,,True,2025-08-06 09:37:32,2025-08-10 14:04:51
https://basalam.com/asalpeyman/product/9691229,خاک رس - 500 گرم,,170000,nan,,,True,2025-08-06 09:37:32,2025-08-10 14:04:54
https://basalam.com/linne/product/13105468,خاک و بستر تخصصی پرورش و کاشت سانسوریا و زاموفیلیا 25 لیتری بهرشد,,160000,6400.0,25.0,,True,2025-08-06 09:37:32,2025-08-10 14:04:56
https://basalam.com/lilium_plants/product/12209123,خاک مناسب اکثر گیاهان آپارتمانی 3 لیتری,,108000,36000.0,3.0,,True,2025-08-06 09:37:33,2025-08-10 14:04:59
https://basalam.com/cafeflower/product/9642038,خاک گلدان ترکیبی با خاکبرگ و...با کیفیت,,3300000,nan,,,True,2025-08-06 09:37:33,2025-08-10 14:05:01
https://basalam.com/giyah-atlas/product/20313781,خاک هلندی سبزآفرین مناسب گیاهان آپارتمانی 4 لیتری,,78900,19725.0,4.0,,True,2025-08-06 09:37:33,2025-08-10 14:05:04
https://basalam.com/karbala110/product/11253053,خاک تربت کربلا,,16000,nan,,,True,2025-08-06 09:37:34,2025-08-10 14:05:07
https://basalam.com/kolbegoldoon/product/18535243,خاک ژله ای کروی رنگی مخلوط,,6500,nan,,,True,2025-08-06 09:37:34,2025-08-10 14:05:18
https://basalam.com/kolbegoldoon/product/18535119,خاک ژله ای کروی شفاف بسته پر,,6500,nan,,,True,2025-08-06 09:37:34,2025-08-10 14:05:21
https://basalam.com/kolbegoldoon/product/18425089,خاک ژله ای کروی ابی رنگ,,6500,nan,,,True,2025-08-06 09:37:35,2025-08-10 14:05:24
https://basalam.com/royagolspadan/product/21789069,خاک مخصوص گل ارکیده هزینه ارسال بصورت پس کرایه و بعهده مشتری می باشد,,299000,nan,,,True,2025-08-06 09:37:35,2025-08-10 14:08:22
https://basalam.com/mkt/product/5732625,خاک بستر کشت سایز متوسط 10 لیتری سرزمین خاک,,98000,12540.0,10.0,,True,2025-08-06 09:37:35,2025-08-10 14:09:04
https://basalam.com/mkt/product/5840615,خاک بستر کشت سایز متوسط 10 لیتری آقای خاک,,88000,11260.0,10.0,,True,2025-08-06 09:37:36,2025-08-10 14:09:01
https://basalam.com/mkt/product/5731365,خاک گلدان سایز متوسط 10 لیتری سرزمین خاک,,98000,12540.0,10.0,,True,2025-08-06 09:37:36,2025-08-10 14:08:56
https://basalam.com/mkt/product/5731890,خاک باغچه سایز بزرگ 20 لیتری سرزمین خاک,,178700,11435.0,20.0,,True,2025-08-06 09:37:36,2025-08-10 14:08:59
https://basalam.com/sabzbad/product/8651383,خاک برگ گیاهان آپارتمانی,,85000,nan,,,,2025-08-06 09:37:37,2025-08-06 11:49:34
https://basalam.com/sabzbad/product/9352508,خاک مخصوص قلمه,,97000,nan,,,,2025-08-06 09:37:37,2025-08-06 11:49:35
https://basalam.com/ariyana_keshavarz/product/15560578,خاک بستر آماده گلدان جدید,,100000,nan,,,True,2025-08-06 09:37:37,2025-08-10 14:08:33
https://basalam.com/ariyana_keshavarz/product/15748965,خاک بستر گلدان گیاهان آپارتمانی,,300000,nan,,,True,2025-08-06 09:37:38,2025-08-10 14:08:43
https://basalam.com/a3man/product/18232931,خاک گلدان عالی و مرغوب,,135000,nan,,,True,2025-08-06 09:37:38,2025-08-10 14:09:30
https://basalam.com/golsaraye_behesht/product/14743781,خاک کاکتوس30لیتری ملکه,,295000,9833.333333333334,30.0,,True,2025-08-06 09:37:38,2025-08-10 14:09:25
https://basalam.com/golsaraye_behesht/product/15198798,خاک مخصوص قلمه زنی ملکه,,88000,nan,,,True,2025-08-06 09:37:39,2025-08-10 14:09:28
https://basalam.com/royanclinic-birjand/product/19265708,خاک برگ گیلدا/مناسب برای گل و گیاه آپارتمانی,,130000,nan,,,True,2025-08-06 09:37:40,2025-08-10 14:06:08
https://basalam.com/abo_khak_alborz/product/11101501,خاک کوکوپیت سریلانکا فله ای یک کیلو گرمی,,150000,nan,,,True,2025-08-06 09:37:40,2025-08-10 14:06:11
https://basalam.com/kagegol/product/23581232,خاک تخصصی,,450000,nan,,,True,2025-08-06 09:37:40,2025-08-10 14:06:13
https://basalam.com/patooghketab/product/3741551,خاک های نرم کوشک,,170000,nan,,,True,2025-08-06 09:37:41,2025-08-10 14:09:12
https://basalam.com/kafel/product/21938536,خاک پلنت 100 گرمی ( پس کرایه ),,45000,nan,,,True,2025-08-06 09:37:41,2025-08-10 14:06:16
https://basalam.com/v_329363/product/18376582,خاک ژله ای قرمز یکدست بسته های پر چهار عددی,,50000,nan,,,True,2025-08-06 09:37:42,2025-08-10 14:06:19
https://basalam.com/v_329363/product/18376637,خاک ژله ای شفاف بسته های پر چهار عددی,,50000,nan,,,True,2025-08-06 09:37:42,2025-08-10 14:06:21
https://basalam.com/golkhaneh_roza/product/18049214,خاک مخصوص گل (پس کرایه),,80000,nan,,,True,2025-08-06 09:37:42,2025-08-10 14:06:24
https://basalam.com/raheleshirzad1365/product/13868117,خاک باغچه,,55000,nan,,,True,2025-08-06 09:37:43,2025-08-10 14:08:28
https://basalam.com/farahaniiii/product/15236933,خاک برگ پوسیده شده(مناسب برای گیاهان آپارتمانی وگلدان) (پس کرایه),,149000,nan,,,True,2025-08-06 09:37:43,2025-08-10 14:06:33
https://basalam.com/almase_sorkh/product/11141479,خاک کاکتوس و ساکولنت گیلدا مدل GC01L بسته 1 لیتری,,55000,55000.0,1.0,,True,2025-08-06 09:37:43,2025-08-10 14:06:44
https://basalam.com/almase_sorkh/product/11141731,خاک سبزی کاری گیلدا مدل GS4L حجم 4 لیتر,,110000,27500.0,4.0,,True,2025-08-06 09:37:44,2025-08-10 14:06:47
https://basalam.com/sismonidanesh/product/17179127,خاک های نرم کوشک,,150000,nan,,,True,2025-08-06 09:37:44,2025-08-10 14:06:49
https://basalam.com/nikobazrir/product/22108316,خاک ژله ای شفاف(بی رنگ) 24 عددی,,220000,nan,,,True,2025-08-06 09:37:44,2025-08-10 14:08:51
https://basalam.com/giyahinoomde/product/13914605,خاک رس قرمز 500 گرمی گیاهینو,,75000,nan,,,True,2025-08-06 09:37:45,2025-08-10 14:08:19
https://basalam.com/kolbegoldoon/product/17772805,خاک ژله ای کروی بیرنگ حدود 5 گرم,,55000,nan,,,True,2025-08-06 09:37:45,2025-08-10 14:06:39
https://basalam.com/saniteb/product/24555975,خاک رس آرگیل - مخصوص پوست چرب,,50000,nan,,,True,2025-08-06 09:37:45,2025-08-10 14:06:36
https://basalam.com/agnessoil/product/18614622,خاک بنفشه آفریقایی آگنس 1.5 لیتری,,125000,125000.0,1.5,,True,2025-08-06 09:37:46,2025-08-10 14:06:41
https://basalam.com/epic_agricultural_complex/product/10115521,خاک بیست لیتر مناسب بیشتر گل ها,,150000,nan,,,True,2025-08-06 09:37:46,2025-08-10 14:07:02
https://basalam.com/our_lady_violet/product/3799333,خاک ( خالص ) پیت ماس پیتماس هلندی Free Peat مخصوص گلدان- و گیاهان آپارتمانی ظریف ، 10 لیتری,,550000,55000.0,10.0,,True,2025-08-06 09:37:46,2025-08-10 14:08:48
https://basalam.com/our_lady_violet/product/1527238,خاک خالص پیتماس پیت ماس پیتماس هلندی مخصوص گلدان و گیاهان آپارتمانی 13لیتری,,750000,57692.307692307695,13.0,,True,2025-08-06 09:37:47,2025-08-10 14:08:46
https://basalam.com/tarhokhial/product/2494632,خاک 20 لیتری تای سیز خاک بسته بندی شده ضدعفونی شده بستر آماده کاشت,,190000,9500.0,20.0,,True,2025-08-06 09:37:47,2025-08-10 14:07:10
https://basalam.com/flower_amirhossein/product/23521301,خاک آپارتمانی 2 کیلویی,,22000,11000.0,2.0,,True,2025-08-06 09:37:47,2025-08-10 14:07:16
https://basalam.com/myleeches/product/6865618,خاک حلزون 10 کیلو مخصوص پرورش حلزون اچاتینا البینو و اسکارگو,,180000,18000.0,10.0,,True,2025-08-06 09:37:48,2025-08-10 14:07:18
https://basalam.com/golden_goldon/product/11163744,خاک ژله ای بی رنگ شفاف .5 عددی,,45000,nan,,,True,2025-08-06 09:37:48,2025-08-10 14:08:54
https://basalam.com/dr_zand/product/22326367,خاک دیاتومه نیم کیلویی دکتر زندی,,663500,nan,,,True,2025-08-06 09:37:49,2025-08-10 14:07:13
https://basalam.com/banafshelahijan/product/17106316,خاک بنفشه آفریقایی 1.3کیلویی و ترکیبی برند pindestrup دانمارک,,140000,140000.0,1.3,,True,2025-08-06 09:37:49,2025-08-10 14:07:05
https://basalam.com/plascomahtab/product/12916661,خاک انداز پلاستیکی مدرن,,45000,nan,,,True,2025-08-06 09:37:49,2025-08-10 14:07:07
https://basalam.com/sabz-for-roshd/product/17250833,خاک غنی شده 5 لیتری همراه پرلیت برای گلدان و باغچه پیت ماس,,84000,16800.0,5.0,,True,2025-08-06 09:37:50,2025-08-10 14:08:25
https://basalam.com/bazrnemooneh/product/12459413,خاک تیمم (200 گرمی)در بسته بندی عالی با قیمت مناسب,,38000,nan,,,True,2025-08-06 09:37:50,2025-08-10 14:07:21
https://basalam.com/zerafat_shop/product/7374326,خاک بنسای 3 لیتری (بسته 3 عددی),,180000,60000.0,3.0,,True,2025-08-06 09:37:50,2025-08-10 14:06:52
https://basalam.com/zerafat_shop/product/6418097,خاک برگ 15 لیتری صدفی,,95000,6333.333333333333,15.0,,True,2025-08-06 09:37:51,2025-08-10 14:06:55
https://basalam.com/atlasiha/product/23807389,خاک بونسای گیلدا 2 لیتر,,135000,67500.0,2.0,,True,2025-08-06 09:37:51,2025-08-10 14:06:57
https://basalam.com/atlasiha/product/23811015,خاک برگ بهکام 15 لیتر,,220000,14666.666666666666,15.0,,True,2025-08-06 09:37:51,2025-08-10 14:07:00
https://basalam.com/green-mile/product/21498933,خاک مخصوص انواع کاکتوس و ساکولنت ها,,40000,nan,,,True,2025-08-06 09:37:52,2025-08-10 14:07:24
https://basalam.com/saeedgol/product/22236366,خاک قلمه زنی 2 لیتری ملکه,,92000,46000.0,2.0,,True,2025-08-06 09:37:52,2025-08-10 14:08:00
https://basalam.com/zanjirenayab/product/8341569,خاک مخصوص زنجیره نایاب,,165000,nan,,,True,2025-08-06 09:37:53,2025-08-10 14:07:45
https://basalam.com/teligoli/product/19067271,خاک گل و گیاه صادراتی گلدانی بسته دو و نیم کیلویی,,53000,nan,,,True,2025-08-06 09:37:53,2025-08-10 14:07:27
https://basalam.com/sadra_biotech/product/947059,خاک بنفشه آفریقایی,,80000,nan,,,True,2025-08-06 09:37:53,2025-08-10 14:07:55
https://basalam.com/khakdaneh/product/16048673,خاک کاکتوس، سانسوریا، ساکولنت خاک دانه 3 کیلوگرم,,149000,49666.666666666664,3.0,,True,2025-08-06 09:37:54,2025-08-10 14:07:58
https://basalam.com/leaves/product/10540944,خاک گیاهان آپارتمانی 5 لیتری (بسترکشت، لچوزا، پرلیت، کوکوچیپس، پیتماس، بستر کشت، خاک گل و گیاه آپارتمانی، پسکرایه ),,390000,78000.0,5.0,,True,2025-08-06 09:37:54,2025-08-10 14:07:53
https://basalam.com/drkia/product/15512765,خاک بنتونیت بسته 100 گرمی,,55000,nan,,,True,2025-08-06 09:37:54,2025-08-10 14:07:43
https://basalam.com/iranfarmer/product/14814439,خاک وبسترکشت هلندی بسته 100 لیتری,,3000000,30000.0,100.0,,True,2025-08-06 09:37:55,2025-08-10 14:07:29
https://basalam.com/rooyangol/product/20970578,خاک مخصوص زاموفیلیا و سانسوریا رویان گل بسته 7لیتری,,245000,35000.0,7.0,,True,2025-08-06 09:37:55,2025-08-10 14:07:35
https://basalam.com/rooyangol/product/20970801,خاک کاکتوس و ساکولنت رویان گل بسته 5لیتری,,85000,17000.0,5.0,,True,2025-08-06 09:37:55,2025-08-10 14:07:37
https://basalam.com/taravatkhaneh/product/19520654,خاک ویژه گیاهان آپارتمانی برگسار، 6لیتری,,200000,33333.333333333336,6.0,,True,2025-08-06 09:37:56,2025-08-10 14:07:40
https://basalam.com/hastimahdi/product/14502460,خاک ژله ای مدل Seven Color بسته 3 عددی,,29900,nan,,,True,2025-08-06 09:37:56,2025-08-10 14:07:32
https://basalam.com/keshavaezkala/product/24609697,خاک کوکوپیت,,75000,nan,,,True,2025-08-06 09:37:58,2025-08-10 14:07:48
https://basalam.com/keshavaezkala/product/24609659,خاک پیت ماس,,75000,nan,,,True,2025-08-06 09:37:58,2025-08-10 14:07:50
https://basalam.com/cafegoll_com/product/8671601,خاک مخصوص سانسوریا 5 لیتری (پس کرایه),,85500,19000.0,5.0,,True,2025-08-06 09:37:58,2025-08-10 14:09:33
https://basalam.com/organik.shop/product/22311783,خاک رس پوست چرب 186 گرم,,82500,nan,,,True,2025-08-06 09:37:59,2025-08-10 14:08:03
https://basalam.com/papayazarabad/product/9438465,خاک آبرفتی جلگه درجه یک بدون هیچگونه زبری برای کاشت درختان خاص موز پاپایا گل استوایی که نسبت رس و ماسه اون تنظیمه و نرمه,,55000,nan,,,True,2025-08-06 09:37:59,2025-08-10 14:08:06
https://basalam.com/agnessoil/product/18613927,خاک زاموفیلیا آگنس 3.5 لیتری,,130000,43333.333333333336,3.5,,True,2025-08-06 09:38:00,2025-08-10 14:08:08
https://basalam.com/goldoonbazaar/product/19510411,خاک سانسوریا 10 لیتری ملکه,,202000,20200.0,10.0,,True,2025-08-06 09:38:00,2025-08-10 14:09:17
https://basalam.com/goldoonbazaar/product/19511154,خاک زاموفیلیا 10 لیتری ملکه,,202000,20200.0,10.0,,True,2025-08-06 09:38:01,2025-08-10 14:09:14
https://basalam.com/karbala110/product/11209742,خاک تیمم,,100000,nan,,,True,2025-08-06 09:38:01,2025-08-10 14:08:11
https://basalam.com/cafegoll_com/product/9198620,خاک تخصصی هویا بسته ی 5 لیتری (پس کرایه),,85500,19000.0,5.0,,True,2025-08-06 09:38:01,2025-08-10 14:09:35
https://basalam.com/kolbeshadiiii/product/22147503,خاک ژله ای کروی رنگبندی مخلوط,,7000,nan,,,True,2025-08-06 09:38:02,2025-08-10 13:45:27
https://basalam.com/parlag/product/840850,خاک رس بنتونیت سفید مخصوص ماسک صورت 360 گرم,,98000,nan,,,True,2025-08-06 09:38:02,2025-08-10 14:09:22
https://basalam.com/parlag/product/840840,خاک رس بنتونیت سبز مخصوص ماسک صورت 360 گرم,,98000,nan,,,True,2025-08-06 09:38:02,2025-08-10 14:09:20
https://basalam.com/kolbegoldoon/product/18425062,خاک ژله ای کروی نارنجی رنگ,,6500,nan,,,True,2025-08-06 09:38:03,2025-08-10 14:08:14
https://basalam.com/ckarin_shop/product/10106690,خاک انداز دوستاره,,45500,nan,,,True,2025-08-06 09:38:03,2025-08-10 14:13:19
https://basalam.com/ckarin_shop/product/10107120,خاک انداز کوچک ایده آل,,35000,nan,,,True,2025-08-06 09:38:04,2025-08-10 14:13:21
https://basalam.com/sabzbad/product/9651913,خاک مخصوص کاکتوس,,87000,nan,,,True,2025-08-06 09:38:04,2025-08-10 14:13:13
https://basalam.com/mkt/product/5840405,خاک پبت ماس سایز بزرگ 20 لیتری آقای خاک,,179500,11490.0,20.0,,True,2025-08-06 09:38:04,2025-08-10 14:13:08
https://basalam.com/mkt/product/5840448,خاک سانسوریا سایز متوسط 10 لیتری آقای خاک,,99200,12700.0,10.0,,True,2025-08-06 09:38:05,2025-08-10 14:13:00
https://basalam.com/mkt/product/5732700,خاک سبزی کاری سایز متوسط 10 لیتری سرزمین خاک,,98700,12630.0,10.0,,True,2025-08-06 09:38:05,2025-08-10 11:42:56
https://basalam.com/mkt/product/5840364,خاک پیت ماس سایز متوسط 10 لیتری آقای خاک,,99500,12740.0,10.0,,True,2025-08-06 09:38:05,2025-08-10 14:13:06
https://basalam.com/mkt/product/5840668,خاک سبزی کاری سایز بزرگ 20 لیتری آقای خاک,,174500,11170.0,20.0,,True,2025-08-06 09:38:06,2025-08-10 14:13:03
https://basalam.com/golkadehmahya/product/18801573,خاک گیاهان آپارتمانی 6لیتری(پس کرایه),,150000,25000.0,6.0,,True,2025-08-06 09:38:06,2025-08-10 14:12:50
https://basalam.com/montakhab.co/product/10806223,خاک مخصوص سانسوریا سبزآفرین- وزن 1.700 کیلوگرم,,75000,75000.0,1.7,,True,2025-08-06 09:38:07,2025-08-10 14:14:04
https://basalam.com/ali-salimi/product/15219677,خاک 8 لیتری,,260000,32500.0,8.0,,True,2025-08-06 09:38:07,2025-08-10 14:13:32
https://basalam.com/ariyana_keshavarz/product/15226160,خاک سوپر سویل ریز مغذی میکرو,,100000,nan,,,True,2025-08-06 09:38:07,2025-08-10 14:13:11
https://basalam.com/jojeh/product/12404245,خاک گلدان یا بستر کشت مخصوص آناناس درجه یک,,127000,nan,,,True,2025-08-06 09:38:08,2025-08-10 14:13:35
https://basalam.com/ketabresan_net/product/16914672,خاک غریب,,295000,nan,,,True,2025-08-06 09:38:08,2025-08-10 14:09:38
https://basalam.com/dargol1367/product/12074494,خاک رس گیلدا 2لیتری (پس کرایه),,59000,29500.0,2.0,,True,2025-08-06 09:38:09,2025-08-10 14:09:40
https://basalam.com/dargol1367/product/12074580,خاک ارکیده 4لیتری (پس کرایه),,80000,20000.0,4.0,,True,2025-08-06 09:38:09,2025-08-10 14:09:43
https://basalam.com/hamyargol/product/18214741,خاک آماده 15 لیتری فرمول عمومی,,110000,7333.333333333333,15.0,,True,2025-08-06 09:38:09,2025-08-10 14:09:46
https://basalam.com/kafel/product/21854450,خاک ارکیده 2 لیتری (پس کرایه),,105000,52500.0,2.0,,True,2025-08-06 09:38:10,2025-08-10 14:09:48
https://basalam.com/baghcheyeh-yass/product/19036899,خاک مغذی باغچه ی یاس,,95000,nan,,,True,2025-08-06 09:38:10,2025-08-10 14:09:51
https://basalam.com/mahuragol/product/3938091,خاک مخصوص گلهای آپارتمانی بسته 15 لیتری ارسال با پست و باربری,,95000,6333.333333333333,15.0,,True,2025-08-06 09:38:10,2025-08-10 14:09:53
https://basalam.com/bgroma/product/21034828,خاک کاکتوس (پس کرایه) خاک سنگین,,40000,nan,,,True,2025-08-06 09:38:11,2025-08-10 14:09:56
https://basalam.com/danagupall/product/9906524,خاک روف گاردن 5 لیتری داناگوپال,,250000,50000.0,5.0,,True,2025-08-06 09:38:11,2025-08-10 14:09:59
https://basalam.com/danagupall/product/10419755,خاک گلدان 1 لیتری داناگوپال,,75000,75000.0,1.0,,True,2025-08-06 09:38:12,2025-08-10 14:10:01
https://basalam.com/bazriran/product/7826133,خاک کاکتوس و ساکولنت بسته بندی (1500 گرمی).,,66300,66300.0,1.5,,True,2025-08-06 09:38:12,2025-08-10 11:43:07
https://basalam.com/greenrose/product/12644631,خاک آماده کاشت 4لیتری باغبان,,45000,11250.0,4.0,,True,2025-08-06 09:38:12,2025-08-10 14:12:47
https://basalam.com/goldooneye_zendegi/product/7303594,خاک مخصوص زاموفیلیا (یک لیتر ) (با حداقل 250 تومن خرید از غرفمون ارسالمون ب نفع هردومون میشه)(هزینه پسکرایه),,48000,nan,,,True,2025-08-06 09:38:13,2025-08-10 14:10:04
https://basalam.com/goldooneye_zendegi/product/7303472,خاک مخصوص گل های آپارتمانی (یک لیتری)(با حداقل 250 تومن خرید از غرفمون ارسالمون ب نفع هردومون میشه)(هزینه پسکرایه),,25000,nan,,,True,2025-08-06 09:38:13,2025-08-10 14:10:07
https://basalam.com/soilarghavan/product/6421315,خاک حلزون،خاک پرورش حلزون,,28850,nan,,,True,2025-08-06 09:38:14,2025-08-10 14:10:10
https://basalam.com/almase_sorkh/product/11140985,خاک ذغال گیلدا مدل GZ50 وزن 50 گرم,,35000,nan,,,True,2025-08-06 09:38:14,2025-08-10 14:10:12
https://basalam.com/silver_edalat/product/11673121,خاک تیمم مخلوط با تربت کربلا,,55200,nan,,,True,2025-08-06 09:38:14,2025-08-10 14:10:15
https://basalam.com/monobook/product/9103331,خاک آمریکا،نشت شوریدگی های مهاجری رها در بند نشر در قلم کد 20012,,102700,nan,,,True,2025-08-06 09:38:15,2025-08-10 14:10:17
https://basalam.com/mahsan_accessory/product/19132519,خاک ژله ای عمده وتک,,10000,nan,,,True,2025-08-06 09:38:15,2025-08-10 14:13:30
https://basalam.com/sadhu/product/10959844,خاک معطر طلایی نیروانا رایحه آمبر (عنبر),,287000,nan,,,True,2025-08-06 09:38:16,2025-08-10 14:10:20
https://basalam.com/agnessoil/product/18615947,خاک قلمه زنی آگنس 1.5 لیتری,,125000,125000.0,1.5,,True,2025-08-06 09:38:17,2025-08-10 14:10:23
https://basalam.com/agnessoil/product/18616295,خاک کاکتوس و ساکولنت آگنس 1.5 لیتری,,85000,85000.0,1.5,,True,2025-08-06 09:38:17,2025-08-10 14:10:26
https://basalam.com/lavazemtahrir_mehrdad/product/11837362,خاک ژله ای,,10000,nan,,,True,2025-08-06 09:38:18,2025-08-10 14:10:28
https://basalam.com/amirhosein_kh/product/6056540,خاک پلنت لحظه بسته یک کیلویی,,95000,nan,,,True,2025-08-06 09:38:18,2025-08-10 14:10:31
https://basalam.com/mahdicactus/product/4714704,خاک برگ با کیفیت عالی و صادراتی با وزن 13 لیتری و 6 کیلویی,,150000,11538.461538461539,13.0,,True,2025-08-06 09:38:18,2025-08-10 11:43:14
https://basalam.com/somo/product/16962938,خاک ژله ای 8 رنگ و بی رنگ,,8000,nan,,,True,2025-08-06 09:38:19,2025-08-10 14:14:07
https://basalam.com/miadshimii/product/20248470,خاک دیاتومه برای دفع حشرات موزی (از جمله ساس و کک)1کیلویی,,285000,285000.0,1.0,,True,2025-08-06 09:38:19,2025-08-10 14:13:59
https://basalam.com/pardisangolkade/product/5602727,خاک بنفشه آفریقایی حجم 4 لیتر مجموعه 4 عددی (پس کرایه),,560000,140000.0,4.0,,True,2025-08-06 09:38:20,2025-08-10 14:10:34
https://basalam.com/salthalit/product/21818352,خاک رس سفالگری,,99000,nan,,,True,2025-08-06 09:38:20,2025-08-10 14:10:36
https://basalam.com/our_lady_violet/product/1371198,خاک مخصوص 4 لیتری بنفشه آفریقایی و گیاهان آپارتمانی ظریف زینتی ترکیب پیتماس و پرلیت,,75000,18750.0,4.0,,True,2025-08-06 09:38:20,2025-08-10 14:13:51
https://basalam.com/muscleworm/product/14971085,خاک کوکوموس 5 لیتری ماسل ورم مخصوص زامیفولیا و سانسوریا (پس کرایه),,150000,30000.0,5.0,,True,2025-08-06 09:38:21,2025-08-10 14:10:39
https://basalam.com/golkhanekochek/product/17414591,خاک پوکه متوسط مخصوص قلمه در آب,,40000,nan,,,True,2025-08-06 09:38:21,2025-08-10 14:10:42
https://basalam.com/golkhanekochek/product/17413945,خاک سنگین کاکتوس,,50000,nan,,,True,2025-08-06 09:38:22,2025-08-10 14:10:44
https://basalam.com/atlasiha/product/23810240,خاک برگ گیلدا 12 لیتر,,490000,40833.333333333336,12.0,,True,2025-08-06 09:38:22,2025-08-10 14:10:47
https://basalam.com/atlasiha/product/23800885,خاک بستر آماده کاشت گیلدا 30 لیتر,,550000,18333.333333333332,30.0,,True,2025-08-06 09:38:22,2025-08-10 14:10:51
https://basalam.com/atlasiha/product/23801862,خاک بنفشه آفریقایی گیلدا 2 لیتر,,250000,125000.0,2.0,,True,2025-08-06 09:38:23,2025-08-10 14:10:54
https://basalam.com/epic_agricultural_complex/product/10124832,خاک کاکتوس,,50000,nan,,,True,2025-08-06 09:38:23,2025-08-10 14:10:57
https://basalam.com/zerafat_shop/product/6209007,خاک بنفشه آفریقایی 3 لیتری,,69000,23000.0,3.0,,True,2025-08-06 09:38:24,2025-08-10 14:10:59
https://basalam.com/zerafat_shop/product/7404351,خاک کاکتوس سوپر 5 لیتری (بسته 3 عددی),,199000,39800.0,5.0,,True,2025-08-06 09:38:24,2025-08-10 14:11:02
https://basalam.com/javaherdoozi_nafis/product/6372206,خاک ژله ای گرد ریز جهت کاشت سبزه نوروز فروشگاه خرازی نفیس,,10000,nan,,,True,2025-08-06 09:38:24,2025-08-10 14:11:05
https://basalam.com/tetisa_greenhouse/product/5145805,خاک آماده گیاهان آپارتمانی 2 لیتری بدون خاک برگ,,40000,20000.0,2.0,,True,2025-08-06 09:38:25,2025-08-10 14:11:07
https://basalam.com/tetisa_greenhouse/product/4818132,خاک آماده گیاهان آپارتمانی 2 لیتری,,30000,15000.0,2.0,,True,2025-08-06 09:38:25,2025-08-10 14:11:10
https://basalam.com/tetisa_greenhouse/product/4863285,خاک آماده گیاهان آپارتمانی 5 لیتری,,70000,14000.0,5.0,,True,2025-08-06 09:38:26,2025-08-10 14:11:12
https://basalam.com/chenaniyousof/product/10121471,خاک مخصوص قلمه,,70000,nan,,,True,2025-08-06 09:38:26,2025-08-10 14:11:15
https://basalam.com/golden_goldon/product/9707615,خاک ژله ای بی رنگ شفاف .4 عددی,,35000,nan,,,True,2025-08-06 09:38:27,2025-08-10 14:13:48
https://basalam.com/golden_goldon/product/8853981,خاک ژله ای بی رنگ شفاف . 3 عددی,,25000,nan,,,True,2025-08-06 09:38:27,2025-08-10 14:13:46
https://basalam.com/pingpong35/product/18084395,خاک برگ سبک 10کیلویی,,145000,14500.0,10.0,,True,2025-08-06 09:38:27,2025-08-10 14:11:18
https://basalam.com/romakgallery/product/8886824,خاک رس سفید 200 گرم,,165000,nan,,,True,2025-08-06 09:38:28,2025-08-10 14:11:20
https://basalam.com/mchavoosh/product/8269840,خاک کامل گلدان,,189000,nan,,,True,2025-08-06 09:38:28,2025-08-10 14:11:23
https://basalam.com/mchavoosh/product/9712274,خاک کامل گلدان فله ای کیمیا,,21000,nan,,,True,2025-08-06 09:38:29,2025-08-10 14:11:26
https://basalam.com/cactusnewhome/product/14893554,خاک گیاهان آپارتمانی (پس کرایه),,250000,nan,,,True,2025-08-06 09:38:29,2025-08-10 14:11:28
https://basalam.com/saadatfatehi/product/12764090,خاک مخصوص بنفشه آفریقائی دولیتری مارک ملکه,,75000,nan,,,True,2025-08-06 09:38:29,2025-08-10 14:11:31
https://basalam.com/keshavarzmarket/product/18962284,خاک بستر آماده کاشت 4 لیتر باغبان,,135000,33750.0,4.0,,True,2025-08-06 09:38:30,2025-08-10 14:11:33
https://basalam.com/keshavarzmarket/product/18824964,خاک گل بنفشه آفریقایی باغبان,,157000,nan,,,True,2025-08-06 09:38:30,2025-08-10 13:45:30
https://basalam.com/miadshimii/product/20248509,خاک دیاتومه برای دفع حشرات موزی 5کیلویی,,1000000,200000.0,5.0,,True,2025-08-06 09:38:31,2025-08-10 13:45:37
https://basalam.com/dashtesabz-shop/product/5478417,خاک برگ 15 لیتری بهکام,,184000,12266.666666666666,15.0,,True,2025-08-06 09:38:31,2025-08-10 14:11:36
https://basalam.com/brickaghigh/product/14753520,خاک نسوز,,410000,nan,,,True,2025-08-06 09:38:32,2025-08-10 14:11:38
https://basalam.com/saeedgol/product/22236843,خاک کاکتوس 7 لیتری ملکه,,105000,15000.0,7.0,,True,2025-08-06 09:38:32,2025-08-10 14:11:41
https://basalam.com/mahan_modern/product/21778575,خاک ژله ای مدل کریستالی وزن 2 گرم بسته 4 عددی,,42300,nan,,,True,2025-08-06 09:38:32,2025-08-10 14:11:44
https://basalam.com/mahan_modern/product/21777818,خاک ژله ای مدل seven color بسته 5 عددی,,42770,nan,,,True,2025-08-06 09:38:33,2025-08-10 14:11:46
https://basalam.com/giahpezshk/product/11073516,خاک مناسب کاکتوس و ساکولنت بسته بندی 2.5 کیلوگرمی,,34900,17450.0,2.5,,True,2025-08-06 09:38:33,2025-08-10 14:11:49
https://basalam.com/lavazem_janebi_talkhabi/product/7506210,خاک ژله ای رنگی مدل Seven Color،مناسب برای سبزه،گلها،گلدان آکواریوم،تنگ آب و... (تخفیف ویژه),,8000,nan,,,True,2025-08-06 09:38:34,2025-08-10 14:12:34
https://basalam.com/sefidab/product/5468379,خاک رس قرمز طبی یک کیلویی,,1500000,nan,,,True,2025-08-06 09:38:34,2025-08-10 14:12:37
https://basalam.com/foroshgah_kazemi/product/11627297,خاک انداز,,28000,nan,,,True,2025-08-06 09:38:34,2025-08-10 14:11:52
https://basalam.com/hastimahdi/product/14502081,خاک ژله ای مدل Seven Color بسته 2 عددی,,18000,nan,,,True,2025-08-06 09:38:35,2025-08-10 14:11:54
https://basalam.com/golkadehbahar/product/21580611,خاک مخصوص گل های آپارتمانی,,150000,nan,,,True,2025-08-06 09:38:35,2025-08-10 14:11:57
https://basalam.com/makanshimi/product/21969419,خاک دیاتومه و سه سم قوی برای ساس فوق قوی,,990000,nan,,,True,2025-08-06 09:38:36,2025-08-10 14:13:16
https://basalam.com/nikobazrir/product/12235007,خاک ژله ای رنگی (3 بسته ),,29000,nan,,,True,2025-08-06 09:38:36,2025-08-10 14:13:43
https://basalam.com/khakdaneh/product/15540157,خاک فوق سبک غنی شده، بنفشه آفریقایی خاک دانه(حجم 4 لیتر),,139000,34750.0,4.0,,True,2025-08-06 09:38:38,2025-08-10 13:45:35
https://basalam.com/kods/product/15429777,خاک بستر کشت مخلوط پرلیت ورمی کمپوست پیت ماس کوکوپیت,,4500000,nan,,,True,2025-08-06 09:38:38,2025-08-10 14:12:00
https://basalam.com/rahimi_khoor/product/2740798,خاک گلدان درجه یک ارگانیک,,129000,nan,,,True,2025-08-06 09:38:38,2025-08-10 14:12:03
https://basalam.com/linne/product/13105569,خاک و بستر تخصصی پرورش و کاشت کاکتوس و ساکولنت 25 لیتری بهرشد,,150000,6000.0,25.0,,True,2025-08-06 09:38:39,2025-08-10 14:12:39
https://basalam.com/cafegoll_com/product/11304456,خاک مخصوص کاکتوس و ساکولنت( 5 لیتری ) (پس کرایه),,85500,19000.0,5.0,,True,2025-08-06 09:38:39,2025-08-10 14:13:54
https://basalam.com/giyah-atlas/product/20313844,خاک هلندی سبز آفرین مناسب گیاهان آپارتمانی 10 لیتری,,95500,9550.0,10.0,,True,2025-08-06 09:38:40,2025-08-10 14:12:42
https://basalam.com/lilium_plants/product/12209154,خاک مناسب اکثر گیاهان آپارتمانی 5 لیتری,,180000,36000.0,5.0,,True,2025-08-06 09:38:40,2025-08-10 14:12:45
https://basalam.com/cafegoll_com/product/5080803,خاک مخصوص گیاهان آپارتمانی (پس کرایه),,25200,nan,,,True,2025-08-06 09:38:41,2025-08-10 14:13:56
https://basalam.com/mazrae_khone/product/719048,خاک ژله ای شفاف بی رنگ,,15000,nan,,,True,2025-08-06 09:38:41,2025-08-10 14:12:18
https://basalam.com/goldoonbazaar/product/19512085,خاک قلمه زنی 2 لیتری ملکه,,85000,42500.0,2.0,,True,2025-08-06 09:38:41,2025-08-10 14:13:41
https://basalam.com/goldoonbazaar/product/19511364,خاک بونسای 2 لیتری ملکه,,85000,42500.0,2.0,,True,2025-08-06 09:38:42,2025-08-10 14:13:38
https://basalam.com/starmasho/product/12221432,خاک برگ الک شده ضد قارچ ارگانیک حدود 2 تا 3 کیلویی,,45000,15000.0,3.0,,True,2025-08-06 09:38:42,2025-08-10 14:13:24
https://basalam.com/giahpezshk/product/11073575,خاک برگ گلدان بسته بندی 4.5 کیلوگرمی بسیار با کیفیت,,41000,10250.0,4.5,,True,2025-08-06 09:38:43,2025-08-10 14:12:05
https://basalam.com/igool/product/5157734,خاک نیمه سنگین مناسب گیاهانی مانند فیکوس و سانسوریا,,29000,nan,,,True,2025-08-06 09:38:43,2025-08-10 14:12:08
https://basalam.com/igool/product/5157617,خاک سبک برای ریشه دار کردن قلمه ها حاوی کوکوپیت و پرلیت,,49000,nan,,,True,2025-08-06 09:38:44,2025-08-10 14:12:10
https://basalam.com/miadshimii/product/20248489,خاک دیاتومه برای دفع حشرات موزی 3کیلویی,,650000,216666.66666666666,3.0,,True,2025-08-06 09:38:44,2025-08-10 14:14:01
https://basalam.com/kolbegoldoon/product/18424954,خاک ژله ای کروی قرمز رنگ,,6500,nan,,,True,2025-08-06 09:38:44,2025-08-10 14:12:23
https://basalam.com/kolbegoldoon/product/18424997,خاک ژله ای کروی سبز,,6500,nan,,,True,2025-08-06 09:38:45,2025-08-10 14:12:13
https://basalam.com/pardisangolkade/product/7180445,خاک بنفشه آفریقایی (2 لیتری )(حاوی پیت ماس) (پس کرایه),,90000,45000.0,2.0,,True,2025-08-06 09:38:45,2025-08-10 14:12:32
https://basalam.com/irancosmed/product/5857977,خاک رس قرمز (Red Cosmetic Clay) برای پوستهای حساس -سایز 250گرمی,,100450,nan,,,True,2025-08-06 09:38:46,2025-08-10 14:12:26
https://basalam.com/kharrazi_diyar2/product/17091125,خاک ژله ای بیرنگ 1 بسته,,15000,nan,,,True,2025-08-06 09:38:46,2025-08-10 14:12:29
https://basalam.com/organik.shop/product/22311769,خاک رس پوست معمولی 186 گرم,,82500,nan,,,True,2025-08-06 09:38:47,2025-08-10 14:12:21
https://basalam.com/mkt/product/5883014,10بسته خاک پیت ماس سایز بزرگ 20 لیتری سرزمین خاک معادل 200 لیتر (ارسال رایگان),,1770000,113280.0,20.0,,True,2025-08-06 09:38:47,2025-08-10 14:14:22
https://basalam.com/mkt/product/5883449,10بسته خاک پیت ماس سایز بزرگ 20 لیتری آقای خاک معادل 200 لیتر (ارسال رایگان),,1770000,113280.0,20.0,,True,2025-08-06 09:38:48,2025-08-10 14:14:24
https://basalam.com/mkt/product/5882915,10 بسته خاک برگ سایز بزرگ 20 لیتری سرزمین خاک معادل 200 لیتر (ارسال رایگان),,1760000,112640.0,20.0,,True,2025-08-06 09:38:48,2025-08-10 14:14:19
https://basalam.com/shafaoill/product/14308903,900 گرم خاک مردار سنگ مرداب سنگ نقره,,601300,nan,,,True,2025-08-06 09:38:48,2025-08-10 14:14:09
https://basalam.com/herbal_soap3/product/2563615,صابون خاک رس ( گلیسیرینه گیاهی دستساز 100 گرمی),,75000,nan,,,True,2025-08-06 09:38:49,2025-08-10 14:14:12
https://basalam.com/kashtebartar/product/16803490,بستر آماده کاشت درجه یک و عالی (50،15،5 لیتری ),,97500,19500.0,5.0,,True,2025-08-06 09:38:49,2025-08-10 14:14:14
https://basalam.com/kolbegoldoon/product/18535276,بسته 20 عددی خاک ژله ای مخلوط رنگی,,122000,nan,,,True,2025-08-06 09:38:50,2025-08-10 14:14:17
https://basalam.com/mkt/product/5884008,10 بسته خاک ورمی کمپوست سایز 20 لیتری آقای خاک معادل 200 لیتر (ارسال رایگان),,1790000,114560.0,20.0,,True,2025-08-06 09:38:50,2025-08-10 14:14:35
https://basalam.com/mkt/product/5883188,10 بسته خاک سبزی کاری سایز 20 لیتری سرزمین خاک معادل 200 لیتر (ارسال رایگان),,1760000,112640.0,20.0,,True,2025-08-06 09:38:51,2025-08-10 14:14:33
https://basalam.com/sadafjonob/product/6119599,30گرم خاک قرمز کاملا طبیعی ، نرم و اسیاب نشده، مناسب ساخت لوازم ارایشی طبیعی و کارهای هنری بهمین صورت عکس موجود میباشد,,150000,nan,,,True,2025-08-06 09:38:51,2025-08-10 14:14:27
https://basalam.com/kolbegoldoon/product/18424928,بسته 20 عددی خاک ژله ای در 5 رنگ مجزا,,122000,nan,,,True,2025-08-06 09:38:52,2025-08-10 14:14:30
https://basalam.com/mkt/product/5884049,10 بسته خاک بستر کشت سایز 20 لیتری آقای خاک معادل 200 لیتر (ارسال رایگان),,1760000,112640.0,20.0,,True,2025-08-06 09:38:52,2025-08-10 14:14:40
https://basalam.com/mkt/product/5883392,10 بسته خاک برگ سایز بزرگ 20 لیتری آقای خاک معادل 200 لیتر (ارسال رایگان),,1760000,112640.0,20.0,,True,2025-08-06 09:38:52,2025-08-10 14:14:49
https://basalam.com/mkt/product/5882781,10 بسته خاک گلدان سایز بزرگ 20 لیتری سرزمین خاک معادل 200 لیتر (ارسال رایگان),,1750000,112000.0,20.0,,True,2025-08-06 09:38:53,2025-08-10 14:14:43
https://basalam.com/mkt/product/5883423,10 بسته خاک باغچه سایز بزرگ 20 لیتری آقای خاک معادل 200 لیتر (ارسال رایگان),,1760000,112640.0,20.0,,True,2025-08-06 09:38:53,2025-08-10 14:14:46
https://basalam.com/khakdaneh/product/13395778,کوکوپیت 3 لیتری خاک دانه,,129000,43000.0,3.0,,True,2025-08-06 09:38:54,2025-08-10 14:14:38
https://basalam.com/mkt/product/5884077,10 بسته خاک سبزی کاری سایز 20 لیتری آقای خاک معادل 200 لیتر (ارسال رایگان),,1765000,112960.0,20.0,,True,2025-08-06 09:38:54,2025-08-10 14:14:59
https://basalam.com/bookyek/product/11702528,کتاب خاک کارخانه اطراف,,355180,nan,,,True,2025-08-06 09:38:55,2025-08-10 14:14:51
https://basalam.com/kashtebartar/product/1564786,بهترین خاک برگ غنی شده (یک، 1و750 ،5 و 8 و 17کیلویی ),,45000,2647.0588235294117,17.0,,True,2025-08-06 09:38:55,2025-08-10 14:14:54
https://basalam.com/mkt/product/5882955,10 بسته خاک باغچه سایز بزرگ 20 لیتری سرزمین خاک معادل 200 لیتر (ارسال رایگان),,1760000,112640.0,20.0,,True,2025-08-06 09:38:56,2025-08-10 14:14:57
https://basalam.com/mkt/product/5883469,10 بسته خاک سانسوریا سایز 20 لیتری آقای خاک معادل 200 لیتر (ارسال رایگان),,1775000,113600.0,20.0,,True,2025-08-06 09:38:56,2025-08-10 14:15:12
https://basalam.com/mkt/product/5883369,10 بسته خاک گلدان سایز بزرگ 20 لیتری آقای خاک معادل 200 لیتر (ارسال رایگان),,1750000,112000.0,20.0,,True,2025-08-06 09:38:57,2025-08-10 14:15:09
https://basalam.com/mkt/product/5884028,10 بسته خاک دامی سایز بزرگ 20 لیتری آقای خاک معادل 200 لیتر (ارسال رایگان),,1740000,111360.0,20.0,,True,2025-08-06 09:38:57,2025-08-10 10:04:18
https://basalam.com/bazriran/product/7755537,کود دامی کمپوست شده مناسب برای خاک گیاهان بسته بندی ( 1000 گرمی).,,33800,33800.0,1.0,,True,2025-08-06 09:38:57,2025-08-10 14:15:14
https://basalam.com/rostam_cactus/product/17634884,کاکتوس افوربیا لاکتی روی خاک (سبز),,150000,nan,,,True,2025-08-06 09:38:58,2025-08-10 14:15:02
https://basalam.com/mkt/product/5883157,10 بسته خاک بستر کشت سایز 20 لیتری سرزمین خاک معادل 200 لیتر (ارسال رایگان),,1750000,112000.0,20.0,,True,2025-08-06 09:38:58,2025-08-10 14:15:28
https://basalam.com/goldooneye_zendegi/product/7303670,پک خاک آپارتمانی و کاکتوس و زاموفیلیا (با حداقل 400 تومن خرید از غرفه ارسال قطعی میشه)(هزینه پسکرایه),,98000,nan,,,True,2025-08-06 09:39:07,2025-08-10 14:15:17
https://basalam.com/attari_chehel_geyah/product/8301079,کاکوتی اردبیل (( کهلیک اوتی )) طعم و عطر بینظیر دستچین ، بدون خاک,,45000,nan,,,True,2025-08-06 09:39:07,2025-08-10 14:15:20
https://basalam.com/sangchin1/product/6791126,(تیله ای نیست) خاک ژله ای شفاف خاک ژله ای بی رنگ 5 گرمی باکیفیت عالی خاک ژله ای سفید,,20000,nan,,,True,2025-08-06 09:39:08,2025-08-10 14:15:30
https://basalam.com/bookyek/product/11701400,کتاب خاک آمریکا نشر آموت,,645000,nan,,,True,2025-08-06 09:39:08,2025-08-10 14:15:23
https://basalam.com/igool/product/6368190,پک خاک کوکوپیت پیت ماس و لیکاپن بسیار با کیفیت و مناسب انواع گیاهان آپارتمانی,,350000,nan,,,True,2025-08-06 09:39:09,2025-08-10 14:15:25
https://basalam.com/mkt/product/5883081,10 بسته خاک ورمی کمپوست سایز 20 لیتری سرزمین خاک معادل 200 لیتر (ارسال رایگان),,1790000,114560.0,20.0,,True,2025-08-06 09:39:09,2025-08-10 14:15:41
https://basalam.com/mkt/product/5883128,10 بسته خاک دامی سایز بزرگ 20 لیتری سرزمین خاک معادل 200 لیتر (ارسال رایگان),,1740000,111360.0,20.0,,True,2025-08-06 09:39:10,2025-08-10 14:15:43
https://basalam.com/mkt/product/5883050,10 بسته خاک سانسوریا سایز 20 لیتری سرزمین خاک معادل 200 لیتر (ارسال رایگان),,1775000,113600.0,20.0,,True,2025-08-06 09:39:10,2025-08-10 14:15:38
https://basalam.com/golsaraye_behesht/product/14242822,خاکبرگ ترکیبی2و نیم لیتری ملکه,,55000,nan,,,True,2025-08-06 09:39:11,2025-08-10 14:15:36
https://basalam.com/kashtebartar/product/10593010,اسید هیومیک پودری 50 گرمی و ( 10 کیلویی فرومیتو ),,75000,nan,,,True,2025-08-06 09:39:11,2025-08-10 14:15:33
https://basalam.com/goldoone.qom/product/16900291,قارچ کش کاربندازیم سیستمیک(آبیاری)قارچ کش و ضدعفونی خاک و ریشه گیاهان-سم قارچکش کاربندازیم- گیاهان آپارتمانی- گلدونه,,22000,nan,,,,2025-08-06 09:39:12,2025-08-06 11:54:44
https://basalam.com/ir_hakim/product/3214891,ماسک خاک رس سفید، لایه بردار، سفید کننده و روشن کننده پوست، پاکسازی منافذ و از بین برنده چربی اضافی پوست,,59000,nan,,,True,2025-08-06 09:39:12,2025-08-10 14:22:01
https://basalam.com/darya_gooshe_shomal/product/9623343,گل کاغذی بنفش قرمز سرخابی صورتی زرد سفید طبیعی ارتفاع حدود 30 سانت از سطح خاک ارسال پسکرایه باربری با هزینه مشتری,,218900,nan,,,,2025-08-06 09:39:13,2025-08-06 11:54:38
https://basalam.com/soilarghavan/product/14255683,کود گرانولی هیومیک و کربن آلی ، چالکود،مکمل گلدان،تقویت خاک باغ یک کیلو,,62000,nan,,,True,2025-08-06 09:39:13,2025-08-10 14:23:14
https://basalam.com/ghetmir-ir/product/23997985,برچسب خاک باش,,3000,nan,,,True,2025-08-06 09:39:13,2025-08-10 14:24:50
https://basalam.com/cafegoll_com/product/9556721,کوکوپیت سریلانکا ( 5 لیتری ) خاک (پس کرایه),,85500,19000.0,5.0,,True,2025-08-06 09:39:14,2025-08-10 14:15:51
https://basalam.com/khakdaneh/product/15333094,پرلیت سایز متوسط خاک دانه حجم 3 لیتر,,125000,41666.666666666664,3.0,,True,2025-08-06 09:39:14,2025-08-10 14:15:49
https://basalam.com/soilarghavan/product/16611519,کود گوگرد،ضد قارچ خاک ،کودتقویت خاک ،200گرم,,27000,nan,,,True,2025-08-06 09:39:15,2025-08-10 14:18:36
https://basalam.com/tebgiah/product/7620698,مریم گلی یا گیاه سالویا 100گرمی تمیز بدون خاک,,40000,nan,,,True,2025-08-06 09:39:15,2025-08-10 14:23:25
https://basalam.com/khakdaneh/product/13539802,کود مخصوص ریشه زایی و حفظ بافت خاک حاوی میکروارگانیسم مفید خاک، 40 سی سی,,99000,nan,,,True,2025-08-06 09:39:16,2025-08-10 14:15:54
https://basalam.com/mkt/product/6324567,کود پودری قلمه زنی 50 گرمی سرزمین خاک مناسب برای قلمه زدن انواع گیاهان آپارتمانی,,76000,nan,,,True,2025-08-06 09:39:16,2025-08-10 14:17:18
https://basalam.com/mkt/product/6324496,کود پودری رشد برگ و شاخه 50 گرمی سرزمین خاک مناسب برای افزایش رشد گیاهان,,76000,nan,,,True,2025-08-06 09:39:17,2025-08-10 14:17:11
https://basalam.com/mkt/product/6324534,کود پودری گلدهی 50 گرمی سرزمین خاک مناسب برای افزایش گلدهی گیاهان آپارتمانی,,76000,nan,,,True,2025-08-06 09:39:17,2025-08-10 14:17:15
https://basalam.com/mkt/product/6324773,کود پودری کامل 50 گرمی سرزمین خاک مناسب برای رشد سریع انواع گیاهان آپارتمانی,,76000,nan,,,True,2025-08-06 09:39:18,2025-08-10 11:47:22
https://basalam.com/honar_hm/product/16900833,بیس خاک گل,,20000,nan,,,True,2025-08-06 09:39:18,2025-08-10 14:17:00
https://basalam.com/tillandsia/product/219397,خزه اسپانیایی بدون نیاز به خاک,,289900,nan,,,True,2025-08-06 09:39:19,2025-08-10 14:17:03
https://basalam.com/narenjspadanadarokhane/product/5606705,کود مایع اصلاح کننده اسیدیسیته و رفع سختی آب و خاک کشاورزی ریگولتور یک لیتری(ارسال با باربری و به صورت پس کرایه),,335000,nan,,,True,2025-08-06 09:39:19,2025-08-10 14:15:59
https://basalam.com/hakimir/product/3573049,ماسک صورت خاک رس قرمز، لایه بردار، سفید کننده و روشن کننده پوست، افزایش گردش خون، از بین برنده آکنه و جوش های قرمز,,51000,nan,,,True,2025-08-06 09:39:20,2025-08-10 14:16:02
https://basalam.com/bazriran/product/8075987,کود دامی کمپوست شده مناسب برای خاک گیاهان بسته بندی (500گرمی).,,17400,nan,,,True,2025-08-06 09:39:20,2025-08-10 14:17:08
https://basalam.com/attarishop1/product/8209914,شاهتره تمیز خشک شده امسالی بدون خاک نیم کیلویی,,68000,nan,,,True,2025-08-06 09:39:20,2025-08-10 14:16:04
https://basalam.com/golkhanekochek/product/10986680,گل آپارتمانی سینگونیوم مسی کلکسیونی خاک استریل و گلدان سفید,,210000,nan,,,True,2025-08-06 09:39:21,2025-08-10 14:16:07
https://basalam.com/golkhanekochek/product/13390215,نخل شامادورا خاک استریل گلدان سفید,,175000,nan,,,True,2025-08-06 09:39:21,2025-08-10 14:16:10
https://basalam.com/golkhanekochek/product/17451676,گل دراماسیس خاک استریل و گلدان سفید,,150000,nan,,,True,2025-08-06 09:39:22,2025-08-10 14:16:12
https://basalam.com/golkhanekochek/product/11361858,گل آپارتمانی آگلونما برفی 3 غلافه گلدان سفید خاک پرغوب و استریل,,435000,nan,,,True,2025-08-06 09:39:22,2025-08-10 14:16:15
https://basalam.com/golkhanekochek/product/16418871,زاموفیلیا سبز نشایی دو بوته خاک استریل,,42000,nan,,,True,2025-08-06 09:39:23,2025-08-10 14:16:17
https://basalam.com/golkhanekochek/product/11652401,گل آپارتمانی زاموفیلیا بلک خاک استریل و مرغوب گلدان سفید,,315000,nan,,,True,2025-08-06 09:39:23,2025-08-10 14:16:20
https://basalam.com/golkhanekochek/product/11437280,گل آپارتمانی اسکاندیس ابلق خاک استریل و گلدان سفید,,325000,nan,,,True,2025-08-06 09:39:24,2025-08-10 14:16:22
https://basalam.com/golkhanekochek/product/14918613,دیفن باخیا بزرگ با خاک استریل مخصوص هدیه غول پیکر,,599000,nan,,,True,2025-08-06 09:39:24,2025-08-10 14:16:25
https://basalam.com/lousian_flower/product/13081696,پرلیت کشاورزی مخصوص قلمه و مخلوط خاک. بسته سه لیتری . ارسال با پست، تیپاکس یا چاپار انجام، هزینه با مشتری و پسکرایه,,35000,nan,,,True,2025-08-06 09:39:25,2025-08-10 14:16:27
https://basalam.com/garden_paradise/product/19989156,سم مخصوص حشرات خاک گلدان ..,,90000,nan,,,True,2025-08-06 09:39:25,2025-08-10 14:16:30
https://basalam.com/our_lady_violet/product/7802642,پرلیت مخلوط کردن با خاک پیتماس یا بستر کشت قلمه 10 لیتری سایز 1-4 دانه ریز و متوسط,,47777,4777.7,10.0,,True,2025-08-06 09:39:26,2025-08-10 14:17:23
https://basalam.com/pardisangolkade/product/11387304,پرلیت سایز متوسط(5 لیتری)(مناسب قلمه و ترکیب با خاک) (پس کرایه),,50000,10000.0,5.0,,True,2025-08-06 09:39:26,2025-08-10 14:16:32
https://basalam.com/mahafarid_sanseviria/product/8743835,سانسوریا لیلنتروم دو بوته مادری با یک پاجوش روی خاک,,450000,nan,,,True,2025-08-06 09:39:27,2025-08-10 14:16:35
https://basalam.com/mahafarid_sanseviria/product/8026968,سانسوریا ابرورین اسوورد گیاه مادری ریش پر با پاجوش روی خاک,,400000,nan,,,True,2025-08-06 09:39:27,2025-08-10 14:16:37
https://basalam.com/baaranshap/product/17459048,ماسک صورت خاک رس سفید پاکتی دو منظوره (روشن کننده),,24800,nan,,,True,2025-08-06 09:39:28,2025-08-10 14:16:40
https://basalam.com/urmu/product/9979851,گیاه سانسوریا،مدل پوست ماری،خاص،ارتفاع 29سانت آبیاری خشک شدن سه سانت از خاک گلدان,,53000,nan,,,True,2025-08-06 09:39:28,2025-08-10 14:16:42
https://basalam.com/saadatfatehi/product/15470471,هیومیک اسید گرومور آمریکا اصلاح کننده خاک با کیفیت عالی,,110500,nan,,,True,2025-08-06 09:39:29,2025-08-10 14:16:47
https://basalam.com/keshavaezkala/product/23984261,کود شیمیایی مس مایع 1 لیتری برند خاک شیمی,,286800,286800.0,1.0,,True,2025-08-06 09:39:29,2025-08-10 14:16:50
https://basalam.com/chapar/product/6008598,ماسک صورت خاک رس سفید آرال,,207000,nan,,,True,2025-08-06 09:39:31,2025-08-10 14:16:52
https://basalam.com/paknia1364/product/7568793,پوست برنج مناسب جهت زهکشی و تخلخل خاک گلدان (130 گرمی) ارسال رایگان,,83000,nan,,,True,2025-08-06 09:39:32,2025-08-10 14:16:45
https://basalam.com/starmasho/product/10570754,سومارین خاک ترکیبی احیا باغچه،نشا،گل،حلزون,,130000,nan,,,True,2025-08-06 09:39:32,2025-08-10 14:17:20
https://basalam.com/tejaratsaar/product/6729656,کود مایع طبیعی کِرِسِر مناسب برای تغذیه گیاهی و اصلاح خاک,,350000,nan,,,True,2025-08-06 09:39:33,2025-08-10 14:16:55
https://basalam.com/tirafel/product/15339404,کود اصلاح کننده خاک تیلر 20 لیتر (پس کرایه),,1386000,73700.0,20.0,,True,2025-08-06 09:39:33,2025-08-10 14:17:26
https://basalam.com/tirafel/product/15339378,کود اصلاح کننده خاک پرک سویل 10 لیتری,,2585000,258500.0,10.0,,True,2025-08-06 09:39:34,2025-08-10 14:16:57
https://basalam.com/mkt/product/6325330,کود پودری NPK-20-5-10 سرزمین خاک 50 گرمی,,76000,nan,,,True,2025-08-06 09:39:34,2025-08-10 14:18:52
https://basalam.com/mkt/product/6325500,کود پودری NPK-10-52-10 سرزمین خاک 50 گرمی,,76000,nan,,,True,2025-08-06 09:39:35,2025-08-10 14:18:49
https://basalam.com/mkt/product/6324742,کود پودری جوانه زنی 50 گرمی سرزمین خاک مناسب برای جوانه زدن گیاهان آپارتمانی,,76000,nan,,,True,2025-08-06 09:39:35,2025-08-10 14:18:44
https://basalam.com/mkt/product/6324635,کود پودری ساکولنت 50 گرمی سرزمین خاک مناسب برای انواع ساکولنت ها,,76000,nan,,,True,2025-08-06 09:39:36,2025-08-10 14:18:46
https://basalam.com/mkt/product/6325478,کود پودری NPK-12-12-36 سرزمین خاک 50 گرمی,,76000,nan,,,True,2025-08-06 09:39:36,2025-08-10 14:18:54
https://basalam.com/artincherman/product/24529562,ماسک صورت خاک رس طبیعی نیوآ اورجینال,,227000,nan,,,True,2025-08-06 09:39:37,2025-08-10 14:18:31
https://basalam.com/koodwood/product/9378019,کود تقویتی و اصلاح کننده خاک بیوچار اسیدی بیرشک ،با پشتیبانی رایگان و ضمانت، 10کیلویی,,980000,98000.0,10.0,,True,2025-08-06 09:39:37,2025-08-10 14:17:28
https://basalam.com/bgroma/product/21019435,کود هیومیک اسید - بهبود خاک (پس کرایه),,55000,nan,,,True,2025-08-06 09:39:38,2025-08-10 14:17:31
https://basalam.com/organic_mashhadi/product/15825169,ریشه بابا آدم 500 گرمی خاک گیری شده,,350000,nan,,,True,2025-08-06 09:39:38,2025-08-10 14:18:57
https://basalam.com/attarishop1/product/14162020,ریشه جنطیانا اصل خارجی بدون خاک 50 گرمی,,99000,nan,,,True,2025-08-06 09:39:39,2025-08-10 14:17:34
https://basalam.com/mehrsa-cactus1395/product/17838293,ژمینو دی دریم بسیار کمیاب روی خاک,,955000,nan,,,True,2025-08-06 09:39:39,2025-08-10 14:17:36
https://basalam.com/mahurazibaei/product/4552725,گل طبیعی گیاهان اپارتمانی خاک و کود پرلیت,,20000,nan,,,True,2025-08-06 09:39:40,2025-08-10 14:18:28
https://basalam.com/taranomsa/product/6895226,کود هیومیک اسید وپروفرت هلند یک کیلویی (افزایش ریشه زایی و جذب مواد مغذی خاک),,750000,nan,,,True,2025-08-06 09:39:40,2025-08-10 14:17:39
https://basalam.com/golkhanekochek/product/11357111,گل آپارتمانی گندمی گلدان سفید خاک استریل,,145000,nan,,,True,2025-08-06 09:39:41,2025-08-10 14:17:41
https://basalam.com/golkhanekochek/product/11761812,برگ انجیری ابلق خاک استریل گلدان سفید,,795000,nan,,,True,2025-08-06 09:39:41,2025-08-10 14:17:44
https://basalam.com/vahidzav_sabzii/product/13156210,کوکوپیت خاک بستر حلزون کود گیاه,,65000,nan,,,True,2025-08-06 09:39:42,2025-08-10 14:18:13
https://basalam.com/soilarghavan/product/11346390,کود چالکود ،مکمل خاک گیاهان، (هیومیک اسید گرانول) حاوی کربن آلی و مواد آلی,,25000,nan,,,True,2025-08-06 09:39:42,2025-08-10 14:17:57
https://basalam.com/mahafarid_sanseviria/product/8695439,سانسوریا سیلور گلد لورنتی دو برگی بدون نقص و زدگی با دو پاجوش بزرگ روی خاک با کیفیت عالی,,480000,nan,,,True,2025-08-06 09:39:43,2025-08-10 14:17:46
https://basalam.com/kimia_fertilizer/product/19330714,بستر آماده کاشت ، خاک گل 3لیتری,,20000,6666.666666666667,3.0,,True,2025-08-06 09:39:43,2025-08-10 14:15:56
https://basalam.com/khanekeshavarz/product/20902207,کود گرانول بهساز خاک هیومین آبادیس 25 کیلویی (پس کرایه),,390000,15600.0,25.0,,True,2025-08-06 09:39:44,2025-08-10 14:18:00
https://basalam.com/mchavoosh/product/8845824,قارچ کش فله ای کاربندازیم گل سم جهت ضد عفونی و قارچکشی گل و خاک گلدان,,55000,nan,,,True,2025-08-06 09:39:44,2025-08-10 14:18:02
https://basalam.com/darohayegiyahizibaei/product/6075538,پاکسازی پوست صورت (ماسک صورت خاک رس سفید),,74000,nan,,,True,2025-08-06 09:39:45,2025-08-10 14:18:05
https://basalam.com/urmu/product/9979691,گیاه کاکتوس مدل چتری زیبا وخاص،نیاز ب نور کافی،آبیاری بعد از خشک شدن خاک گلدان,,63000,nan,,,True,2025-08-06 09:39:45,2025-08-10 14:18:08
https://basalam.com/urmu/product/9835110,گل هویا نیاز ب نور کافی کود گلدهی هر دوهفته یکبار،آبیاری بعد از خشک شدن 3سانت از خاک گلدان,,159000,nan,,,True,2025-08-06 09:39:46,2025-08-10 14:18:10
https://basalam.com/golkhanekochek/product/18462339,پتوس ببری نشایی خاک استریل و گلدان سفید,,135000,nan,,,True,2025-08-06 09:39:46,2025-08-10 14:17:49
https://basalam.com/golkhanekochek/product/19103869,زاموفیلیا بلک خاک استریل گلدان سفید,,219000,nan,,,True,2025-08-06 09:39:47,2025-08-10 14:17:52
https://basalam.com/golkhanekochek/product/18638110,پتوس ارتشی سایز کوچک گلدان سفید و خاک استریل,,185000,nan,,,True,2025-08-06 09:39:47,2025-08-10 14:17:54
https://basalam.com/goldoone.qom/product/14858723,قارچ کش کاپیتان سیستمیک(آبیاری)قارچ کش و ضدعفونی خاک و ریشه گیاهان-سم قارچکش کاپیتان- گیاهان آپارتمانی- گلدونه,,22000,nan,,,True,2025-08-06 09:39:48,2025-08-10 14:18:33
https://basalam.com/nikobazrir/product/6710403,سویل،بستر کشت(خاک مخصوص) چمن آکواریومی(soil) نیم کیلویی نیکوبذر,,128000,nan,,,True,2025-08-06 09:39:48,2025-08-10 14:18:39
https://basalam.com/shefa/product/14230145,دویست و هشتاد گرم خاک مرداب,,178800,nan,,,True,2025-08-06 09:39:49,2025-08-10 14:18:26
https://basalam.com/ir_plant/product/19925732,کود ضد شوری و اصلاح کننده خاک دسالت (100 سی سی),,56000,nan,,,True,2025-08-06 09:39:49,2025-08-10 14:18:15
https://basalam.com/starmasho/product/10507551,پرلیت متوسط دانه کنترل رطوبت خاک گل و حلزون,,40000,nan,,,True,2025-08-06 09:39:50,2025-08-10 14:18:41
https://basalam.com/irankood/product/10959996,کود سولفات پتاسیم وانوما اصلاح کننده خاک شور و قلیایی ده کیلویی,,1992000,nan,,,True,2025-08-06 09:39:50,2025-08-10 14:18:23
https://basalam.com/saleh69rey/product/11888624,ترنجبین اعلا بدون خاک و تمیز (یک کیلویی),,2800000,nan,,,True,2025-08-06 09:39:51,2025-08-10 14:18:21
https://basalam.com/tirafel/product/15332540,کود ریشه زا و اصلاح کننده خاک نواتر,,3201000,nan,,,True,2025-08-06 09:39:51,2025-08-10 14:18:18
https://basalam.com/mkt/product/6324720,کود پودری گلدان 50 گرمی سرزمین خاک مناسب برای انواع گیاهان آپارتمانی,,76000,nan,,,True,2025-08-06 09:39:52,2025-08-10 14:20:13
https://basalam.com/mkt/product/5840590,کود دامی بدون بو سایز بزرگ 20 لیتری آقای خاک,,157500,10080.0,20.0,,True,2025-08-06 09:39:52,2025-08-10 14:20:10
https://basalam.com/nahashid/product/7176385,کود مایع ویژه اصلاح خاک و محرک رشد,,700000,nan,,,True,2025-08-06 09:39:53,2025-08-10 14:20:23
https://basalam.com/montakhab.co/product/12551574,کوکوپیت 2 لیتری منتخب، بستر کشت بذر و ماده مفید برای ترکیب با خاک,,45000,22500.0,2.0,,True,2025-08-06 09:39:53,2025-08-10 14:20:18
https://basalam.com/fakbari430/product/9959069,ساکولنت خرفه ای بسیارزیباوسازگاربامحیط وتکثیربه صورت قلمه ونورزیادرودوست داره ابیاری بعدازخشک شدن خاک,,35000,nan,,,True,2025-08-06 09:39:54,2025-08-10 14:19:04
https://basalam.com/zarin_khak_abivard/product/5026766,ورمی کمپوست زرین خاک (سه کیلویی),,29000,nan,,,True,2025-08-06 09:39:54,2025-08-10 14:18:59
https://basalam.com/kadoei_pelastiki_rangarang/product/15212750,مینی خاک انداز همه کاره,,118800,nan,,,True,2025-08-06 09:39:55,2025-08-10 14:19:07
https://basalam.com/hakimit/product/4232307,ماسک صورت خاک رس سفید، لایه بردار، سفید کننده و روشن کننده پوست,,51000,nan,,,True,2025-08-06 09:39:58,2025-08-10 14:19:10
https://basalam.com/greenashop/product/3446999,کائولن یا خاک رس سفید یا خاک چینی درجه یک,,36000,nan,,,True,2025-08-06 09:39:58,2025-08-10 14:19:12
https://basalam.com/attarishop1/product/19211366,گلناز فارسی درشت بدون خاک یک کیلویی و 300 قیمت عمده,,1000000,nan,,,True,2025-08-06 09:39:59,2025-08-10 14:19:15
https://basalam.com/attarishop1/product/11584895,ریشه گیاه انجبار خارجی خشک بدون خاک صد گرمی,,68000,nan,,,True,2025-08-06 09:39:59,2025-08-10 14:19:17
https://basalam.com/bazriran/product/7413995,پوست برنج مناسب خاک گیاهان آپارتمانی بسته بندی (500 گرمی).,,33800,nan,,,True,2025-08-06 09:40:00,2025-08-10 14:20:05
https://basalam.com/hbcgbcdc58785/product/17180245,اسفند (تمیز بدون خاک- ضدمیکروبی با متد Ozone),,189000,nan,,,True,2025-08-06 09:40:00,2025-08-10 14:20:16
https://basalam.com/golkhanekochek/product/18463146,سانسوریا بنسل خاک استریل و گلدان سفید,,205000,nan,,,True,2025-08-06 09:40:01,2025-08-10 14:19:22
https://basalam.com/zerafat_shop/product/5141315,کود اصلاح کننده خاک آذر سبزینه,,15800,nan,,,True,2025-08-06 09:40:01,2025-08-10 14:19:25
https://basalam.com/arshadiarash2020/product/10560829,کود سولفور پلاس رفع کمبود مواد غذایی خاک,,38000,nan,,,True,2025-08-06 09:40:02,2025-08-10 14:19:59
https://basalam.com/rajeh_agriculture/product/14018494,کود کلامیت ام پی 6، محصولی از گرین هاس ایتالیا، کود کلات آهن 6 درصد، جذب بالا حتی در خاک های قلیایی، بسته بندی 1 کیلوگرم,,1600000,1600000.0,1.0,,True,2025-08-06 09:40:02,2025-08-10 14:19:27
https://basalam.com/rajeh_agriculture/product/18702832,اسید هیومیک همراه با فولویک اسید و پتاسیم، محصولی از سیتی مکس، بهبود کیفیت خاک، افزایش جذب عناصر، بسته بندی 5 کیلوگرمی,,3200000,640000.0,5.0,,True,2025-08-06 09:40:03,2025-08-10 14:19:30
https://basalam.com/gilsaar.greenhouse/product/12121196,پوست بادام زمینی کیسه ای ( زهکش و سبک کننده برای گلدان و خاک ),,59000,nan,,,True,2025-08-06 09:40:03,2025-08-10 14:19:33
https://basalam.com/khakdaneh/product/15333056,پرلیت شکری حجم 3 لیتری خاک دانه,,125000,41666.666666666664,3.0,,True,2025-08-06 09:40:04,2025-08-10 14:19:35
https://basalam.com/plant.kala/product/6951501,کود هیومیک لئو پودری اصلاح کننده خاک یک کیلویی افزایش گلدهی کاهش بیماری,,285000,nan,,,True,2025-08-06 09:40:04,2025-08-10 14:19:38
https://basalam.com/chenaniyousof/product/10128815,پوکه معدنی کیفیت ویژه گلدان های هیدروپونیک و کشت بدون خاک,,32000,nan,,,True,2025-08-06 09:40:05,2025-08-10 14:19:40
https://basalam.com/golkade_baharnarenj99/product/8127541,پرلیت دانه متوسط ، عالی برای قلمه گیری و همچنین سبک سازی خاک,,14000,nan,,,True,2025-08-06 09:40:05,2025-08-10 14:20:26
https://basalam.com/mahafarid_sanseviria/product/8807802,سانسوریا ماسونیانا پوست ماری دو قلافی ریشه پر بالای 55 سانت روی خاک (پس کرایه),,90000,nan,,,True,2025-08-06 09:40:06,2025-08-10 14:19:43
https://basalam.com/golkhanekochek/product/11114053,سانسوریا کرواتی ابلق با خاک استریل و گلدان سفید,,215000,nan,,,True,2025-08-06 09:40:06,2025-08-10 14:19:46
https://basalam.com/elima_cosmetics/product/22908730,ماسک صورت خاک رس پوست معمولی کریستال پلاس حاوی عصاره انار,,178000,nan,,,True,2025-08-06 09:40:07,2025-08-10 14:19:49
https://basalam.com/tarhokhial/product/3793406,ورمی کمپوست کود تقویت کننده خاک,,120000,nan,,,True,2025-08-06 09:40:07,2025-08-10 14:19:51
https://basalam.com/paknia1364/product/7675534,پوست بادام مناسب خاک گلها و گیاهان(10کیلویی) ارسال با باربری و پس کرایه,,310000,31000.0,10.0,,True,2025-08-06 09:40:08,2025-08-10 14:19:56
https://basalam.com/ir_hakim2/product/3598573,ماسک صورت خاک رس سفید، لایه بردار، پاکسازی صورت، رفع آلودگی پوست، سفید کننده و روشن کننده پوست ، رفع تیرگی پوست,,49000,nan,,,True,2025-08-06 09:40:08,2025-08-10 14:20:21
https://basalam.com/tanpooshan/product/17706187,ماسک صورت خاک رس سفید,,43000,nan,,,True,2025-08-06 09:40:09,2025-08-10 14:19:54
https://basalam.com/rooyesh-sabz/product/18014027,کود تقویتی احیا کننده میکرو ارگانیسم های خاک هپی پلنت مدل HP807 حجم 120 میلی لیتر,,41000,nan,,,True,2025-08-06 09:40:10,2025-08-10 14:21:52
https://basalam.com/rooyesh-sabz/product/18013682,کود تقویتی احیا کننده خاک گلدان هپی پلنت مدل HP802 حجم 120 میلی لیتر,,45000,nan,,,True,2025-08-06 09:40:10,2025-08-10 14:21:55
https://basalam.com/mkt/product/6324452,کود پودری 50 گرمی NPK-20-20-20 سرزمین خاک,,76000,nan,,,True,2025-08-06 09:40:11,2025-08-10 14:21:44
https://basalam.com/mkt/product/6324886,کود پودری گیاهان آپارتمانی 50 گرمی سرزمین خاک مناسب برای انواع گیاهان آپارتمانی,,76000,nan,,,True,2025-08-06 09:40:11,2025-08-10 10:09:31
https://basalam.com/mkt/product/6325419,کود پودری NPK-19-6-20 سرزمین خاک 50 گرمی,,76000,nan,,,True,2025-08-06 09:40:12,2025-08-10 10:09:29
https://basalam.com/mkt/product/6324607,کود پودری کاکتوس 50 گرمی سرزمین خاک مناسب برای انواع کاکتوس ها,,76000,nan,,,True,2025-08-06 09:40:12,2025-08-10 14:21:37
https://basalam.com/mkt/product/6323629,کود پودری رشد ریشه 50 گرمی سرزمین خاک مناسب برای ریشه زایی,,76000,nan,,,True,2025-08-06 09:40:13,2025-08-10 14:21:39
https://basalam.com/mkt/product/6324657,کود پودری تقویتی 50 گرمی سرزمین خاک مناسب برای تقویت خاک های گیاهان آپارتمانی,,76000,nan,,,True,2025-08-06 09:40:13,2025-08-10 14:21:47
https://basalam.com/mkt/product/6324787,کود پودری سانسوریا 50 گرمی سرزمین خاک مناسب برای انواع سانسوریا,,76000,nan,,,True,2025-08-06 09:40:14,2025-08-10 14:21:42
https://basalam.com/ict/product/24421620,ماسک صورت خاک رس - HELLO,,325336,nan,,,True,2025-08-06 09:40:14,2025-08-10 14:20:29
https://basalam.com/gool_kade_hoya/product/21340714,فروش خاک تخصصی فروشگاه ارکیده خونه مخصوص انواع ارکیده به همراه هدیه کود,,150000,nan,,,True,2025-08-06 09:40:15,2025-08-10 14:20:31
https://basalam.com/sangchin1/product/20664640,(گرد و تیله ای) بسته 3 عددی خاک ژله ای شفاف خاک ژله ای بی رنگ خاک ژله ای شیشه ای خاک ژله ای سفید خاک ژله ای کریستالی,,50000,nan,,,True,2025-08-06 09:40:16,2025-08-10 14:22:03
https://basalam.com/attarishop1/product/8171024,گل غافث 100 گرمی خالص بدون خاک,,215000,nan,,,True,2025-08-06 09:40:16,2025-08-10 14:20:34
https://basalam.com/attarishop1/product/4094976,عاقرقرحا اصل بی حس کننده ضمانتی بدون خاک 70 گرمی,,380000,nan,,,True,2025-08-06 09:40:17,2025-08-10 14:20:36
https://basalam.com/moonstudio/product/18816043,هویا تریکالر با گلدان آلمانی و خاک تخصصی ( ارسال پس کرایه ),,595000,nan,,,True,2025-08-06 09:40:17,2025-08-10 14:20:39
https://basalam.com/aernphs/product/21608708,کود اسید هیومک بهساز خاک,,1074000,nan,,,True,2025-08-06 09:40:18,2025-08-10 14:20:41
https://basalam.com/pardisangolkade/product/18001796,قلمه هویا از مدل های مختلف (پک 6 عددی به همراه خاک و گلدان و کود) (پس کرایه),,250000,nan,,,True,2025-08-06 09:40:18,2025-08-10 14:21:58
https://basalam.com/pardisangolkade/product/6838641,برگ بنفشه آفریقایی(پک 20 عددی رنگبندی مختلف بهمراه خاک و کود و گلدان) (پس کرایه),,280000,nan,,,True,2025-08-06 09:40:19,2025-08-10 14:20:44
https://basalam.com/garden_paradise/product/16616266,سم مخصوص حشرات داخل خاک گلدان,,90000,nan,,,True,2025-08-06 09:40:19,2025-08-10 14:20:47
https://basalam.com/golkhanekochek/product/18114801,گل آپارتمانی دراسانا سوزنی دو سر گلدان سفید و خاک استریل,,295000,nan,,,True,2025-08-06 09:40:20,2025-08-10 14:20:49
https://basalam.com/soilarghavan/product/9379966,ورمی کولیت ،مواد معدنی و مغذی مکمل خاک ،ورمیکولیت,,32000,nan,,,True,2025-08-06 09:40:20,2025-08-10 14:20:52
https://basalam.com/khanekeshavarz/product/19775081,کوداصلاح کننده خاک ماکسی پلنت پلاس مافا5 لیتری (پس کرایه),,1700000,340000.0,5.0,,True,2025-08-06 09:40:21,2025-08-10 14:20:55
https://basalam.com/dashtesabz-shop/product/5478774,بستر کشت (خاک آماده) 3 لیتری بهکام,,67000,22333.333333333332,3.0,,True,2025-08-06 09:40:21,2025-08-10 14:20:57
https://basalam.com/dashtesabz-shop/product/8382463,بستر کشت (خاک آماده) 50 لیتری بهکام,,515000,10300.0,50.0,,True,2025-08-06 09:40:23,2025-08-10 14:21:00
https://basalam.com/golkhanekochek/product/13364082,پتوس مرمری گلدان سفید خاک استریل,,185000,nan,,,True,2025-08-06 09:40:24,2025-08-10 14:21:02
https://basalam.com/golkhanekochek/product/12792814,سانسوریا مهتابی خاک استریل و گلدان سفید,,175000,nan,,,True,2025-08-06 09:40:24,2025-08-10 14:21:05
https://basalam.com/baharan_choram/product/12844871,گلنار (گل انار) تمیز بدون خرده خاک,,99000,nan,,,True,2025-08-06 09:40:25,2025-08-10 14:21:07
https://basalam.com/rostam_cactus/product/18906502,استروفیتوم کیکو نودوم روی خاک,,490000,nan,,,True,2025-08-06 09:40:25,2025-08-10 14:21:10
https://basalam.com/rostam_cactus/product/18906293,استروفیتوم کیکو رامپو روی خاک,,460000,nan,,,True,2025-08-06 09:40:26,2025-08-10 14:21:13
https://basalam.com/noghli_market/product/7591059,پرلیت متوسط جهت زهکشی خاک,,28000,nan,,,True,2025-08-06 09:40:26,2025-08-10 14:21:15
https://basalam.com/our_lady_violet/product/1688970,پرلیت، کف گلدان، مخلوط کردن با خاک ، 10 لیتری سایز 5-8دانه درشت,,67777,6777.7,10.0,,True,2025-08-06 09:40:27,2025-08-10 14:21:50
https://basalam.com/iranth/product/14033612,ماسک صورت خاک رس سفید، لایه بردار، پاکسازی صورت، رفع آلودگی پوست، سفید کننده و روشن کننده پوست ، رفع تیرگی پوست,,60000,nan,,,True,2025-08-06 09:40:27,2025-08-10 14:21:18
https://basalam.com/igool/product/3610004,آفت کش و قارچ گیاهان آپارتمانی(پکیج مراقبتی دفع حشرات خاک و گلدان),,299000,nan,,,True,2025-08-06 09:40:28,2025-08-10 14:21:25
https://basalam.com/cacti_land_babolsar/product/14004898,پک سه عددی میرتلو آماده پیونده ریشه توی خاک بسیار قوی (پس کرایه),,90000,nan,,,True,2025-08-06 09:40:28,2025-08-10 14:23:02
https://basalam.com/mkt/product/5732543,کود دامی بدون بو سایز متوسط 10 لیتری سرزمین خاک,,97000,12420.0,10.0,,True,2025-08-06 09:40:29,2025-08-10 14:23:19
https://basalam.com/mkt/product/6325456,کود پودری NPK-15-50-5 سرزمین خاک 50 گرمی,,76000,nan,,,True,2025-08-06 09:40:29,2025-08-10 14:23:17
https://basalam.com/mkt/product/6324811,کود پودری زاموفیلیا 50 گرمی سرزمین خاک مناسب برای انواع زاموفیلیا,,76000,nan,,,True,2025-08-06 09:40:30,2025-08-10 14:23:07
https://basalam.com/mkt/product/6324936,کود پودری NPK-4-5-40 سرزمین خاک 50 گرمی,,76000,nan,,,True,2025-08-06 09:40:31,2025-08-10 14:23:22
https://basalam.com/nahadeh45/product/8462552,کود گوگرد مایع رویش سبز خاک اهورایی NS مخصوص ویژه آبیاری پسته و زعفران 5 لیتری,,550000,110000.0,5.0,,True,2025-08-06 09:40:31,2025-08-10 14:22:06
https://basalam.com/lili77/product/21685569,Orchid bark خاک مخصوص ارکیده (پس کرایه),,280000,nan,,,True,2025-08-06 09:40:32,2025-08-10 14:22:09
https://basalam.com/soghatsara_nakhl_77/product/6418427,کود گیاهی خاک,,290600,nan,,,True,2025-08-06 09:40:32,2025-08-10 14:22:12
https://basalam.com/mahurazibaei/product/4552744,گل آپارتمانی گل طبیعی. کودو خاک و پرلیت لیکاپن,,25000,nan,,,True,2025-08-06 09:40:33,2025-08-10 14:23:04
https://basalam.com/yarpag_ir/product/21160376,هیومیک اسید پرک، معجزه ای برای خاک (پس کرایه),,130000,nan,,,,2025-08-06 09:40:33,2025-08-06 11:58:27
https://basalam.com/golkhanekochek/product/11401396,گل آپارتمانی زاموفیلیا بلک چند بوته خاک استریل و گلدون سفید,,315000,nan,,,True,2025-08-06 09:40:34,2025-08-10 14:22:15
https://basalam.com/golkhanekochek/product/11657328,گل آپارتمانی زاموفیلیاسبز خاک استریل نشایی,,45000,nan,,,True,2025-08-06 09:40:34,2025-08-10 14:22:18
https://basalam.com/golkhanekochek/product/11858245,گل آپارتمانی پتوس مرمری گلدان سفید خاک استریل و مرغوب,,157000,nan,,,True,2025-08-06 09:40:35,2025-08-10 14:22:20
https://basalam.com/golkhanekochek/product/11455877,قلمه گل آپارتمانی سینگونیوم ابلق در خاک قلمه,,70000,nan,,,True,2025-08-06 09:40:36,2025-08-10 14:22:23
https://basalam.com/asa/product/297584,آویشن باغیَ برگ اعلا بدون خاک 100 گرمی,,60000,nan,,,True,2025-08-06 09:40:36,2025-08-10 14:22:25
https://basalam.com/dr_zand/product/24018508,کود گوگرد مایع ضد قارچ و اصلاح خاک,,149600,nan,,,True,2025-08-06 09:40:37,2025-08-10 14:22:28
https://basalam.com/plantsneed/product/2360081,کود هیومیک اسید شوک آمریکایی اصل مایع 20 لیتری برای بهبود خاک,,2895000,144750.0,20.0,,True,2025-08-06 09:40:37,2025-08-10 14:22:31
https://basalam.com/golkhanekochek/product/13856782,پتوس ارتشی خاک استریل گلدان بزرگ,,295000,nan,,,True,2025-08-06 09:40:38,2025-08-10 14:22:33
https://basalam.com/golkhanekochek/product/11824575,گل آپارتمانی سانسوریا مهتابی دوغلاف خاک استریل و مرغوب با گلدان سفید,,155000,nan,,,True,2025-08-06 09:40:39,2025-08-10 14:22:36
https://basalam.com/darya_gooshe_shomal/product/9623557,گل شویدی سرخسی یا مارچوبه زینتی، گلدان گرد دهنه 14 تا 19 سانت، ارتفاع از سطح خاک 50 سانت، ارسال پسکرایه با مشتری,,219900,nan,,,True,2025-08-06 09:40:39,2025-08-10 14:22:38
https://basalam.com/dashtesabz-shop/product/5479353,بستر کشت (خاک آماده) 15 لیتری بهکام,,200000,13333.333333333334,15.0,,True,2025-08-06 09:40:40,2025-08-10 14:22:41
https://basalam.com/organicvalaa/product/15044664,ماسک صورت خاک رس سفید والا(سفیدکننده لایه بردار),,24000,nan,,,True,2025-08-06 09:40:40,2025-08-10 14:22:43
https://basalam.com/valerian_attari/product/6783553,سنبل الطیب - والرین (سورت بدون یک درصد خاک),,72000,nan,,,True,2025-08-06 09:40:41,2025-08-10 14:22:46
https://basalam.com/keshavaezkala/product/24064863,کود شیمیایی مخصوص گندم و جو مایع 1 لیتری برند خاک شیمی,,252000,252000.0,1.0,,True,2025-08-06 09:40:41,2025-08-10 14:22:48
https://basalam.com/vafabeit32/product/15191681,ماسک صورت خاک رس,,170000,nan,,,True,2025-08-06 09:40:42,2025-08-10 14:23:30
https://basalam.com/khakdaneh/product/12779824,هیومیک اسید کودمایع فولویک هیومیک گیاه پایه 20 لیتری خاک دانه تحویل درب کارخانه,,1450000,72500.0,20.0,,True,2025-08-06 09:40:43,2025-08-10 14:22:51
https://basalam.com/khakdaneh/product/15333134,پرلیت سایز درشت خاک دانه حجم 3لیتر,,125000,41666.666666666664,3.0,,True,2025-08-06 09:40:43,2025-08-10 14:22:54
https://basalam.com/giahmaman/product/12269086,گل زبان گاوی نیم کیلو قد 15 سانت قطر 10 هر وقت خاک خوشگ شد آ بیاری کنید,,50000,nan,,,True,2025-08-06 09:40:44,2025-08-10 14:22:56
https://basalam.com/saleh69rey/product/24122128,ترنجبین اعلا بدون خاک و تمیز (یک سیر),,210000,nan,,,True,2025-08-06 09:40:44,2025-08-10 14:22:59
https://basalam.com/leaves/product/10298330,پیتماس 10 لیتری فنلاند برند کیکیلا فله ( بستر کشت پیت ماس خارجی، خاک گیاه آپارتمانی، بسترکشت،.. ارسال بصورت پسکرایه ),,920000,92000.0,10.0,,True,2025-08-06 09:40:45,2025-08-10 14:23:09
https://basalam.com/kolbegoldoon/product/18535199,بسته 20 عددی خاک ژله ای شفاف کروی,,122000,nan,,,True,2025-08-06 09:40:45,2025-08-10 14:23:12
https://basalam.com/mkt/product/6324827,کود پودری بونسای 50 گرمی سرزمین خاک مناسب برای انواع بونسای,,76000,nan,,,True,2025-08-06 09:40:46,2025-08-10 14:24:47
https://basalam.com/mkt/product/6325438,کود پودری NPK-18-18-18سرزمین خاک 50 گرمی,,76000,nan,,,True,2025-08-06 09:40:47,2025-08-10 14:24:45
https://basalam.com/mkt/product/6324897,کود پودری NPK-3-11-38 سرزمین خاک 50 گرمی,,76000,nan,,,True,2025-08-06 09:40:47,2025-08-10 14:24:42
https://basalam.com/mkt/product/5732516,کود دامی بدون بو سایز بزرگ 20 لیتری سرزمین خاک,,177800,11380.0,20.0,,True,2025-08-06 09:40:48,2025-08-10 14:24:39
https://basalam.com/farm_momeni/product/5995749,بستر اماده کاشت بهکام خاک مناسب برای گل های اپارتمانی 15 لیتری,,100000,6666.666666666667,15.0,,True,2025-08-06 09:40:48,2025-08-10 14:23:33
https://basalam.com/crecer/product/1501646,کود مایع طبیعی کِرِسِر مناسب برای تغذیه گیاهی و اصلاح خاک,,2400000,nan,,,True,2025-08-06 09:40:49,2025-08-10 14:23:35
https://basalam.com/nikobazrir/product/19712217,سویل خارجی،بستر کشت(خاک مخصوص) چمن آکواریومی(soil)نیم لیتری نیکوبذر تضمینی,,325000,nan,,,True,2025-08-06 09:40:49,2025-08-10 14:24:37
https://basalam.com/mehrsa-cactus1395/product/16317716,سرئوس چرمی ابلق روی خاک,,135000,nan,,,True,2025-08-06 09:40:51,2025-08-10 14:23:38
https://basalam.com/almase_sorkh/product/11189616,کود مایع احیا کننده میکروارگانیسم های خاک گیلدا مدل EKOVITAL حجم 30 میلی لیتر,,83000,nan,,,True,2025-08-06 09:40:52,2025-08-10 14:23:40
https://basalam.com/khanekeshavarz/product/24694690,قارچکش بردوفیکس کیمیا گوهر خاک 5 لیتری (پس کرایه),,630000,126000.0,5.0,,True,2025-08-06 09:40:53,2025-08-10 14:23:48
https://basalam.com/chenaniyousof/product/10168218,پرلیت متوسط برای سبک سازی خاک و ریشه دار کردن قلمه های پتوس,,32000,nan,,,True,2025-08-06 09:40:54,2025-08-10 14:23:51
https://basalam.com/booth_whiterose/product/17712276,ماسک صورت خاک رس سبز,,160000,nan,,,True,2025-08-06 09:40:54,2025-08-10 14:23:54
https://basalam.com/golkhane/product/7070403,قلمه پتوس،بدون گلدان ،نگهداری در آب و یا خاک (پس کرایه),,100000,nan,,,True,2025-08-06 09:40:55,2025-08-10 14:23:57
https://basalam.com/hakimbano/product/5957209,ماسک صورت خاک رس قرمز. لایه بردار. سفید کننده و روشن کننده پوست. افزایش گردش خون.از بین برنده آکنه و جوش های قرمز,,61000,nan,,,True,2025-08-06 09:40:55,2025-08-10 14:24:00
https://basalam.com/tillandsia/product/11022623,تیلاندسیا ایونانتا یک گیاه هوازی که به خاک نیاز نداره اما مطمئنا آبیاری لازم داره,,239900,nan,,,True,2025-08-06 09:40:56,2025-08-10 14:24:29
https://basalam.com/shimikood/product/19088657,هیومیک اسید گرانوله (بهساز آلی خاک) (پس کرایه),,137000,nan,,,True,2025-08-06 09:40:57,2025-08-10 14:24:31
https://basalam.com/golkhanekochek/product/19630355,آگلونما پینک لیدی خاک استریل و مرغوب با گلدان سفید,,620000,nan,,,True,2025-08-06 09:40:57,2025-08-10 14:24:02
https://basalam.com/golkhanekochek/product/11109953,گل آپارتمانی پتوس حصیری خاک استریل,,175000,nan,,,True,2025-08-06 09:40:58,2025-08-10 14:24:05
https://basalam.com/golkhanekochek/product/11584244,گل آپارتمانی اسکاندیس نئون برگ پهن خاک استریل,,135000,nan,,,True,2025-08-06 09:40:58,2025-08-10 14:24:08
https://basalam.com/dashtesabz-shop/product/15654800,کود فیکس 8 کاره (کاهنده شوری خاک) ایکس گرین,,90000,nan,,,True,2025-08-06 09:40:59,2025-08-10 14:24:11
https://basalam.com/mehrayingiah/product/5398097,فردوس. سراسر شاداب و پربرگ. 90سانتی. خاک کوکوپیت و پرلیت.,,150000,nan,,,True,2025-08-06 09:41:00,2025-08-10 14:24:13
https://basalam.com/khakdaneh/product/14911093,پیت ماس 4 لیتری خاک دانه بسترکشت,,129000,32250.0,4.0,,True,2025-08-06 09:41:00,2025-08-10 14:24:34
https://basalam.com/khakdaneh/product/15535632,بسترکشت قارچ( کمپوست قارچ) خاک دانه حجم 4 لیتر,,145000,36250.0,4.0,,True,2025-08-06 09:41:01,2025-08-10 14:24:16
https://basalam.com/shafieh_health/product/7804009,پونه خشک پاک شده بدون خاک بسیار معطر (پس کرایه),,35000,nan,,,,2025-08-06 09:41:01,2025-08-06 11:59:37
https://basalam.com/leaves/product/10298571,پیتماس 25 لیتری فنلاند برند کیکیلا فله ( بستر کشت پیت ماس خارجی، خاک گیاه آپارتمانی، بسترکشت،.. ارسال بصورت پسکرایه ),,2100000,84000.0,25.0,,True,2025-08-06 09:41:02,2025-08-10 14:24:18
https://basalam.com/mahurazibaei/product/5943608,گل طبیعی خاک گلدان گیاه خاک مخصوص گلهای اپارتمانی,,100000,nan,,,True,2025-08-06 09:41:02,2025-08-10 14:24:26
https://basalam.com/kolbegoldoon/product/18424893,بسته 24 عددی خاک ژله ای رنگی کروی 6 رنگ مجزا,,145000,nan,,,True,2025-08-06 09:41:03,2025-08-10 14:24:21
https://basalam.com/agrovijecom/product/21608567,کود زیستی اکتینوفلورا سرکوب بیمارگرهای موجود در خاک و حاصلخیزی خاک (پس کرایه),,700000,nan,,,True,2025-08-06 09:41:04,2025-08-10 14:25:46
https://basalam.com/mkt/product/5840575,کود دامی بدون بو سایز متوسط 10 لیتری آقای خاک,,87000,11140.0,10.0,,True,2025-08-06 09:41:04,2025-08-10 14:25:51
https://basalam.com/gol_barabadi_sabzevar/product/10720850,اسید هیومیک ضد تنش ضد شوری اصلاح بافت خاک,,22000,nan,,,True,2025-08-06 09:41:05,2025-08-10 14:24:53
https://basalam.com/zarin_khak_abivard/product/5040271,ورمی کمپوست زرین خاک (سه کیلویی),,30000,nan,,,True,2025-08-06 09:41:05,2025-08-10 14:24:55
https://basalam.com/asma1384220/product/18362340,ماسک صورت خاک رس پاکسازی کننده کیلز 125 میل های کپی,,458000,nan,,,True,2025-08-06 09:41:06,2025-08-10 14:24:58
https://basalam.com/organicvalaa/product/15044618,ماسک صورت خاک رس قرمز والا (جوش و التهابات),,24000,nan,,,True,2025-08-06 09:41:07,2025-08-10 14:25:01
https://basalam.com/goldoone.qom/product/14858223,قارچ کش بنومیل سیستمیک- مناسب قارچکشی و ضدعفونی خاک و ریشه گیاهان - قارچکش بنومیل سیستمیک- گیاهان آپارتمانی - گلدونه,,22000,nan,,,True,2025-08-06 09:41:07,2025-08-10 14:25:03
https://basalam.com/moonstudio/product/18815867,هویا کری ابلق مادری پر برگ با گلدان آلمانی و خاک تخصصی ( ارسال پس کرایه ),,590000,nan,,,True,2025-08-06 09:41:08,2025-08-10 14:25:06
https://basalam.com/attarishop1/product/11663036,گیاه مازو جنگلی 200 گرمی نسابیده بدون خاک,,74000,nan,,,True,2025-08-06 09:41:08,2025-08-10 14:25:08
https://basalam.com/zeroten_gallery/product/22814648,ماسک صورتِ خاک رس,,48000,nan,,,True,2025-08-06 09:41:09,2025-08-10 14:25:11
https://basalam.com/tabib.irani.130/product/23472660,ماسک صورت خاک رس حاوی گل سرخ,,85000,nan,,,True,2025-08-06 09:41:10,2025-08-10 14:25:13
https://basalam.com/our_lady_violet/product/991309,پرلیت ،، مخلوط کردن با خاک ، 3 لیتری,,30000,10000.0,3.0,,True,2025-08-06 09:41:10,2025-08-10 14:26:25
https://basalam.com/golkhanekochek/product/11803472,گل آپارتمانی آگلونما هندوانه ای خاک استریل,,255000,nan,,,True,2025-08-06 09:41:11,2025-08-10 14:25:16
https://basalam.com/garden_paradise/product/9585897,پوکه معدنی (مخصوص ریشه دار گیاه کردن و حاصلخیز کردن خاک ) 500 گرمی,,60000,nan,,,True,2025-08-06 09:41:11,2025-08-10 14:25:19
https://basalam.com/golkhanekochek/product/18544795,پتوس زعفرانی خاک استریل و گلدان سفید,,165000,nan,,,True,2025-08-06 09:41:12,2025-08-10 14:25:22
https://basalam.com/golkhanekochek/product/18463103,سانسوریا ارسال رایگان فیسچری خاک استریل و گلدان سفید,,299000,nan,,,True,2025-08-06 09:41:12,2025-08-10 14:25:24
https://basalam.com/lousian_flower/product/16712258,کود هیومیک اسید+پتاسیم، مخصوص اصلاح خاک، بهبود ریشه، کمک به گلدهی و پاجوشدهی. ارسال به صورت پسکرایه,,49000,nan,,,True,2025-08-06 09:41:13,2025-08-10 14:25:27
https://basalam.com/golkadehbahar/product/13902908,سم از بین بردن حشرات و هزارپا خاک,,52000,nan,,,True,2025-08-06 09:41:14,2025-08-10 14:25:30
https://basalam.com/oriflame452/product/22416190,60 بسته خاک ژله ای شفاف بی رنگ,,499000,nan,,,True,2025-08-06 09:41:14,2025-08-10 14:25:32
https://basalam.com/khakdaneh/product/12779141,هیومیک اسید(کودمایع فولویک هیومیک گیاه پایه خاک دانه) 0.5 لیتری,,149000,nan,,,True,2025-08-06 09:41:15,2025-08-10 14:25:35
https://basalam.com/khakdaneh/product/13133833,قارچ کش بیولوژیک خاک تریکودرما 50 گرمی,,99000,nan,,,True,2025-08-06 09:41:15,2025-08-10 14:25:38
https://basalam.com/leaves/product/9478180,پیتماس 1 لیتری فنلاند برند کیکیلا فله ( بستر کشت پیت ماس خارجی، خاک گیاه آپارتمانی، بسترکشت،.. ارسال بصورت پسکرایه ),,99000,99000.0,1.0,,True,2025-08-06 09:41:16,2025-08-10 14:25:40
https://basalam.com/paknia1364/product/7642956,پوست بادام بالابرنده ی نیتروژن خاک 5000 گرمی ارسال با باربری و پس کرایه,,160000,32000.0,5.0,,True,2025-08-06 09:41:17,2025-08-10 14:25:49
https://basalam.com/fafa-com/product/22033153,ماسک صورت مدل خاک رس,,165000,nan,,,True,2025-08-06 09:41:17,2025-08-10 14:25:43
https://basalam.com/novinkeshtsepahan/product/10182259,کود اصلاح کننده خاک ویتالایزرVitalize حاوی عنصر کربن حجم250cc,,65000,nan,,,True,2025-08-06 09:41:18,2025-08-10 14:25:54
https://basalam.com/sabz202020/product/23699917,سم ساس کش پیرانا Pyranha اورجینال مخصوص ساس یک لیتری بدون بو,,560000,nan,,,True,2025-08-06 09:41:18,2025-08-10 14:27:02
https://basalam.com/behin_rp400/product/3944284,مجموعه کود مولتی برگدهی وNPK و هیومیک و کود آهن مدل Danesh PK حجم 120 بسته 4تایی,,228700,nan,,,,2025-08-06 09:41:19,2025-08-06 12:01:48
https://basalam.com/tetaco/product/14096637,کود مایع فروت ست واترپلاس VIGOROUS حجم 1 لیتر,,165000,165000.0,1.0,,True,2025-08-06 09:41:21,2025-08-10 14:30:55
https://basalam.com/florame/product/15083106,کود سولفات پتاسیم فلورامی 100 گرمی (potassium Sulfate ),,41000,nan,,,True,2025-08-06 09:41:21,2025-08-10 16:42:16
https://basalam.com/tetaco/product/14096450,کود مایع جلبک دریایی واترپلاس VIGOROUS حجم 1 لیتر,,187000,187000.0,1.0,,,2025-08-06 09:41:22,2025-08-06 12:01:52
https://basalam.com/sambaire/product/17314619,کود فسفر بالا شوک 80 درصد اصل آمریکایی 5 لیتری (پس کرایه),,1095800,208200.0,5.0,,True,2025-08-06 09:41:22,2025-08-10 14:28:41
https://basalam.com/igool/product/17314604,کود آهن آمی فلاور 250 میلی گرم,,139000,nan,,,True,2025-08-06 09:41:23,2025-08-10 10:13:35
https://basalam.com/ariyana_keshavarz/product/21181213,سم موش پودری هندی,,500000,nan,,,True,2025-08-06 09:41:24,2025-08-10 10:14:58
https://basalam.com/tetaco/product/13976777,کود مایع درختان انگور واترپلاس VIGOROUS حجم 1 لیتر,,110000,110000.0,1.0,,True,2025-08-06 09:41:24,2025-08-10 14:28:07
https://basalam.com/brandpoison/product/22096729,سم مارمولک کش قوی اکوشاوم اصل المانی,,650000,nan,,,True,2025-08-06 09:41:25,2025-08-10 10:13:42
https://basalam.com/golden_goldon/product/8109992,کود انپیکا 202020 . سه بیست پودری,,35000,nan,,,True,2025-08-06 09:41:25,2025-08-10 14:28:18
https://basalam.com/ir_plant/product/5585079,کود جلبک دریایی مارمارین اصل ( 50 سی سی ) - تولید کمپانی IFTC آمریکا,,99000,nan,,,True,2025-08-06 09:41:26,2025-08-10 15:44:04
https://basalam.com/goldoone.qom/product/15679968,سم کنفیدور سیستمیک گوارشی وتنفسی- برای حشرات مختلف و آفات گیاهان آپارتمانی و باغچه ای - آفت کش کنفیدر - سم مایع- گلدونه,,37000,nan,,,True,2025-08-06 09:41:27,2025-08-10 14:28:12
https://basalam.com/tetaco/product/14790193,کود مایع هیومیک و فولویک اسید واترپلاس VIGOROUS حجم 1 لیتر,,165000,165000.0,1.0,,True,2025-08-06 09:41:27,2025-08-10 14:30:47
https://basalam.com/tirafel/product/15336970,کود هرکو میل تار (پتاسیم+فولویک اسید) 1 کیلویی,,594000,594000.0,1.0,,True,2025-08-06 09:41:28,2025-08-10 14:28:20
https://basalam.com/rajeh_agriculture/product/13122059,بیورادیکانت، کود ریشه زای قوی، محصولی از فیوچراکو اسپانیا، بسته بندی نیم لیتری,,950000,nan,,,True,2025-08-06 09:41:28,2025-08-10 14:31:11
https://basalam.com/hambagh/product/19340907,کود کامل پودری 30 گرمی 20-20-20 شرکت زیست فناور سبز,,42500,nan,,,True,2025-08-06 09:41:29,2025-08-10 14:30:10
https://basalam.com/giahpezshk/product/7016321,سم ساس بسیار قوی ورمین 100درصد قوطی 60 سی سی,,99000,nan,,,True,2025-08-06 09:41:30,2025-08-10 14:28:59
https://basalam.com/delvin.shop/product/19382895,سم سوسک کش رونج کشنده ترین سم بدون بو ارسال رایگان,,600000,nan,,,True,2025-08-06 09:41:30,2025-08-10 14:27:15
https://basalam.com/golden_goldon/product/11389162,کود آمینو اسید، اسید آمینه. ضد تنش گیاه,,45000,nan,,,True,2025-08-06 09:41:31,2025-08-10 14:27:07
https://basalam.com/roham_cactus/product/16613694,کود زاموفیلیا تایمکس,,67500,nan,,,True,2025-08-06 09:41:32,2025-08-10 10:15:30
https://basalam.com/mahoorgol/product/19682216,گل و گیاه آپارتمانی اشوریا آگاویدز گلدان 10,,49000,nan,,,,2025-08-06 09:41:32,2025-08-06 12:03:51
https://basalam.com/roham_cactus/product/16613602,کود بابا آدم تایمکس,,67500,nan,,,True,2025-08-06 09:41:33,2025-08-10 10:15:37
https://basalam.com/simazaar/product/21708503,گیاه ریش بز (هوم) خشک با کیفیت عالی، بار امسالی و تازه(100گرمی),,61100,nan,,,,2025-08-06 09:41:33,2025-08-06 12:00:47
https://basalam.com/irankood/product/8733011,کود ریشه زا بیورادیکانت نیم لیتری,,850000,nan,,,,2025-08-06 09:41:34,2025-08-06 12:00:51
https://basalam.com/tetaco/product/7898231,کود اوره 46 درصد تتاکو VIGOROUS وزن 1 کیلوگرم,,71250,75000.0,1.0,,True,2025-08-06 09:41:35,2025-08-10 14:28:44
https://basalam.com/delvin.shop/product/19332537,سم بید کش پست اکسپرت بدون بو ارسال رایگان,,600000,nan,,,True,2025-08-06 09:41:35,2025-08-10 14:26:33
https://basalam.com/mazrae_khone/product/9287088,کود سوپر فسفات تریپل 1 کیلویی,,130000,130000.0,1.0,,True,2025-08-06 09:41:36,2025-08-10 14:28:28
https://basalam.com/mazrae_khone/product/16396471,جلبک دریایی کود 50 گرمی,,25000,nan,,,True,2025-08-06 09:41:36,2025-08-10 15:47:23
https://basalam.com/golkhaneh_linda/product/6729421,گل آنتریوم هزینه ارسال به صورت پسکرایه و به عهده مشتری میباشد,,250000,nan,,,True,2025-08-06 09:41:37,2025-08-10 14:30:00
https://basalam.com/golden_goldon/product/11163961,کود آهن کلات آهن . 100 سی سی.سبزشیمی,,40000,nan,,,True,2025-08-06 09:41:38,2025-08-10 14:30:57
https://basalam.com/arjagriculture/product/18243106,سم نماتدکش نماکوب ا لیتری,,250000,nan,,,,2025-08-06 09:41:38,2025-08-06 12:02:30
https://basalam.com/doctor-sam123/product/23592678,سم مگس کش حرفه ای دیوویس DAVIS ارسال رایگان,,600000,nan,,,True,2025-08-06 09:41:39,2025-08-10 15:47:25
https://basalam.com/tetaco/product/243190,کود NPK 20-20-20 تتاکو مناسب گلدان و باغچه وزن 120 گرم,,47500,nan,,,True,2025-08-06 09:41:40,2025-08-10 14:30:05
https://basalam.com/golden_goldon/product/10504506,کود بیورادیکانت . 250 سی سی. اصل بارکد دار,,120000,nan,,,,2025-08-06 09:41:40,2025-08-06 12:01:07
https://basalam.com/kod_gol/product/14512755,کود تقویتی بمب انرژی رویش سبز NPKS، حاوی نیتروژن، فسفر و پتاسیم.120 میلی لیتر,,49000,nan,,,,2025-08-06 09:41:41,2025-08-06 12:01:03
https://basalam.com/sabz202020/product/23913627,سم مورچه کش آمادرو پرو اورجینال بی همتا در دنیا,,590000,nan,,,True,2025-08-06 09:41:41,2025-08-10 14:27:51
https://basalam.com/giahpezshk/product/8308606,کود پودری سیلیکات پتاسیم گرین شیلد تحت لیسانس کانادا,,325000,nan,,,,2025-08-06 09:41:42,2025-08-06 12:00:34
https://basalam.com/irankood/product/21389268,کود نیترات کلسیم وانوما گرانوله 1 کیلویی,,289000,289000.0,1.0,,True,2025-08-06 09:41:43,2025-08-10 14:28:54
https://basalam.com/bazrnemooneh/product/17901152,کود مایع هیومیک اسید برای گیاهان آپارتمانی و باغچه ای 60 سی سی,,50000,nan,,,True,2025-08-06 09:41:43,2025-08-10 14:30:15
https://basalam.com/delvin.shop/product/19329561,سم موریانه کش ترمیدور ( ارسال رایگان ),,600000,nan,,,True,2025-08-06 09:41:44,2025-08-10 14:29:44
https://basalam.com/plant-protection/product/17652951,سم قارچ کش کاربندازیم چینی سمیران,,620000,nan,,,True,2025-08-06 09:41:45,2025-08-10 10:14:39
https://basalam.com/toranj_fertiliser_pesticide/product/17611709,قارچکش و باکتری کش بردوفیکس حجم 100 سی سی مناسب گل های آپارتمانی,,30000,nan,,,True,2025-08-06 09:41:45,2025-08-10 15:47:20
https://basalam.com/kod_gol/product/22121162,قارچ کش تماسی سیستمیک ایپرودیون و کاربندازیم گود پلنت (good plant) مخصوص گیاهان زینتی,,45000,nan,,,True,2025-08-06 09:41:46,2025-08-10 16:42:19
https://basalam.com/gyasa/product/4786985,کود کامل پودری GREEN SOUL سه بیست,,1248000,nan,,,True,2025-08-06 09:41:46,2025-08-10 14:29:41
https://basalam.com/keshavarzmarket/product/22643440,کود ارگانیک مخصوص گیاهان آپارتمانی 8 لیتر,,195000,24375.0,8.0,,,2025-08-06 09:41:47,2025-08-06 12:00:43
https://basalam.com/pooyasam/product/16673066,سم سوسک آلمانی یا کابینتی,,380000,nan,,,True,2025-08-06 09:41:48,2025-08-10 14:30:36
https://basalam.com/sampashi-negarin/product/19922183,سم قوی برای کشتن پشه توالت افکتیو (پس کرایه),,138000,nan,,,True,2025-08-06 09:41:48,2025-08-10 14:30:50
https://basalam.com/hani-agri/product/21529090,کود فروت ست نوبل 800 گرمی,,280000,nan,,,True,2025-08-06 09:41:49,2025-08-10 10:15:35
https://basalam.com/golden_goldon/product/9707459,سم کنفیدور 100 سی سی. خالص درجه یک,,45000,nan,,,,2025-08-06 09:41:50,2025-08-06 12:00:41
https://basalam.com/kood-hedro/product/15765891,کود زایشی دراگون فایر هیدروپونیک 250 cc,,235000,nan,,,,2025-08-06 09:41:51,2025-08-06 12:00:37
https://basalam.com/kood-hedro/product/15765677,کود رویشی دراگون فایر هیدروپونیک 250 cc,,235٬000,nan,,,True,2025-08-06 09:41:52,2025-08-10 14:29:20
https://basalam.com/kudmod1/product/17517410,کود شوک ده ایکس گلد,,2450000,nan,,,,2025-08-06 09:41:52,2025-08-06 12:00:31
https://basalam.com/momtazplant/product/8158715,کود بیورادیکانت (کود ریشه زایی) 30 cc,,110000,nan,,,True,2025-08-06 09:41:53,2025-08-10 14:28:10
https://basalam.com/delvin.shop/product/19329952,سم مار لیکوئید فنس ارسال رایگان,,900000,nan,,,,2025-08-06 09:41:54,2025-08-06 12:04:10
https://basalam.com/irankood/product/21389372,کود مونو پتاسیم فسفات وانوما 1 کیلویی,,497000,497000.0,1.0,,True,2025-08-06 09:41:54,2025-08-10 14:28:49
https://basalam.com/tetaco/product/7610837,کود درختان میوه تتاکو VIGOROUS وزن 1 کیلوگرم,,213750,225000.0,1.0,,True,2025-08-06 09:41:55,2025-08-10 14:30:08
https://basalam.com/basalak1/product/16359132,کود کامل ده ایکس گلد (10x GOLD) شوک 5 لیتری (پس کرایه),,1710000,324900.0,5.0,,True,2025-08-06 09:41:56,2025-08-10 14:30:38
https://basalam.com/delvin.shop/product/19329768,سم عقرب کش پایروساید بدون بو ارسال رایگان,,600000,nan,,,True,2025-08-06 09:41:56,2025-08-10 14:30:02
https://basalam.com/tetaco/product/13645086,کود مایع NPK 20-20-20+TE واترپلاس VIGOROUS حجم 1 لیتر,,110٬000,nan,,,,2025-08-06 09:41:57,2025-08-06 09:41:57
https://basalam.com/golden_goldon/product/13463882,کود سانسوریا .100 سی سی. کامل و ترکیبی,,40000,nan,,,True,2025-08-06 09:41:58,2025-08-10 14:29:23
https://basalam.com/bazrnemooneh/product/8547349,کود حیوانی گوسفند نرم شده و کاملا خشک برای گلدان و باغچه در بسته بندی(1کیلوگرمی )قیمت مناسب,,48000,48000.0,1.0,,True,2025-08-06 09:41:58,2025-08-10 14:30:52
https://basalam.com/bazrnemooneh/product/23426841,سم پودری قوی،موش کش خارجی,,180000,nan,,,True,2025-08-06 09:41:59,2025-08-10 14:27:37
https://basalam.com/basalak1/product/22804549,کود فسفر بالا شوک 80 درصد اصل ریشه زا 20 لیتری (پس کرایه),,2306600,115330.0,20.0,,,2025-08-06 09:42:00,2025-08-06 12:03:02
https://basalam.com/ir_plant/product/8721045,کود مونو پتاسیم فسفات تولید زیگلر آلمان (بسته 50 گرمی),,49000,nan,,,True,2025-08-06 09:42:00,2025-08-10 15:32:26
https://basalam.com/irankood/product/11520870,کود 20-20-20 وانوما با عناصر ماکرو و میکرو یک کیلویی,,337000,nan,,,True,2025-08-06 09:42:01,2025-08-10 14:28:31
https://basalam.com/tetaco/product/347026,کود مونو آمونیوم فسفات تتاکو مناسب گیاهان خانگی وزن 120 گرم,,82500,nan,,,True,2025-08-06 09:42:01,2025-08-10 10:16:53
https://basalam.com/simazaar/product/10360057,گیاه سدر با کیفیت عالی، بار امسالی و تازه (1کیلوگرم),,191328,191328.0,1.0,,True,2025-08-06 09:42:02,2025-08-10 17:08:02
https://basalam.com/igool/product/5128027,کود مایع سه بیست تایمکس ( 150 میلی لیتر ),,119000,nan,,,,2025-08-06 09:42:03,2025-08-06 12:03:00
https://basalam.com/tirafel/product/15760395,کود پیلینوس (بور + جلب کننده زنبور) 250 سی سی,,506000,nan,,,True,2025-08-06 09:42:03,2025-08-10 14:27:18
https://basalam.com/igool/product/5127932,کود npk کود کامل گیاهان آپارتمانی غنی شده تایمکس ( 150 میلی لیتر ),,119000,nan,,,True,2025-08-06 09:42:04,2025-08-10 15:47:28
https://basalam.com/igool/product/5127809,کود مایع اسید هیومیک تایمکس ( 150 میلی لیتر ),,119000,nan,,,,2025-08-06 09:42:05,2025-08-06 12:03:03
https://basalam.com/golden_goldon/product/11094211,کود اسید هیومیک . هیومیک اسید . پودری,,40000,nan,,,True,2025-08-06 09:42:05,2025-08-10 14:29:49
https://basalam.com/golden_goldon/product/4455851,کود انپیکا 105210 . فسفر بالا. ریشه زا,,35000,nan,,,True,2025-08-06 09:42:06,2025-08-10 14:29:30
https://basalam.com/golden_goldon/product/10285487,کود هیومیک اسید. اسید هیومیک. مایع درجه یک,,40000,nan,,,True,2025-08-06 09:42:07,2025-08-10 14:31:13
https://basalam.com/avandagro/product/8887167,کود مایع انرژی ایکس گرین (آمینو اسید) 250 سی سی,,180000,nan,,,True,2025-08-06 09:42:07,2025-08-10 10:15:59
https://basalam.com/ir_plant/product/4594195,کود سه بیست 20 20 (بسته 250 گرمی) برند معتبر باواریا (Bavaria) آلمان,,157000,nan,,,,2025-08-06 09:42:08,2025-08-06 12:03:42
https://basalam.com/golden_goldon/product/4455816,کود انپیکا 121236. پتاس بالا .مخصوص پاجوش دهی و گلدهی,,35000,nan,,,True,2025-08-06 09:42:09,2025-08-10 14:29:33
https://basalam.com/ir_plant/product/4594056,کود آهن 6درصد با برند valegro ایتالیا (30گرم کود خالص),,69000,nan,,,,2025-08-06 09:42:09,2025-08-06 12:03:45
https://basalam.com/tetaco/product/3522917,کود کلسیم +بور تتاکو مناسب گلدان و باغچه وزن 120 گرم,,87200,nan,,,True,2025-08-06 09:42:10,2025-08-10 15:47:31
https://basalam.com/golden_goldon/product/9450014,کود پتاس 121236 مناسب پاجوش زایی و گلدهی,,40000,nan,,,True,2025-08-06 09:42:10,2025-08-10 14:30:13
https://basalam.com/irankood/product/3034580,کود سولوپتاس وپروفرت 2 کیلویی ضد شوری و افزایش باردهی و تناژ,,410000,205000.0,2.0,,True,2025-08-06 09:42:11,2025-08-10 14:31:00
https://basalam.com/gyasa/product/15771020,کود مایع آلی حاوی هیومیک اسید GREEN SOUL پنج لیتری,,384000,nan,,,True,2025-08-06 09:42:12,2025-08-10 14:30:23
https://basalam.com/kod_gol/product/18344372,کود جلبک دریایی بارسلوس ضد تنش و عامل پهن شدن برگ های پتوس,,45800,nan,,,True,2025-08-06 09:42:12,2025-08-10 16:42:24
https://basalam.com/ir_plant/product/4593822,کود سه بیست 20 20 ( 50 گرم کود خالص) برند معتبر باواریا آلمان - کود کامل npk,,44000,nan,,,True,2025-08-06 09:42:13,2025-08-10 16:42:21
https://basalam.com/kod_gol/product/16694405,کود رویشی گیاهان آپارتمانی,,175000,nan,,,,2025-08-06 09:42:14,2025-08-06 12:04:00
https://basalam.com/silikan/product/6929541,کود سولفات آهن 1000 گرمی,,50000,50000.0,1.0,,True,2025-08-06 09:42:14,2025-08-10 14:28:04
https://basalam.com/iran-sam/product/24452742,سم مار لیکوئید فنس یک لیتری ارسال رایگان,,820000,nan,,,True,2025-08-06 09:42:15,2025-08-10 17:10:35
https://basalam.com/azarsabzineh/product/4417191,کود مخصوص ریشه زایی سانیا کود مدل 10-52-10 وزن 50 گرم,,19900,nan,,,True,2025-08-06 09:42:16,2025-08-10 14:27:48
https://basalam.com/sinar/product/5677169,سم کشنده انواع سوسک ها داهاو اصل Dahao بسته 5 عددی درجه یک,,144400,nan,,,True,2025-08-06 09:42:16,2025-08-10 10:17:33
https://basalam.com/sabzonlineshop/product/10656245,کود مایع مخصوص گل بابا آدم برند تایمکس حجم 150 میلی لیتر,,89000,nan,,,,2025-08-06 09:42:17,2025-08-06 12:00:38
https://basalam.com/koodito/product/9547314,کود همه کاره ارگانیک ویتامینه گیاهان (سوپر) ویژه ی گیاهان آپارتمانی و زینتی,,260000,nan,,,True,2025-08-06 09:42:18,2025-08-10 14:26:46
https://basalam.com/rooyesh-yar/product/18800680,کود کامل NPK (10-52-10) (13 عنصره) ، مناسب ریشه زایی،1Kg,,330000,nan,,,True,2025-08-06 09:42:18,2025-08-10 14:31:29
https://basalam.com/keshavarzmarket/product/22663367,سم سوسک کش ترکیبی مزرعه (سایپرمترین + کنفیدور)،قوی ترین دفع سوسک با اثر ماندگار,,190000,nan,,,True,2025-08-06 09:42:19,2025-08-10 14:29:51
https://basalam.com/golden_goldon/product/10286285,کود جلبک دریایی . 250 سی سی. اصل,,50000,nan,,,,2025-08-06 09:42:20,2025-08-06 12:01:30
https://basalam.com/sabz202020/product/23638763,سم موریانه کش ترمیدور Termidor اورجینال یک لیتری بدون بو,,550000,nan,,,,2025-08-06 09:42:20,2025-08-06 12:00:53
https://basalam.com/green110/product/18688389,پودر سوسک و مورچه کش بکش بکش 65g,,30000,nan,,,True,2025-08-06 09:42:21,2025-08-10 14:26:59
https://basalam.com/metaabzariran/product/14284660,سم آفات خانگی ایکون مدل 10wp بدون بو کیفیت عالی,,20000,nan,,,True,2025-08-06 09:42:22,2025-08-10 10:14:33
https://basalam.com/sabzonlineshop/product/12339505,کود زاموفیلیا تایمکس حجم 150میلی لیتر کود زامیفولیا,,77000,nan,,,,2025-08-06 09:42:23,2025-08-06 12:02:27
https://basalam.com/simazaar/product/9859828,گیاه گزنه با کیفیت عالی، بار امسالی و تازه(100گرمی ),,72650,nan,,,,2025-08-06 09:42:24,2025-08-06 12:02:09
https://basalam.com/nahashid/product/9794528,کود جلبک دریایی آمریکایی مایع + هورمون رشد,,220000,nan,,,,2025-08-06 09:42:25,2025-08-06 12:02:00
https://basalam.com/keshavarzmarket/product/19073791,کود گلدهی حاصلخیز پودر 70گرمی با فناوری XGreen ، تقویت گلدهی و میوه دهی با کیفیت عالی,,120000,nan,,,,2025-08-06 09:42:25,2025-08-06 12:02:37
https://basalam.com/petshopalmas/product/16587093,سم فلومترین یک درصد دامی250میلی لیتر FLUMETHRIN,,275000,nan,,,True,2025-08-06 09:42:26,2025-08-10 14:29:25
https://basalam.com/koodito/product/10108701,بسته دو تایی کود همه کاره ارگانیک ویتامینه گیاهان ویژه ی گیاهان آپارتمانی و زینتی,,520000,nan,,,True,2025-08-06 09:42:27,2025-08-10 14:27:23
https://basalam.com/plant.kala/product/4877482,سم سایپرمترین هند40 درصد حشره کش غیر سیستمیک تماسی گوارشی,,480000,nan,,,,2025-08-06 09:42:27,2025-08-06 12:02:15
https://basalam.com/soilarghavan/product/5297670,کود آمینو اسید،کود ویتامینه وضد تنش،امینو اسید,,35000,nan,,,True,2025-08-06 09:42:28,2025-08-10 15:34:07
https://basalam.com/mazrae_khone/product/1201755,سم سوسک و مورچه گرین لیف 100 درصد تضمینی,,14000,nan,,,True,2025-08-06 09:42:29,2025-08-10 14:27:39
https://basalam.com/foroshgah_markazi/product/16254421,سم سوسک آشپزخانه مخصوص سوسک کابینتی داهائو Dahao بسته 6 عددی,,120000,nan,,,True,2025-08-06 09:42:29,2025-08-10 14:26:44
https://basalam.com/sambaire/product/17295348,کود آمینواسید شوک 80 درصد اصل آمریکایی یک لیتری (پس کرایه),,262800,nan,,,True,2025-08-06 09:42:30,2025-08-10 14:26:51
https://basalam.com/kod_gol/product/18341600,کود تقویتی 105210 بارسلوس 50 گرمی,,45000,nan,,,,2025-08-06 09:42:31,2025-08-06 12:02:48
https://basalam.com/lilium_plants/product/13448848,محلول کودی دکتر طباطبائی 2 استوک نیم لیتری با بسته بندی جدید,,397000,nan,,,True,2025-08-06 09:42:31,2025-08-10 10:13:37
https://basalam.com/igool/product/9133790,کود فیکوس برند تایمکس 150 میلی لیتر,,119000,nan,,,True,2025-08-06 09:42:32,2025-08-10 17:10:44
https://basalam.com/golden_goldon/product/11974985,اسپری قارچکش قارچ کش و آفت کش ترکیبی,,50000,nan,,,True,2025-08-06 09:42:33,2025-08-10 14:29:15
https://basalam.com/arshadiarash2020/product/10494944,سم آبامکتین( کنه کش ),,50000,nan,,,True,2025-08-06 09:42:33,2025-08-10 14:27:53
https://basalam.com/garden_paradise/product/11644231,روغن ولک براق کننده گل و گیاهان آپارتمانی,,50000,nan,,,True,2025-08-06 09:42:34,2025-08-10 15:21:16
https://basalam.com/goldoone.qom/product/14707628,کود کلات آهن 60گرمی- مناسب جوانه زنی وافزایش سبزینگی گیاهان-کود آهن پودری-کود گیاهان آپارتمانی-کود کامل گیاه-گلدونه,,26000,nan,,,True,2025-08-06 09:42:35,2025-08-10 14:27:59
https://basalam.com/mazrae_khone/product/1161060,کود NPK سه بیست یک کیلویی,,150000,nan,,,True,2025-08-06 09:42:35,2025-08-10 14:28:36
https://basalam.com/keshavarzmarket/product/21831950,کود سه 10 پودر 70 گرمی حاصلخیز با فناوری XGREEN,,120000,nan,,,,2025-08-06 09:42:36,2025-08-06 12:01:17
https://basalam.com/ir_plant/product/4595416,کود گلدهی 10-52-10 باواریا آلمان (250 گرم کود خالص)- مخصوص تحریک به گلدهی,,189000,nan,,,,2025-08-06 09:42:37,2025-08-06 12:04:02
https://basalam.com/tetaco/product/13739480,کود مایع NPK 34-10-10.TE واترپلاس VIGOROUS حجم 1 لیتر,,110000,110000.0,1.0,,True,2025-08-06 09:42:37,2025-08-10 10:17:50
https://basalam.com/lousian_flower/product/17080913,کود هربان، معدنی و ارگانیک.در بسته های 150 و 500 گرمی، ارسال با پست، چاپار و یا تیپاکس انجام، هزینه با مشتری و پسکرایه,,40000,nan,,,True,2025-08-06 09:42:38,2025-08-10 14:27:42
https://basalam.com/bilchehsabz/product/21014922,کود کلسیم,,29000,nan,,,True,2025-08-06 09:42:39,2025-08-10 10:13:28
https://basalam.com/mazrae_khone/product/1160841,کود افزایش گلدهی 12.12.36 پودری خانگی,,20000,nan,,,True,2025-08-06 09:42:39,2025-08-10 14:28:02
https://basalam.com/sambaire/product/17296104,فروت ست شوک 5 لیتری اصل آمریکایی (کود بعد برداشت ) پس کرایه,,961200,182620.0,5.0,,True,2025-08-06 09:42:40,2025-08-10 14:27:26
https://basalam.com/tetaco/product/7869452,کود نیترات پتاسیم تتاکو VIGOROUS وزن 1 کیلوگرم,,275000,275000.0,1.0,,True,2025-08-06 09:42:41,2025-08-10 10:14:07
https://basalam.com/delvin.shop/product/19311502,سم ساس پیرانا تحت لیسانس کشنده ترین ساس کش دنیا ، ارسال رایگان,,600000,nan,,,True,2025-08-06 09:42:41,2025-08-10 14:27:31
https://basalam.com/almase_sorkh/product/4822607,سم سایپرمترین (250 سی سی)سمان سمیران بسیار قوی جهت سوسک مورچه موریانه پشه و غیره,,120000,nan,,,True,2025-08-06 09:42:42,2025-08-10 16:39:06
https://basalam.com/plant-protection/product/18783865,کود وارداتی 20 20 20 تتاکو فله ای,,360000,nan,,,True,2025-08-06 09:42:43,2025-08-10 17:10:38
https://basalam.com/humicacid/product/5113445,کود کامل گیاهان 10 ایکس شوک مایع اصل آمریکایی یک لیتری (پس کرایه),,283500,nan,,,True,2025-08-06 09:42:43,2025-08-10 14:28:47
https://basalam.com/delvin.shop/product/19312041,سم سوسک کش ریز و درشت ریپلزال بدون بو ، ارسال رایگان,,600000,nan,,,,2025-08-06 09:42:44,2025-08-06 12:03:21
https://basalam.com/ir_plant/product/16366117,کود اسید آمینه 65 درصد - ایزابیون سوئیس 50 سی سی,,97000,nan,,,,2025-08-06 09:42:45,2025-08-06 12:01:38
https://basalam.com/robiniagarden/product/14283234,سم دیازینون 60 درصد 100 سی سی,,45000,nan,,,,2025-08-06 09:42:46,2025-08-06 12:02:52
https://basalam.com/lousian_flower/product/21992242,زاموفیلیا سوپر بلک، سایز گلدان 6 و 8، ارسال با تیپاکس، پست یا چاپار، هزینه با مشتری و پسکرایه,,70000,nan,,,,2025-08-06 09:42:46,2025-08-06 12:01:56
https://basalam.com/robiniagarden/product/14283285,سم حشره کش گیاهی کنفیدور 100 سی سی,,45000,nan,,,,2025-08-06 09:42:47,2025-08-06 12:02:45
https://basalam.com/sabz-for-roshd/product/22718254,سم حشره کش سایپرمترین 10 درصد (سمان) سمیران 250 سی سی,,119000,nan,,,,2025-08-06 09:42:48,2025-08-06 12:00:28
https://basalam.com/ragafertilizer/product/4470368,کود مونو پتاسیم فسفات گرین پیک مدل Mono Potassium Phosphate 1000 وزن یک کیلوگرم,,369000,nan,,,True,2025-08-06 09:42:48,2025-08-10 16:38:55
https://basalam.com/simazaar/product/9885989,گیاه خار مریم با کیفیت عالی، بار امسالی و تازه(100 گرمی ),,57800,nan,,,,2025-08-06 09:42:49,2025-08-06 12:03:47
https://basalam.com/keshavarzmarket/product/22653564,سم دیازینون 60 درصد مزرعه 100 میلی، کنترل مؤثر آفات کشاورزی,,120000,nan,,,True,2025-08-06 09:42:50,2025-08-10 14:27:04
https://basalam.com/kod_gol/product/22283133,کود تقویتی بیورادیکانت، ریشه زایی، افزایش شاخ و برگ، ضد تنش,,122500,nan,,,,2025-08-06 09:42:50,2025-08-06 12:02:12
https://basalam.com/sabz202020/product/23730064,سم سوسک ریپلزال تحت لیسانس درجه یک با ضمانت ریشه کشی کامل,,490000,nan,,,True,2025-08-06 09:42:51,2025-08-10 15:32:23
https://basalam.com/kod_gol/product/19023532,کود 121236 بسته های 40 گرمی,,45000,nan,,,,2025-08-06 09:42:52,2025-08-06 12:01:15
https://basalam.com/delvin1400/product/23948236,سم مارمولک کش قوی اکوشام اصل آلمانی ارسال رایگان,,590000,nan,,,True,2025-08-06 09:42:52,2025-08-10 14:31:19
https://basalam.com/tetaco/product/261858,کود هیومیک اسید پودری تتاکو مناسب گلدلن و باغچه وزن 120 گرم,,66000,nan,,,True,2025-08-06 09:42:53,2025-08-10 10:13:53
https://basalam.com/reyhan_giyah_products/product/18269728,گیاه درمنه ترکی با کیفیت عالی، بار امسالی و تازه(500گرمی ),,167750,nan,,,,2025-08-06 09:42:54,2025-08-06 12:02:33
https://basalam.com/kudmod1/product/15794971,کود سیلیکات پتاسیم 1 لیتری شوک,,370000,370000.0,1.0,,,2025-08-06 09:42:54,2025-08-06 12:02:35
https://basalam.com/tetaco/product/536940,کود هیومیک اسید مایع تتاکو HUMORE بسته یک لیتری,,143000,nan,,,True,2025-08-06 09:42:55,2025-08-10 14:28:15
https://basalam.com/avandagro/product/9060914,سم حشره کش سایپرمترین 40 درصد هندی نیم لیتری,,439000,nan,,,True,2025-08-06 09:42:57,2025-08-10 17:10:41
https://basalam.com/kudmod1/product/15794820,کود رنگ اوری شوک 1 لیتری,,350000,350000.0,1.0,,,2025-08-06 09:42:58,2025-08-06 12:02:40
https://basalam.com/samkoodbazr1/product/9640287,سم دور کننده مار و موجودات موزی( سم مار )2 کیلویی,,4680000,2340000.0,2.0,,,2025-08-06 09:42:58,2025-08-06 12:00:59
https://basalam.com/toranj_fertiliser_pesticide/product/13930536,کود سفید شکری (سولفات آمونیوم) فلونیا حجم یک کیلوگرم,,33000,nan,,,True,2025-08-06 09:42:59,2025-08-10 15:32:59
https://basalam.com/plantsneed/product/9889875,کود پتاس بالا شوک آمریکایی اصل مایع 1 لیتری,,330000,330000.0,1.0,,,2025-08-06 09:43:00,2025-08-06 12:02:24
https://basalam.com/keshavarzmarket/product/21282288,سم کارباریل 30 گرمی مزرعه,,120000,nan,,,True,2025-08-06 09:43:00,2025-08-10 16:51:26
https://basalam.com/safirkala/product/24152464,سم ساس کش کشاورزباشی مدل KAFI حجم 250 میلی لیتر,,930000,nan,,,True,2025-08-06 09:43:01,2025-08-10 14:26:54
https://basalam.com/mazrae_khone/product/1201200,کود فسفر بالا افزایش ریشه کوچک,,20000,nan,,,True,2025-08-06 09:43:02,2025-08-10 14:27:10
https://basalam.com/simazaar/product/9910081,آشواگاندا با کیفیت عالی، بار امسالی و تازه(100گرمی),,361400,nan,,,True,2025-08-06 09:43:03,2025-08-10 17:09:45
https://basalam.com/kod_gol/product/21956512,سم کنه کش و حشره کش آبامکتین برند تارگت(کنترل شته، شپشک، مگس سفید)گیاهان آپارتمانی و درختان,,79000,nan,,,,2025-08-06 09:43:03,2025-08-06 12:02:42
https://basalam.com/greenrose/product/23272057,کود گلدهی یکبار مصرف فرمول یک,,10000,nan,,,True,2025-08-06 09:43:04,2025-08-10 14:30:18
https://basalam.com/royagolspadan/product/15328011,گل سینگونیوم موهیتو هزینه ارسال بصورت پس کرایه و بعهده مشتری می باشد,,299000,nan,,,True,2025-08-06 09:43:05,2025-08-10 15:25:50
https://basalam.com/royagolspadan/product/9939538,آگلونما رد بیوتی Aglaonema red beauty هزینه ارسال بصورت پس کرایه و بعهده مشتری می باشد,,380000,nan,,,True,2025-08-06 09:43:05,2025-08-10 15:25:52
https://basalam.com/royagolspadan/product/16776131,آلوکازیا هیلو بیوتی Alocasia Hilo Beauty هزینه ارسال بصورت پس کرایه و بعهده مشتری می باشد,,450000,nan,,,True,2025-08-06 09:43:06,2025-08-10 15:25:55
https://basalam.com/royagolspadan/product/12223892,گل منحصربفرد آلوکازیا رد سکرت که از فضا اومده هزینه ارسال بصورت پس کرایه و بعهده مشتری می باشد,,450000,nan,,,True,2025-08-06 09:43:07,2025-08-10 15:25:57
https://basalam.com/royagolspadan/product/14338532,گل لاکچری آلوکازیا بامبینو هزینه ارسال بصورت پس کرایه و بعهده مشتری می باشد,,390000,nan,,,True,2025-08-06 09:43:07,2025-08-10 15:26:00
https://basalam.com/sam_susk/product/4581076,سم مخصوص سوسک کابینت,,600000,nan,,,True,2025-08-06 09:43:08,2025-08-10 15:21:18
https://basalam.com/achatina-farm/product/21148412,کود حلزون مناسب گیاهان آپارتمانی (پس کرایه),,100000,nan,,,True,2025-08-06 09:43:09,2025-08-10 15:27:42
https://basalam.com/aqua_haft_darya/product/10144670,کود گیاه بلک گلد وزن 800 گرم,,45000,nan,,,True,2025-08-06 09:43:10,2025-08-10 15:21:29
https://basalam.com/asha_agri/product/9173094,کود 20 لیتری آهن شوک اصل آمریکا,,3600000,180000.0,20.0,,True,2025-08-06 09:43:10,2025-08-10 15:26:40
https://basalam.com/asha_agri/product/9215752,کود 20 لیتری مولتی کمپلکس شوک اصل آمریکا,,3800000,190000.0,20.0,,True,2025-08-06 09:43:11,2025-08-10 15:26:42
https://basalam.com/asha_agri/product/9927290,کود 5 لیتری نانو مایع نیترات کلسیم شوک اصل آمریکا,,1565000,313000.0,5.0,,True,2025-08-06 09:43:12,2025-08-10 15:26:45
https://basalam.com/asha_agri/product/9943433,کود 20 لیتری نانو مایع مخصوص گندم و جو شوک اصل آمریکا,,3100000,155000.0,20.0,,True,2025-08-06 09:43:12,2025-08-10 15:26:48
https://basalam.com/asha_agri/product/9943373,کود 1 لیتری نانو مایع مخصوص گندم و جو شوک اصل آمریکا,,355000,355000.0,1.0,,True,2025-08-06 09:43:13,2025-08-10 15:26:52
https://basalam.com/asha_agri/product/9943585,کود 20 لیتری فروت ست شوک اصل آمریکا,,3600000,180000.0,20.0,,True,2025-08-06 09:43:14,2025-08-10 15:26:55
https://basalam.com/asha_agri/product/9197979,کود 5 لیتری نانو مایع گوگرد شوک(80درصد) اصل آمریکا,,1395000,279000.0,5.0,,True,2025-08-06 09:43:14,2025-08-10 15:26:58
https://basalam.com/keshavarzi_arman/product/14034108,کود مایع آمینو کلسیم بور ایکس گرین با حجم 1 لیتر,,390000,390000.0,1.0,,True,2025-08-06 09:43:15,2025-08-10 15:25:44
https://basalam.com/rooyesh-sabz/product/18013753,کود تقویتی مخصوص درخت کاج هپی پلنت مدل HP459 حجم 120 میلی لیتر,,45000,nan,,,True,2025-08-06 09:43:16,2025-08-10 15:21:53
https://basalam.com/rooyesh-sabz/product/18016695,کود مایع محرک رشد کروتون مدل Super power حجم 120 میلی لیتر بسته دو عددی,,83000,nan,,,True,2025-08-06 09:43:17,2025-08-10 15:21:55
https://basalam.com/rooyesh-sabz/product/18013922,کود مخصوص برگ دهی هپی پلنت مدل HP502 حجم 120 میلی لیتر,,45000,nan,,,True,2025-08-06 09:43:17,2025-08-10 15:21:58
https://basalam.com/rooyesh-sabz/product/18013898,کود سولفات روی هپی پلنت مدل SZN وزن 50 گرم,,45000,nan,,,True,2025-08-06 09:43:18,2025-08-10 15:22:00
https://basalam.com/rooyesh-sabz/product/18013834,کود تقویتی مخصوص گل داوودی هپی پلنت مدل HP410 حجم 120 میلی لیتر,,45000,nan,,,True,2025-08-06 09:43:19,2025-08-10 15:22:03
https://basalam.com/rooyesh-sabz/product/18013725,کود نیترات کلسیم هپی پلنت مدل CAN وزن 100 گرم,,43000,nan,,,True,2025-08-06 09:43:19,2025-08-10 15:22:06
https://basalam.com/rooyesh-sabz/product/18016093,کود مایع کامل سانسوریا گلبان کود مدل G حجم 220 میلی لیتر,,45000,nan,,,True,2025-08-06 09:43:20,2025-08-10 15:22:09
https://basalam.com/rooyesh-sabz/product/18016110,کود مایع کامل غنی شده محرک برگ دهی گیاهان مدل DaneshPlus حجم 120 میلی لیتر,,45000,nan,,,True,2025-08-06 09:43:21,2025-08-10 15:22:11
https://basalam.com/rooyesh-sabz/product/18016113,کود مایع ارگانیک غنی شده محرک رشد رویشی، مدل OrgaFerti حجم 120 میلی لیتر,,45000,nan,,,True,2025-08-06 09:43:22,2025-08-10 15:22:14
https://basalam.com/rooyesh-sabz/product/18016347,کود مایع کامل ارگانیک غنی شده ویژه گل مرجان مدل OrgaFerti حجم 120 میلی لیتر,,45000,nan,,,True,2025-08-06 09:43:22,2025-08-10 15:22:17
https://basalam.com/rooyesh-sabz/product/18016203,کود مایع کامل ارگانیک غنی شده ویژه گیلاس اورشلیم مدل OrgaFerti حجم 120 میلی لیتر,,45000,nan,,,True,2025-08-06 09:43:23,2025-08-10 15:22:20
https://basalam.com/rooyesh-sabz/product/18016146,کود مایع کامل مکمل رشد گیاه حسن یوسف مدل Super Power 13 حجم 120 میلی لیتر,,45000,nan,,,True,2025-08-06 09:43:24,2025-08-10 15:22:23
https://basalam.com/rooyesh-sabz/product/18016344,کود مایع کامل ارگانیک غنی شده ویژه گل شیپوری مدل OrgaFerti حجم 120 میلی لیتر,,45000,nan,,,True,2025-08-06 09:43:24,2025-08-10 15:22:25
https://basalam.com/rooyesh-sabz/product/18016417,کود مایع کامل ارگانیک غنی شده ویژه گلهای شاخه بریده مدل OrgaFerti حجم 120 میلی لیتر,,45000,nan,,,True,2025-08-06 09:43:25,2025-08-10 15:22:28
https://basalam.com/rooyesh-sabz/product/18016432,کود مایع مکمل رشد فیلودندرون مدل Super Power 01 حجم 120 میلی لیتر,,45000,nan,,,True,2025-08-06 09:43:26,2025-08-10 15:22:31
https://basalam.com/rooyesh-sabz/product/18016059,کود مایع کامل ارگانیک غنی شده ویژه زاموفیلیا بلک مدل OrgaFerti حجم 120 میلی لیتر,,45000,nan,,,True,2025-08-06 09:43:27,2025-08-10 15:22:36
https://basalam.com/rooyesh-sabz/product/18016012,کود مایع کامل ارگانیک غنی شده ویژه سبزی کاری مدل OrgaFerti حجم 120 میلی لیتر,,45000,nan,,,True,2025-08-06 09:43:27,2025-08-10 15:22:38
https://basalam.com/rooyesh-sabz/product/18016014,کود مایع کامل ارگانیک غنی شده ویژه فیکوس آفریقایی مدل OrgaFerti حجم 120 میلی لیتر,,45000,nan,,,True,2025-08-06 09:43:28,2025-08-10 15:22:41
https://basalam.com/rooyesh-sabz/product/18014355,کود کامل دراسنا مدل A31 حجم 120 میلی لیتر,,45000,nan,,,True,2025-08-06 09:43:29,2025-08-10 15:22:44
https://basalam.com/rooyesh-sabz/product/18014349,کود نخل لیکوالا مدل A63 حجم 120 میلی لیتر,,45000,nan,,,True,2025-08-06 09:43:29,2025-08-10 15:22:46
https://basalam.com/rooyesh-sabz/product/18014203,کود کامل بنجامین فیکوس بلک ابلق و آمستل مدل A33 حجم 120 میلی لیتر,,45000,nan,,,True,2025-08-06 09:43:30,2025-08-10 15:22:49
https://basalam.com/rooyesh-sabz/product/18014218,کود کامل آدنیوم مدل Adnium حجم 120 میلی لیتر,,45000,nan,,,True,2025-08-06 09:43:32,2025-08-10 15:22:52
https://basalam.com/rooyesh-sabz/product/18014205,کود پاچیرا مدل A70 حجم 120 میلی لیتر,,45000,nan,,,True,2025-08-06 09:43:33,2025-08-10 15:22:54
https://basalam.com/rooyesh-sabz/product/18014210,کود کامل لیراتا فیکوس افریقایی مدل A27 حجم 120 میلی لیتر,,45000,nan,,,True,2025-08-06 09:43:33,2025-08-10 15:22:57
https://basalam.com/rooyesh-sabz/product/18014250,کود کامل فیلودندرون گوش گرگی مدل Filn حجم 120 میلی لیتر,,45000,nan,,,True,2025-08-06 09:43:34,2025-08-10 15:23:00
https://basalam.com/rooyesh-sabz/product/18016375,کود مایع درخت لیمو کد Pak حجم 120 میلی لیتر بسته 8 عددی,,1290000,nan,,,True,2025-08-06 09:43:35,2025-08-10 15:23:02
https://basalam.com/rooyesh-sabz/product/18016549,کود سه مرحله ای پتوس مدل ABC2022 حجم 120 میلی لیتر بسته سه عددی,,110000,nan,,,True,2025-08-06 09:43:36,2025-08-10 15:23:05
https://basalam.com/rooyesh-sabz/product/18016336,کود پتوس و اسید آمینه و آهن و مولتی کود کد A01 حجم 120 میلی لیتر بسته 4 عددی,,69000,nan,,,True,2025-08-06 09:43:36,2025-08-10 15:23:08
https://basalam.com/rooyesh-sabz/product/18016470,کود مایع مولتی کود مخصوص گل های آپارتمانی مدل Fast growth حجم کل 300 میلی لیتر بسته سه عددی,,109000,nan,,,True,2025-08-06 09:43:37,2025-08-10 15:23:10
https://basalam.com/rooyesh-sabz/product/18016240,کود مایع زاموفیلیا و پتوس و سانسوریا و هیومیک مدل A حجم 120 میلی لیتر بسته 8 عددی,,129000,nan,,,True,2025-08-06 09:43:38,2025-08-10 15:23:13
https://basalam.com/rooyesh-sabz/product/18016251,کود مایع قطره چکانی گلدهی گیاهان خانگی گلبان کود مدل Fast growth حجم 300 میلی لیتر بسته سه عددی,,59000,nan,,,True,2025-08-06 09:43:39,2025-08-10 15:23:15
https://basalam.com/rooyesh-sabz/product/18013774,کود تقویتی مخصوص مورد زینتی هپی پلنت مدل HP447 حجم 120 میلی لیتر,,45000,nan,,,True,2025-08-06 09:43:39,2025-08-10 15:23:18
https://basalam.com/rooyesh-sabz/product/18016594,کود مایع محرک رشد شامادورا مدل Super powerحجم 120 میلی لیتر بسته دو عددی,,85000,nan,,,True,2025-08-06 09:43:40,2025-08-10 15:23:21
https://basalam.com/rooyesh-sabz/product/18016719,کود مایع گل دهی گیاهانو کلات آهن و سه بیست و هیومیک مدل A حجم 120 میلی لیتر بسته 8 عددی,,209000,nan,,,True,2025-08-06 09:43:41,2025-08-10 15:23:23
https://basalam.com/rooyesh-sabz/product/18016644,کود مایع محرک رشد برگ دهی مدل Mpower حجم 120 میلی لیتر بسته دو عددی,,88000,nan,,,True,2025-08-06 09:43:42,2025-08-10 15:23:26
https://basalam.com/rooyesh-sabz/product/18016192,کود مایع محرک رشد حسن یوسف مدل Mpower حجم 120 میلی لیتر بسته سه عددی,,69000,nan,,,True,2025-08-06 09:43:42,2025-08-10 15:23:29
https://basalam.com/rooyesh-sabz/product/18016279,کود مایع محرک رشد انواع سرخس مدل Mpower حجم 120 میلی لیتر بسته دو عددی,,490000,nan,,,True,2025-08-06 09:43:43,2025-08-10 15:23:32
https://basalam.com/rooyesh-sabz/product/18016321,کود مایع زاموفیلیا گلبان کود مدل Fast growth حجم 100 میلی لیتر بسته سه عددی,,690000,nan,,,True,2025-08-06 09:43:44,2025-08-10 15:23:34
https://basalam.com/rooyesh-sabz/product/18013853,کود مایع مخصوص گیاهان برگی هپی پلنت مدل HP26 حجم 420 میلی لیتر,,65000,nan,,,True,2025-08-06 09:43:45,2025-08-10 15:23:37
https://basalam.com/rooyesh-sabz/product/18016589,کود کامل مایع فسفر بالا ریشه زایی گیاهان آپارتمانی مدل GL2 حجم 240 میلی لیتر مجموعه 2 عددی,,85000,42500.0,2.0,,True,2025-08-06 09:43:45,2025-08-10 15:23:39
https://basalam.com/rooyesh-sabz/product/18016119,کود مایع مولتی دیفن باخیا Pak8 حجم 120 میلی لیتر بسته 8 عددی,,129000,16125.0,8.0,,True,2025-08-06 09:43:46,2025-08-10 15:23:42
https://basalam.com/rooyesh-sabz/product/18016442,کود مایع محرک رشد فیکوس مدل Spower حجم 120 میلی لیتر بسته سه عددی,,109000,nan,,,True,2025-08-06 09:43:47,2025-08-10 15:23:45
https://basalam.com/rooyesh-sabz/product/18016587,کود کامل مایع مخصوص دیفن باخیا مدل GL2 حجم 120 میلی لیتر بسته سه عددی,,109000,54500.0,2.0,,True,2025-08-06 09:43:47,2025-08-10 15:23:47
https://basalam.com/rooyesh-sabz/product/18016686,کود مایع مرکب مدل 15 حجم 120 میلی لیتر,,45000,nan,,,True,2025-08-06 09:43:48,2025-08-10 15:23:50
https://basalam.com/rooyesh-sabz/product/18016464,کود کامل مایع پتوس مدل A33 حجم 120 میلی لیتر بسته دو عددی,,85000,nan,,,True,2025-08-06 09:43:49,2025-08-10 15:23:53
https://basalam.com/rooyesh-sabz/product/18013806,کود سه بیست، آهن و هیومیک اسید مایع هپی پلنت مدل 20FH حجم 120 میلی لیتر بسته سه عددی,,115000,nan,,,True,2025-08-06 09:43:50,2025-08-10 15:23:55
https://basalam.com/rooyesh-sabz/product/18016006,کود مایع محرک رشد گیاه گندمی مدل Super powerحجم 120 میلی لیتر بسته دو عددی,,49000,nan,,,True,2025-08-06 09:43:50,2025-08-10 15:23:58
https://basalam.com/rooyesh-sabz/product/18013714,کود تقویتی مخصوص درخت سیب هپی پلنت مدل HP436 حجم 120 میلی لیتر,,45000,nan,,,True,2025-08-06 09:43:51,2025-08-10 15:24:01
https://basalam.com/rooyesh-sabz/product/18016529,کود مایع مرکب زاموفیلیا مدل ZD7 حجم 120 میلی متر بسته 3 عددی,,119000,nan,,,True,2025-08-06 09:43:52,2025-08-10 15:24:03
https://basalam.com/rooyesh-sabz/product/18016365,کود کامل مایع پتوس طلایی مدل GL2 حجم 120 میلی لیتر بسته سه عددی,,59000,29500.0,2.0,,True,2025-08-06 09:43:53,2025-08-10 15:24:06
https://basalam.com/rooyesh-sabz/product/18016378,کود مایع دیفن باخیا و مولتی کود و کود برگ دهی و هیومیک مدل A حجم 120 میلی لیتر بسته 8 عددی,,159000,nan,,,True,2025-08-06 09:43:53,2025-08-10 15:24:09
https://basalam.com/rooyesh-sabz/product/18013723,کود تقویتی بنسای هپی پلنت مدل HP35 حجم 120 میلی لیتر,,45000,nan,,,True,2025-08-06 09:43:54,2025-08-10 15:24:11
https://basalam.com/rooyesh-sabz/product/18016091,کود کامل مایع مخصوص گل مرجان مدل A33 حجم 120 میلی لیتر بسته 8 عددی,,129000,nan,,,True,2025-08-06 09:43:55,2025-08-10 15:24:14
https://basalam.com/rooyesh-sabz/product/18016542,کود مایع مرکب مدل Bahar34 حجم 120 میلی لیتر,,45000,nan,,,True,2025-08-06 09:43:56,2025-08-10 15:24:16
https://basalam.com/rooyesh-sabz/product/18016434,کود مایع محرک رشد گیاه درسنا مدل Super powerحجم 120 میلی لیتر بسته دو عددی,,49000,nan,,,True,2025-08-06 09:43:56,2025-08-10 15:24:19
https://basalam.com/rooyesh-sabz/product/18013869,کود تقویتی آهن کلاته مایع هپی پلنت مدل EDDHA حجم 60 میلی لیتر,,41000,nan,,,True,2025-08-06 09:43:57,2025-08-10 15:24:22
https://basalam.com/rooyesh-sabz/product/18013715,کود تقویتی مخصوص درخت خرمالو هپی پلنت مدل HP428 حجم 120 میلی لیتر,,45000,nan,,,True,2025-08-06 09:43:58,2025-08-10 15:24:24
https://basalam.com/rooyesh-sabz/product/18013734,کود تقویتی آگلونما هپی پلنت مدل HP55 حجم 120 میلی لیتر,,45000,nan,,,True,2025-08-06 09:43:59,2025-08-10 15:24:27
https://basalam.com/rooyesh-sabz/product/18013707,کود تقویتی مخصوص حسن یوسف هپی پلنت مدل HP33 حجم 120 میلی لیتر,,45000,nan,,,True,2025-08-06 09:43:59,2025-08-10 15:24:29
https://basalam.com/rooyesh-sabz/product/18013871,کود تقویتی عناصر ریز مغذی میکرو مایع هپی پلنت مدل میکرومیکس حجم 60 میلی لیتر,,41000,nan,,,True,2025-08-06 09:44:00,2025-08-10 15:24:32
https://basalam.com/rooyesh-sabz/product/18016269,کود مایع آلوئه ورا کد Pak حجم 120 میلی لیتر بسته 8 عددی,,129000,nan,,,True,2025-08-06 09:44:01,2025-08-10 15:24:34
https://basalam.com/rooyesh-sabz/product/18016745,کود کامل مایع مخصوص سانسوریا مدل GL2 حجم 360 میلی لیتر,,109000,54500.0,2.0,,True,2025-08-06 09:44:02,2025-08-10 15:24:37
https://basalam.com/rooyesh-sabz/product/18016784,کود مایع اسپری مدل 21 حجم 100 میلی لیتر,,65000,nan,,,True,2025-08-06 09:44:02,2025-08-10 15:24:40
https://basalam.com/rooyesh-sabz/product/18016760,کود سه مرحله ای سانسوریا مدل ABC2022 حجم 120 میلی لیتر بسته سه عددی,,109000,nan,,,True,2025-08-06 09:44:03,2025-08-10 15:24:44
https://basalam.com/rooyesh-sabz/product/18016966,کود کامل مایع زاموفیلیا مدل GL2 حجم 120 میلی لیتر بسته دو عددی,,83000,41500.0,2.0,,True,2025-08-06 09:44:04,2025-08-10 15:24:47
https://basalam.com/rooyesh-sabz/product/18016947,کود مایع محرک رشد مدل 13 حجم 120 میلی لیتر بسته دو عددی,,110000,nan,,,True,2025-08-06 09:44:05,2025-08-10 15:24:49
https://basalam.com/rooyesh-sabz/product/18016919,کود ریشه زایی و سه بیست و هیومیک و آهن کد A08حجم 120 میلی لیتر بسته 4 عددی,,109000,nan,,,True,2025-08-06 09:44:05,2025-08-10 15:24:52
https://basalam.com/rooyesh-sabz/product/18016950,کود مایع کامل ارگانیک غنی شده ویژه سرو پژیا مدل OrgaFerti حجم 120 میلی لیتر,,45000,nan,,,True,2025-08-06 09:44:06,2025-08-10 15:24:55
https://basalam.com/rooyesh-sabz/product/18016913,کود درسنا و سه بیست و هیومیک و آهن کد A05 حجم 120 میلی لیتر بسته 4 عددی,,115000,nan,,,True,2025-08-06 09:44:07,2025-08-10 15:24:58
https://basalam.com/rooyesh-sabz/product/18016937,کود مایع محرک رشد آلوئه ورا مدل Mpower حجم 120 میلی لیتر بسته سه عددی,,65000,nan,,,True,2025-08-06 09:44:08,2025-08-10 15:25:00
https://basalam.com/rooyesh-sabz/product/18016936,کود مایع محرک رشد دیوار سبز مدل Mpower حجم 250 میلی لیتر بسته دو عددی,,84000,nan,,,True,2025-08-06 09:44:09,2025-08-10 15:25:03
https://basalam.com/rooyesh-sabz/product/18016924,کود مایع NPK سه بیست کد Pak حجم 120 میلی لیتر بسته 8 عددی,,209000,nan,,,True,2025-08-06 09:44:10,2025-08-10 15:25:05
https://basalam.com/rooyesh-sabz/product/18016917,کود شمعدانی و سه بیست و هیومیک و آهن کد A09حجم 120 میلی لیتر بسته 4 عددی,,109000,nan,,,True,2025-08-06 09:44:11,2025-08-10 15:25:08
https://basalam.com/rooyesh-sabz/product/18016891,کود مایع مرکب برگ انجیری گلبان کود مدل GLBK حجم 440 میلی لیتر بسته دو عددی,,82000,nan,,,True,2025-08-06 09:44:11,2025-08-10 15:25:10
https://basalam.com/rooyesh-sabz/product/18016880,کود مایع کامل مکمل رشد گیاه اسطوخدوس مدل Super Power 01 حجم 120 میلی لیتر,,45000,nan,,,True,2025-08-06 09:44:12,2025-08-10 15:25:13
https://basalam.com/rooyesh-sabz/product/18016894,کود مایع قطره چکانی دیفن باخیا گلبان کود مدل Fast growth حجم 300 میلی لیتر بسته سه عددی,,125000,nan,,,True,2025-08-06 09:44:13,2025-08-10 15:25:15
https://basalam.com/rooyesh-sabz/product/18016835,کود کامل مایع مخصوص برگ انجیری مدل GL2 حجم 360 میلی لیتر بسته سه عددی,,115000,57500.0,2.0,,True,2025-08-06 09:44:14,2025-08-10 15:25:18
https://basalam.com/rooyesh-sabz/product/18016824,کود مایع محرک رشد پتوس طلایی مدل Mpower حجم 120 میلی لیتر بسته سه عددی,,119000,nan,,,True,2025-08-06 09:44:14,2025-08-10 15:25:20
https://basalam.com/rooyesh-sabz/product/18016841,کود کامل مایع مخصوص انواع نخل آپارتمانی مدل GL2 حجم 240 میلی لیتر بسته دو عددی,,79000,39500.0,2.0,,True,2025-08-06 09:44:15,2025-08-10 15:25:23
https://basalam.com/rooyesh-sabz/product/18016780,کود مایع مرکب ریشه زایی گیاهان آپارتمانی مدل Bahar25 حجم 120 میلی لیتر,,45000,nan,,,True,2025-08-06 09:44:16,2025-08-10 15:25:26
https://basalam.com/keshavarzyarir/product/15658641,کود مکمل ریشه,,110000,nan,,,True,2025-08-06 09:44:17,2025-08-10 15:27:11
https://basalam.com/asha_agri/product/9636529,کود 5 لیتری نانو مایع کلسیم شوک (27درصد) اصل آمریکا,,1385000,277000.0,5.0,,True,2025-08-06 09:44:18,2025-08-10 15:27:00
https://basalam.com/asha_agri/product/9215629,کود 1 لیتری نانو مایع مولتی کمپلکس شوک اصل آمریکا,,395000,395000.0,1.0,,True,2025-08-06 09:44:18,2025-08-10 15:27:03
https://basalam.com/dalida/product/18702490,کود پلیت مرغی روگا غنی شده با هیومیک اسید و گوگرد وزن 250 کیلوگرم,,2350000,9400.0,250.0,,True,2025-08-06 09:44:19,2025-08-10 15:27:09
https://basalam.com/calanpakhsh/product/22079725,کود کامل جی فول لاتکس,,500000,nan,,,True,2025-08-06 09:44:20,2025-08-10 15:27:48
https://basalam.com/sabzbad/product/6757866,کودتقویتی مناسب گیاهان آپارتمانی و دارای تاییدیه اتحقیقات کشاورزی,,127000,nan,,,True,2025-08-06 09:44:21,2025-08-10 15:30:14
https://basalam.com/sabzbad/product/10101498,کود دامی پوسیده,,87000,nan,,,True,2025-08-06 09:44:21,2025-08-10 15:30:17
https://basalam.com/sabz-for-roshd/product/19732603,کود آهن 6 درصد مدل BAKER وزن 1 کیلوگرم,,585000,585000.0,1.0,,True,2025-08-06 09:44:22,2025-08-10 15:26:13
https://basalam.com/sabz-for-roshd/product/17255481,کود جلبک دریایی فرتینوکس 500 گرمی,,350000,nan,,,True,2025-08-06 09:44:23,2025-08-10 15:26:16
https://basalam.com/sabz-for-roshd/product/17233302,کود کامل پتاسیم فرتی گل 12 12 36 ( پتاس بالا ) فرتیگل,,531000,nan,,,True,2025-08-06 09:44:24,2025-08-10 15:26:18
https://basalam.com/sabz-for-roshd/product/17246372,کود هیومیک اسید پودری پلنت چویس آمریکا امریکایی,,864000,nan,,,True,2025-08-06 09:44:24,2025-08-10 15:26:21
https://basalam.com/wormcasting/product/1223923,کود آلی وتقویت کننده ورم کستینگ،چهار گالنی(پس کرایه),,990000,nan,,,True,2025-08-06 09:44:25,2025-08-10 15:32:41
https://basalam.com/golyar-co/product/23696266,کود هیومیک اسید گلیار - مخصوص گیاهان آپارتمانی (پس کرایه),,95000,nan,,,,2025-08-06 09:44:26,2025-08-06 12:06:52
https://basalam.com/ariyana_keshavarz/product/20807241,سم قارچ کش و باکتری کش نیم لیتری,,850000,nan,,,True,2025-08-06 09:44:27,2025-08-10 15:32:33
https://basalam.com/ariyana_keshavarz/product/18448899,سم حشره کش فن پیروکسی میت نیم لیتری,,300000,nan,,,True,2025-08-06 09:44:27,2025-08-10 15:32:36
https://basalam.com/golsaraye_behesht/product/14209937,کود کاکتوس و ساکولنت ملکه محصول آلمان(وزن80گرم),,85000,nan,,,,2025-08-06 09:44:28,2025-08-06 12:06:56
https://basalam.com/kud-sabz/product/21589563,کود نانو، کود زعفران مایع اکسپلود 5 لیتری,,780000,156000.0,5.0,,True,2025-08-06 09:44:29,2025-08-10 15:34:37
https://basalam.com/kud-sabz/product/21589609,کود فول ست ( فروت ست ) مایع بمب 20 لیتری,,2220000,111000.0,20.0,,True,2025-08-06 09:44:30,2025-08-10 15:34:40
https://basalam.com/kood.shock/product/12245242,کود نیترات کلسیم شوک مایع20 لیتری,,3670000,183500.0,20.0,,True,2025-08-06 09:44:30,2025-08-10 15:34:15
https://basalam.com/kood.shock/product/12270163,کود مولتی کمپلکس شوک 20لیتری,,3900000,195000.0,20.0,,True,2025-08-06 09:44:31,2025-08-10 15:34:18
https://basalam.com/kood.shock/product/18153850,کود مایع،کود نیترات کلسیم شوک 5 لیتری,,1450000,290000.0,5.0,,True,2025-08-06 09:44:32,2025-08-10 15:34:21
https://basalam.com/kood.shock/product/12270096,کود مولتی کمپلکس شوک 1لیتری,,400000,400000.0,1.0,,True,2025-08-06 09:44:33,2025-08-10 15:34:23
https://basalam.com/kood.shock/product/18162288,کود گلدهی 36،12،12 شوک 20 لیتری NPK,,3500000,175000.0,20.0,,True,2025-08-06 09:44:34,2025-08-10 15:34:26
https://basalam.com/kood.shock/product/18612027,کود رنگ آوری مایع اکسپلود 20 لیتری,,3900000,195000.0,20.0,,True,2025-08-06 09:44:34,2025-08-10 15:34:29
https://basalam.com/kood.shock/product/18159420,کود مایع، کود مرغی شوک 20 لیتری,,1150000,57500.0,20.0,,True,2025-08-06 09:44:35,2025-08-10 15:34:32
https://basalam.com/kood.shock/product/12373467,کود مرغی شوک 20 لیتری,,900000,45000.0,20.0,,True,2025-08-06 09:44:36,2025-08-10 15:34:34
https://basalam.com/montakhab.co/product/4055663,کود مایع زاموفیلیا تایمکس - کود مایع 30 میلی لیتر,,38500,nan,,,True,2025-08-06 09:44:37,2025-08-10 15:34:43
https://basalam.com/montakhab.co/product/4554871,کود مایع بونسای گرین گروس- پک سه عددی- هر کدام 90 میلی لیتر,,109000,nan,,,True,2025-08-06 09:44:37,2025-08-10 15:34:46
https://basalam.com/kesht-sabz-pertikan/product/23469996,کود نونامیک K-CU فسفیت پتاسیم مایع(پس کرایه),,710000,nan,,,True,2025-08-06 09:44:38,2025-08-10 15:42:48
https://basalam.com/dashtagri/product/21468792,کود NPK سه بیست 20/20/20+TE,,295000,nan,,,True,2025-08-06 09:44:39,2025-08-10 15:42:50
https://basalam.com/feloor1/product/21031280,کود پودری سولفات آھن (پس کرایه),,575000,nan,,,,2025-08-06 09:44:40,2025-08-06 12:07:18
https://basalam.com/golemani/product/8819356,کود گیاهان اپارتمانی (پس کرایه),,100000,nan,,,True,2025-08-06 09:44:41,2025-08-10 15:42:40
https://basalam.com/dalia_plants/product/6327988,کود جلبک دریایی مناسب پاجوشدهی سانسوریا و زاموفیلیا,,260000,nan,,,True,2025-08-06 09:44:41,2025-08-10 15:30:22
https://basalam.com/dalia_plants/product/7953981,کود جلبک دریایی محرک پاجوش دهی,,240000,nan,,,True,2025-08-06 09:44:42,2025-08-10 15:30:24
https://basalam.com/razegolhaa/product/5350344,قارچکش مانکوزب راز گل ها ( مناسب برای لکه برگی و ...) ( 50 گرمی),,110000,nan,,,True,2025-08-06 09:44:43,2025-08-10 15:33:17
https://basalam.com/ali-salimi/product/15218847,کود کلسیم,,120000,nan,,,,2025-08-06 09:44:44,2025-08-06 12:07:25
https://basalam.com/orginalkud/product/12376530,کود هیومیک اسید مایع جنریت پنج لیتری محصول آمریکا 95 درصد خلوص,,1700000,nan,,,True,2025-08-06 09:44:44,2025-08-10 14:31:32
https://basalam.com/orginalkud/product/12760101,کود مایع آهن نانو 11درصد پنج لیتری جنریت اصلی محصول آمریکا,,6390000,nan,,,True,2025-08-06 09:44:46,2025-08-10 14:31:35
https://basalam.com/orginalkud/product/12744044,کود مایع آمینو اسید جنریت آمریکا پنج لیتری,,4150000,nan,,,True,2025-08-06 09:44:47,2025-08-10 14:31:37
https://basalam.com/orginalkud/product/12759855,کود مایع کلسیم 27 درصد جنریت پنج لیتری اصلی محصول آمریکا,,3150000,nan,,,True,2025-08-06 09:44:48,2025-08-10 14:31:40
https://basalam.com/orginalkud/product/12759507,کود مایع فروت ست جنریت آمریکا یک لیتری,,900000,nan,,,True,2025-08-06 09:44:49,2025-08-10 14:31:43
https://basalam.com/orginalkud/product/12744254,کود مایع فسفیت پتاسیم جنریت آمریکا پنج لیتری,,6400000,nan,,,True,2025-08-06 09:44:49,2025-08-10 14:31:45
https://basalam.com/gallerytina/product/15708740,کود میلورم 1000 گرم صد درصد ارگانیک,,35000,35000.0,1.0,,True,2025-08-06 09:44:50,2025-08-10 14:31:48
https://basalam.com/jahankud98/product/22975196,کود پتاس بالا شوک 60درصد 20 لیتری (پس کرایه),,1850000,92500.0,20.0,,True,2025-08-06 09:44:51,2025-08-10 14:31:50
https://basalam.com/jahankud98/product/23313225,کود کلسیم شوک یک لیتری (پس کرایه),,249000,nan,,,True,2025-08-06 09:44:52,2025-08-10 14:31:53
https://basalam.com/jahankud98/product/23363599,کود اوره شوک 42درصد ازت نیتروژن 20 لیتری (پس کرایه),,1500000,75000.0,20.0,,True,2025-08-06 09:44:53,2025-08-10 14:31:56
https://basalam.com/jahankud98/product/23127163,کود 36-12-12 شوک گلدهی 1 لیتری (پس کرایه),,230500,230500.0,1.0,,True,2025-08-06 09:44:53,2025-08-10 14:31:58
https://basalam.com/jahankud98/product/23539855,کود روی شوک 31 درصد 20 لیتری (پس کرایه),,2240000,112000.0,20.0,,True,2025-08-06 09:44:54,2025-08-10 14:32:01
https://basalam.com/jahankud98/product/23331024,کود آهن شوک 25 درصد 20 لیتری (پس کرایه),,2290000,114500.0,20.0,,True,2025-08-06 09:44:55,2025-08-10 14:32:04
https://basalam.com/arzuman_seed/product/4911052,کود هیبرید 10 گرمی فیدینگ مناسب گلدهی,,150000,nan,,,True,2025-08-06 09:44:56,2025-08-10 14:32:06
https://basalam.com/arzuman_seed/product/4911200,کود رشد 10 گرمی فیدینگ مناسب برای مرحله رشد,,150000,nan,,,True,2025-08-06 09:44:57,2025-08-10 14:32:09
https://basalam.com/arzuman_seed/product/6434526,کود کامل 10-52-10 تقویت ریشه دهی و گلدهی,,75000,nan,,,True,2025-08-06 09:44:57,2025-08-10 14:32:12
https://basalam.com/technoland/product/21076068,کود سیلیکات پتاسیم ضد ورس گندم ضد سرما و ضد سرما (پس کرایه),,420000,nan,,,True,2025-08-06 09:44:58,2025-08-10 14:32:15
https://basalam.com/giahe-apartemani/product/22736565,کود کامل گابریست 1 کیلوگرمی,,275000,275000.0,1.0,,True,2025-08-06 09:44:59,2025-08-10 14:32:17
https://basalam.com/giahe-apartemani/product/22698099,محلول کود گیاهان آپارتمانی گابریست 200cc,,309000,nan,,,True,2025-08-06 09:45:00,2025-08-10 14:32:20
https://basalam.com/mohammadreza1988/product/8585229,کود(جلبک دریایی)دکتر یشیل,,85000,nan,,,True,2025-08-06 09:45:01,2025-08-10 14:32:23
https://basalam.com/abo_khak_alborz/product/8537597,کود تقویتی فیدینگ 10 گرمی,,230000,nan,,,True,2025-08-06 09:45:01,2025-08-10 14:32:25
https://basalam.com/abo_khak_alborz/product/10167615,کود فیدینگ گلدهی پاکت 1 کیلوگرمی,,4300000,4300000.0,1.0,,True,2025-08-06 09:45:02,2025-08-10 14:32:28
https://basalam.com/abo_khak_alborz/product/10164790,کود اسید آمینه بهاران پودری,,1300000,nan,,,True,2025-08-06 09:45:03,2025-08-10 14:32:31
https://basalam.com/hyperkesht/product/11419869,کود تقویتی و محرک رشد اکتیواتور 250 میلی لیتر,,96000,nan,,,True,2025-08-06 09:45:04,2025-08-10 15:27:37
https://basalam.com/hyperkesht/product/13620394,کود اصلاح کننده و تقویتی هیومیک و فولویک اسید گرین دراپ 100 گرمی,,80000,nan,,,True,2025-08-06 09:45:04,2025-08-10 15:27:40
https://basalam.com/taranomsa/product/6895039,کود سولفات پتاسیم وپروفرت هلند 25کیلویی,,4200000,168000.0,25.0,,True,2025-08-06 09:45:05,2025-08-10 14:32:33
https://basalam.com/aniloox/product/21708480,گل مصنوعی مدل بوته پتوس لمسی و خارجی,,245000,nan,,,True,2025-08-06 09:45:06,2025-08-10 14:32:36
https://basalam.com/aidinshop/product/12449112,کود NPK10 10 25 TE,,35000,nan,,,True,2025-08-06 09:45:07,2025-08-10 14:32:39
https://basalam.com/aidinshop/product/12453334,کود NPK20 20 20,,35000,nan,,,True,2025-08-06 09:45:08,2025-08-10 14:32:41
https://basalam.com/soilarghavan/product/9048037,کود تقویتی گیاهان آپارتمانی (مولتی کود),,50000,nan,,,True,2025-08-06 09:45:08,2025-08-10 14:32:44
https://basalam.com/soilarghavan/product/8543707,کود تقویتی ویژه نهال،باغ و گیاهان زینتی 250سی سی جنرال پاور حاوی محرک رشد غنی شده با هیومیک اسید,,79000,nan,,,True,2025-08-06 09:45:09,2025-08-10 14:32:47
https://basalam.com/soilarghavan/product/5555790,کود ورمی کمپوست ،ورمی کمپوست یک کیلو,,22000,nan,,,True,2025-08-06 09:45:10,2025-08-10 14:32:51
https://basalam.com/lucky_plant_ir/product/14959690,کود ضد قارچ (450گرمی) (RICO),,630000,nan,,,True,2025-08-06 09:45:11,2025-08-10 14:32:54
https://basalam.com/lucky_plant_ir/product/14941121,کود پتاسیم (40گرمی)(RICO),,80000,nan,,,True,2025-08-06 09:45:12,2025-08-10 14:32:56
https://basalam.com/lucky_plant_ir/product/14959415,سم مایع قارچ کش (120cc),,90000,nan,,,True,2025-08-06 09:45:12,2025-08-10 14:32:59
https://basalam.com/marketforall/product/7460057,کود اسید هیومیک 95 درصد شوک ( آمریکایی ) مایع 20 لیتری,,3500000,175000.0,20.0,,,2025-08-06 09:45:13,2025-08-06 12:08:18
https://basalam.com/marketforall/product/8966828,کود فسفر 80درصد شوک (اصلی) مایع 20 لیتری,,5000000,250000.0,20.0,,,2025-08-06 09:45:14,2025-08-06 12:08:19
https://basalam.com/marketforall/product/8972102,کود نیترات کلسیم شوک ( آمریکایی ) مایع 5 لیتری,,1570000,314000.0,5.0,,,2025-08-06 09:45:15,2025-08-06 12:08:21
https://basalam.com/marketforall/product/18604054,کود جلبک دریایی EXPLODE نانو - مایع 5 لیتری,,1400000,280000.0,5.0,,,2025-08-06 09:45:16,2025-08-06 12:08:22
https://basalam.com/marketforall/product/18686315,کود آهن (محلول پاشی)EXPLODE نانو مایع 5 لیتری,,980000,196000.0,5.0,,,2025-08-06 09:45:16,2025-08-06 12:08:24
https://basalam.com/marketforall/product/7537279,کود پتاس بالا 60 درصد شوک ( آمریکایی) مایع 20 لیتری,,3250000,162500.0,20.0,,,2025-08-06 09:45:17,2025-08-06 12:08:25
https://basalam.com/marketforall/product/13978113,کود مخصوص زعفران کمپانی بمب ( آمریکایی ) مایع 5 لیتری,,1500000,300000.0,5.0,,,2025-08-06 09:45:18,2025-08-06 12:08:27
https://basalam.com/marketforall/product/13978168,کود مخصوص زعفران کمپانی بمب ( آمریکایی ) مایع 20 لیتری,,3800000,190000.0,20.0,,,2025-08-06 09:45:19,2025-08-06 12:08:28
https://basalam.com/marketforall/product/18604224,کود آمینو اسید EXPLODE نانو مایع 1 لیتری,,350000,350000.0,1.0,,,2025-08-06 09:45:20,2025-08-06 12:08:29
https://basalam.com/marketforall/product/18621046,کود 36-12-12 EXPLODE (گلدهی) نانو مایع 20 لیتری,,3950000,197500.0,20.0,,,2025-08-06 09:45:21,2025-08-06 12:08:31
https://basalam.com/marketforall/product/7522324,کود آهن شوک 5 لیتری,,1800000,360000.0,5.0,,,2025-08-06 09:45:21,2025-08-06 12:08:32
https://basalam.com/marketforall/product/18604426,کود 20-20-20 EXPLODE نانو مایع 20 لیتری,,3400000,170000.0,20.0,,,2025-08-06 09:45:22,2025-08-06 12:08:33
https://basalam.com/marketforall/product/7522277,کود مخصوص خیار شوک ( آمریکایی ) مایع 1 لیتری,,490000,490000.0,1.0,,,2025-08-06 09:45:23,2025-08-06 12:08:35
https://basalam.com/marketforall/product/18620959,کود 36-12-12 EXPLODE (گلدهی) نانو مایع 5 لیتری,,1250000,250000.0,5.0,,,2025-08-06 09:45:24,2025-08-06 12:08:36
https://basalam.com/marketforall/product/7990299,کود آهن شوک مایع 20 لیتری,,4450000,222500.0,20.0,,,2025-08-06 09:45:25,2025-08-06 12:08:40
https://basalam.com/marketforall/product/9148565,کود کلسیم شوک ( آمریکایی) مایع 20 لیتری,,3450000,172500.0,20.0,,,2025-08-06 09:45:26,2025-08-06 12:08:42
https://basalam.com/marketforall/product/14236685,کود کلسیم 34 درصد کمپانی بمب ( آمریکایی ) مایع 5 لیتری,,1390000,278000.0,5.0,,,2025-08-06 09:45:27,2025-08-06 12:08:43
https://basalam.com/beyhagh-organic-products/product/14530774,صمغ ترنجبین با کیفیت عالی، بار امسالی و تازه(150 گرمی ),,890000,nan,,,True,2025-08-06 09:45:28,2025-08-10 14:33:02
https://basalam.com/beyhagh-organic-products/product/14530377,صمغ مرمکی با کیفیت عالی، بار امسالی و تازه(50 گرمی ),,364000,nan,,,True,2025-08-06 09:45:30,2025-08-10 14:33:05
https://basalam.com/beyhagh-organic-products/product/14530618,گل بومادارن با کیفیت عالی، بار امسالی و تازه(100 گرمی ),,54500,nan,,,True,2025-08-06 09:45:31,2025-08-10 14:33:07
https://basalam.com/beyhagh-organic-products/product/14530484,صمغ کتیرا با کیفیت عالی، بار امسالی و تازه(100گرمی),,863000,nan,,,True,2025-08-06 09:45:32,2025-08-10 14:33:10
https://basalam.com/beyhagh-organic-products/product/14531085,ریشه آنغوزه با کیفیت عالی، بار امسالی و تازه(500 گرمی),,239000,nan,,,True,2025-08-06 09:45:32,2025-08-10 14:33:12
https://basalam.com/beyhagh-organic-products/product/14531183,صمغ کتیرا با کیفیت عالی، بار امسالی و تازه(250گرمی ),,2114000,nan,,,True,2025-08-06 09:45:33,2025-08-10 14:33:15
https://basalam.com/beyhagh-organic-products/product/14531180,صمغ کندر با کیفیت عالی، بار امسالی و تازه(250گرمی ),,1067000,nan,,,True,2025-08-06 09:45:34,2025-08-10 14:33:18
https://basalam.com/beyhagh-organic-products/product/14531181,صمغ کندر با کیفیت عالی، بار امسالی و تازه(500گرمی ),,2104000,nan,,,True,2025-08-06 09:45:35,2025-08-10 14:33:20
https://basalam.com/beyhagh-organic-products/product/14531029,ریشه شیرین بیان با کیفیت عالی بار امسالی و تازه(500گرمی ),,190000,nan,,,True,2025-08-06 09:45:36,2025-08-10 14:33:23
https://basalam.com/reihani_72/product/9486592,کود فروت ست شوک آمریکایی اصل 20 لیتری ضدتنش ضد استرس جلوگیری از سال آوری,,4450000,222500.0,20.0,,True,2025-08-06 09:45:37,2025-08-10 14:33:26
https://basalam.com/digitimax/product/24244451,کود مایع زامیفولیا تایمکس 150ml,,160000,nan,,,True,2025-08-06 09:45:38,2025-08-10 14:33:28
https://basalam.com/digitimax/product/24124493,کود مایع فیکوس تایمکس 150ml,,160000,nan,,,True,2025-08-06 09:45:39,2025-08-10 14:33:31
https://basalam.com/reihani_72/product/9478832,کود گیاهان آپارتمانی شوک مایع 1 لیتری,,420000,420000.0,1.0,,True,2025-08-06 09:45:40,2025-08-10 14:33:34
https://basalam.com/reihani_72/product/9478848,کود گیاهان آپارتمانی شوک آمریکایی اصل 5 لیتری مایع نانو,,1600000,320000.0,5.0,,True,2025-08-06 09:45:40,2025-08-10 14:33:37
https://basalam.com/bahramistore/product/19442599,کود جلبک دریایی نوبل مدل ژله ای حجم 5 لیتر,,950000,190000.0,5.0,,,2025-08-06 09:45:41,2025-08-06 12:09:04
https://basalam.com/royanclinic-birjand/product/22310541,کود فسفیت پتاسیم IFTC اردن,,1350000,nan,,,True,2025-08-06 09:45:42,2025-08-10 14:33:39
https://basalam.com/royanclinic-birjand/product/21229795,کود آلی مایع پروبیوتیک روتیلر سطل 10کیلوگرمی,,1500000,150000.0,10.0,,True,2025-08-06 09:45:43,2025-08-10 14:33:42
https://basalam.com/lili77/product/21693050,کود 20 20 20 (پس کرایه),,100000,nan,,,True,2025-08-06 09:45:44,2025-08-10 14:33:44
https://basalam.com/farm_momeni/product/5681054,سم سوسگ برند هکر (سایپرمترین 10٪) 120 میل,,52500,nan,,,True,2025-08-06 09:45:45,2025-08-10 14:33:47
https://basalam.com/kudmod1/product/19756847,کود مخصوص گوجه فرنگی شوک پلاس 5 لیتری,,1500000,300000.0,5.0,,True,2025-08-06 09:45:46,2025-08-10 14:33:50
https://basalam.com/kudmod1/product/19756811,کود مخصوص گلدهی زعفران شوک پلاس یک لیتری,,550000,nan,,,True,2025-08-06 09:45:46,2025-08-10 14:33:52
https://basalam.com/kudmod1/product/19756830,کود مخصوص ذرت شوک پلاس 5 لیتری اصلی,,1750000,350000.0,5.0,,True,2025-08-06 09:45:47,2025-08-10 14:33:55
https://basalam.com/kudmod1/product/19756607,کود ریشه زایی 77-21 شوک پلاس 20 لیتری,,4300000,215000.0,20.0,,True,2025-08-06 09:45:48,2025-08-10 14:33:58
https://basalam.com/kudmod1/product/19756737,کود آهن شوک پلاس 5 لیتری اورجینال,,1800000,360000.0,5.0,,True,2025-08-06 09:45:49,2025-08-10 14:34:01
https://basalam.com/kudmod1/product/15797013,کود نیترات کلسیم شوک 1 لیتری,,350000,350000.0,1.0,,True,2025-08-06 09:45:50,2025-08-10 14:34:03
https://basalam.com/kudmod1/product/19756328,کود مخصوص گلدهی شوک پلاس 1 لیتری اصل,,530000,530000.0,1.0,,True,2025-08-06 09:45:51,2025-08-10 14:34:06
https://basalam.com/kudmod1/product/19756267,کود فسفیت پتاسیم شوک پلاس 5 لیتری اورجینال,,1650000,330000.0,5.0,,True,2025-08-06 09:45:52,2025-08-10 14:34:09
https://basalam.com/kudmod1/product/15797323,کود مخصوص زامفولیا شوک 20 لیتری مایع,,2500000,125000.0,20.0,,True,2025-08-06 09:45:52,2025-08-10 14:34:11
https://basalam.com/kudmod1/product/19756789,کود مس 99درصد شوک پلاس امریکایی یک لیتری,,400000,nan,,,True,2025-08-06 09:45:53,2025-08-10 14:34:14
https://basalam.com/kudmod1/product/19756819,کود مخصوص خرما شوک پلاس 5 لیتری نانو,,1950000,390000.0,5.0,,True,2025-08-06 09:45:54,2025-08-10 14:34:17
https://basalam.com/parnian_flower2/product/5579666,کود گیاهان آپارتمانی آلی مایع رویش سبز مخصوص گیاهان آپارتمانی,,73000,nan,,,True,2025-08-06 09:45:55,2025-08-10 15:30:19
https://basalam.com/reihani_72/product/23833701,کود سه بیست کرافت 1 لیتری ( 20 20 20 ),,660000,660000.0,1.0,,True,2025-08-06 09:45:56,2025-08-10 14:34:19
https://basalam.com/reihani_72/product/9511395,کود مایع گلدهی زعفران شوک آمریکایی 1 لیتری,,480000,480000.0,1.0,,True,2025-08-06 09:45:57,2025-08-10 14:34:22
https://basalam.com/roshdafza/product/4267568,کود جلبک دریایی مایع با کیفیت قوی اورجینال ترکیه جلبک دریایی مایع,,45000,nan,,,True,2025-08-06 09:45:58,2025-08-10 14:34:25
https://basalam.com/sam_kod_shahbaxiyann/product/6857507,سم کنه کش ابرون اگری ساینس ترکیه,,1400000,nan,,,True,2025-08-06 09:45:58,2025-08-10 15:36:35
https://basalam.com/sam_kod_shahbaxiyann/product/12468133,کود 202020 بیکر مواد اولیه کره ای 1kg,,370000,370000.0,1.0,,True,2025-08-06 09:45:59,2025-08-10 15:34:48
https://basalam.com/zarin_ko_aral/product/9298984,کود آپارتمانی گرین مکس 1 (پس کرایه),,95000,nan,,,True,2025-08-06 09:46:00,2025-08-10 14:34:27
https://basalam.com/zarin_ko_aral/product/6995525,کود گارد 1 فلوریش (پس کرایه),,320000,nan,,,True,2025-08-06 09:46:01,2025-08-10 14:34:30
https://basalam.com/happyfarm/product/6063222,کود جنرال هیدروپونیک باشلود 250 میلی,,500000,nan,,,True,2025-08-06 09:46:02,2025-08-10 14:34:32
https://basalam.com/happyfarm/product/3451358,کود هیدروپونیک هوگلند(دوبطری 1لیتری),,500000,500000.0,1.0,,True,2025-08-06 09:46:03,2025-08-10 14:34:35
https://basalam.com/happyfarm/product/12979892,کود گروتک کربومکس پودری بسته 500 گرم,,500000,nan,,,True,2025-08-06 09:46:04,2025-08-10 14:34:38
https://basalam.com/evergreen.iran/product/17323899,کود پتاس بالا و هیومیک اسید ارسال پس کرایه,,50000,nan,,,True,2025-08-06 09:46:05,2025-08-10 14:34:40
https://basalam.com/roselina/product/9333031,میکس سه تایی ( کودهای سه 20 ، محرک گلدهی و محرک ریشه زایی ),,120000,nan,,,True,2025-08-06 09:46:05,2025-08-10 14:34:43
https://basalam.com/khadamat_keshavarzi_gasemi/product/23267797,سم سایپرمترین 40 درصد کاوش کیمیای کرمان,,795000,nan,,,True,2025-08-06 09:46:06,2025-08-10 14:34:46
https://basalam.com/golden-kud/product/21301319,کود ارگانیک، کود زینک (روی) شوک 5 لیتری,,900000,180000.0,5.0,,True,2025-08-06 09:46:07,2025-08-10 14:34:48
https://basalam.com/golden-kud/product/21301216,کود کشاورزی، کود منگنز مایع شوک 1 لیتری اصل,,230000,230000.0,1.0,,True,2025-08-06 09:46:09,2025-08-10 14:34:51
https://basalam.com/golden-kud/product/21301243,کود کلسیم مایع شوک 20 لیتری اصل,,1850000,92500.0,20.0,,True,2025-08-06 09:46:10,2025-08-10 14:34:54
https://basalam.com/seyyedmeysamhoseyni/product/7388053,کود پتاس بالای K66 جنریت یک لیتری66درصدپتاس محصول ایالات متحده,,990000,nan,,,True,2025-08-06 09:46:11,2025-08-10 15:21:21
https://basalam.com/seyyedmeysamhoseyni/product/7222999,کود مایع اسید هیومیک95درصد یک لیتری جنریت محصول ایالات متحده,,810000,nan,,,True,2025-08-06 09:46:12,2025-08-10 15:21:24
https://basalam.com/seyyedmeysamhoseyni/product/7387758,کود کلسیم مایع 27درصد جنریت گالن پنج لیتری گالن اصلی,,3150000,nan,,,True,2025-08-06 09:46:13,2025-08-10 15:21:26
https://basalam.com/shimistore/product/24132609,کود مایع روتی فرت کود مدل سیلیکات پتاسیم حجم یک لیتر( پس کرایه ),,175000,nan,,,True,2025-08-06 09:46:14,2025-08-10 14:34:56
https://basalam.com/khadamat_keshavarzi_gasemi/product/24549892,سم کنه کش مهاپکی، فلونیکامید,,390000,nan,,,True,2025-08-06 09:46:14,2025-08-10 14:35:01
https://basalam.com/koodwood/product/13600164,کود مایع سرکه چوب پلاس بیرشک،با پشتیبانی رایگان و ضمانت، (تصفیه شده با کربن اکتیو )10 لیتر,,1460000,146000.0,10.0,,True,2025-08-06 09:46:15,2025-08-10 14:35:03
https://basalam.com/digitimax/product/24574196,کود کلات پتاسیم 35 دصد پودری تایمکس 1kg,,750000,750000.0,1.0,,True,2025-08-06 09:46:16,2025-08-10 14:35:06
https://basalam.com/tooskavian/product/16653703,کود روی یاراویتا-پس کرایه,,1015000,nan,,,True,2025-08-06 09:46:17,2025-08-10 14:35:08
https://basalam.com/tooskavian/product/16667228,کود کلات منگنز یاراویتا-پس کرایه,,726000,nan,,,True,2025-08-06 09:46:18,2025-08-10 14:35:11
https://basalam.com/tooskavian/product/16653768,کود بذرمال روی یاراویتا-پس کرایه,,966000,nan,,,True,2025-08-06 09:46:19,2025-08-10 14:35:14
https://basalam.com/tooskavian/product/16667154,کود کلسیم و فسفر یاراویتا-پس کرایه,,805000,nan,,,True,2025-08-06 09:46:20,2025-08-10 14:35:16
https://basalam.com/hydroland_hydroland/product/8211307,پک کود هیدروپونیک کریستا,,285000,nan,,,True,2025-08-06 09:46:21,2025-08-10 14:35:19
https://basalam.com/toluoesabz/product/22222267,کود نونامیک سیلیکون (سیلیکات پتاسیم مایع) (پس کرایه),,480000,nan,,,True,2025-08-06 09:46:21,2025-08-10 14:35:22
https://basalam.com/toluoesabz/product/22444808,کود آهن بمب (پس کرایه),,400000,nan,,,True,2025-08-06 09:46:22,2025-08-10 14:35:24
https://basalam.com/toluoesabz/product/22223229,کود پتاس بالا نیورایز 30-5-15 (پس کرایه),,2200000,nan,,,True,2025-08-06 09:46:23,2025-08-10 14:35:27
https://basalam.com/toluoesabz/product/23280835,هیومیک اسید 5 لیتری مایع کود ایران (پس کرایه),,350000,70000.0,5.0,,True,2025-08-06 09:46:24,2025-08-10 14:35:30
https://basalam.com/baghcheyeh-yass/product/16045625,کود کلات آهن,,38000,nan,,,True,2025-08-06 09:46:25,2025-08-10 14:35:32
https://basalam.com/baghcheyeh-yass/product/15963190,کود جلبک دریایی,,45000,nan,,,True,2025-08-06 09:46:26,2025-08-10 14:35:35
https://basalam.com/asha_agri/product/9637052,کود 1 لیتری نانو مایع مخصوص گلدهی شوک (12.12.36) اصل آمریکا,,395000,395000.0,1.0,,True,2025-08-06 09:46:27,2025-08-10 15:27:06
https://basalam.com/roselina/product/7814705,کود آهن ( کلات آهن ),,50000,nan,,,True,2025-08-06 09:46:28,2025-08-10 14:35:38
https://basalam.com/roselina/product/7814164,کود 36-12 -12 ( محرک گلدهی ),,50000,nan,,,True,2025-08-06 09:46:28,2025-08-10 14:35:40
https://basalam.com/roselina/product/9333735,میکس دوتایی ( کود آهن و کود 10-52-10 ),,90000,nan,,,True,2025-08-06 09:46:29,2025-08-10 14:35:43
https://basalam.com/khadamat_keshavarzi_gasemi/product/24543407,سم کنه کش ابامکتین پرتونار 1 لیتری,,610000,610000.0,1.0,,True,2025-08-06 09:46:30,2025-08-10 14:35:46
https://basalam.com/golkhaneh_linda/product/7591618,گل زیپلین یا موسی در گهواره مناسب برای آپارتمان و منازل پر نور هزینه ارسال بصورت پسکرایه وبه عهده مشتری میباشد,,180000,nan,,,,2025-08-06 09:46:31,2025-08-06 12:10:26
https://basalam.com/exiregol/product/21780134,سم مخصوص شپشک آردآلود,,87000,nan,,,True,2025-08-06 09:46:32,2025-08-10 14:35:49
https://basalam.com/khadamat_keshavarzi_gasemi/product/11763985,کود ماکرو کامل غنی شده با هیومیک اسید 10-10-10,,1530000,nan,,,True,2025-08-06 09:46:33,2025-08-10 14:35:51
https://basalam.com/greenhands/product/3673417,کود مخصوص آنتوریوم,,70000,nan,,,True,2025-08-06 09:46:34,2025-08-10 14:35:54
https://basalam.com/greenhands/product/3016384,سم آیکون,,50000,nan,,,True,2025-08-06 09:46:34,2025-08-10 14:35:56
https://basalam.com/have-health-plant-whit-tooba/product/16527866,کود فسفر پتاسیم لرد رکورد یک لیتری,,680000,nan,,,True,2025-08-06 09:46:35,2025-08-10 14:35:59
https://basalam.com/have-health-plant-whit-tooba/product/14100956,کود کامل مایع ایکس گرین فینیش250سی سی25-25-25,,210000,nan,,,True,2025-08-06 09:46:36,2025-08-10 14:36:02
https://basalam.com/herbbantehran/product/24194871,کود هربان 150,,110000,nan,,,True,2025-08-06 09:46:37,2025-08-10 14:36:05
https://basalam.com/your_mazandaran01/product/9452125,سم تقویتی هیومیک اسید زاگرا بسته یک کیلویی,,450000,nan,,,True,2025-08-06 09:46:38,2025-08-10 14:36:07
https://basalam.com/pgr-hormon/product/16378233,قرص کود 121236 (کود پتاس بالا),,70000,nan,,,True,2025-08-06 09:46:39,2025-08-10 14:36:10
https://basalam.com/pichakgol/product/2622322,پک سه عددی پتوس سبز و زعفرانی و نئون سایز 10,,110000,nan,,,True,2025-08-06 09:46:40,2025-08-10 14:36:12
https://basalam.com/zare_rooyesh_market/product/15925742,کود 20 20 20 مایع کیمیا کود گواشیر کرمان کود سه بیست مایع 10 عددی,,500000,nan,,,,2025-08-06 09:46:40,2025-08-06 12:10:42
https://basalam.com/zare_rooyesh_market/product/8873961,پک تقویتی رشد گیاهان آپارتمانی کیمیا کود گواشیر کرمان بسته ی 5 عددی,,430000,nan,,,,2025-08-06 09:46:41,2025-08-06 12:10:43
https://basalam.com/benyaminkazempour.com/product/22355178,سم کرم کش حشره کش فوزالون,,1380000,nan,,,True,2025-08-06 09:46:42,2025-08-10 14:36:15
https://basalam.com/benyaminkazempour.com/product/23165741,کود نیترات کلسیم(SoluCN) کا پلاس اس آلمان 25 کیلوگرمی,,3500000,140000.0,25.0,,True,2025-08-06 09:46:43,2025-08-10 14:36:18
https://basalam.com/koodhamoon/product/7508156,کود میکروگلد پلنت استار 1 کیلویی (ارسال به صورت پس کرایه ),,320000,320000.0,1.0,,True,2025-08-06 09:46:44,2025-08-10 14:36:20
https://basalam.com/koodhamoon/product/6667882,کود اسید هیومیک پلنت استار (ارسال به صورت پس کرایه ),,350000,nan,,,True,2025-08-06 09:46:45,2025-08-10 14:36:23
https://basalam.com/saraysabz1243/product/17560335,کود مرغی غنی شده گرانول سارک کود,,395000,nan,,,True,2025-08-06 09:46:46,2025-08-10 14:36:26
https://basalam.com/soghatsara_nakhl_77/product/6431392,کود کامل گیاهی سرشار از انواع مواد مغزی و نایاب,,377000,nan,,,True,2025-08-06 09:46:46,2025-08-10 14:36:29
https://basalam.com/soghatsara_nakhl_77/product/6430648,کود سدیم,,369100,nan,,,True,2025-08-06 09:46:47,2025-08-10 14:36:31
https://basalam.com/mahsoolate_giahi_msa/product/2339433,کود گیاهی طبیعی خالص,,25000,nan,,,True,2025-08-06 09:46:48,2025-08-10 14:36:34
https://basalam.com/kadivar-nahaal/product/17449598,نهال گلدانی فالسا بری یا شربت بری 1 و نیم ساله (پس کرایه),,250000,nan,,,True,2025-08-06 09:46:49,2025-08-10 14:36:36
https://basalam.com/narenjspadanadarokhane/product/9072470,کود کلات روی 15 درصد ترکیه ای مخصوص محلول پاشی بسته بندی یک کیلوگرمی,,790000,nan,,,True,2025-08-06 09:46:50,2025-08-10 14:36:39
https://basalam.com/mahnahydroponics/product/4256009,کود هیدروپونیک جامد مخصوص کاهو و سبزیجات برگی کد L1000,,429000,429.0,1000.0,,True,2025-08-06 09:46:52,2025-08-10 14:36:41
https://basalam.com/mahnahydroponics/product/13047988,کود هیدروپونیک مایع مخصوص انواع ملون کد LMe1000,,479000,nan,,,True,2025-08-06 09:46:53,2025-08-10 14:36:44
https://basalam.com/mahnahydroponics/product/13048041,کود هیدروپونیک مایع مخصوص کاهو و سبزیجات برگی کد LL1000,,479000,479.0,1000.0,,True,2025-08-06 09:46:54,2025-08-10 14:36:47
https://basalam.com/mahnahydroponics/product/13052462,کود هیدروپونیک مایع مخصوص میوه دهی کد LP100,,169000,nan,,,True,2025-08-06 09:46:54,2025-08-10 14:36:49
https://basalam.com/mahnahydroponics/product/4368597,کود هیدروپونیک جامد مخصوص گوجه فرنگی و صیفی جات کد T100,,125000,nan,,,True,2025-08-06 09:46:55,2025-08-10 14:36:52
https://basalam.com/mahnahydroponics/product/4368568,کود هیدروپونیک جامد مخصوص گلدهی کد B100,,125000,nan,,,True,2025-08-06 09:46:56,2025-08-10 14:36:54
https://basalam.com/mahnahydroponics/product/13052172,کود هیدروپونیک مایع مخصوص مرحله رویشی کد LG100,,169000,nan,,,True,2025-08-06 09:46:57,2025-08-10 14:36:57
https://basalam.com/mahnahydroponics/product/13052214,کود هیدروپونیک مایع هوگلند کد LH100,,169000,nan,,,True,2025-08-06 09:46:58,2025-08-10 14:37:00
https://basalam.com/mahnahydroponics/product/4255827,کود هیدروپونیک جامد مخصوص دوره رویشی کد G100,,125000,nan,,,True,2025-08-06 09:46:59,2025-08-10 14:37:02
https://basalam.com/allkud/product/4909116,کلسیم 27 درصد مایع نانو کود,,400000,nan,,,,2025-08-06 09:47:00,2025-08-06 12:11:15
https://basalam.com/brandpoison/product/22122399,سم مگس کش اجیتا اصل کشور سوئیس,,3500000,nan,,,,2025-08-06 09:47:01,2025-08-06 12:11:17
https://basalam.com/aryapak_10561056/product/11286210,سم ایکون اصلی ارگانیک جهت منازل و رستوران و کارخانه و شرکت,,120000,nan,,,True,2025-08-06 09:47:02,2025-08-10 14:37:05
https://basalam.com/bazzrak/product/21919410,کود پودری کامل NPK 20-20-20 + TE(یک کیلویی),,390000,nan,,,True,2025-08-06 09:47:02,2025-08-10 14:37:10
https://basalam.com/greenrose/product/12776500,کود تقویت بذر و قلمه (10-52-10) - یک کیلویی,,550000,nan,,,True,2025-08-06 09:47:03,2025-08-10 15:25:31
https://basalam.com/greenrose/product/12776244,کود تقویتی کلیه گیاهان(20-20-20)-یک کیلویی,,470000,nan,,,True,2025-08-06 09:47:04,2025-08-10 15:25:34
https://basalam.com/greenrose/product/12645565,کود دامی فراوری شده باغبان 40 لیتری,,200000,5000.0,40.0,,True,2025-08-06 09:47:05,2025-08-10 15:25:37
https://basalam.com/greenrose/product/12777006,کود مایع گیاهان آپارتمانی - 90 میلی لیتری,,67000,nan,,,True,2025-08-06 09:47:06,2025-08-10 15:25:39
https://basalam.com/greenrose/product/12777081,کود مایع تقویت گلدهی - 90 میلی لیتریکود مایع تقویت گلدهی - 90 میلی لیتری,,66000,nan,,,True,2025-08-06 09:47:07,2025-08-10 15:25:42
https://basalam.com/m_golii.1400/product/17847463,کود پتاس بالا یا121236 رشد انفجاری گیاهان,,64000,nan,,,True,2025-08-06 09:47:08,2025-08-10 14:37:12
https://basalam.com/sabzine_agri/product/11645061,کود سه بیست 202020 وارداتی در بسته بندی صد گرمی,,70000,nan,,,,2025-08-06 09:47:09,2025-08-06 12:11:31
https://basalam.com/lousian_flower/product/17698465,زاموفیلیا ابلق. کلکسیونی. دوشاخه، مطابق تصویر، ارسال با چاپار، پست تیپاکس، هزینه با مشتری و پسکرایه,,390000,nan,,,True,2025-08-06 09:47:09,2025-08-10 14:37:15
https://basalam.com/lousian_flower/product/17708901,زاموفیلیا ابلق یا زامیفولیا، کلکسیونی. دو شاخه. ارسال با چاپار، پست یا تیپاکس انجام، هزینه با مشتری و پسکرایه,,330000,nan,,,True,2025-08-06 09:47:10,2025-08-10 14:37:17
https://basalam.com/bazr_gharch_hadi/product/8924406,دو کیسه کمپوست قارچ صدفی دوکیلویی استریل شده و بذر خورده,,168000,nan,,,,2025-08-06 09:47:11,2025-08-06 12:11:35
https://basalam.com/plantprotection/product/8388380,کود ماکرو( NPK 10-10-10) غنی شده با جلبک دریایی ، اسید امینه و ماده الی,,436000,nan,,,True,2025-08-06 09:47:12,2025-08-10 14:37:20
https://basalam.com/khadamat-keshavarzi-afra/product/16270210,کود انرژیل سیفو 1لیتری,,720000,720000.0,1.0,,True,2025-08-06 09:47:13,2025-08-10 14:37:23
https://basalam.com/khadamat-keshavarzi-afra/product/16161733,کود های پتاس (کود پتاسیم پودری) 1 کیلوگرمی آریا شیمی,,414000,414000.0,1.0,,True,2025-08-06 09:47:14,2025-08-10 14:37:25
https://basalam.com/nanosadra/product/12855757,فروش کود کلاته میکروکامل خضرا پسکرایه,,770000,nan,,,True,2025-08-06 09:47:15,2025-08-10 14:37:28
https://basalam.com/avand-d3418/product/19891769,کود های آپارتمانی,,45000,nan,,,True,2025-08-06 09:47:16,2025-08-10 14:37:31
https://basalam.com/reyhan_online/product/12996252,سم حشره کش هگزافلومورون(کنسالت) گیاه بطری یک لیتری,,1250000,nan,,,True,2025-08-06 09:47:16,2025-08-10 14:37:34
https://basalam.com/goldan.felezi/product/17933262,کود مایع کاکتوس پروتکت نیچر Cactus Food,,171400,nan,,,True,2025-08-06 09:47:17,2025-08-10 15:26:24
https://basalam.com/goldan.felezi/product/17933373,کود مایع گیاهان هوازی پروتکت نیچر AirPlant,,171400,nan,,,True,2025-08-06 09:47:18,2025-08-10 15:26:26
https://basalam.com/goldan.felezi/product/17935760,کود گرانوله پروتکت نیچر Slow Release,,409900,nan,,,True,2025-08-06 09:47:19,2025-08-10 15:26:29
https://basalam.com/goldan.felezi/product/17934205,کود 20 20 20 پروتکت نیچر,,134100,nan,,,True,2025-08-06 09:47:20,2025-08-10 15:26:32
https://basalam.com/goldan.felezi/product/17935615,کود میکرو پروتکت نیچر Micro Fertilizer,,134100,nan,,,True,2025-08-06 09:47:21,2025-08-10 15:26:34
https://basalam.com/goldan.felezi/product/15469383,کود ورمی کمپوست تای سیز 4 لیتری,,35000,8750.0,4.0,,True,2025-08-06 09:47:22,2025-08-10 15:26:37
https://basalam.com/nikobazrir/product/6475556,سم حشره کش( آفت کش) نیکوبذر,,25000,nan,,,True,2025-08-06 09:47:23,2025-08-10 15:39:15
https://basalam.com/arzankade_asraa/product/20181549,کود پتاسیم بالا (پس کرایه),,77000,nan,,,True,2025-08-06 09:47:24,2025-08-10 14:37:36
https://basalam.com/rezvanqazvin/product/24448520,سم سوسک فاضلابی,,80000,nan,,,True,2025-08-06 09:47:24,2025-08-10 14:37:39
https://basalam.com/sonnatiteb/product/22156904,گیاه سداب با کیفیت عالی، بار امسالی و تازه(150گرمی),,251812,nan,,,True,2025-08-06 09:47:25,2025-08-10 15:43:31
https://basalam.com/sonnatiteb/product/22152741,گیاه، پرسیاوشان، بار امسالی و تازه(50گرمی ),,104518,nan,,,,2025-08-06 09:47:26,2025-08-06 12:11:59
https://basalam.com/sonnatiteb/product/22156534,گیاه مریم گلی با کیفیت عالی، بار امسالی و تازه(250گرمی ),,169992,nan,,,,2025-08-06 09:47:27,2025-08-06 12:12:01
https://basalam.com/sonnatiteb/product/22152833,گیاه گل بنفشه با کیفیت عالی، بار امسالی و تازه(50گرم),,381695,nan,,,True,2025-08-06 09:47:28,2025-08-10 15:43:13
https://basalam.com/sonnatiteb/product/22155672,گل بابونه با کیفیت عالی، بار امسالی و تازه(2کیلوگرم),,1797493,926543.0,2.0,,True,2025-08-06 09:47:29,2025-08-10 15:41:42
https://basalam.com/sonnatiteb/product/22155641,گیاه خارخاسک با کیفیت عالی، بار امسالی و تازه(5کیلوگرم),,1028506,212063.0,5.0,,True,2025-08-06 09:47:30,2025-08-10 15:41:47
https://basalam.com/sonnatiteb/product/22155592,گیاه مرزه، بار امسالی و تازه(1کیلوگرم),,346712,346712.0,1.0,,,2025-08-06 09:47:31,2025-08-06 12:12:06
https://basalam.com/sonnatiteb/product/22157110,آلوئه ورا با کیفیت عالی، بار امسالی و تازه(200گرمی),,713920,nan,,,,2025-08-06 09:47:32,2025-08-06 12:12:08
https://basalam.com/sonnatiteb/product/22155753,صمغ عربی با کیفیت عالی، بار امسالی و تازه(1کیلوگرم),,356548,356548.0,1.0,,,2025-08-06 09:47:33,2025-08-06 12:12:09
https://basalam.com/sonnatiteb/product/22152530,گیاه مرزنجوش پودر شده با کیفیت عالی، بار امسالی و تازه(100گرمی ),,77794,nan,,,,2025-08-06 09:47:33,2025-08-06 12:12:10
https://basalam.com/sonnatiteb/product/22157020,صمغ ترنجبین با کیفیت عالی، بار امسالی و تازه(200 گرمی ),,1131796,nan,,,,2025-08-06 09:47:36,2025-08-06 12:12:17
https://basalam.com/sonnatiteb/product/22157257,گیاه خرفه با کیفیت عالی، بار امسالی و تازه(50گرمی),,58103,nan,,,,2025-08-06 09:47:37,2025-08-06 12:12:18
https://basalam.com/sonnatiteb/product/22152636,گیاه درمنه، ترکی، بار امسالی و تازه(50گرمی ),,41589,nan,,,,2025-08-06 09:47:38,2025-08-06 12:12:19
https://basalam.com/sonnatiteb/product/22152732,گیاه پرسیاوشان پودرشده، بار امسالی و تازه(250گرمی ),,419768,nan,,,,2025-08-06 09:47:38,2025-08-06 12:12:21
https://basalam.com/sonnatiteb/product/22151382,برگ شاه توت باکیفیت عالی، بار امسالی و تازه(5کیلوگرم),,927941,191328.0,5.0,,True,2025-08-06 09:47:39,2025-08-10 15:40:37
https://basalam.com/sonnatiteb/product/22156494,گیاه کاسنی با کیفیت عالی، بار امسالی و تازه(250گرمی ),,108155,nan,,,True,2025-08-06 09:47:40,2025-08-10 15:40:40
https://basalam.com/sonnatiteb/product/22156548,گیاه گزنه با کیفیت عالی، بار امسالی و تازه(750گرمی),,361810,nan,,,,2025-08-06 09:47:41,2025-08-06 12:12:25
https://basalam.com/sonnatiteb/product/22155588,گیاه مریم گلی ، بار امسالی و تازه(2کیلوگرم),,687468,354365.0,2.0,,True,2025-08-06 09:47:42,2025-08-10 15:43:18
https://basalam.com/sonnatiteb/product/22155601,گیاه کاسنی با کیفیت عالی، بار امسالی و تازه(2کیلوگرم),,382147,196983.0,2.0,,True,2025-08-06 09:47:43,2025-08-10 15:41:39
https://basalam.com/sonnatiteb/product/22155770,صمغ صبر زرد با کیفیت عالی، بار امسالی و تازه(2کیلوگرم),,3081816,1588565.0,2.0,,True,2025-08-06 09:47:44,2025-08-10 15:41:36
https://basalam.com/sonnatiteb/product/22156285,گیاه جعفری، بار امسالی و تازه (250 گرمی),,179450,nan,,,True,2025-08-06 09:47:45,2025-08-10 15:43:36
https://basalam.com/sonnatiteb/product/22156314,گیاه خرفه با کیفیت عالی، بار امسالی و تازه(500گرمی),,215825,nan,,,True,2025-08-06 09:47:46,2025-08-10 15:43:55
https://basalam.com/sonnatiteb/product/22155785,ریشه شیرین بیان با کیفیت عالی، بار امسالی و تازه(1کیلوگرم),,185588,191328.0,1.0,,True,2025-08-06 09:47:47,2025-08-10 15:41:44
https://basalam.com/sonnatiteb/product/22152912,برگ توت ، بار امسالی و تازه(2کیلوگرم),,310836,160225.0,2.0,,True,2025-08-06 09:47:48,2025-08-10 15:43:00
https://basalam.com/sonnatiteb/product/22156017,افتیمون، بار امسالی و تازه (1کیلوگرم),,185588,191328.0,1.0,,True,2025-08-06 09:47:48,2025-08-10 15:43:05
https://basalam.com/sonnatiteb/product/22155637,گیاه خار مریم با کیفیت عالی، بار امسالی و تازه(5کیلوگرم),,1553140,320235.0,5.0,,True,2025-08-06 09:47:49,2025-08-10 15:43:41
https://basalam.com/sonnatiteb/product/22152523,گیاه مرزنجوش با کیفیت عالی، بار امسالی و تازه(500گرمی ),,330770,nan,,,True,2025-08-06 09:47:50,2025-08-10 15:43:38
https://basalam.com/sonnatiteb/product/22152665,گیاه خار، شتر پودر شده، بار امسالی و تازه(100گرمی ),,56745,nan,,,True,2025-08-06 09:47:51,2025-08-10 15:43:49
https://basalam.com/sonnatiteb/product/22154262,گل مینا با کیفیت عالی، بار امسالی و تازه(150گرمی),,973395,nan,,,True,2025-08-06 09:47:52,2025-08-10 15:43:52
https://basalam.com/sonnatiteb/product/22157247,گیاه خارخاسک با کیفیت عالی، بار امسالی و تازه(100 گرمی ),,62468,nan,,,True,2025-08-06 09:47:53,2025-08-10 15:43:44
https://basalam.com/sonnatiteb/product/22155666,گل بومادارن با کیفیت عالی بار امسالی و تازه(5کیلوگرم),,726811,149858.0,5.0,,True,2025-08-06 09:47:54,2025-08-10 15:43:47
https://basalam.com/sonnatiteb/product/22152510,گیاه گشنیز، بار امسالی و تازه(2کیلوگرم ),,692984,357208.0,2.0,,True,2025-08-06 09:47:55,2025-08-10 15:40:29
https://basalam.com/sonnatiteb/product/22156615,ریشه آنغوزه با کیفیت عالی، بار امسالی و تازه(750گرمی ),,361810,nan,,,True,2025-08-06 09:47:56,2025-08-10 15:40:10
https://basalam.com/sonnatiteb/product/22157425,گیاه نعناع دشتی با کیفیت عالی، بار امسالی و تازه(100گرمی ),,176104,nan,,,True,2025-08-06 09:47:57,2025-08-10 15:40:24
https://basalam.com/sonnatiteb/product/22156589,صمغ صبر زرد با کیفیت عالی، بار امسالی و تازه(750گرمی ),,1922298,nan,,,True,2025-08-06 09:47:58,2025-08-10 15:40:27
https://basalam.com/sonnatiteb/product/22156863,گیاه کاسنی با کیفیت عالی، بار امسالی و تازه(150گرمی),,104275,nan,,,True,2025-08-06 09:47:58,2025-08-10 15:43:28
https://basalam.com/sonnatiteb/product/22156871,گل، قاصدک، بار امسالی و تازه(150گرمی),,134175,nan,,,True,2025-08-06 09:47:59,2025-08-10 15:43:33
https://basalam.com/sonnatiteb/product/22157279,گیاه چای ترش، بار امسالی و تازه(100گرم),,436985,nan,,,True,2025-08-06 09:48:00,2025-08-10 15:43:08
https://basalam.com/sonnatiteb/product/22157210,گل بومادارن با کیفیت عالی، بار امسالی و تازه(50 گرمی ),,40498,nan,,,True,2025-08-06 09:48:01,2025-08-10 15:42:58
https://basalam.com/sonnatiteb/product/22152633,گیاه درمنه ترکی با کیفیت عالی، بار امسالی و تازه(100گرمی ),,72071,nan,,,True,2025-08-06 09:48:02,2025-08-10 15:42:55
https://basalam.com/sonnatiteb/product/22157228,صمغ ترنجبین با کیفیت عالی، بار امسالی و تازه(50 گرمی ),,297014,nan,,,True,2025-08-06 09:48:03,2025-08-10 15:43:03
https://basalam.com/sonnatiteb/product/22157398,گل گاو زبان با کیفیت عالی، بار امسالی و تازه(100گرمی),,482090,nan,,,,2025-08-06 09:48:04,2025-08-06 12:13:01
https://basalam.com/rozalin_fb/product/4649955,کود مایع سانسوریا,,28000,nan,,,True,2025-08-06 09:48:05,2025-08-10 15:30:11
https://basalam.com/rezashabanali-com/product/18608415,کود اهن ویتاپلکس,,485000,nan,,,True,2025-08-06 09:48:06,2025-08-10 14:37:42
https://basalam.com/parham1_avi/product/339780,پودر ریشه چله داغی ( آدمک)(اصل و کاملا خالص),,39900,nan,,,True,2025-08-06 09:48:07,2025-08-10 15:21:05
https://basalam.com/elaroz_cosmetic/product/13264588,ریشه شیرین بیان (بدون پوست) بار امسالی و تازه(150گرمی),,396100,nan,,,True,2025-08-06 09:48:08,2025-08-10 14:37:44
https://basalam.com/elaroz_cosmetic/product/13265035,ریشه شیرین بیان با کیفیت عالی، بار امسالی و تازه(100گرمی),,256500,nan,,,True,2025-08-06 09:48:09,2025-08-10 14:37:47
https://basalam.com/elaroz_cosmetic/product/13265135,گیاه مریم گلی با کیفیت عالی، بار امسالی و تازه(50گرمی),,153100,nan,,,True,2025-08-06 09:48:09,2025-08-10 14:37:50
https://basalam.com/elaroz_cosmetic/product/13264323,برگ جینکو با کیفیت عالی، بار امسالی و تازه(250گرمی ),,1016500,nan,,,True,2025-08-06 09:48:10,2025-08-10 14:37:52
https://basalam.com/elaroz_cosmetic/product/13265212,گل بابونه با کیفیت عالی، بار امسالی و تازه(50گرمی),,189300,nan,,,True,2025-08-06 09:48:11,2025-08-10 14:37:55
https://basalam.com/elaroz_cosmetic/product/13270348,گیاه رازک با کیفیت عالی، بار امسالی و تازه(2کیلوگرم),,3887300,1943650.0,2.0,,True,2025-08-06 09:48:12,2025-08-10 14:37:58
https://basalam.com/elaroz_cosmetic/product/13264990,پونه با کیفیت عالی، بار امسالی و تازه(50 گرمی ),,50300,nan,,,True,2025-08-06 09:48:13,2025-08-10 14:38:00
https://basalam.com/elaroz_cosmetic/product/13264295,گیاه خار مریم با کیفیت عالی، بار امسالی و تازه(750 گرمی ),,1483400,nan,,,True,2025-08-06 09:48:14,2025-08-10 14:38:03
https://basalam.com/elaroz_cosmetic/product/13264507,ریشه آنغوزه با کیفیت عالی، بار امسالی و تازه(750گرمی ),,1709600,nan,,,True,2025-08-06 09:48:15,2025-08-10 14:38:06
https://basalam.com/elaroz_cosmetic/product/13264016,بادرنجبویه با کیفیت عالی، بار امسالی و تازه(1کیلوگرم),,583000,583000.0,1.0,,True,2025-08-06 09:48:16,2025-08-10 14:38:08
https://basalam.com/elaroz_cosmetic/product/13264441,گیاه مرزه با کیفیت عالی، بار امسالی و تازه(250گرمی ),,718000,nan,,,True,2025-08-06 09:48:17,2025-08-10 14:38:11
https://basalam.com/elaroz_cosmetic/product/13263971,برگ خرگوشک با کیفیت عالی، بار امسالی و تازه(2کیلوگرم),,560900,280450.0,2.0,,True,2025-08-06 09:48:18,2025-08-10 14:38:13
https://basalam.com/elaroz_cosmetic/product/13264126,استویا با کیفیت عالی، بار امسالی و تازه(250گرمی),,1497000,nan,,,True,2025-08-06 09:48:19,2025-08-10 14:38:16
https://basalam.com/elaroz_cosmetic/product/13264038,اگیر ترکی با کیفیت عالی، بار امسالی و تازه(5کیلوگرم),,6318000,1263600.0,5.0,,True,2025-08-06 09:48:21,2025-08-10 14:38:18
https://basalam.com/elaroz_cosmetic/product/13264037,الدر بری کیفیت عالی، بار امسالی و تازه(1کیلوگرم),,2017000,2017000.0,1.0,,True,2025-08-06 09:48:21,2025-08-10 14:38:21
https://basalam.com/elaroz_cosmetic/product/13264244,باباآدم با کیفیت عالی، بار امسالی و تازه(750 گرمی ),,1746600,nan,,,True,2025-08-06 09:48:22,2025-08-10 14:38:23
https://basalam.com/elaroz_cosmetic/product/13264428,گل گاو زبان با کیفیت عالی، بار امسالی و تازه(500گرمی ),,5030700,nan,,,True,2025-08-06 09:48:23,2025-08-10 14:38:26
https://basalam.com/elaroz_cosmetic/product/13263912,پنج انگشت با کیفیت عالی، بار امسالی و تازه(5کیلوگرم),,1173700,234740.0,5.0,,True,2025-08-06 09:48:24,2025-08-10 14:38:29
https://basalam.com/elaroz_cosmetic/product/13263318,گیاه آلوئه ورا با کیفیت عالی، بار امسالی و تازه(100گرمی),,692700,nan,,,True,2025-08-06 09:48:25,2025-08-10 14:38:31
https://basalam.com/elaroz_cosmetic/product/13264665,صمغ کندر با کیفیت عالی، بار امسالی و تازه(150گرمی),,962800,nan,,,True,2025-08-06 09:48:26,2025-08-10 14:38:34
https://basalam.com/elaroz_cosmetic/product/13264144,الدر بری کیفیت عالی، بار امسالی و تازه(750 گرمی ),,4691400,nan,,,True,2025-08-06 09:48:27,2025-08-10 14:38:37
https://basalam.com/elaroz_cosmetic/product/13263754,گل بید مشک با کیفیت عالی، بار امسالی و تازه(2کیلوگرم),,1532800,766400.0,2.0,,True,2025-08-06 09:48:28,2025-08-10 14:38:39
https://basalam.com/elaroz_cosmetic/product/13263801,صمغ ترنجبین با کیفیت عالی، بار امسالی و تازه(2کیلوگرم),,8355700,4177850.0,2.0,,True,2025-08-06 09:48:29,2025-08-10 14:38:42
https://basalam.com/elaroz_cosmetic/product/13269458,گیاه آلوئه ورا با کیفیت عالی، بار امسالی و تازه(200گرمی),,2037000,nan,,,True,2025-08-06 09:48:30,2025-08-10 14:38:45
https://basalam.com/elaroz_cosmetic/product/13269464,گل مینا با کیفیت عالی، بار امسالی و تازه(100گرمی),,3219400,nan,,,True,2025-08-06 09:48:31,2025-08-10 14:38:47
https://basalam.com/elaroz_cosmetic/product/13264556,پوست اسفرزه با کیفیت عالی، بار امسالی و تازه(750گرمی ),,6667000,nan,,,True,2025-08-06 09:48:32,2025-08-10 14:38:50
https://basalam.com/elaroz_cosmetic/product/13270354,گیاه خار مریم با کیفیت عالی، بار امسالی و تازه(5کیلوگرم),,1848300,369660.0,5.0,,True,2025-08-06 09:48:33,2025-08-10 14:38:53
https://basalam.com/elaroz_cosmetic/product/13264245,باباآدم با کیفیت عالی، بار امسالی و تازه(500گرمی),,1164400,nan,,,True,2025-08-06 09:48:34,2025-08-10 14:38:55
https://basalam.com/elaroz_cosmetic/product/13263831,ریشه خولنجان با کیفیت عالی، بار امسالی و تازه(1کیلوگرم),,1884600,1884600.0,1.0,,True,2025-08-06 09:48:35,2025-08-10 14:38:58
https://basalam.com/elaroz_cosmetic/product/13265113,گیاه گزنه با کیفیت عالی، بار امسالی و تازه(50گرمی ),,108200,nan,,,True,2025-08-06 09:48:36,2025-08-10 14:39:01
https://basalam.com/elaroz_cosmetic/product/13270329,گیاه کاکوتی با کیفیت عالی، بار امسالی و تازه(5کیلوگرم),,7651500,1530300.0,5.0,,True,2025-08-06 09:48:36,2025-08-10 14:39:03
https://basalam.com/elaroz_cosmetic/product/13265218,ریشه کاسنی با کیفیت عالی، بار امسالی و تازه(100گرمی ),,375000,nan,,,True,2025-08-06 09:48:37,2025-08-10 14:39:06
https://basalam.com/elaroz_cosmetic/product/13264932,افسنطین با کیفیت عالی، بار امسالی و تازه(100 گرمی ),,326000,nan,,,True,2025-08-06 09:48:38,2025-08-10 14:39:08
https://basalam.com/elaroz_cosmetic/product/13270357,گیاه خارخاسک با کیفیت عالی، بار امسالی و تازه(5کیلوگرم),,1924200,384840.0,5.0,,True,2025-08-06 09:48:39,2025-08-10 14:39:11
https://basalam.com/elaroz_cosmetic/product/13265026,گیاه رازک با کیفیت عالی، بار امسالی و تازه(100گرمی),,603700,nan,,,True,2025-08-06 09:48:40,2025-08-10 14:39:14
https://basalam.com/elaroz_cosmetic/product/13263806,ریشه شیرین بیان (بدون پوست) با کیفیت عالی، بار امسالی و تازه(2کیلوگرم),,1780100,890050.0,2.0,,True,2025-08-06 09:48:41,2025-08-10 14:39:19
https://basalam.com/elaroz_cosmetic/product/13264108,گل بابونه با کیفیت عالی، بار امسالی و تازه(500گرمی),,722000,nan,,,True,2025-08-06 09:48:42,2025-08-10 14:39:21
https://basalam.com/elaroz_cosmetic/product/13264590,گل انار با کیفیت عالی، بار امسالی و تازه(150 گرمی),,395600,nan,,,True,2025-08-06 09:48:43,2025-08-10 14:39:24
https://basalam.com/elaroz_cosmetic/product/13264172,افتیمون با کیفیت عالی، بار امسالی و تازه(250 گرمی),,335200,nan,,,True,2025-08-06 09:48:44,2025-08-10 14:39:27
https://basalam.com/elaroz_cosmetic/product/13264222,گل اسطوخودوس (هندی) با کیفیت عالی، بار امسالی و تازه(250 گرمی),,1628200,nan,,,True,2025-08-06 09:48:45,2025-08-10 14:39:29
https://basalam.com/elaroz_cosmetic/product/13264252,بولاغ اوتی با کیفیت عالی، بار امسالی و تازه(750 گرمی ),,1013100,nan,,,True,2025-08-06 09:48:46,2025-08-10 14:39:32
https://basalam.com/elaroz_cosmetic/product/13264259,گل بید مشک با کیفیت عالی، بار امسالی و تازه(500گرمی),,1138800,nan,,,True,2025-08-06 09:48:47,2025-08-10 14:39:34
https://basalam.com/elaroz_cosmetic/product/13264581,غنچه گل محمدی با کیفیت عالی، بار امسالی و تازه(200گرمی ),,1267400,nan,,,True,2025-08-06 09:48:48,2025-08-10 14:39:37
https://basalam.com/elaroz_cosmetic/product/13264458,گیاه گزنه با کیفیت عالی، بار امسالی و تازه(250گرمی ),,484000,nan,,,True,2025-08-06 09:48:49,2025-08-10 14:39:40
https://basalam.com/elaroz_cosmetic/product/13264243,بارهنگ با کیفیت عالی، بار امسالی و تازه(250 گرمی),,7316900,nan,,,True,2025-08-06 09:48:50,2025-08-10 14:39:42
https://basalam.com/elaroz_cosmetic/product/13264628,گل همیشه بهاربا کیفیت عالی، بار امسالی و تازه(150گرمی ),,550300,nan,,,True,2025-08-06 09:48:51,2025-08-10 14:39:45
https://basalam.com/elaroz_cosmetic/product/13264242,بارهنگ با کیفیت عالی، بار امسالی و تازه(500گرمی),,12481800,nan,,,True,2025-08-06 09:48:52,2025-08-10 14:39:48
https://basalam.com/elaroz_cosmetic/product/13264795,صمغ ترنجبین با کیفیت عالی، بار امسالی و تازه(150 گرمی ),,1727800,nan,,,True,2025-08-06 09:48:53,2025-08-10 14:39:50
https://basalam.com/elaroz_cosmetic/product/13264840,بارهنگ با کیفیت عالی، بار امسالی و تازه(150 گرمی ),,751300,nan,,,True,2025-08-06 09:48:53,2025-08-10 14:39:53
https://basalam.com/elaroz_cosmetic/product/13264302,برگ خرگوشک با کیفیت عالی، بار امسالی و تازه(500گرمی),,455600,nan,,,True,2025-08-06 09:48:54,2025-08-10 14:39:55
https://basalam.com/elaroz_cosmetic/product/13264160,آلوئه ورا با کیفیت عالی، بار امسالی و تازه(250 گرمی),,1592000,nan,,,True,2025-08-06 09:48:55,2025-08-10 14:39:58
https://basalam.com/elaroz_cosmetic/product/13265111,گیاه گزنه با کیفیت عالی، بار امسالی و تازه(100گرمی ),,116400,nan,,,True,2025-08-06 09:48:56,2025-08-10 14:40:01
https://basalam.com/elaroz_cosmetic/product/13264774,ریشه خولنجان با کیفیت عالی، بار امسالی و تازه(150گرمی),,940300,nan,,,True,2025-08-06 09:48:57,2025-08-10 14:40:03
https://basalam.com/elaroz_cosmetic/product/13265049,گیاه زوفا با کیفیت عالی، بار امسالی و تازه(100گرمی),,254100,nan,,,True,2025-08-06 09:48:58,2025-08-10 14:40:06
https://basalam.com/elaroz_cosmetic/product/13264674,گل قاصدک با کیفیت عالی، بار امسالی و تازه(200گرمی),,513500,nan,,,True,2025-08-06 09:48:59,2025-08-10 14:40:09
https://basalam.com/elaroz_cosmetic/product/13264427,گل گاو زبان با کیفیت عالی، بار امسالی و تازه(750گرمی),,6715900,nan,,,True,2025-08-06 09:49:00,2025-08-10 14:40:11
https://basalam.com/elaroz_cosmetic/product/13264146,الدر بری با کیفیت عالی، بار امسالی و تازه(500گرمی),,2683000,nan,,,True,2025-08-06 09:49:01,2025-08-10 14:40:14
https://basalam.com/elaroz_cosmetic/product/13264545,گل اسطوخودوس ایرانی با کیفیت عالی، بار امسالی و تازه(750گرمی ),,2483000,nan,,,True,2025-08-06 09:49:02,2025-08-10 14:40:16
https://basalam.com/elaroz_cosmetic/product/13264356,گیاه زوفا با کیفیت عالی، بار امسالی و تازه(750گرمی),,2060400,nan,,,True,2025-08-06 09:49:03,2025-08-10 14:40:19
https://basalam.com/elaroz_cosmetic/product/13263972,برگ خرگوشک با کیفیت عالی، بار امسالی و تازه (1کیلوگرم),,254500,254500.0,1.0,,True,2025-08-06 09:49:04,2025-08-10 14:40:22
https://basalam.com/elaroz_cosmetic/product/13264280,گیاه جعفری با کیفیت عالی، بار امسالی و تازه(500گرمی),,694100,nan,,,True,2025-08-06 09:49:05,2025-08-10 14:40:24
https://basalam.com/elaroz_cosmetic/product/13264691,گیاه شاهتره با کیفیت عالی، بار امسالی و تازه(150گرمی),,183200,nan,,,True,2025-08-06 09:49:07,2025-08-10 14:40:27
https://basalam.com/elaroz_cosmetic/product/13270350,گیاه دم اسب با کیفیت عالی، بار امسالی و تازه(5کیلوگرم),,1129000,225800.0,5.0,,True,2025-08-06 09:49:08,2025-08-10 14:40:29
https://basalam.com/elaroz_cosmetic/product/13264547,گل اسطوخودوس ایرانی با کیفیت عالی، بار امسالی و تازه(250 گرمی),,1359600,nan,,,True,2025-08-06 09:49:09,2025-08-10 14:40:32
https://basalam.com/elaroz_cosmetic/product/13264701,برگ سنا با کیفیت عالی، بار امسالی و تازه(200گرمی),,318900,nan,,,True,2025-08-06 09:49:10,2025-08-10 14:40:34
https://basalam.com/elaroz_cosmetic/product/13264792,گیاه جعفری با کیفیت عالی، بار امسالی و تازه(200 گرمی ),,347000,nan,,,True,2025-08-06 09:49:11,2025-08-10 14:40:37
https://basalam.com/elaroz_cosmetic/product/13264755,گیاه رازک با کیفیت عالی، بار امسالی و تازه(200گرمی),,1207000,nan,,,True,2025-08-06 09:49:12,2025-08-10 14:40:40
https://basalam.com/elaroz_cosmetic/product/13264887,فروش الدر بری (آقطی سیاه) با کیفیت عالی، بار امسالی و تازه(200گرمی),,1207000,nan,,,True,2025-08-06 09:49:13,2025-08-10 14:40:42
https://basalam.com/elaroz_cosmetic/product/13269459,گیاه آلوئه ورا با کیفیت عالی، بار امسالی و تازه(150گرمی),,1527900,nan,,,True,2025-08-06 09:49:14,2025-08-10 14:40:45
https://basalam.com/elaroz_cosmetic/product/13265384,گیاه مریم گلی با کیفیت عالی، بار امسالی و تازه(51گرمی),,153100,nan,,,True,2025-08-06 09:49:15,2025-08-10 14:40:48
https://basalam.com/elaroz_cosmetic/product/13265138,گیاه مورد با کیفیت عالی، بار امسالی و تازه(50گرمی),,61600,nan,,,True,2025-08-06 09:49:16,2025-08-10 14:40:50
https://basalam.com/elaroz_cosmetic/product/13265108,صمغ کندر با کیفیت عالی، بار امسالی و تازه(100گرمی),,631400,nan,,,True,2025-08-06 09:49:17,2025-08-10 14:40:53
https://basalam.com/elaroz_cosmetic/product/13264006,پوست اسفرزه با کیفیت عالی، بار امسالی و تازه(5کیلوگرم),,16690600,3338120.0,5.0,,True,2025-08-06 09:49:18,2025-08-10 14:40:55
https://basalam.com/elaroz_cosmetic/product/13265076,گیاه شاهتره با کیفیت عالی، بار امسالی و تازه(100گرمی),,119500,nan,,,True,2025-08-06 09:49:18,2025-08-10 14:40:58
https://basalam.com/elaroz_cosmetic/product/13265209,غنچه گل محمدی با کیفیت عالی، بار امسالی و تازه(100گرمی ),,603700,nan,,,True,2025-08-06 09:49:19,2025-08-10 14:41:01
https://basalam.com/elaroz_cosmetic/product/13263723,گل بابونه با کیفیت عالی، بار امسالی و تازه(2کیلوگرم),,4445600,2222800.0,2.0,,True,2025-08-06 09:49:20,2025-08-10 14:41:03
https://basalam.com/parsiansilicagel.com/product/22720601,کود گرانول گلوریا مخصوص گلدانهای خانگی و آپارتمانی,,250000,nan,,,True,2025-08-06 09:49:21,2025-08-10 14:41:06
https://basalam.com/nahaldashtban/product/23736552,کود آمینو فسفر 70درصد وانوما 1 لیتری,,660000,660000.0,1.0,,True,2025-08-06 09:49:22,2025-08-10 15:42:43
https://basalam.com/letkaco/product/2120524,علفکش گندم و جو تری بنورون متیل مدل گرانستار شرکت گیاه وزن 50 گرم,,183500,nan,,,True,2025-08-06 09:49:23,2025-08-10 14:41:08
https://basalam.com/letkaco/product/2115105,کود مایع هیومیک اسید و فولویک لیپیدوم مدل لیپید حجم 5 لیتر,,699000,139800.0,5.0,,True,2025-08-06 09:49:24,2025-08-10 14:41:11
https://basalam.com/letkaco/product/2112205,کود ریز مغذی سیترال 3 گانه مدل triple حجم 1 لیتر,,281500,281500.0,1.0,,True,2025-08-06 09:49:25,2025-08-10 14:41:13
https://basalam.com/letkaco/product/2930898,سم آفات خانگی ایکون مدل 20wp وزن 50 گرم بسته 10 عددی,,275700,nan,,,True,2025-08-06 09:49:26,2025-08-10 14:41:16
https://basalam.com/letkaco/product/8185256,کود فسفره گیاهان اپارتمانی پلاتو مدل 10-54-10 وزن 100 گرم,,89600,nan,,,True,2025-08-06 09:49:27,2025-08-10 14:41:19
https://basalam.com/letkaco/product/2208616,کود مایع گرومور امریکا مدل گروفلان حجم 1 لیتر,,1490000,1490000.0,1.0,,True,2025-08-06 09:49:28,2025-08-10 14:41:25
https://basalam.com/letkaco/product/2210819,کود مایع فسفر امکس مدل سکوئنشیال 1 حجم 1 لیتر,,1690000,1690000.0,1.0,,True,2025-08-06 09:49:29,2025-08-10 14:41:28
https://basalam.com/letkaco/product/3357294,کود سوپر فسفات گرانول لتکا مدل ساده وزن 20 کیلوگرم,,842700,42135.0,20.0,,True,2025-08-06 09:49:30,2025-08-10 14:41:30
https://basalam.com/letkaco/product/7314678,کود سولفات منیزیم 14 درصد پیشرو مدل کریستال وزن 25 کیلوگرم,,730200,29208.0,25.0,,True,2025-08-06 09:49:31,2025-08-10 14:41:33
https://basalam.com/letkaco/product/10907970,کود دفاندر منیزیم فیوچراکو مدل x3 حجم 1 لیتر,,599000,599000.0,1.0,,True,2025-08-06 09:49:32,2025-08-10 14:41:35
https://basalam.com/letkaco/product/10995949,کود پتاسیم منیزیم پیشرو مدل گرانول وزن 7 کیلوگرم,,253600,36228.57142857143,7.0,,True,2025-08-06 09:49:33,2025-08-10 14:41:38
https://basalam.com/letkaco/product/2182080,کود جلبک دریایی گروبست مدل gh56 وزن 1کیلوگرم,,799000,799000.0,1.0,,True,2025-08-06 09:49:34,2025-08-10 14:41:41
https://basalam.com/letkaco/product/7443702,کود پاش شارژی مدل do1 ظرفیت 20 کیلوگرم,,3167000,158350.0,20.0,,True,2025-08-06 09:49:35,2025-08-10 14:41:44
https://basalam.com/letkaco/product/3388677,سم کاربندازیم سمیران مدل باویستین وزن 100 گرم,,96200,nan,,,True,2025-08-06 09:49:36,2025-08-10 14:41:46
https://basalam.com/letkaco/product/2123275,سم حشره کش تری کلروفن مدل دیپترکس وزن 500 گرم,,399000,nan,,,True,2025-08-06 09:49:37,2025-08-10 14:41:49
https://basalam.com/letkaco/product/2930960,سم فیپرونیل اریا شیمی مدل ریجنت وزن 1 کیلوگرم,,120000,120000.0,1.0,,True,2025-08-06 09:49:38,2025-08-10 14:41:51
https://basalam.com/letkaco/product/8886230,کود ماکرو عناصر ریز مغذی آریاشیمی مدل 20-20-20 -TE وزن 5 کیلوگرم,,1204500,240900.0,5.0,,True,2025-08-06 09:49:39,2025-08-10 14:41:54
https://basalam.com/letkaco/product/13140031,کود سولفات پتاسیم لتکا مدل sa1 وزن 30 کیلوگرم,,1112600,37086.666666666664,30.0,,True,2025-08-06 09:49:40,2025-08-10 14:41:57
https://basalam.com/letkaco/product/2182131,کود آهن جنوبگان مدل میناسول حجم 1لیتر,,216500,216500.0,1.0,,True,2025-08-06 09:49:41,2025-08-10 14:41:59
https://basalam.com/letkaco/product/2210839,کود مایع پتاس بالا امکس انگلستان مدل سکونشیال 2 حجم 1 لیتر,,1680000,1680000.0,1.0,,True,2025-08-06 09:49:42,2025-08-10 14:42:02
https://basalam.com/letkaco/product/3388682,سم اکسی کلرور مس سمیران مدل کوپر اکسی کلراید وزن 100 گرم,,91000,nan,,,True,2025-08-06 09:49:43,2025-08-10 14:42:04
https://basalam.com/mivjuicebar/product/7366108,سم انگل زدای مک تومیل - سایپر مترین دامی 1 لیتری برای محیط نگهداری از حیوانات و پرندگان,,730000,730000.0,1.0,,True,2025-08-06 09:49:44,2025-08-10 14:42:07
https://basalam.com/sabz202020/product/23701608,سم مار کشنده لیکوئیدفنس نسخه ترکیه لیسانس,,720000,nan,,,True,2025-08-06 09:49:45,2025-08-10 14:42:09
https://basalam.com/violamarkets2020/product/17622703,کود زایشی کریستا گالن 4 لیتری,,1600000,400000.0,4.0,,True,2025-08-06 09:49:46,2025-08-10 14:42:12
https://basalam.com/violamarkets2020/product/12821646,کود رویشی دراگون فایر cc250,,180000,nan,,,True,2025-08-06 09:49:47,2025-08-10 14:42:15
https://basalam.com/violamarkets2020/product/14100990,کود زایشی کریستا 120 سی سی,,110000,nan,,,True,2025-08-06 09:49:48,2025-08-10 15:44:12
https://basalam.com/violamarkets2020/product/20637644,کود آمینو اسید 80درصد,,25000,nan,,,True,2025-08-06 09:49:49,2025-08-10 14:42:17
https://basalam.com/farmagri/product/8158250,کود کلات بور خضراء وزن 1 کیلوگرم,,540000,540000.0,1.0,,True,2025-08-06 09:49:50,2025-08-10 14:42:20
https://basalam.com/farmagri/product/8170911,کود هیومیک اسید نان اگری گالن 5 لیتری,,995000,199000.0,5.0,,True,2025-08-06 09:49:51,2025-08-10 14:42:23
https://basalam.com/farmagri/product/16255930,کود (10-50-10+TE) شرکت غزال شیمی 25 کیلویی,,4975000,199000.0,25.0,,True,2025-08-06 09:49:52,2025-08-10 14:42:25
https://basalam.com/farmagri/product/8227415,کود NPK 20 20 20 ده کیلویی گهرزا,,1490000,nan,,,True,2025-08-06 09:49:54,2025-08-10 14:42:28
https://basalam.com/farmagri/product/19233561,کود هیومیک اسید آگرومین پرینوا بسته 1 کیلوگرم,,525000,525000.0,1.0,,True,2025-08-06 09:49:55,2025-08-10 14:42:31
https://basalam.com/farmagri/product/10476376,کود منگنز 13درصد کلات شده با EDTA پرینوا بسته بندی 1 کیلوگرم,,775000,775000.0,1.0,,True,2025-08-06 09:49:56,2025-08-10 14:42:33
https://basalam.com/mahoorgol/product/11870907,کود فسفر بالا10.52.10 NPK پودری تایمکس,,59000,nan,,,True,2025-08-06 09:49:57,2025-08-10 14:42:36
https://basalam.com/mahoorgol/product/11846653,کود محرک رشد ارگانیک(جلبک دریایی) کیمیا کود گواشیر,,39000,nan,,,True,2025-08-06 09:49:58,2025-08-10 14:42:39
https://basalam.com/mahoorgol/product/13447469,کود مایع ضد استرس 150 میلی لیتری تایمکس,,77000,nan,,,True,2025-08-06 09:49:59,2025-08-10 14:42:42
https://basalam.com/moonstudio/product/18645724,کود کلات آهن گرین سی,,60000,nan,,,True,2025-08-06 09:50:00,2025-08-10 14:42:44
https://basalam.com/mola-ali/product/13054116,میوه گیاه سم السمک، ماهی زهره، انامرتا، ماهی زهرج، سم الحوت، سمیرا، بعروری,,89000,nan,,,True,2025-08-06 09:50:01,2025-08-10 14:42:47
https://basalam.com/golkadeh_mahtiti/product/16718364,مانستراانجیری ابلق ( ارسال با باربری و تیپاکس و چاپار هزینه ارسال بر عهده مشتری عزیز و پس کرایه است ),,350000,nan,,,True,2025-08-06 09:50:02,2025-08-10 14:42:49
https://basalam.com/qaranfil.ir/product/21411519,کود اسید هیومیک,,320000,nan,,,True,2025-08-06 09:50:03,2025-08-10 14:42:52
https://basalam.com/qaranfil.ir/product/21411629,سم حشره کش مهان 20%,,239800,nan,,,True,2025-08-06 09:50:04,2025-08-10 14:42:54
https://basalam.com/bamashimi/product/19962782,قارچ کش و کنه کش گوگرد سمیران,,319000,nan,,,True,2025-08-06 09:50:05,2025-08-10 14:42:57
https://basalam.com/biatokala/product/21430509,سم مار کش لیکوعید فنس (پس کرایه),,1100000,nan,,,True,2025-08-06 09:50:06,2025-08-10 14:42:59
https://basalam.com/biatokala/product/21431171,سم مار کش اسنیک ای وی (پس کرایه),,620000,nan,,,True,2025-08-06 09:50:07,2025-08-10 14:43:02
https://basalam.com/ragafertilizer/product/4470738,کود اوره گرین پیک مدل UREA 1000 وزن یک کیلوگرم,,139000,nan,,,True,2025-08-06 09:50:08,2025-08-10 14:43:04
https://basalam.com/ragafertilizer/product/4470541,کود نیترات کلسیم گرین پیک مدل CALSIUM NITRATE 1000 وزن یک کیلوگرم,,219000,nan,,,True,2025-08-06 09:50:09,2025-08-10 14:43:07
https://basalam.com/ragafertilizer/product/4470761,کود کامل زایشی و رویشی گرین پیک مدل NPK 15-05-30 وزن یک کیلوگرم,,199000,nan,,,True,2025-08-06 09:50:10,2025-08-10 14:43:09
https://basalam.com/ragafertilizer/product/5509071,کود سولوپتاس گرین پیک مدل Solo1000 وزن 1 کیلوگرم,,219000,219000.0,1.0,,True,2025-08-06 09:50:11,2025-08-10 14:43:12
https://basalam.com/kodrushd/product/10795345,کود هیومیک اسید نانو مایع آمریکایی 5 لیتری,,1450000,350000.0,5.0,,True,2025-08-06 09:50:12,2025-08-10 15:32:54
https://basalam.com/kodrushd/product/10815394,کود آهن شوک آمریکایی اصل (25درصد )نانو مایع گالن 20 لیتری,,3700000,222500.0,20.0,,True,2025-08-06 09:50:13,2025-08-10 15:32:51
https://basalam.com/kodrushd/product/10825697,کود مخصوص گیاهان آپارتمانی شوک 1 لیتری مایع نانو,,400000,420000.0,1.0,,True,2025-08-06 09:50:14,2025-08-10 15:32:46
https://basalam.com/kodrushd/product/10824010,کود فولیک اسید شوک آمریکایی اصل نانو گالن 20 لیتری,,2750000,165000.0,20.0,,True,2025-08-06 09:50:15,2025-08-10 15:32:48
https://basalam.com/kodrushd/product/10797802,کود آمینو اسید شوک آمریکای (ضد تنش)5 لیتری,,1750000,350000.0,5.0,,True,2025-08-06 09:50:16,2025-08-10 14:43:15
https://basalam.com/kodrushd/product/10823957,کود گوگرد مایع شوک آمریکایی اصل 80 درصد گالن 5 لیتری,,1700000,340000.0,5.0,,True,2025-08-06 09:50:17,2025-08-10 14:43:17
https://basalam.com/kodrushd/product/10818660,کود کلسیم مایع شوک (27درصد) نانو آمریکایی 5 لیتری,,1700000,340000.0,5.0,,True,2025-08-06 09:50:18,2025-08-10 14:43:20
https://basalam.com/koodito/product/23330811,15بسته 24تایی کود همه کاره ارگانیک ویتامینه گیاهان (پس کرایه),,74880000,nan,,,True,2025-08-06 09:50:19,2025-08-10 14:43:22
https://basalam.com/koodito/product/23330730,10بسته 24تایی کود همه کاره ارگانیک ویتامینه گیاهان (پس کرایه),,53040000,nan,,,True,2025-08-06 09:50:20,2025-08-10 14:43:25
https://basalam.com/koodito/product/10119804,بسته پنج تایی کود همه کاره ارگانیک ویتامینه گیاهان ویژه ی نهال، باغات، صیفی و سبزیجات,,995000,nan,,,True,2025-08-06 09:50:21,2025-08-10 14:43:27
https://basalam.com/koodito/product/10109019,بسته پنج تایی کود همه کاره ارگانیک ویتامینه گیاهان ویژه ی گیاهان آپارتمانی و زینتی,,1300000,nan,,,True,2025-08-06 09:50:22,2025-08-10 14:43:33
https://basalam.com/firooze_arak/product/6440809,کود ریشه زایی,,15000,nan,,,True,2025-08-06 09:50:23,2025-08-10 14:43:36
https://basalam.com/firooze_arak/product/6440633,کود کامل 20-20-20,,15000,nan,,,True,2025-08-06 09:50:24,2025-08-10 14:43:39
https://basalam.com/almase_sorkh/product/11141806,کوکوپیت و پیت ماس و پرلیت گیلدا مدل Cocolite حجم 2 لیتر,,145000,72500.0,2.0,,True,2025-08-06 09:50:25,2025-08-10 14:43:41
https://basalam.com/almase_sorkh/product/11150249,کود کلات آهن افزایش سبزینگی گیلدا مدل 6 درصد Fe-EDDHA وزن 20 گرم,,83000,nan,,,True,2025-08-06 09:50:26,2025-08-10 14:43:44
https://basalam.com/almase_sorkh/product/15503966,بردو فیکس آریا شیمی قارچ کش و باکتری کش با اثر حفاظتی (60 سی سی - 120 سی سی),,35000,nan,,,True,2025-08-06 09:50:27,2025-08-10 14:43:47
https://basalam.com/almase_sorkh/product/11141348,کود ورمی کمپوست گیلدا وزن 100 گرم,,40000,nan,,,True,2025-08-06 09:50:28,2025-08-10 14:43:49
https://basalam.com/almase_sorkh/product/11150213,کود کامل NPK افزایش رشد گیلدا کد 10-10-30 مدل نیتروژن بالا وزن 25 گرم,,83000,nan,,,True,2025-08-06 09:50:29,2025-08-10 14:43:52
https://basalam.com/almase_sorkh/product/4828158,کود تقویتی فروت ست های افکت اریا,,670000,nan,,,True,2025-08-06 09:50:30,2025-08-10 14:43:55
https://basalam.com/almase_sorkh/product/4827787,سم ایمیداکلوپراید (کنفیدور) آریا 60 سی سی,,66000,nan,,,True,2025-08-06 09:50:31,2025-08-10 14:43:57
https://basalam.com/jamshidi-agri/product/21228085,کود آهن سکوسترن مدل سینجنتا وزن 1 کیلوگرم,,1650000,1650000.0,1.0,,True,2025-08-06 09:50:32,2025-08-10 14:44:00
https://basalam.com/jamshidi-agri/product/21228026,سم حشره کش سینجنتا مدل کاراته زئون حجم 250 میلی لیتر,,1850000,nan,,,True,2025-08-06 09:50:33,2025-08-10 14:44:02
https://basalam.com/iran-sam/product/24648267,سم ساس پیرانا قویترین سم موجود در بازار با لوگو اورجینال یک لیتری ارسال رایگان,,880000,nan,,,True,2025-08-06 09:50:34,2025-08-10 14:44:05
https://basalam.com/sonnatiteb/product/22157289,گیاه رازک با کیفیت عالی، بار امسالی و تازه(50گرمی),,112520,nan,,,True,2025-08-06 09:50:35,2025-08-10 15:43:10
https://basalam.com/humicacid/product/3137620,کود پتاس بالا مایع پنج لیتری 60 درصد محصول آمریکا (پس کرایه),,1061100,16978.333333333332,60.0,,True,2025-08-06 09:50:36,2025-08-10 15:29:39
https://basalam.com/humicacid/product/5113564,کود گوگرد مایع شوک 80 درصد اصل آمریکایی 1لیتری (پس کرایه),,314700,302100.0,1.0,,True,2025-08-06 09:50:37,2025-08-10 15:29:36
https://basalam.com/humicacid/product/21069005,کود سیلیکات پتاسیم مایع اکسپلود اصل 1 لیتری (پس کرایه),,300000,288000.0,1.0,,True,2025-08-06 09:50:38,2025-08-10 15:29:55
https://basalam.com/humicacid/product/5107338,کود جلبک دریایی شوک اصل آمریکایی 5 لیتری (پس کرایه),,1258800,241680.0,5.0,,True,2025-08-06 09:50:39,2025-08-10 15:30:01
https://basalam.com/humicacid/product/18353971,کود بذرمال مولتی کمپلکس شوک اصل آمریکایی 20لیتری (پس کرایه),,2707600,129965.0,20.0,,True,2025-08-06 09:50:40,2025-08-10 15:29:58
https://basalam.com/humicacid/product/3137632,کود آهن مایع EDTA دوازده درصد پنج لیتری آمریکایی (پس کرایه),,1148900,nan,,,True,2025-08-06 09:50:41,2025-08-10 15:30:09
https://basalam.com/humicacid/product/9247178,کود روی 31 درصد شوک اصل آمریکایی 20 لیتری (پس کرایه),,2634500,126455.0,20.0,,True,2025-08-06 09:50:44,2025-08-10 15:30:06
https://basalam.com/humicacid/product/2862271,کود سه بیست مایع شوک آمریکایی یک لیتری (پس کرایه),,314700,nan,,,True,2025-08-06 09:50:45,2025-08-10 15:29:50
https://basalam.com/humicacid/product/17349745,کود فسفر بالا 95درصد شوک اصل آمریکایی 1 لیتری (پس کرایه),,439200,421600.0,1.0,,True,2025-08-06 09:50:46,2025-08-10 15:30:03
https://basalam.com/humicacid/product/5108174,کود مخصوص رنگ گیری گوجه فرنگی شوک پنج لیتری محصول آمریکا (پس کرایه),,1046500,nan,,,True,2025-08-06 09:50:47,2025-08-10 15:29:47
https://basalam.com/humicacid/product/18397254,کود کلسیم 95 درصد مایع اکسپلود 20 لیتری اصل (پس کرایه),,2488100,119430.0,20.0,,True,2025-08-06 09:50:48,2025-08-10 15:29:10
https://basalam.com/humicacid/product/9247607,کود مس 23 درصد شوک اصل آمریکایی بسته بندی یک لیتری (پس کرایه),,351200,nan,,,True,2025-08-06 09:50:49,2025-08-10 15:29:52
https://basalam.com/humicacid/product/16360926,کود اسید هیومیک(فول هیومیک) 95 درصد مایع بمب 20 لیتری (پس کرایه),,2122200,101865.0,20.0,,True,2025-08-06 09:50:50,2025-08-10 15:29:12
https://basalam.com/humicacid/product/5113262,کود گلدهی شوک اصل آمریکایی مایع یک لیتری (12.12.36) (پس کرایه),,318400,nan,,,True,2025-08-06 09:50:51,2025-08-10 15:29:20
https://basalam.com/humicacid/product/17936631,کود مایع کامل آمریکایی 10x شوک اصل5 لیتری (پس کرایه),,1229500,236060.0,5.0,,True,2025-08-06 09:50:52,2025-08-10 15:29:23
https://basalam.com/humicacid/product/5121570,کود کلسیم مایع 27 درصد شوک اصل آمریکایی 1 لیتری (پس کرایه),,307400,295100.0,1.0,,True,2025-08-06 09:50:53,2025-08-10 15:29:44
https://basalam.com/humicacid/product/10342680,کود مخصوص زاموفیلیا شوک گالن 20 لیتری (پس کرایه),,1902800,91335.0,20.0,,True,2025-08-06 09:50:54,2025-08-10 15:29:41
https://basalam.com/humicacid/product/20322559,کود مخصوص زعفران بمب اصل مایع یک لیتری (پس کرایه),,307400,nan,,,True,2025-08-06 09:50:55,2025-08-10 15:29:33
https://basalam.com/humicacid/product/18356545,کود درشتی میوه،محصولات زراعی و گلخانه ای اصل آمریکایی (پس کرایه),,292700,nan,,,True,2025-08-06 09:50:56,2025-08-10 15:30:52
https://basalam.com/humicacid/product/17349109,کود مخصوص برنج شوک اصل آمریکایی 5 لیتری مایع (پس کرایه),,1141600,219180.0,5.0,,True,2025-08-06 09:50:57,2025-08-10 15:30:54
https://basalam.com/humicacid/product/18397394,کود ارگانیک، کود مخصوص زعفران اکسپلود 20 لیتری اصل (پس کرایه),,3073600,147535.0,20.0,,True,2025-08-06 09:50:58,2025-08-10 15:30:38
https://basalam.com/humicacid/product/3852843,کود گوگرد مایع شوک 80 درصد اصل آمریکایی پنج لیتری (پس کرایه),,1112400,nan,,,True,2025-08-06 09:50:59,2025-08-10 15:31:02
https://basalam.com/humicacid/product/10538880,کود 1 لیتری نانو مایع فروت ست شوک اصل آمریکایی (پس کرایه),,282600,271300.0,1.0,,True,2025-08-06 09:51:00,2025-08-10 15:30:49
https://basalam.com/humicacid/product/10342488,کود ازت بالا مایع شوک اصل 42 درصد (اوره) یک لیتری (پس کرایه),,219500,nan,,,True,2025-08-06 09:51:01,2025-08-10 15:31:05
https://basalam.com/humicacid/product/17938162,کود مایع گندم و جو شوک اصل آمریکایی پنج لیتری (پس کرایه),,2305100,nan,,,True,2025-08-06 09:51:02,2025-08-10 15:31:09
https://basalam.com/humicacid/product/7991300,کود مخصوص خیار شوک اصل آمریکایی گالن 20 لیتری (پس کرایه),,2744300,131725.0,20.0,,True,2025-08-06 09:51:03,2025-08-10 15:29:18
https://basalam.com/humicacid/product/10538695,کود 20 لیتری نانو مایع فروت ست شوک اصل آمریکایی (پس کرایه),,2328900,111785.0,20.0,,True,2025-08-06 09:51:04,2025-08-10 15:30:46
https://basalam.com/humicacid/product/3366480,کود فروت ست مایع یک لیتری شوک اصل آمریکایی (پس کرایه),,282600,nan,,,True,2025-08-06 09:51:05,2025-08-10 15:29:15
https://basalam.com/humicacid/product/5383119,کود مخصوص گندم و جو مایع شوک اصل آمریکایی یک لیتری (پس کرایه),,314700,nan,,,True,2025-08-06 09:51:06,2025-08-10 15:29:28
https://basalam.com/humicacid/product/2645724,کود مخصوص هندوانه شوک گالن بیست لیتری اصل (پس کرایه),,2707600,nan,,,True,2025-08-06 09:51:07,2025-08-10 15:30:44
https://basalam.com/humicacid/product/3137610,کود آهن مایع یک لیتری آمریکایی EDTA دوازده درصد (پس کرایه),,270000,nan,,,True,2025-08-06 09:51:08,2025-08-10 15:29:26
https://basalam.com/humicacid/product/16467598,کود فروت ست شوک اصل آمریکایی 20 لیتری (پس کرایه),,2328900,111785.0,20.0,,True,2025-08-06 09:51:09,2025-08-10 15:30:41
https://basalam.com/humicacid/product/18397447,کود مایع، کود مخصوص زعفران اکسپلود 1 لیتری (پس کرایه),,278100,267000.0,1.0,,True,2025-08-06 09:51:10,2025-08-10 15:30:57
https://basalam.com/humicacid/product/3016068,کود گوگرد مایع شوک پنج لیتری آمریکایی 80 درصد (پس کرایه),,1112400,nan,,,True,2025-08-06 09:51:11,2025-08-10 15:31:00
https://basalam.com/humicacid/product/16466631,کود ده ایکس (10X، کود کامل) مایع اصل شوک 1 لیتری (پس کرایه),,283500,272200.0,1.0,,True,2025-08-06 09:51:12,2025-08-10 15:30:30
https://basalam.com/humicacid/product/18396547,کود مولتی کمپلکس مایع اکسپلود 5 لیتری (کامل) (پس کرایه),,936600,179820.0,5.0,,True,2025-08-06 09:51:13,2025-08-10 15:30:36
https://basalam.com/humicacid/product/6018177,کود فولویک اسید شوک اصل آمریکایی گالن 20 لیتری (درصد بالا) (پس کرایه),,2122200,101865.0,20.0,,True,2025-08-06 09:51:14,2025-08-10 15:30:33
https://basalam.com/aernphs/product/20330683,کود کامل الی گرانوله,,1038000,nan,,,True,2025-08-06 09:51:15,2025-08-10 14:44:08
https://basalam.com/parsa_greenspace/product/18106333,کود مایع گیاهان آپارتمانی گرین مکس(بسته دو عددی),,199000,nan,,,True,2025-08-06 09:51:16,2025-08-10 14:44:11
https://basalam.com/irandam/product/14046998,سم سوسک ایکون 10 محصول انگلیس ایکون 10 اصلی سم سوسک کش و سم مورچه ایکون,,29000,nan,,,True,2025-08-06 09:51:17,2025-08-10 14:44:13
https://basalam.com/muscleworm/product/1371426,کود کیسه ای ماسل ورم کد MV020 بسته 20 عددی (پس کرایه),,220000,nan,,,True,2025-08-06 09:51:19,2025-08-10 14:44:16
https://basalam.com/golkhanekochek/product/11045401,کود هیومیک اسید,,55000,nan,,,True,2025-08-06 09:51:20,2025-08-10 14:44:18
https://basalam.com/gyasa/product/15763101,کود مایع غلیظ فسفر پتاسیم GREEN SOUL پنج لیتری,,718000,nan,,,True,2025-08-06 09:51:21,2025-08-10 14:44:21
https://basalam.com/gyasa/product/15768933,کود آهن غلیظ GREEN SOUL پنج لیتری,,718000,nan,,,True,2025-08-06 09:51:22,2025-08-10 14:44:24
https://basalam.com/gyasa/product/15772176,کود ویژه برای افزایش محصول+GREEN SOUL Psoul یک کیلوگرمی,,268000,nan,,,True,2025-08-06 09:51:23,2025-08-10 14:44:26
https://basalam.com/keshavarzikhaksari/product/21281883,کود عصاره جلبک دریایی سیفر استار وارداتی (پس کرایه),,650000,nan,,,True,2025-08-06 09:51:24,2025-08-10 14:44:29
https://basalam.com/keshavarzikhaksari/product/14077912,کود جیرلکس (جیبرلیک اسید مایع) (پس کرایه),,400000,nan,,,True,2025-08-06 09:51:25,2025-08-10 14:44:32
https://basalam.com/tarhokhial/product/6640833,کود تقویت کننده سه بیست مکمل غذایی گل ها و گیاهان آپارتمانی,,120000,nan,,,True,2025-08-06 09:51:26,2025-08-10 14:44:34
https://basalam.com/shire_angour_takestan/product/8197120,سم حشرات آیکون مدل ICON 10 WP جنس عالی بدون بو,,32000,nan,,,True,2025-08-06 09:51:27,2025-08-10 14:44:37
https://basalam.com/gardenyar/product/3574773,کود تخصصی ویژه گیاهان زینتی کالاته آ و کروتون,,75000,nan,,,True,2025-08-06 09:51:28,2025-08-10 14:44:39
https://basalam.com/palizkood/product/18236608,کود جلبک معروف و نام آشنای یونی گلد(UNI GOLD),,688900,nan,,,True,2025-08-06 09:51:29,2025-08-10 14:44:42
https://basalam.com/palizkood/product/18236059,کود نیتروژن بالا 1-0-40 مناسب رشد رویشی و پهن برگی گیاه مدل hyper Xgreen آمریکایی,,145900,nan,,,True,2025-08-06 09:51:30,2025-08-10 14:44:44
https://basalam.com/palizkood/product/18630078,کود ارگانیک گوگرد آلی آلمانی کیوسرت,,269000,nan,,,True,2025-08-06 09:51:31,2025-08-10 14:44:47
https://basalam.com/baharak-kesht/product/15791627,کود کامل 15530 25 کیلویی فرمولایف پس کرایه,,6239110,249564.4,25.0,,True,2025-08-06 09:51:32,2025-08-10 14:44:50
https://basalam.com/athar-market1321/product/23517963,کود کلات سوپر خضرا,,750000,nan,,,True,2025-08-06 09:51:34,2025-08-10 14:44:52
https://basalam.com/liankesht/product/24608329,کود مایع شش عنصر ریز مغذی 90 میل,,66000,nan,,,True,2025-08-06 09:51:35,2025-08-10 14:44:55
https://basalam.com/norouzy/product/5973994,کود مایع کلات آهن,,30000,nan,,,True,2025-08-06 09:51:36,2025-08-10 14:44:58
https://basalam.com/norouzy/product/7664835,گل طبیعی اشک تمساح متوسط و بزرگ سایز گلدان کد 3,,120000,nan,,,True,2025-08-06 09:51:37,2025-08-10 14:45:01
https://basalam.com/pgr-hormon/product/21162457,پک قرص کود جوانه,,90000,nan,,,True,2025-08-06 09:51:38,2025-08-10 14:45:03
https://basalam.com/giah_daru/product/12893685,آکوبا گیاه آکوبا (شمشاد ژاپنی) Aucuba سطل سه و نیم,,197000,nan,,,True,2025-08-06 09:51:39,2025-08-10 14:45:06
https://basalam.com/hambagh/product/24658955,کود فسفر بالا 30 گرمی عمده,,7600000,nan,,,True,2025-08-06 09:51:40,2025-08-10 15:38:43
https://basalam.com/vipplant/product/18920139,کود ویژه کاکتوس(green growth),,75000,nan,,,True,2025-08-06 09:51:41,2025-08-10 14:45:09
https://basalam.com/shirazkesht/product/11313968,کود سولفات منگنز مدل خانگی وزن 50 گرم,,92000,nan,,,True,2025-08-06 09:51:43,2025-08-10 14:45:11
https://basalam.com/shirazkesht/product/11313956,کود بوریک اسید مدل خانگی وزن 50 گرم,,85000,nan,,,True,2025-08-06 09:51:44,2025-08-10 14:45:14
https://basalam.com/shirazkesht/product/11313995,کود سولفات مس مدل خانگی وزن 50 گرم,,93000,nan,,,True,2025-08-06 09:51:45,2025-08-10 14:45:17
https://basalam.com/shirazkesht/product/11313841,کود کامل NPK سه بیست مدل خانگی وزن 100 گرم,,99000,nan,,,True,2025-08-06 09:51:46,2025-08-10 14:45:19
https://basalam.com/shirazkesht/product/11313927,کود مونو پتاسیم فسفات (34-52-0) مدل خانگی وزن 100 گرم,,133000,nan,,,True,2025-08-06 09:51:47,2025-08-10 14:45:22
https://basalam.com/shirazkesht/product/19051972,کود هیدروپونیک توت فرنگی برای 100 لیتر آب,,172000,1720.0,100.0,,True,2025-08-06 09:51:48,2025-08-10 14:45:24
https://basalam.com/shirazkesht/product/18609348,کود محرک رشد بمباردیر شوگر مدل خانگی حجم 100 میلی لیتر,,286000,nan,,,True,2025-08-06 09:51:49,2025-08-10 14:45:27
https://basalam.com/shirazkesht/product/13584259,کود عصاره جلبک دریایی مدل خانگی وزن 50 گرم,,197000,nan,,,True,2025-08-06 09:51:50,2025-08-10 14:45:30
https://basalam.com/shirazkesht/product/19052045,کود هیدروپونیک گیاهان آپارتمانی برای 100 لیتر آب,,179000,1790.0,100.0,,True,2025-08-06 09:51:51,2025-08-10 14:45:32
https://basalam.com/shirazkesht/product/18609110,کود هیومیک اسید مدل خانگی وزن 100 گرم,,279000,nan,,,True,2025-08-06 09:51:52,2025-08-10 14:45:35
https://basalam.com/shirazkesht/product/24007804,قارچ کش و باکتری کش الیت نیم کیلوگرمی خزر سم کود,,685000,nan,,,True,2025-08-06 09:51:53,2025-08-10 14:45:37
https://basalam.com/motorcycleadl/product/9309633,پک کود اقتصادی نگهداری گیاهان آپارتمانی,,450000,nan,,,True,2025-08-06 09:51:54,2025-08-10 15:20:54
https://basalam.com/motorcycleadl/product/9072119,کود سه بیست برند پروتکت نیچر,,110000,nan,,,True,2025-08-06 09:51:55,2025-08-10 15:20:51
https://basalam.com/ghasemzade_agri/product/15448912,کود فسفیت پتاسیم کینگ گلد ایکس گرین,,700000,nan,,,True,2025-08-06 09:51:56,2025-08-10 14:45:43
https://basalam.com/toranjravar/product/16720419,کود فسفیت پتاسیم پیکاتریکس جنوبگان,,300000,nan,,,True,2025-08-06 09:51:57,2025-08-10 14:45:46
https://basalam.com/baharak-kesht/product/15778851,کود میکرومعدنی نوع 6A کیلو گرمی پس کرایه,,684750,nan,,,True,2025-08-06 09:51:58,2025-08-10 14:45:48
https://basalam.com/baharak-kesht/product/15778698,کود کلات آهن و روی بهاران 20 لیتری پس کرایه,,1608540,80427.0,20.0,,True,2025-08-06 09:52:00,2025-08-10 14:45:51
https://basalam.com/baharak-kesht/product/15778645,کود کلات آهن و روی بهاران 4 لیتری پس کرایه,,458990,114747.5,4.0,,True,2025-08-06 09:52:01,2025-08-10 14:45:53
https://basalam.com/baharak-kesht/product/15779052,کود مرغی 20 لیتری چیکوتی پس کرایه,,1884930,94246.5,20.0,,True,2025-08-06 09:52:02,2025-08-10 14:45:56
https://basalam.com/baharak-kesht/product/15798130,کود تیوسولفات پتاسیم 5kts لیتری فرمولایف پس کرایه,,1976230,nan,,,True,2025-08-06 09:52:03,2025-08-10 14:45:59
https://basalam.com/venosflowerr/product/8862698,آمینو اسید گل و گیاه رویال پلنت 125سی سی فوق العاده عالی,,52000,nan,,,True,2025-08-06 09:52:04,2025-08-10 14:46:01
https://basalam.com/niloofar1378/product/16664806,کود ریز مغذی آرامیکس آریا شیمی,,63000,nan,,,True,2025-08-06 09:52:05,2025-08-10 14:46:04
https://basalam.com/basalak1/product/22091690,کود کامل گیاهان 10 ایکس شوک آمریکایی یک لیتری (پس کرایه),,288300,nan,,,True,2025-08-06 09:52:06,2025-08-10 15:29:05
https://basalam.com/basalak1/product/23245176,کود آهن بمب 6 درصد مایع اصل نانو یک لیتری (پس کرایه),,220000,nan,,,True,2025-08-06 09:52:07,2025-08-10 15:27:58
https://basalam.com/basalak1/product/22805306,کود 12ـ12ـ36 مخصوص گلدهی شوک اصل 5 لیتری (پس کرایه),,1216000,231040.0,5.0,,True,2025-08-06 09:52:08,2025-08-10 15:28:30
https://basalam.com/basalak1/product/23245192,کود آهن بمب 6 درصد مایع اصل نانو پنج لیتری (پس کرایه),,830000,nan,,,True,2025-08-06 09:52:09,2025-08-10 15:28:33
https://basalam.com/basalak1/product/8304290,کود مخصوص گیاهان آپارتمانی شوک یک لیتری (پس کرایه),,299200,nan,,,True,2025-08-06 09:52:10,2025-08-10 15:28:41
https://basalam.com/basalak1/product/8304518,کود مخصوص رنگ آوری گوجه فرنگی شوک آمریکایی یک لیتری (پس کرایه ),,261200,nan,,,True,2025-08-06 09:52:11,2025-08-10 15:28:03
https://basalam.com/basalak1/product/20439529,کود مخصوص پسته بمب اصل مایع 5 لیتری (پس کرایه),,1140000,216600.0,5.0,,True,2025-08-06 09:52:12,2025-08-10 15:28:17
https://basalam.com/basalak1/product/23243335,کود کلسیم بمب 34 درصد مایع اصل 20 لیتری (پس کرایه),,2195300,104275.0,20.0,,True,2025-08-06 09:52:13,2025-08-10 15:28:06
https://basalam.com/basalak1/product/20438844,کود کلسیم بور 34 درصد بمب اصل بیست لیتری (پس کرایه),,2137500,nan,,,True,2025-08-06 09:52:14,2025-08-10 15:28:20
https://basalam.com/basalak1/product/22122529,کود ازت بالا مایع شوک اصل 42 درصد 1 لیتری (پس کرایه),,131100,124500.0,1.0,,True,2025-08-06 09:52:16,2025-08-10 15:28:14
https://basalam.com/basalak1/product/22094080,کود فسفیت پتاسیم شوک اصل آمریکایی 1 لیتری (پس کرایه),,286900,272600.0,1.0,,True,2025-08-06 09:52:17,2025-08-10 15:27:56
https://basalam.com/basalak1/product/20439259,کود فول هیومیک اسید 95 درصد بمب اصل 20 لیتری (پس کرایه),,2066200,98145.0,20.0,,True,2025-08-06 09:52:18,2025-08-10 15:28:35
https://basalam.com/basalak1/product/20439553,کود مخصوص پسته بمب اصل مایع 1 لیتری (پس کرایه),,320600,304600.0,1.0,,True,2025-08-06 09:52:19,2025-08-10 15:28:28
https://basalam.com/basalak1/product/22090971,کود هیومیک اسید شوک اصل آمریکایی 20 لیتری (پس کرایه),,2242000,106495.0,20.0,,True,2025-08-06 09:52:20,2025-08-10 15:28:22
https://basalam.com/basalak1/product/23243112,کود هیومیک اسید بمب 95 درصد اصل 20 لیتری (پس کرایه),,2066200,98145.0,20.0,,True,2025-08-06 09:52:21,2025-08-10 15:28:47
https://basalam.com/basalak1/product/23244774,کود سه بیست بمب 20.20.20 اصل 20 لیتری مایع (پس کرایه),,1900000,90250.0,20.0,,True,2025-08-06 09:52:22,2025-08-10 15:28:49
https://basalam.com/basalak1/product/22123577,کود مخصوص گلدهی زعفران شوک اصل آمریکا 5 لیتری (پس کرایه),,1026000,194940.0,5.0,,True,2025-08-06 09:52:23,2025-08-10 15:28:59
https://basalam.com/basalak1/product/22806517,کود ریشه زا 19.63 شوک اصل آمریکایی 20 لیتری مایع(پس کرایه),,2307600,109610.0,20.0,,True,2025-08-06 09:52:25,2025-08-10 15:28:12
https://basalam.com/basalak1/product/22804084,کود فولویک اسید شوک اصل آمریکایی 5 لیتری (پس کرایه),,833000,158280.0,5.0,,True,2025-08-06 09:52:26,2025-08-10 15:29:02
https://basalam.com/basalak1/product/22123988,کود مخصوص گلدهی 12.12.36 شوک اصل20 لیتری (پس کرایه),,2403500,114165.0,20.0,,True,2025-08-06 09:52:27,2025-08-10 15:28:54
https://basalam.com/basalak1/product/22122807,کود رنگ آوری گوجه فرنگی شوک اصل 1 لیتری آمریکایی (پس کرایه),,261200,248100.0,1.0,,True,2025-08-06 09:52:28,2025-08-10 15:28:38
https://basalam.com/basalak1/product/22123696,کود مولتی کمپلکس شوک اصل(ریزمغذی کامل) 5 لیتری (پس کرایه),,1040200,197640.0,5.0,,True,2025-08-06 09:52:29,2025-08-10 15:28:52
https://basalam.com/basalak1/product/22092391,کود مخصوص درخت گردو شوک اصل آمریکایی 1 لیتری (پس کرایه),,266000,252700.0,1.0,,True,2025-08-06 09:52:31,2025-08-10 15:28:01
https://basalam.com/basalak1/product/22090799,کود کامل 10 ایکس شوک مایع اصل آمریکایی 1 لیتری (پس کرایه),,288300,273900.0,1.0,,True,2025-08-06 09:52:32,2025-08-10 15:28:44
https://basalam.com/basalak1/product/7796896,کود کامل 10 ایکس شوک اصل آمریکایی 20 لیتری (پس کرایه ),,2819400,133920.0,20.0,,True,2025-08-06 09:52:33,2025-08-10 15:28:09
https://basalam.com/basalak1/product/7992635,کود ضد سرمازدگی شوک یک لیتری اصل آمریکایی (پس کرایه ),,237500,nan,,,True,2025-08-06 09:52:34,2025-08-10 15:28:25
https://basalam.com/atlasiha/product/23713889,سم کالیبان پودر کیمیا سبزآور 100 گرم,,95000,nan,,,True,2025-08-06 09:52:35,2025-08-10 14:46:06
https://basalam.com/atlasiha/product/23213406,کود جلبک دریایی مایع پروتکت پلنت 500 میلی لیتر,,440000,nan,,,True,2025-08-06 09:52:36,2025-08-10 14:46:09
https://basalam.com/atlasiha/product/23608965,کود ارکیده مایع گرین گروث (گلدهی) 90 میلی لیتر,,55000,nan,,,True,2025-08-06 09:52:37,2025-08-10 14:46:11
https://basalam.com/atlasiha/product/23567794,کود هورمون سیتوکنین مایع پروتکت پلنت 500 میلی لیتر,,450000,nan,,,True,2025-08-06 09:52:38,2025-08-10 14:46:14
https://basalam.com/atlasiha/product/23631658,سم حشره کش (آفت کش) آبامکتین اسپری دکتر پلنت 250 میلی لیتر,,125000,nan,,,True,2025-08-06 09:52:39,2025-08-10 14:46:16
https://basalam.com/atlasiha/product/23113495,کود آهن سولفات (زاج سبز) کریستالون پروتکت پلنت 50 گرم,,90000,nan,,,True,2025-08-06 09:52:40,2025-08-10 14:46:19
https://basalam.com/atlasiha/product/23712307,سم بردوفیکس مایع باغبان تاک 100 میلی لیتر,,100000,nan,,,True,2025-08-06 09:52:41,2025-08-10 14:46:21
https://basalam.com/epic_agricultural_complex/product/11240429,کود رکتیفایر جنوبگان pH,,100000,nan,,,True,2025-08-06 09:52:42,2025-08-10 15:21:13
https://basalam.com/epic_agricultural_complex/product/13640868,کود مولتی پورپلکس گرومور آمریکا,,50000,nan,,,True,2025-08-06 09:52:44,2025-08-10 14:46:24
https://basalam.com/epic_agricultural_complex/product/12642983,کود 105210 ایرانی,,40000,nan,,,True,2025-08-06 09:52:45,2025-08-10 14:46:26
https://basalam.com/epic_agricultural_complex/product/13440928,کود اسید هیومیک پلنت چویس,,900000,nan,,,True,2025-08-06 09:52:46,2025-08-10 14:46:29
https://basalam.com/epic_agricultural_complex/product/12307477,کود مخصوص بنفشه آفریقایی حجم 30سی سی,,35000,nan,,,True,2025-08-06 09:52:47,2025-08-10 14:46:32
https://basalam.com/epic_agricultural_complex/product/12307622,کود فولیار فن فید انگلستان امکس,,40000,nan,,,True,2025-08-06 09:52:48,2025-08-10 14:46:34
https://basalam.com/epic_agricultural_complex/product/12951261,کود 105210باواریا آلمان وزن 250گرمی,,170000,nan,,,True,2025-08-06 09:52:49,2025-08-10 14:46:37
https://basalam.com/epic_agricultural_complex/product/10141205,کود بنفشه آفریقایی پوکون هلند,,300000,nan,,,True,2025-08-06 09:52:50,2025-08-10 14:46:40
https://basalam.com/epic_agricultural_complex/product/19222459,کود مولتی پورپلکس گرمور آمریکا 50سی سی,,87000,nan,,,True,2025-08-06 09:52:51,2025-08-10 14:46:42
https://basalam.com/epic_agricultural_complex/product/20920012,کود کلات آهن 6درصد فورآپ سرای سپند 1 کیلویی,,950000,950000.0,1.0,,True,2025-08-06 09:52:52,2025-08-10 14:46:45
https://basalam.com/epic_agricultural_complex/product/10177263,کود 105210جنوبگان,,245000,nan,,,True,2025-08-06 09:52:53,2025-08-10 15:21:11
https://basalam.com/epic_agricultural_complex/product/22965938,کود سی وید گرومور جلبک دریایی,,1700000,nan,,,True,2025-08-06 09:52:54,2025-08-10 14:46:48
https://basalam.com/epic_agricultural_complex/product/11239873,کود جلبک دریایی سیویکا جنوبگان,,400000,nan,,,True,2025-08-06 09:52:56,2025-08-10 15:21:08
https://basalam.com/epic_agricultural_complex/product/14596350,کود سه بیست 202020باواریا آلمان,,470000,nan,,,True,2025-08-06 09:52:57,2025-08-10 14:46:50
https://basalam.com/afife/product/12167221,کود روی خالص ارگانیک 100 گرمی ( افزایش سبزینگی و گلدهی و میوه و جوانه زنی),,36000,nan,,,True,2025-08-06 09:52:58,2025-08-10 14:46:53
https://basalam.com/golkadh_sedaghati/product/5990805,کود کلات آهن مناسب گلهای که برگاشون و ساقشون ریز شده تعداد هم موجوده,,30000,nan,,,True,2025-08-06 09:52:59,2025-08-10 14:46:55
https://basalam.com/tohfe-organik/product/23951968,قارچ کش و افت کش فلوسیر پس کرایه,,5200000,nan,,,True,2025-08-06 09:53:00,2025-08-10 14:46:58
https://basalam.com/markaz_berke/product/4742879,کود بستر پلنت 8 کیلوگرم اوشن فری,,2450000,306250.0,8.0,,True,2025-08-06 09:53:01,2025-08-10 14:47:01
https://basalam.com/farmingsanat/product/18863447,کودپاش و بذرپاش تراکتوری,,11500000,nan,,,True,2025-08-06 09:53:02,2025-08-10 14:47:03
https://basalam.com/binozhan/product/14936805,کود نیتروزیست (پس کرایه),,650000,nan,,,True,2025-08-06 09:53:03,2025-08-10 14:47:06
https://basalam.com/binozhan/product/14887856,کود میکروژان (پس کرایه),,650000,nan,,,True,2025-08-06 09:53:04,2025-08-10 14:47:08
https://basalam.com/zerafat_shop/product/10470773,کود تقویتی مخصوص گل طاووسی ظرافت وزن 50 گرم,,49000,nan,,,True,2025-08-06 09:53:05,2025-08-10 14:47:11
https://basalam.com/soilarghavan/product/760119,سم، حشره کش و افت کش گیاهان و نهال 60,,50000,nan,,,True,2025-08-06 09:53:07,2025-08-10 14:47:13
https://basalam.com/online_cosmetic/product/21981797,کود مایع آمینو اسید,,48000,nan,,,True,2025-08-06 09:53:08,2025-08-10 14:47:16
https://basalam.com/heliakesht-1403/product/24249246,کود NPK 20.20.20 آرماگرو (تحت لیسانس آلمان),,2273000,nan,,,True,2025-08-06 09:53:09,2025-08-10 14:47:19
https://basalam.com/kood-aslii/product/21287300,کود نانو، کود مولتی کمپلکس شوک 1 لیتری,,288000,288000.0,1.0,,True,2025-08-06 09:53:10,2025-08-10 14:47:21
https://basalam.com/kood-aslii/product/21287312,کود مایع، کود پتاس مایع شوک 20 لیتری,,1950000,97500.0,20.0,,True,2025-08-06 09:53:11,2025-08-10 14:47:24
https://basalam.com/kood-aslii/product/21287307,کود نانو، کود فولیک اسید مایع شوک اصل آمریکایی 5 لیتری,,930000,186000.0,5.0,,True,2025-08-06 09:53:12,2025-08-10 14:47:26
https://basalam.com/kood-aslii/product/21287203,کود نانو، کود زعفران مایع اکسپلود 5 لیتری,,780000,156000.0,5.0,,True,2025-08-06 09:53:13,2025-08-10 14:47:29
https://basalam.com/kood-aslii/product/21287252,کود آهن مایع بمب 20 لیتری,,1710000,85500.0,20.0,,True,2025-08-06 09:53:16,2025-08-10 14:47:31
https://basalam.com/kood-aslii/product/21287251,کود مولتی کمپلکس (مولتی بمب) بمب 1 لیتری,,270000,270000.0,1.0,,True,2025-08-06 09:53:17,2025-08-10 14:47:34
https://basalam.com/kood-aslii/product/21287313,کود ارگانیک، کود پتاس مایع شوک 5 لیتری,,900000,180000.0,5.0,,True,2025-08-06 09:53:18,2025-08-10 14:47:36
https://basalam.com/kood-aslii/product/21287261,کود هیومیک اسید مایع بمب 20 لیتری(فول هیومیک),,1740000,87000.0,20.0,,True,2025-08-06 09:53:19,2025-08-10 14:47:39
https://basalam.com/a3man/product/11285005,سم ابامکتین,,71500,nan,,,True,2025-08-06 09:53:20,2025-08-10 15:42:53
https://basalam.com/sambaire/product/17317362,کود آهن شوک 25درصد اصل آمریکایی 20 لیتری مایع (پس کرایه),,2294000,108965.0,20.0,,True,2025-08-06 09:53:21,2025-08-10 15:31:36
https://basalam.com/sambaire/product/17317787,کود مخصوص رنگ آوری گوجه شوک آمریکایی 20 لیتری (پس کرایه ),,1749300,83090.0,20.0,,True,2025-08-06 09:53:22,2025-08-10 15:31:47
https://basalam.com/sambaire/product/19194714,کود 20 لیتری نانو مایع پتاس بالا شوک(k60) شوک (پس کرایه ),,1730100,82180.0,20.0,,True,2025-08-06 09:53:23,2025-08-10 15:31:25
https://basalam.com/sambaire/product/17325094,کود ریشه زا 19.63 شوک اصل آمریکایی یک لیتری (پس کرایه),,267800,nan,,,True,2025-08-06 09:53:24,2025-08-10 15:32:13
https://basalam.com/sambaire/product/17325425,کود مولتی کمپلکس شوک (ریزمغذی کامل) اصل 1 لیتری (پس کرایه),,287000,272600.0,1.0,,True,2025-08-06 09:53:26,2025-08-10 15:32:05
https://basalam.com/sambaire/product/17325772,کود فولویک اسید شوک اصل آمریکایی 20 لیتری (پس کرایه),,1730100,82180.0,20.0,,True,2025-08-06 09:53:27,2025-08-10 15:31:12
https://basalam.com/sambaire/product/17327910,کود مخصوص پسته شوک مایع اصل آمریکایی 20 لیتری (پس کرایه ),,2755400,130880.0,20.0,,True,2025-08-06 09:53:28,2025-08-10 15:31:28
https://basalam.com/sambaire/product/17317232,کود منگنز شوک اصل 29درصد اصل آمریکایی 5 لیتری (پس کرایه),,935600,177760.0,5.0,,True,2025-08-06 09:53:29,2025-08-10 15:32:10
https://basalam.com/sambaire/product/17328269,کود مخصوص خرما شوک مایع اصل آمریکایی 20 لیتری (پس کرایه),,2499100,118705.0,20.0,,True,2025-08-06 09:53:30,2025-08-10 15:31:30
https://basalam.com/sambaire/product/22209937,کود مخصوص گلدهی 12.12.36 شوک اصل پتاس بالا 5 لیتری (پس کرایه),,1191700,226420.0,5.0,,True,2025-08-06 09:53:31,2025-08-10 15:31:15
https://basalam.com/sambaire/product/17296295,کود کامل 10X شوک اصل آمریکایی یک لیتری (پس کرایه),,288300,nan,,,True,2025-08-06 09:53:32,2025-08-10 15:31:52
https://basalam.com/sambaire/product/17326100,کود کامل سه بیست شوک اصل آمریکایی 1 لیتری (پس کرایه),,256300,243500.0,1.0,,True,2025-08-06 09:53:33,2025-08-10 15:31:41
https://basalam.com/sambaire/product/17314735,کود مس23 درصد شوک اصل آمریکایی پنج لیتری (پس کرایه),,993200,nan,,,True,2025-08-06 09:53:34,2025-08-10 15:32:21
https://basalam.com/sambaire/product/17325809,کود فولویک اسید شوک اصل آمریکایی 1 لیتری (پس کرایه),,221200,210100.0,1.0,,True,2025-08-06 09:53:36,2025-08-10 15:31:38
https://basalam.com/sambaire/product/17344272,کود گندم و جو شوک اصل آمریکایی 20 لیتری (پس کرایه),,2018500,95880.0,20.0,,True,2025-08-06 09:53:37,2025-08-10 15:31:44
https://basalam.com/sambaire/product/19195084,کود فول مکس کمپانی بمب آمریکایی مایع 20 لیتری نانو (پس کرایه),,2691400,127840.0,20.0,,True,2025-08-06 09:53:38,2025-08-10 15:31:33
https://basalam.com/sambaire/product/17325943,کود مخصوص گندم و جو شوک اصل آمریکا 20 لیتری (پس کرایه),,2018500,95880.0,20.0,,True,2025-08-06 09:53:39,2025-08-10 15:31:58
https://basalam.com/sambaire/product/17327318,کود پتاس 95 درصد مایع شوک 20 لیتری اصل (پس کرایه),,2082400,98915.0,20.0,,True,2025-08-06 09:53:40,2025-08-10 15:31:23
https://basalam.com/sambaire/product/17313849,کود اوره شوک 42 درصد اصل 1 لیتری مایع (پس کرایه ),,160200,152200.0,1.0,,True,2025-08-06 09:53:41,2025-08-10 15:31:20
https://basalam.com/sambaire/product/17318617,کود سیلیکات پتاسیم شوک اصل آمریکایی یک لیتری (پس کرایه),,269100,nan,,,True,2025-08-06 09:53:42,2025-08-10 15:31:49
https://basalam.com/sambaire/product/17326831,کود گوگرد مایع شوک 80درصد اصل آمریکایی 20 لیتری (پس کرایه),,2050500,97400.0,20.0,,True,2025-08-06 09:53:43,2025-08-10 15:32:15
https://basalam.com/sambaire/product/17327225,کود کا60 (K60) شوک اصل آمریکایی 20 لیتری (پس کرایه),,1730100,82180.0,20.0,,True,2025-08-06 09:53:44,2025-08-10 15:32:08
https://basalam.com/sambaire/product/16370157,کود کامل ده ایکس شوک گلد اصل 20 لیتری (پس کرایه),,5490000,260775.0,20.0,,True,2025-08-06 09:53:46,2025-08-10 15:31:17
https://basalam.com/sambaire/product/17324448,کود فسفر بالا 10.52.10 شوک اصل آمریکایی 5 لیتری (پس کرایه),,1031600,196000.0,5.0,,True,2025-08-06 09:53:47,2025-08-10 15:31:55
https://basalam.com/sambaire/product/17324725,کود کلسیم بور شوک اصل آمریکایی 20 لیتری مایع (پس کرایه),,1762200,83705.0,20.0,,True,2025-08-06 09:53:48,2025-08-10 15:32:03
https://basalam.com/sambaire/product/17327337,کود پتاس 95 درصد مایع شوک 5 لیتری اصل (پس کرایه),,903400,171640.0,5.0,,True,2025-08-06 09:53:49,2025-08-10 15:32:00
https://basalam.com/sambaire/product/17327042,کود مرغی مایع شوک اصل گالن یک لیتری (پس کرایه),,128200,nan,,,True,2025-08-06 09:53:50,2025-08-10 15:32:18
https://basalam.com/zerafat_shop/product/8594617,کود تقویتی مخصوص گل پریوش ظرافت,,47000,nan,,,True,2025-08-06 09:53:51,2025-08-10 14:47:42
https://basalam.com/zerafat_shop/product/9353650,کود تقویتی مخصوص یونجه ظرافت,,47000,nan,,,True,2025-08-06 09:53:52,2025-08-10 14:47:49
https://basalam.com/zerafat_shop/product/6849266,کود افزایش رشد نیتروژن بالا ( ازت بالا ) NPK 30-10-10 + TE ظرافت مدل KO2767 وزن 50 گرم,,49000,nan,,,True,2025-08-06 09:53:53,2025-08-10 14:47:52
https://basalam.com/zerafat_shop/product/9335746,کود تقویتی مخصوص کنگر فرنگی ( آرتیشو ) ظرافت,,47000,nan,,,True,2025-08-06 09:53:55,2025-08-10 14:47:55
https://basalam.com/zerafat_shop/product/8763774,کود تقویتی مخصوص دراسینا مارگیناتا ( پرچمی ) ظرافت,,47000,nan,,,True,2025-08-06 09:53:56,2025-08-10 14:47:57
https://basalam.com/zerafat_shop/product/7940843,کود تقویتی مخصوص فیکوس ظرافت,,47000,nan,,,True,2025-08-06 09:53:57,2025-08-10 14:48:00
https://basalam.com/zerafat_shop/product/8069854,کود تقویتی مخصوص هویا ( پیچ شمعی ) ظرافت,,47000,nan,,,True,2025-08-06 09:53:58,2025-08-10 14:48:03
https://basalam.com/zerafat_shop/product/8399240,کود تقویتی مخصوص گل گندمی ظرافت,,47000,nan,,,True,2025-08-06 09:54:00,2025-08-10 14:48:05
https://basalam.com/zerafat_shop/product/8238801,کود تقویتی مخصوص فردوس ( سینادنیوم گرانتی ) ظرافت,,47000,nan,,,True,2025-08-06 09:54:01,2025-08-10 14:48:08
https://basalam.com/zerafat_shop/product/10686186,کود تقویتی مخصوص خیار ظرافت وزن 50 گرم,,49000,nan,,,True,2025-08-06 09:54:02,2025-08-10 14:48:10
https://basalam.com/zerafat_shop/product/5178988,کود مایع گل دهی فلاور آمی 125 میلی لیتر,,40000,nan,,,True,2025-08-06 09:54:03,2025-08-10 14:48:13
https://basalam.com/zerafat_shop/product/5139533,کود فسفات آذر سبزینه,,15800,nan,,,True,2025-08-06 09:54:04,2025-08-10 14:48:16
https://basalam.com/zerafat_shop/product/8118632,کود تقویتی مخصوص کالاتیا ظرافت,,47000,nan,,,True,2025-08-06 09:54:05,2025-08-10 14:48:18
https://basalam.com/zerafat_shop/product/8053346,کود تقویتی مخصوص برگ دهی ظرافت,,47000,nan,,,True,2025-08-06 09:54:07,2025-08-10 14:48:21
https://basalam.com/zerafat_shop/product/8577765,کود تقویتی مخصوص گل همیشه بهار ظرافت,,47000,nan,,,True,2025-08-06 09:54:08,2025-08-10 14:48:24
https://basalam.com/zerafat_shop/product/10294660,کود تقویتی مخصوص بادرنجبویه ظرافت وزن 50 گرم,,49000,nan,,,True,2025-08-06 09:54:09,2025-08-10 14:48:26
https://basalam.com/zerafat_shop/product/10674944,کود تقویتی مخصوص پیرگیاه ( زلف پیر ) ظرافت وزن 50 گرم,,49000,nan,,,True,2025-08-06 09:54:11,2025-08-10 14:48:29
https://basalam.com/zerafat_shop/product/9731403,کود تقویتی مخصوص فیلودندرون قرمز ظرافت وزن 50 گرم,,49000,nan,,,True,2025-08-06 09:54:12,2025-08-10 14:48:32
https://basalam.com/zerafat_shop/product/9939393,کود تقویتی مخصوص سانسوریا گلد فلیم ظرافت وزن 50 گرم,,49000,nan,,,True,2025-08-06 09:54:13,2025-08-10 14:48:34
https://basalam.com/zerafat_shop/product/10470913,کود تقویتی مخصوص گل پامچال ظرافت وزن 50 گرم,,49000,nan,,,True,2025-08-06 09:54:14,2025-08-10 14:48:37
https://basalam.com/zerafat_shop/product/9692648,کود تقویتی مخصوص درسنا ظرافت وزن 50 گرم,,49000,nan,,,True,2025-08-06 09:54:16,2025-08-10 14:48:40
https://basalam.com/zerafat_shop/product/8492748,کود تقویتی مخصوص گل طاووسی ظرافت,,47000,nan,,,True,2025-08-06 09:54:17,2025-08-10 14:48:43
https://basalam.com/zerafat_shop/product/8364827,کود تقویتی مخصوص فیلودندرون پاندورافورم ظرافت,,47000,nan,,,True,2025-08-06 09:54:18,2025-08-10 14:48:45
https://basalam.com/zerafat_shop/product/8364873,کود تقویتی مخصوص شمشاد آپارتمانی ظرافت,,47000,nan,,,True,2025-08-06 09:54:19,2025-08-10 14:48:48
https://basalam.com/zerafat_shop/product/9596891,کود تقویتی مخصوص پدیلانتوس ظرافت وزن 50 گرم,,49000,nan,,,True,2025-08-06 09:54:20,2025-08-10 14:48:51
https://basalam.com/zerafat_shop/product/10670792,کود تقویتی مخصوص تاجریزی ظرافت وزن 50 گرم,,49000,nan,,,True,2025-08-06 09:54:21,2025-08-10 14:48:53
https://basalam.com/zerafat_shop/product/10687065,کود تقویتی مخصوص هویج ظرافت وزن 50 گرم,,49000,nan,,,True,2025-08-06 09:54:22,2025-08-10 14:48:56
https://basalam.com/zerafat_shop/product/10698689,کود تقویتی مخصوص کلم بروکسل ظرافت وزن 50 گرم,,49000,nan,,,True,2025-08-06 09:54:24,2025-08-10 14:48:58
https://basalam.com/zerafat_shop/product/8395373,کود تقویتی مخصوص گل شمعدانی ظرافت,,47000,nan,,,True,2025-08-06 09:54:25,2025-08-10 14:49:01
https://basalam.com/zerafat_shop/product/10543114,کود تقویتی مخصوص گل چلچراغ ( عنکبوتی ) ظرافت وزن 50 گرم,,49000,nan,,,True,2025-08-06 09:54:26,2025-08-10 14:49:04
https://basalam.com/zerafat_shop/product/10595130,کود تقویتی مخصوص هانی بری ظرافت وزن 50 گرم,,49000,nan,,,True,2025-08-06 09:54:27,2025-08-10 14:49:06
https://basalam.com/zerafat_shop/product/10605594,کود تقویتی مخصوص اورنج بری ظرافت وزن 50 گرم,,49000,nan,,,True,2025-08-06 09:54:28,2025-08-10 14:49:09
https://basalam.com/zerafat_shop/product/10605805,کود تقویتی مخصوص درخت فوجیا ظرافت وزن 50 گرم,,49000,nan,,,True,2025-08-06 09:54:29,2025-08-10 14:49:11
https://basalam.com/zerafat_shop/product/8724505,کود تقویتی مخصوص گل چینی ظرافت,,47000,nan,,,True,2025-08-06 09:54:30,2025-08-10 14:49:14
https://basalam.com/zerafat_shop/product/9925085,کود تقویتی مخصوص آشلانتوس پالیده ظرافت وزن 50 گرم,,49000,nan,,,True,2025-08-06 09:54:32,2025-08-10 14:49:17
https://basalam.com/zerafat_shop/product/9370306,کود تقویتی مخصوص هندوانه ظرافت,,47000,nan,,,True,2025-08-06 09:54:33,2025-08-10 14:49:19
https://basalam.com/zerafat_shop/product/8885812,کود تقویتی مخصوص درخت فندق ظرافت,,47000,nan,,,True,2025-08-06 09:54:34,2025-08-10 14:49:22
https://basalam.com/zerafat_shop/product/8885832,کود تقویتی مخصوص فیسالیس ( عروسک پشت پرده ) ظرافت,,47000,nan,,,True,2025-08-06 09:54:35,2025-08-10 14:49:24
https://basalam.com/zerafat_shop/product/10737700,کود تقویتی مخصوص فروکاکتوس ظرافت وزن 50 گرم,,49000,nan,,,True,2025-08-06 09:54:36,2025-08-10 14:49:27
https://basalam.com/zerafat_shop/product/9747632,کود تقویتی مخصوص پتوس ساتین ظرافت وزن 50 گرم,,49000,nan,,,True,2025-08-06 09:54:37,2025-08-10 14:49:29
https://basalam.com/zerafat_shop/product/8224469,کود تقویتی مخصوص پول چینی ظرافت,,47000,nan,,,True,2025-08-06 09:54:39,2025-08-10 14:49:32
https://basalam.com/zerafat_shop/product/8256950,کود تقویتی مخصوص گازمانیا ظرافت,,47000,nan,,,True,2025-08-06 09:54:40,2025-08-10 14:49:34
https://basalam.com/zerafat_shop/product/9615615,کود تقویتی مخصوص نخل اریکا ( نخل پروانه ) ظرافت وزن 50 گرم,,49000,nan,,,True,2025-08-06 09:54:41,2025-08-10 14:49:37
https://basalam.com/zerafat_shop/product/10542584,کود تقویتی مخصوص گل تاج الملوک ظرافت وزن 50 گرم,,49000,nan,,,True,2025-08-06 09:54:42,2025-08-10 14:49:39
https://basalam.com/zerafat_shop/product/10592610,کود تقویتی مخصوص فیسالیس ( عروسک پشت پرده ) ظرافت وزن 50 گرم,,49000,nan,,,True,2025-08-06 09:54:43,2025-08-10 14:49:42
https://basalam.com/zerafat_shop/product/10418746,کود تقویتی مخصوص گل سینرر ( سینره ) ظرافت وزن 50 گرم,,49000,nan,,,True,2025-08-06 09:54:44,2025-08-10 14:49:45
https://basalam.com/zerafat_shop/product/10425988,کود تقویتی مخصوص گل گازانیا ظرافت وزن 50 گرم,,49000,nan,,,True,2025-08-06 09:54:45,2025-08-10 14:49:47
https://basalam.com/zerafat_shop/product/9618099,کود تقویتی مخصوص بامبو ظرافت وزن 50 گرم,,49000,nan,,,True,2025-08-06 09:54:47,2025-08-10 14:49:50
https://basalam.com/zerafat_shop/product/9618167,کود مایع پاندانوس ( برگ خنجری ) ظرافت حجم 120 میلی لیتر,,47000,nan,,,True,2025-08-06 09:54:48,2025-08-10 14:49:52
https://basalam.com/zerafat_shop/product/8026195,کود تقویتی مخصوص پرنده بهشتی ( استرلیتزیا ) ظرافت,,47000,nan,,,True,2025-08-06 09:54:49,2025-08-10 14:49:57
https://basalam.com/zerafat_shop/product/8186577,کود تقویتی مخصوص پتوس طلایی ظرافت,,47000,nan,,,True,2025-08-06 09:54:50,2025-08-10 14:49:59
https://basalam.com/zerafat_shop/product/8145550,کود تقویتی مخصوص فیلودندرون بورگاندی ظرافت,,47000,nan,,,True,2025-08-06 09:54:51,2025-08-10 14:50:02
https://basalam.com/zerafat_shop/product/8132658,کود مارانتا ظرافت وزن 50 گرم,,49000,nan,,,True,2025-08-06 09:54:52,2025-08-10 14:50:05
https://basalam.com/zerafat_shop/product/10487561,کود تقویتی مخصوص گل حنا ظرافت وزن 50 گرم,,49000,nan,,,True,2025-08-06 09:54:54,2025-08-10 14:50:07
https://basalam.com/zerafat_shop/product/8236150,کود مارانتا ظرافت حجم 120 میلی لیتر مدل KO19170,,47000,nan,,,True,2025-08-06 09:54:55,2025-08-10 14:50:10
https://basalam.com/zerafat_shop/product/10313158,کود تقویتی مخصوص چمن ظرافت وزن 50 گرم,,49000,nan,,,True,2025-08-06 09:54:56,2025-08-10 14:50:12
https://basalam.com/zerafat_shop/product/7519566,کود مایع آهن فلاور آمی 250 میلی لیتر (بسته 3 عددی),,158000,nan,,,True,2025-08-06 09:54:57,2025-08-10 14:50:15
https://basalam.com/zerafat_shop/product/7519607,کود مایع آهن فلاور آمی 125 میلی لیتر,,36000,nan,,,True,2025-08-06 09:54:58,2025-08-10 14:50:18
https://basalam.com/zerafat_shop/product/10672709,کود تقویتی مخصوص گل گاوزبان ظرافت وزن 50 گرم,,49000,nan,,,True,2025-08-06 09:54:59,2025-08-10 14:50:21
https://basalam.com/zerafat_shop/product/9421686,کود تقویتی مخصوص کاکتوس اچینو ظرافت,,47000,nan,,,True,2025-08-06 09:55:01,2025-08-10 14:50:23
https://basalam.com/zerafat_shop/product/9163137,کود تقویتی مخصوص استنوتافروم ظرافت,,47000,nan,,,True,2025-08-06 09:55:02,2025-08-10 14:50:26
https://basalam.com/zerafat_shop/product/8628029,کود تقویتی مخصوص گل رعنا ظرافت,,47000,nan,,,True,2025-08-06 09:55:03,2025-08-10 14:50:29
https://basalam.com/zerafat_shop/product/8808208,کود تقویتی مخصوص درخت هلو ظرافت,,47000,nan,,,True,2025-08-06 09:55:04,2025-08-10 14:50:31
https://basalam.com/zerafat_shop/product/8543477,کود تقویتی مخصوص گل اسمانتوس ظرافت,,47000,nan,,,True,2025-08-06 09:55:05,2025-08-10 14:50:34
https://basalam.com/zerafat_shop/product/8329996,کود تقویتی مخصوص سانسوریا نیزه آفریقایی ( سانسوریا لوله ای ) ظرافت,,47000,nan,,,True,2025-08-06 09:55:07,2025-08-10 14:50:36
https://basalam.com/zerafat_shop/product/8327982,کود تقویتی مخصوص سانسوریا کانالیکولاتا ظرافت,,47000,nan,,,True,2025-08-06 09:55:09,2025-08-10 14:50:39
https://basalam.com/zerafat_shop/product/8076535,کود تقویتی مخصوص برگ بیدی ظرافت,,47000,nan,,,True,2025-08-06 09:55:10,2025-08-10 14:50:42
https://basalam.com/zerafat_shop/product/9124941,کود تقویتی مخصوص درخت بید ظرافت,,47000,nan,,,True,2025-08-06 09:55:11,2025-08-10 14:50:44
https://basalam.com/zerafat_shop/product/8279331,کود تقویتی مخصوص انواع نخل آپارتمانی ظرافت,,47000,nan,,,True,2025-08-06 09:55:12,2025-08-10 14:50:47
https://basalam.com/zerafat_shop/product/8453687,کود تقویتی مخصوص گل صد تومانی ( پائونیا ، پیونی ) ظرافت,,47000,nan,,,True,2025-08-06 09:55:14,2025-08-10 14:50:50
https://basalam.com/zerafat_shop/product/8752731,کود تقویتی مخصوص پسودرانتموم ظرافت,,47000,nan,,,True,2025-08-06 09:55:15,2025-08-10 14:50:53
https://basalam.com/zerafat_shop/product/8576566,کود تقویتی مخصوص گل ناز فرانسوی ظرافت,,47000,nan,,,True,2025-08-06 09:55:16,2025-08-10 14:50:55
https://basalam.com/zerafat_shop/product/10249134,کود تقویتی مخصوص سانسوریا پتنس ظرافت وزن 50 گرم,,49000,nan,,,True,2025-08-06 09:55:17,2025-08-10 14:50:58
https://basalam.com/zerafat_shop/product/9355747,کود تقویتی مخصوص آمارانس ظرافت,,47000,nan,,,True,2025-08-06 09:55:19,2025-08-10 14:51:00
https://basalam.com/zerafat_shop/product/9430945,کود تقویتی مخصوص فروکاکتوس ظرافت,,47000,nan,,,True,2025-08-06 09:55:20,2025-08-10 14:51:03
https://basalam.com/zerafat_shop/product/10273435,کود تقویتی مخصوص گل چینی ظرافت وزن 50 گرم,,49000,nan,,,True,2025-08-06 09:55:21,2025-08-10 14:51:06
https://basalam.com/zerafat_shop/product/10400971,کود تقویتی مخصوص گل لاله عباسی ظرافت وزن 50 گرم,,49000,nan,,,True,2025-08-06 09:55:22,2025-08-10 14:51:08
https://basalam.com/zerafat_shop/product/10523045,کود تقویتی مخصوص گل نرگس ظرافت وزن 50 گرم,,49000,nan,,,True,2025-08-06 09:55:23,2025-08-10 14:51:11
https://basalam.com/zerafat_shop/product/9288596,کود تقویتی مخصوص بادرنجبویه ظرافت,,47000,nan,,,True,2025-08-06 09:55:25,2025-08-10 14:51:14
https://basalam.com/zerafat_shop/product/9308357,کود تقویتی مخصوص کرفس ظرافت,,47000,nan,,,True,2025-08-06 09:55:26,2025-08-10 14:51:16
https://basalam.com/zerafat_shop/product/9400045,کود تقویتی مخصوص کلم بروکسل ظرافت,,47000,nan,,,True,2025-08-06 09:55:27,2025-08-10 14:51:19
https://basalam.com/zerafat_shop/product/9413882,کود تقویتی مخصوص لوبیا ظرافت,,47000,nan,,,True,2025-08-06 09:55:28,2025-08-10 14:51:21
https://basalam.com/zerafat_shop/product/8148398,کود تقویتی مخصوص فیلودندرون اندریانوم ظرافت,,47000,nan,,,True,2025-08-06 09:55:29,2025-08-10 14:51:24
https://basalam.com/zerafat_shop/product/9361969,کود تقویتی مخصوص توت فرنگی ظرافت,,47000,nan,,,True,2025-08-06 09:55:31,2025-08-10 14:51:27
https://basalam.com/zerafat_shop/product/17349981,کود افزایش رشد نیتروژن بالا ( ازت بالا ) NPK 30-10-10 + TE ظرافت مدل KO2767 وزن 250 گرم,,119000,nan,,,True,2025-08-06 09:55:32,2025-08-10 14:51:29
https://basalam.com/zerafat_shop/product/10713329,کود تقویتی مخصوص لوبیا ظرافت وزن 50 گرم,,49000,nan,,,True,2025-08-06 09:55:33,2025-08-10 14:51:32
https://basalam.com/zerafat_shop/product/10310143,کود تقویتی مخصوص رزماری ظرافت وزن 50 گرم,,49000,nan,,,True,2025-08-06 09:55:34,2025-08-10 14:51:34
https://basalam.com/zerafat_shop/product/10374084,کود تقویتی مخصوص اونیموس ظرافت وزن 50 گرم,,49000,nan,,,True,2025-08-06 09:55:35,2025-08-10 14:51:37
https://basalam.com/zerafat_shop/product/10745197,کود تقویتی مخصوص ساکولنت فنستریا ظرافت وزن 50 گرم,,49000,nan,,,True,2025-08-06 09:55:36,2025-08-10 14:51:39
https://basalam.com/zerafat_shop/product/8650259,کود تقویتی مخصوص گل فریزیا ظرافت,,47000,nan,,,True,2025-08-06 09:55:38,2025-08-10 14:51:42
https://basalam.com/zerafat_shop/product/8604340,کود تقویتی مخصوص گل درخشنده ( اسکابیوزا ) ظرافت,,47000,nan,,,True,2025-08-06 09:55:39,2025-08-10 14:51:44
https://basalam.com/zerafat_shop/product/17397282,کود کامل سیکاس ظرافت مدل KO21340 وزن 250 گرم,,180000,nan,,,True,2025-08-06 09:55:40,2025-08-10 14:51:47
https://basalam.com/zerafat_shop/product/17331370,کود مایع نخل ماداگاسکار ظرافت حجم 250 میلی لیتر,,79000,nan,,,True,2025-08-06 09:55:41,2025-08-10 14:51:50
https://basalam.com/zerafat_shop/product/16934548,کود کامل تقویتی اشک تمساح ( بریوفیلوم ) ظرافت وزن 250 گرم,,149000,nan,,,True,2025-08-06 09:55:42,2025-08-10 14:51:52
https://basalam.com/zerafat_shop/product/17414986,کود نخل مرداب ظرافت مدل KO21349 وزن 100 گرم,,85000,nan,,,True,2025-08-06 09:55:44,2025-08-10 14:51:55
https://basalam.com/zerafat_shop/product/18553637,کود کامل تقویتی فیلودندرون الگانس ظرافت وزن 100 گرم مدل KO21421,,77000,nan,,,True,2025-08-06 09:55:45,2025-08-10 14:51:57
https://basalam.com/zerafat_shop/product/9575240,کود تقویتی مخصوص نخل شامادورا ظرافت وزن 50 گرم,,49000,nan,,,True,2025-08-06 09:55:46,2025-08-10 14:52:00
https://basalam.com/zerafat_shop/product/10276701,کود تقویتی مخصوص پیتسپروم ( میخک ژاپنی ، هندی ) ظرافت وزن 50 گرم,,49000,nan,,,True,2025-08-06 09:55:47,2025-08-10 14:52:04
https://basalam.com/zerafat_shop/product/8936786,کود تقویتی مخصوص پلومریا ظرافت,,47000,nan,,,True,2025-08-06 09:55:48,2025-08-10 14:52:07
https://basalam.com/zerafat_shop/product/10470835,کود تقویتی مخصوص گل نماتانتوس ظرافت وزن 50 گرم,,49000,nan,,,True,2025-08-06 09:55:49,2025-08-10 14:52:09
https://basalam.com/zerafat_shop/product/7562305,کود هیومیک اسید 90 درصد (بسته 3 عددی),,95000,nan,,,True,2025-08-06 09:55:51,2025-08-10 14:52:12
https://basalam.com/zerafat_shop/product/10582739,کود تقویتی مخصوص درخت زیتون ظرافت وزن 50 گرم,,49000,nan,,,True,2025-08-06 09:55:52,2025-08-10 14:52:14
https://basalam.com/zerafat_shop/product/5137479,کود ریز مغذی هربان گروسیف,,15800,nan,,,True,2025-08-06 09:55:53,2025-08-10 14:52:17
https://basalam.com/zerafat_shop/product/9432277,کود تقویتی مخصوص کاکتوس اپونتیا میوه دار ( گلابی خاردار ) ظرافت,,47000,nan,,,True,2025-08-06 09:55:54,2025-08-10 14:52:20
https://basalam.com/zerafat_shop/product/8261007,کود تقویتی مخصوص ایپومیا ظرافت,,47000,nan,,,True,2025-08-06 09:55:55,2025-08-10 14:52:22
https://basalam.com/zerafat_shop/product/10346151,کود تقویتی مخصوص درخت چنار ظرافت وزن 50 گرم,,49000,nan,,,True,2025-08-06 09:55:57,2025-08-10 14:52:25
https://basalam.com/zerafat_shop/product/9566987,کود تقویتی مخصوص گل و گیاهان آپارتمانی ظرافت وزن 50 گرم,,49000,nan,,,True,2025-08-06 09:55:58,2025-08-10 14:52:28
https://basalam.com/zerafat_shop/product/9680215,کود تقویتی مخصوص سیکاس ظرافت وزن 50 گرم,,49000,nan,,,True,2025-08-06 09:55:59,2025-08-10 14:52:30
https://basalam.com/zerafat_shop/product/10743677,کود تقویتی مخصوص کاکتوس مامیلاریا ظرافت وزن 50 گرم,,49000,nan,,,True,2025-08-06 09:56:00,2025-08-10 14:52:33
https://basalam.com/zerafat_shop/product/7536405,کود مایع کامل فلاور آمی 250 میلی لیتر,,50000,nan,,,True,2025-08-06 09:56:01,2025-08-10 14:52:36
https://basalam.com/zerafat_shop/product/8733303,کود تقویتی مخصوص گل حسن یوسف ظرافت,,47000,nan,,,True,2025-08-06 09:56:03,2025-08-10 14:52:38
https://basalam.com/zerafat_shop/product/8592648,کود تقویتی مخصوص گل اطلسی ظرافت,,47000,nan,,,True,2025-08-06 09:56:04,2025-08-10 14:52:41
https://basalam.com/zerafat_shop/product/9732727,کود تقویتی مخصوص هویا کری ابلق ظرافت وزن 50 گرم,,49000,nan,,,True,2025-08-06 09:56:06,2025-08-10 14:52:43
https://basalam.com/zerafat_shop/product/8038068,کود تقویتی مخصوص پدیلانتوس ظرافت,,47000,nan,,,True,2025-08-06 09:56:07,2025-08-10 14:52:46
https://basalam.com/zerafat_shop/product/9119849,کود تقویتی مخصوص درخت سرو ظرافت,,47000,nan,,,True,2025-08-06 09:56:09,2025-08-10 14:52:49
https://basalam.com/zerafat_shop/product/7931858,کود تقویتی مخصوص زاموفیلیا ظرافت,,47000,nan,,,True,2025-08-06 09:56:10,2025-08-10 14:52:51
https://basalam.com/garden_paradise/product/18155204,کاملترین کود کاکتوس,,65000,nan,,,True,2025-08-06 09:56:11,2025-08-10 14:52:54
https://basalam.com/garden_paradise/product/18155088,کود کامل هلندی مخصوص گیاهان آپارتمانی,,65000,nan,,,True,2025-08-06 09:56:12,2025-08-10 14:52:57
https://basalam.com/garden_paradise/product/17594723,کود کامل و تقویت کننده هورمون رشد گل و گیاه,,70000,nan,,,True,2025-08-06 09:56:14,2025-08-10 14:53:00
https://basalam.com/garden_paradise/product/12044490,کود آهن مایع اسپانیایی . (60 سی سی ),,25000,nan,,,True,2025-08-06 09:56:15,2025-08-10 14:53:03
https://basalam.com/garden_paradise/product/11371548,کود زاج سفید (سولفات آلومینیوم ),,60000,nan,,,True,2025-08-06 09:56:16,2025-08-10 14:53:05
https://basalam.com/garden_paradise/product/17623238,کود آفت کش گیاه بدون آسیب رساندن به گیاه (یک عدد),,25000,nan,,,True,2025-08-06 09:56:17,2025-08-10 14:53:08
https://basalam.com/garden_paradise/product/17595404,کود جوانه زنی و گلدهی کلسیم بور,,85000,nan,,,True,2025-08-06 09:56:19,2025-08-10 14:53:10
https://basalam.com/garden_paradise/product/17595150,کود کامل و تقویت کننده گل ارکیده,,60000,nan,,,True,2025-08-06 09:56:20,2025-08-10 14:53:13
https://basalam.com/garden_paradise/product/17991989,کود هیومیک اسید آمریکایی,,50000,nan,,,True,2025-08-06 09:56:21,2025-08-10 14:53:16
https://basalam.com/garden_paradise/product/3759665,کود پتاس بالا مخصوص گلدهی(100گرم ),,60000,nan,,,True,2025-08-06 09:56:22,2025-08-10 14:53:18
https://basalam.com/garden_paradise/product/3759711,کود آهن خارجی برای برگهای زرد و فتوسنتز و تنفس بیشتر گیاه (50 گرمی ),,90000,nan,,,True,2025-08-06 09:56:24,2025-08-10 14:53:21
https://basalam.com/saranice/product/21436357,کود باغچه پلت یک کیلویی (پس کرایه),,358000,nan,,,True,2025-08-06 09:56:25,2025-08-10 14:53:24
https://basalam.com/toranj_fertiliser_pesticide/product/13739454,کود کامل کمپلکس پلاس جنوبگان حجم 5 کیلوگرم,,190000,38000.0,5.0,,True,2025-08-06 09:56:26,2025-08-10 14:53:26
https://basalam.com/toranj_fertiliser_pesticide/product/20192124,کود کامل همراه با مواد آلی هاروانا حجم یک لیتر,,350000,nan,,,True,2025-08-06 09:56:28,2025-08-10 14:53:29
https://basalam.com/toranj_fertiliser_pesticide/product/20191707,کود محرک گلدهی گیاهان هاروانا حجم 100 گرم,,530000,nan,,,True,2025-08-06 09:56:29,2025-08-10 14:53:31
https://basalam.com/toranj_fertiliser_pesticide/product/23372012,کود کلات آهن 6درصد فیتومکس حجم 100 گرم,,65000,nan,,,True,2025-08-06 09:56:30,2025-08-10 14:53:34
https://basalam.com/toranj_fertiliser_pesticide/product/23371937,کود فسفر بالا مدل 6-49-13 فیتومکس حجم 100 گرم,,40000,nan,,,True,2025-08-06 09:56:32,2025-08-10 14:53:36
https://basalam.com/toranj_fertiliser_pesticide/product/7467315,کود ریشه زایی 10-52-10 حجم 100 گرم,,60000,nan,,,True,2025-08-06 09:56:33,2025-08-10 14:53:39
https://basalam.com/toranj_fertiliser_pesticide/product/23247864,کود فورتیکا پتاس بالا جنوبگان حجم یک لیتر,,410000,nan,,,True,2025-08-06 09:56:34,2025-08-10 14:53:42
https://basalam.com/toranj_fertiliser_pesticide/product/6058548,کود کالمکس گلد (کلسیم و آمینواسید) امکس حجم یک لیتر,,1550000,nan,,,True,2025-08-06 09:56:35,2025-08-10 14:53:44
https://basalam.com/toranj_fertiliser_pesticide/product/8928057,کود کلات روی 15 درصد فلوریش حجم یک کیلوگرم,,358000,nan,,,True,2025-08-06 09:56:37,2025-08-10 14:53:47
https://basalam.com/toranj_fertiliser_pesticide/product/15301235,کود مایکوریزا مایکوروت حجم 10 کیلوگرم جهت مصرف برای کاشت نهال و گلدان ها,,1100000,110000.0,10.0,,True,2025-08-06 09:56:38,2025-08-10 14:53:49
https://basalam.com/toranj_fertiliser_pesticide/product/6345148,کود آپارتمانی آی پلنت بسته دو عددی,,300000,nan,,,True,2025-08-06 09:56:39,2025-08-10 14:53:52
https://basalam.com/toranj_fertiliser_pesticide/product/13932182,کود 36-12-12 فلوریش حجم یک کیلوگرم,,389000,nan,,,True,2025-08-06 09:56:40,2025-08-10 14:53:55
https://basalam.com/toranj_fertiliser_pesticide/product/7379947,کود میکرو ریزمغذی فلوریش مدل کمبی حجم یک کیلوگرم,,570000,nan,,,True,2025-08-06 09:56:42,2025-08-10 14:53:57
https://basalam.com/toranj_fertiliser_pesticide/product/19034781,کود آهن 6 درصد همراه با روی فلوریش حجم یک کیلوگرم,,510000,nan,,,True,2025-08-06 09:56:43,2025-08-10 14:54:00
https://basalam.com/toranj_fertiliser_pesticide/product/3546322,کود کامل (پتاس بالا) NPk 12-12-36 زعیم یک کیلوگرم,,300000,25000.0,12.0,,True,2025-08-06 09:56:44,2025-08-10 14:54:03
https://basalam.com/shimifarayand/product/9240627,کود سولفات مس زاج ابی کات کبود مناسب چالکود و محلول پاشی بدون نیترات و برگ سوزی 20 کیلوگرم,,6000000,300000.0,20.0,,True,2025-08-06 09:56:45,2025-08-10 14:54:05
https://basalam.com/golebehesht/product/2400151,پک کاکتوس و اشک تمساح,,22000,nan,,,True,2025-08-06 09:56:47,2025-08-10 14:54:08
https://basalam.com/kod_gol/product/21911293,کود تقویت کننده مایع بامبو (Good plant),,52900,nan,,,True,2025-08-06 09:56:48,2025-08-10 14:54:13
https://basalam.com/sarinalnad/product/11587526,کود جلبک دریایی,,25000,nan,,,True,2025-08-06 09:56:49,2025-08-10 14:54:16
https://basalam.com/sarinalnad/product/13668517,کودهای مخصوص فیکوس (7 عدد) همراه با برنامه کوددهی,,100000,nan,,,True,2025-08-06 09:56:50,2025-08-10 14:54:18
https://basalam.com/keshavarnovin2022/product/4247547,سم سایپرمترین نیم لیتری,,450000,nan,,,True,2025-08-06 09:56:52,2025-08-10 14:54:21
https://basalam.com/keshavarnovin2022/product/23274447,کود جلبک دریایی مارینا آمریکا حجم 1 لیتر,,850000,850000.0,1.0,,True,2025-08-06 09:56:53,2025-08-10 14:54:23
https://basalam.com/sabzonlineshop/product/11054439,کود کاج مطبق تایمکس حجم 150 میلی لیتر ( کود مخصوص کاج ),,69000,nan,,,True,2025-08-06 09:56:54,2025-08-10 14:54:26
https://basalam.com/sabzonlineshop/product/7139975,کود تقویتی مخصوص بنسای با حجم 120 میلی لیتر برند تایمکس,,69000,nan,,,True,2025-08-06 09:56:55,2025-08-10 14:54:28
https://basalam.com/kuud-orginal1/product/21287618,کود نانو، کود فولیک اسید مایع شوک اصل آمریکایی 5 لیتری (پسکرایه),,930000,186000.0,5.0,,True,2025-08-06 09:56:57,2025-08-10 14:54:31
https://basalam.com/kuud-orginal1/product/21287622,کود نانو، کود پتاس مایع شوک1 لیتری (پسکرایه),,240000,240000.0,1.0,,True,2025-08-06 09:56:58,2025-08-10 14:54:34
https://basalam.com/kuud-orginal1/product/21287558,کود آهن مایع بمب 5 لیتری (پسکرایه),,840000,168000.0,5.0,,True,2025-08-06 09:56:59,2025-08-10 14:54:36
https://basalam.com/kuud-orginal1/product/21287609,کود نانو، کود مولتی کمپلکس شوک 1 لیتری (پسکرایه),,288000,288000.0,1.0,,True,2025-08-06 09:57:00,2025-08-10 14:54:39
https://basalam.com/kuud-orginal1/product/21287603,کود مایع، کود مخصوص گوجه فرنگی شوک 5 لیتری (پسکرایه),,990000,198000.0,5.0,,True,2025-08-06 09:57:02,2025-08-10 14:54:42
https://basalam.com/kuud-orginal1/product/21287527,کود مخصوص پسته مایع شوک 20 لیتری (پسکرایه),,3150000,157500.0,20.0,,True,2025-08-06 09:57:03,2025-08-10 14:54:44
https://basalam.com/kuud-orginal1/product/21287601,کود نانو، کود آهن شوک 1 لیتری (پسکرایه),,282000,282000.0,1.0,,True,2025-08-06 09:57:04,2025-08-10 14:54:47
https://basalam.com/kuud-orginal1/product/21287600,کود مایع، کود آهن شوک 5 لیتری (پسکرایه),,1080000,216000.0,5.0,,True,2025-08-06 09:57:05,2025-08-10 14:54:50
https://basalam.com/kuud-orginal1/product/21287566,کود هیومیک اسید مایع بمب 20 لیتری(فول هیومیک) (پسکرایه),,1740000,87000.0,20.0,,True,2025-08-06 09:57:08,2025-08-10 14:54:52
https://basalam.com/kuud-orginal1/product/21287574,کود مایع، کود فسفر 80 درصد مایع شوک 1 لیتری (پسکرایه),,324000,324000.0,1.0,,True,2025-08-06 09:57:09,2025-08-10 14:54:55
https://basalam.com/kuud-orginal1/product/21287567,کود اسید هیومیک مایع بمب 5 لیتری(فول هیومیک) (پسکرایه),,870000,174000.0,5.0,,True,2025-08-06 09:57:10,2025-08-10 14:54:58
https://basalam.com/kuud-orginal1/product/21287457,کود رنگ آوری مایع اکسپلود 5 لیتری,,750000,150000.0,5.0,,True,2025-08-06 09:57:12,2025-08-10 14:55:00
https://basalam.com/kood-takhifi/product/21287765,کود ارگانیک، کود ده ایکس (10X ) شوک 5 لیتری,,1260000,252000.0,5.0,,True,2025-08-06 09:57:13,2025-08-10 14:55:03
https://basalam.com/kood-takhifi/product/21287789,کود فسفر مایع بمب 1 لیتری,,300000,300000.0,1.0,,True,2025-08-06 09:57:14,2025-08-10 14:55:05
https://basalam.com/kood-takhifi/product/21287798,کود مولتی کمپلکس(مولتی بمب)بمب 5 لیتری,,960000,192000.0,5.0,,True,2025-08-06 09:57:15,2025-08-10 14:55:08
https://basalam.com/kood-takhifi/product/21287817,کود مایع، کود فسفر 80 درصد مایع شوک 1 لیتری,,324000,324000.0,1.0,,True,2025-08-06 09:57:17,2025-08-10 14:55:10
https://basalam.com/kood-takhifi/product/21287820,کود کشاورزی، کود نیترات کلسیم مایع 5 لیتری,,1050000,210000.0,5.0,,True,2025-08-06 09:57:18,2025-08-10 14:55:13
https://basalam.com/kood-takhifi/product/21287837,کود مایع، کود سه بیست 20-20-20 شوک 20 لیتری,,2310000,115500.0,20.0,,True,2025-08-06 09:57:19,2025-08-10 14:55:16
https://basalam.com/kood-takhifi/product/21287844,کود مایع، کود مخصوص گوجه فرنگی شوک 5 لیتری,,990000,198000.0,5.0,,True,2025-08-06 09:57:21,2025-08-10 14:55:18
https://basalam.com/kood-takhifi/product/21287839,کود نانو، کود سه بیست 20-20-20 شوک 1 لیتری,,288000,288000.0,1.0,,True,2025-08-06 09:57:22,2025-08-10 14:55:21
https://basalam.com/golkhanh_sang/product/1368728,کود 36 12 12 پتاس,,50000,nan,,,True,2025-08-06 09:57:23,2025-08-10 14:55:24
https://basalam.com/plantsneed/product/9944812,کود فسفر شوک آمریکایی اصل (10.52.10)مایع 20 لیتری,,4795000,239750.0,20.0,,True,2025-08-06 09:57:24,2025-08-10 14:55:26
https://basalam.com/plantsneed/product/7355797,کود کامل 10x شوک آمریکایی اصل مایع 1 لیتری,,420000,420000.0,1.0,,True,2025-08-06 09:57:26,2025-08-10 14:55:29
https://basalam.com/muscleworm/product/2937539,کود پودری هیرو پلاس درختان ماسل ورم 10 لیتری (پس کرایه),,1100000,110000.0,10.0,,True,2025-08-06 09:57:27,2025-08-10 14:55:31
https://basalam.com/muscleworm/product/3930511,کود پودر معجزه 400 گرمی گیاهان آپارتمانی,,210000,nan,,,True,2025-08-06 09:57:28,2025-08-10 14:55:34
https://basalam.com/forsat-andishe/product/21145121,کود مونو پتاسیم فسفات روکا (پس کرایه),,5700000,nan,,,True,2025-08-06 09:57:29,2025-08-10 14:55:37
https://basalam.com/vermikood/product/2777020,قارچکش بردوفیکس 12 عددی (12 عدد یک لیتری) تاریخ تولید جدید است و تا دو سال تاریخ مصرف دارند,,2300000,nan,,,True,2025-08-06 09:57:31,2025-08-10 14:55:39
https://basalam.com/cafegoli/product/23044851,کود تقویت و رشدگیاه هیومیک اسیدبرند کافه گل وزن 80 گرم,,149000,nan,,,True,2025-08-06 09:57:32,2025-08-10 14:55:42
https://basalam.com/tirafel/product/15859498,کود سولفات پتاسیم 51-0-0 برند کوالی مکس 100 گرمی,,35000,nan,,,True,2025-08-06 09:57:33,2025-08-10 14:55:44
https://basalam.com/tirafel/product/15858761,کود جلبک دریایی برند آرمادین کانادایی 100 گرمی,,120000,nan,,,True,2025-08-06 09:57:35,2025-08-10 14:55:47
https://basalam.com/abarplant/product/18573396,کود 20-20-20 هاروانا مدل گرین فول ایج وزن 100 گرم,,99000,nan,,,True,2025-08-06 09:57:36,2025-08-10 14:55:50
https://basalam.com/abarplant/product/18798094,کود محرک رشد هاروانا(100 گرمی),,669000,nan,,,True,2025-08-06 09:57:37,2025-08-10 14:55:52
https://basalam.com/lalokland/product/21123196,گیاه آپارتمانی فیلودندرون بلک (فروش عمده و تک) (پس کرایه),,150000,nan,,,True,2025-08-06 09:57:38,2025-08-10 14:55:55
https://basalam.com/dr_zand/product/15992543,کود ریشه زایی فسفات بالا دکتر زندی بسته بندی پلاستیک,,29100,nan,,,True,2025-08-06 09:57:40,2025-08-10 14:55:58
https://basalam.com/dr_zand/product/15992767,کود گلدهی و میوه دهی پتاس بالا صد گرمی دکتر زندی,,39900,nan,,,True,2025-08-06 09:57:41,2025-08-10 14:56:01
https://basalam.com/dr_zand/product/15992571,کود آهن یک کیلویی دکتر زندی,,89800,nan,,,True,2025-08-06 09:57:42,2025-08-10 14:56:03
https://basalam.com/dr_zand/product/24204157,فرمولاسیون کود کامل npk,,159600,nan,,,True,2025-08-06 09:57:43,2025-08-10 14:56:06
https://basalam.com/dr_zand/product/6151972,کود پتاس نیترات پتاسیم 250 گرمی فله ای مناسب گیاهان آپارتمانی,,53200,nan,,,True,2025-08-06 09:57:45,2025-08-10 14:56:09
https://basalam.com/golden_goldon/product/9831277,کود آمینو اسید . اسید آمینه پودری,,35000,nan,,,True,2025-08-06 09:57:46,2025-08-10 14:27:21
https://basalam.com/microlizestore/product/18439648,کود نانو کود NPK12-12-36+TE میکرولایز بسته بندی خانگی( 50 گرمی),,28000,nan,,,True,2025-08-06 09:57:47,2025-08-10 14:56:12
https://basalam.com/microlizestore/product/18440057,کود نانو کود کلات روی20 درصدمیکرولایز بسته بندی خانگی(50گرمی),,36000,nan,,,True,2025-08-06 09:57:49,2025-08-10 14:56:14
https://basalam.com/microlizestore/product/19103112,کود هیومیک اسید وارداتی میکرولایز,,559000,nan,,,True,2025-08-06 09:57:50,2025-08-10 14:56:17
https://basalam.com/microlizestore/product/18435838,کود نانو کود هیومیک اوره گرانول میکرولایز بسته بندی خانگی(500گرمی),,55000,nan,,,True,2025-08-06 09:57:51,2025-08-10 14:56:21
https://basalam.com/microlizestore/product/18468501,کود نانو کود فسفر 55 درصد میکرولایز,,450000,nan,,,True,2025-08-06 09:57:52,2025-08-10 14:56:24
https://basalam.com/microlizestore/product/18468733,کود نانو کود کلات پتاسیم میکرولایز,,550000,nan,,,True,2025-08-06 09:57:54,2025-08-10 14:56:27
https://basalam.com/microlizestore/product/18469426,کود نانو کود کامل NPK10-52-10+TE میکرولایز,,300000,nan,,,True,2025-08-06 09:57:55,2025-08-10 14:56:29
https://basalam.com/soilarghavan/product/9653101,کود آهن،کلات آهن،کود آهن پودری,,40000,nan,,,True,2025-08-06 09:57:56,2025-08-10 14:56:32
https://basalam.com/keshavarzi_arman/product/24642840,کود سیلیکات پتاسیم 25 مایع (سیلیکون25) گیگاس,,385000,nan,,,True,2025-08-06 09:57:58,2025-08-10 15:25:47
https://basalam.com/ma2shap/product/7950043,سم سوسک کش چغندر سایپرمترین,,75000,nan,,,True,2025-08-06 09:57:59,2025-08-10 14:56:34
https://basalam.com/beyhagh-organic-products/product/14530659,افسنطین با کیفیت عالی، بار امسالی و تازه(100 گرمی ),,203000,nan,,,True,2025-08-06 09:58:00,2025-08-10 14:56:37
https://basalam.com/royagolspadan/product/16493463,پک شش عددی انواع کود گیاهان هزینه ارسال بصورت پسکرایه,,430000,nan,,,True,2025-08-06 09:58:02,2025-08-10 15:26:03
https://basalam.com/letkaco/product/13682296,کود هیومیک اسید و فولویک اسید پودری جنوبگان مدل هیومیسول وزن 1 کیلوگرم,,373800,373800.0,1.0,,True,2025-08-06 09:58:03,2025-08-10 14:56:40
https://basalam.com/kavousianna/product/8289786,سم سایپرمترین مایع,,60000,nan,,,True,2025-08-06 09:58:04,2025-08-10 14:56:43
https://basalam.com/kavousianna/product/20245985,کود اوره فسفات,,230000,nan,,,True,2025-08-06 09:58:05,2025-08-10 14:56:45
https://basalam.com/kavousianna/product/10114749,سم اکسی کلرور مس,,1350000,nan,,,True,2025-08-06 09:58:07,2025-08-10 14:56:48
https://basalam.com/kavousianna/product/8802051,کود سوپر فسفات ساده,,400000,nan,,,True,2025-08-06 09:58:08,2025-08-10 14:56:50
https://basalam.com/kavousianna/product/13264561,سم دلتامترین,,480000,nan,,,True,2025-08-06 09:58:10,2025-08-10 14:56:53
https://basalam.com/kavousianna/product/13304551,کود آهن پودری و گرانول,,550000,nan,,,True,2025-08-06 09:58:12,2025-08-10 14:56:56
https://basalam.com/kavousianna/product/8831219,کود 121236 تحت لیسانس اسپانیا,,2200000,nan,,,True,2025-08-06 09:58:13,2025-08-10 14:56:58
https://basalam.com/koudaram/product/7315542,کود گیاهان آپارتمانی شوک یک لیتری آمریکایی اصل,,350000,nan,,,True,2025-08-06 09:58:14,2025-08-10 14:57:01
https://basalam.com/koudaram/product/7034821,کود گندم و جو شوک یک لیتری آمریکایی اصل,,360000,nan,,,True,2025-08-06 09:58:16,2025-08-10 14:57:03
https://basalam.com/koudaram/product/7648811,کود فولویک اسید شوک پنج لیتری آمریکایی اصل,,1290000,nan,,,True,2025-08-06 09:58:17,2025-08-10 14:57:06
https://basalam.com/koudaram/product/7248354,کود گندم و جو شوک 20 لیتری شوک آمریکایی اصل,,3150000,157500.0,20.0,,True,2025-08-06 09:58:18,2025-08-10 14:57:08
https://basalam.com/koudaram/product/7214475,کود کلسیم شوک 5 لیتری 27 درصد آمریکایی اصل,,1390000,278000.0,5.0,,True,2025-08-06 09:58:19,2025-08-10 14:57:11
https://basalam.com/koudaram/product/9634689,کود فروت ست شوک بیست لیتری آمریکایی اصل (ارسال رایگان ),,3700000,nan,,,True,2025-08-06 09:58:21,2025-08-10 14:57:13
https://basalam.com/koudaram/product/7161226,کود مولتی کمپلکس شوک 1 لیتری آمریکایی اصل,,400000,400000.0,1.0,,True,2025-08-06 09:58:22,2025-08-10 14:57:16
https://basalam.com/koudaram/product/7651469,کود زعفران شوک (مخصوص گلدهی ) 20 لیتری آمریکایی اصل,,3800000,190000.0,20.0,,True,2025-08-06 09:58:23,2025-08-10 14:57:18
https://basalam.com/koudaram/product/6876837,کود فروت ست شوک 5 لیتری آمریکایی اصل,,1500000,300000.0,5.0,,True,2025-08-06 09:58:25,2025-08-10 14:57:21
https://basalam.com/koudaram/product/7651087,کود جلبک دریایی شوک 20 لیتری آمریکایی اصل (کود ضد تنش),,3900000,195000.0,20.0,,True,2025-08-06 09:58:26,2025-08-10 14:57:23
https://basalam.com/koudaram/product/7112123,کود هیومیک اسید شوک 20 لیتری آمریکایی اصل (ارسال رایگان ),,2900000,145000.0,20.0,,True,2025-08-06 09:58:27,2025-08-10 14:57:26
https://basalam.com/koudaram/product/23282372,کود گلدهی شوک بیست لیتری,,3600000,nan,,,True,2025-08-06 09:58:29,2025-08-10 14:57:29
https://basalam.com/koudaram/product/7648730,کود فولویک اسید شوک یک لیتری آمریکایی اصل,,350000,nan,,,True,2025-08-06 09:58:30,2025-08-10 14:57:31
https://basalam.com/mahmoudi31/product/10850822,کود مایع مرغی سان رز (پس کرایه),,1100000,nan,,,True,2025-08-06 09:58:31,2025-08-10 14:57:34
https://basalam.com/sam-tehran/product/23330178,سم آلفا مکس,,5250000,nan,,,True,2025-08-06 09:58:33,2025-08-10 14:57:36
https://basalam.com/sam-tehran/product/21818688,سم پروکپس ترکیه (پس کرایه),,769000,nan,,,True,2025-08-06 09:58:34,2025-08-10 14:57:39
https://basalam.com/alk1/product/24167627,کود پتاس بالا 95درصد شوک 5 لیتری (پس کرایه),,1080000,216000.0,5.0,,True,2025-08-06 09:58:35,2025-08-10 14:57:42
https://basalam.com/alk1/product/24167762,کود جلبک دریایی شوک 20 لیتری (پس کرایه),,2820000,141000.0,20.0,,True,2025-08-06 09:58:37,2025-08-10 14:57:44
https://basalam.com/alk1/product/24194935,کود 10-52-10 شوک 5لیتری (پس کرایه),,1320000,264000.0,5.0,,True,2025-08-06 09:58:38,2025-08-10 14:57:47
https://basalam.com/alk1/product/24167834,کود جلبک دریایی شوک 1 لیتری (پس کرایه),,320000,320000.0,1.0,,True,2025-08-06 09:58:39,2025-08-10 14:57:50
https://basalam.com/haji_abzar/product/16375679,کود مایع کامل کشاورزی ای جی حجم 5 لیتر,,2199000,439800.0,5.0,,True,2025-08-06 09:58:41,2025-08-10 15:47:02
https://basalam.com/khanekeshavarz/product/19206199,کود میکرو سیمبیوکمبی پروفرت ترکیه پاکت 1 کیلویی,,820000,820000.0,1.0,,True,2025-08-06 09:58:42,2025-08-10 14:57:52
https://basalam.com/khanekeshavarz/product/19537622,کود سوپر سوئینگ (کلات عناصر ریز مغذی) جنوبگان,,297000,nan,,,True,2025-08-06 09:58:43,2025-08-10 14:57:55
https://basalam.com/khanekeshavarz/product/19041014,کود آمینو منیزیم میناسول جنوبگان حجم 1 لیتر,,265000,265000.0,1.0,,True,2025-08-06 09:58:45,2025-08-10 14:57:58
https://basalam.com/khanekeshavarz/product/19775216,کود ریشه زا آمینون رای مافا اسپانیا 1 لیتری,,930000,930000.0,1.0,,True,2025-08-06 09:58:46,2025-08-10 14:58:00
https://basalam.com/khanekeshavarz/product/19201991,کود کامل NPK 12-12-36 اگری ترن کیسه 10 کیلویی (پس کرایه),,3300000,330000.0,10.0,,True,2025-08-06 09:58:47,2025-08-10 14:58:03
https://basalam.com/khanekeshavarz/product/23129578,کود سوپر سوئینگ (کلات عناصر ریز مغذی) جنوبگان کیسه 10 کیلوگرمی (پس کرایه),,2600000,260000.0,10.0,,True,2025-08-06 09:58:48,2025-08-10 14:58:05
https://basalam.com/khanekeshavarz/product/22276055,کود عصاره جلبک دریایی موراسپری تتاکو کیلوگرم,,630000,nan,,,True,2025-08-06 09:58:50,2025-08-10 14:58:08
https://basalam.com/khanekeshavarz/product/19775161,کود محرک رشد فورتاسل مافا اسپانیا 1 لیتری,,750000,750000.0,1.0,,True,2025-08-06 09:58:51,2025-08-10 14:58:10
https://basalam.com/khanekeshavarz/product/22599903,کود سیلیس و پتاسیم جنوبگان مدل سیلیکاسول حجم یک لیتر,,305000,nan,,,True,2025-08-06 09:58:52,2025-08-10 14:58:13
https://basalam.com/khanekeshavarz/product/22339498,کود نیترات پتاسیم(NPK 12-3-42) موراسپری تتاکو 1 کیلوگرم,,275000,275000.0,1.0,,True,2025-08-06 09:58:53,2025-08-10 14:58:15
https://basalam.com/khanekeshavarz/product/22339158,کود کامل ان پی کا 10-50-10 NPK موراسپری تتاکو 1 کیلوگرم,,295000,295000.0,1.0,,True,2025-08-06 09:58:55,2025-08-10 14:58:18
https://basalam.com/khanekeshavarz/product/20310030,کود مرغی مایع 20 لیتری چیکوتی (پس کرایه),,1950000,97500.0,20.0,,True,2025-08-06 09:58:56,2025-08-10 14:58:20
https://basalam.com/khanekeshavarz/product/21059219,کود محرک رشد فولویک اسید پودری بنیز 50 گرمی,,45000,nan,,,True,2025-08-06 09:58:57,2025-08-10 14:58:24
https://basalam.com/khanekeshavarz/product/19933013,کود کمپلکس (کامل)نوترازورب مسترگرو,,1370000,nan,,,True,2025-08-06 09:58:59,2025-08-10 14:58:27
https://basalam.com/hakim.farabi/product/15252062,گیاه خرفه با کیفیت عالی، بار امسالی و تازه(750 گرمی ),,713900,nan,,,True,2025-08-06 09:59:00,2025-08-10 15:34:51
https://basalam.com/hakim.farabi/product/15251990,گیاه زوفا با کیفیت عالی، بار امسالی و تازه(750گرمی),,1882000,nan,,,True,2025-08-06 09:59:01,2025-08-10 15:34:54
https://basalam.com/hakim.farabi/product/15252082,گیاه جعفری با کیفیت عالی، بار امسالی و تازه(500گرمی),,517200,nan,,,True,2025-08-06 09:59:03,2025-08-10 15:34:56
https://basalam.com/hakim.farabi/product/15251989,گیاه زوفا با کیفیت عالی، بار امسالی و تازه(500گرمی ),,1235900,nan,,,True,2025-08-06 09:59:04,2025-08-10 15:34:59
https://basalam.com/hakim.farabi/product/15252007,ریشه شیرین بیان با کیفیت عالی، بار امسالی و تازه(500گرمی ),,196400,nan,,,True,2025-08-06 09:59:05,2025-08-10 15:35:02
https://basalam.com/hakim.farabi/product/15252008,ریشه شیرین بیان با کیفیت عالی، بار امسالی و تازه(750گرمی),,312400,nan,,,True,2025-08-06 09:59:07,2025-08-10 15:35:04
https://basalam.com/hakim.farabi/product/15252173,افسنطین با کیفیت عالی، بار امسالی و تازه(750 گرمی ),,1123700,nan,,,True,2025-08-06 09:59:08,2025-08-10 15:35:07
https://basalam.com/hakim.farabi/product/15251961,ریشه سنبل الطیب با کیفیت عالی، بار امسالی و تازه(500گرمی ),,1775200,nan,,,True,2025-08-06 09:59:09,2025-08-10 15:35:09
https://basalam.com/hakim.farabi/product/15251888,گیاه مرزه با کیفیت عالی، بار امسالی و تازه(750گرمی),,757500,nan,,,True,2025-08-06 09:59:11,2025-08-10 15:35:12
https://basalam.com/hakim.farabi/product/15251876,برگ مورینگا با کیفیت عالی، بار امسالی و تازه(500گرمی ),,1695300,nan,,,True,2025-08-06 09:59:13,2025-08-10 15:35:15
https://basalam.com/hakim.farabi/product/15251057,ریشه کاسنی با کیفیت عالی، بار امسالی و تازه(100گرمی ),,125800,nan,,,True,2025-08-06 09:59:14,2025-08-10 15:41:58
https://basalam.com/hakim.farabi/product/15251710,صمغ مرمکی با کیفیت عالی، بار امسالی و تازه(150 گرمی),,1632300,nan,,,True,2025-08-06 09:59:16,2025-08-10 15:42:01
https://basalam.com/hakim.farabi/product/15251633,گیاه مریم گلی با کیفیت عالی، بار امسالی و تازه(200گرمی),,460300,nan,,,True,2025-08-06 09:59:17,2025-08-10 15:42:03
https://basalam.com/hakim.farabi/product/15251603,گیاه کاسنی با کیفیت عالی، بار امسالی و تازه(200گرمی),,175200,nan,,,True,2025-08-06 09:59:18,2025-08-10 15:42:06
https://basalam.com/hakim.farabi/product/15251707,گل اسطوخودوس ایرانی بار امسالی و تازه(200گرمی),,297000,nan,,,True,2025-08-06 09:59:20,2025-08-10 15:42:09
https://basalam.com/hakim.farabi/product/15251520,ریشه خولنجان با کیفیت عالی، بار امسالی و تازه(200گرمی),,671100,nan,,,True,2025-08-06 09:59:21,2025-08-10 15:42:11
https://basalam.com/hakim.farabi/product/15251500,گیاه خار مریم با کیفیت عالی، بار امسالی و تازه(150 گرمی ),,145500,nan,,,True,2025-08-06 09:59:22,2025-08-10 15:42:14
https://basalam.com/hakim.farabi/product/15251714,ریشه شیرین بیان (بدون پوست) بار امسالی و تازه(150گرمی),,191200,nan,,,True,2025-08-06 09:59:24,2025-08-10 15:42:17
https://basalam.com/hakim.farabi/product/15251056,ریشه کاسنی با کیفیت عالی، بار امسالی و تازه(50گرمی ),,82200,nan,,,True,2025-08-06 09:59:25,2025-08-10 15:42:20
https://basalam.com/hakim.farabi/product/15251572,برگ سنا با کیفیت عالی، بار امسالی و تازه(150گرمی),,147900,nan,,,True,2025-08-06 09:59:26,2025-08-10 15:42:22
https://basalam.com/hakim.farabi/product/15251630,گیاه مرزه با کیفیت عالی، بار امسالی و تازه(200گرمی),,332900,nan,,,True,2025-08-06 09:59:28,2025-08-10 15:42:25
https://basalam.com/hakim.farabi/product/15251629,گیاه مرزه با کیفیت عالی، بار امسالی و تازه(150گرمی),,275500,nan,,,True,2025-08-06 09:59:29,2025-08-10 15:42:27
https://basalam.com/hakim.farabi/product/15251901,گل گاو زبان با کیفیت عالی، بار امسالی و تازه(750گرمی),,9107200,nan,,,True,2025-08-06 09:59:30,2025-08-10 15:42:30
https://basalam.com/hakim.farabi/product/15252024,گیاه دم اسب با کیفیت عالی، بار امسالی و تازه(500گرمی ),,420000,nan,,,True,2025-08-06 09:59:32,2025-08-10 15:42:32
https://basalam.com/hakim.farabi/product/15252219,استویا با کیفیت عالی، بار امسالی و تازه(750 گرمی),,3000000,nan,,,True,2025-08-06 09:59:33,2025-08-10 15:42:35
https://basalam.com/hakim.farabi/product/15250871,گل گاو زبان با کیفیت عالی، بار امسالی و تازه(65گرمی),,231000,nan,,,True,2025-08-06 09:59:34,2025-08-10 15:42:37
https://basalam.com/plant.kala/product/15132845,اسپری قارچ کش، ضدبیماری و تقویت کننده گیاه آراد,,120000,nan,,,True,2025-08-06 09:59:36,2025-08-10 14:58:29
https://basalam.com/baharak-kesht/product/24868123,کود کلات منیزیم 1 کیلویی فرمولایف پس کرایه,,701350,701350.0,1.0,,True,2025-08-06 09:59:37,2025-08-10 14:58:32
https://basalam.com/tinashamsabadiy/product/8813896,کود آهن مقدار 30گرم پس کرایه,,50000,nan,,,True,2025-08-06 09:59:39,2025-08-10 15:21:50
https://basalam.com/abbasico94/product/19041720,کود کامل سه بیست npk میلاگرو انقضا 2028,,1250000,nan,,,True,2025-08-06 09:59:40,2025-08-10 15:34:01
https://basalam.com/alpinaflower/product/6454237,کود 20 20 20 TE کود سه بیست دارای ریز مغذی(50 گرم ساخت پرتغال),,59000,nan,,,,2025-08-06 09:59:41,2025-08-06 12:29:36
https://basalam.com/alpinaflower/product/6470390,کود مخصوص سانسوریا,,120000,nan,,,,2025-08-06 09:59:43,2025-08-06 12:29:37
https://basalam.com/abbasico94/product/19234804,کود آهن کلاته راف میلو انقضا 2028,,1250000,nan,,,True,2025-08-06 09:59:44,2025-08-10 15:33:30
https://basalam.com/humicacid/product/17350134,کود 10 ایکس (10X، کود کامل) مایع اصل شوک یک لیتری (پس کرایه),,283500,nan,,,True,2025-08-06 09:59:45,2025-08-10 15:29:31
https://basalam.com/bazrnemooneh/product/17901119,کود مایع آهن بسته بندی 60 سی سی,,46000,nan,,,True,2025-08-06 09:59:47,2025-08-10 14:58:35
https://basalam.com/bazrnemooneh/product/17901098,کود مایع آهن برای انواع گلها و باغچه,,33000,nan,,,True,2025-08-06 09:59:48,2025-08-10 14:58:37
https://basalam.com/toluoesabz/product/22444952,کود مایع مرغی 6-6-10 (پس کرایه),,350000,nan,,,True,2025-08-06 09:59:49,2025-08-10 14:58:40
https://basalam.com/keshavarzbashi/product/14796215,سم سوسک کش کافی 250 میلی لیتر محصول کشاورزباشی - با ارسال رایگان,,550000,nan,,,True,2025-08-06 09:59:51,2025-08-10 15:27:25
https://basalam.com/kudmod1/product/17517439,کود شوک 10x گلد 20 لیتری,,4500000,225000.0,20.0,,True,2025-08-06 09:59:52,2025-08-10 14:58:42
https://basalam.com/bazrnemooneh/product/20175019,سم مایع برای دفع کنه و انگل های خارجی دام,,99000,nan,,,True,2025-08-06 09:59:54,2025-08-10 14:58:45
https://basalam.com/golator/product/21583349,کود گندمی ریسمو سوئیس,,281600,nan,,,True,2025-08-06 09:59:55,2025-08-10 14:58:47
https://basalam.com/golator/product/21520852,کود زامیفولیا ریسمو سوئیس 30 عدد کود قرصی خود حلال,,301400,nan,,,True,2025-08-06 09:59:56,2025-08-10 14:58:50
https://basalam.com/green-mile/product/20019159,کود مایع مخصوص دیفن باخیا 500 میلی لیتر,,190000,nan,,,True,2025-08-06 09:59:58,2025-08-10 14:58:52
https://basalam.com/ndj_com_salhe123/product/22751214,کود مایع مرغی سوپر ویژه عالی,,800000,nan,,,True,2025-08-06 09:59:59,2025-08-10 14:58:55
https://basalam.com/sonnatiteb/product/22149797,گیاه ریش بز (هوم) خشک با کیفیت عالی، بار امسالی و تازه(100گرمی),,59267,nan,,,True,2025-08-06 10:00:00,2025-08-10 14:30:45
https://basalam.com/abbasico94/product/21527795,کود پتاسیم 1236 npk,,500000,nan,,,True,2025-08-06 10:00:02,2025-08-10 15:33:27
https://basalam.com/abbasico94/product/22123640,کود اوره گرانوله دوکیلویی,,200000,nan,,,True,2025-08-06 10:00:03,2025-08-10 15:39:04
https://basalam.com/ericaflowercottage/product/13289544,کود عصاره جلبک دریایی 30 میلی لیتری اسپانیایی BIOALGAX محصول شرکت کیمیتک,,85000,nan,,,True,2025-08-06 10:00:04,2025-08-10 15:27:14
https://basalam.com/ericaflowercottage/product/9027128,کود 25 گرمی 10-52-10 ،مخصوص ریشه، برند گرومور آمریکا، کشور تامین کننده آلمان,,49500,nan,,,True,2025-08-06 10:00:06,2025-08-10 15:27:17
https://basalam.com/golkade_baharnarenj99/product/16586909,کود مخصوص گیاهان آپارتمانی,,27000,nan,,,True,2025-08-06 10:00:07,2025-08-10 14:58:58
https://basalam.com/ariyana_keshavarz/product/21525882,سم حلزون کش متالدهاید یک کیلویی,,300000,nan,,,True,2025-08-06 10:00:08,2025-08-10 15:32:38
https://basalam.com/rasha_drog/product/15213419,ریشه شیرین بیان با کیفیت عالی، بار امسالی و تازه(50گرمی ),,67800,nan,,,True,2025-08-06 10:00:10,2025-08-10 14:59:00
https://basalam.com/rasha_drog/product/15213888,ریشه شیرین بیان (بدون پوست) با کیفیت عالی، بار امسالی و تازه(250 گرمی),,225200,nan,,,True,2025-08-06 10:00:11,2025-08-10 14:59:03
https://basalam.com/rasha_drog/product/15213345,گل گاو زبان با کیفیت عالی، بار امسالی و تازه(100گرمی),,575000,nan,,,True,2025-08-06 10:00:12,2025-08-10 14:59:06
https://basalam.com/rasha_drog/product/15213373,صمغ عربی با کیفیت عالی، بار امسالی و تازه(50گرمی),,85000,nan,,,True,2025-08-06 10:00:14,2025-08-10 14:59:08
https://basalam.com/rasha_drog/product/15213848,صمغ مرمکی با کیفیت عالی، بار امسالی و تازه(200گرمی),,1319000,nan,,,True,2025-08-06 10:00:15,2025-08-10 14:59:11
https://basalam.com/rasha_drog/product/15213897,صمغ مرمکی با کیفیت عالی، بار امسالی و تازه(750گرمی ),,5253100,nan,,,True,2025-08-06 10:00:18,2025-08-10 14:59:13
https://basalam.com/jahanandesh/product/14051066,کود شیمیایی سولفات روی,,650000,nan,,,True,2025-08-06 10:00:20,2025-08-10 14:59:16
https://basalam.com/dashtesabz-shop/product/12244995,کود آهن 6 درصد گرومور,,2150000,nan,,,True,2025-08-06 10:00:21,2025-08-10 14:59:19
https://basalam.com/dashtesabz-shop/product/15392996,کود افزایش گلدهی و باردهی اکورمون فیوچرکو اسپانیا,,1400000,nan,,,True,2025-08-06 10:00:23,2025-08-10 14:59:21
https://basalam.com/dashtesabz-shop/product/15295614,کود آمینو اسید شوک یک لیتری,,525000,nan,,,True,2025-08-06 10:00:24,2025-08-10 14:59:24
https://basalam.com/dashtesabz-shop/product/5092582,کود تقویت ریشه 10-52-10 وزن 100 گرم دشت سبز,,67000,nan,,,True,2025-08-06 10:00:25,2025-08-10 14:59:26
https://basalam.com/dashtesabz-shop/product/12040084,کود مایع ارگانیک نوتریفوس کیمیتک اسپانیا 1 لیتری,,1040000,1040000.0,1.0,,True,2025-08-06 10:00:27,2025-08-10 14:59:29
https://basalam.com/dashtesabz-shop/product/12147442,کود جلبک دریایی سی استار F امکس,,1530000,nan,,,True,2025-08-06 10:00:28,2025-08-10 14:59:31
https://basalam.com/dashtesabz-shop/product/5093100,کود هیومیک اسید و فولیک اسید پودری وزن 100 گرم دشت سبز,,67000,nan,,,True,2025-08-06 10:00:29,2025-08-10 14:59:34
https://basalam.com/dashtesabz-shop/product/12042614,کود کامل 20-50-5 هورتی گرو 10 کیلویی,,6160000,616000.0,10.0,,True,2025-08-06 10:00:31,2025-08-10 14:59:37
https://basalam.com/dashtesabz-shop/product/12041764,کود کامل 20-20-20 کمبی فست 10 کیلویی,,5040000,504000.0,10.0,,True,2025-08-06 10:00:32,2025-08-10 14:59:39
https://basalam.com/dashtesabz-shop/product/12039968,کود منگزینک پلاس کیمیتک اسپانیا 1 لیتری,,960000,960000.0,1.0,,True,2025-08-06 10:00:34,2025-08-10 14:59:42
https://basalam.com/dashtesabz-shop/product/6136563,کود محرک ریشه بیورادیکانت فیوچرکو اسپانیا حجم یک لیتر,,1570000,nan,,,True,2025-08-06 10:00:35,2025-08-10 14:59:45
https://basalam.com/dashtesabz-shop/product/12041169,کود 5-5-30 (ازت بالا) N-EXTRA هورتی گرو 1 کیلویی,,950000,950000.0,1.0,,True,2025-08-06 10:00:36,2025-08-10 14:59:47
https://basalam.com/dashtesabz-shop/product/14103620,کود آمینو اسید دکاموند مدل دکامین حجم 1 لیتر,,616000,616000.0,1.0,,True,2025-08-06 10:00:38,2025-08-10 14:59:50
https://basalam.com/dashtesabz-shop/product/12392513,کود سولوپتاس پتاسل جنوبگان 10 کیلویی,,1350000,135000.0,10.0,,True,2025-08-06 10:00:39,2025-08-10 14:59:52
https://basalam.com/sam_kod_abdolmalaki/product/6801602,کود مونو آمینیوم فسفات زنیت,,8799000,nan,,,True,2025-08-06 10:00:40,2025-08-10 14:59:55
https://basalam.com/gilda1385/product/9508929,کود فولویک اسید گیلدا مدل فولوابن وزن 20 گرم,,90000,nan,,,True,2025-08-06 10:00:42,2025-08-10 14:59:58
https://basalam.com/gilda1385/product/9483078,کود کامل مخصوص بونسای گیلدا وزن 25 گرم,,90000,nan,,,True,2025-08-06 10:00:43,2025-08-10 15:00:01
https://basalam.com/gilda1385/product/9481317,کود کامل مخصوص NPK سانسوریا گیلدا وزن 25 گرم,,90000,nan,,,True,2025-08-06 10:00:44,2025-08-10 15:00:03
https://basalam.com/gilda1385/product/9893114,کود هیومیک اسید گیلدا وزن 20 گرم,,90000,nan,,,True,2025-08-06 10:00:46,2025-08-10 15:00:06
https://basalam.com/gilda1385/product/9892956,کود کامل مخصوص ریشه زایی فسفر 25درصد گیلدا بسته 25 گرمی,,90000,nan,,,True,2025-08-06 10:00:47,2025-08-10 15:00:09
https://basalam.com/dorna_sh/product/8940072,کود فسفر بالا یا 105210 مقدار 30 گرم ارسال بصورت پس کرایه,,35000,nan,,,True,2025-08-06 10:00:49,2025-08-10 15:00:11
https://basalam.com/grapegurd/product/24112079,کود 202020 مایع,,320000,nan,,,True,2025-08-06 10:00:50,2025-08-10 15:00:14
https://basalam.com/cactusnewhome/product/17108799,سینگونیوم پاندا خاص و زیبا (پس کرایه),,380000,nan,,,True,2025-08-06 10:00:51,2025-08-10 15:00:17
https://basalam.com/cud_agri/product/7109597,کود کلسیم 27 درصد شوک آمریکایی گالن 5 لیتری,,1390000,278000.0,5.0,,True,2025-08-06 10:00:53,2025-08-10 15:00:19
https://basalam.com/cud_agri/product/7110102,کود مخصوص گلدهی 121236 شوک آمریکایی گالن 5 لیتری,,1560000,312000.0,5.0,,True,2025-08-06 10:00:54,2025-08-10 15:00:22
https://basalam.com/cud_agri/product/6993746,کود پتاس بالا 60 درصد شوک آمریکایی گالن 5 لیتری,,1250000,250000.0,5.0,,True,2025-08-06 10:00:56,2025-08-10 15:00:24
https://basalam.com/cud_agri/product/7131122,کود مخصوص گلدهی(121236) شوک آمریکایی اصل گالن 20 لیتری,,3600000,180000.0,20.0,,True,2025-08-06 10:00:57,2025-08-10 15:00:29
https://basalam.com/armagnantabeatsabz/product/18709287,کود بیوزینک (روی) محصول شرکت نوید نو,,845000,nan,,,True,2025-08-06 10:00:59,2025-08-10 15:00:31
https://basalam.com/barmakiyan/product/312106,کود طبیعی حیوانی,,50000,nan,,,,2025-08-06 10:01:00,2025-08-06 12:30:57
https://basalam.com/gilsaar.greenhouse/product/21761269,افرا مجنون قرمز ژاپنی یک و نیم متری (مطابق تصویر),,1249000,nan,,,,2025-08-06 10:01:01,2025-08-06 12:30:59
https://basalam.com/s_54/product/14813937,کود 18 18 18 باواریا آلمانی,,6300000,nan,,,True,2025-08-06 10:01:03,2025-08-10 15:00:34
https://basalam.com/ekida-store/product/21798130,کود اسید آمینه هیگروامین برند اکولوژیک تاریم ترکیه (پس کرایه),,690000,nan,,,True,2025-08-06 10:01:04,2025-08-10 15:00:37
https://basalam.com/ekida-store/product/24696878,علفکش ترفلان چینی زرین سم,,752000,nan,,,True,2025-08-06 10:01:06,2025-08-10 15:00:39
https://basalam.com/sayhk_reza/product/19626427,اسپره کود کامل(هزینه ارسال پسکرایه),,70000,nan,,,True,2025-08-06 10:01:07,2025-08-10 15:00:42
https://basalam.com/baranagrico/product/20544690,کود NPK 20 20 20 گرواستار,,55000,nan,,,True,2025-08-06 10:01:08,2025-08-10 15:00:45
https://basalam.com/sarvchemical/product/22652849,کود مرغی مایع، ارسال رایگان، اقساط (30 عددی),,23000000,nan,,,True,2025-08-06 10:01:10,2025-08-10 15:34:04
https://basalam.com/nahalestanred/product/6868160,نهال فوجیا یا فیجوا و یا گواوا آناناسی,,200000,nan,,,True,2025-08-06 10:01:11,2025-08-10 15:00:47
https://basalam.com/keshavarzmarket/product/22901338,کود جلبک دریایی مایع حاصلخیز 250 میلی، با فناوری Xgreen,,256500,nan,,,True,2025-08-06 10:01:13,2025-08-10 15:38:24
https://basalam.com/keshavarzmarket/product/22313638,کود 105210 مایع 250 میلی حاصلخیز با فناوری X-Green,,256500,nan,,,True,2025-08-06 10:01:14,2025-08-10 15:38:27
https://basalam.com/keshavarzmarket/product/21229354,سم حشره کش مالاتیون مزرعه 1 لیتری,,655000,655000.0,1.0,,True,2025-08-06 10:01:16,2025-08-10 15:00:50
https://basalam.com/keshavarzmarket/product/19073539,کود مخصوص گیاه بامبو حاصلخیز با تکنولوژی XGREEN,,120000,nan,,,True,2025-08-06 10:01:17,2025-08-10 15:00:52
https://basalam.com/keshavarzmarket/product/21282303,سم کارباریل 1 کیلوگرمی مزرعه,,679000,679000.0,1.0,,True,2025-08-06 10:01:19,2025-08-10 15:00:55
https://basalam.com/keshavarzmarket/product/21231485,اسپری سم بردوفیکس مزرعه,,145000,nan,,,True,2025-08-06 10:01:20,2025-08-10 15:00:57
https://basalam.com/keshavarzmarket/product/21817246,کود 101010 یک کیلویی حاصلخیز با فناوری XGREEN,,575000,nan,,,True,2025-08-06 10:01:21,2025-08-10 15:01:00
https://basalam.com/keshavarzmarket/product/21455496,کود بیورادیکانت 250 میل حاصلخیز با فناوری XGREEN,,256500,nan,,,True,2025-08-06 10:01:23,2025-08-10 15:38:21
https://basalam.com/keshavarzmarket/product/23817552,کود سبزیجات و صیفی جات 100 میل حاصلخیز با فناوری XGREEN,,120000,nan,,,True,2025-08-06 10:01:26,2025-08-10 15:01:03
https://basalam.com/keshavarzmarket/product/21228506,سم حشره کش و کنه کش روغن ولک مزرعه 1 لیتری,,395000,395000.0,1.0,,True,2025-08-06 10:01:28,2025-08-10 15:01:05
https://basalam.com/mchavoosh/product/8845359,کود فله ایnpk20-20-20 رویشی جهت رشد و نمو گل و گیاه,,55000,2750.0,20.0,,True,2025-08-06 10:01:29,2025-08-10 15:01:08
https://basalam.com/mchavoosh/product/9822109,کود سیلیکا پرایم Moralpin یک کیلویی,,390000,nan,,,True,2025-08-06 10:01:31,2025-08-10 15:01:11
https://basalam.com/mchavoosh/product/9709586,کود فله ای 105210 npk. زیگلر آلمان .فله ای,,96000,nan,,,True,2025-08-06 10:01:32,2025-08-10 15:01:13
https://basalam.com/mchavoosh/product/9709964,کود فله ای 105210 npk. ..,,275000,nan,,,True,2025-08-06 10:01:33,2025-08-10 15:01:16
https://basalam.com/mchavoosh/product/8490659,سم دلتا مترین یک لیتری کاوش,,400000,nan,,,True,2025-08-06 10:01:35,2025-08-10 15:01:18
https://basalam.com/mchavoosh/product/8845310,کود فله ای npk 10-52-10فسفر بالا ایتالیایی جهت ریشه زایی گل و گیاه,,45000,4500.0,10.0,,True,2025-08-06 10:01:36,2025-08-10 15:01:21
https://basalam.com/mchavoosh/product/18601011,کود آهن کلاته 6 درصد فروگان جنوبگان یک کیلویی,,550000,nan,,,True,2025-08-06 10:01:38,2025-08-10 15:01:24
https://basalam.com/mchavoosh/product/9710554,کود فله ای سولوپتاس(سولفات پتاسیم )0.0.52 گما اسپانیا...,,200000,nan,,,True,2025-08-06 10:01:39,2025-08-10 15:01:26
https://basalam.com/mchavoosh/product/9801646,سم ترکیبی قوی و موثر چغندر 100 سی سی جهت از بین بردن سوسک،ساس ،عقرب ،مار و کلیه حشرات موذی,,155000,nan,,,True,2025-08-06 10:01:40,2025-08-10 15:01:29
https://basalam.com/mchavoosh/product/8270373,کود میکرو معدنی بهاران (ریز مغذی)نوع B. شش کیلویی,,473000,nan,,,True,2025-08-06 10:01:42,2025-08-10 15:01:32
https://basalam.com/armansam/product/14978688,کود ریزمغذی ریکو اسپانیایی,,640000,nan,,,True,2025-08-06 10:01:43,2025-08-10 15:01:34
https://basalam.com/kud-orginal/product/19749022,کود فسفر بالا 99درصد شوک(پلاس) امریکایی 20 لیتری,,4100000,205000.0,20.0,,True,2025-08-06 10:01:45,2025-08-10 15:01:37
https://basalam.com/kudbest/product/21270311,کود مولتی کمپلکس(مولتی بمب)بمب 5 لیتری,,960000,192000.0,5.0,,True,2025-08-06 10:01:46,2025-08-10 15:01:39
https://basalam.com/kudbest/product/21270326,کود مایع، کود نیترات کلسیم مایع 20 لیتری شوک,,2280000,114000.0,20.0,,True,2025-08-06 10:01:47,2025-08-10 15:01:42
https://basalam.com/kudbest/product/21270338,کود نانو، کود سیلیکات پتاسیم مایع شوک 1 لیتری,,288000,288000.0,1.0,,True,2025-08-06 10:01:49,2025-08-10 15:01:44
https://basalam.com/kudbest/product/21270367,کود مایع، کود فلوئیک اسید مایع شوک 1 لیتری,,330000,330000.0,1.0,,True,2025-08-06 10:01:50,2025-08-10 15:01:48
https://basalam.com/kudbest/product/21270331,کود نانو، کود کلسیم مایع شوک 1 لیتری,,252000,252000.0,1.0,,True,2025-08-06 10:01:52,2025-08-10 15:01:51
https://basalam.com/khanekeshavarz/product/21436872,کود سولفات پتاسیم جنوبگان کیسه 10 کیلوگرمی (پس کرایه),,1200000,120000.0,10.0,,True,2025-08-06 10:01:53,2025-08-10 15:01:53
https://basalam.com/khanemahi/product/18844312,کود کامل مایع گیاهان آبزی آلیتا,,226000,nan,,,,2025-08-06 10:01:55,2025-08-06 12:31:51
https://basalam.com/cafegoll_com/product/8529605,خاک قلمه گیاهان آپارتمانی 5 لیتری ( کوکوپیت و پرلیت و.) (پس کرایه),,85500,19000.0,5.0,,True,2025-08-06 10:13:25,2025-08-10 13:53:33
https://basalam.com/cafegoll_com/product/8676250,خاک مخصوص زاموفیلیا 5 لیتری (پس کرایه),,85500,19000.0,5.0,,True,2025-08-06 10:13:26,2025-08-10 13:53:30
https://basalam.com/novinkeshtsepahan/product/5565077,خاک کوکوپیت,,55000,nan,,,True,2025-08-06 10:13:28,2025-08-10 13:51:47
https://basalam.com/igool/product/5157926,خاک ورمی کومپوست 1 کیلویی بسیار عالی مناسب برای انواع گیاهان آپارتمانی,,38000,38000.0,1.0,,True,2025-08-06 10:13:29,2025-08-10 13:51:55
https://basalam.com/goldoonbazaar/product/19511048,خاک زاموفیلیا 5 لیتری ملکه,,112000,22400.0,5.0,,True,2025-08-06 10:13:31,2025-08-10 13:52:31
https://basalam.com/cactus_kadehsayeboom/product/10593893,خاک تمام گیاهان آپارتمانی,,99500,nan,,,True,2025-08-06 10:15:47,2025-08-10 13:56:06
https://basalam.com/makanshimi/product/22637842,خاک دیاتومه برای دفع حشرات موزی دربسته بندی 3کیلویی,,450000,150000.0,3.0,,,2025-08-06 11:26:11,2025-08-06 11:51:02
https://basalam.com/koodwood/product/20443051,کود تقویتی و اصلاح کننده خاک بیوچار اسیدی بیرشک ،با پشتیبانی رایگان و ضمانت، 15کیلویی,,1475000,98333.33333333333,15.0,,True,2025-08-06 11:32:02,2025-08-10 14:19:02
https://basalam.com/tillandsia/product/3541850,گیاه هوازی فانکیانا بدون نیاز به خاک,,209900,nan,,,True,2025-08-06 11:32:04,2025-08-10 14:20:02
https://basalam.com/kud-orginal/product/19665142,کود گلدهی 36-12-12 شوک آمریکایی 5 لیتری,,1300000,260000.0,5.0,,True,2025-08-06 12:31:52,2025-08-10 15:01:56
https://basalam.com/kud-orginal/product/19666229,کود سیلیکات پتاسیم شوک 5 لیتری نانو,,1350000,270000.0,5.0,,True,2025-08-06 12:31:54,2025-08-10 15:01:59
https://basalam.com/kud-orginal/product/19746945,کود امینو اسید شوک(پلاس) یک لیتری اصل,,450000,nan,,,True,2025-08-06 12:31:55,2025-08-10 15:02:01
https://basalam.com/kud-orginal/product/19748438,کود مخصوص زعفران شوک(پلاس) 5 لیتری اصل,,1900000,380000.0,5.0,,True,2025-08-06 12:31:57,2025-08-10 15:02:04
https://basalam.com/kud-orginal/product/19748950,کود مخصوص برنج شوک(پلاس) 5 لیتری اصل,,2200000,440000.0,5.0,,True,2025-08-06 12:31:58,2025-08-10 15:02:07
https://basalam.com/kud-orginal/product/19746901,کود امینو اسید 20 لیتری شوک(پلاس),,3500000,175000.0,20.0,,True,2025-08-06 12:32:00,2025-08-10 15:02:09
https://basalam.com/kud-orginal/product/19747405,کود ریشه زایی فسفر شوک(پلاس) یک لیتری,,480000,nan,,,True,2025-08-06 12:32:01,2025-08-10 15:02:12
https://basalam.com/kud-orginal/product/19748861,کود پیاز شوک(پلاس) اصلی امریکایی,,400000,nan,,,True,2025-08-06 12:32:03,2025-08-10 15:02:14
https://basalam.com/kud-orginal/product/19747958,کود سیلیکات پتاسیم شوک(پلاس) نانو یک لیتری,,400000,nan,,,True,2025-08-06 12:32:04,2025-08-10 15:46:31
https://basalam.com/kud-orginal/product/19666091,کود مخصوص گوجه فرنگی شوک 5 لیتری امریکایی,,1250000,250000.0,5.0,,True,2025-08-06 12:32:06,2025-08-10 15:02:17
https://basalam.com/kud-orginal/product/19747278,کود گلدهی 36-12-12 شوک(پلاس) 20 لیتری,,3900000,195000.0,20.0,,True,2025-08-06 12:32:07,2025-08-10 15:02:20
https://basalam.com/kud-orginal/product/19748406,کود نیتروژن 99درصد شوک(پلاس) یک لیتری مایع,,350000,nan,,,True,2025-08-06 12:32:09,2025-08-10 15:02:23
https://basalam.com/kud-orginal/product/19747554,کود جلبک دریایی شوک(پلاس) 5 لیتری نانو,,1700000,340000.0,5.0,,True,2025-08-06 12:32:10,2025-08-10 15:02:25
https://basalam.com/kud-orginal/product/19748919,کود مخصوص گندم شوک(پلاس) امریکایی,,450000,nan,,,True,2025-08-06 12:32:11,2025-08-10 15:02:28
https://basalam.com/rajeh_agriculture/product/13164980,کود آهن آیرون فیکس، محصولی از فیوچراکو اسپانیا، بسته بندی 1 کیلوگرمی,,1450000,1450000.0,1.0,,True,2025-08-06 12:32:13,2025-08-10 15:02:30
https://basalam.com/rajeh_agriculture/product/13402591,کود دفندر آهن، محصولی از فیوچریکو اسپانیا، رفع سریع علائم کمبود آهن در گیاه، بسته بندی 1 لیتری,,1100000,1100000.0,1.0,,True,2025-08-06 12:32:14,2025-08-10 15:02:33
https://basalam.com/rajeh_agriculture/product/19568404,کود دفندر پتاسیم، محصولی از فیوچراکو اسپانیا، کمپلکس با تری کربوکسیلیک اسید، بسته بندی 1 لیتری,,1200000,1200000.0,1.0,,True,2025-08-06 12:32:16,2025-08-10 15:02:38
https://basalam.com/rajeh_agriculture/product/20361417,فسویت k30، کود فسفیت پتاسیم، محصولی از کمیتک اسپانیا، افزایش حجم ریشه، بهبود شکوفه دهی و میوه دهی، بسته بندی 1 لیتری,,1750000,58333.333333333336,30.0,,True,2025-08-06 12:32:17,2025-08-10 15:02:40
https://basalam.com/arshadiarash2020/product/10067028,کود کامل گیاهان آپارتمانی,,30000,nan,,,True,2025-08-06 12:32:18,2025-08-10 15:27:27
https://basalam.com/arshadiarash2020/product/18764915,کود هورمون جیبرلین (پروتکت نیچر اورجینال),,110000,nan,,,True,2025-08-06 12:32:20,2025-08-10 15:27:30
https://basalam.com/arshadiarash2020/product/10066952,کود جلبک دریایی 120 سی سی,,34000,nan,,,True,2025-08-06 12:32:21,2025-08-10 15:27:32
https://basalam.com/arshadiarash2020/product/10067451,کود 12 12 36 (بسته بندی قوطی خانگی),,40000,nan,,,True,2025-08-06 12:32:23,2025-08-10 15:27:35
https://basalam.com/mangrow/product/25004690,کود عصاره جلبک دریایی SWITCH سیکلوز اسپانیا,,1605000,nan,,,True,2025-08-06 12:32:24,2025-08-10 15:02:43
https://basalam.com/foroshgah_markazi/product/5337271,سم سوسک آشپزخانه مخصوص سوسکهای بین کابینیتی تضمینی,,19000,nan,,,True,2025-08-06 12:32:26,2025-08-10 15:27:22
https://basalam.com/roham_cactus/product/16612602,کود سانسوریا تایمکس,,67700,nan,,,True,2025-08-06 12:32:27,2025-08-10 15:02:46
https://basalam.com/roham_cactus/product/16641872,کود مایع TNT 150 میل تایمکس,,67500,nan,,,True,2025-08-06 12:32:29,2025-08-10 15:02:48
https://basalam.com/roham_cactus/product/16760964,کود آمینو اسید پودری 60 گرمی تایمکس,,74250,nan,,,True,2025-08-06 12:32:30,2025-08-10 15:02:51
https://basalam.com/roham_cactus/product/14344123,کود مایع مخصوص بن سای تایمکس با حجم 150 میلی لیتر,,67500,nan,,,True,2025-08-06 12:32:33,2025-08-10 15:02:54
https://basalam.com/sam-kud-bazr/product/23290790,کود کلات میکرو کامل خضراء,,880000,nan,,,True,2025-08-06 12:32:35,2025-08-10 15:02:56
https://basalam.com/sam_kod_lordegan/product/11650301,کود اکورمون محرک رشد و گلدهی، ضد ریزش گل نیم لیتری,,1290000,nan,,,True,2025-08-06 12:32:36,2025-08-10 15:02:59
https://basalam.com/sam_kod_lordegan/product/11655565,کود فسفیمکس(فسفیت پتاسیم) 20-30 یک لیتری,,1375000,nan,,,True,2025-08-06 12:32:38,2025-08-10 15:03:01
https://basalam.com/sam_kod_lordegan/product/13981857,اسپرانتو ادونس- کود کامل همراه ریز مغذی و جلبک,,1165000,nan,,,True,2025-08-06 12:32:40,2025-08-10 15:03:04
https://basalam.com/giahpezshk/product/8282264,کود فروت ست ایرانی پادنا تحت لیسانس کانادا گالن 5 لیتری,,1040500,208100.0,5.0,,True,2025-08-06 12:32:41,2025-08-10 15:03:07
https://basalam.com/giahpezshk/product/11074306,کودnpk پودری اختصاصی زعفران برند فایواستار بلژیک کیفیت ضمانتی و عالی بسته بندی یک کیلوگرمی,,275000,nan,,,True,2025-08-06 12:32:43,2025-08-10 15:03:10
https://basalam.com/giahpezshk/product/17091005,کود npkپودری 202020 گوما یونان کیسه ده کیلوگرمی کود کامل اصل,,3668900,nan,,,True,2025-08-06 12:32:44,2025-08-10 15:03:12
https://basalam.com/giahpezshk/product/7528886,سم موش کش پلت بسته 200 گرمی آنی کار,,220000,nan,,,True,2025-08-06 12:32:46,2025-08-10 15:03:15
https://basalam.com/giahpezshk/product/8268476,سم قارچ کش پنکونازول یا توپاز برای سفیدک سطحی انگور و درختان میوه قوطی 100 سی سی,,230000,nan,,,True,2025-08-06 12:32:47,2025-08-10 15:03:18
https://basalam.com/giahpezshk/product/13400267,کود ریزمغذی مخصوص گیاهان آپارتمانی قوطی 60 سی سی,,55000,nan,,,True,2025-08-06 12:32:49,2025-08-10 15:03:21
https://basalam.com/giahpezshk/product/8309458,سم کنه کش اورتوس یا فن پیروکسی میت قوطی نیم لیتری,,285000,nan,,,True,2025-08-06 12:32:51,2025-08-10 15:03:23
https://basalam.com/giahpezshk/product/8534919,کود مایع مرغی غنی شده سطل 20لیتری,,1500000,75000.0,20.0,,True,2025-08-06 12:32:52,2025-08-10 15:03:26
https://basalam.com/giahpezshk/product/8268530,سم حشره کش و شته کش کنفیدور یا ایمیداکلوپراید سم سیستمیک نیم لیتری,,455000,nan,,,True,2025-08-06 12:32:54,2025-08-10 15:03:29
https://basalam.com/dr_zand/product/9692534,کود اوره کشاورزی نیم کیلویی دکتر زندی کود درجه یک,,25000,nan,,,True,2025-08-06 12:32:55,2025-08-10 15:03:32
https://basalam.com/nooshdaroo99/product/11651116,سم موش 100 عددی (پسکرایه),,2970000,nan,,,True,2025-08-06 12:32:57,2025-08-10 15:03:34
https://basalam.com/nooshdaroo99/product/11651141,سم موش 200 عددی (پسکرایه),,5350000,nan,,,True,2025-08-06 12:32:58,2025-08-10 15:03:37
https://basalam.com/1oo1barg/product/18649477,سم چغندر,,45000,nan,,,True,2025-08-06 12:33:00,2025-08-10 15:03:40
https://basalam.com/rooyesh-sabz/product/18013731,کود تقویتی مخصوص انواع مرکبات هپی پلنت مدل HP445 حجم 120 میلی لیتر,,45000,nan,,,True,2025-08-06 12:33:01,2025-08-10 15:25:28
https://basalam.com/behin_rp400/product/2989071,کود مایع اسید هیومیک و ان پی کا در غلظت مناسب گیاهان خانگی 2 عدد 120 میلی لیتری,,194400,nan,,,True,2025-08-06 12:33:03,2025-08-10 15:03:42
https://basalam.com/behin_rp400/product/3522753,مولتی کود اختصاصی کاکتوس، 8 عنصری، بسته دو عددی,,194400,nan,,,True,2025-08-06 12:33:04,2025-08-10 15:03:45
https://basalam.com/behin_rp400/product/2747729,مجموعه کود کامل مایع مخصوص گل پتوس مدل گلبان کود سه عددی حجم کل 660 میلی لیتر,,211500,nan,,,True,2025-08-06 12:33:06,2025-08-10 15:03:48
https://basalam.com/behin_rp400/product/2747736,کود کامل مایع مخصوص سانسوریا مدل بهین رشد مجموعه دو عددی حجم کل240 میلی لیتر,,199300,nan,,,True,2025-08-06 12:33:08,2025-08-10 15:03:50
https://basalam.com/behin_rp400/product/3522925,کود مایع NPK20-20-20 بسته دو عددی,,194400,nan,,,True,2025-08-06 12:33:09,2025-08-10 15:03:53
https://basalam.com/behin_rp400/product/3943031,کود مایع اختصاصی گیاه لیندا مدل Danesh Sabz حجم 120 میلی لیتری بسته 8 تایی,,305800,nan,,,True,2025-08-06 12:33:11,2025-08-10 15:03:55
https://basalam.com/behin_rp400/product/3943198,کود مایع اختصاصی آدنیوم مدل Danesh Sabz حجم 120 میلی لیتری بسته 8 تایی,,305800,nan,,,True,2025-08-06 12:33:12,2025-08-10 15:03:58
https://basalam.com/behin_rp400/product/3944116,کود مایع اختصاصی درسنا کامپکت مدل Danesh Sabz حجم 120 میلی لیتری بسته 8 تایی,,305800,nan,,,True,2025-08-06 12:33:13,2025-08-10 15:04:01
https://basalam.com/behin_rp400/product/3944190,مجموعه کودی پاپیتال وNPK و هیومیک و کود آهن مدل Danesh PK حجم 120 بسته 4تایی,,228700,nan,,,True,2025-08-06 12:33:15,2025-08-10 15:04:04
https://basalam.com/behin_rp400/product/3944273,مجموعه کودی سانسوریا کراواتی وNPK و هیومیک و کود آهن مدل PK حجم 120 بسته 4تایی,,228700,nan,,,True,2025-08-06 12:33:16,2025-08-10 15:04:06
https://basalam.com/behin_rp400/product/3944278,مجموعه سانسوریا کود وNPK و هیومیک و کود آهن مدل Danesh PK حجم 120 بسته 4تایی,,228700,nan,,,True,2025-08-06 12:33:18,2025-08-10 15:04:09
https://basalam.com/behin_rp400/product/2983631,کود مایع مخصوص برگ دهی پتوس بسته سه عددی حجم هر ظرف 100 میلی لیتر,,211500,nan,,,True,2025-08-06 12:33:19,2025-08-10 15:04:12
https://basalam.com/behin_rp400/product/2983644,کود مایع مخصوص شمعدانی بسته سه عددی حجم هر ظرف 100 میلی لیتر,,211500,nan,,,True,2025-08-06 12:33:21,2025-08-10 15:04:14
https://basalam.com/behin_rp400/product/2988818,کود قطره مایع آسان مصرف مخصوص پتوس بسته سه عددی حجم هر ظرف 100 میلی لیتر,,211500,nan,,,True,2025-08-06 12:33:22,2025-08-10 15:04:17
https://basalam.com/behin_rp400/product/3522493,کود کامل و اختصاصی بامبو، بسته سه عددی,,228700,nan,,,True,2025-08-06 12:33:24,2025-08-10 15:04:20
https://basalam.com/behin_rp400/product/3522503,کود کامل و اختصاصی آدنیوم، بسته سه عددی,,211500,nan,,,True,2025-08-06 12:33:25,2025-08-10 15:04:22
https://basalam.com/behin_rp400/product/3522505,کود کامل و اختصاصی بنت القنسول، بسته سه عددی,,211500,nan,,,True,2025-08-06 12:33:27,2025-08-10 15:04:25
https://basalam.com/behin_rp400/product/3522525,کود کامل و اختصاصی گندمی، بسته سه عددی,,211500,nan,,,True,2025-08-06 12:33:28,2025-08-10 15:04:28
https://basalam.com/behin_rp400/product/3522564,کود کامل و اختصاصی ریشه زایی پتوس، بسته سه عددی,,211500,nan,,,True,2025-08-06 12:33:30,2025-08-10 15:04:31
https://basalam.com/behin_rp400/product/3522581,مولتی کود غنی شده با هیومیک اسید، بسته سه عددی,,228700,nan,,,True,2025-08-06 12:33:31,2025-08-10 15:04:33
https://basalam.com/behin_rp400/product/3522606,پک کودی پتوس، سه مرحله ای،,,211500,nan,,,True,2025-08-06 12:33:33,2025-08-10 15:04:36
https://basalam.com/behin_rp400/product/3522795,مولتی کود اختصاصی بنت القنسول، بسته دو عددی,,194400,nan,,,True,2025-08-06 12:33:34,2025-08-10 15:04:39
https://basalam.com/behin_rp400/product/3522839,مولتی کود اختصاصی فیکوس، بسته دو عددی,,194400,nan,,,True,2025-08-06 12:33:36,2025-08-10 15:04:41
https://basalam.com/behin_rp400/product/3522823,مولتی کود اختصاصی درسنا، بسته دو عددی,,194400,nan,,,True,2025-08-06 12:33:37,2025-08-10 15:04:44
https://basalam.com/behin_rp400/product/3522620,مولتی کود پتوس، 8 عنصره، بسته سه عددی,,211500,nan,,,True,2025-08-06 12:33:39,2025-08-10 15:04:49
https://basalam.com/saeedgol/product/22236815,کود اسید هیومیک فیروزه,,30000,nan,,,True,2025-08-06 12:33:40,2025-08-10 15:43:57
https://basalam.com/saeedgol/product/22236215,کود آهن 80 گرمی ملکه,,132000,nan,,,True,2025-08-06 12:33:42,2025-08-10 15:04:52
https://basalam.com/saeedgol/product/22236777,کود گلدهی (36-12-12) فیروزه,,30000,nan,,,True,2025-08-06 12:33:43,2025-08-10 15:34:12
https://basalam.com/saeedgol/product/22236446,کود کاکتوس و ساکولنت 80 گرمی ملکه,,95000,nan,,,True,2025-08-06 12:33:45,2025-08-10 15:04:54
https://basalam.com/saeedgol/product/22236697,کود نیترات کلسیم فیروزه,,30000,nan,,,True,2025-08-06 12:33:48,2025-08-10 15:43:26
https://basalam.com/saeedgol/product/22236148,کود آمینو اسید مایع ملکه,,115000,nan,,,True,2025-08-06 12:33:49,2025-08-10 15:04:57
https://basalam.com/saeedgol/product/22236470,کود رشد سه بیست (20 20 20) 80 گرمی ملکه,,95000,nan,,,True,2025-08-06 12:33:51,2025-08-10 15:04:59
https://basalam.com/noghli_market/product/15465965,کود مایع کلسیم کود کلسیم ضد ریزش برگ ضد نوک سوزی برگ ضد بد شکلی برگ و میوه,,94000,nan,,,True,2025-08-06 12:33:52,2025-08-10 15:05:02
https://basalam.com/noghli_market/product/5681503,سم قارچکش اسپری برای سفیدک پودری و لکه های سیاه و کپک خاکستری گیاهان,,66000,nan,,,True,2025-08-06 12:33:54,2025-08-10 15:05:05
https://basalam.com/khakdaneh/product/23463585,تجزیه گر کود دامی( جهت پوساندن تک 10 تُنی کود حیوانی),,3300000,nan,,,True,2025-08-06 12:33:55,2025-08-10 15:05:07
https://basalam.com/delvin1400/product/23948137,سم مارمولک کش اکوشام 4 لیتری اورجینال ارسال رایگان,,2100000,525000.0,4.0,,True,2025-08-06 12:33:57,2025-08-10 15:05:10
https://basalam.com/pharma_gene/product/12729388,کود NPK سه بیست ژله ای 1 لیتری,,299000,299000.0,1.0,,True,2025-08-06 12:33:58,2025-08-10 15:05:12
https://basalam.com/feloor1/product/20968102,کود پودری فروت ست سبز آرین,,175000,nan,,,,2025-08-06 12:34:00,2025-08-06 12:34:00
https://basalam.com/nikobazrir/product/13000969,سم قارچ کش پلاس نیکوبذر (گرم بالا),,49000,nan,,,True,2025-08-06 12:34:01,2025-08-10 15:39:12
https://basalam.com/vermikood/product/10789898,کود فروت ست مایع،یک لیتری،حاوی عناصر ریز مغذی(برای افزایش محصول),,270000,nan,,,True,2025-08-06 12:34:03,2025-08-10 15:12:46
https://basalam.com/hypersabz/product/24596719,کود مایع هورمون ریشه زایی 200cc,,79000,nan,,,,2025-08-06 12:34:04,2025-08-06 12:34:04
https://basalam.com/kod_gol/product/14517217,کود جلبک هیومیک، بمب انرژی 2 رویش سبز،کود ضدتنش,,49000,nan,,,True,2025-08-06 12:34:05,2025-08-10 14:30:31
https://basalam.com/metaabzariran/product/2987566,سم حشرات آیکون مدل ICON 10 WP برند جهانی - بدون بو,,20000,nan,,,,2025-08-06 12:34:07,2025-08-06 12:34:07
https://basalam.com/plant-protection/product/24468034,سم علف کش پاراکوات گیتا شیمی (چینی) 1 لیتری,,795400,776000.0,1.0,,True,2025-08-06 12:34:08,2025-08-10 15:32:43
https://basalam.com/arjagriculture/product/16079707,سم حشره کش دیکلرووس 50 درصد 1 لیتر,,577500,577500.0,1.0,,True,2025-08-06 12:34:10,2025-08-10 15:12:48
https://basalam.com/daneshmandekouchak/product/6560929,کود مایع 20 20 20 دانشمند کوچک مدل اکولایف حجم 120 میلی لیتر,,40000,nan,,,True,2025-08-06 12:34:11,2025-08-10 15:08:39
https://basalam.com/daneshmandekouchak/product/6560033,کود مایع کاکتوس دانشمند کوچک مدل اکولایف حجم 120 میلی لیتر,,40000,nan,,,True,2025-08-06 12:34:13,2025-08-10 15:08:42
https://basalam.com/nazhland_agri_isf/product/8469699,سم قارچ کش سیستمیک پنکونازول ( توپاس) 150 سی سی پرتونار,,180000,nan,,,True,2025-08-06 12:34:14,2025-08-10 15:08:44
https://basalam.com/nazhland_agri_isf/product/6186736,کود NPK 10 52 10 وُپروفرت دو کیلویی,,630000,nan,,,True,2025-08-06 12:34:16,2025-08-10 15:08:47
https://basalam.com/iranfarmer/product/16317750,کود فیش میکس بایوبیز مخصوص دوره رشد,,600000,nan,,,True,2025-08-06 12:34:17,2025-08-10 15:08:50
https://basalam.com/plant.kala/product/4472302,سم موریانه پیل پودری محلول در آب,,120000,nan,,,True,2025-08-06 12:34:19,2025-08-10 15:08:52
https://basalam.com/plant.kala/product/10103748,کود فروت ست مایع لرد ایکس گرین حجم 1 لیتر,,350000,350000.0,1.0,,True,2025-08-06 12:34:20,2025-08-10 15:08:55
https://basalam.com/plant.kala/product/14916247,سم مالاتیون 1 لیتر,,600000,600000.0,1.0,,True,2025-08-06 12:34:22,2025-08-10 15:08:58
https://basalam.com/plant.kala/product/15916627,کود کلات مس یک کیلویی شرکت مهر پاسارگاد,,450000,nan,,,True,2025-08-06 12:34:23,2025-08-10 15:09:01
https://basalam.com/sonnatiteb/product/22149795,گیاه ریش بز (هوم) خشک با کیفیت عالی، بار امسالی و تازه(500گرمی),,183815,nan,,,True,2025-08-06 12:34:25,2025-08-10 15:43:16
https://basalam.com/basalak1/product/22091905,کود پتاس بالا شوک 60 درصد اصل آمریکایی1 لیتری (پس کرایه),,228000,216600.0,1.0,,True,2025-08-06 12:34:26,2025-08-10 15:47:18
https://basalam.com/keshavaezkala/product/24574813,سم علف کش گلایفوزیت (رانداپ) 41درصد مایع 1 لیتری,,495000,495000.0,1.0,,True,2025-08-06 12:34:28,2025-08-10 15:09:03
https://basalam.com/keshavaezkala/product/24541463,سم علف کش گلایفوزیت (رانداپ) فاراد 1 لیتری,,485000,485000.0,1.0,,True,2025-08-06 12:34:29,2025-08-10 15:39:18
https://basalam.com/keshavaezkala/product/24541293,سم علف کش تری بنورون متیل (گرانستار) 50 گرمی,,92000,nan,,,True,2025-08-06 12:34:30,2025-08-10 15:09:27
https://basalam.com/keshavaezkala/product/24535238,سم قارچ کش پروپیکونازول 25 درصد مایع (تیلت) 0.5 لیتری,,370000,nan,,,True,2025-08-06 12:34:32,2025-08-10 15:09:30
https://basalam.com/caseshik/product/21891441,کود سیلیکات کلسیم یا کلسیل,,390000,nan,,,True,2025-08-06 12:34:33,2025-08-10 15:42:45
https://basalam.com/keshtsam/product/7721837,کود میکروانرژیک اسپانیایی - 750 گرمی (پس کرایه),,1440000,nan,,,True,2025-08-06 12:34:35,2025-08-10 15:12:51
https://basalam.com/keshtsam/product/7707019,کود مایع گرین میکس اسپانیایی - 1 لیتری (پس کرایه),,750000,750000.0,1.0,,True,2025-08-06 12:34:36,2025-08-10 15:12:54
https://basalam.com/royagolspadan/product/16574047,آلوکازیا آمازونیکا Alocasia Amazonica هزینه ارسال بصورت پس کرایه و بعهده مشتری می باشد,,395000,nan,,,True,2025-08-06 12:34:38,2025-08-10 15:26:05
https://basalam.com/reyhan_giyah_products/product/20955966,گیاه گزنه با کیفیت عالی، بار امسالی و تازه(50گرمی ),,50825,nan,,,True,2025-08-06 12:34:39,2025-08-10 15:37:10
https://basalam.com/keshavarzimood/product/21275812,کود ریشه زایی فلوریش آمریکا(10-52-10),,49000,nan,,,True,2025-08-06 12:34:40,2025-08-10 15:09:38
https://basalam.com/keshavaezkala/product/24538834,سم قارچ کش و باکتری کش بردو 18درصد مایع 5 لیتری,,650000,130000.0,5.0,,True,2025-08-06 12:34:42,2025-08-10 15:09:40
https://basalam.com/reyhan_giyah_products/product/20955161,گیاه گزنه با کیفیت عالی، بار امسالی و تازه(500گرمی ),,247250,nan,,,True,2025-08-06 12:34:43,2025-08-10 15:40:46
https://basalam.com/keshavaezkala/product/23983869,کود شیمیایی آمونیوم فسفات مایع 0-18-6 مایع 20 لیتری برند ایزرتوی(izirtuland),,2376000,118800.0,20.0,,True,2025-08-06 12:34:45,2025-08-10 15:12:56
https://basalam.com/tehranshrimp/product/19828684,کود زیر بستر تقویت رنگ گیاه آکواریوم ویوید دکتر تانک,,650000,nan,,,True,2025-08-06 12:34:46,2025-08-10 15:09:46
https://basalam.com/gyasa/product/15770954,کود مایع آلی حاوی هیومیک اسید GREEN SOUL یک لیتری,,92000,nan,,,True,2025-08-06 12:34:48,2025-08-10 15:12:59
https://basalam.com/goldoone.qom/product/15491994,کود هوس پلنت NPK 18-18-18 - کود ایتالیایی گرین گروت - کود رشد گیاه - تقویتی گیاهان آپارتمانی- کود سانسوریا - گلدونه,,72000,nan,,,True,2025-08-06 12:34:49,2025-08-10 15:09:51
https://basalam.com/goldoone.qom/product/5967710,کود کاکتوس پتاس بالا 36-12-6 ایتالیایی گرین گروت-کود کاکتوس-کودGreen Growth-گلدونه,,72000,nan,,,True,2025-08-06 12:34:51,2025-08-10 15:09:54
https://basalam.com/goldoone.qom/product/15491924,کود آمینو اسید - ضد تنش ها و آفات و بیماری ها - تقویتی اسید آمینو - کود گیاهان آپارتمانی - کود گرین گروت - کود گلدونه,,72000,nan,,,True,2025-08-06 12:34:52,2025-08-10 15:09:56
https://basalam.com/goldoone.qom/product/15691620,کود کاکتوس و گلدهی پودری 55 گرم- کود پتاس بالا برای گیاهان آپارتمانی- تقویتی گیاهان-کود گلدهی-کود کاکتوس-کود NPK- گلدونه,,26000,nan,,,True,2025-08-06 12:34:54,2025-08-10 15:09:59
https://basalam.com/bs_flowers/product/12634285,کود فسفر بالای زیگلر آلمان 25گرمی 10-52-10,,19000,nan,,,True,2025-08-06 12:34:55,2025-08-10 15:10:01
https://basalam.com/bs_flowers/product/13846951,کود مونوپتاسیم فسفات 34-52-0 زیگلر آلمان ،25 گرمی,,20000,nan,,,True,2025-08-06 12:34:57,2025-08-10 15:10:04
https://basalam.com/simazaar/product/9902774,اکالیپتوس، بار امسالی و تازه(100گرمی ),,51500,nan,,,True,2025-08-06 12:35:02,2025-08-10 15:46:47
https://basalam.com/simazaar/product/17810907,گل ختمی، رنگی، بار امسالی و تازه(5کیلوگرم),,1257575,251515.0,5.0,,True,2025-08-06 12:35:04,2025-08-10 15:45:01
https://basalam.com/simazaar/product/10108521,گیاه خار مریم با کیفیت عالی، بار امسالی و تازه(750 گرمی ),,274000,nan,,,True,2025-08-06 12:35:05,2025-08-10 15:45:31
https://basalam.com/simazaar/product/10318045,گل گاو زبان با کیفیت عالی، بار امسالی و تازه(2کیلوگرم),,5851230,2925615.0,2.0,,True,2025-08-06 12:35:07,2025-08-10 15:45:36
https://basalam.com/hyde-store/product/23817340,گل بومادران با کیفیت عالی، بار امسالی و تازه(50گرمی),,38750,nan,,,True,2025-08-06 12:35:08,2025-08-10 15:44:25
https://basalam.com/hyde-store/product/23816717,گیاه مرزنجوش، بار امسالی و تازه(1کیلوگرم ),,317811,317811.0,1.0,,True,2025-08-06 12:35:10,2025-08-10 15:44:47
https://basalam.com/hyde-store/product/23817061,گیاه گل بنفشه با کیفیت عالی، بار امسالی و تازه(100گرم),,876300,nan,,,True,2025-08-06 12:35:11,2025-08-10 15:44:52
https://basalam.com/hyde-store/product/23817006,گل جنتیانا (گل سپاسی) با کیفیت عالی، بار امسالی و تازه(100 گرمی ),,428000,nan,,,True,2025-08-06 12:35:13,2025-08-10 15:44:33
https://basalam.com/hyde-store/product/23817011,گل جنتیانا (گل سپاسی) با کیفیت عالی، بار امسالی و تازه(50 گرمی ),,228500,nan,,,True,2025-08-06 12:35:14,2025-08-10 15:44:36
https://basalam.com/hyde-store/product/23816862,گیاه خارشتر پودر شده با کیفیت عالی، بار امسالی و تازه(500گرمی ),,136500,nan,,,True,2025-08-06 12:35:16,2025-08-10 15:44:20
https://basalam.com/hyde-store/product/23816875,گیاه خار، شتر پودر شده، بار امسالی و تازه(100گرمی ),,58500,nan,,,True,2025-08-06 12:35:17,2025-08-10 15:44:30
https://basalam.com/reyhan_giyah_products/product/18269237,گیاه کنگر فرنگی پودر شده با کیفیت عالی، بار امسالی و تازه(500گرمی),,331500,nan,,,True,2025-08-06 12:35:19,2025-08-10 15:37:28
https://basalam.com/reyhan_giyah_products/product/20954418,ریشه سنبل الطیب با کیفیت عالی، بار امسالی و تازه(5کیلوگرم),,9561665,1912333.0,5.0,,True,2025-08-06 12:35:20,2025-08-10 15:37:18
https://basalam.com/reyhan_giyah_products/product/18270188,گیاه دم گیلاس پودرشده با کیفیت عالی، بار امسالی و تازه(100گرمی),,91500,nan,,,True,2025-08-06 12:35:22,2025-08-10 15:38:32
https://basalam.com/reyhan_giyah_products/product/18269851,گیاه پرسیاوشان با کیفیت عالی، بار امسالی و تازه(500گرمی ),,816500,nan,,,True,2025-08-06 12:35:23,2025-08-10 15:38:35
https://basalam.com/reyhan_giyah_products/product/20955174,گیاه نعناع فلفلی بار امسالی و تازه(750گرمی ),,694750,nan,,,True,2025-08-06 12:35:25,2025-08-10 15:37:34
https://basalam.com/reyhan_giyah_products/product/20955319,ریشه کاسنی با کیفیت عالی، بار امسالی و تازه(250 گرمی),,200000,nan,,,True,2025-08-06 12:35:26,2025-08-10 15:37:20
https://basalam.com/reyhan_giyah_products/product/20954250,گیاه سدر با کیفیت عالی، بار امسالی و تازه(2کیلوگرم),,382656,191328.0,2.0,,True,2025-08-06 12:35:28,2025-08-10 15:37:15
https://basalam.com/reyhan_giyah_products/product/18269952,گیاه گل بنفشه پودرشده با کیفیت عالی، بار امسالی و تازه(500گرم),,3684000,nan,,,True,2025-08-06 12:35:29,2025-08-10 15:37:12
https://basalam.com/reyhan_giyah_products/product/20954916,گیاه جعفری با کیفیت عالی، بار امسالی و تازه(500گرمی),,341000,nan,,,True,2025-08-06 12:35:31,2025-08-10 15:37:23
https://basalam.com/reyhan_giyah_products/product/20955852,گیاه دم اسب با کیفیت عالی، بار امسالی و تازه(50گرمی),,59900,nan,,,True,2025-08-06 12:35:34,2025-08-10 15:36:48
https://basalam.com/reyhan_giyah_products/product/18268529,برگ شاه توت باکیفیت عالی، بار امسالی و تا(250 گرمی ),,94250,nan,,,True,2025-08-06 12:35:36,2025-08-10 15:37:44
https://basalam.com/reyhan_giyah_products/product/20954300,گل بومادارن با کیفیت عالی، بار امسالی و تازه(2کیلوگرم),,299715,149857.5,2.0,,,2025-08-06 12:35:37,2025-08-06 12:37:41
https://basalam.com/reyhan_giyah_products/product/20955850,گیاه دم اسب با کیفیت عالی، بار امسالی و تازه(100گرمی),,90800,nan,,,True,2025-08-06 12:35:39,2025-08-10 15:37:41
https://basalam.com/reyhan_giyah_products/product/20955126,گل گاو زبان با کیفیت عالی، بار امسالی و تازه(750گرمی),,3590500,nan,,,True,2025-08-06 12:35:40,2025-08-10 15:37:46
https://basalam.com/reyhan_giyah_products/product/20955863,ریشه شیرین بیان با کیفیت عالی، بار امسالی و تازه(100گرمی),,147000,nan,,,,2025-08-06 12:35:42,2025-08-06 12:38:05
https://basalam.com/reyhan_giyah_products/product/18269234,گیاه کنگر فرنگی با کیفیت عالی، بار امسالی و تازه(500گرمی),,341500,nan,,,,2025-08-06 12:35:43,2025-08-06 12:38:07
https://basalam.com/reyhan_giyah_products/product/20955535,ریشه شیرین بیان با کیفیت عالی، بار امسالی و تازه(150گرمی),,106150,nan,,,True,2025-08-06 12:35:45,2025-08-10 15:39:57
https://basalam.com/reyhan_giyah_products/product/20955214,صمغ صبر زرد با کیفیت عالی، بار امسالی و تازه(250 گرمی),,670250,nan,,,True,2025-08-06 12:35:47,2025-08-10 15:37:57
https://basalam.com/reyhan_giyah_products/product/18269857,گیاه پرسیاوشان با کیفیت عالی، بار امسالی و تازه(100گرمی ),,186500,nan,,,,2025-08-06 12:35:48,2025-08-06 12:38:17
https://basalam.com/reyhan_giyah_products/product/20955893,گیاه سدر با کیفیت عالی، بار امسالی و تازه(100گرمی),,58100,nan,,,,2025-08-06 12:35:50,2025-08-06 12:38:19
https://basalam.com/reyhan_giyah_products/product/20954222,گیاه نعناع دشتی با کیفیت عالی، بار امسالی و تازه(1کیلوگرم),,948155,948155.0,1.0,,True,2025-08-06 12:35:51,2025-08-10 15:40:48
https://basalam.com/reyhan_giyah_products/product/18269947,گیاه گل بنفشه با کیفیت عالی، بار امسالی و تازه(2کیلوگرم),,9142430,4571215.0,2.0,,True,2025-08-06 12:35:53,2025-08-10 15:38:29
https://basalam.com/reyhan_giyah_products/product/20955104,گیاه کاسنی با کیفیت عالی، بار امسالی و تازه(750گرمی),,305500,nan,,,,2025-08-06 12:35:54,2025-08-06 12:38:16
https://basalam.com/reyhan_giyah_products/product/20955118,صمغ کندر با کیفیت عالی، بار امسالی و تازه(750گرمی,,3169750,nan,,,True,2025-08-06 12:35:56,2025-08-10 15:37:51
https://basalam.com/hyde-store/product/23816299,گیاه کنگر فرنگی با کیفیت عالی، بار امسالی و تازه(500گرمی),,321500,nan,,,True,2025-08-06 12:35:58,2025-08-10 15:44:28
https://basalam.com/hyde-store/product/23816305,گیاه کنگر فرنگی با کیفیت عالی، بار امسالی و تازه(250گرمی),,195250,nan,,,True,2025-08-06 12:35:59,2025-08-10 15:44:14
https://basalam.com/hyde-store/product/23817059,گیاه گل بنفشه پودرشده با کیفیت عالی، بار امسالی و تازه(250گرم),,2132250,nan,,,True,2025-08-06 12:36:01,2025-08-10 15:44:39
https://basalam.com/hyde-store/product/23816393,گیاه سنا هندی با کیفیت عالی، بار امسالی و تازه(50گرمی),,41225,nan,,,True,2025-08-06 12:36:03,2025-08-10 15:44:22
https://basalam.com/reyhan_giyah_products/product/18269611,گیاه گشنیز با کیفیت عالی، بار امسالی و تازه(5کیلوگرم ),,1786040,357208.0,5.0,,,2025-08-06 12:36:04,2025-08-06 12:38:20
https://basalam.com/reyhan_giyah_products/product/20955213,صمغ صبر زرد با کیفیت عالی، بار امسالی و تازه(500 گرمی),,1311500,nan,,,True,2025-08-06 12:36:06,2025-08-10 15:37:31
https://basalam.com/simazaar/product/10258931,گیاه بابا، آدم، بار امسالی و تازه(2کیلوگرم),,361920,180960.0,2.0,,True,2025-08-06 12:36:07,2025-08-10 15:46:23
https://basalam.com/simazaar/product/10258934,باباآدم، بار امسالی و تازه (5کیلوگرم),,904800,180960.0,5.0,,True,2025-08-06 12:36:09,2025-08-10 15:45:42
https://basalam.com/hyde-store/product/23817312,گیاه دم گیلاس با کیفیت عالی، بار امسالی و تازه(250گرمی),,160250,nan,,,True,2025-08-06 12:36:10,2025-08-10 15:44:44
https://basalam.com/hyde-store/product/23817156,برگ توت، بار امسالی و تازه(1کیلوگرم),,160225,160225.0,1.0,,True,2025-08-06 12:36:12,2025-08-10 15:44:41
https://basalam.com/reyhan_giyah_products/product/20954654,افسنطین، بار امسالی و تازه(5کیلوگرم),,1734200,346840.0,5.0,,True,2025-08-06 12:36:13,2025-08-10 15:36:59
https://basalam.com/reyhan_giyah_products/product/20955820,گیاه خار مریم با کیفیت عالی، بار امسالی و تازه(100 گرمی ),,57800,nan,,,True,2025-08-06 12:36:17,2025-08-10 15:36:51
https://basalam.com/reyhan_giyah_products/product/18269535,گیاه ترخون خشک با کیفیت عالی، بار امسالی و تازه(2کیلوگرم ),,838826,419413.0,2.0,,True,2025-08-06 12:36:19,2025-08-10 15:36:54
https://basalam.com/reyhan_giyah_products/product/18269533,گیاه ترخون خشک با کیفیت عالی، بار امسالی و تازه(5کیلوگرم ),,2097065,419413.0,5.0,,True,2025-08-06 12:36:20,2025-08-10 15:36:56
https://basalam.com/reyhan_giyah_products/product/20954617,بارهنگ، بار امسالی و تازه(2کیلوگرم),,1004705,502352.5,2.0,,True,2025-08-06 12:36:22,2025-08-10 15:37:02
https://basalam.com/simazaar/product/17532866,برگ توت پودرشده، بار امسالی و تازه(100گرمی),,60150,nan,,,True,2025-08-06 12:36:23,2025-08-10 15:46:41
https://basalam.com/simazaar/product/9860986,گیاه شوید با کیفیت عالی، بار امسالی و تازه(100گرمی),,107300,nan,,,True,2025-08-06 12:36:25,2025-08-10 15:45:50
https://basalam.com/simazaar/product/10352644,گیاه خارخاسک با کیفیت عالی، بار امسالی و تازه(5کیلوگرم),,1060315,212063.0,5.0,,True,2025-08-06 12:36:26,2025-08-10 15:45:04
https://basalam.com/simazaar/product/10065584,گیاه مرزه با کیفیت عالی، بار امسالی و تازه(500گرمی ),,354500,nan,,,True,2025-08-06 12:36:28,2025-08-10 15:46:54
https://basalam.com/simazaar/product/9861496,گیاه شاهتره با کیفیت عالی، بار امسالی و تازه(50گرمی),,41750,nan,,,True,2025-08-06 12:36:29,2025-08-10 15:46:15
https://basalam.com/simazaar/product/9860964,گیاه شوید با کیفیت عالی، بار امسالی و تازه(50گرمی),,68150,nan,,,True,2025-08-06 12:36:31,2025-08-10 15:46:33
https://basalam.com/simazaar/product/10008454,گیاه شوید با کیفیت عالی، بار امسالی و تازه(150گرمی),,175450,nan,,,True,2025-08-06 12:36:32,2025-08-10 15:46:49
https://basalam.com/simazaar/product/9852838,گیاه تره با کیفیت عالی، بار امسالی و تازه(50گرمی ),,63200,nan,,,True,2025-08-06 12:36:34,2025-08-10 15:45:47
https://basalam.com/simazaar/product/10062359,گیاه تره با کیفیت عالی، بار امسالی و تازه(750گرمی ),,571000,nan,,,True,2025-08-06 12:36:35,2025-08-10 15:45:25
https://basalam.com/reyhan_giyah_products/product/20954937,گیاه خار مریم با کیفیت عالی، بار امسالی و تازه(250 گرمی),,101000,nan,,,True,2025-08-06 12:36:37,2025-08-10 15:40:57
https://basalam.com/reyhan_giyah_products/product/20954935,گیاه خار مریم با کیفیت عالی، بار امسالی و تازه(750 گرمی ),,274000,nan,,,True,2025-08-06 12:36:39,2025-08-10 15:36:43
https://basalam.com/reyhan_giyah_products/product/20954390,صمغ عربی با کیفیت عالی، بار امسالی و تازه(2کیلوگرم),,735150,367575.0,2.0,,True,2025-08-06 12:36:40,2025-08-10 15:40:59
https://basalam.com/reyhan_giyah_products/product/18269946,گیاه گل بنفشه با کیفیت عالی، بار امسالی و تازه(5کیلوگرم),,22850565,4570113.0,5.0,,True,2025-08-06 12:36:42,2025-08-10 15:41:07
https://basalam.com/reyhan_giyah_products/product/20954913,صمغ ترنجبین با کیفیت عالی، بار امسالی و تازه(250 گرمی),,1415000,nan,,,True,2025-08-06 12:36:43,2025-08-10 15:40:02
https://basalam.com/simazaar/product/10360493,گیاه مرزه با کیفیت عالی، بار امسالی و تازه(2کیلوگرم),,714870,357435.0,2.0,,True,2025-08-06 12:36:45,2025-08-10 15:45:06
https://basalam.com/simazaar/product/9831266,ریشه شیرین بیان (بدون پوست) با کیفیت عالی بار امسالی و تازه(100گرمی ),,137000,nan,,,True,2025-08-06 12:36:46,2025-08-10 15:45:20
https://basalam.com/simazaar/product/17532862,برگ توت، بار امسالی و تازه(50گرمی),,39575,nan,,,True,2025-08-06 12:36:48,2025-08-10 15:46:00
https://basalam.com/simazaar/product/17641276,گیاه ترخون خشک پودر شده، بار امسالی و تازه(50گرمی ),,70200,nan,,,True,2025-08-06 12:36:49,2025-08-10 15:44:58
https://basalam.com/simazaar/product/10352461,گیاه چای سبز با کیفیت عالی، بار امسالی و تازه(1کیلوگرم),,338030,338030.0,1.0,,True,2025-08-06 12:36:51,2025-08-10 15:45:44
https://basalam.com/simazaar/product/10277687,ریشه کاسنی بار امسالی و تازه(1کیلوگرم),,497640,497640.0,1.0,,True,2025-08-06 12:36:52,2025-08-10 15:46:25
https://basalam.com/simazaar/product/17532937,برگ توت، بار امسالی و تازه(5کیلوگرم),,721012,144202.4,5.0,,True,2025-08-06 12:36:54,2025-08-10 15:46:04
https://basalam.com/simazaar/product/17515295,گیاه دم گیلاس پودرشده با کیفیت عالی، بار امسالی و تازه(100گرمی),,91500,nan,,,True,2025-08-06 12:36:55,2025-08-10 15:46:39
https://basalam.com/simazaar/product/10360033,گیاه سداب با کیفیت عالی، بار امسالی و تازه(5کیلوگرم),,2073500,414700.0,5.0,,True,2025-08-06 12:36:57,2025-08-10 15:46:59
https://basalam.com/simazaar/product/10063331,گیاه نعناع فلفلی بار امسالی و تازه(750گرمی ),,694750,nan,,,True,2025-08-06 12:36:59,2025-08-10 15:46:18
https://basalam.com/simazaar/product/10250228,افتیمون، بار امسالی و تازه(5کیلوگرم),,1140425,228085.0,5.0,,True,2025-08-06 12:37:00,2025-08-10 15:46:20
https://basalam.com/reyhan_giyah_products/product/18270080,گیاه اسپرولینا پودر شده با کیفیت عالی، بار امسالی و تازه(250گرمی),,1490250,nan,,,True,2025-08-06 12:37:02,2025-08-10 15:36:46
https://basalam.com/reyhan_giyah_products/product/20955817,ریشه چوبک با کیفیت عالی، بار امسالی و تازه(50 گرمی ),,43400,nan,,,,2025-08-06 12:37:04,2025-08-06 12:37:04
https://basalam.com/reyhan_giyah_products/product/20955485,صمغ عربی با کیفیت عالی، بار امسالی و تازه(200گرمی),,178300,nan,,,True,2025-08-06 12:37:05,2025-08-10 15:37:49
https://basalam.com/reyhan_giyah_products/product/20956088,پوست اسفرزه با کیفیت عالی، بار امسالی و تازه (50گرمی ),,184000,nan,,,True,2025-08-06 12:37:07,2025-08-10 15:40:00
https://basalam.com/reyhan_giyah_products/product/18269824,گیاه بهار مرکبات با کیفیت عالی، بار امسالی و تازه(50گرمی ),,73925,nan,,,True,2025-08-06 12:37:08,2025-08-10 15:41:05
https://basalam.com/reyhan_giyah_products/product/20954744,گل بابونه با کیفیت عالی، بار امسالی و تازه(250گرمی),,447500,nan,,,True,2025-08-06 12:37:10,2025-08-10 15:37:38
https://basalam.com/reyhan_giyah_products/product/20954928,ریشه چوبک با کیفیت عالی، بار امسالی و تازه(750 گرمی ),,274000,nan,,,,2025-08-06 12:37:12,2025-08-06 12:37:12
https://basalam.com/reyhan_giyah_products/product/20955677,آلوئه ورا با کیفیت عالی، بار امسالی و تازه(200گرمی),,736000,nan,,,True,2025-08-06 12:37:13,2025-08-10 15:37:07
https://basalam.com/reyhan_giyah_products/product/18269758,گیاه خارشتر با کیفیت عالی، بار امسالی و تازه(1کیلوگرم ),,149858,149858.0,1.0,,True,2025-08-06 12:37:15,2025-08-10 15:40:51
https://basalam.com/reyhan_giyah_products/product/20955501,ریشه سنبل الطیب با کیفیت عالی، بار امسالی و تازه(200گرمی),,670000,nan,,,True,2025-08-06 12:37:17,2025-08-10 15:37:54
https://basalam.com/reyhan_giyah_products/product/20954833,گیاه انیسون، بار امسالی و تازه (500گرمی),,658300,nan,,,,2025-08-06 12:37:18,2025-08-06 12:37:18
https://basalam.com/tetaco/product/261718,کود سولفات روی تتاکو مناسب گلدان و باغچه وزن 120 گرم,,47500,nan,,,,2025-08-06 12:37:29,2025-08-06 12:44:16
https://basalam.com/reyhan_giyah_products/product/20954936,گیاه خار مریم با کیفیت عالی، بار امسالی و تازه(500گرمی),,173000,nan,,,True,2025-08-06 12:37:32,2025-08-10 15:39:52
https://basalam.com/reyhan_giyah_products/product/20955060,ریشه سنبل الطیب با کیفیت عالی، بار امسالی و تازه(250گرمی ),,794000,nan,,,True,2025-08-06 12:37:34,2025-08-10 15:39:54
https://basalam.com/reyhan_giyah_products/product/18269771,گیاه خارشتر پودر شده با کیفیت عالی، بار امسالی و تازه(100گرمی ),,58500,nan,,,True,2025-08-06 12:37:36,2025-08-10 15:38:40
https://basalam.com/reyhan_giyah_products/product/20954224,گیاه مورد با کیفیت عالی، بار امسالی و تازه(5کیلوگرم),,749288,149857.6,5.0,,True,2025-08-06 12:37:38,2025-08-10 15:37:26
https://basalam.com/allk1vip/product/10911447,کود فسفر 90درصد برند بمب 1 لیتری,,500000,500000.0,1.0,,True,2025-08-06 12:38:24,2025-08-10 15:19:25
https://basalam.com/allk1vip/product/7402110,کود نیترات کلسیم شوک مایع 20لیتری,,3450000,172500.0,20.0,,True,2025-08-06 12:38:25,2025-08-10 15:19:28
https://basalam.com/allk1vip/product/7401964,کود مخصوص درخت گردو شوک 5لیتری,,1370000,274000.0,5.0,,True,2025-08-06 12:38:27,2025-08-10 15:19:30
https://basalam.com/allk1vip/product/7401874,کود هیدرولیز ماهی کماگرو ترکیه,,3050000,nan,,,True,2025-08-06 12:38:28,2025-08-10 15:19:33
https://basalam.com/allk1vip/product/8739622,کود ازت بالا آمریکایی مایع شوک 1 لیتری,,250000,250000.0,1.0,,True,2025-08-06 12:38:30,2025-08-10 15:19:36
https://basalam.com/allk1vip/product/8648448,کود هیومیک اسید شوک آمریکایی مایع 20 لیتری 95درصد,,3500000,175000.0,20.0,,True,2025-08-06 12:38:31,2025-08-10 15:19:38
https://basalam.com/allk1vip/product/10911988,کود کلسیم مکس 34درصد برند بمب مایع 5 لیتری,,1390000,278000.0,5.0,,True,2025-08-06 12:38:33,2025-08-10 15:19:41
https://basalam.com/allk1vip/product/8648240,کود هیومیک اسید شوک آمریکایی 95درصد حجم پنج لیتری,,1750000,nan,,,True,2025-08-06 12:38:35,2025-08-10 15:19:44
https://basalam.com/allk1vip/product/7383371,کود ازت بالا آمریکایی مایع شوک 20 لیتری,,2500000,125000.0,20.0,,True,2025-08-06 12:38:36,2025-08-10 15:19:46
https://basalam.com/allk1vip/product/10910042,کود کامل فول مکس بزند بمب گالن 5 لیتری,,1700000,340000.0,5.0,,True,2025-08-06 12:38:38,2025-08-10 15:19:49
https://basalam.com/allk1vip/product/10909528,کود(20.20.20)برند بمب مایع 20 لیتری,,3200000,160000.0,20.0,,True,2025-08-06 12:38:39,2025-08-10 15:19:52
https://basalam.com/allk1vip/product/10911611,کود مولتی کمپلکس بزند بمب (ریزمغذی کامل) گالن یک لیتری,,450000,nan,,,True,2025-08-06 12:38:41,2025-08-10 15:19:54
https://basalam.com/allk1vip/product/10911813,کود فول فروت ست برند بمب مایع گالن پنج لیتری,,1500000,nan,,,True,2025-08-06 12:38:42,2025-08-10 15:19:57
https://basalam.com/allk1vip/product/7426039,کود مخصوص گوجه فرنگی شوک20لیتری,,3400000,170000.0,20.0,,True,2025-08-06 12:38:44,2025-08-10 15:20:00
https://basalam.com/allk1vip/product/7426113,کود جلبک دریایی شوک مایع5لیتری,,1800000,360000.0,5.0,,True,2025-08-06 12:38:46,2025-08-10 15:20:02
https://basalam.com/allk1vip/product/7765667,کود مخصوص گوجه فرنگی شوک 1 لیتری,,400000,400000.0,1.0,,True,2025-08-06 12:38:47,2025-08-10 15:20:05
https://basalam.com/allk1vip/product/8739648,کود ازت بالا آمریکایی مایع شوک 5 لیتری,,850000,170000.0,5.0,,True,2025-08-06 12:38:49,2025-08-10 15:20:08
https://basalam.com/allk1vip/product/8739706,کود(20.20.20) آمریکایی شوک مایع 5 لیتری,,1750000,350000.0,5.0,,True,2025-08-06 12:38:51,2025-08-10 15:20:11
https://basalam.com/allk1vip/product/10911130,کود جلبک دریایی برند بمب مایع 5 لیتری,,1480000,296000.0,5.0,,True,2025-08-06 12:39:18,2025-08-10 15:20:13
https://basalam.com/allk1vip/product/10911160,کود جلبک دریایی برند بمب مایع 1 لیتری,,400000,400000.0,1.0,,True,2025-08-06 12:39:19,2025-08-10 15:20:16
https://basalam.com/mahboob_baft/product/20153801,کود مایع انرژی سولوشن,,39000,nan,,,True,2025-08-06 12:39:21,2025-08-10 15:20:19
https://basalam.com/tavan_has_rouyesh/product/16646767,کود تقویتی جلبک دریایی,,103000,nan,,,True,2025-08-06 12:39:22,2025-08-10 11:04:28
https://basalam.com/tavan_has_rouyesh/product/16646097,کود شیمیایی ریشه زا بیورادیکانت گل های آپارتمانی,,105000,nan,,,True,2025-08-06 12:39:24,2025-08-10 11:04:31
https://basalam.com/grandpa_keshavarz/product/20050053,روغن ولک گیاه و درختان,,250000,nan,,,True,2025-08-06 12:39:26,2025-08-10 11:04:34
https://basalam.com/grandpa_keshavarz/product/21680309,سم قارچ کش و آفت کش...,,350000,nan,,,True,2025-08-06 12:39:27,2025-08-10 11:04:36
https://basalam.com/arjagriculture/product/24138949,کود سوپرفوس سوپر مکس 5 لیتری,,2068000,413600.0,5.0,,True,2025-08-06 12:39:29,2025-08-10 11:04:39
https://basalam.com/arjagriculture/product/16106534,کود پتاس مایع فرمولایف K+ یک لیتری,,374000,nan,,,True,2025-08-06 12:39:30,2025-08-10 11:04:41
https://basalam.com/arjagriculture/product/15997680,سم قارچ کش پنکونازول 20درصد 100 سی سی,,231000,nan,,,True,2025-08-06 12:39:32,2025-08-10 11:04:44
https://basalam.com/arjagriculture/product/16097723,کود آمینواسید فرمولایف 80درصد 1 کیلویی,,946000,946000.0,1.0,,True,2025-08-06 12:39:34,2025-08-10 11:04:46
https://basalam.com/arjagriculture/product/16702757,کود تنظیم کننده پی اچ آب رکتیفایر 250 گرم,,93500,nan,,,True,2025-08-06 12:39:35,2025-08-10 11:04:49
https://basalam.com/arjagriculture/product/16601978,کود دنس کلات اهن و روی مایع 10 لیتری,,1727000,172700.0,10.0,,True,2025-08-06 12:39:37,2025-08-10 11:04:52
https://basalam.com/arjagriculture/product/16194345,کود فسفیت فرمولایف مایع یک لیتری,,462000,nan,,,True,2025-08-06 12:39:39,2025-08-10 11:04:54
https://basalam.com/arjagriculture/product/16602373,سم حشره کش مالاتیون 100 میلی لیتر,,88000,nan,,,True,2025-08-06 12:39:41,2025-08-10 11:04:57
https://basalam.com/arjagriculture/product/16194274,کود مایع فروت ست ویژه جنوبگان مدل پلاس یک لیتر,,286000,nan,,,True,2025-08-06 12:39:42,2025-08-10 11:05:00
https://basalam.com/arjagriculture/product/16702812,سم حشره کش و کنه کش پالیزین 1 لیتر,,528000,528000.0,1.0,,True,2025-08-06 12:39:44,2025-08-10 11:05:02
https://basalam.com/arjagriculture/product/16194121,کود تریتاسول سالت لوس پنج لیتری,,264000,nan,,,True,2025-08-06 12:39:46,2025-08-10 11:05:05
https://basalam.com/arjagriculture/product/16021518,سم فن والریت 20 درصد سم حشره کش 1 لیتری,,726000,726000.0,1.0,,True,2025-08-06 12:39:47,2025-08-10 11:05:08
https://basalam.com/arjagriculture/product/16155893,سم قارچ کش تیوفانات متیل (توپسین) 1کیلویی,,825000,825000.0,1.0,,True,2025-08-06 12:39:49,2025-08-10 11:05:10
https://basalam.com/arjagriculture/product/16115264,سم کنه کش هگزی تیازوکس 0.5لیتر,,935000,nan,,,True,2025-08-06 12:39:51,2025-08-10 11:05:13
https://basalam.com/poushak-takkk/product/13941824,کود هیومیک اسید گل سم,,240000,nan,,,True,2025-08-06 12:39:53,2025-08-10 11:05:16
https://basalam.com/keshavaezkala/product/23983963,کود شیمیایی سیلیکات پتاسیم مایع 1 لیتری برند ایزرتوی(izirtuland),,334800,334800.0,1.0,,True,2025-08-06 12:39:54,2025-08-10 11:05:19
https://basalam.com/nikobazrir/product/3411565,کود برگ دهی پلاس10 10 30 نیکوبذر(گرم بالا),,49000,nan,,,True,2025-08-06 12:39:56,2025-08-10 14:27:28
https://basalam.com/flowerland8489/product/7020970,لیکا سایز متوسط بستر کشت استریل و سبک,,50000,nan,,,True,2025-08-06 12:39:58,2025-08-10 15:05:15
https://basalam.com/reyhan_giyah_products/product/20955067,گیاه شاهتره با کیفیت عالی، بار امسالی و تازه(750گرمی),,249250,nan,,,,2025-08-06 12:39:59,2025-08-06 12:39:59
https://basalam.com/eimenshop/product/15637053,سم کنه 500 میلی لیتر,,433550,nan,,,True,2025-08-06 12:40:01,2025-08-10 15:05:18
https://basalam.com/eimenshop/product/15634118,سم بید 150 میلی لیتری,,1008550,nan,,,True,2025-08-06 12:40:03,2025-08-10 15:05:20
https://basalam.com/eimenshop/product/15637240,سم هزارپا 500 میلی لیتر,,424350,nan,,,True,2025-08-06 12:40:04,2025-08-10 15:05:23
https://basalam.com/zarbargco/product/2197511,کود هیومیک اسید زربرگ حاوی اسید هیومیک و فالویک و عناصر میکرو و ترکیبات ارگانیک,,52000,nan,,,,2025-08-06 12:40:06,2025-08-06 12:40:06
https://basalam.com/zarbargco/product/3062659,کود کامل گرانول با مواد ارگانیک فراگین مدل زربرگ وزن 2 کیلوگرم,,85000,42500.0,2.0,,,2025-08-06 12:40:08,2025-08-06 12:40:08
https://basalam.com/zarbargco/product/4064875,کود فروت ست پودری سیسارون مدل FS وزن 500 گرم,,180000,nan,,,,2025-08-06 12:40:10,2025-08-06 12:40:10
https://basalam.com/zarbargco/product/4090137,کود آمینواسید سیسارون مدل SisAmin حجم 100 سی سی,,59900,nan,,,,2025-08-06 12:40:11,2025-08-06 12:40:11
https://basalam.com/zarbargco/product/4103112,کود کامل فسفر بالای ریشه زایی فراگین مدل 15-30-15 وزن 500 گرم,,125000,nan,,,,2025-08-06 12:40:13,2025-08-06 12:40:13
https://basalam.com/reyhan_giyah_products/product/20954507,بولاغ اوتی با کیفیت عالی، بار امسالی و تازه(2کیلوگرم),,746460,373230.0,2.0,,,2025-08-06 12:40:15,2025-08-06 12:40:15
https://basalam.com/mangrow/product/25084849,کود سولفات آهن PLAN TECH روکا 25کیلویی,,2097200,83888.0,25.0,,True,2025-08-06 12:40:16,2025-08-10 15:05:26
https://basalam.com/florame/product/14840464,سم سوسک کش امولسیون مهان (حشره کش)250 سی سی ( سم پشه مورچه مگس کنه کبوتر ساس کک جیرجیرک هزارپا),,182000,nan,,,True,2025-08-06 12:40:18,2025-08-10 14:27:56
https://basalam.com/irankood/product/22613246,کود مونو پتاسیم فسفات وانوما 10 کیلویی، تقویت ریشه، گل,,4670000,467000.0,10.0,,True,2025-08-06 12:40:20,2025-08-10 15:21:36
https://basalam.com/jooker/product/4186876,سم حلزون کش فریکول ارگانیک وزن 250 گرم,,108000,nan,,,True,2025-08-06 12:40:22,2025-08-10 15:05:28
https://basalam.com/hakimtehrani/product/16659501,سم سوسک کابینتی و مورچه تضمینی - 4 عددی,,78800,nan,,,True,2025-08-06 12:40:23,2025-08-10 15:38:45
https://basalam.com/sonnatiteb/product/22157287,گیاه دم اسب با کیفیت عالی، بار امسالی و تازه(50گرمی),,58103,nan,,,True,2025-08-06 12:40:25,2025-08-10 15:43:21
https://basalam.com/hakolpoya/product/8325997,کود آفت کش و ریز مغذی درختان ارگانیک,,388000,nan,,,True,2025-08-06 12:40:27,2025-08-10 15:05:31
https://basalam.com/hoda_home/product/24641799,کود آهن 100 گرم,,50000,nan,,,True,2025-08-06 12:40:29,2025-08-10 15:47:15
https://basalam.com/ragafertilizer/product/4470283,کود پتاس بالا گرین پیک مدل NPK 12-12-36 وزن یک کیلوگرم,,229000,nan,,,True,2025-08-06 12:40:30,2025-08-10 15:17:06
https://basalam.com/sabzine_agri/product/13772069,هورمون گلدهی کود بلوم بوستر محرک شکوفه کینگ مکس مکزیکی,,148000,nan,,,,2025-08-06 12:40:32,2025-08-06 12:40:32
https://basalam.com/tirafel/product/19553571,کود رایکت روتینگ آتلانتیکا 1 لیتری,,1342000,1342000.0,1.0,,True,2025-08-06 12:40:34,2025-08-10 15:05:36
https://basalam.com/igool/product/12684848,کود نخل مناسب انواع نخل مثل شامادورا اریکا کنتیا سیکاس,,119000,nan,,,True,2025-08-06 12:40:35,2025-08-10 15:05:39
https://basalam.com/igool/product/8338144,برگ انجیری مونسترا گیاه آپارتمانی مقاوم و زیبا با نگهداری آسان با ارتفاع حدود 45 سانت,,350000,nan,,,True,2025-08-06 12:40:37,2025-08-10 15:05:41
https://basalam.com/igool/product/4288124,گیاه فیکوس آلتیسیما با کیفیت و ریشه پر,,199000,nan,,,True,2025-08-06 12:40:41,2025-08-10 15:05:44
https://basalam.com/tirafel/product/18284546,کود کلسی گلد زن اگرو اسپانیا 25 کیلویی (پس کرایه),,4262500,170500.0,25.0,,True,2025-08-06 12:40:43,2025-08-10 15:39:01
https://basalam.com/igool/product/15405949,پاپیتال گیاه رونده تمام سال سبز و مقاوم مخصوص تراس و حیاط,,69000,nan,,,True,2025-08-06 12:40:44,2025-08-10 15:12:37
https://basalam.com/igool/product/6387472,گیاه کاج مطبق بلژیکی گیاه آپارتمانی بسیار زیبا و مقاوم با ارتفاع حدود 50 سانت,,550000,nan,,,True,2025-08-06 12:40:46,2025-08-10 15:12:40
https://basalam.com/igool/product/6366320,فیکوس سبز گیاه آپارتمانی مقاوم و با نگهداری آسان با ارتفاع حدود 50 سانتی متر,,189000,nan,,,True,2025-08-06 12:40:47,2025-08-10 15:12:22
https://basalam.com/igool/product/6651720,کود گلدهی گیاهان برند فیروزه,,29000,nan,,,True,2025-08-06 12:40:50,2025-08-10 15:12:25
https://basalam.com/igool/product/17318312,پتوس ساتین گیاه آپارتمانی رونده و خاص,,299000,nan,,,True,2025-08-06 12:40:51,2025-08-10 15:12:13
https://basalam.com/igool/product/4974085,بنسای جنیسینگ پیوندی هلندی سایز بزرگ بسیار زیبا و با کیفیت,,869000,nan,,,True,2025-08-06 12:40:53,2025-08-10 15:12:16
https://basalam.com/igool/product/5393600,هدیه یلدایی گل سینگونیوم صورتی به همراه گلدان فلزی بسیار زیبا و با کیفیت,,299000,nan,,,True,2025-08-06 12:40:55,2025-08-10 15:11:43
https://basalam.com/igool/product/7682048,آگلونما سفید گیاه آپارتمانی مقاوم و زیبا چند بوته ریشه پر ارتفاع گیاه با گلدان 30 سانتی متر,,199000,nan,,,True,2025-08-06 12:40:56,2025-08-10 15:11:46
https://basalam.com/igool/product/4430382,کود سه بیست مناسب گیاهان آپارتمانی,,29000,nan,,,True,2025-08-06 12:40:58,2025-08-10 15:12:19
https://basalam.com/igool/product/4430593,کود برگ و بوته برای گیاهان آپارتمانی,,29000,nan,,,True,2025-08-06 12:41:00,2025-08-10 15:11:48
https://basalam.com/igool/product/3084670,زاموفیلیا گیاه آپارتمانی مقاوم و زیبا با گلدان فلزی,,649000,nan,,,True,2025-08-06 12:41:02,2025-08-10 15:11:51
https://basalam.com/igool/product/4288119,گیاه فیکوس بلک نشایی با کیفیت و ریشه پر,,169000,nan,,,True,2025-08-06 12:41:04,2025-08-10 15:11:54
https://basalam.com/igool/product/17315585,کود بامبو آمی فلاور 125 میلی لیتر,,89000,nan,,,True,2025-08-06 12:41:05,2025-08-10 15:11:57
https://basalam.com/igool/product/6366445,درختچه یوکا تنه دار گیاه آپارتمانی مقاوم و زیبا با ارتفاع حدود 40 سانتی متر,,399000,nan,,,True,2025-08-06 12:41:07,2025-08-10 15:11:59
https://basalam.com/igool/product/6368030,فیکوس بنجامین ابلق با کیفیت و زیبا با ارتفاع حدود 40 سانتی متر,,299000,nan,,,True,2025-08-06 12:41:09,2025-08-10 15:12:02
https://basalam.com/igool/product/15405719,دیفن باخیا گیاه آپارتمانی مقاوم به همراه گلدان و زیرگلدانی پلیمر,,650000,nan,,,True,2025-08-06 12:41:10,2025-08-10 15:12:05
https://basalam.com/igool/product/15402268,برگ انجیری مونسترا گیاه آپارتمانی مقاوم و لوکس,,550000,nan,,,True,2025-08-06 12:41:12,2025-08-10 15:12:08
https://basalam.com/igool/product/6651762,کود فسفر بالا برند فیروزه,,29000,nan,,,True,2025-08-06 12:41:14,2025-08-10 15:12:10
https://basalam.com/igool/product/8003122,سم حشره کش پیشگیری و از بین بردن شپشک آرد آلود,,29000,nan,,,True,2025-08-06 12:41:15,2025-08-10 15:12:28
https://basalam.com/igool/product/5294180,پرنده بهشتی گل سفید بسیار خاص و کمیاب گیاه آپارتمانی با ارتفاع 65 سانتی متر,,1200000,nan,,,True,2025-08-06 12:41:17,2025-08-10 15:12:31
https://basalam.com/igool/product/8055176,سم مالاتیون جهت از بین بردن آفات و حشرات خاکی گیاهان آپارتمانی,,99000,nan,,,True,2025-08-06 12:41:19,2025-08-10 15:12:34
https://basalam.com/lousian_flower/product/12578880,زاموفیلیا ، بین 2 تا 4 شاخه، ارسال با چاپار، تیپاکس، پست، هزینه با مشتری و پسکرایه,,50000,nan,,,True,2025-08-06 12:41:20,2025-08-10 15:20:49
https://basalam.com/tirafel/product/21941258,کود ارگانیک آمینوسان 1 کیلویی,,1518000,1518000.0,1.0,,True,2025-08-06 12:41:22,2025-08-10 15:06:43
https://basalam.com/tirafel/product/19931110,کود فولویک اسید بیکن چین 1 کیلویی,,473000,473000.0,1.0,,True,2025-08-06 12:41:23,2025-08-10 15:38:56
https://basalam.com/tirafel/product/21402700,سم حشره کش افدور (کنفیدور) اگروبست ترکیه نیم لیتری,,825000,nan,,,True,2025-08-06 12:41:25,2025-08-10 15:39:07
https://basalam.com/tirafel/product/21402684,کود مایع ضد شوری هکس سال اکسترا 5 لیتری,,2211000,442200.0,5.0,,True,2025-08-06 12:41:27,2025-08-10 15:12:42
https://basalam.com/golkade_goleyakh/product/8423805,کود رشد 10.52.10 فسفر بالا پودری با حلالیت بالا 100 گرمی ( هزینه ارسال پسکرایه),,50000,nan,,,True,2025-08-06 12:41:29,2025-08-10 15:06:48
https://basalam.com/sunflovver1/product/17181215,کود امکس بیو 20 گلد 50 میلی لیتر مصرف خانگی,,110000,nan,,,True,2025-08-06 12:41:30,2025-08-10 15:32:56
https://basalam.com/keshavarzstore1384/product/5654011,کود آهن فیکو مخصوص درختان مثمر و گلدان و گیاهان آپارتمانی و خانگی,,345000,nan,,,True,2025-08-06 12:41:32,2025-08-10 15:06:51
https://basalam.com/keshavarzstore1384/product/15406551,کنفیدور سم حشره کش سیستمیک انواع گیاهان ایمیدیاکلوپراید اکسیر,,445000,nan,,,True,2025-08-06 12:41:34,2025-08-10 15:06:54
https://basalam.com/palladum/product/19811624,کود پودری NPK دوازده دوازده سی و شش 12-12-36 پتاس بالا متد اسپانیایی پالادیوم یک کیلویی,,198000,nan,,,True,2025-08-06 12:41:36,2025-08-10 10:54:19
https://basalam.com/palladum/product/21560077,کود سه بیست NPK 20 20 20 متد اسپانیایی پالادیوم دو کیلویی,,348000,nan,,,True,2025-08-06 12:41:37,2025-08-10 15:07:00
https://basalam.com/palladum/product/21371677,کود دوازده سه چهل و سه NPK 12 3 43 متد اسپانیایی پالادیوم یک کیلویی,,158000,nan,,,True,2025-08-06 12:41:39,2025-08-10 15:07:03
https://basalam.com/digifadak/product/8253932,سم سوسک اورجینال گرین لیف،یک بسته 50 گرم 5 عددی 100هزار تومان,,100000,nan,,,True,2025-08-06 12:41:41,2025-08-10 15:07:05
https://basalam.com/avandagro/product/8754258,کود مایع سولجر ایکس گرین فسفیت سیلسیم و پتاسیم 1 لیتری,,600000,600000.0,1.0,,True,2025-08-06 12:41:42,2025-08-10 15:07:08
https://basalam.com/avandagro/product/13031469,کود مایع اسپایدر 90 ایکس گرین 5 لیتری حاوی 90 درصد فسفر,,2799000,559800.0,5.0,,True,2025-08-06 12:41:44,2025-08-10 15:07:10
https://basalam.com/avandagro/product/8926676,کود مایع کوئین pk100 ایکس گرین (60-40-0) حاوی فسفر و پتاسیم با درصد بالا 500 سی سی,,279000,2790.0,100.0,,True,2025-08-06 12:41:46,2025-08-10 15:07:13
https://basalam.com/avandagro/product/8618329,کود مایع عصاره جلبک دریایی ویتا ایکس گرین محرک رشد 1 لیتری,,499000,499000.0,1.0,,True,2025-08-06 12:41:47,2025-08-10 15:36:32
https://basalam.com/avandagro/product/15839266,کود هیومیک اسید پودری لئو 1 کیلوگرمی,,280000,280000.0,1.0,,True,2025-08-06 12:41:49,2025-08-10 15:29:07
https://basalam.com/avandagro/product/8624543,کود مایع کوئین PK100 ایکس گرین (60-40-0) فسفر و پتاس بالا 1 لیتری,,530000,530000.0,1.0,,True,2025-08-06 12:41:51,2025-08-10 15:07:16
https://basalam.com/avandagro/product/18847100,کود محرک رشد آمینون مار اسپانیایی 1 لیتری,,1640000,1640000.0,1.0,,True,2025-08-06 12:41:52,2025-08-10 15:07:19
https://basalam.com/avandagro/product/13395719,کود کلات آهن 6 درصد هکتور ایکس گرین 1 کیلوگرمی,,1499000,1499000.0,1.0,,True,2025-08-06 12:41:54,2025-08-10 15:07:21
https://basalam.com/avandagro/product/8975984,سم قارچ کش و باکتری کش ارگانیک بردوفیکس باغبان تاک 100 سی سی,,33000,nan,,,True,2025-08-06 12:41:55,2025-08-10 15:07:24
https://basalam.com/derak_sam/product/5008714,سم موش ترکیه ای درجه یک ،طعمه اماده مصرف واکس بلوک ،شکلاتی,,75000,nan,,,True,2025-08-06 12:41:57,2025-08-10 15:11:37
https://basalam.com/derak_sam/product/5895587,سم ساس خارجی مخصوص انواع ساس و کنه بسته های 10 گرمی,,16000,nan,,,True,2025-08-06 12:41:58,2025-08-10 15:11:40
https://basalam.com/aseelkalajanebi/product/4511818,سم سوسک کش dahao اورجینال,,21300,nan,,,True,2025-08-06 12:42:00,2025-08-10 15:14:01
https://basalam.com/nikobazrir/product/6475281,کود مخصوص کاکتوس و ساکولنت 38 11 3نیکوبذر,,25000,nan,,,True,2025-08-06 12:42:03,2025-08-10 15:39:10
https://basalam.com/sina_qom/product/5744004,کود 20-20-20 (سه بیست) 500 گرمی,,70000,nan,,,True,2025-08-06 12:42:05,2025-08-10 15:13:07
https://basalam.com/sina_qom/product/7208713,کود 36-12-12 (پتاس بالا) 200 گرمی,,40000,nan,,,True,2025-08-06 12:42:06,2025-08-10 15:13:10
https://basalam.com/sina_qom/product/7432640,کود 10-52-10(مخصوص ریشه)100 گرمی,,35000,nan,,,True,2025-08-06 12:42:08,2025-08-10 15:13:13
https://basalam.com/sina_qom/product/9778750,کود فروت ست مایع یک لیتری,,150000,nan,,,True,2025-08-06 12:42:10,2025-08-10 15:13:15
https://basalam.com/tirafel/product/16384123,کود مایع فیتوناتورا پیانتا زینک 1 لیتری,,627000,627000.0,1.0,,True,2025-08-06 12:42:11,2025-08-10 15:07:44
https://basalam.com/goldooner/product/21549332,کود مایع گیاهان برگ زینتی گرینی مکس (1),,103500,nan,,,True,2025-08-06 12:42:13,2025-08-10 15:44:09
https://basalam.com/rooyesh-yar/product/18517686,کود کامل NPK (20-20-20) (13 عنصره),,45000,nan,,,True,2025-08-06 12:42:14,2025-08-10 15:07:47
https://basalam.com/sabznahad/product/21710222,کود فسفیت پتاسیم زایز انگلستان,,73000,nan,,,,2025-08-06 12:42:16,2025-08-06 12:42:16
https://basalam.com/sabznahad/product/7701451,کود آمیفورت کیمیتک اسپانیا,,76000,nan,,,,2025-08-06 12:42:17,2025-08-06 12:42:17
https://basalam.com/igool/product/10133698,کود بنسای ( کود ساقه کود ریشه و کود کامل بنسای ),,389000,nan,,,True,2025-08-06 12:42:19,2025-08-10 15:07:49
https://basalam.com/igool/product/17445224,یاس رازقی گیاه معطر و رونده با گلدان پلیمر,,399000,nan,,,True,2025-08-06 12:42:20,2025-08-10 15:07:51
https://basalam.com/igool/product/2447099,گل و گیاه آپارتمانی مرجان هلندی صورتی گیاه آپارتمانی مقاوم و زیبا,,199000,nan,,,True,2025-08-06 12:42:22,2025-08-10 15:07:54
https://basalam.com/igool/product/2446917,شفلرا ابلق پر غلاف با کیفیت و مقاوم با ارتفاع حدود 50 سانتی متر,,299000,nan,,,True,2025-08-06 12:42:24,2025-08-10 15:07:56
https://basalam.com/igool/product/2447029,مرجان سفید گیاه آپارتمانی مقاوم و زیبا,,199000,nan,,,True,2025-08-06 12:42:25,2025-08-10 15:07:59
https://basalam.com/tirafel/product/22697192,کود 44 12 12 جی اس سی 5 کیلویی ژله ای,,7425000,1485000.0,5.0,,True,2025-08-06 12:42:27,2025-08-10 15:30:27
https://basalam.com/ir_plant/product/4595422,کود مونو پتاسیم فسفات تولید زیگلر آلمان (بسته 250 گرمی),,189000,nan,,,True,2025-08-06 12:42:28,2025-08-10 15:08:01
https://basalam.com/ir_plant/product/4595392,کود زاموفیلیا - کود کامل و تخصصی (60 گرم کو خالص),,50000,nan,,,True,2025-08-06 12:42:30,2025-08-10 15:44:55
https://basalam.com/ir_plant/product/19760675,کود تخصصی گل هویا (بطری 50 سی سی),,59000,nan,,,True,2025-08-06 12:42:31,2025-08-10 15:08:04
https://basalam.com/ir_plant/product/5677355,کود کامل 18-18-18 جهت افزایش سرعت رشد و سبزینگی Bavaria آلمان(250 گرم کود خالص),,169000,nan,,,True,2025-08-06 12:42:33,2025-08-10 15:08:07
https://basalam.com/ir_plant/product/6255636,کود کامل N-P-K 12-12-36 TE آلمانی باواریا ( 250گرم کود خالص),,179000,nan,,,True,2025-08-06 12:42:35,2025-08-10 15:08:09
https://basalam.com/ir_plant/product/10387814,کود بنسای - مایع مخصوص انواع بونسای برگ زینتی (بطری 50 سی سی) با 3 سال ماندگاری کود,,32000,nan,,,True,2025-08-06 12:42:36,2025-08-10 15:08:12
https://basalam.com/ir_plant/product/5694439,اسید امینه ( امینو اسید ) پودری 80 درصد (20 گرم کود خالص) برطرف کننده سریع تنش,,49000,nan,,,True,2025-08-06 12:42:38,2025-08-10 15:08:14
https://basalam.com/keshtam/product/19807638,سم موونتو بایر آلمان پسیل پسته، تریپس ( کالای اصل ),,3467500,nan,,,True,2025-08-06 12:42:39,2025-08-10 15:08:17
https://basalam.com/keshtam/product/12900795,کود سه بیست (20-20-20) گرین هاس ایتالیا مدل گرین پلنت 4 ده کیلویی,,3650000,nan,,,True,2025-08-06 12:42:41,2025-08-10 15:08:19
https://basalam.com/ali9196691961_1359/product/4624222,سم آفات خانگی ایکون وزن 50 گرم اصلی,,49000,nan,,,True,2025-08-06 12:42:43,2025-08-10 15:08:22
https://basalam.com/bargezomorod/product/13785783,کود آهن,,25000,nan,,,True,2025-08-06 12:42:44,2025-08-10 15:08:25
https://basalam.com/seyf-agriculture/product/21559280,کود وی روت بهبود دهنده ریشه زایی (پس کرایه),,650000,nan,,,True,2025-08-06 12:42:46,2025-08-10 15:08:27
https://basalam.com/seyf-agriculture/product/22955763,کود 20 20 20 bio ecofit (پس کرایه),,3300000,nan,,,True,2025-08-06 12:42:47,2025-08-10 15:11:35
https://basalam.com/aquajazireh/product/22058661,کود پتاسیم آکواریوم کیمیا,,145000,nan,,,True,2025-08-06 12:42:49,2025-08-10 15:43:23
https://basalam.com/goldoonbazaar/product/16779653,کود رشد سه بیست (20 20 20) 80 گرمی ملکه,,82000,nan,,,,2025-08-06 12:42:50,2025-08-06 12:42:50
https://basalam.com/goldoonbazaar/product/19460442,کود پیتماس بسته 200 گرمی,,45000,nan,,,,2025-08-06 12:42:52,2025-08-06 12:42:52
https://basalam.com/goldoonbazaar/product/16779929,کود گلدهی (پتاس بالا) 80 گرمی ملکه,,82000,nan,,,,2025-08-06 12:42:54,2025-08-06 12:42:54
https://basalam.com/florame/product/21337298,کود اسید آمینه نوافول نواگرو ایتالیا 60 سی سی (آمینو اسید و محرک رشد) ( novafol ),,78000,nan,,,True,2025-08-06 12:42:55,2025-08-10 15:10:20
https://basalam.com/florame/product/17487004,کود سولفات منیزیم فلورامی 50 گرمی (Magnesium sulfate),,26000,nan,,,True,2025-08-06 12:42:57,2025-08-10 15:10:23
https://basalam.com/florame/product/22833528,کود کال مگ (اکتی کلسیم-منیزیم) نواگرو ایتالیا 60 سی سی ( novagro),,67000,nan,,,True,2025-08-06 12:42:58,2025-08-10 15:10:25
https://basalam.com/florame/product/17861619,سم فلونیکامید (استپکی) سم شته و تریپس چینی واردات سرای سپند 50 گرمی (flonicamid),,379000,nan,,,,2025-08-06 12:43:00,2025-08-06 12:43:00
https://basalam.com/florame/product/15071824,کود آمینو اسید(اسید آمینه) پودری فلورامی 25 گرمی,,46000,nan,,,True,2025-08-06 12:43:02,2025-08-10 15:10:28
https://basalam.com/samkoodbazr1/product/11099765,سم حلزون کش متالدهید نیم سمیران لیسک,,95000,nan,,,True,2025-08-06 12:43:03,2025-08-10 15:10:30
https://basalam.com/samkoodbazr1/product/14258117,سم حلزون متالدهید 1 کیلویی سمیران( لیسک)حلزون کش,,155000,155000.0,1.0,,True,2025-08-06 12:43:05,2025-08-10 15:10:33
https://basalam.com/samkoodbazr1/product/9677701,کود مایع آهن افرا مخصول گل های آپارتمانی,,68000,nan,,,True,2025-08-06 12:43:06,2025-08-10 15:10:35
https://basalam.com/samkoodbazr1/product/9677853,علف کش بن سولفورون متیل 100 گرمی گل سم(لانداکس),,275000,nan,,,True,2025-08-06 12:43:08,2025-08-10 15:10:38
https://basalam.com/samkoodbazr1/product/18026035,سم موش پاستا انگلیس 240 گرمی برودیفاکوم,,365000,nan,,,True,2025-08-06 12:43:09,2025-08-10 15:10:40
https://basalam.com/cactuschi/product/2360529,کاکتوس فروتیغ طلائی بسیار باکیفیت و کلکسیونی مدل کاکتوسچی,,65000,nan,,,True,2025-08-06 12:43:11,2025-08-10 15:10:43
https://basalam.com/allk1/product/7435195,کود مایع، کود مخصوص زعفران شوک 5 لیتری,,1080000,216000.0,5.0,,True,2025-08-06 12:43:13,2025-08-10 15:10:45
https://basalam.com/allk1/product/7435299,کود مخصوص گوجه فرنگی شوک 20 لیتری,,2040000,102000.0,20.0,,True,2025-08-06 12:43:14,2025-08-10 15:10:48
https://basalam.com/allk1/product/7436307,کود نانو، کود پتاس 60 درصد شوک 20 لیتری,,1950000,97500.0,20.0,,True,2025-08-06 12:43:16,2025-08-10 15:10:51
https://basalam.com/allk1/product/21180218,کود نانو، کود فسفر 80 شوک 5 لیتری اصل,,1380000,276000.0,5.0,,True,2025-08-06 12:43:17,2025-08-10 15:10:53
https://basalam.com/allk1/product/7435143,کود نانو، کود مخصوص زعفران شوک 20 لیتری,,2760000,138000.0,20.0,,True,2025-08-06 12:43:22,2025-08-10 15:10:56
https://basalam.com/allk1/product/18493585,کود رنگ آوری مایع اکسپلود 1 لیتری,,228000,228000.0,1.0,,True,2025-08-06 12:43:24,2025-08-10 15:10:59
https://basalam.com/allk1/product/21179942,کود رنگ آوری مایع اکسپلود 20 لیتری اصل,,2340000,117000.0,20.0,,True,2025-08-06 12:43:25,2025-08-10 15:11:01
https://basalam.com/allk1/product/21180093,کود هیومیک اسید مایع بمب 5 لیتری(فول هیومیک) اصل,,870000,174000.0,5.0,,True,2025-08-06 12:43:27,2025-08-10 15:11:04
https://basalam.com/allk1/product/21180270,کود سه بیست (20-20-20) بمب 1 لیتری اصل,,270000,270000.0,1.0,,True,2025-08-06 12:43:28,2025-08-10 15:11:06
https://basalam.com/allk1/product/10923256,کود آمینو اسید بمب مایع 5 لیتری,,840000,168000.0,5.0,,True,2025-08-06 12:43:30,2025-08-10 15:11:09
https://basalam.com/allk1/product/11206470,کود فول ست ( فروت ست ) مایع بمب 1لیتری,,240000,240000.0,1.0,,True,2025-08-06 12:43:32,2025-08-10 15:11:12
https://basalam.com/allk1/product/21180135,کود نانو، کود اسید آمینه شوک 1 لیتری اصل,,282000,282000.0,1.0,,True,2025-08-06 12:43:33,2025-08-10 15:11:15
https://basalam.com/allk1/product/21180232,کود ارگانیک، کود سیلیکات پتاسیم شوک 1 لیتری اصل,,288000,288000.0,1.0,,True,2025-08-06 12:43:35,2025-08-10 15:11:17
https://basalam.com/allk1/product/7436127,کود نانو، کود پتاس شوک مایع 1 لیتری,,240000,240000.0,1.0,,True,2025-08-06 12:43:36,2025-08-10 15:11:20
https://basalam.com/allk1/product/21180261,کود فسفر بالا (10-52-10) مایع بمب 1 لیتری اصل,,270000,270000.0,1.0,,True,2025-08-06 12:43:38,2025-08-10 15:11:23
https://basalam.com/allk1/product/7435228,کود نانو، کود جلبک دریایی شوک 5 لیتری,,1080000,216000.0,5.0,,True,2025-08-06 12:43:40,2025-08-10 15:11:25
https://basalam.com/allk1/product/21180251,کود فروت ست ( فول ست ) مایع بمب 20 لیتری اصل,,2220000,111000.0,20.0,,True,2025-08-06 12:43:41,2025-08-10 15:11:28
https://basalam.com/allk1/product/11025414,کود پتاس بالا مایع بمب 20 لیتری,,1620000,81000.0,20.0,,True,2025-08-06 12:43:43,2025-08-10 15:11:30
https://basalam.com/allk1/product/10943090,کود جلبک مایع بمب 1 لیتری,,240000,240000.0,1.0,,True,2025-08-06 12:43:44,2025-08-10 10:56:01
https://basalam.com/allk1/product/10965516,کود آهن مایع بمب 20 لیتری,,1710000,85500.0,20.0,,True,2025-08-06 12:43:46,2025-08-10 10:56:03
https://basalam.com/kud-fertilizer-razavi/product/21163689,کود اسید هیومیک 95 درصد شوک 5 لیتری اصل,,900000,180000.0,5.0,,,2025-08-06 12:43:48,2025-08-06 12:43:48
https://basalam.com/kud-fertilizer-razavi/product/21163768,کود کشاورزی، کود منگنز مایع شوک 1 لیتری اصل,,230000,230000.0,1.0,,,2025-08-06 12:43:49,2025-08-06 12:43:49
https://basalam.com/kud-fertilizer-razavi/product/21163686,کود مایع، کود ده ایکس شوک 5 لیتری اصل,,900000,180000.0,5.0,,,2025-08-06 12:43:51,2025-08-06 12:43:51
https://basalam.com/giyah-atlas/product/15743833,گل و گیاه آپارتماتی بنت قنسول,,389000,nan,,,True,2025-08-06 12:43:52,2025-08-10 10:56:06
https://basalam.com/giyah-atlas/product/17280725,کود مایع آهن مخصوص گیاهان آپارتمانی,,35000,nan,,,True,2025-08-06 12:43:54,2025-08-10 10:56:08
https://basalam.com/giyah-atlas/product/17280709,کود مایع مخصوص کاکتوس,,35000,nan,,,True,2025-08-06 12:43:56,2025-08-10 10:56:11
https://basalam.com/giyah-atlas/product/17276382,سم و آفت کش گیاهان آپارتمانی مالاتیون,,35000,nan,,,True,2025-08-06 12:43:57,2025-08-10 10:56:13
https://basalam.com/kudka/product/21300942,کود نانو، کود آهن 25 درصد شوک 20 لیتری,,2300000,115000.0,20.0,,True,2025-08-06 12:43:59,2025-08-10 10:56:15
https://basalam.com/kudka/product/21300878,کود فسفیت پتاسیم مایع شوک 20 لیتری اصل,,2600000,130000.0,20.0,,True,2025-08-06 12:44:00,2025-08-10 10:56:18
https://basalam.com/kudka/product/21300916,کود ارگانیک، کود خیار شوک 1 لیتری,,290000,290000.0,1.0,,True,2025-08-06 12:44:02,2025-08-10 15:20:24
https://basalam.com/kudka/product/21300965,کود نانو، کود فسفر شوک 5 لیتری,,1250000,250000.0,5.0,,True,2025-08-06 12:44:04,2025-08-10 15:20:27
https://basalam.com/kudka/product/21300983,کود 10 ایکس شوک 20 لیتری,,3200000,160000.0,20.0,,True,2025-08-06 12:44:05,2025-08-10 15:20:30
https://basalam.com/kudka/product/21300856,کود کلسیم مایع شوک 20 لیتری اصل,,1850000,92500.0,20.0,,True,2025-08-06 12:44:07,2025-08-10 15:20:33
https://basalam.com/kudka/product/21300925,کود نانو، کود گوجه فرنگی شوک 20 لیتری,,1900000,95000.0,20.0,,True,2025-08-06 12:44:08,2025-08-10 15:20:35
https://basalam.com/kudka/product/21300960,کود گلدهی 12-12-36 شوک 1 لیتری NPK,,270000,270000.0,1.0,,True,2025-08-06 12:44:10,2025-08-10 15:20:38
https://basalam.com/kudka/product/21300871,کود نانو، کود رنگ آوری شوک 5 لیتری اصل,,1000000,200000.0,5.0,,True,2025-08-06 12:44:12,2025-08-10 15:20:41
https://basalam.com/kudka/product/21300939,کود مایع، کود زینک (روی) شوک 20 لیتری,,2200000,110000.0,20.0,,True,2025-08-06 12:44:13,2025-08-10 15:20:44
https://basalam.com/capsulejangal/product/14850174,کود جنگل ویژه گیاهان آپارتمانی بسته 4عددی,,199000,nan,,,True,2025-08-06 12:44:15,2025-08-10 15:13:02
https://basalam.com/tetaco/product/307455,کود NPK 10-50-10 تتاکو مناسب گلدان و باغچه وزن 120 گرم,,47500,nan,,,,2025-08-06 12:44:18,2025-08-06 12:44:18
https://basalam.com/azarsabzineh/product/4417159,کود مخصوص بونسای سانیا کود مدل 5-9-7 وزن 50 گرم,,19900,nan,,,True,2025-08-06 12:44:20,2025-08-10 15:13:05
https://basalam.com/lilium_plants/product/9883925,کود پودری هیومیک اسید 50 گرم پروتکت نیچر,,115000,nan,,,True,2025-08-06 12:44:21,2025-08-10 15:17:11
https://basalam.com/lilium_plants/product/11882282,کود جلبک دریایی اسپانیائی,,447000,nan,,,True,2025-08-06 12:44:23,2025-08-10 15:27:19
https://basalam.com/lilium_plants/product/9883982,کود پودری (20-20-20) 50 گرم پروتکت نیچر,,85000,nan,,,True,2025-08-06 12:44:25,2025-08-10 15:17:14
https://basalam.com/lilium_plants/product/13600522,کود پودری 50 گرمی 10-52-10(تقویت ریشه) پروتکت نیچر,,108000,nan,,,True,2025-08-06 12:44:26,2025-08-10 15:17:16
https://basalam.com/lilium_plants/product/9883789,کود آهن مایع 125 میلی لیتر پروتکت نیچر,,117000,nan,,,True,2025-08-06 12:44:28,2025-08-10 15:17:19
https://basalam.com/shakhobargg/product/17631809,کود ازت بالا,,66000,nan,,,True,2025-08-06 12:44:29,2025-08-10 15:13:42
https://basalam.com/shakhobargg/product/17631960,کود مخصوص بونسای برای شادابی و سلامت بونسای,,99000,nan,,,True,2025-08-06 12:44:31,2025-08-10 15:13:45
https://basalam.com/shakhobargg/product/17615736,کود بیو بیست گلد OMEX Bio 20,,92000,nan,,,True,2025-08-06 12:44:33,2025-08-10 15:13:49
https://basalam.com/shakhobargg/product/17615147,کود هیدروپونیک هادر A و B,,207000,nan,,,True,2025-08-06 12:44:34,2025-08-10 15:13:52
https://basalam.com/kashtebartar/product/2829197,NPK 12-12-36ME فرومیتو (یک کیلویی و 10 کیلویی ),,285000,28500.0,10.0,,True,2025-08-06 12:44:36,2025-08-10 15:13:18
https://basalam.com/kashtebartar/product/21415396,سم آبامکتین(کنه ها، مگسها و پروانه های مینوز،و ...),,69500,nan,,,True,2025-08-06 12:44:38,2025-08-10 15:13:21
https://basalam.com/golkademina/product/24122025,گل و گیاه آپارتمانی گوش گرگی کمیاب امتری هزینه ارسال برعهده مشتری,,1153000,nan,,,True,2025-08-06 12:45:00,2025-08-10 15:19:11
https://basalam.com/kashtebartar/product/1318687,کود ورمی کمپوست صد در صد خالص بستری مناسب برای گیاهان آپارتمانی ،چالکود درختان باغات و مزارع 10کیلویی(تضمین کیفیت ),,395000,39500.0,10.0,,True,2025-08-06 12:46:03,2025-08-10 15:13:23
https://basalam.com/kashtebartar/product/646602,کود ورمی کمپوست صد در صد خالص بستری مناسب برای گیاهان آپارتمانی ،چالکود درختان باغات و مزارع یک کیلویی(تضمین کیفیت ),,50000,nan,,,True,2025-08-06 12:46:05,2025-08-10 15:13:26
https://basalam.com/irankood/product/636782,کود کامل 10-52-10 کشاورزی مخصوص ریشه و گل دهی 10 کیلویی,,3970000,397000.0,10.0,,True,2025-08-06 12:46:07,2025-08-10 15:21:44
https://basalam.com/irankood/product/5665561,کود تقویت ریشه- گل و افزایش حجم و وزن محصول- مونو پتاسیم فسفات وپروفرت هلند,,835000,nan,,,True,2025-08-06 12:46:08,2025-08-10 15:21:34
https://basalam.com/irankood/product/10484621,کود فروت ست پودری وپروفرت 1 کیلویی,,689000,689000.0,1.0,,True,2025-08-06 12:46:10,2025-08-10 15:21:31
https://basalam.com/irankood/product/5665379,کود مونو آمونیوم فسفات تقویتی استارتر رشد گیاهان- تقویت ریشه و گلدهی 2 کیلویی,,855000,427500.0,2.0,,True,2025-08-06 12:46:12,2025-08-10 15:21:47
https://basalam.com/irankood/product/12499593,کود بور مایع وپروفرت 1 لیتری,,615000,615000.0,1.0,,True,2025-08-06 12:46:13,2025-08-10 15:21:39
https://basalam.com/irankood/product/10959952,کود 10 52 10 وانوما با عناصر ماکرو و میکرو ده کیلویی,,4570000,nan,,,True,2025-08-06 12:46:15,2025-08-10 15:21:42
https://basalam.com/golkhone_bahari/product/13718202,کود کلسیم ملکه,,109000,nan,,,True,2025-08-06 12:46:16,2025-08-10 15:13:29
https://basalam.com/golkhone_bahari/product/12831021,سم حشره کش گیاهی ملکه,,98000,nan,,,True,2025-08-06 12:46:18,2025-08-10 15:13:31
https://basalam.com/golkhone_bahari/product/12691318,کود رشد سه بیست,,75000,nan,,,True,2025-08-06 12:46:20,2025-08-10 15:13:34
https://basalam.com/giahpzeshkinanoteknolozhi/product/22827622,کود فروت ست مایع(روی.بر.نیتروژن) سیترونا,,265000,nan,,,True,2025-08-06 12:46:21,2025-08-10 15:13:37
https://basalam.com/giahpzeshkinanoteknolozhi/product/21977079,کود آمینو اسید شیمی سبز گاما,,770000,nan,,,True,2025-08-06 12:46:23,2025-08-10 15:13:39
https://basalam.com/giahpzeshkinanoteknolozhi/product/22785833,کود مس مایع آگروفر,,750000,nan,,,,2025-08-06 12:46:25,2025-08-06 12:46:25
https://basalam.com/vaaroozh/product/16944461,سوپر کود دکتر مارتین,,115000,nan,,,,2025-08-06 12:46:26,2025-08-06 12:46:26
https://basalam.com/k1cafee/product/16914016,کود مخصوص پسته مایع شوک 5 لیتری,,1170000,234000.0,5.0,,,2025-08-06 12:46:34,2025-08-06 12:46:34
https://basalam.com/k1cafee/product/17598159,کود مخصوص ذرت مایع شوک 20 لیتری,,3060000,153000.0,20.0,,,2025-08-06 12:46:36,2025-08-06 12:46:36
https://basalam.com/linne/product/3398548,کود کامل هلندی فسفر بالا هورتی گرو 5.50.20 (Hortigrow 5-50-20),,1150000,nan,,,True,2025-08-06 12:46:38,2025-08-10 15:13:55
https://basalam.com/linne/product/9255392,کود آهن کلات 6درصد اورتو اورتو 3.5 درصد لاین اسپانیا,,950000,nan,,,True,2025-08-06 12:46:39,2025-08-10 15:13:58
https://basalam.com/art_mehraa/product/15163170,اکالیپتوس با کیفیت عالی، بار امسالی و تازه(1کیلوگرم),,231000,231000.0,1.0,,True,2025-08-06 12:46:44,2025-08-10 15:14:04
https://basalam.com/art_mehraa/product/15162656,صمغ مرمکی با کیفیت عالی، بار امسالی و تازه(250 گرمی),,3642500,nan,,,True,2025-08-06 12:46:46,2025-08-10 15:14:07
https://basalam.com/art_mehraa/product/15163273,بولاغ اوتی با کیفیت عالی، بار امسالی و تازه(5کیلوگرم),,4720400,944080.0,5.0,,True,2025-08-06 12:46:48,2025-08-10 15:14:09
https://basalam.com/art_mehraa/product/15163168,افسنطین با کیفیت عالی، بار امسالی و تازه(2کیلوگرم),,2575900,1287950.0,2.0,,True,2025-08-06 12:46:49,2025-08-10 15:14:12
https://basalam.com/art_mehraa/product/15163198,بارهنگ با کیفیت عالی، بار امسالی و تازه(2کیلوگرم),,5486000,2743000.0,2.0,,True,2025-08-06 12:46:51,2025-08-10 15:14:14
https://basalam.com/art_mehraa/product/15162392,گل بومادارن با کیفیت عالی، بار امسالی و تازه(150 گرمی ),,251200,nan,,,True,2025-08-06 12:46:52,2025-08-10 15:14:17
https://basalam.com/art_mehraa/product/15162495,صمغ عربی با کیفیت عالی، بار امسالی و تازه(150گرمی),,335700,nan,,,True,2025-08-06 12:46:54,2025-08-10 15:14:20
https://basalam.com/art_mehraa/product/15163029,اکالیپتوس با کیفیت عالی، بار امسالی و تازه(500گرمی),,195600,nan,,,True,2025-08-06 12:46:56,2025-08-10 15:14:22
https://basalam.com/art_mehraa/product/15162189,گیاه رازک با کیفیت عالی، بار امسالی و تازه(100گرمی),,629900,nan,,,True,2025-08-06 12:46:57,2025-08-10 15:14:25
https://basalam.com/art_mehraa/product/15163509,گیاه کاکوتی با کیفیت عالی، بار امسالی و تازه(1کیلوگرم),,2422700,2422700.0,1.0,,True,2025-08-06 12:46:59,2025-08-10 15:14:28
https://basalam.com/art_mehraa/product/15162606,صمغ مرمکی با کیفیت عالی، بار امسالی و تازه(150 گرمی),,2995600,nan,,,True,2025-08-06 12:47:01,2025-08-10 15:14:30
https://basalam.com/art_mehraa/product/15163535,گیاه نعناع فلفلی با کیفیت عالی، بار امسالی و تازه(5کیلوگرم),,4937800,987560.0,5.0,,True,2025-08-06 12:47:02,2025-08-10 15:14:33
https://basalam.com/art_mehraa/product/15162905,برگ جینکو با کیفیت عالی، بار امسالی و تازه(500گرمی ),,2615100,nan,,,True,2025-08-06 12:47:04,2025-08-10 15:14:36
https://basalam.com/starmasho/product/12109015,10.52.10 NPK تی ای پلاس کود ریشه زایی قوی,,60000,nan,,,True,2025-08-06 12:47:06,2025-08-10 15:33:07
https://basalam.com/starmasho/product/13392357,کود هیومیک اسید غنی شده با جلبک دریا گل،گیاهان ارجینال,,60000,nan,,,True,2025-08-06 12:47:07,2025-08-10 15:33:04
https://basalam.com/starmasho/product/12858722,پرلیت متوسط دانه اصلی ریشه زایی گل و کنترل رطوبت,,40000,nan,,,True,2025-08-06 12:47:09,2025-08-10 15:33:02
https://basalam.com/art_mehraa/product/15162769,گیاه مریم گلی با کیفیت عالی، بار امسالی و تازه(500گرمی ),,917000,nan,,,True,2025-08-06 12:47:11,2025-08-10 15:14:38
https://basalam.com/art_mehraa/product/15162333,آلوئه ورا با کیفیت عالی، بار امسالی و تازه(250گرمی),,930300,nan,,,True,2025-08-06 12:47:12,2025-08-10 15:14:41
https://basalam.com/art_mehraa/product/15162803,گیاه کاسنی با کیفیت عالی، بار امسالی و تازه(500گرمی ),,387200,nan,,,True,2025-08-06 12:47:14,2025-08-10 15:14:44
https://basalam.com/art_mehraa/product/15162615,پوست اسفرزه با کیفیت عالی، بار امسالی و تازه (200گرمی),,1610700,nan,,,True,2025-08-06 12:47:15,2025-08-10 15:14:46
https://basalam.com/art_mehraa/product/15162233,گیاه جعفری با کیفیت عالی، بار امسالی و تازه(100 گرمی ),,277500,nan,,,True,2025-08-06 12:47:17,2025-08-10 15:14:49
https://basalam.com/art_mehraa/product/15163472,گیاه خارخاسک با کیفیت عالی، بار امسالی و تازه(2کیلوگرم),,791800,395900.0,2.0,,True,2025-08-06 12:47:19,2025-08-10 15:14:52
https://basalam.com/art_mehraa/product/15162855,گیاه سدر با کیفیت عالی، بار امسالی و تازه(750گرمی),,437500,nan,,,True,2025-08-06 12:47:27,2025-08-10 15:16:07
https://basalam.com/art_mehraa/product/15162633,ریشه کاسنی با کیفیت عالی، بار امسالی و تازه(250 گرمی),,260800,nan,,,True,2025-08-06 12:47:29,2025-08-10 15:16:21
https://basalam.com/art_mehraa/product/15162113,صمغ کندر با کیفیت عالی، بار امسالی و تازه(100گرمی),,782700,nan,,,True,2025-08-06 12:47:32,2025-08-10 15:14:55
https://basalam.com/art_mehraa/product/15163334,ریشه چوبک با کیفیت عالی، بار امسالی و تازه(5کیلوگرم),,1656800,331360.0,5.0,,True,2025-08-06 12:47:34,2025-08-10 15:15:11
https://basalam.com/art_mehraa/product/15162518,صمغ کندر با کیفیت عالی، بار امسالی و تازه(200گرمی),,1424100,nan,,,True,2025-08-06 12:47:35,2025-08-10 15:15:14
https://basalam.com/art_mehraa/product/15163455,گل بومادارن با کیفیت عالی، بار امسالی و تازه(1کیلوگرم),,769400,769400.0,1.0,,True,2025-08-06 12:47:37,2025-08-10 15:15:17
https://basalam.com/art_mehraa/product/15162217,گیاه خار مریم با کیفیت عالی، بار امسالی و تازه(100 گرمی ),,156500,nan,,,True,2025-08-06 12:47:39,2025-08-10 15:15:19
https://basalam.com/art_mehraa/product/15163505,گیاه کاسنی با کیفیت عالی، بار امسالی و تازه(1کیلوگرم),,727200,727200.0,1.0,,True,2025-08-06 12:47:40,2025-08-10 15:15:22
https://basalam.com/art_mehraa/product/15162949,گیاه جعفری با کیفیت عالی، بار امسالی و تازه(500گرمی),,1086000,nan,,,True,2025-08-06 12:47:42,2025-08-10 15:15:25
https://basalam.com/art_mehraa/product/15162427,ریشه چوبک با کیفیت عالی، بار امسالی و تازه(200 گرمی ),,198500,nan,,,True,2025-08-06 12:47:44,2025-08-10 15:15:54
https://basalam.com/art_mehraa/product/15164653,گل مینا با کیفیت عالی، بار امسالی و تازه(50گرمی),,1242800,nan,,,True,2025-08-06 12:47:45,2025-08-10 15:15:57
https://basalam.com/art_mehraa/product/15163526,گیاه مورد با کیفیت عالی، بار امسالی و تازه(2کیلوگرم),,1065300,532650.0,2.0,,True,2025-08-06 12:47:47,2025-08-10 15:16:02
https://basalam.com/art_mehraa/product/15162982,باباآدم با کیفیت عالی، بار امسالی و تازه(500گرمی),,410600,nan,,,True,2025-08-06 12:47:49,2025-08-10 15:16:05
https://basalam.com/art_mehraa/product/15162249,گل بومادارن با کیفیت عالی، بار امسالی و تازه(50 گرمی ),,128900,nan,,,True,2025-08-06 12:47:50,2025-08-10 15:15:27
https://basalam.com/art_mehraa/product/15162511,گیاه کاسنی با کیفیت عالی، بار امسالی و تازه(200گرمی),,253800,nan,,,True,2025-08-06 12:47:52,2025-08-10 15:15:30
https://basalam.com/art_mehraa/product/15163244,برگ سنا با کیفیت عالی، بار امسالی و تازه(2کیلوگرم),,1506100,753050.0,2.0,,True,2025-08-06 12:47:53,2025-08-10 15:15:33
https://basalam.com/art_mehraa/product/15162930,گیاه خرفه با کیفیت عالی، بار امسالی و تازه(750 گرمی ),,1238300,nan,,,True,2025-08-06 12:48:02,2025-08-10 15:16:13
https://basalam.com/art_mehraa/product/15162449,گیاه رازک با کیفیت عالی، بار امسالی و تازه(150گرمی),,890400,nan,,,True,2025-08-06 12:48:03,2025-08-10 15:16:15
https://basalam.com/art_mehraa/product/15163479,گیاه خرفه با کیفیت عالی، بار امسالی و تازه(1کیلوگرم),,1149000,1149000.0,1.0,,True,2025-08-06 12:48:05,2025-08-10 15:16:18
https://basalam.com/art_mehraa/product/15162209,ریشه خولنجان با کیفیت عالی، بار امسالی و تازه(100گرمی),,639000,nan,,,True,2025-08-06 12:48:07,2025-08-10 15:15:36
https://basalam.com/art_mehraa/product/15163077,استویا با کیفیت عالی، بار امسالی و تازه(500 گرمی),,2008200,nan,,,True,2025-08-06 12:48:08,2025-08-10 15:15:38
https://basalam.com/art_mehraa/product/15162516,صمغ کتیرا با کیفیت عالی، بار امسالی و تازه(200گرمی),,2063000,nan,,,True,2025-08-06 12:48:10,2025-08-10 15:15:41
https://basalam.com/art_mehraa/product/15162466,گیاه زوفا با کیفیت عالی، بار امسالی و تازه(150گرمی),,514500,nan,,,True,2025-08-06 12:48:12,2025-08-10 15:15:44
https://basalam.com/art_mehraa/product/15162146,برگ سنا با کیفیت عالی، بار امسالی و تازه(100گرمی),,122600,nan,,,True,2025-08-06 12:48:13,2025-08-10 15:15:46
https://basalam.com/art_mehraa/product/15162510,گیاه کاسنی با کیفیت عالی، بار امسالی و تازه(150گرمی),,221600,nan,,,True,2025-08-06 12:48:15,2025-08-10 15:15:49
https://basalam.com/art_mehraa/product/15162742,گیاه نعناع فلفلی با کیفیت عالی، بار امسالی و تازه(250 گرمی),,415700,nan,,,True,2025-08-06 12:48:17,2025-08-10 15:15:51
https://basalam.com/art_mehraa/product/15162409,صمغ ترنجبین با کیفیت عالی، بار امسالی و تازه(200 گرمی ),,3969300,nan,,,True,2025-08-06 12:48:18,2025-08-10 15:16:23
https://basalam.com/art_mehraa/product/15162290,اکالیپتوس با کیفیت عالی، بار امسالی و تازه(100گرمی ),,75500,nan,,,True,2025-08-06 12:48:20,2025-08-10 15:16:10
https://basalam.com/flower_of_the_city/product/19630167,کود آلی نیتروژنه و پتاسیم بسته 20 گرمی,,45000,nan,,,True,2025-08-06 12:48:22,2025-08-10 15:33:43
https://basalam.com/tirafel/product/15337025,کود کدا منیزیم,,869000,nan,,,,2025-08-06 12:48:23,2025-08-06 12:48:23
https://basalam.com/tirafel/product/15336973,کود فراکتون کیمیتک,,1980000,nan,,,True,2025-08-06 12:48:25,2025-08-10 15:32:28
https://basalam.com/tirafel/product/15341563,کود نیتروزیست 5 لیتری,,715000,143000.0,5.0,,True,2025-08-06 12:48:27,2025-08-10 15:17:00
https://basalam.com/tirafel/product/15339385,کود مای سویل مایسا 20 لیتری (پس کرایه),,1672000,83600.0,20.0,,True,2025-08-06 12:48:28,2025-08-10 15:18:13
https://basalam.com/tirafel/product/15337046,کود سیلیپات ایدای نیچر اسپانیا,,1067000,nan,,,True,2025-08-06 12:48:30,2025-08-10 15:38:53
https://basalam.com/novinkeshtsepahan/product/5949599,کود کامل فروت پاور فرمولایف غنی شده با کلسیم و آمینواسید بسته 2 کیلوگرمی,,900000,450000.0,2.0,,True,2025-08-06 12:48:33,2025-08-10 15:18:23
https://basalam.com/novinkeshtsepahan/product/5825946,کود NPK 8-15-22 اورسول(به همراه کلسیم، منیزیم و ریزمغذی ها)وزن 10 کیلوگرم,,2800000,280000.0,10.0,,True,2025-08-06 12:48:35,2025-08-10 15:18:26
https://basalam.com/novinkeshtsepahan/product/5828010,کود چیکوتی (کود مرغی مایع غنی شده)CHICKOTEA(ارسال با باربری یا تیپاکس به صورت پس کرایه),,1800000,nan,,,True,2025-08-06 12:48:37,2025-08-10 15:18:29
https://basalam.com/novinkeshtsepahan/product/5712513,کود کاملNpk فسفربالاریشه زا پودری 10-52-10 بسته 150 گرمی مدل نوین کشت,,65000,nan,,,True,2025-08-06 12:48:38,2025-08-10 15:18:31
https://basalam.com/novinkeshtsepahan/product/17739975,کود ستامین فرمولایف حجم1 لیتری(فروت ست+ آمینواسید),,430000,430000.0,1.0,,True,2025-08-06 12:48:40,2025-08-10 15:18:34
https://basalam.com/novinkeshtsepahan/product/5887467,کود ازت بالا NPK 28-14-14 + TE فر مولایف 25کیلوگرم (ارسال با باربری یا تیپاکس به صورت پس کرایه),,2875000,115000.0,25.0,,True,2025-08-06 12:48:43,2025-08-10 15:18:37
https://basalam.com/novinkeshtsepahan/product/5938339,کود آهن فرمولایف (Fe_EDTA 13%) کلات آهن پودری محلولپاش یک کیلوگرمی,,770000,nan,,,True,2025-08-06 12:48:45,2025-08-10 15:18:39
https://basalam.com/novinkeshtsepahan/product/6033936,کود کلات آهن لایفر ایتالیاFeEDDHA6درصد قوطی فلزی یک کیلوگرمی,,1500000,nan,,,True,2025-08-06 12:48:46,2025-08-10 15:18:42
https://basalam.com/novinkeshtsepahan/product/5827720,کود آهن و روی بهاران 20 لیتری Fe + Zn Chelate(ارسال با باربری یا تیپاکس به صورت پس کرایه),,2340000,117000.0,20.0,,True,2025-08-06 12:48:48,2025-08-10 15:18:44
https://basalam.com/mazrahestore/product/10745417,کود تقویتی کالسیو آلفردو اینستا اسپانیا حاوی کلسیم و اسید آمینه یک لیتری,,695000,nan,,,True,2025-08-06 12:48:50,2025-08-10 15:18:47
https://basalam.com/mazrahestore/product/15273730,کود تریو پلاس ارونتیکا اسپانیا FMZ حاوی آهن ، روی و منگنز,,785000,nan,,,True,2025-08-06 12:48:52,2025-08-10 15:18:49
https://basalam.com/mazrahestore/product/17350888,کود ریشه زای بیو رادیکانت فیوچرکو اسپانیا یک لیتری,,1800000,nan,,,True,2025-08-06 12:48:53,2025-08-10 15:18:52
https://basalam.com/novinkeshtsepahan/product/5640720,کود چالکود گرانول فرموکمپلکس برند فرمولایف کیسه 25 کیلویی,,3100000,124000.0,25.0,,True,2025-08-06 12:48:55,2025-08-10 15:20:46
https://basalam.com/jahankud98/product/25151684,کود فسفر 80درصد شوک 5 لیتری(پس کرایه),,1080000,216000.0,5.0,,True,2025-08-06 12:48:57,2025-08-10 15:21:00
https://basalam.com/dehkadesabz-com/product/24100031,کود سوپر پتاسیم هیومات,,365000,nan,,,True,2025-08-06 12:48:58,2025-08-10 15:19:00
https://basalam.com/abbasico94/product/21346814,سم قارچ کش بردوفیکس یک لیتری,,250000,nan,,,True,2025-08-06 12:49:00,2025-08-10 15:33:59
https://basalam.com/aqua_online/product/15614871,کود مایع کامل گیاهان آکواریوم آلیتا 500 میلی,,247500,nan,,,True,2025-08-06 12:49:02,2025-08-10 15:20:57
https://basalam.com/royagolspadan/product/15369818,آگلونما آندینی 3 بوته پُر هزینه ارسال بصورت پس کرایه و بعهده مشتری می باشد,,480000,nan,,,True,2025-08-06 12:49:03,2025-08-10 16:48:17
https://basalam.com/royagolspadan/product/17270063,اسپاتی فیلوم برگ پهن Spathiphyllum wallisii هزینه ارسال بصورت پس کرایه و بعهده مشتری می باشد,,500000,nan,,,True,2025-08-06 12:49:05,2025-08-10 16:48:20
https://basalam.com/royagolspadan/product/17270094,نهال خاص قهوه Coffea هزینه ارسال بصورت پس کرایه و بعهده مشتری می باشد,,350000,nan,,,True,2025-08-06 12:49:07,2025-08-10 16:48:23
https://basalam.com/keshavarzi_arman/product/13387217,کود اسید آمینه پودری گرند آمینو چینی (آمریکایی) با وزن 500 گرم,,650000,nan,,,True,2025-08-06 12:49:08,2025-08-10 16:48:14
https://basalam.com/aquariumplant/product/11752357,کود زیر بستری ایستا,,35000,nan,,,True,2025-08-06 12:49:10,2025-08-10 16:42:38
https://basalam.com/koodsamyoooka/product/21746709,کود آمینو کلات آهن (پس کرایه),,60000,nan,,,,2025-08-06 12:49:12,2025-08-06 12:49:12
https://basalam.com/koodsamyoooka/product/21780554,پک 12 تایی کود npks بمب رویش 1 (پس کرایه),,550000,nan,,,,2025-08-06 12:49:13,2025-08-06 12:49:13
https://basalam.com/sabz-for-roshd/product/19732278,کود فروت ست موبورسین ترکیه 250 گرمی,,448000,nan,,,True,2025-08-06 12:49:15,2025-08-10 16:41:11
https://basalam.com/sabz-for-roshd/product/17233071,کود 20 20 20 فرتینوکس با اسید امینه 500 گرمی سه بیست کود 2020,,255000,nan,,,True,2025-08-06 12:49:17,2025-08-10 16:41:14
https://basalam.com/sabz-for-roshd/product/18278120,سم اوانت اکسترا کِرم امامکتین بنزوات + ایندوکساکارب رهپاک,,611000,nan,,,True,2025-08-06 12:49:18,2025-08-10 16:41:17
https://basalam.com/sabz-for-roshd/product/17250798,کود مایع فرت آل ام بی گرومور فرتال فروت ست 1 لیتری,,1040000,1040000.0,1.0,,True,2025-08-06 12:49:20,2025-08-10 16:41:20
https://basalam.com/sabz-for-roshd/product/17303021,کود فسفر بالا 13 40 13 پلنت فید 20 کیلویی اردن,,5200000,260000.0,20.0,,True,2025-08-06 12:49:22,2025-08-10 16:41:23
https://basalam.com/sabz-for-roshd/product/17303157,کود 36 12 12 کرسنت ( 9،5 کیلویی ),,2830000,566000.0,5.0,,True,2025-08-06 12:49:24,2025-08-10 16:41:25
https://basalam.com/sabz-for-roshd/product/17512257,کود گوگرد مایع اوره سولفات مایع ترینوکس 60 درصد,,1940000,nan,,,True,2025-08-06 12:49:25,2025-08-10 16:41:28
https://basalam.com/sabz-for-roshd/product/18217913,کود 20 20 20 پودری فرتینوکس 10 کیلویی پلاس بنیز کود 2020,,2667000,266700.0,10.0,,True,2025-08-06 12:49:27,2025-08-10 16:41:31
https://basalam.com/sabz-for-roshd/product/18153408,کود سوپالینک SUPA LINK سوپا لینک اگریکم استرالیا 10 لیتری,,6980000,698000.0,10.0,,True,2025-08-06 12:49:29,2025-08-10 16:41:34
https://basalam.com/rooyesh-sabz/product/18013761,کود ریشه زایی فسفر بالا هپی پلنت مدل 10-50-10 وزن 25 گرم,,45000,nan,,,True,2025-08-06 12:49:30,2025-08-10 16:42:41
https://basalam.com/rooyesh-sabz/product/18016736,کود مایع قطره چکانی برگدهی گیاهان خانگی گلبان کود مدل Fast growth حجم 300 میلی لیتر بسته سه عددی,,109000,nan,,,True,2025-08-06 12:49:32,2025-08-10 16:42:44
https://basalam.com/rooyesh-sabz/product/18014270,کود کامل تقویت کننده و محرک رشد زامو مدل Bahar حجم 120 میلی لیتر,,45000,nan,,,True,2025-08-06 12:49:34,2025-08-10 16:42:47
https://basalam.com/rooyesh-sabz/product/18014261,کود کامل زاموفیلیا طلایی مدل Za حجم 120 میلی لیتر,,45000,nan,,,True,2025-08-06 12:49:35,2025-08-10 16:42:50
https://basalam.com/rooyesh-sabz/product/18014271,کود کامل زاموفیلیا سبز مدل Z G حجم 120 میلی لیتر,,45000,nan,,,True,2025-08-06 12:49:37,2025-08-10 16:42:53
https://basalam.com/rooyesh-sabz/product/18014267,کود کامل فردوس سینادیوم گرانتی مدل A18 حجم 120 میلی لیتر,,45000,nan,,,True,2025-08-06 12:49:39,2025-08-10 16:42:56
https://basalam.com/rooyesh-sabz/product/18014230,کود کامل کروتون کورتون مدل A36 حجم 120 میلی لیتر,,45000,nan,,,True,2025-08-06 12:49:40,2025-08-10 16:42:59
https://basalam.com/rooyesh-sabz/product/18014216,کود کامل کاج مطبق مدل A29 حجم 120 میلی لیتر,,45000,nan,,,True,2025-08-06 12:49:42,2025-08-10 16:43:02
https://basalam.com/rooyesh-sabz/product/18014212,کود کامل سانسوریا شمشیری مدل Sansever حجم 120 میلی لیتر,,45000,nan,,,True,2025-08-06 12:49:44,2025-08-10 16:43:05
https://basalam.com/rooyesh-sabz/product/18013892,کود تقویتی مخصوص خیار هپی پلنت مدل HP325 حجم 120 میلی لیتر,,45000,nan,,,True,2025-08-06 12:49:46,2025-08-10 16:43:07
https://basalam.com/rooyesh-sabz/product/18013893,کود تقویتی مخصوص نخل اریکا هپی پلنت مدل HP39 حجم 120 میلی لیتر,,45000,nan,,,True,2025-08-06 12:49:47,2025-08-10 16:43:10
https://basalam.com/rooyesh-sabz/product/18013857,کود تقویتی مخصوص گل آفتابگردان هپی پلنت مدل HP424 حجم 120 میلی لیتر,,45000,nan,,,True,2025-08-06 12:49:49,2025-08-10 16:43:13
https://basalam.com/rooyesh-sabz/product/18016084,کود مایع مولتی کود گل یاس مدل 14 حجم 120 میلی لیتر,,45000,nan,,,True,2025-08-06 12:49:51,2025-08-10 16:43:16
https://basalam.com/rooyesh-sabz/product/18016105,کود مایع کامل و تقویت کننده گل دراسنا مدل BRG15 حجم 120 میلی لیتر,,45000,nan,,,True,2025-08-06 12:49:52,2025-08-10 16:43:19
https://basalam.com/rooyesh-sabz/product/18016086,کود مایع مکمل رشد گیاه درسنا کامپکت مدل Super Power 01 حجم 120 میلی لیتر,,45000,nan,,,True,2025-08-06 12:49:54,2025-08-10 16:43:22
https://basalam.com/rooyesh-sabz/product/18016391,کود مایع محرک برگ دهی گیاهان خانگی مدل Spower حجم 120 میلی لیتر,,45000,nan,,,True,2025-08-06 12:49:56,2025-08-10 16:43:25
https://basalam.com/rooyesh-sabz/product/18016282,کود مایع هورمون گلدهی مدل Easy to Use حجم 300 میلی لیتر,,45000,nan,,,True,2025-08-06 12:49:57,2025-08-10 16:43:28
https://basalam.com/rooyesh-sabz/product/18014363,کود کامل کاکتوس اپونتیا مدل Epontia حجم 120 میلی لیتر,,45000,nan,,,True,2025-08-06 12:49:59,2025-08-10 16:43:31
https://basalam.com/rooyesh-sabz/product/18014336,کود کامل پتوس مانجولا مدل A60 حجم 120 میلی لیتر,,45000,nan,,,True,2025-08-06 12:50:01,2025-08-10 16:43:34
https://basalam.com/rooyesh-sabz/product/18014359,کود کامل زمستانه گل گیاه مدل Wer حجم 120 میلی لیتر,,45000,nan,,,True,2025-08-06 12:50:03,2025-08-10 16:43:37
https://basalam.com/rooyesh-sabz/product/18014331,کود آسپلنیوم سرخس لانه پرنده مدل Am حجم 120 میلی لیتر,,45000,nan,,,True,2025-08-06 12:50:29,2025-08-10 16:43:40
https://basalam.com/rooyesh-sabz/product/18016015,کود مایع مرکب مخصوص گل حنا مدل Z12 حجم 120 میلی لیتر,,45000,nan,,,True,2025-08-06 12:50:31,2025-08-10 16:43:43
https://basalam.com/rooyesh-sabz/product/18016009,کود مایع کامل غنی شده محرک پاجوش گیاهان مدل MultiPlus حجم 120 میلی لیتر,,45000,nan,,,True,2025-08-06 12:50:33,2025-08-10 16:43:46
https://basalam.com/rooyesh-sabz/product/18016025,کود مایع محرک رشد دیفن باخیا مدل Easy to Use حجم 120 میلی لیتر,,45000,nan,,,True,2025-08-06 12:50:35,2025-08-10 16:43:48
https://basalam.com/rooyesh-sabz/product/18014344,کود کامل آزالیا مدل A30 حجم 120 میلی لیتر,,45000,nan,,,True,2025-08-06 12:50:36,2025-08-10 16:43:51
https://basalam.com/rooyesh-sabz/product/18016730,کود مایع تخصصی دراسنا کد 8 حجم 120 میلی لیتر بسته 8 عددی,,209000,nan,,,True,2025-08-06 12:50:38,2025-08-10 16:43:54
https://basalam.com/rooyesh-sabz/product/18016027,کود مایع اسید آمینه مخصوص گیاهان خانگی مدل 2022 حجم 120 میلی لیتر بسته سه عددی,,69000,nan,,,True,2025-08-06 12:50:40,2025-08-10 16:43:57
https://basalam.com/rooyesh-sabz/product/18016355,کود مایع ان پی کا فسفر بالا مدل NPK 10 52 10 حجم 360 میلی لیتر بسته سه عددی,,59000,nan,,,True,2025-08-06 12:50:41,2025-08-10 16:44:00
https://basalam.com/rooyesh-sabz/product/18016524,کود مایع محرک رشد اسطوخدوس مدل Super power حجم 120 میلی لیتر بسته دو عددی,,109000,nan,,,True,2025-08-06 12:50:43,2025-08-10 16:44:03
https://basalam.com/rooyesh-sabz/product/18016727,کود پاپیتال و سه بیست و آهن و هیومیک کد pak1 حجم 120 میلی لیتر بسته 4 عددی,,135000,135000.0,1.0,,True,2025-08-06 12:50:45,2025-08-10 16:44:06
https://basalam.com/rooyesh-sabz/product/18013800,کود تقویتی مخصوص گل رز هپی پلنت مدل HP502 حجم 120 میلی لیتر,,45000,nan,,,True,2025-08-06 12:50:46,2025-08-10 16:44:09
https://basalam.com/rooyesh-sabz/product/18013821,کود ضد تنش و استرس هپی پلنت مدل آمینواسید وزن 25 گرم,,46000,nan,,,True,2025-08-06 12:50:48,2025-08-10 16:44:12
https://basalam.com/rooyesh-sabz/product/18016724,کود مایع چتری شفلرا و سه بیست و آهن و هیومیک مدل A حجم 120 میلی لیتر بسته 8 عددی,,209000,nan,,,True,2025-08-06 12:50:50,2025-08-10 16:44:15
https://basalam.com/rooyesh-sabz/product/18016623,کود مایع ارکیده و آدنیوم و مولتی کود و هیومیک مدل A حجم 120 میلی لیتر بسته 8 عددی,,209000,nan,,,True,2025-08-06 12:50:52,2025-08-10 16:44:18
https://basalam.com/rooyesh-sabz/product/18013847,کود تقویتی مخصوص فلفل زینتی هپی پلنت مدل HP340 حجم 120 میلی لیتر,,39000,nan,,,True,2025-08-06 12:50:53,2025-08-10 16:44:21
https://basalam.com/rooyesh-sabz/product/18013784,کود تقویتی مخصوص گل قهر و آشتی هپی پلنت مدل HP440 حجم 120 میلی لیتر,,45000,nan,,,True,2025-08-06 12:50:55,2025-08-10 16:44:24
https://basalam.com/rooyesh-sabz/product/18016696,کود مایع محرک رشد آلوئه ورا مدل Super power حجم 120 میلی لیتر بسته دو عددی,,84000,nan,,,True,2025-08-06 12:50:57,2025-08-10 16:44:27
https://basalam.com/rooyesh-sabz/product/18016265,کود پک اسیدآمینه، سه بیست، آهن، هیومیک، کد 3Pak حجم 120 میلی لیتر بسته 4 عددی,,79000,nan,,,True,2025-08-06 12:50:58,2025-08-10 16:44:30
https://basalam.com/rooyesh-sabz/product/18016439,کود مایع محرک رشد گل سنگ مدل Super powerحجم 120 میلی لیتر بسته دو عددی,,85000,nan,,,True,2025-08-06 12:51:00,2025-08-10 16:44:33
https://basalam.com/rooyesh-sabz/product/18016501,کود مایع محرک رشد درسنا مدل Mpower حجم 120 میلی لیتر بسته سه عددی,,109000,nan,,,True,2025-08-06 12:51:02,2025-08-10 16:44:36
https://basalam.com/rooyesh-sabz/product/18016619,کود مایع هورمون رشد سانسوریاکراواتی ابلق مدل Mpower حجم 120 میلی لیتر بسته دو عددی,,85000,nan,,,True,2025-08-06 12:51:04,2025-08-10 16:44:39
https://basalam.com/rooyesh-sabz/product/18016688,کود مایع مرکب مدل 16 حجم 120 میلی لیتر,,45000,nan,,,True,2025-08-06 12:51:05,2025-08-10 16:44:42
https://basalam.com/rooyesh-sabz/product/18016714,کود ارکیده و سه بیست و آهن و هیومیک کد 1Pk حجم 120 میلی لیتر بسته 4 عددی,,125000,nan,,,True,2025-08-06 12:51:07,2025-08-10 16:44:44
https://basalam.com/rooyesh-sabz/product/18014034,کود پتاس بالا، آهن و هیومیک اسید هپی پلنت مدل 12FH حجم 120 میلی لیتر,,99000,nan,,,True,2025-08-06 12:51:09,2025-08-10 16:44:47
https://basalam.com/rooyesh-sabz/product/18014040,کود سولفات پتاسیم هپی پلنت مدل سولوپتاس وزن 50 گرم,,39000,nan,,,True,2025-08-06 12:51:10,2025-08-10 16:44:50
https://basalam.com/rooyesh-sabz/product/18013709,کود تقویتی مخصوص دیفن باخیا هپی پلنت مدل HP37 حجم 120 میلی لیتر,,45000,nan,,,True,2025-08-06 12:51:12,2025-08-10 16:44:53
https://basalam.com/rooyesh-sabz/product/18016672,کود مایع مرکب مدل 04 حجم 120 میلی لیتر,,45000,nan,,,True,2025-08-06 12:51:14,2025-08-10 16:44:56
https://basalam.com/rooyesh-sabz/product/18016129,کود کامل مایع مخصوص انواع آگلونما مدل GL2 حجم کل 360 میلی لیتر بسته سه عددی,,59000,29500.0,2.0,,,2025-08-06 12:51:16,2025-08-06 12:51:16
https://basalam.com/rooyesh-sabz/product/18016057,کود دیفن باخیا و سه بیست و هیومیک و آهن کد A07 حجم 120 میلی لیتر بسته 4 عددی,,70000,nan,,,,2025-08-06 12:51:17,2025-08-06 12:51:17
https://basalam.com/rooyesh-sabz/product/18016435,کود مایع محرک رشد فیکوس مدل Super powerحجم 120 میلی لیتر بسته دو عددی,,85000,nan,,,,2025-08-06 12:51:19,2025-08-06 12:51:19
https://basalam.com/rooyesh-sabz/product/18016451,کود درسنا کامپکت و سه بیست و هیومیک و آهن کد A06 حجم 120 میلی لیتر بسته 4 عددی,,129000,nan,,,,2025-08-06 12:51:21,2025-08-06 12:51:21
https://basalam.com/rooyesh-sabz/product/18016669,کود مایع مرکب مدل 01 حجم 120 میلی لیتر,,45000,nan,,,,2025-08-06 12:51:22,2025-08-06 12:51:22
https://basalam.com/rooyesh-sabz/product/18016709,کود مایع هورمون رشد سانسوریاکراواتی ابلق مدل Mpower حجم 120 میلی لیتر بسته سه عددی,,109000,nan,,,,2025-08-06 12:51:24,2025-08-06 12:51:24
https://basalam.com/rooyesh-sabz/product/18016394,کود مایع برگ دهی انواع سانسوریا مدل GL2 حجم 240 میلی لیتر بسته دو عددی,,49000,24500.0,2.0,,,2025-08-06 12:51:26,2025-08-06 12:51:26
https://basalam.com/rooyesh-sabz/product/18016661,کود کامل ان پی کا فسفر بالا 10 52 10 مدل GL2 حجم 360 بسته سه عددی,,119000,59500.0,2.0,,,2025-08-06 12:51:28,2025-08-06 12:51:28
https://basalam.com/rooyesh-sabz/product/18016613,کود پیچک و سه بیست و آهن و هیومیک مدل Pak07 حجم 120 میلی لیتر بسته 4 عددی,,109000,15571.42857142857,7.0,,,2025-08-06 12:51:29,2025-08-06 12:51:29
https://basalam.com/rooyesh-sabz/product/18013717,کود تقویتی سیلیکات پتاسیم هپی پلنت مدل HP907 حجم 120 میلی لیتر,,45000,nan,,,,2025-08-06 12:51:31,2025-08-06 12:51:31
https://basalam.com/rooyesh-sabz/product/18013732,کود تقویتی مخصوص رازبری هپی پلنت مدل HP430 حجم 120 میلی لیتر,,45000,nan,,,,2025-08-06 12:51:33,2025-08-06 12:51:33
https://basalam.com/rooyesh-sabz/product/18016959,کود مایع محرک رشد آدنیوم مدل Mpower حجم 120 میلی لیتر بسته سه عددی,,110000,nan,,,,2025-08-06 12:51:35,2025-08-06 12:51:35
https://basalam.com/rooyesh-sabz/product/18016958,کود مایع محرک رشد بونسای مدل Spower حجم 120 میلی لیتر بسته سه عددی,,110000,nan,,,,2025-08-06 12:51:36,2025-08-06 12:51:36
https://basalam.com/rooyesh-sabz/product/18016927,کود مایع تخصصی بامبو کد Pak حجم 120 میلی لیتر بسته 8 عددی,,209000,nan,,,,2025-08-06 12:51:38,2025-08-06 12:51:38
https://basalam.com/rooyesh-sabz/product/18016903,کود مایع پتوس کود مدل 2022 حجم 120 میلی لیتر بسته دو عددی,,85000,nan,,,,2025-08-06 12:51:40,2025-08-06 12:51:40
https://basalam.com/rooyesh-sabz/product/18016778,کود مایع مرکب مدل 13 حجم 120میلی لیتر,,45000,nan,,,,2025-08-06 12:51:41,2025-08-06 12:51:41
https://basalam.com/rooyesh-sabz/product/18016768,کود مایع ان پی کا + آهن کد Pak حجم 120 میلی لیتر بسته 8 عددی,,209000,nan,,,,2025-08-06 12:51:43,2025-08-06 12:51:43
https://basalam.com/rooyesh-sabz/product/18016783,کود مایع مرکب مدل Bahar27 حجم 120 میلی لیتر,,45000,nan,,,,2025-08-06 12:51:45,2025-08-06 12:51:45
https://basalam.com/rooyesh-sabz/product/18016821,کود مایع پتاس بالا مدل NPK 12 12 36 حجم 120 میلی لیتر بسته دو عددی,,79000,nan,,,,2025-08-06 12:51:47,2025-08-06 12:51:47
https://basalam.com/rooyesh-sabz/product/18016897,کود سانسوریا و پتوس و اسید آمینه کد 12 حجم 120 میلی لیتر بسته سه عددی,,110000,nan,,,,2025-08-06 12:51:48,2025-08-06 12:51:48
https://basalam.com/rooyesh-sabz/product/18016879,کود مایع محرک رشد انواع آگلونما مدل Super power حجم 120 میلی لیتر بسته دو عددی,,81000,nan,,,,2025-08-06 12:51:50,2025-08-06 12:51:50
https://basalam.com/rooyesh-sabz/product/18016094,کود مایع محرک رشد گیاه یوکا مدل Super powerحجم 120 میلی لیتر بسته دو عددی,,49000,nan,,,,2025-08-06 12:51:53,2025-08-06 12:51:53
https://basalam.com/pouyakesht/product/22034267,کود کامل زعیم مدل 20 20 20 NPK وزن 1 کیلو گرم,,290000,290000.0,1.0,,True,2025-08-06 12:51:55,2025-08-10 16:35:03
https://basalam.com/dalida/product/18702403,کود پلیت مرغی روگا غنی شده با هیومیک اسید و گوگرد وزن 100 کیلوگرم,,1050000,10500.0,100.0,,,2025-08-06 12:51:57,2025-08-06 12:51:57
https://basalam.com/dalida/product/14724608,کود گوگرد معدنی خاکستری وزن 1 کیلوگرم,,70000,70000.0,1.0,,,2025-08-06 12:51:59,2025-08-06 12:51:59
https://basalam.com/goldas-co/product/19265916,کود گلداس NPK 121236 وزن 100 گرم,,125000,nan,,,True,2025-08-06 12:52:00,2025-08-10 16:53:51
https://basalam.com/rooyesh-sabz/product/18013712,کود تقویتی مخصوص برگ عبایی هپی پلنت مدل HP50 حجم 120 میلی لیتر,,45000,nan,,,,2025-08-06 12:52:02,2025-08-06 12:52:02
https://basalam.com/golsaraye_behesht/product/14209025,کود آهن ملکه محصول کشور آلمان (وزن60گرم),,145000,nan,,,True,2025-08-06 12:52:04,2025-08-10 16:53:08
https://basalam.com/golsaraye_behesht/product/14116659,کود پاجوش دهی 10-52-10 (محصول آلمان),,98000,nan,,,True,2025-08-06 12:52:05,2025-08-10 16:53:11
https://basalam.com/golsaraye_behesht/product/14209157,کود کلسیم ملکه(جهت افزایش ضخامت و ایستادگی ساقه و برگ),,110000,nan,,,True,2025-08-06 12:52:07,2025-08-10 16:53:14
https://basalam.com/bamorganic/product/22089978,کود تقویتی مخصوص بونسای با حجم 120 میلی لیتر برند تایمکس,,69000,nan,,,True,2025-08-06 12:52:09,2025-08-10 16:48:54
https://basalam.com/ali-salimi/product/15218763,کود 10-52-10,,120000,nan,,,True,2025-08-06 12:52:11,2025-08-10 16:53:30
https://basalam.com/home-com/product/20196934,کود آهن کلات پودری 6 درصد نومافر محصول قدرتمند شرکت کدا اسپانیا,,1500000,nan,,,True,2025-08-06 12:52:12,2025-08-10 16:53:45
https://basalam.com/nahashid/product/15509708,کود مایع ریشه زای آمریکایی و ارگانیک,,200000,nan,,,True,2025-08-06 12:52:14,2025-08-10 16:53:54
https://basalam.com/nahashid/product/9753681,کود آمینو اسید- انگلیسی 80 درصد,,250000,nan,,,True,2025-08-06 12:52:16,2025-08-10 16:53:57
https://basalam.com/nahashid/product/9741275,کود مایع تقویتی انگلیسی مراکل گرو،معجون رشد,,250000,nan,,,True,2025-08-06 12:52:18,2025-08-10 16:54:00
https://basalam.com/sadatfertilizer/product/19745002,کود آمینو اسید لبوسول آمینوسول Aminosol,,160000,nan,,,,2025-08-06 12:52:19,2025-08-06 12:52:19
https://basalam.com/ariyana_keshavarz/product/18448604,کود اسید هیومیک ریشه زایی,,350000,nan,,,True,2025-08-06 12:52:21,2025-08-10 16:49:30
https://basalam.com/ariyana_keshavarz/product/18541113,سم موش واکس بلوک شکلاتی,,300000,nan,,,True,2025-08-06 12:52:23,2025-08-10 16:49:33
https://basalam.com/ariyana_keshavarz/product/19021676,کود اسید هیومیک متوس یک لیتری,,1250000,nan,,,True,2025-08-06 12:52:25,2025-08-10 16:49:36
https://basalam.com/bahramistore/product/20891041,کود مایع جلبک دریایی مخصوص گیاهان آپارتمانی حجم 150 میلی لیتر,,120000,nan,,,True,2025-08-06 12:52:26,2025-08-10 16:53:43
https://basalam.com/koodkavus/product/21852903,کود پلت مرغی 25 کیلویی,,171000,6840.0,25.0,,True,2025-08-06 12:52:28,2025-08-10 16:49:27
https://basalam.com/koodinoshop/product/22082829,کود سوپر گرین 36-12-12 پتاس بالا (پس کرایه),,2220000,nan,,,True,2025-08-06 12:52:30,2025-08-10 16:54:06
https://basalam.com/kud-sabz/product/21589640,کود مولتی کمپلکس(مولتی بمب)بمب 20 لیتری,,2340000,117000.0,20.0,,True,2025-08-06 12:52:32,2025-08-10 17:06:19
https://basalam.com/kud-sabz/product/21589619,کود فسفر بالا (10-52-10) مایع بمب 5 لیتری,,1110000,222000.0,5.0,,True,2025-08-06 12:52:33,2025-08-10 17:06:22
https://basalam.com/kud-sabz/product/21589714,کود ارگانیک، کود مخصوص گوجه فرنگی شوک 20 لیتری,,2040000,102000.0,20.0,,True,2025-08-06 12:52:35,2025-08-10 17:06:25
https://basalam.com/shahdshimi/product/23919902,کود میکرومیکس مایع برند کلاستر (CLUSTER MICROMIX) یک لیتری,,459000,nan,,,True,2025-08-06 12:52:37,2025-08-10 16:53:48
https://basalam.com/shahdshimi/product/20135053,کود کامل NPK 12-12-36+ TE برند کلاستر 1 کیلوگرم,,217890,269000.0,1.0,,True,2025-08-06 12:52:39,2025-08-10 17:02:24
https://basalam.com/kood.shock/product/18131369,کود مخصوص خرما مایع شوک 20 لیتری,,3800000,190000.0,20.0,,True,2025-08-06 12:52:40,2025-08-10 17:06:13
https://basalam.com/kood.shock/product/18163354,کود ارگانیک، کود خیار شوک 1 لیتری,,380000,380000.0,1.0,,True,2025-08-06 12:52:42,2025-08-10 17:06:16
https://basalam.com/feloor1/product/19570202,کود پودری هیومیک اسید (پس کرایه),,1000000,nan,,,True,2025-08-06 12:52:44,2025-08-10 16:53:18
https://basalam.com/feloor1/product/21031525,کود پودری میکرو معدنی (پس کرایه),,690000,nan,,,True,2025-08-06 12:52:46,2025-08-10 16:53:21
https://basalam.com/feloor1/product/19580732,کود کامل فسفر بالا (پس کرایه),,1999000,nan,,,True,2025-08-06 12:52:47,2025-08-10 16:53:24
https://basalam.com/lucky_plant_ir/product/14940166,کود نیتروژن خالص (30 گرمی),,70000,nan,,,True,2025-08-06 12:52:49,2025-08-10 15:47:34
https://basalam.com/lucky_plant_ir/product/14940259,کود ترکیبی گرانول جلبک و پتاس بالا (700گرمی) (RICO),,850000,nan,,,True,2025-08-06 12:52:51,2025-08-10 15:47:36
https://basalam.com/lucky_plant_ir/product/14959656,کود ضد قارچ (24گرمی) (RICO),,115000,nan,,,True,2025-08-06 12:52:53,2025-08-10 15:47:39
https://basalam.com/lucky_plant_ir/product/14260713,کود گرانول پتاس بالا (55گرمی) (RICO),,110000,nan,,,True,2025-08-06 12:52:54,2025-08-10 15:47:41
https://basalam.com/marketforall/product/7522379,کود پتاس بالا 60 درصد شوک ( آمریکایی ) مایع 5 لیتری,,1500000,300000.0,5.0,,True,2025-08-06 12:52:56,2025-08-10 16:50:13
https://basalam.com/marketforall/product/18604360,کود 20-20-20 EXPLODE نانو مایع 1 لیتری,,400000,400000.0,1.0,,True,2025-08-06 12:52:58,2025-08-10 16:50:16
https://basalam.com/marketforall/product/7504868,کود کامل 10x شوک (اصل) مایع 20 لیتری,,5300000,265000.0,20.0,,True,2025-08-06 12:53:00,2025-08-10 16:50:19
https://basalam.com/marketforall/product/9217972,کود سیلیکات پتاسیم 70 درصد شوک ( آمریکایی) مایع 5 لیتری,,1800000,360000.0,5.0,,True,2025-08-06 12:53:01,2025-08-10 16:50:22
https://basalam.com/marketforall/product/7504695,کود مخصوص زعفران شوک ( آمریکایی ) مایع 20 لیتری,,4600000,230000.0,20.0,,True,2025-08-06 12:53:03,2025-08-10 16:50:25
https://basalam.com/marketforall/product/8631520,کود گوگرد 80 درصد شوک ( آمریکایی ) مایع 1 لیتری,,480000,480000.0,1.0,,True,2025-08-06 12:53:05,2025-08-10 16:50:28
https://basalam.com/marketforall/product/9090353,کود ازت شوک ( آمریکایی ) مایع 1 لیتری,,250000,250000.0,1.0,,True,2025-08-06 12:53:07,2025-08-10 16:50:31
https://basalam.com/marketforall/product/9161051,کود مخصوص گردو شوک ( آمریکایی ) مایع 1 لیتری,,450000,450000.0,1.0,,True,2025-08-06 12:53:08,2025-08-10 16:50:34
https://basalam.com/marketforall/product/18687027,کود زعفران EXPLOE نانو مایع 5 لیتری,,1300000,260000.0,5.0,,True,2025-08-06 12:53:10,2025-08-10 16:50:37
https://basalam.com/marketforall/product/18602405,کود ایکس پاور گلد کمپانی EXPLODE نانو مایع 5 لیتری,,3800000,760000.0,5.0,,True,2025-08-06 12:53:12,2025-08-10 16:50:40
https://basalam.com/marketforall/product/18664856,کود پتاسیم 95درصد EXPLODE نانو مایع 5 لیتری,,1200000,240000.0,5.0,,True,2025-08-06 12:53:14,2025-08-10 16:50:43
https://basalam.com/marketforall/product/18630784,کود رنگ آوری EXPLODE نانو مایع 20 لیتری,,3900000,195000.0,20.0,,True,2025-08-06 12:53:15,2025-08-10 16:50:46
https://basalam.com/marketforall/product/7459937,کود اسید هیومیک 95 درصد شوک ( آمریکایی) مایع 5 لیتری,,1750000,350000.0,5.0,,True,2025-08-06 12:53:19,2025-08-10 16:50:49
https://basalam.com/marketforall/product/9071018,کود فروت ست شوک ( آمریکایی) مایع 5 لیتری,,1800000,360000.0,5.0,,True,2025-08-06 12:53:21,2025-08-10 16:50:52
https://basalam.com/marketforall/product/13869042,کود مخصوص پسته کمپانی بمب ( آمریکایی ) مایع یک لیتری,,400000,nan,,,True,2025-08-06 12:53:22,2025-08-10 16:50:55
https://basalam.com/marketforall/product/7506193,کود آمینو اسید 80 درصد شوک ( آمریکایی ) مایع 1 لیتری,,470000,470000.0,1.0,,True,2025-08-06 12:53:24,2025-08-10 16:50:58
https://basalam.com/marketforall/product/7522485,کود فروت ست شوک ( آمریکایی) مایع 20 لیتری,,4500000,225000.0,20.0,,True,2025-08-06 12:53:26,2025-08-10 16:51:01
https://basalam.com/marketforall/product/8952006,کود مخصوص خیار شوک ( آمریکایی ) مایع 5 لیتری,,1950000,390000.0,5.0,,True,2025-08-06 12:53:28,2025-08-10 16:51:04
https://basalam.com/marketforall/product/8966793,کود فسفر 80درصد شوک (اصلی) مایع 5 لیتری,,2300000,460000.0,5.0,,True,2025-08-06 12:53:29,2025-08-10 16:51:07
https://basalam.com/marketforall/product/13938058,کود مخصوص پسته کمپانی بمب ( آمریکایی ) مایع 20 لیتری,,3700000,185000.0,20.0,,True,2025-08-06 12:53:31,2025-08-10 16:51:10
https://basalam.com/marketforall/product/18602670,کود هیومیک اسید 100درصد EXPLODE نانو - مایع 20 لیتری,,3200000,160000.0,20.0,,True,2025-08-06 12:53:33,2025-08-10 16:51:14
https://basalam.com/marketforall/product/18621494,کود سیلیکات پتاسیم EXPLODE نانو مایع 5 لیتری,,1300000,260000.0,5.0,,True,2025-08-06 12:53:35,2025-08-10 16:51:17
https://basalam.com/marketforall/product/18686717,کود کلسیم 95درصد EXPLODE نانو مایع 5 لیتری,,1100000,220000.0,5.0,,True,2025-08-06 12:53:36,2025-08-10 16:51:20
https://basalam.com/roshdafza/product/4051670,قارچ کش سم کاربندازیم .60 درصد 25 گرمی کیفیت عالب,,60000,nan,,,True,2025-08-06 12:53:38,2025-08-10 15:47:44
https://basalam.com/reihani_72/product/9733535,کود آمینو اسید شوک آمریکایی (ضد تنش) 5لیتری,,1750000,350000.0,5.0,,True,2025-08-06 12:53:40,2025-08-10 15:47:47
https://basalam.com/reihani_72/product/9511230,کود زعفران شوک مایع 5 لیتری نانو مخصوص گلدهی گل اب,,1800000,360000.0,5.0,,True,2025-08-06 12:53:42,2025-08-10 15:47:49
https://basalam.com/reihani_72/product/9732062,کود فسفر بالا 10 52 10 (NPK) شوک آمریکایی کود ریشه زایی 5 لیتری,,2200000,440000.0,5.0,,True,2025-08-06 12:53:44,2025-08-10 15:47:52
https://basalam.com/reihani_72/product/9716086,کود فسفر بالا 80 درصد شوک آمریکایی اصل 1 لیتری,,540000,540000.0,1.0,,True,2025-08-06 12:53:45,2025-08-10 15:47:55
https://basalam.com/reihani_72/product/9959834,کود سیلیکات پتاسیم شوک آمریکایی نانو مایع گالن 20 لیتری (جلوگیری از ورس),,4450000,222500.0,20.0,,True,2025-08-06 12:53:47,2025-08-10 15:47:57
https://basalam.com/reihani_72/product/9608440,کود پتاس بالا شو ک ( k60) آمریکایی اصل 20 لیتری,,3250000,54166.666666666664,60.0,,True,2025-08-06 12:53:49,2025-08-10 15:48:00
https://basalam.com/reihani_72/product/9313313,کود کامل 10 x شوک آمریکایی اصل نانو مایع 1 لیتری,,510000,510000.0,1.0,,True,2025-08-06 12:53:51,2025-08-10 15:48:03
https://basalam.com/reihani_72/product/9313411,کود کامل 10x شوک آمریکایی اصل 5 لیتری نانو,,2100000,420000.0,5.0,,True,2025-08-06 12:53:52,2025-08-10 15:48:05
https://basalam.com/razegolhaa/product/5351238,آفت کش آبامکتین راز گل ها ( مناسب برای مبارزه با کنه ها و ...) ( 30 میلی),,110000,nan,,,True,2025-08-06 12:53:54,2025-08-10 17:06:28
https://basalam.com/asha_agri/product/9172001,کود 1 لیتری نانو مایع جلبک دریایی شوک اصل آمریکا,,405000,405000.0,1.0,,,2025-08-06 12:53:56,2025-08-06 12:53:56
https://basalam.com/asha_agri/product/9215310,کود 1 لیتری نانو مایع 20.20.20 (NPK) شوک اصل آمریکا,,395000,395000.0,1.0,,,2025-08-06 12:53:58,2025-08-06 12:53:58
https://basalam.com/asha_agri/product/9171609,کود 20 لیتری پتاس بالا شوک(K60) اصل آمریکا,,2600000,130000.0,20.0,,,2025-08-06 12:53:59,2025-08-06 12:53:59
https://basalam.com/digitimax/product/24122029,کود مایع بنفشه آفریقایی تایمکس 150ml,,160000,nan,,,True,2025-08-06 12:54:01,2025-08-10 15:48:10
https://basalam.com/digitimax/product/24123339,کود مایع مخصوص سانسوریا تایمکس 150ml,,160000,nan,,,True,2025-08-06 12:54:03,2025-08-10 15:48:13
https://basalam.com/digitimax/product/24244919,کود مایع گلهای آپارتمانی تایمکس 150ml,,160000,nan,,,True,2025-08-06 12:54:05,2025-08-10 15:48:16
https://basalam.com/digitimax/product/24122670,کود مایع آنتوریوم تایمکس 150ml,,160000,nan,,,True,2025-08-06 12:54:07,2025-08-10 15:48:18
https://basalam.com/digitimax/product/24245710,کود مایع پاجوش دهی تایمکس 150ml,,160000,nan,,,True,2025-08-06 12:54:08,2025-08-10 15:48:21
https://basalam.com/digitimax/product/24129115,کود مایع ارکیده تایمکس 150ml,,180000,nan,,,True,2025-08-06 12:54:10,2025-08-10 15:48:23
https://basalam.com/reihani_72/product/9486103,کود فروت ست شوک مایع آمریکایی اصل 5 لیتری نانو,,1800000,360000.0,5.0,,True,2025-08-06 12:54:12,2025-08-10 15:48:26
https://basalam.com/reihani_72/product/9547807,کود فولویک اسید شوک 1 لیتری مایع آمریکایی نانو اصل,,420000,420000.0,1.0,,True,2025-08-06 12:54:14,2025-08-10 15:48:29
https://basalam.com/beyhagh-organic-products/product/14530603,صمغ ترنجبین با کیفیت عالی، بار امسالی و تازه(100 گرمی ),,584000,nan,,,True,2025-08-06 12:54:15,2025-08-10 15:48:31
https://basalam.com/beyhagh-organic-products/product/14530675,آلوئه ورا با کیفیت عالی، بار امسالی و تازه(100گرمی),,368000,nan,,,True,2025-08-06 12:54:17,2025-08-10 15:48:34
https://basalam.com/beyhagh-organic-products/product/14530941,صمغ صبر زرد با کیفیت عالی، بار امسالی و تازه(200گرمی ),,571000,nan,,,True,2025-08-06 12:54:19,2025-08-10 15:48:37
https://basalam.com/beyhagh-organic-products/product/14531453,آلوئه ورا با کیفیت عالی، بار امسالی و تازه(250 گرمی),,877000,nan,,,True,2025-08-06 12:54:21,2025-08-10 15:48:39
https://basalam.com/beyhagh-organic-products/product/14531034,صمغ مرمکی با کیفیت عالی، بار امسالی و تازه(250 گرمی),,1702000,nan,,,True,2025-08-06 12:54:23,2025-08-10 15:48:42
https://basalam.com/beyhagh-organic-products/product/14530513,ریشه سنبل الطیب با کیفیت عالی، بار امسالی و تازه(50گرمی),,182000,nan,,,True,2025-08-06 12:54:24,2025-08-10 15:48:45
https://basalam.com/beyhagh-organic-products/product/14530400,ریشه آنغوزه با کیفیت عالی، بار امسالی و تازه(50گرمی ),,50000,nan,,,True,2025-08-06 12:54:26,2025-08-10 15:48:47
https://basalam.com/beyhagh-organic-products/product/14530370,پوست اسفرزه با کیفیت عالی، بار امسالی و تازه (50گرمی ),,184000,nan,,,True,2025-08-06 12:54:28,2025-08-10 15:48:50
https://basalam.com/beyhagh-organic-products/product/14530577,ریشه خولنجان با کیفیت عالی، بار امسالی و تازه(100گرمی),,243000,nan,,,True,2025-08-06 12:54:30,2025-08-10 15:48:53
https://basalam.com/beyhagh-organic-products/product/14531011,ریشه کاسنی با کیفیت عالی، بار امسالی و تازه(500گرمی),,371000,nan,,,True,2025-08-06 12:54:32,2025-08-10 15:48:56
https://basalam.com/golbaft1403/product/21025034,کوکداما کراسولا یشم نماد خوش شانسی و ثروت، مقاوم (پس کرایه),,140000,nan,,,True,2025-08-06 12:54:33,2025-08-10 15:48:58
https://basalam.com/kudmod1/product/15794738,کود گلدهی 36-12-12 شوک npk مایع 1 لیتری,,370000,370000.0,1.0,,True,2025-08-06 12:54:35,2025-08-10 15:49:01
https://basalam.com/kudmod1/product/19756836,کود مخصوص پیاز شوک پلاس 5 لیتری اصل,,1550000,310000.0,5.0,,True,2025-08-06 12:54:37,2025-08-10 15:49:04
https://basalam.com/kudmod1/product/19756344,کود هیومیک اسید 5 لیتری شوک پلاس اصل,,1650000,330000.0,5.0,,True,2025-08-06 12:54:39,2025-08-10 15:49:06
https://basalam.com/kudmod1/product/15778228,کود مخصوص گندم و جو ارگانیک 20 لیتری,,3000000,150000.0,20.0,,True,2025-08-06 12:54:40,2025-08-10 15:49:09
https://basalam.com/kudmod1/product/19756741,کود سیلیکات پتاسیم شوک پلاس 20 لیتری نانو,,3850000,192500.0,20.0,,True,2025-08-06 12:54:42,2025-08-10 15:49:12
https://basalam.com/kudmod1/product/19756722,کود فروت ست 1 لیتری شوک پلاس نانو,,430000,430000.0,1.0,,True,2025-08-06 12:54:47,2025-08-10 15:49:14
https://basalam.com/kudmod1/product/19756306,کود NPK فسفر شوک پلاس 20 لیتری نانو,,5700000,285000.0,20.0,,True,2025-08-06 12:54:48,2025-08-10 15:49:17
https://basalam.com/kudmod1/product/15797277,کود مخصوص زامفولیا شوک 5 لیتری,,300000,60000.0,5.0,,True,2025-08-06 12:54:50,2025-08-10 15:49:20
https://basalam.com/kudmod1/product/19756818,کود مخصوص خرما شوک پلاس 20 لیتری اصل,,5100000,255000.0,20.0,,True,2025-08-06 12:54:52,2025-08-10 15:49:23
https://basalam.com/kudmod1/product/19756342,کود هیومیک اسید 99درصد شوک پلاس 20 لیتری,,3400000,170000.0,20.0,,True,2025-08-06 12:54:54,2025-08-10 15:49:26
https://basalam.com/kudmod1/product/19756260,کود مخصوص هلو شوک پلاس 1 لیتری اصل,,450000,450000.0,1.0,,True,2025-08-06 12:54:56,2025-08-10 15:49:28
https://basalam.com/kudmod1/product/19756293,کود NPK سه بیست شوک پلاس 5 لیتری,,1800000,360000.0,5.0,,True,2025-08-06 12:54:57,2025-08-10 15:49:31
https://basalam.com/kudmod1/product/19756857,کود مخصوص برنج شوک پلاس 20 لیتری اصل,,5100000,255000.0,20.0,,True,2025-08-06 12:54:59,2025-08-10 15:49:34
https://basalam.com/dalida/product/15367512,کود پلیت مرغی روگا غنی شده با هیومیک اسید و گوگرد وزن 25 کیلوگرم آنالیز 60درصد,,265600,10624.0,25.0,,,2025-08-06 12:55:01,2025-08-06 12:55:01
https://basalam.com/nahashid/product/6930753,کود تقویتی انگلیسی مراکل گرو،معجون رشد,,450000,nan,,,True,2025-08-06 12:55:03,2025-08-10 16:54:03
https://basalam.com/royanclinic-birjand/product/22310708,کود آمینون میکرو مافا اسپانیا,,1200000,nan,,,True,2025-08-06 12:55:05,2025-08-10 15:49:36
https://basalam.com/royanclinic-birjand/product/22310674,کود بور اتانول آمین مافا اسپانیا,,1850000,nan,,,True,2025-08-06 12:55:06,2025-08-10 15:49:39
https://basalam.com/royanclinic-birjand/product/17810578,کود گل و گیاه آپارتمانی گرین مکس1,,90000,nan,,,True,2025-08-06 12:55:08,2025-08-10 15:49:42
https://basalam.com/tebnosh/product/487562,باکس گل رز جاودان ساقه دار پایه روس همراه گیفت و ساک دستی,,1030000,nan,,,True,2025-08-06 12:55:10,2025-08-10 15:49:45
https://basalam.com/tebnosh/product/531327,گل رز جاودان قرمز با باکس تمام پلکسی همراه ریسه و ربان,,1070000,nan,,,True,2025-08-06 12:55:12,2025-08-10 15:49:47
https://basalam.com/brandpoison/product/23240983,سم مگس کش آجیتای نیم کیلویی اصل سوئیس,,2500000,nan,,,True,2025-08-06 12:55:14,2025-08-10 16:54:09
https://basalam.com/brandpoison/product/23240876,سم مارمولک اکوشاوم 4 لیتری,,2200000,550000.0,4.0,,True,2025-08-06 12:55:15,2025-08-10 16:54:12
https://basalam.com/saliworm/product/21988371,کود اسید هیومیک مونتانا12 (پس کرایه),,1850000,nan,,,True,2025-08-06 12:55:17,2025-08-10 15:49:50
https://basalam.com/b1fzm4ry/product/19565992,کود مایع فولوئیک اسید,,75000,nan,,,True,2025-08-06 12:55:19,2025-08-10 15:49:53
https://basalam.com/giahpezeshkijavan/product/21695650,کود هاروست,,590000,nan,,,True,2025-08-06 12:55:21,2025-08-10 15:49:56
https://basalam.com/feloor1/product/19572109,کود پودری میکرو معدنی ساخت ایران. برند کنجاله ساز (پس کرایه),,800000,nan,,,True,2025-08-06 12:55:23,2025-08-10 16:53:27
https://basalam.com/beheshte_golhha/product/8959020,کود npk10.52.10محرک ریشه زایی بهکود متریال المان بسته 50گرمی,,60000,6000.0,10.52,,True,2025-08-06 12:55:24,2025-08-10 15:49:58
https://basalam.com/beheshte_golhha/product/8958833,کود Npk20.20.20 متریال المان بسته 50گرمی غذای کامل گیاه,,60000,3000.0,20.2,,True,2025-08-06 12:55:26,2025-08-10 15:50:01
https://basalam.com/koodhamoon/product/6653526,کود کامل رویال مکس 30-05-15 npk پلنت استار (ارسال به صورت پس کرایه),,2500000,nan,,,True,2025-08-06 12:55:28,2025-08-10 15:50:04
https://basalam.com/your_mazandaran01/product/17050369,سم حلزون 250 گرمی ضد آب,,75000,nan,,,True,2025-08-06 12:55:30,2025-08-10 15:50:07
https://basalam.com/gole_naz1400/product/9290081,کود مخصوص سانسوریا کود هیومیک اسید برای رشد و پاجوشدهی انواع سانسوریا پک شیش عددی,,200000,nan,,,True,2025-08-06 12:55:32,2025-08-10 15:50:09
https://basalam.com/have-health-plant-whit-tooba/product/16548212,کود الفر ویتامینو اسپانیا آمینو اسید 1لیتری,,1325000,1325000.0,1.0,,True,2025-08-06 12:55:33,2025-08-10 15:50:12
https://basalam.com/have-health-plant-whit-tooba/product/22082552,سم اکسی کلرورمس آریا100گرمی,,125000,nan,,,True,2025-08-06 12:55:35,2025-08-10 15:50:15
https://basalam.com/have-health-plant-whit-tooba/product/22082999,سم متالاکسیل+مانکوزب 72درصدریدومیل آریا,,130000,nan,,,True,2025-08-06 12:55:37,2025-08-10 15:50:17
https://basalam.com/have-health-plant-whit-tooba/product/18322095,کود آمینو اسید ایزابیون سینجنتا یک لیتری,,1500000,nan,,,True,2025-08-06 12:55:39,2025-08-10 15:50:22
https://basalam.com/have-health-plant-whit-tooba/product/22081526,سم گلایفوزیت رانداپ آریا یک لیتری گلایفوریا,,530000,nan,,,True,2025-08-06 12:55:41,2025-08-10 15:50:25
https://basalam.com/have-health-plant-whit-tooba/product/14095121,کود مایع سپتا نیترو مکس نیتروژن40 1لیتری,,380000,380000.0,1.0,,True,2025-08-06 12:55:42,2025-08-10 15:50:28
https://basalam.com/have-health-plant-whit-tooba/product/16685023,کود فلورال پتاسیم 1کیلویی سیفو,,1100000,1100000.0,1.0,,True,2025-08-06 12:55:44,2025-08-10 15:50:31
https://basalam.com/have-health-plant-whit-tooba/product/14810065,سم علف کش رانداپ گلایفوزیت 41درصد شیما گرو1لیتری,,515000,515000.0,1.0,,True,2025-08-06 12:55:46,2025-08-10 15:50:33
https://basalam.com/have-health-plant-whit-tooba/product/23352629,کود آرامیکس دوکیلویی کیلویی آریا شیمی,,600000,nan,,,True,2025-08-06 12:55:48,2025-08-10 15:50:36
https://basalam.com/khadamat_keshavarzi_gasemi/product/17665414,کود فروت ست موبرسین ترکیه,,435000,nan,,,True,2025-08-06 12:55:50,2025-08-10 15:50:39
https://basalam.com/khadamat_keshavarzi_gasemi/product/21498932,کود کامل سه بیست 20-20-20 مش بلژیک,,3250000,nan,,,True,2025-08-06 12:55:52,2025-08-10 15:50:42
https://basalam.com/khadamat_keshavarzi_gasemi/product/22380211,کود کامل ارگانیک ریتاردو اسپانیا,,3900000,nan,,,True,2025-08-06 12:55:53,2025-08-10 15:50:44
https://basalam.com/khadamat_keshavarzi_gasemi/product/21653615,کود کلات آهن کمپلسال آیرون 6درصد اسپانیا,,1200000,nan,,,True,2025-08-06 12:55:55,2025-08-10 15:50:47
https://basalam.com/benyaminkazempour.com/product/22867033,کود 10.10.40 وی پاور (ترکیه) 10 کیلوگرمی,,2850000,285000.0,10.0,,True,2025-08-06 12:55:57,2025-08-10 15:50:50
https://basalam.com/cafegolkhooneahvaz/product/23540352,کود 105210 (ریشه زا) (پس کرایه),,70000,nan,,,,2025-08-06 12:55:59,2025-08-06 12:55:59
https://basalam.com/hamyargol/product/19383031,کود 10 52 10 ـ رشد,,70000,nan,,,True,2025-08-06 12:56:01,2025-08-10 15:50:52
https://basalam.com/beh_giah/product/15191764,کود تقویتی 121236 (پس کرایه),,330000,nan,,,True,2025-08-06 12:56:02,2025-08-10 16:49:48
https://basalam.com/cactus_garden/product/4603519,کود سانسوریا 2عددی,,16000,nan,,,True,2025-08-06 12:56:04,2025-08-10 15:50:55
https://basalam.com/roselina/product/7814853,کود 20 - 20 - 20 ( رشد و تقویت گیاهان ),,48000,nan,,,True,2025-08-06 12:56:06,2025-08-10 15:50:58
https://basalam.com/roselina/product/7815165,کود آهن آگروفا,,48000,nan,,,True,2025-08-06 12:56:08,2025-08-10 15:51:00
https://basalam.com/roselina/product/9331864,کود 20-20-20 سه تایی,,120000,nan,,,True,2025-08-06 12:56:10,2025-08-10 15:51:03
https://basalam.com/roselina/product/9331677,کود آهن (کلات آهن ) 6درصد kollant ایتالیا دوتایی,,90000,nan,,,True,2025-08-06 12:56:11,2025-08-10 15:51:06
https://basalam.com/jahankud98/product/23313319,کود کلسیم شوک 5 لیتری (پس کرایه),,888000,177600.0,5.0,,True,2025-08-06 12:56:16,2025-08-10 15:51:08
https://basalam.com/jahankud98/product/23491664,کود ده ایکس گلد 10x شوک 5 لیتری (پس کرایه),,1545000,309000.0,5.0,,True,2025-08-06 12:56:18,2025-08-10 15:51:11
https://basalam.com/jahankud98/product/22975764,کود پتاس بالا شوک 60درصد 5 لیتری (پس کرایه),,835000,167000.0,5.0,,True,2025-08-06 12:56:19,2025-08-10 15:51:14
https://basalam.com/kudsam/product/19040576,کود ازت مایع 20لیتری (اوره آمونیوم نیترات ),,1200000,60000.0,20.0,,True,2025-08-06 12:56:21,2025-08-10 15:51:17
https://basalam.com/roselina/product/9332553,کود 36-12-12 سه تایی,,120000,nan,,,True,2025-08-06 12:56:23,2025-08-10 15:51:19
https://basalam.com/koodhamoon/product/6653127,کود کامل رویال مکس 52-00-00 npk پلنت استار (ارسال به صورت پس کرایه ),,1500000,nan,,,True,2025-08-06 12:56:25,2025-08-10 15:51:22
https://basalam.com/shimistore/product/24133523,کود مایع روتی فرت کود مدل K50 حجم یک لیتر ( پس کرایه ),,247500,nan,,,True,2025-08-06 12:56:27,2025-08-10 15:51:25
https://basalam.com/keshavarzbashi/product/17095413,سم سوسک فاضلاب کافی 250 سی سی - با ارسال رایگان,,245000,nan,,,,2025-08-06 12:56:29,2025-08-06 12:56:29
https://basalam.com/keshavarzbashi/product/20942809,سم قوی برای کشتن پشه توالت - با ارسال رایگان,,550000,nan,,,,2025-08-06 12:56:30,2025-08-06 12:56:30
https://basalam.com/reyhan-sabz/product/16806639,کود ریزمغذی دکامیک شاور,,460000,nan,,,True,2025-08-06 12:56:32,2025-08-10 15:51:28
https://basalam.com/sam_kod_shahbaxiyann/product/21903438,کود پاش شارژی 20 کیلویی Black panther,,2950000,147500.0,20.0,,True,2025-08-06 12:56:34,2025-08-10 17:00:41
https://basalam.com/caseshik/product/21891526,کود میکرو کامل,,965000,nan,,,True,2025-08-06 12:56:36,2025-08-10 17:02:18
https://basalam.com/zarin_ko_aral/product/6995316,کود میناسول کلسیم (پس کرایه),,300000,nan,,,True,2025-08-06 12:56:38,2025-08-10 15:51:30
https://basalam.com/zarin_ko_aral/product/7590629,سم خراط,,150000,nan,,,True,2025-08-06 12:56:39,2025-08-10 15:51:33
https://basalam.com/zarin_ko_aral/product/5768608,کود ماکرو 121236 (پس کرایه),,2150000,nan,,,True,2025-08-06 12:56:41,2025-08-10 15:51:36
https://basalam.com/zarin_ko_aral/product/5768436,کود اوره فسفات 44 درصد فلوریش (پس کرایه),,2200000,nan,,,True,2025-08-06 12:56:43,2025-08-10 15:51:38
https://basalam.com/zarin_ko_aral/product/8178537,سم حشره کش دیازینون (پس کرایه),,900000,nan,,,True,2025-08-06 12:56:45,2025-08-10 15:51:41
https://basalam.com/partaksoil/product/8922225,باسیلار (ریشه زا اسپانیایی) کود مایع 1 لیتری,,1250000,1250000.0,1.0,,True,2025-08-06 12:56:47,2025-08-10 15:51:44
https://basalam.com/partaksoil/product/5230808,بیو بیست گلد( کود مایع محصول انگلستان ),,1690000,nan,,,True,2025-08-06 12:56:49,2025-08-10 15:51:46
https://basalam.com/seyyedmeysamhoseyni/product/7194004,کود آهن نانو 11درصد یک لیتری جنریت اصلی محصول آمریکا,,1530000,nan,,,True,2025-08-06 12:56:50,2025-08-10 16:48:57
https://basalam.com/seyyedmeysamhoseyni/product/11872976,کود پتاس بالای k66 جنریت آمریکا 20 لیتری,,11430000,173181.81818181818,66.0,,True,2025-08-06 12:56:52,2025-08-10 16:49:00
https://basalam.com/seyyedmeysamhoseyni/product/7194070,کود آهن نانو 11درصد پنج لیتری جنریت اصلی محصول آمریکا,,6390000,nan,,,True,2025-08-06 12:56:54,2025-08-10 16:49:03
https://basalam.com/seyyedmeysamhoseyni/product/7161021,کود آمینواسید جنریت یک لیتری محصول ایالات متحده,,900000,nan,,,True,2025-08-06 12:56:56,2025-08-10 16:49:06
https://basalam.com/royanclinic-birjand/product/22480552,کود هیومیک اسید پلاس 5لیتری تتاکو,,650000,130000.0,5.0,,True,2025-08-06 12:56:58,2025-08-10 15:51:49
https://basalam.com/golden-kud/product/21301305,کود نانو، کود خیار شوک 20 لیتری,,3000000,150000.0,20.0,,True,2025-08-06 12:57:00,2025-08-10 15:51:52
https://basalam.com/golden-kud/product/21301283,کود سه بیست ( 20-20-20 ) شوک 1 لیتری اصلNPK,,275000,275000.0,1.0,,True,2025-08-06 12:57:01,2025-08-10 15:51:55
https://basalam.com/golden-kud/product/21301345,کود نانو، کود رنگ آوری شوک 5 لیتری,,1000000,200000.0,5.0,,True,2025-08-06 12:57:03,2025-08-10 15:51:57
https://basalam.com/golden-kud/product/21301219,کود ارگانیک، کود خیار شوک 1 لیتری اصل,,290000,290000.0,1.0,,True,2025-08-06 12:57:05,2025-08-10 15:52:00
https://basalam.com/golden-kud/product/21301374,کود آمینو اسید 80 درصد شوک 1 لیتری,,250000,250000.0,1.0,,True,2025-08-06 12:57:07,2025-08-10 15:52:03
https://basalam.com/roselina/product/9331365,کود 36-12-12 دوتایی,,90000,nan,,,True,2025-08-06 12:57:09,2025-08-10 15:52:05
https://basalam.com/roselina/product/9332868,میکس دوتایی (کود آهن وکود 10-52-10 ),,90000,nan,,,True,2025-08-06 12:57:11,2025-08-10 15:52:08
https://basalam.com/tooskavian/product/16667102,کود کلسیم یاراویتا-پس کرایه,,705500,nan,,,True,2025-08-06 12:57:12,2025-08-10 15:52:11
https://basalam.com/tooskavian/product/16667374,کود گلخانه یاراویتا-پس کرایه,,1484900,nan,,,True,2025-08-06 12:57:14,2025-08-10 15:52:13
https://basalam.com/sgarden/product/8642738,ساکولنت اشک عروس و اشک تمساح,,45000,nan,,,True,2025-08-06 12:57:16,2025-08-10 15:52:16
https://basalam.com/rohe-sabz/product/23375692,12.12.36+TE کود تقویتی,,120000,nan,,,True,2025-08-06 12:57:18,2025-08-10 15:52:19
https://basalam.com/roselina/product/9333690,میکس دوتایی (کود آهن و کود 36-12-12 ),,90000,nan,,,True,2025-08-06 12:57:20,2025-08-10 15:52:22
https://basalam.com/soilarghavan/product/6026953,کود کاج مطبق و خانواده سوزنی برگان,,30000,nan,,,True,2025-08-06 12:57:22,2025-08-10 15:52:24
https://basalam.com/soilarghavan/product/7739734,سم قارچ کش، مانکوزب + کاربندازیم (صد گرمی),,85000,nan,,,True,2025-08-06 12:57:24,2025-08-10 15:52:27
https://basalam.com/soilarghavan/product/642269,کود کاکتوس ،تقویتی,,35000,nan,,,True,2025-08-06 12:57:25,2025-08-10 15:52:29
https://basalam.com/orginalkud/product/12376474,کود هیومیک اسید 95 درصد جنریت آمریکا یک لیتری,,810000,nan,,,True,2025-08-06 12:57:27,2025-08-10 15:52:34
https://basalam.com/orginalkud/product/12714233,کود مایع مولتی کمپلکس پنج لیتری جنریت محصول آمریکا,,8100000,nan,,,True,2025-08-06 12:57:29,2025-08-10 15:52:36
https://basalam.com/orginalkud/product/12759559,کود فروت ست جنریت (مایع) آمریکایی اصل پنج لیتری,,3870000,nan,,,True,2025-08-06 12:57:31,2025-08-10 15:52:39
https://basalam.com/orginalkud/product/12721053,کود سه بیست مایع جنریت آمریکا پنج لیتری,,3150000,nan,,,True,2025-08-06 12:57:33,2025-08-10 15:52:42
https://basalam.com/orginalkud/product/12352559,کود پتاس بالای K66 جنریت پنج لیتری66درصدپتاس محصول ایالات متحده,,4500000,nan,,,True,2025-08-06 12:57:35,2025-08-10 15:52:44
https://basalam.com/mohammadreza1988/product/10764817,بونسای(شفلرا سبز و ابلق و طلایی)(پس کرایه),,480000,nan,,,True,2025-08-06 12:57:36,2025-08-10 15:52:47
https://basalam.com/mohammadreza1988/product/8585327,کود(بیورادیکانت)قوی ترین کود.دکتر یشیل,,100000,nan,,,True,2025-08-06 12:57:38,2025-08-10 15:52:50
https://basalam.com/taranomsa/product/9527364,کود کامل 36-12-12 NPK وپروفرت هلندی 2 کیلویی,,540000,270000.0,2.0,,True,2025-08-06 12:57:40,2025-08-10 15:52:52
https://basalam.com/abo_khak_alborz/product/10017140,کود هیومیک اسید پلنت چویس,,950000,nan,,,True,2025-08-06 12:57:42,2025-08-10 15:52:55
https://basalam.com/abo_khak_alborz/product/8537838,کود تقویتی فیدینگ 10 گرمی لانگ فلوور,,230000,nan,,,True,2025-08-06 12:57:46,2025-08-10 15:52:58
https://basalam.com/abo_khak_alborz/product/24090107,کود محرک ریشه ریژو محصول شرکت کیمیتک,,1650000,nan,,,True,2025-08-06 12:57:48,2025-08-10 15:53:00
https://basalam.com/nahadeh45/product/8462222,کود آلی مایع رویش سبز مخصوص گل های آپارتمانی 120 میلی لیتری تقویتی ضدقارچ,,80000,nan,,,True,2025-08-06 12:57:50,2025-08-10 15:53:03
https://basalam.com/technoland/product/14263179,کود 20-20-20 بلژیکی 100گرمی,,29000,nan,,,True,2025-08-06 12:57:51,2025-08-10 15:53:06
https://basalam.com/hashtbehesht72/product/14110578,سم سوسک کش گرین لایف خارجی قوی,,645000,nan,,,True,2025-08-06 12:57:53,2025-08-10 15:53:09
https://basalam.com/marvaaqua/product/22470714,کود مایع کربن گیاهان آکواریوم آلیتا Alita Carbon 500ml,,213000,nan,,,True,2025-08-06 12:57:55,2025-08-10 15:53:12
https://basalam.com/kud-delta/product/20210377,کود پتاس بالا K66 یک لیتری جنریت امریکا غنی شده با اهن و امینواسید,,990000,nan,,,True,2025-08-06 12:57:57,2025-08-10 15:53:15
https://basalam.com/jooker/product/4305228,کود سه بیست دکتر مدل 20-20-20 Dr-NPK وزن 100 گرم,,63000,nan,,,True,2025-08-06 12:57:59,2025-08-10 15:53:17
https://basalam.com/allkud/product/2577726,کود مخصوص خیار گلخانه ای یک لیتری محصول شرکت سوپرمی آمریکا,,350000,nan,,,True,2025-08-06 12:58:01,2025-08-10 16:53:33
https://basalam.com/mahuragol/product/3803962,کود تقویتی مخصوص ریشه دهی و رشد سریع ساقه گلها ارسال با پست و تیپاکس,,60000,nan,,,True,2025-08-06 12:58:03,2025-08-10 15:53:20
https://basalam.com/mahuragol/product/3904483,دراسینا آناناسی ( کامپکت ) کد 020 ارسال با پست و تیپاکس,,120000,nan,,,True,2025-08-06 12:58:04,2025-08-10 15:53:23
https://basalam.com/mahuragol/product/3899460,گل آگولنما کالباسی (خارجی) چند بوته ارسال با پست و تیپاکس,,600000,nan,,,True,2025-08-06 12:58:06,2025-08-10 15:53:26
https://basalam.com/narenjspadanadarokhane/product/5608864,کود سم نونامیک مس پلاس نیم لیتری,,650000,nan,,,True,2025-08-06 12:58:08,2025-08-10 15:53:29
https://basalam.com/mahnahydroponics/product/4368626,کود هیدروپونیک جامد مخصوص گیاهان آپارتمانی و بونسای کد BO1000,,429000,nan,,,True,2025-08-06 12:58:10,2025-08-10 15:53:32
https://basalam.com/mahnahydroponics/product/4255746,کود هیدروپونیک جامد مخصوص دوره رویشی کد G1000,,429000,nan,,,True,2025-08-06 12:58:12,2025-08-10 15:53:35
https://basalam.com/mahnahydroponics/product/13052382,کود هیدروپونیک مایع مخصوص انواع ارکیده کد LO100,,169000,nan,,,True,2025-08-06 12:58:14,2025-08-10 15:53:37
https://basalam.com/mahnahydroponics/product/13052421,کود هیدروپونیک مایع مخصوص انواع ارکیده کد LOr100,,169000,nan,,,True,2025-08-06 12:58:16,2025-08-10 15:53:40
https://basalam.com/mahnahydroponics/product/13052520,کود هیدروپونیک مایع مخصوص گل رز و شاخه بریده کد LR100,,169000,nan,,,True,2025-08-06 12:58:17,2025-08-10 15:53:43
https://basalam.com/mahnahydroponics/product/4369273,کود هیدروپونیک جامد هوگلند کد H1000,,429000,nan,,,True,2025-08-06 12:58:19,2025-08-10 15:53:45
https://basalam.com/mahnahydroponics/product/4207175,کود هیدروپونیک جامد مخصوص انواع سبزیجات کد V1000,,429000,nan,,,True,2025-08-06 12:58:21,2025-08-10 15:53:48
https://basalam.com/mahnahydroponics/product/4255924,کود هیدروپونیک جامد مخصوص توت فرنگی کد S100,,125000,nan,,,True,2025-08-06 12:58:23,2025-08-10 15:53:51
https://basalam.com/mahnahydroponics/product/13051809,کود هیدروپونیک مایع گوجه فرنگی و صیفی جات کد LT1000,,479000,nan,,,True,2025-08-06 12:58:25,2025-08-10 15:53:53
https://basalam.com/shimistore/product/24100015,کود سانسوی گرین مدل پودری کد 20 20 20 وزن یک کیلوگرم ( پس کرایه ),,160000,nan,,,True,2025-08-06 12:58:27,2025-08-10 15:53:56
https://basalam.com/shimistore/product/24093758,کود کلات روی (EDTA) سانسوی گرین مدل پودری وزن یک کیلوگرم ( پس کرایه),,600000,nan,,,True,2025-08-06 12:58:29,2025-08-10 15:53:59
https://basalam.com/sabz-for-roshd/product/24660009,سم قارچکش سیدلی تاپ سینجنتا 250 میلی لیتر,,1570000,nan,,,True,2025-08-06 12:58:30,2025-08-10 16:41:37
https://basalam.com/soghatsara_nakhl_77/product/4734085,سم کشنده و قوی سوسک و حشرات خارجی,,47000,nan,,,True,2025-08-06 12:58:32,2025-08-10 15:54:01
https://basalam.com/faslfive/product/14322469,کودمرغی چیکود فصل پنجم، ارسال با اتوبوس و پس کرایه,,1045000,nan,,,True,2025-08-06 12:58:34,2025-08-10 15:54:04
https://basalam.com/soghatsara_nakhl_77/product/6430480,کود مخلوط آهن و پتاسیم سولفات غنی شده,,353500,nan,,,True,2025-08-06 12:58:36,2025-08-10 15:54:07
https://basalam.com/soghatsara_nakhl_77/product/17475652,سم موش فوق قوی,,227900,nan,,,True,2025-08-06 12:58:38,2025-08-10 15:54:10
https://basalam.com/goldooneye_zendegi/product/7303717,کود ورمی کمپوست (حداقل خرید از غرفه 400 تومن)(هزینه پسکرایه),,28000,nan,,,True,2025-08-06 12:58:40,2025-08-10 15:54:12
https://basalam.com/arzankade_asraa/product/20181756,کود فسفر بالا (پس کرایه),,77000,nan,,,True,2025-08-06 12:58:42,2025-08-10 15:54:15
https://basalam.com/giah_daru/product/9593685,سرخس بلوطی گلدان 14 و 16 زییا و با سبز چمنی خوشرنگ,,137000,nan,,,True,2025-08-06 12:58:44,2025-08-10 15:54:18
https://basalam.com/golnazyakhi/product/24413394,گل زیبای آپارتمانی سینگنیوم سبز مسی و ابلق(پس کرایه),,115000,nan,,,True,2025-08-06 12:58:45,2025-08-10 15:54:20
https://basalam.com/farzam-store/product/20976937,سم کاربندازیم 1کیلو گرم (پس کرایه),,719000,719000.0,1.0,,True,2025-08-06 12:58:47,2025-08-10 15:54:23
https://basalam.com/nanosadra/product/12855039,کود فروت ست خضرا (پس کرایه),,680000,nan,,,True,2025-08-06 12:58:49,2025-08-10 15:54:26
https://basalam.com/khadamat-keshavarzi-afra/product/16270615,کود سوپر پی جی آر 400 گرم بارافشان,,610000,nan,,,True,2025-08-06 12:58:51,2025-08-10 15:54:28
https://basalam.com/rosevetpharmacy/product/24036114,سم مگس کومودور محصول ترکیه,,1300000,nan,,,True,2025-08-06 12:58:53,2025-08-10 15:54:31
https://basalam.com/reyhan_online/product/12600404,کود فولویک اسید پودری(فولوی استار) چینی یک کیلویی,,555000,nan,,,True,2025-08-06 12:58:55,2025-08-10 15:54:33
https://basalam.com/reyhan_online/product/13401986,کود آمینو اسید پودری انگبین سبزکاوشان قوطی یک کیلویی,,598000,nan,,,True,2025-08-06 12:58:57,2025-08-10 15:54:36
https://basalam.com/sonnatiteb/product/22152707,گیاه بهار مرکبات با کیفیت عالی، بار امسالی و تازه(100گرمی ),,115284,nan,,,,2025-08-06 12:58:58,2025-08-06 12:58:58
https://basalam.com/sonnatiteb/product/22157334,گل سرخار گل با کیفیت عالی و ممتاز (100 گرمی ),,132890,nan,,,,2025-08-06 12:59:00,2025-08-06 12:59:00
https://basalam.com/sonnatiteb/product/22157380,صمغ کتیرا با کیفیت عالی، بار امسالی و تازه(50گرمی),,432620,nan,,,True,2025-08-06 12:59:02,2025-08-10 17:07:20
https://basalam.com/sonnatiteb/product/22157038,گل بومادارن با کیفیت عالی، بار امسالی و تازه(200 گرمی ),,105730,nan,,,,2025-08-06 12:59:04,2025-08-06 12:59:04
https://basalam.com/sonnatiteb/product/22155977,باباآدم، بار امسالی و تازه (5کیلوگرم),,877656,175531.2,5.0,,,2025-08-06 12:59:06,2025-08-06 12:59:06
https://basalam.com/sonnatiteb/product/22156858,صمغ کتیرا با کیفیت عالی، بار امسالی و تازه(150گرمی),,1269730,nan,,,,2025-08-06 12:59:08,2025-08-06 12:59:08
https://basalam.com/sonnatiteb/product/22156880,صمغ عربی با کیفیت عالی، بار امسالی و تازه(150گرمی),,143778,nan,,,,2025-08-06 12:59:10,2025-08-06 12:59:10
https://basalam.com/sonnatiteb/product/22156462,صمغ عربی با کیفیت عالی، بار امسالی و تازه(750گرمی),,493851,nan,,,,2025-08-06 12:59:12,2025-08-06 12:59:12
https://basalam.com/sonnatiteb/product/22157359,صمغ عربی با کیفیت عالی، بار امسالی و تازه(50گرمی),,57303,nan,,,True,2025-08-06 12:59:14,2025-08-10 17:07:28
https://basalam.com/sonnatiteb/product/22157412,گیاه مریم گلی با کیفیت عالی، بار امسالی و تازه(50گرمی),,56502,nan,,,True,2025-08-06 12:59:19,2025-08-10 17:07:34
https://basalam.com/sonnatiteb/product/22155598,گیاه کاکوتی با کیفیت عالی، بار امسالی و تازه(1کیلوگرم),,643028,643028.0,1.0,,,2025-08-06 12:59:21,2025-08-06 12:59:21
https://basalam.com/sonnatiteb/product/22155612,گیاه سدر با کیفیت عالی، بار امسالی و تازه (1کیلوگرم),,185588,185588.0,1.0,,,2025-08-06 12:59:23,2025-08-06 12:59:23
https://basalam.com/sonnatiteb/product/22155639,گیاه خار مریم با کیفیت عالی، بار امسالی و تازه(2کیلوگرم),,621295,310647.5,2.0,,,2025-08-06 12:59:25,2025-08-06 12:59:25
https://basalam.com/sonnatiteb/product/22155593,گیاه گزنه با کیفیت عالی، بار امسالی و تازه(5کیلوگرم),,1229635,245927.0,5.0,,,2025-08-06 12:59:27,2025-08-06 12:59:27
https://basalam.com/sonnatiteb/product/22155599,گیاه کاسنی با کیفیت عالی، بار امسالی و تازه(5کیلوگرم),,955368,191073.6,5.0,,,2025-08-06 12:59:29,2025-08-06 12:59:29
https://basalam.com/sonnatiteb/product/22155582,گیاه مورد با کیفیت عالی، بار امسالی و تازه(5کیلوگرم),,2034153,406830.6,5.0,,,2025-08-06 12:59:31,2025-08-06 12:59:31
https://basalam.com/sonnatiteb/product/22155609,گیاه سدر با کیفیت عالی، بار امسالی و تازه(5کیلوگرم),,927941,185588.2,5.0,,,2025-08-06 12:59:32,2025-08-06 12:59:32
https://basalam.com/sonnatiteb/product/22157337,برگ سنا، بار امسالی و تازه(100گرمی),,54756,nan,,,,2025-08-06 12:59:34,2025-08-06 12:59:34
https://basalam.com/sonnatiteb/product/22152967,گیاه بامبو پودر شده بار امسالی و تازه(50گرمی),,199335,nan,,,,2025-08-06 12:59:36,2025-08-06 12:59:36
https://basalam.com/sonnatiteb/product/22152889,برگ توت، بار امسالی و تازه(500گرمی),,140408,nan,,,,2025-08-06 12:59:38,2025-08-06 12:59:38
https://basalam.com/sonnatiteb/product/22156592,صمغ صبر زرد با کیفیت عالی، بار امسالی و تازه(250 گرمی),,650142,nan,,,True,2025-08-06 12:59:40,2025-08-10 17:06:54
https://basalam.com/sonnatiteb/product/22152565,گل یاس کبودبا کیفیت عالی، بار امسالی و تازه(5کیلوگرم ),,1401238,288915.0,5.0,,True,2025-08-06 12:59:42,2025-08-10 17:04:43
https://basalam.com/sonnatiteb/product/22156008,افسنطین، بار امسالی و تازه (1کیلوگرم),,336435,346840.0,1.0,,True,2025-08-06 12:59:44,2025-08-10 17:06:57
https://basalam.com/sonnatiteb/product/22156738,ریشه شیرین بیان (بدون پوست) با کیفیت عالی بار امسالی و تازه(200گرمی ),,264810,nan,,,True,2025-08-06 12:59:46,2025-08-10 17:06:47
https://basalam.com/sonnatiteb/product/22155616,گیاه سداب با کیفیت عالی، بار امسالی و تازه(1کیلوگرم),,809090,834113.0,1.0,,True,2025-08-06 12:59:48,2025-08-10 17:07:04
https://basalam.com/sonnatiteb/product/22157288,گیاه رازک با کیفیت عالی، بار امسالی و تازه(100گرمی),,196910,nan,,,,2025-08-06 12:59:49,2025-08-06 12:59:49
https://basalam.com/sonnatiteb/product/22149847,مومنایی سلاجیت پاکستانی با کیفیت عالی، بار امسالی و تازه(250 گرمی),,1584980,nan,,,,2025-08-06 12:59:51,2025-08-06 12:59:51
https://basalam.com/sonnatiteb/product/22156506,صمغ کندر با کیفیت عالی، بار امسالی و تازه(250گرمی ),,1034262,nan,,,True,2025-08-06 12:59:53,2025-08-10 17:02:27
https://basalam.com/sonnatiteb/product/22156829,گیاه مورد با کیفیت عالی، بار امسالی و تازه(200گرمی),,188956,nan,,,,2025-08-06 12:59:55,2025-08-06 12:59:55
https://basalam.com/sonnatiteb/product/22156963,گیاه رازک با کیفیت عالی، بار امسالی و تازه(200گرمی),,393820,nan,,,True,2025-08-06 12:59:57,2025-08-10 17:07:25
https://basalam.com/sonnatiteb/product/22156415,گیاه سداب با کیفیت عالی، بار امسالی و تازه(750گرمی),,1034020,nan,,,True,2025-08-06 12:59:59,2025-08-10 17:02:36
https://basalam.com/sonnatiteb/product/22157262,ریشه خولنجان با کیفیت عالی، بار امسالی و تازه(50گرمی),,131726,nan,,,True,2025-08-06 13:00:01,2025-08-10 17:02:30
https://basalam.com/sonnatiteb/product/22155745,صمغ مرمکی با کیفیت عالی، بار امسالی و تازه(1کیلوگرم),,4067388,4067388.0,1.0,,,2025-08-06 13:00:03,2025-08-06 13:00:03
https://basalam.com/sonnatiteb/product/22155789,ریشه سنبل الطیب با کیفیت عالی، بار امسالی و تازه(1کیلوگرم),,1854963,1854963.0,1.0,,,2025-08-06 13:00:05,2025-08-06 13:00:05
https://basalam.com/sonnatiteb/product/22156359,گیاه رازک با کیفیت عالی، بار امسالی و تازه(250گرمی ),,450080,nan,,,,2025-08-06 13:00:07,2025-08-06 13:00:07
https://basalam.com/sonnatiteb/product/22155778,ریشه شیرین بیان (بدون پوست) با کیفیت عالی، بار امسالی و تازه(5کیلوگرم),,3240930,648186.0,5.0,,,2025-08-06 13:00:08,2025-08-06 13:00:08
https://basalam.com/sonnatiteb/product/22155579,گیاه نعناع دشتی با کیفیت عالی، بار امسالی و تازه(2کیلوگرم),,1839421,919710.5,2.0,,,2025-08-06 13:00:10,2025-08-06 13:00:10
https://basalam.com/sonnatiteb/product/22155628,گیاه رازک با کیفیت عالی، بار امسالی و تازه(1کیلوگرم),,1050445,1050445.0,1.0,,,2025-08-06 13:00:12,2025-08-06 13:00:12
https://basalam.com/sonnatiteb/product/22157414,گیاه مورد با کیفیت عالی، بار امسالی و تازه(50گرمی),,61304,nan,,,,2025-08-06 13:00:14,2025-08-06 13:00:14
https://basalam.com/sonnatiteb/product/22152663,گیاه خارشتر، بار امسالی و تازه(100گرمی ),,47045,nan,,,,2025-08-06 13:00:16,2025-08-06 13:00:16
https://basalam.com/sonnatiteb/product/22152661,گیاه خارشتر، بار امسالی و تازه(250گرمی ),,75418,nan,,,True,2025-08-06 13:00:18,2025-08-10 17:07:31
https://basalam.com/sonnatiteb/product/22157544,گل بابونه با کیفیت عالی، بار امسالی و تازه(50گرمی),,109319,nan,,,True,2025-08-06 13:00:20,2025-08-10 17:02:33
https://basalam.com/sonnatiteb/product/22151380,برگ شاه توت، بار امسالی و تازه(1کیلوگرم),,185588,185588.0,1.0,,,2025-08-06 13:00:22,2025-08-06 13:00:22
https://basalam.com/sonnatiteb/product/22152509,گیاه گشنیز، بار امسالی و تازه(5کیلوگرم ),,1732459,346491.8,5.0,,,2025-08-06 13:00:24,2025-08-06 13:00:24
https://basalam.com/sonnatiteb/product/22151370,برگ شاه توت، بار امسالی و تازه(100 گرمی ),,53447,nan,,,,2025-08-06 13:00:26,2025-08-06 13:00:26
https://basalam.com/noya-kesht/product/18868107,کود آلی مایع,,8000000,nan,,,True,2025-08-06 13:00:27,2025-08-10 15:54:39
https://basalam.com/plantprotection/product/8388208,کود کلسیمی الی غنی شده با امینواسید یک لیتری,,220000,nan,,,True,2025-08-06 13:00:29,2025-08-10 15:54:41
https://basalam.com/bgroma/product/21020612,کود آهن - سبزینگی (پس کرایه),,55000,nan,,,True,2025-08-06 13:00:31,2025-08-10 15:54:47
https://basalam.com/bgroma/product/21020456,کود جلبک دریایی (پس کرایه),,75000,nan,,,True,2025-08-06 13:00:33,2025-08-10 15:54:50
https://basalam.com/goldan.felezi/product/17933339,کود گل های آپارتمانی پروتکت نیچر house plant,,171400,nan,,,True,2025-08-06 13:00:35,2025-08-10 16:40:40
https://basalam.com/goldan.felezi/product/15462827,کود ورمی کمپوست تای سیز 8 لیتری,,68000,8500.0,8.0,,True,2025-08-06 13:00:37,2025-08-10 16:40:43
https://basalam.com/goldan.felezi/product/17935718,کود مایع ریشه زایی پروتکت نیچر Root Power,,171400,nan,,,True,2025-08-06 13:00:39,2025-08-10 16:40:46
https://basalam.com/goldan.felezi/product/17934063,کود مایع هیومیک اسید پروتکت نیچر Humic Acid 500 cc,,606000,nan,,,True,2025-08-06 13:00:41,2025-08-10 16:40:49
https://basalam.com/kolbegoldoon/product/18063981,کود بنسای 125 سی سی پروتکت نیچر,,95000,nan,,,True,2025-08-06 13:00:43,2025-08-10 15:54:53
https://basalam.com/kolbegoldoon/product/7821615,کود 20-20-20 ، سه بیست ازجمله کود های ان پی کا برای تقویت عمومی گیاهان,,85000,nan,,,True,2025-08-06 13:00:45,2025-08-10 15:54:56
https://basalam.com/elaroz_cosmetic/product/13265002,گیاه خارخاسک با کیفیت عالی، بار امسالی و تازه(50 گرمی ),,96200,nan,,,True,2025-08-06 13:00:46,2025-08-10 15:54:58
https://basalam.com/elaroz_cosmetic/product/13264413,گل قاصدک با کیفیت عالی، بار امسالی و تازه(250گرمی ),,732500,nan,,,True,2025-08-06 13:00:48,2025-08-10 15:55:01
https://basalam.com/elaroz_cosmetic/product/13264838,بارهنگ با کیفیت عالی، بار امسالی و تازه(200 گرمی ),,985500,nan,,,True,2025-08-06 13:00:52,2025-08-10 15:55:04
https://basalam.com/elaroz_cosmetic/product/13264501,گل ختمی سفید با کیفیت عالی، بار امسالی و تازه(250 گرمی),,531600,nan,,,True,2025-08-06 13:00:54,2025-08-10 15:55:06
https://basalam.com/elaroz_cosmetic/product/13264591,گل اسطوخودوس ایرانی بار امسالی و تازه(200گرمی),,642700,nan,,,True,2025-08-06 13:00:56,2025-08-10 15:55:09
https://basalam.com/elaroz_cosmetic/product/13264773,ریشه خولنجان با کیفیت عالی، بار امسالی و تازه(200گرمی),,1252900,nan,,,True,2025-08-06 13:00:58,2025-08-10 15:55:12
https://basalam.com/elaroz_cosmetic/product/13263784,غنچه گل محمدی با کیفیت عالی، بار امسالی و تازه(2کیلوگرم),,3841300,1920650.0,2.0,,True,2025-08-06 13:01:00,2025-08-10 15:55:15
https://basalam.com/elaroz_cosmetic/product/13264303,برگ خرگوشک با کیفیت عالی، بار امسالی و تازه(250 گرمی),,267300,nan,,,True,2025-08-06 13:01:02,2025-08-10 15:55:17
https://basalam.com/elaroz_cosmetic/product/13263709,گیاه چای ترش با کیفیت عالی بار امسالی و تازه(1کیلوگرم),,1301000,1301000.0,1.0,,True,2025-08-06 13:01:04,2025-08-10 15:55:20
https://basalam.com/elaroz_cosmetic/product/13263828,ریشه خولنجان با کیفیت عالی، بار امسالی و تازه(5کیلوگرم),,8973700,1794740.0,5.0,,True,2025-08-06 13:01:06,2025-08-10 15:55:23
https://basalam.com/elaroz_cosmetic/product/13264430,گل گاو زبان با کیفیت عالی، بار امسالی و تازه(250گرمی ),,2613400,nan,,,True,2025-08-06 13:01:08,2025-08-10 15:55:26
https://basalam.com/elaroz_cosmetic/product/13263921,بولاغ اوتی با کیفیت عالی، بار امسالی و تازه(1کیلوگرم),,529800,529800.0,1.0,,True,2025-08-06 13:01:09,2025-08-10 15:55:28
https://basalam.com/elaroz_cosmetic/product/13264570,غنچه گل محمدی با کیفیت عالی، بار امسالی و تازه(750گرمی ),,3832800,nan,,,True,2025-08-06 13:01:11,2025-08-10 15:55:31
https://basalam.com/elaroz_cosmetic/product/13263955,برگ جینکو با کیفیت عالی، بار امسالی و تازه(5کیلوگرم),,10711600,2142320.0,5.0,,True,2025-08-06 13:01:13,2025-08-10 15:55:34
https://basalam.com/elaroz_cosmetic/product/13264058,استویا با کیفیت عالی، بار امسالی و تازه(1کیلوگرم),,1942500,1942500.0,1.0,,True,2025-08-06 13:01:15,2025-08-10 15:55:37
https://basalam.com/elaroz_cosmetic/product/13264052,افتیمون با کیفیت عالی، بار امسالی و تازه(2کیلوگرم),,860800,430400.0,2.0,,True,2025-08-06 13:01:17,2025-08-10 15:55:39
https://basalam.com/elaroz_cosmetic/product/13264450,برگ مورینگا با کیفیت عالی، بار امسالی و تازه(750گرمی),,3318700,nan,,,True,2025-08-06 13:01:19,2025-08-10 15:55:42
https://basalam.com/elaroz_cosmetic/product/13263888,پونه با کیفیت عالی، بار امسالی و تازه(5کیلوگرم),,1342600,268520.0,5.0,,True,2025-08-06 13:01:21,2025-08-10 15:55:45
https://basalam.com/elaroz_cosmetic/product/13264294,گیاه خارخاسک با کیفیت عالی، بار امسالی و تازه(250 گرمی),,684000,nan,,,True,2025-08-06 13:01:23,2025-08-10 15:55:47
https://basalam.com/elaroz_cosmetic/product/13264169,افتیمون با کیفیت عالی، بار امسالی و تازه(750 گرمی ),,1108900,nan,,,True,2025-08-06 13:01:25,2025-08-10 15:55:50
https://basalam.com/elaroz_cosmetic/product/13264509,ریشه آنغوزه با کیفیت عالی، بار امسالی و تازه(250 گرمی),,569800,nan,,,True,2025-08-06 13:01:27,2025-08-10 15:55:53
https://basalam.com/elaroz_cosmetic/product/13265020,برگ جینکو با کیفیت عالی، بار امسالی و تازه(100گرمی),,401100,nan,,,True,2025-08-06 13:01:29,2025-08-10 15:55:56
https://basalam.com/elaroz_cosmetic/product/13264124,استویا با کیفیت عالی، بار امسالی و تازه(500 گرمی),,3143400,nan,,,True,2025-08-06 13:01:31,2025-08-10 15:55:58
https://basalam.com/elaroz_cosmetic/product/13264377,برگ سنا با کیفیت عالی، بار امسالی و تازه(250گرمی ),,374400,nan,,,True,2025-08-06 13:01:32,2025-08-10 15:56:01
https://basalam.com/elaroz_cosmetic/product/13265110,صمغ کندر با کیفیت عالی، بار امسالی و تازه(50گرمی),,332000,nan,,,True,2025-08-06 13:01:34,2025-08-10 15:56:04
https://basalam.com/elaroz_cosmetic/product/13265136,گیاه مورد با کیفیت عالی، بار امسالی و تازه(100گرمی),,116400,nan,,,True,2025-08-06 13:01:36,2025-08-10 15:56:06
https://basalam.com/elaroz_cosmetic/product/13264186,اکالیپتوس با کیفیت عالی، بار امسالی و تازه(250 گرمی),,478500,nan,,,True,2025-08-06 13:01:38,2025-08-10 15:56:09
https://basalam.com/elaroz_cosmetic/product/13264219,گل اسطوخودوس (هندی) با کیفیت عالی، بار امسالی و تازه(750 گرمی ),,4625800,nan,,,True,2025-08-06 13:01:40,2025-08-10 15:56:12
https://basalam.com/elaroz_cosmetic/product/13264643,گیاه مریم گلی با کیفیت عالی، بار امسالی و تازه(150گرمی),,423300,nan,,,True,2025-08-06 13:01:42,2025-08-10 15:56:14
https://basalam.com/elaroz_cosmetic/product/13264185,اکالیپتوس با کیفیت عالی، بار امسالی و تازه(500گرمی),,816800,nan,,,True,2025-08-06 13:01:44,2025-08-10 15:56:17
https://basalam.com/elaroz_cosmetic/product/13264391,گیاه شاهتره با کیفیت عالی، بار امسالی و تازه(500گرمی ),,503800,nan,,,True,2025-08-06 13:01:46,2025-08-10 15:56:19
https://basalam.com/elaroz_cosmetic/product/13264799,پونه با کیفیت عالی، بار امسالی و تازه(150 گرمی ),,148200,nan,,,True,2025-08-06 13:01:48,2025-08-10 15:56:22
https://basalam.com/elaroz_cosmetic/product/13264919,آلوئه ورا با کیفیت عالی، بار امسالی و تازه(50گرمی),,346700,nan,,,True,2025-08-06 13:01:50,2025-08-10 15:56:25
https://basalam.com/elaroz_cosmetic/product/13264820,گل اسطوخودوس (هندی) با کیفیت عالی، بار امسالی و تازه(200 گرمی ),,1387500,nan,,,True,2025-08-06 13:01:52,2025-08-10 15:56:28
https://basalam.com/elaroz_cosmetic/product/13265211,گل بابونه با کیفیت عالی، بار امسالی و تازه(100گرمی),,360900,nan,,,True,2025-08-06 13:01:54,2025-08-10 15:56:30
https://basalam.com/elaroz_cosmetic/product/13264293,گیاه خارخاسک با کیفیت عالی، بار امسالی و تازه(500گرمی),,1020800,nan,,,True,2025-08-06 13:01:56,2025-08-10 15:56:33
https://basalam.com/elaroz_cosmetic/product/13264993,صمغ ترنجبین با کیفیت عالی، بار امسالی و تازه(100 گرمی ),,1152100,nan,,,True,2025-08-06 13:01:58,2025-08-10 15:56:35
https://basalam.com/elaroz_cosmetic/product/13269465,گل مینا با کیفیت عالی، بار امسالی و تازه(50گرمی),,845600,nan,,,True,2025-08-06 13:01:59,2025-08-10 15:56:38
https://basalam.com/elaroz_cosmetic/product/13270339,گیاه شاهتره با کیفیت عالی، بار امسالی و تازه(5کیلوگرم),,616900,123380.0,5.0,,True,2025-08-06 13:02:01,2025-08-10 15:56:41
https://basalam.com/elaroz_cosmetic/product/13270312,گیاه نعناع فلفلی با کیفیت عالی، بار امسالی و تازه(1کیلوگرم),,1156600,1156600.0,1.0,,True,2025-08-06 13:02:03,2025-08-10 15:56:43
https://basalam.com/elaroz_cosmetic/product/13264557,پوست اسفرزه با کیفیت عالی، بار امسالی و تازه(500گرمی),,4444900,nan,,,True,2025-08-06 13:02:05,2025-08-10 15:56:46
https://basalam.com/elaroz_cosmetic/product/13265155,گل همیشه بهاربا کیفیت عالی، بار امسالی و تازه(100گرمی ),,360900,nan,,,True,2025-08-06 13:02:07,2025-08-10 15:56:48
https://basalam.com/elaroz_cosmetic/product/13265132,گیاه مرزه با کیفیت عالی، بار امسالی و تازه(50گرمی),,153100,nan,,,True,2025-08-06 13:02:09,2025-08-10 15:56:51
https://basalam.com/elaroz_cosmetic/product/13264822,استویا با کیفیت عالی، بار امسالی و تازه(200گرم),,1180600,nan,,,True,2025-08-06 13:02:11,2025-08-10 15:56:53
https://basalam.com/elaroz_cosmetic/product/13270318,گیاه مریم گلی با کیفیت عالی، بار امسالی و تازه(2کیلوگرم),,1361600,680800.0,2.0,,True,2025-08-06 13:02:13,2025-08-10 15:56:57
https://basalam.com/elaroz_cosmetic/product/13263717,گل بومادارن با کیفیت عالی، بار امسالی و تازه(2کیلوگرم),,706100,353050.0,2.0,,True,2025-08-06 13:02:15,2025-08-10 15:57:00
https://basalam.com/elaroz_cosmetic/product/13263712,گیاه جعفری با کیفیت عالی، بار امسالی و تازه(2کیلوگرم),,902300,451150.0,2.0,,True,2025-08-06 13:02:17,2025-08-10 15:57:02
https://basalam.com/elaroz_cosmetic/product/13263837,ریشه آنغوزه با کیفیت عالی بار امسالی و تازه(5کیلوگرم),,2482500,496500.0,5.0,,True,2025-08-06 13:02:19,2025-08-10 15:57:05
https://basalam.com/elaroz_cosmetic/product/13264007,پوست اسفرزه با کیفیت عالی، بار امسالی و تازه(2کیلوگرم),,6358000,3179000.0,2.0,,True,2025-08-06 13:02:21,2025-08-10 15:57:07
https://basalam.com/elaroz_cosmetic/product/13270356,گیاه خار مریم با کیفیت عالی، بار امسالی و تازه(1کیلوگرم),,394800,394800.0,1.0,,True,2025-08-06 13:02:23,2025-08-10 15:57:10
https://basalam.com/elaroz_cosmetic/product/13265183,ریشه آنغوزه با کیفیت عالی، بار امسالی و تازه(100گرمی ),,247900,nan,,,True,2025-08-06 13:02:26,2025-08-10 15:57:13
https://basalam.com/elaroz_cosmetic/product/13264159,آلوئه ورا با کیفیت عالی، بار امسالی و تازه(500گرمی),,3343700,nan,,,True,2025-08-06 13:02:28,2025-08-10 15:57:15
https://basalam.com/elaroz_cosmetic/product/13264724,گیاه زوفا با کیفیت عالی، بار امسالی و تازه(150گرمی),,387500,nan,,,True,2025-08-06 13:02:30,2025-08-10 15:57:18
https://basalam.com/elaroz_cosmetic/product/13264554,فروش ریشه شیرین بیان با کیفیت عالی بار امسالی و تازه(500گرمی),,1027800,nan,,,True,2025-08-06 13:02:32,2025-08-10 15:57:20
https://basalam.com/attarishop1/product/7795332,چوب چینی درشت یکدست خشک شده وارداتی پاکسازی بدن از سموم 250 گرمی,,299000,nan,,,True,2025-08-06 13:02:34,2025-08-10 15:57:23
https://basalam.com/koodito/product/10109069,بسته شش تایی کود همه کاره ارگانیک ویتامینه گیاهان ویژه ی گیاهان آپارتمانی و زینتی,,1560000,nan,,,True,2025-08-06 13:02:36,2025-08-10 15:57:26
https://basalam.com/koodito/product/10109121,بسته هفت تایی کود همه کاره ارگانیک ویتامینه گیاهان ویژه ی گیاهان آپارتمانی و زینتی,,1820000,nan,,,True,2025-08-06 13:02:38,2025-08-10 15:57:28
https://basalam.com/koodito/product/10109153,بسته هشت تایی کود همه کاره ارگانیک ویتامینه گیاهان ویژه ی گیاهان آپارتمانی و زینتی,,2080000,nan,,,True,2025-08-06 13:02:40,2025-08-10 15:57:31
https://basalam.com/kodrushd/product/10791452,کود فروت ست شوک آمریکایی اصل 5 لیتری نانو,,1500000,360000.0,5.0,,True,2025-08-06 13:02:42,2025-08-10 17:06:35
https://basalam.com/kodrushd/product/10824051,کود فولیک اسید شوک آمریکایی اصل نانو 1 لیتری,,350000,420000.0,1.0,,True,2025-08-06 13:02:44,2025-08-10 17:06:32
https://basalam.com/kodrushd/product/10798294,کود فسفر بالا 80 درصد شوک آمریکایی نانو کود مخصوص ریشه زایی 5 لیتری,,2300000,460000.0,5.0,,True,2025-08-06 13:02:46,2025-08-10 15:57:33
https://basalam.com/kodrushd/product/10811917,کود سیلیکات پتاسیم شوک 1 لیتری,,480000,480000.0,1.0,,True,2025-08-06 13:02:48,2025-08-10 15:57:36
https://basalam.com/kodrushd/product/10818595,کود کلسیم مایع شوک (27درصد) نانو آمریکایی 20 لیتری,,3450000,172500.0,20.0,,True,2025-08-06 13:02:50,2025-08-10 15:57:39
https://basalam.com/kodrushd/product/10811888,کود سیلیکات پتاسیم شوک 5لیتری,,1800000,360000.0,5.0,,True,2025-08-06 13:02:51,2025-08-10 15:57:41
https://basalam.com/kodrushd/product/10814843,کود پتاس بالا شوک (K60) آمریکایی اصل 20 لیتری,,3250000,162500.0,20.0,,True,2025-08-06 13:02:53,2025-08-10 15:57:44
https://basalam.com/kodrushd/product/10812200,کود 10 X شوک 5 لیتری,,2100000,420000.0,5.0,,True,2025-08-06 13:02:55,2025-08-10 15:57:47
https://basalam.com/kodrushd/product/10812240,کود 10 X شوک 1 لیتری,,510000,510000.0,1.0,,True,2025-08-06 13:02:57,2025-08-10 15:57:49
https://basalam.com/bamashimi/product/15497977,کود پودری سمیران مدل HUMAAN وزن 1000 گرمی,,390000,390000.0,1.0,,True,2025-08-06 13:02:59,2025-08-10 15:57:52
https://basalam.com/agnessoil/product/15477215,کود 20-20-20 130 گرمی آگنس,,89000,nan,,,True,2025-08-06 13:03:01,2025-08-10 15:57:54
https://basalam.com/zoroplant.11/product/10142443,کود گرانول نیتروژنه,,168000,nan,,,True,2025-08-06 13:03:03,2025-08-10 16:52:33
https://basalam.com/shimistore/product/24164893,کود مایع روتی فرت کود مدل NPK 20-20-20 حجم یک لیتر ( پس کرایه ),,189000,nan,,,True,2025-08-06 13:03:05,2025-08-10 15:57:57
https://basalam.com/lousian_flower/product/18327495,حراج درختچه آمستل کینگ (امستر) برگ پهن چند تنه و قد 1 متر ، ارسال با چاپار،تیپاکس و.. هزینه با مشتری و پسکرایه,,300000,nan,,,True,2025-08-06 13:03:07,2025-08-10 16:41:40
https://basalam.com/lousian_flower/product/21991824,زاموفیلیا سوپر بلک (زاموفیلیا) سایز گلدان 6 ، ارسال با پست، تیپاکس یا چاپار، هزینه با مشتری و پسکرایه,,55000,nan,,,True,2025-08-06 13:03:09,2025-08-10 15:58:00
https://basalam.com/nikobazrir/product/6475626,سم کنه کش نیکوبذر,,25000,nan,,,,2025-08-06 13:03:11,2025-08-06 13:03:11
https://basalam.com/greenrose/product/12775705,سوپر کود تقویت گلدهی(20-30-10)-50 گرمی,,75000,nan,,,True,2025-08-06 13:03:13,2025-08-10 16:48:26
https://basalam.com/greenrose/product/12775628,سوپر کود تقویت بذر و قلمه(10-52-10)-50 گرمی,,75000,nan,,,True,2025-08-06 13:03:15,2025-08-10 16:48:30
https://basalam.com/greenrose/product/12776726,کود آمینو اسید - 500گرمی,,530000,nan,,,True,2025-08-06 13:03:17,2025-08-10 16:48:33
https://basalam.com/toranjravar/product/13430439,کود گرینی مکس 2,,85000,nan,,,True,2025-08-06 13:03:19,2025-08-10 15:58:03
https://basalam.com/sabzine_agri/product/11645481,کود 105210 فسفر .ریشه زایی و پاجوش دهی در بسته بندی 100 گرمی,,80000,nan,,,True,2025-08-06 13:03:21,2025-08-10 16:53:36
https://basalam.com/sabzine_agri/product/11644200,کود کلات آهن 100 گرمی پودری در بسته بندی کوچک,,100000,nan,,,True,2025-08-06 13:03:23,2025-08-10 16:53:40
https://basalam.com/golkhaneh_roza/product/18048964,کود مخصوص گل حاوی فسفر پتاس ازت(پس کرایه),,100000,nan,,,True,2025-08-06 13:03:25,2025-08-10 15:58:05
https://basalam.com/letkaco/product/2182111,کود ریزمغذی میکرو جنوبگان مدل سوپرسوئینگ وزن 1 کیلوگرم,,361400,361400.0,1.0,,True,2025-08-06 13:03:27,2025-08-10 15:58:08
https://basalam.com/letkaco/product/2172871,کود اسید آمینه و کربن الی گرومور مدل فوگو بیس حجم 1 لیتر,,1077700,1077700.0,1.0,,True,2025-08-06 13:03:29,2025-08-10 15:58:10
https://basalam.com/letkaco/product/2139481,کود کامل 36-12-12 لیپیدوم مدل lp1 وزن 1 کیلوگرم,,256100,256100.0,1.0,,True,2025-08-06 13:03:31,2025-08-10 15:58:13
https://basalam.com/letkaco/product/6484230,کود مایع دفندر آهن فیوچرکو بایوساینس حجم 1 لیتر,,1039600,1039600.0,1.0,,True,2025-08-06 13:03:33,2025-08-10 15:58:16
https://basalam.com/letkaco/product/19672673,کود کلات کلسیم منیزیم جنوبگان مدل میناسول حجم 1 لیتر,,338400,338400.0,1.0,,True,2025-08-06 13:03:35,2025-08-10 15:58:18
https://basalam.com/letkaco/product/8514557,کود جلبک دریایی و ریز مغذی ریکو مدل آلگاریک 5 گرانول وزن 10 کیلوگرم,,1940000,194000.0,10.0,,True,2025-08-06 13:03:37,2025-08-10 15:58:21
https://basalam.com/letkaco/product/10402544,کود سولفات پتاسیم لتکا مدل sa1 وزن 50 کیلوگرم,,1955000,39100.0,50.0,,True,2025-08-06 13:03:38,2025-08-10 15:58:24
https://basalam.com/letkaco/product/2931024,سم اکسی کلرور مس اریا شیمی مدل کوپر اکسی کلراید وزن 1 کیلوگرم,,790000,790000.0,1.0,,True,2025-08-06 13:03:40,2025-08-10 15:58:26
https://basalam.com/letkaco/product/2434614,کود مایع فروت ست ویژه جنوبگان مدل پلاس حجم یک لیتر,,340200,nan,,,True,2025-08-06 13:03:42,2025-08-10 15:58:29
https://basalam.com/letkaco/product/8185483,کود ریز مغذی منیزیم و گوگرد اریا شیمی مدل آرامیکس وزن 200 گرم,,83300,nan,,,True,2025-08-06 13:03:44,2025-08-10 15:58:31
https://basalam.com/letkaco/product/3357240,کود جلبک دریایی امکس مدل سی استاراف حجم 1 لیتر,,1524500,1524500.0,1.0,,True,2025-08-06 13:03:46,2025-08-10 15:58:34
https://basalam.com/letkaco/product/13081068,کود سولفات منیزیم 14 درصد پیشرو کود مدل کریستال وزن 5 کیلوگرم,,199000,39800.0,5.0,,True,2025-08-06 13:03:48,2025-08-10 15:58:36
https://basalam.com/letkaco/product/2931236,سم مگس مدیترانه ای و شپشک مالاتیون اریا شیمی مدل set5 حجم 250 میلی لیتر,,230000,46.0,5000.0,,True,2025-08-06 13:03:50,2025-08-10 15:58:39
https://basalam.com/letkaco/product/2138813,کود صابون محلول پاشی یونی جنوبگان مدل AB18 حجم 500 میلی لیتر,,93100,nan,,,True,2025-08-06 13:03:52,2025-08-10 15:58:41
https://basalam.com/letkaco/product/2434915,کود جلبک دریایی اریا شیمی مدل الگورا وزن 1.5 کیلوگرم,,799000,799000.0,1.5,,True,2025-08-06 13:03:54,2025-08-10 15:58:44
https://basalam.com/letkaco/product/2792019,کود زیستی بایوران مدل تریکوران پی وزن 500 گرم,,390000,nan,,,True,2025-08-06 13:03:56,2025-08-10 15:58:46
https://basalam.com/letkaco/product/6362162,کود بور و نیتروژن جنوبگان مدل چلابور حجم 1 لیتر,,504000,504000.0,1.0,,True,2025-08-06 13:03:58,2025-08-10 15:58:49
https://basalam.com/letkaco/product/2111786,کنه کش و حشره کش گیاهان اپارتمانی ابامکتین مدل کاوامکتین حجم 100 میلی لیتر,,63000,nan,,,True,2025-08-06 13:04:03,2025-08-10 15:58:51
https://basalam.com/nahaldashtban/product/24074085,کود بیولوژیک تریکو دکتر بایو جهت تقویت سیستم ریشه ای با باکتری تریکودرما هارزیانوم,,350000,nan,,,True,2025-08-06 13:04:05,2025-08-10 17:02:06
https://basalam.com/nahaldashtban/product/24058774,کود مایع فروت ست زرگرین,,270000,nan,,,True,2025-08-06 13:04:07,2025-08-10 17:02:09
https://basalam.com/nahaldashtban/product/24151183,کود ریشه زا هیومیک اسید وانوما 50 درصد(کیسه 5 کیلویی),,3200000,640000.0,5.0,,True,2025-08-06 13:04:09,2025-08-10 17:02:12
https://basalam.com/nahaldashtban/product/23736366,کود پتاسیم مایع 44درصد وانوما 1 لیتری,,550000,550000.0,1.0,,True,2025-08-06 13:04:11,2025-08-10 17:02:15
https://basalam.com/aernphs/product/13984139,کود پتاسیم منیزیم,,1296000,nan,,,True,2025-08-06 13:04:12,2025-08-10 15:58:54
https://basalam.com/aernphs/product/20130065,کود سولفات پتاس منیزیم 25کیلویی,,1500000,60000.0,25.0,,True,2025-08-06 13:04:14,2025-08-10 15:58:57
https://basalam.com/aernphs/product/14030300,کود کامل ماکرو آسان کود,,2678400,nan,,,True,2025-08-06 13:04:16,2025-08-10 15:58:59
https://basalam.com/violamarkets2020/product/17622667,کود رویشی کریستا گالن 4 لیتری,,1600000,400000.0,4.0,,True,2025-08-06 13:04:18,2025-08-10 15:59:09
https://basalam.com/violamarkets2020/product/8841977,کود زایشی کریستا 500 سی سی,,325000,nan,,,True,2025-08-06 13:04:20,2025-08-10 15:59:12
https://basalam.com/farmagri/product/16017022,کود 10 52 10 گهرزای یزد 10 کیلویی,,1890000,189000.0,10.0,,True,2025-08-06 13:04:22,2025-08-10 15:59:14
https://basalam.com/farmagri/product/22781602,کود کلات آهن6درصد متافارم اسپانیا با اورتو-اورتو 5,,1390000,nan,,,True,2025-08-06 13:04:24,2025-08-10 15:59:17
https://basalam.com/farmagri/product/16017937,کود 36-12-12 گهرزا 10 کیلویی,,1580000,158000.0,10.0,,True,2025-08-06 13:04:26,2025-08-10 15:59:19
https://basalam.com/farmagri/product/10785613,کود جلبک دریایی آلگاستیم برند پرینوا مکزیک یک کیلوگرم,,750000,nan,,,True,2025-08-06 13:04:28,2025-08-10 15:59:22
https://basalam.com/farmagri/product/19135580,کود سولفات مس پرینوای مکزیک,,12400000,nan,,,True,2025-08-06 13:04:30,2025-08-10 15:59:24
https://basalam.com/farmagri/product/15626056,کود 36-12-12 NPK خضراء,,445000,nan,,,True,2025-08-06 13:04:32,2025-08-10 15:59:27
https://basalam.com/ferti_land/product/15934092,کود پتاس بالا k50 (کا 50) اومکس انگلستان,,1130000,22600.0,50.0,,True,2025-08-06 13:04:34,2025-08-10 15:59:29
https://basalam.com/ferti_land/product/19470522,کود ریشه زا ویگوروت وارداتی,,750000,nan,,,True,2025-08-06 13:04:36,2025-08-10 15:59:32
https://basalam.com/ferti_land/product/23301216,کود فسفیت.پتاسیم تحت لیسانس اگروناترینتز دل نورته مکزیک,,530000,nan,,,True,2025-08-06 13:04:38,2025-08-10 15:59:35
https://basalam.com/ferti_land/product/22473578,کود تقویتی رشد 18-18-18 مایع نمسیس تحت لیسانس اگروناترینتز مکزیک,,400000,nan,,,True,2025-08-06 13:04:40,2025-08-10 15:59:37
https://basalam.com/hanishap/product/8577048,سم چغندر یا سایپرمترین,,180000,nan,,,True,2025-08-06 13:04:42,2025-08-10 15:59:40
https://basalam.com/ragafertilizer/product/4470478,کود اسید بوریک گرین پیک مدل BORIC ACID 1000 وزن یک کیلوگرم,,299000,nan,,,True,2025-08-06 13:04:44,2025-08-10 15:59:42
https://basalam.com/ragafertilizer/product/13886773,کود زایشی و رویشی راگا مدل NPK 15-05-30 وزن 1 کیلوگرم,,199000,199000.0,1.0,,True,2025-08-06 13:04:46,2025-08-10 15:59:45
https://basalam.com/ragafertilizer/product/2776145,کود کامل 30 5 15 زایشی و رویشی (NPK15-05-30) برند گرین پیک کیسه 10 کیلوگرمی,,1349000,134900.0,10.0,,True,2025-08-06 13:04:48,2025-08-10 15:59:47
https://basalam.com/ragafertilizer/product/13886503,کود سولفات آهن راگا مدل IronSulfate1 وزن 1 کیلوگرم,,139000,139000.0,1.0,,True,2025-08-06 13:04:50,2025-08-10 15:59:50
https://basalam.com/qaranfil.ir/product/21412820,کود کامل مایع مخصوص گلهای زینتی,,30000,nan,,,True,2025-08-06 13:04:52,2025-08-10 15:59:52
https://basalam.com/qaranfil.ir/product/21412041,کود سولفات پتاسیم-کنجاله ساز,,200000,nan,,,True,2025-08-06 13:04:54,2025-08-10 15:59:55
https://basalam.com/qaranfil.ir/product/21411434,کود مایع روی و بور-داتیس,,290000,nan,,,True,2025-08-06 13:04:56,2025-08-10 15:59:57
https://basalam.com/qaranfil.ir/product/21412458,سم حشره کش استامی پراید(موسپیلان) 250 گرمی,,235000,nan,,,True,2025-08-06 13:04:58,2025-08-10 16:00:00
https://basalam.com/lousian_flower/product/15809899,زاموفیلیا بلک ابلق، کرم شرابی ، گلدان 12،گیاه مادری، سه شاخه پر برگ، مخصوص تکثیر، ارسال با پست و تیپاکس، هزینه پسکرایه,,1450000,nan,,,,2025-08-06 13:05:00,2025-08-06 13:05:00
https://basalam.com/golkade_shomal911/product/10156543,زاموفیلیا سبز.سطل7 رنگی .پر غلاف،قیمت مناسب،بدون نیاز به کود و سم.ارسال پسکرایه,,490000,nan,,,True,2025-08-06 13:05:02,2025-08-10 16:00:03
https://basalam.com/kazemi/product/24724926,کود معدنی آرین دیبا,,445000,nan,,,,2025-08-06 13:05:04,2025-08-06 13:05:04
https://basalam.com/harvestkoud/product/19851110,کود گلدهی 12-12-36 شوک 5 لیتری NPK,,1250000,250000.0,5.0,,True,2025-08-06 13:05:06,2025-08-10 16:00:05
https://basalam.com/humicacid/product/18396289,کود فسفر 95 درصد مایع اکسپلود 20 لیتری اصل (پس کرایه),,3247400,155875.0,20.0,,True,2025-08-06 13:05:08,2025-08-10 16:55:22
https://basalam.com/humicacid/product/2670862,کود جلبک دریایی شوک آمریکایی مایع یک لیتری (پس کرایه),,351200,nan,,,True,2025-08-06 13:05:10,2025-08-10 16:55:19
https://basalam.com/humicacid/product/17349468,کود k60 شوک اصل آمریکایی 20 لیتری (پس کرایه),,1975800,31613.333333333332,60.0,,True,2025-08-06 13:05:12,2025-08-10 16:55:28
https://basalam.com/humicacid/product/5426508,کود مخصوص درخت گردو یک لیتری شوک اصل آمریکایی (پس کرایه),,321900,nan,,,,2025-08-06 13:05:14,2025-08-06 13:05:14
https://basalam.com/humicacid/product/6018299,کود ازت بالا مایع شوک اصل آمریکایی 42 درصد اوره) (پس کرایه),,951400,nan,,,,2025-08-06 13:05:16,2025-08-06 13:05:16
https://basalam.com/humicacid/product/18397346,کود نیتروژن 95 درصد اکسپلود 5 لیتری اصل (پس کرایه),,439200,84320.0,5.0,,True,2025-08-06 13:05:18,2025-08-10 16:55:04
https://basalam.com/humicacid/product/7991431,کود فسفر بالا اصل آمریکایی 10.52.10 شوک گالن بیست لیتری (پس کرایه),,3234600,nan,,,True,2025-08-06 13:05:20,2025-08-10 16:55:25
https://basalam.com/humicacid/product/16361124,کود مخصوص پسته مایع بمب یک لیتری (پس کرایه),,300000,nan,,,True,2025-08-06 13:05:22,2025-08-10 16:55:10
https://basalam.com/humicacid/product/9246783,کود مخصوص رنگ آوری سیب شوک اصل آمریکایی گالن 20 لیتری (پس کرایه),,2693100,129270.0,20.0,,True,2025-08-06 13:05:24,2025-08-10 16:55:16
https://basalam.com/humicacid/product/18356489,کود درشتی میوه،محصولات زراعی و گلخانه ای آمریکایی (پس کرایه),,2158800,nan,,,True,2025-08-06 13:05:26,2025-08-10 16:55:13
https://basalam.com/humicacid/product/10342254,کود شوک مخصوص درخت گیلاس و آلبالو گالن بیست لیتری (پس کرایه),,2678300,nan,,,,2025-08-06 13:05:28,2025-08-06 13:05:28
https://basalam.com/humicacid/product/10342301,کود مخصوص درخت گیلاس و آلبالو شوک یک لیتری (پس کرایه),,351200,nan,,,True,2025-08-06 13:05:30,2025-08-10 16:55:07
https://basalam.com/humicacid/product/18396224,کود فسفر بالا 10.80.10 NPK مایع اکسپلود 5 لیتری (پس کرایه),,1170900,234180.0,5.0,,,2025-08-06 13:05:32,2025-08-06 13:05:32
https://basalam.com/humicacid/product/2691692,کود مخصوص گیلاس 5 لیتری محصول شرکت شوک آمریکایی (پس کرایه),,1207400,241480.0,5.0,,,2025-08-06 13:05:34,2025-08-06 13:05:34
https://basalam.com/humicacid/product/5121639,کود مخصوص درخت گردو اصل آمریکایی شوک مایع 5 لیتری (پس کرایه),,1097700,210760.0,5.0,,True,2025-08-06 13:05:36,2025-08-10 16:56:20
https://basalam.com/humicacid/product/16589639,کود آمینواسید شوک 80 درصد اصل پنج لیتری (پس کرایه),,1083100,nan,,,True,2025-08-06 13:05:41,2025-08-10 16:55:31
https://basalam.com/humicacid/product/4143554,کود کلسیم بور شوک اصل آمریکایی پنج لیتری (پس کرایه),,1134300,nan,,,True,2025-08-06 13:05:43,2025-08-10 16:56:01
https://basalam.com/humicacid/product/9247548,کود مس 23 درصد شوک اصل آمریکایی گالن بیست لیتری (پس کرایه),,2722300,nan,,,True,2025-08-06 13:05:45,2025-08-10 16:55:34
https://basalam.com/humicacid/product/5107959,کود فسفیت پتاسیم شوک آمریکایی حجم پنج لیتری (قارچ کش طبیعی) (پس کرایه),,1244000,nan,,,True,2025-08-06 13:05:47,2025-08-10 16:55:52
https://basalam.com/humicacid/product/4243923,کود مخصوص خیار شوک پنج لیتری اصل آمریکایی (پس کرایه),,1134300,nan,,,True,2025-08-06 13:05:49,2025-08-10 16:55:43
https://basalam.com/humicacid/product/4143543,کود کلسیم مایع شوک 27 درصد اصل آمریکایی یک لیتری (پس کرایه),,307400,nan,,,True,2025-08-06 13:05:51,2025-08-10 16:55:46
https://basalam.com/humicacid/product/4317856,کود سه بیست NPK مایع شوک اصل آمریکایی پنج لیتری (پس کرایه),,1097700,nan,,,True,2025-08-06 13:05:53,2025-08-10 16:55:40
https://basalam.com/humicacid/product/17349398,کود پتاس 95 درصد شوک اصل آمریکایی 1 لیتری (پس کرایه),,276700,265600.0,1.0,,True,2025-08-06 13:05:55,2025-08-10 16:56:17
https://basalam.com/humicacid/product/17937567,کود کامل سه بیست(NPk) شوک اصل آمریکایی 5 لیتری (پس کرایه),,1061100,203740.0,5.0,,True,2025-08-06 13:05:57,2025-08-10 16:55:37
https://basalam.com/humicacid/product/10342718,کود مخصوص زاموفیلیا شوک یک لیتری (پس کرایه),,234100,nan,,,True,2025-08-06 13:05:59,2025-08-10 16:56:08
https://basalam.com/humicacid/product/9247211,کود روی 31 درصد شوک اصل آمریکایی یک لیتری (پس کرایه),,329300,nan,,,True,2025-08-06 13:06:01,2025-08-10 16:56:05
https://basalam.com/humicacid/product/17349440,کود پتاس 95 درصد شوک اصل آمریکایی 20 لیتری (پس کرایه),,2268600,108895.0,20.0,,True,2025-08-06 13:06:03,2025-08-10 16:55:58
https://basalam.com/humicacid/product/20322512,کود مخصوص زعفران بمب اصل مایع 20 لیتری (پس کرایه),,2780800,133480.0,20.0,,True,2025-08-06 13:06:05,2025-08-10 16:56:11
https://basalam.com/humicacid/product/5107590,کود مخصوص رنگ آوری گوجه فرنگی شوک آمریکایی گالن بیست لیتری (پس کرایه),,2158800,nan,,,True,2025-08-06 13:06:07,2025-08-10 16:55:55
https://basalam.com/humicacid/product/5113518,کود گوگرد مایع شوک 80 درصد اصل آمریکایی پنج لیتری (پس کرایه),,1112400,nan,,,True,2025-08-06 13:06:09,2025-08-10 16:55:49
https://basalam.com/humicacid/product/5109534,کود سه بیست (20.20.20)مایع شوک آمریکایی یک لیتری (پس کرایه),,314700,nan,,,True,2025-08-06 13:06:11,2025-08-10 16:56:14
https://basalam.com/valerian_store/product/3252944,خاکشیر تمیز و اعلا 75g,,65000,nan,,,True,2025-08-06 13:06:13,2025-08-10 16:00:08
https://basalam.com/iran-sam/product/24648065,سم سوسک کش اکواپای بسیار حرفه ای و قوی برای از بین بردن سوسک ها مزاحم اورجینال ارسال رایگان,,750000,nan,,,True,2025-08-06 13:06:15,2025-08-10 16:00:10
https://basalam.com/iran-sam/product/24453069,سم کنه کش مکس فورس اورجینال یک لیتری ارسال رایگان,,1050000,nan,,,True,2025-08-06 13:06:17,2025-08-10 16:00:13
https://basalam.com/almase_sorkh/product/10856089,سم لامبدا سی هالوترین(لامبال)(250 سی سی) سمیران بسیار قوی جهت سوسک مورچه موریانه پشه و ...,,120000,nan,,,True,2025-08-06 13:06:19,2025-08-10 16:00:15
https://basalam.com/almase_sorkh/product/7155656,کود کلسیم سوسپانسیون و میکرونیزه آریا شیمی,,245000,nan,,,True,2025-08-06 13:06:21,2025-08-10 16:00:18
https://basalam.com/almase_sorkh/product/11150029,کود گاوی گیلدا کد GCM04 حجم 4 لیتر,,90000,22500.0,4.0,,True,2025-08-06 13:06:23,2025-08-10 16:00:21
https://basalam.com/almase_sorkh/product/13789360,کود گاوی گیلدا کد GCM12 حجم 12 لیتر,,170000,14166.666666666666,12.0,,True,2025-08-06 13:06:25,2025-08-10 16:00:23
https://basalam.com/almase_sorkh/product/12823030,سم علف کش انتخابی و پیش رویی تری فلورالین بهاورشیمی(ترفلان),,590000,nan,,,True,2025-08-06 13:06:27,2025-08-10 16:00:26
https://basalam.com/almase_sorkh/product/11188606,کود افزایش سبزینگی و تقویت عمومی گیلدا کد Fe10 وزن 25 گرم,,83000,nan,,,True,2025-08-06 13:06:29,2025-08-10 16:00:28
https://basalam.com/almase_sorkh/product/11188863,کود فعال کننده آنزیم های گیاهی گیلدا کد K25-N5 وزن 25 گرم,,83000,nan,,,True,2025-08-06 13:06:31,2025-08-10 16:00:31
https://basalam.com/almase_sorkh/product/9845882,بردو فیکس آریا قارچ کش و باکتری کش با اثر حفاظتی 5 لیتری,,1060000,212000.0,5.0,,True,2025-08-06 13:06:34,2025-08-10 16:00:33
https://basalam.com/almase_sorkh/product/5600667,هاسمیک کود حاوی هیومیک اسید و اسید فولویک همراه با عناصر ریزمغذی,,650000,nan,,,True,2025-08-06 13:06:36,2025-08-10 16:00:36
https://basalam.com/almase_sorkh/product/4823205,کود تقویتی مخصوص گیاهان آپارتمانی NPK 20-20-20,,20000,nan,,,True,2025-08-06 13:06:38,2025-08-10 16:00:38
https://basalam.com/almase_sorkh/product/4824821,توفوردی ام سی پی آریا سم علف کش سیستمیک انتخابی هورمونی و بازدارنده رشد,,520000,nan,,,True,2025-08-06 13:06:40,2025-08-10 16:00:41
https://basalam.com/mahnahydroponics/product/4368607,کود هیدروپونیک جامد مخصوص گوجه فرنگی و صیفی جات کد T1000,,429000,nan,,,True,2025-08-06 13:06:42,2025-08-10 16:00:43
https://basalam.com/firooze_arak/product/6180471,کود ضد تنش و محرک رشد,,15000,nan,,,True,2025-08-06 13:06:44,2025-08-10 16:00:46
https://basalam.com/firooze_arak/product/6441438,کود تقویتی جلبک دریایی,,15000,nan,,,True,2025-08-06 13:06:46,2025-08-10 16:49:51
https://basalam.com/firooze_arak/product/6440370,کود تقویتی آهن,,15000,nan,,,True,2025-08-06 13:06:48,2025-08-10 16:49:54
https://basalam.com/golkade_goldone/product/3389373,اسکاندیس سبز(گلدان کامل و ریشه پر),,90000,nan,,,True,2025-08-06 13:06:50,2025-08-10 16:00:48
https://basalam.com/jamshidi-agri/product/21288027,کود موبرزینک فلوریش مدل 01 وزن یک کیلوگرم,,970000,nan,,,True,2025-08-06 13:06:52,2025-08-10 16:00:51
https://basalam.com/jamshidi-agri/product/21621112,کود فسفات پتاسیم امکس مدل فولیار سوپریم 1 لیتری,,1480000,1480000.0,1.0,,True,2025-08-06 13:06:54,2025-08-10 16:00:53
https://basalam.com/gardenyar/product/3574299,کود تخصصی گیاهان زینتی برگ انجیری و بابا آدم,,75000,nan,,,True,2025-08-06 13:06:56,2025-08-10 16:00:56
https://basalam.com/shimikood/product/23472444,کود آلی کامل گرانول 2-1-2 (پس کرایه),,642500,nan,,,True,2025-08-06 13:06:58,2025-08-10 16:35:06
https://basalam.com/shimikood/product/24800403,کود کامل 36-12-12 پودری 200 گرمی ( پس کرایه ),,60000,nan,,,,2025-08-06 13:07:00,2025-08-06 13:07:00
https://basalam.com/baharak-kesht/product/15744870,کود کامل قرص جوشان آی پلنت پس کرایه,,108730,nan,,,True,2025-08-06 13:07:02,2025-08-10 16:00:58
https://basalam.com/baharak-kesht/product/15799120,کود اوره فسفات p44 اسیدی 10 کیلویی اورسول پس کرایه,,2232700,223270.0,10.0,,True,2025-08-06 13:07:04,2025-08-10 16:01:01
https://basalam.com/baharak-kesht/product/15799445,کود سولفات پتاسیم اسیدی 10 کیلویی اورسول پس کرایه,,2100730,210073.0,10.0,,True,2025-08-06 13:07:06,2025-08-10 16:01:04
https://basalam.com/baharak-kesht/product/15797898,کود بورون پلاس 1 لیتری فرمولایف پس کرایه,,294650,294650.0,1.0,,True,2025-08-06 13:07:08,2025-08-10 16:01:06
https://basalam.com/baharak-kesht/product/15779310,کود کلات روی 1 کیلویی فرمولایف پس کرایه,,701350,701350.0,1.0,,True,2025-08-06 13:07:10,2025-08-10 16:01:09
https://basalam.com/b1fzm4ry/product/18540526,کود ارگانیک ملاس نیشکر+ هیومیک اسید,,75000,nan,,,True,2025-08-06 13:07:12,2025-08-10 16:01:22
https://basalam.com/baharak-kesht/product/15796790,کود سافرون 1 لیتری فرمولایف پس کرایه,,372670,372670.0,1.0,,True,2025-08-06 13:07:14,2025-08-10 16:01:24
https://basalam.com/shire_angour_takestan/product/16678807,سم سوسک آیکون مدل ICON 10 WG جنس عالی بدون بو,,32000,nan,,,True,2025-08-06 13:07:16,2025-08-10 16:01:27
https://basalam.com/samonlin1/product/23165210,هیومیک اسید شرکت مهان همراه با فولیک اسید و پتاسیم محلول در آب در بسته بندی 5 لیتری,,625000,125000.0,5.0,,True,2025-08-06 13:07:46,2025-08-10 16:01:29
https://basalam.com/joveinmealworm/product/14871653,(جوین میلورم) کود میلورم 1 کیلویی با بهترین کیفیت,,20000,20000.0,1.0,,True,2025-08-06 13:07:48,2025-08-10 16:01:32
https://basalam.com/golkhanekochek/product/11045744,کود جلبک دریایی,,100000,nan,,,True,2025-08-06 13:07:50,2025-08-10 16:01:34
https://basalam.com/gyasa/product/15772238,کود ویژه برای افزایش محصول+GREEN SOUL Psoul ده کیلوگرمی,,2496000,nan,,,True,2025-08-06 13:07:52,2025-08-10 16:01:37
https://basalam.com/gyasa/product/15778553,NPK 20-20- 20ویژه گلهای آپارتمانی و زینتیGREEN SOUL,,120000,nan,,,True,2025-08-06 13:07:54,2025-08-10 16:01:40
https://basalam.com/gyasa/product/15770790,کود آمینو اسید مایع غلیظ GREEN SOUL یک لیتری,,192000,nan,,,True,2025-08-06 13:07:56,2025-08-10 16:01:42
https://basalam.com/gyasa/product/15770668,کود مایع غلیظ فروت ست GREEN SOUL پنج لیتری,,718000,nan,,,True,2025-08-06 13:07:58,2025-08-10 16:01:45
https://basalam.com/gyasa/product/15770229,کود مایع غلیظ کلسیم ژله ای 5لیتریGREEN SOUL,,718000,nan,,,True,2025-08-06 13:08:00,2025-08-10 16:01:47
https://basalam.com/lousian_flower/product/10394455,سانسوریا مهتابی یا سیلورسطل سه ،گیاه مادری. ارسال با چاپار یا تیپاکس انجام و هزینه با مشتری و پسکرایه,,70000,nan,,,True,2025-08-06 13:08:02,2025-08-10 16:41:43
https://basalam.com/lousian_flower/product/12578979,فیکوس الاستیکا سایز ، دو شاخه، قد حدودا 70، 80 سانت، ارسال با چاپار یا پست انجام میشود و هزینه ی آن با مشتری و پسکرایه,,95000,nan,,,True,2025-08-06 13:08:04,2025-08-10 16:01:50
https://basalam.com/almase_sorkh/product/4824866,ایمیداکلوپراید آریا (کنفیدور) سم حشره کش سیستمیک با اثر تماسی و گوارشی ایمیداریا,,380000,nan,,,True,2025-08-06 13:08:06,2025-08-10 16:01:52
https://basalam.com/gardenyar/product/3574454,کود تخصصی ویژه گیاه زینتی دراسنا,,75000,nan,,,True,2025-08-06 13:08:08,2025-08-10 16:01:55
https://basalam.com/gardenyar/product/3574472,کود تخصصی ویژه گیاهان زینتی بنت قنسول و شفلرا,,75000,nan,,,True,2025-08-06 13:08:10,2025-08-10 16:01:58
https://basalam.com/atarisina_online/product/7468227,سم سوسک کش گرین لایف سوسک کش قوی پودر سوسک کش,,15000,nan,,,True,2025-08-06 13:08:12,2025-08-10 16:02:00
https://basalam.com/tirafel/product/16210286,کود پتاسیم مگنی فایر امامی کورپ 1 کیلوگرم,,429000,429000.0,1.0,,True,2025-08-06 13:08:14,2025-08-10 16:02:03
https://basalam.com/letkaco/product/7330948,کود گوگرد جنوبگان مدل سولفوگان حجم 5 لیتر,,718600,143720.0,5.0,,True,2025-08-06 13:08:17,2025-08-10 16:02:05
https://basalam.com/plantsneed/product/1525025,کود جلبک دریایی شوک آمریکایی مایع 1 لیتری گنجینه ای از دل دریاها,,410000,410000.0,1.0,,True,2025-08-06 13:08:19,2025-08-10 16:02:08
https://basalam.com/aseelkalajanebi/product/4070337,سم سوسک آشپزخانه مخصوص سوسک کابینتی داهائو Dahao بسته50 عددی,,870600,nan,,,True,2025-08-06 13:08:21,2025-08-10 16:02:10
https://basalam.com/organic_reyhan/product/11304074,سم خمیر سوسک کش امحا اصلی تاریخ جدید,,134900,nan,,,True,2025-08-06 13:08:23,2025-08-10 16:48:51
https://basalam.com/plantsneed/product/9890587,کود فسفر (10.52.10) شوک آمریکایی اصل مایع 1 لیتری,,430000,430000.0,1.0,,True,2025-08-06 13:08:25,2025-08-10 16:02:13
https://basalam.com/kood-aslii/product/21287239,کود فسفر مایع بمب 5 لیتری,,1140000,228000.0,5.0,,True,2025-08-06 13:08:27,2025-08-10 16:12:37
https://basalam.com/kood-aslii/product/21287310,کود مایع، کود فلوئیک اسید مایع شوک 1 لیتری,,330000,330000.0,1.0,,True,2025-08-06 13:08:29,2025-08-10 16:12:40
https://basalam.com/kood-aslii/product/21287158,کود رنگ آوری مایع اکسپلود 1 لیتری,,228000,228000.0,1.0,,True,2025-08-06 13:08:31,2025-08-10 16:12:43
https://basalam.com/kood-aslii/product/21287284,کود مایع، کود فروت ست شوک 20 لیتری,,2700000,135000.0,20.0,,True,2025-08-06 13:08:33,2025-08-10 16:12:45
https://basalam.com/kood-aslii/product/21287271,کود مایع، کود کلسیم مایع شوک 20 لیتری,,2070000,103500.0,20.0,,True,2025-08-06 13:08:35,2025-08-10 16:12:48
https://basalam.com/kood-aslii/product/21287288,کود مایع، کود سه بیست 20-20-20 شوک 20 لیتری,,2310000,115500.0,20.0,,True,2025-08-06 13:08:37,2025-08-10 16:12:51
https://basalam.com/kood-aslii/product/21287229,کود پتاس 95 درصد مایع شوک 1 لیتری (پس کرایه),,360000,360000.0,1.0,,True,2025-08-06 13:08:39,2025-08-10 16:12:54
https://basalam.com/kood-aslii/product/21287227,کود ارگانیک، کود پتاس 95 درصد مایع شوک 20 لیتری,,4800000,240000.0,20.0,,True,2025-08-06 13:08:41,2025-08-10 16:02:34
https://basalam.com/kood-aslii/product/21287270,کود نانو، کود نیترات کلسیم مایع شوک 1 لیتری,,228000,228000.0,1.0,,True,2025-08-06 13:08:43,2025-08-10 16:02:36
https://basalam.com/kood-aslii/product/21287293,کود نانو، کود آهن شوک 1 لیتری,,282000,282000.0,1.0,,True,2025-08-06 13:08:45,2025-08-10 16:02:39
https://basalam.com/kood-aslii/product/21287298,کود مایع، کود مولتی کمپلکس شوک 5 لیتری,,1080000,216000.0,5.0,,True,2025-08-06 13:08:47,2025-08-10 16:02:41
https://basalam.com/epic_agricultural_complex/product/13676459,کود آمینو اولترا لهستان یا اسید آمینه,,650000,nan,,,True,2025-08-06 13:08:49,2025-08-10 16:02:44
https://basalam.com/jahanandesh/product/14051123,کود شیمیایی سولفات آمونیوم خارجی,,850000,nan,,,True,2025-08-06 13:08:51,2025-08-10 16:02:46
https://basalam.com/jahanandesh/product/14051045,کود شیمیایی سولفات آهن خارجی,,530000,nan,,,True,2025-08-06 13:08:54,2025-08-10 16:02:49
https://basalam.com/jahanandesh/product/14051092,کود شیمیایی منزیوم خارجی,,650000,nan,,,True,2025-08-06 13:08:56,2025-08-10 16:02:52
https://basalam.com/jahanandesh/product/14051152,کود شیمیایی سولفات مس خارجی,,988000,nan,,,True,2025-08-06 13:08:58,2025-08-10 16:02:54
https://basalam.com/jahanandesh/product/14051180,کود شیمیایی نیترات کلسیم خارجی,,790000,nan,,,True,2025-08-06 13:09:00,2025-08-10 16:02:57
https://basalam.com/dr_zand/product/11669989,کود پتاس بالا کود پتاسیم صد گرمی دکتر زندی,,36100,nan,,,True,2025-08-06 13:09:02,2025-08-10 16:02:59
https://basalam.com/dr_zand/product/11670018,کود npk 20-10-20 یک کیلو دکتر زندی,,265500,13275.0,20.0,,True,2025-08-06 13:09:04,2025-08-10 16:03:02
https://basalam.com/dr_zand/product/6151993,کود پتاس یک کیلویی 90 درصد پتاسیم هیدروکسید مخصوص انواع گیاه شرکت دکتر زندی,,179600,1995.5555555555557,90.0,,True,2025-08-06 13:09:06,2025-08-10 16:03:05
https://basalam.com/dr_zand/product/17449879,کود ریشه زایی یک کیلویی دکتر زندی npk 201020,,332000,1.651576957516665,201020.0,,True,2025-08-06 13:09:08,2025-08-10 16:03:08
https://basalam.com/dr_zand/product/17449885,کود برگ دهی صدگرمی دکتر زندی بسته بندی پلاستیک,,29100,nan,,,True,2025-08-06 13:09:10,2025-08-10 16:03:10
https://basalam.com/bazrnemooneh/product/7318858,کود گوسفندی خشک ونرم شده(100گرمی),,5000,nan,,,True,2025-08-06 13:09:12,2025-08-10 16:21:08
https://basalam.com/bazrnemooneh/product/9743266,کود 36 12 12 در بسته بندی(30 گرمی) مناسب با کیفیت عالی و قیمت تنظیم بازاری,,16200,nan,,,True,2025-08-06 13:09:14,2025-08-10 16:21:11
https://basalam.com/bazrnemooneh/product/17901141,کود مایع هیومیک اسید برای انواع گلهای آپارتمانی و باغچه ای,,38000,nan,,,True,2025-08-06 13:09:16,2025-08-10 16:21:14
https://basalam.com/maralpars/product/15125003,سم سوسک کش و مورچه کش گرین لیف 50 عددی,,389000,nan,,,True,2025-08-06 13:09:18,2025-08-10 16:21:16
https://basalam.com/hakim.farabi/product/15252205,آشواگاندا با کیفیت عالی، بار امسالی و تازه(750 گرمی ),,3151000,nan,,,True,2025-08-06 13:09:20,2025-08-10 17:00:44
https://basalam.com/hakim.farabi/product/15252088,صمغ ترنجبین با کیفیت عالی، بار امسالی و تازه(750 گرمی ),,7753200,nan,,,True,2025-08-06 13:09:24,2025-08-10 17:00:47
https://basalam.com/hakim.farabi/product/15252112,بولاغ اوتی با کیفیت عالی، بار امسالی و تازه(500گرمی),,410400,nan,,,True,2025-08-06 13:09:26,2025-08-10 17:00:50
https://basalam.com/hakim.farabi/product/15252051,ریشه خولنجان با کیفیت عالی، بار امسالی و تازه(250گرمی),,1240000,nan,,,True,2025-08-06 13:09:29,2025-08-10 17:00:53
https://basalam.com/hakim.farabi/product/15251877,برگ مورینگا با کیفیت عالی، بار امسالی و تازه(750گرمی),,2563000,nan,,,True,2025-08-06 13:09:31,2025-08-10 17:00:56
https://basalam.com/hakim.farabi/product/15251937,صمغ عربی با کیفیت عالی، بار امسالی و تازه(750گرمی),,667400,nan,,,True,2025-08-06 13:09:33,2025-08-10 17:00:59
https://basalam.com/hakim.farabi/product/15251871,گیاه گزنه با کیفیت عالی، بار امسالی و تازه(750گرمی),,419200,nan,,,True,2025-08-06 13:09:35,2025-08-10 17:01:02
https://basalam.com/hakim.farabi/product/15252107,گل بومادارن با کیفیت عالی، بار امسالی و تازه(250 گرمی),,136100,nan,,,True,2025-08-06 13:09:37,2025-08-10 17:01:05
https://basalam.com/hakim.farabi/product/15251911,صمغ کتیرا با کیفیت عالی، بار امسالی و تازه(750گرمی),,11364000,nan,,,True,2025-08-06 13:09:39,2025-08-10 17:01:08
https://basalam.com/hakim.farabi/product/15251910,صمغ کتیرا با کیفیت عالی، بار امسالی و تازه(500گرمی ),,7562600,nan,,,True,2025-08-06 13:09:41,2025-08-10 17:01:11
https://basalam.com/hakim.farabi/product/15251988,گیاه زوفا با کیفیت عالی، بار امسالی و تازه(250گرمی ),,646200,nan,,,True,2025-08-06 13:09:43,2025-08-10 17:01:14
https://basalam.com/hakim.farabi/product/15252095,پونه با کیفیت عالی، بار امسالی و تازه(500گرمی),,236000,nan,,,True,2025-08-06 13:09:45,2025-08-10 17:01:17
https://basalam.com/hakim.farabi/product/15251948,گیاه شاهتره با کیفیت عالی، بار امسالی و تازه(750گرمی),,238700,nan,,,True,2025-08-06 13:09:47,2025-08-10 17:01:20
https://basalam.com/hakim.farabi/product/15252087,صمغ ترنجبین با کیفیت عالی، بار امسالی و تازه(500گرمی),,4584500,nan,,,True,2025-08-06 13:09:49,2025-08-10 17:01:23
https://basalam.com/hakim.farabi/product/15252052,ریشه خولنجان با کیفیت عالی، بار امسالی و تازه(750 گرمی ),,1877700,nan,,,True,2025-08-06 13:09:51,2025-08-10 17:01:26
https://basalam.com/hakim.farabi/product/15252060,گیاه خرفه با کیفیت عالی، بار امسالی و تازه(250 گرمی),,249600,nan,,,True,2025-08-06 13:09:53,2025-08-10 17:01:29
https://basalam.com/samenshimi/product/20574566,سم حشره کش ایکون 10 (پس کرایه),,24000,nan,,,True,2025-08-06 13:09:56,2025-08-10 16:53:05
https://basalam.com/hakim.farabi/product/15251811,ریشه آنغوزه با کیفیت عالی، بار امسالی و تازه(500 گرمی),,14526100,nan,,,True,2025-08-06 13:09:58,2025-08-10 17:01:32
https://basalam.com/hakim.farabi/product/15251610,گیاه گزنه با کیفیت عالی، بار امسالی و تازه(150گرمی ),,157700,nan,,,True,2025-08-06 13:10:00,2025-08-10 17:01:36
https://basalam.com/hakim.farabi/product/15251517,ریشه خولنجان با کیفیت عالی، بار امسالی و تازه(150گرمی),,525100,nan,,,True,2025-08-06 13:10:02,2025-08-10 17:01:39
https://basalam.com/hakim.farabi/product/15251609,صمغ کندر با کیفیت عالی، بار امسالی و تازه(200گرمی),,493100,nan,,,True,2025-08-06 13:10:04,2025-08-10 17:01:42
https://basalam.com/hakim.farabi/product/15251645,گیاه نعناع دشتی با کیفیت عالی، بار امسالی و تازه(150گرمی ),,1061300,nan,,,True,2025-08-06 13:10:06,2025-08-10 17:01:45
https://basalam.com/hakim.farabi/product/15251663,صمغ صبر زرد با کیفیت عالی، بار امسالی و تازه(200گرمی ),,1070800,nan,,,True,2025-08-06 13:10:08,2025-08-10 17:01:48
https://basalam.com/hakim.farabi/product/15251856,گیاه نعناع فلفلی با کیفیت عالی، بار امسالی و تازه(500 گرمی),,589400,nan,,,True,2025-08-06 13:10:10,2025-08-10 17:01:51
https://basalam.com/hakim.farabi/product/15251077,ریشه شیرین بیان (بدون پوست) با کیفیت عالی بار امسالی و تازه(100گرمی ),,119900,nan,,,True,2025-08-06 13:10:12,2025-08-10 17:01:54
https://basalam.com/hakim.farabi/product/15251741,ریشه کاسنی با کیفیت عالی، بار امسالی و تازه(500گرمی),,454500,nan,,,True,2025-08-06 13:10:14,2025-08-10 17:01:57
https://basalam.com/hakim.farabi/product/15251574,ریشه سنبل الطیب با کیفیت عالی، بار امسالی و تازه(150گرمی),,709500,nan,,,True,2025-08-06 13:10:16,2025-08-10 17:02:00
https://basalam.com/hakim.farabi/product/15251732,ریشه کاسنی با کیفیت عالی، بار امسالی و تازه(200گرمی ),,241300,nan,,,True,2025-08-06 13:10:18,2025-08-10 17:02:03
https://basalam.com/ma2shap/product/16611033,سم موش سیانور,,120000,nan,,,True,2025-08-06 13:10:20,2025-08-10 16:03:25
https://basalam.com/kavousianna/product/10114853,سم بردو بهاورا,,250000,nan,,,True,2025-08-06 13:10:23,2025-08-10 16:22:21
https://basalam.com/kavousianna/product/13349999,کود سه بیست 202020 (یک ونیم کیلوگرم) تحت لیسانس اسپانیا,,520000,nan,,,True,2025-08-06 13:10:25,2025-08-10 16:22:24
https://basalam.com/kavousianna/product/7373468,سم کاربندازیم,,750000,nan,,,True,2025-08-06 13:10:27,2025-08-10 16:22:26
https://basalam.com/kavousianna/product/12920114,کود آهن کلاته شماره ثبت 448041,,300000,nan,,,True,2025-08-06 13:10:29,2025-08-10 16:22:29
https://basalam.com/koudaram/product/7140824,کود گوجه فرنگی شوک 5 لیتری آمریکایی اصل,,1370000,274000.0,5.0,,True,2025-08-06 13:10:31,2025-08-10 16:21:50
https://basalam.com/koudaram/product/7163278,کود مولتی کمپلکس شوک 5 لیتری آمریکایی اصل,,1500000,300000.0,5.0,,True,2025-08-06 13:10:33,2025-08-10 16:21:53
https://basalam.com/koudaram/product/7032758,کود زعفران شوک (مخصوص گلدهی ) 5لیتری آمریکایی اصل,,1500000,300000.0,5.0,,True,2025-08-06 13:10:35,2025-08-10 16:21:55
https://basalam.com/koudaram/product/7131919,کود جلبک دریایی شوک 5 لیتری آمریکایی اصل,,1500000,300000.0,5.0,,True,2025-08-06 13:10:37,2025-08-10 16:21:58
https://basalam.com/koudaram/product/13163832,کود ازت بالا 42 درصد شوک آمریکایی اصل (کود اوره),,2000000,nan,,,True,2025-08-06 13:10:39,2025-08-10 16:22:01
https://basalam.com/koudaram/product/7649992,کود پتاسیم سیلیکات شوک یک لیتری آمریکایی اصل,,400000,nan,,,True,2025-08-06 13:10:41,2025-08-10 16:22:03
https://basalam.com/koudaram/product/7651279,کود پتاس بالا شوک 20 لیتری آمریکایی اصل (کود درشتی میوه),,2700000,135000.0,20.0,,True,2025-08-06 13:10:43,2025-08-10 16:22:06
https://basalam.com/koudaram/product/6874625,کود هیومیک اسید شوک 95 درصد یک لیتری آمریکایی اصل,,390000,nan,,,True,2025-08-06 13:10:46,2025-08-10 16:22:08
https://basalam.com/koudaram/product/23281942,کود پتاسیم سیلیکات شوک بیست لیتری آمریکایی اصل,,3700000,nan,,,True,2025-08-06 13:10:48,2025-08-10 16:22:11
https://basalam.com/koudaram/product/7113058,کود ده ایکس شوک (10x) یک لیتری آمریکایی اصل,,420000,nan,,,True,2025-08-06 13:10:50,2025-08-10 16:22:13
https://basalam.com/momtazplant/product/20920596,سم کلرپیریفوس - برای شپشک و حشرات خاکزی و ...,,70000,nan,,,True,2025-08-06 13:10:52,2025-08-10 16:22:16
https://basalam.com/momtazplant/product/1953811,کود فسفر بالا (30 گرمی) - کود ریشه زا - کود ریشه زایی,,65000,nan,,,True,2025-08-06 13:10:54,2025-08-10 16:22:19
https://basalam.com/sam-tehran/product/21457547,سم دراکر وبی ایتالیا (پس کرایه),,840000,nan,,,True,2025-08-06 13:10:56,2025-08-10 16:21:30
https://basalam.com/sam-tehran/product/21995102,سم موریانه ترکیبی سموم بایر آلمان و وبی ایتالیا (پس کرایه),,10000000,nan,,,True,2025-08-06 13:10:58,2025-08-10 16:21:32
https://basalam.com/microlizestore/product/18432775,کود نانو کود کامل میکرولایزطلایی13عنصره با اسیدآمینه بسته بندی خانگی(50گرمی),,58000,nan,,,True,2025-08-06 13:11:00,2025-08-10 16:21:19
https://basalam.com/microlizestore/product/18463629,کود نانو کود کامل میکرولایز طلایی13عنصره با اسید آمینه,,750000,nan,,,True,2025-08-06 13:11:02,2025-08-10 16:21:22
https://basalam.com/zerafat_shop/product/9823670,کود تقویتی مخصوص انواع نخل آپارتمانی ظرافت وزن 50 گرم,,49000,nan,,,True,2025-08-06 13:11:07,2025-08-10 16:17:17
https://basalam.com/zerafat_shop/product/10373179,کود تقویتی مخصوص مورد ( لگستروم ) ظرافت وزن 50 گرم,,49000,nan,,,True,2025-08-06 13:11:09,2025-08-10 16:17:19
https://basalam.com/zerafat_shop/product/10500588,کود تقویتی مخصوص گل میخک ظرافت وزن 50 گرم,,49000,nan,,,True,2025-08-06 13:11:11,2025-08-10 16:06:18
https://basalam.com/zerafat_shop/product/10502125,کود تقویتی مخصوص گل مینا ظرافت وزن 50 گرم,,49000,nan,,,True,2025-08-06 13:11:13,2025-08-10 16:06:20
https://basalam.com/zerafat_shop/product/8440294,کود تقویتی مخصوص گل ژربرا ظرافت,,47000,nan,,,True,2025-08-06 13:11:15,2025-08-10 16:06:23
https://basalam.com/zerafat_shop/product/8057751,کود تقویتی مخصوص بامبو ظرافت,,47000,nan,,,True,2025-08-06 13:11:17,2025-08-10 16:06:26
https://basalam.com/zerafat_shop/product/7975666,کود تقویتی مخصوص بابا آدم ( آلوکازیا ) ظرافت,,47000,nan,,,True,2025-08-06 13:11:19,2025-08-10 16:06:29
https://basalam.com/zerafat_shop/product/7519617,کود مایع آهن فلاور آمی 125 میلی لیتر (بسته 3 عددی),,100000,nan,,,True,2025-08-06 13:11:21,2025-08-10 16:06:32
https://basalam.com/zerafat_shop/product/8222342,کود تقویتی مخصوص پتوس ارتشی ظرافت,,47000,nan,,,True,2025-08-06 13:11:23,2025-08-10 16:06:34
https://basalam.com/zerafat_shop/product/7530832,کود مایع آهن فلاور آمی 500 میلی لیتر (بسته 3 عددی),,160000,nan,,,True,2025-08-06 13:11:26,2025-08-10 16:06:37
https://basalam.com/zerafat_shop/product/8136095,کود فیلودندرون الگانس ظرافت حجم 120 میلی متر مدل KO19180,,53000,nan,,,True,2025-08-06 13:11:28,2025-08-10 16:06:40
https://basalam.com/zerafat_shop/product/8438802,کود تقویتی مخصوص گل بنفشه ظرافت,,47000,nan,,,True,2025-08-06 13:11:30,2025-08-10 16:06:42
https://basalam.com/zerafat_shop/product/8152850,کود تقویتی مخصوص فیلودندرون ماندایانوم ظرافت,,47000,nan,,,True,2025-08-06 13:11:32,2025-08-10 16:06:45
https://basalam.com/zerafat_shop/product/8559575,کود تقویتی مخصوص گل مغربی ظرافت,,47000,nan,,,True,2025-08-06 13:11:34,2025-08-10 16:06:48
https://basalam.com/zerafat_shop/product/9148787,کود تقویتی مخصوص اوپلیسمنوس ظرافت,,47000,nan,,,True,2025-08-06 13:11:36,2025-08-10 16:06:51
https://basalam.com/zerafat_shop/product/8477532,کود تقویتی مخصوص گل شبنم ظرافت,,47000,nan,,,True,2025-08-06 13:11:38,2025-08-10 16:06:53
https://basalam.com/zerafat_shop/product/9293522,کود تقویتی مخصوص اوکالیپتوس ظرافت,,47000,nan,,,True,2025-08-06 13:11:40,2025-08-10 16:06:56
https://basalam.com/zerafat_shop/product/9299646,کود تقویتی مخصوص ریحان ظرافت 120 سی سی,,47000,nan,,,True,2025-08-06 13:11:42,2025-08-10 16:06:59
https://basalam.com/zerafat_shop/product/8610034,کود تقویتی مخصوص گل ابری ظرافت,,47000,nan,,,True,2025-08-06 13:11:44,2025-08-10 16:07:01
https://basalam.com/zerafat_shop/product/10257099,کود تقویتی مخصوص فیلودندرون پاندورافورم ظرافت وزن 50 گرم,,49000,nan,,,True,2025-08-06 13:11:47,2025-08-10 16:07:04
https://basalam.com/zerafat_shop/product/10277639,کود تقویتی مخصوص پسودرانتموم ظرافت وزن 50 گرم,,49000,nan,,,True,2025-08-06 13:11:49,2025-08-10 16:07:07
https://basalam.com/zerafat_shop/product/9627274,کود تقویتی مخصوص سیکلامن ظرافت وزن 50 گرم,,49000,nan,,,True,2025-08-06 13:11:51,2025-08-10 16:07:09
https://basalam.com/zerafat_shop/product/9627650,کود تقویتی مخصوص سینگونیوم ظرافت وزن 50 گرم,,49000,nan,,,True,2025-08-06 13:11:53,2025-08-10 16:07:12
https://basalam.com/zerafat_shop/product/8347497,کود تقویتی مخصوص سانسوریا فیشری ظرافت,,47000,nan,,,True,2025-08-06 13:11:55,2025-08-10 16:07:15
https://basalam.com/zerafat_shop/product/9572591,کود تقویتی مخصوص بابا آدم ( آلوکازیا ) ظرافت وزن 50 گرم,,49000,nan,,,True,2025-08-06 13:11:57,2025-08-10 16:07:17
https://basalam.com/zerafat_shop/product/10364288,کود تقویتی مخصوص درخت بید ظرافت وزن 50 گرم,,49000,nan,,,True,2025-08-06 13:11:59,2025-08-10 16:07:20
https://basalam.com/zerafat_shop/product/10339011,کود تقویتی مخصوص مرزه ظرافت وزن 50 گرم,,49000,nan,,,True,2025-08-06 13:12:01,2025-08-10 16:07:23
https://basalam.com/zerafat_shop/product/7501455,کود مایع بن سای (بنسای بونسای) فلاور آمی 125 میلی لیتر (بسته 2 عددی),,76000,nan,,,True,2025-08-06 13:12:04,2025-08-10 16:07:26
https://basalam.com/zerafat_shop/product/9072278,کود تقویتی مخصوص آرالیا ظرافت,,47000,nan,,,True,2025-08-06 13:12:06,2025-08-10 16:07:28
https://basalam.com/zerafat_shop/product/8303481,کود تقویتی مخصوص دیفن کاملیا ظرافت,,47000,nan,,,True,2025-08-06 13:12:08,2025-08-10 16:07:31
https://basalam.com/zerafat_shop/product/8428464,کود تقویتی مخصوص گل خورشیدی ظرافت,,47000,nan,,,True,2025-08-06 13:12:10,2025-08-10 16:07:34
https://basalam.com/zerafat_shop/product/9880744,کود تقویتی مخصوص آئونیوم ( گل بشقابی ) ظرافت وزن 50 گرم,,49000,nan,,,True,2025-08-06 13:12:12,2025-08-10 16:07:36
https://basalam.com/zerafat_shop/product/10487947,کود تقویتی مخصوص گل یاس وحشی ( ایکسورا ) ظرافت وزن 50 گرم,,49000,nan,,,True,2025-08-06 13:12:14,2025-08-10 16:07:39
https://basalam.com/zerafat_shop/product/10499793,کود تقویتی مخصوص گل عروس ظرافت وزن 50 گرم,,49000,nan,,,True,2025-08-06 13:12:16,2025-08-10 16:07:42
https://basalam.com/zerafat_shop/product/10631182,کود تقویتی مخصوص رازبری ( رزبری ) ظرافت وزن 50 گرم,,49000,nan,,,True,2025-08-06 13:12:18,2025-08-10 16:07:45
https://basalam.com/zerafat_shop/product/10558629,کود تقویتی مخصوص درخت گلابی ظرافت وزن 50 گرم,,49000,nan,,,True,2025-08-06 13:12:20,2025-08-10 16:07:47
https://basalam.com/zerafat_shop/product/10364326,کود تقویتی مخصوص شمشاد ظرافت وزن 50 گرم,,49000,nan,,,True,2025-08-06 13:12:23,2025-08-10 16:07:50
https://basalam.com/zerafat_shop/product/10470815,کود تقویتی مخصوص گل ماگنولیا ( مگنولیا ) ظرافت وزن 50 گرم,,49000,nan,,,True,2025-08-06 13:12:25,2025-08-10 16:07:53
https://basalam.com/zerafat_shop/product/10470888,کود تقویتی مخصوص گل آمارانتوس ظرافت وزن 50 گرم,,49000,nan,,,True,2025-08-06 13:12:27,2025-08-10 16:07:56
https://basalam.com/zerafat_shop/product/9871590,کود تقویتی مخصوص شویدی دم روباهی ظرافت وزن 50 گرم,,49000,nan,,,True,2025-08-06 13:12:29,2025-08-10 16:07:58
https://basalam.com/zerafat_shop/product/9871365,کود تقویتی مخصوص پریمولینا ظرافت وزن 50 گرم,,49000,nan,,,True,2025-08-06 13:12:31,2025-08-10 16:08:01
https://basalam.com/zerafat_shop/product/8610606,کود تقویتی مخصوص گل جعفری ظرافت,,47000,nan,,,True,2025-08-06 13:12:33,2025-08-10 16:08:04
https://basalam.com/zerafat_shop/product/9818679,کود تقویتی مخصوص گازمانیا ظرافت وزن 50 گرم,,49000,nan,,,True,2025-08-06 13:12:35,2025-08-10 16:08:07
https://basalam.com/zerafat_shop/product/8359822,کود تقویتی مخصوص سانسوریا گراسیلیس ظرافت,,47000,nan,,,True,2025-08-06 13:12:37,2025-08-10 16:08:09
https://basalam.com/zerafat_shop/product/9166926,کود تقویتی مخصوص پیسونیا ظرافت,,47000,nan,,,True,2025-08-06 13:12:39,2025-08-10 16:08:12
https://basalam.com/zerafat_shop/product/9809440,کود تقویتی مخصوص آگاو آناناسی ( هچیتا ) ظرافت وزن 50 گرم,,49000,nan,,,True,2025-08-06 13:12:42,2025-08-10 16:08:15
https://basalam.com/zerafat_shop/product/9611249,کود تقویتی مخصوص لیندا ظرافت وزن 50 گرم,,49000,nan,,,True,2025-08-06 13:12:44,2025-08-10 16:08:17
https://basalam.com/zerafat_shop/product/9402346,کود تقویتی مخصوص گل کلم ظرافت,,47000,nan,,,True,2025-08-06 13:12:46,2025-08-10 16:08:20
https://basalam.com/dashtesabz-shop/product/12165900,کود 40-20-10 هاروست ایکس گرین,,615000,nan,,,,2025-08-06 13:12:50,2025-08-06 13:12:50
https://basalam.com/dashtesabz-shop/product/12022737,کود بمباردیر شوگر کیمیتک اسپانیا 1 کیلویی,,1300000,1300000.0,1.0,,,2025-08-06 13:12:52,2025-08-06 13:12:52
https://basalam.com/dashtesabz-shop/product/5034605,کود کاکتوس 125 سی سی پروتکت نیچر,,134000,nan,,,,2025-08-06 13:12:54,2025-08-06 13:12:54
https://basalam.com/dashtesabz-shop/product/14104145,کود کلسیم و بور 1 لیتری کلسیموند بی دکاموند,,515000,515000.0,1.0,,,2025-08-06 13:12:56,2025-08-06 13:12:56
https://basalam.com/dashtesabz-shop/product/5034346,کود مایع بونسای 125 سی سی پروتکت نیچر,,134000,nan,,,,2025-08-06 13:12:58,2025-08-06 13:12:58
https://basalam.com/dashtesabz-shop/product/5091828,کود کامل 20-20-20 NPK وزن 100 گرم دشت سبز,,67000,nan,,,,2025-08-06 13:13:01,2025-08-06 13:13:01
https://basalam.com/dashtesabz-shop/product/5093209,کود 40-5-5 مخصوص گلدهی وزن 100 گرم دشت سبز,,67000,nan,,,,2025-08-06 13:13:03,2025-08-06 13:13:03
https://basalam.com/dashtesabz-shop/product/12245267,کود آهن 6 درصد دیپوفر آریاشیمی 100 گرم,,90000,nan,,,,2025-08-06 13:13:05,2025-08-06 13:13:05
https://basalam.com/dashtesabz-shop/product/15604619,کود آمینو کلسیم بور 1 لیتری ایکس گرین,,358000,358000.0,1.0,,,2025-08-06 13:13:07,2025-08-06 13:13:07
https://basalam.com/dashtesabz-shop/product/17386192,کود سیلیکات پتاسیم زایز,,1175000,nan,,,,2025-08-06 13:13:09,2025-08-06 13:13:09
https://basalam.com/dashtesabz-shop/product/12150922,کود کلسیم کائوس کیمیتک اسپانیا,,670000,nan,,,,2025-08-06 13:13:11,2025-08-06 13:13:11
https://basalam.com/dashtesabz-shop/product/12391233,کود هیومیک اسید مجیک 1 لیتری,,105000,105000.0,1.0,,,2025-08-06 13:13:13,2025-08-06 13:13:13
https://basalam.com/ericaflowercottage/product/13216539,کود 25 گرمی مونو آمونیوم فسفات از برند وپروفرت تحت لیسانس شرکت سیمونیس هلند,,39500,nan,,,True,2025-08-06 13:13:16,2025-08-10 16:49:16
https://basalam.com/kimia_fertilizer/product/9197594,کود آمینو اسید کیمیا,,55000,nan,,,,2025-08-06 13:13:18,2025-08-06 13:13:18
https://basalam.com/kimia_fertilizer/product/9152285,کود ریشه زا کیمیا 10.52.10,,50000,nan,,,,2025-08-06 13:13:20,2025-08-06 13:13:20
https://basalam.com/gilsaar.greenhouse/product/12163480,گل و گیاه نخل مرداب 120 سانتی متری چند کله شاداب مطابق عکس,,149000,nan,,,True,2025-08-06 13:13:22,2025-08-10 16:54:56
https://basalam.com/gilsaar.greenhouse/product/12302496,گل و گیاه نهال کاج جونی پروس ابلق مطابق عکس,,99000,nan,,,True,2025-08-06 13:13:24,2025-08-10 16:54:53
https://basalam.com/golator/product/22258745,کود گل یخ ریسمو سوئیس 30 عدد کود قرصی خود حلال,,291500,nan,,,,2025-08-06 13:13:26,2025-08-06 13:13:26
https://basalam.com/rasha_drog/product/15213437,برگ جینکو با کیفیت عالی و ممتاز,,209000,nan,,,,2025-08-06 13:13:28,2025-08-06 13:13:28
https://basalam.com/rasha_drog/product/15213329,گیاه مورد با کیفیت عالی، بار امسالی و تازه(50گرمی),,66600,nan,,,,2025-08-06 13:13:31,2025-08-06 13:13:31
https://basalam.com/rasha_drog/product/15213344,گل گاو زبان با کیفیت عالی، بار امسالی و تازه(50گرمی),,315000,nan,,,,2025-08-06 13:13:33,2025-08-06 13:13:33
https://basalam.com/rasha_drog/product/15213333,گیاه مریم گلی با کیفیت عالی، بار امسالی و تازه(100گرمی),,128900,nan,,,,2025-08-06 13:13:35,2025-08-06 13:13:35
https://basalam.com/rasha_drog/product/15214634,صمغ عربی با کیفیت عالی، بار امسالی و تازه(1کیلوگرم),,570200,570200.0,1.0,,,2025-08-06 13:13:37,2025-08-06 13:13:37
https://basalam.com/rasha_drog/product/15213431,گیاه دم اسب با کیفیت عالی، بار امسالی و تازه(100گرمی),,93000,nan,,,,2025-08-06 13:13:39,2025-08-06 13:13:39
https://basalam.com/green-mile/product/17202016,سوپر کود غنی شده با آهن آیرون پلاس,,68000,nan,,,,2025-08-06 13:13:41,2025-08-06 13:13:41
https://basalam.com/green-mile/product/17101911,کود ویژه تقویت برگ پتاس بالا 36-12-12 NPK,,68000,nan,,,,2025-08-06 13:13:43,2025-08-06 13:13:43
https://basalam.com/sambaire/product/17296509,کود کامل 10 ایکس گلد (10X GOLD) شوک 1 لیتری مایع (پس کرایه),,512600,487000.0,1.0,,True,2025-08-06 13:13:46,2025-08-10 14:27:12
https://basalam.com/giyahino/product/1211534,خاکشیر سوپر و تمیز نیم کیلویی گیاهینو,,135000,nan,,,True,2025-08-06 13:13:48,2025-08-10 16:18:46
https://basalam.com/giahpezshk/product/7114365,سم علف کش باریک برگ کش هالوکسی فوپ آر متیل یا سوپرگالانت,,400000,nan,,,True,2025-08-06 13:13:50,2025-08-10 16:20:40
https://basalam.com/giahpezshk/product/8269054,سم قارچ کش سولفور هندی پاکت یک کیلویی,,247500,nan,,,True,2025-08-06 13:13:52,2025-08-10 16:20:42
https://basalam.com/giahpezshk/product/8308689,کود زیستی وغیرشیمیایی بیوسولفور حاوی باکتری تیوباسیلوس,,115000,nan,,,True,2025-08-06 13:13:54,2025-08-10 16:20:45
https://basalam.com/giahpezshk/product/7019182,سم چغندر بدون بو مخصوص سوسک و ساس و انواع حشرات موذی,,65000,nan,,,True,2025-08-06 13:13:56,2025-08-10 16:20:47
https://basalam.com/giahpezshk/product/13643168,سم علف کش گلایفوزیت رانداپ,,680000,nan,,,True,2025-08-06 13:13:58,2025-08-10 16:20:50
https://basalam.com/giahpezshk/product/13400278,سم قارچ کش کاپتان پاکت کوچک مخصوص انواع بیماری های قارچی گیاهان آپارتمانی و درختان میوه,,65000,nan,,,True,2025-08-06 13:14:01,2025-08-10 16:20:53
https://basalam.com/giahpezshk/product/13400294,کود فروت ست مخصوص جلوگیری از ریزش شکوفه و میوه درختان پاکت کوچک,,65000,nan,,,True,2025-08-06 13:14:03,2025-08-10 16:20:55
https://basalam.com/giahpezshk/product/7096349,کود قطره مخصوص بامبو,,57000,nan,,,True,2025-08-06 13:14:05,2025-08-10 16:20:58
https://basalam.com/giahpezshk/product/11074202,کود پودری نیترات کلسیم فایواستار بلژیک بسته بندی ده کیلوگرمی,,2590000,nan,,,True,2025-08-06 13:14:07,2025-08-10 16:21:00
https://basalam.com/giahpezshk/product/8309405,سم علف کش پاراکوات,,950000,nan,,,True,2025-08-06 13:14:09,2025-08-10 16:21:03
https://basalam.com/nikobazrir/product/6475438,کود آمینو اسید نیکوبذر (محرک رشد),,25000,nan,,,True,2025-08-06 13:14:11,2025-08-10 16:52:38
https://basalam.com/kudbest/product/21270294,کود فولست ( فروتست ) مایع بمب 5 لیتری,,900000,180000.0,5.0,,True,2025-08-06 13:14:14,2025-08-10 16:18:57
https://basalam.com/kudbest/product/21270330,کود ارگانیک،کود کلسیم مایع شوک 5 لیتری,,1020000,204000.0,5.0,,True,2025-08-06 13:14:16,2025-08-10 16:19:00
https://basalam.com/kudbest/product/21270310,کود مولتی کمپلکس(مولتی بمب)بمب 20 لیتری,,2340000,117000.0,20.0,,True,2025-08-06 13:14:18,2025-08-10 16:19:02
https://basalam.com/kudbest/product/21270322,کود هیومیک اسید مایع بمب 1 لیتری(فول هیومیک),,234000,234000.0,1.0,,True,2025-08-06 13:14:20,2025-08-10 16:19:05
https://basalam.com/kudbest/product/21270325,کود مایع، کود فسفر 80 درصد مایع شوک 1 لیتری,,324000,324000.0,1.0,,True,2025-08-06 13:14:22,2025-08-10 16:19:07
https://basalam.com/kudbest/product/21270366,کود نانو، کود فولویک اسید مایع شوک اصل آمریکایی 5 لیتری,,930000,186000.0,5.0,,True,2025-08-06 13:14:24,2025-08-10 16:19:10
https://basalam.com/kudbest/product/21270350,کود مایع، کود آهن شوک 5 لیتری,,1080000,216000.0,5.0,,True,2025-08-06 13:14:27,2025-08-10 16:19:13
https://basalam.com/kudbest/product/21270373,کود اسید هیومیک مایع شوک 20 لیتری,,2100000,105000.0,20.0,,True,2025-08-06 13:14:29,2025-08-10 16:19:15
https://basalam.com/zerafat_shop/product/12663604,کود کاکتوس و ساکولنت پامچال,,15800,nan,,,True,2025-08-06 13:14:34,2025-08-10 16:10:46
https://basalam.com/zerafat_shop/product/9749046,کود تقویتی مخصوص کالیسیا ظرافت وزن 50 گرم,,49000,nan,,,True,2025-08-06 13:14:36,2025-08-10 16:10:49
https://basalam.com/zerafat_shop/product/5619473,کود میکرو تریس میکس (Trace-Mix),,950000,nan,,,True,2025-08-06 13:14:38,2025-08-10 16:10:52
https://basalam.com/zerafat_shop/product/9691571,کود تقویتی مخصوص دراسنا کامپکت ظرافت وزن 50 گرم,,49000,nan,,,True,2025-08-06 13:14:40,2025-08-10 16:10:54
https://basalam.com/zerafat_shop/product/9626090,کود تقویتی مخصوص برگ قاشقی ظرافت وزن 50 گرم,,49000,nan,,,True,2025-08-06 13:14:42,2025-08-10 16:10:57
https://basalam.com/zerafat_shop/product/8122989,کود تقویتی مخصوص درسنا ظرافت,,47000,nan,,,True,2025-08-06 13:14:45,2025-08-10 16:11:00
https://basalam.com/zerafat_shop/product/10437282,کود تقویتی مخصوص گل پیچ امین الدوله ظرافت وزن 50 گرم,,49000,nan,,,True,2025-08-06 13:14:47,2025-08-10 16:11:02
https://basalam.com/zerafat_shop/product/5181697,کود مایع زاموفیلیا فلاور آمی 125 میلی لیتر,,40000,nan,,,True,2025-08-06 13:14:49,2025-08-10 16:11:05
https://basalam.com/venosflowerr/product/7026793,کود 20 20 20 شرکتی درجه یک تضمینی,,36500,nan,,,True,2025-08-06 13:14:51,2025-08-10 16:14:18
https://basalam.com/niloofar1378/product/13165140,کود سه بیست (202020)50گرمی,,98000,nan,,,True,2025-08-06 13:14:53,2025-08-10 16:14:20
https://basalam.com/basalak1/product/22808988,کود مس شوک اصل مایع 20 لیتری آمریکایی (پس کرایه),,2517500,119580.0,20.0,,True,2025-08-06 13:14:55,2025-08-10 16:58:48
https://basalam.com/basalak1/product/22810491,کود مخصوص برنج شوک اصل مایع 5 لیتری (پس کرایه),,999400,189880.0,5.0,,True,2025-08-06 13:14:58,2025-08-10 16:58:45
https://basalam.com/basalak1/product/22094877,کود سیلیکات پتاسیم شوک اصل آمریکایی مایع1 لیتری (پس کرایه),,274600,260900.0,1.0,,True,2025-08-06 13:15:00,2025-08-10 16:58:05
https://basalam.com/basalak1/product/22095167,کود نیترات کلسیم شوک مایع اصل آمریکایی 20 لیتری (پس کرایه),,2278100,108210.0,20.0,,True,2025-08-06 13:15:02,2025-08-10 16:57:59
https://basalam.com/basalak1/product/22808673,کود روی مایع شوک 31 درصد اصل آمریکایی 1 لیتری (پس کرایه),,249800,237300.0,1.0,,True,2025-08-06 13:15:04,2025-08-10 16:58:14
https://basalam.com/basalak1/product/22123865,کود ازت بالا شوک 42درصد اصل آمریکایی 5 لیتری (پس کرایه) (اوره),,327800,62280.0,5.0,,True,2025-08-06 13:15:06,2025-08-10 16:58:11
https://basalam.com/basalak1/product/22807821,کود پتاس 95 درصد شوک اصل آمریکایی 1 لیتری (پس کرایه ),,242200,230100.0,1.0,,True,2025-08-06 13:15:08,2025-08-10 16:58:17
https://basalam.com/basalak1/product/22809132,کود گندم و جو شوک اصل آمریکا 5 لیتری (افزایش تناژ)(پس کرایه),,1064000,202160.0,5.0,,True,2025-08-06 13:15:11,2025-08-10 16:59:27
https://basalam.com/basalak1/product/22803628,کود آمینواسید شوک 80درصد اصل پنج لیتری(پس کرایه),,948400,nan,,,,2025-08-06 13:15:13,2025-08-06 13:20:18
https://basalam.com/basalak1/product/22092479,کود کامل 10X شوک اصل آمریکایی مایع بیست لیتری (پس کرایه),,2819400,nan,,,True,2025-08-06 13:15:15,2025-08-10 16:58:02
https://basalam.com/basalak1/product/23242768,کود فول مکس بمب 5 لیتری اصل درجه 1 (پس کرایه),,1211200,230120.0,5.0,,True,2025-08-06 13:15:17,2025-08-10 16:59:32
https://basalam.com/basalak1/product/22808690,کود روی مایع شوک 31 درصد اصل آمریکایی 20 لیتری (پس کرایه),,2243000,106540.0,20.0,,True,2025-08-06 13:15:19,2025-08-10 16:57:56
https://basalam.com/basalak1/product/22808375,کود آهن شوک 23 درصد اصل آمریکایی 1 لیتری (پس کرایه),,256300,243500.0,1.0,,True,2025-08-06 13:15:21,2025-08-10 16:58:33
https://basalam.com/basalak1/product/8304446,کود مخصوص گیلاس شوک اصل آمریکایی مایع پنج لیتری (پس کرایه),,1211200,nan,,,True,2025-08-06 13:15:24,2025-08-10 16:58:51
https://basalam.com/basalak1/product/22810353,کود مخصوص خرما شوک اصل مایع 5 لیتری (پس کرایه),,967600,183840.0,5.0,,True,2025-08-06 13:15:26,2025-08-10 16:59:18
https://basalam.com/basalak1/product/8304261,کود مخصوص هندوانه شوک اصل آمریکایی گالن بیست لیتری (پس کرایه),,2351200,nan,,,True,2025-08-06 13:15:28,2025-08-10 16:58:42
https://basalam.com/basalak1/product/22808299,کود آهن شوک 25 درصد اصل آمریکایی 5 لیتری (پس کرایه),,954800,181420.0,5.0,,True,2025-08-06 13:15:30,2025-08-10 16:59:12
https://basalam.com/basalak1/product/22810863,کود مخصوص پسته شوک اصل مایع 20 لیتری (پس کرایه),,2755000,130860.0,20.0,,True,2025-08-06 13:15:32,2025-08-10 16:58:27
https://basalam.com/basalak1/product/22806454,کود ریشه زا 19.63 شوک اصل آمریکایی 5 لیتری مایع(پس کرایه),,977600,185740.0,5.0,,True,2025-08-06 13:15:35,2025-08-10 16:59:09
https://basalam.com/basalak1/product/22123499,کود مخصوص گلدهی زعفران شوک اصل آمریکا 20 لیتری(پس کرایه),,2451000,116420.0,20.0,,True,2025-08-06 13:15:37,2025-08-10 16:58:54
https://basalam.com/basalak1/product/22092327,کود مخصوص درخت گردو شوک آمریکایی 5 لیتری (پس کرایه),,1140000,216600.0,5.0,,True,2025-08-06 13:15:39,2025-08-10 16:58:30
https://basalam.com/basalak1/product/22803740,کود ضد سرمازدگی آمینواسید شوک اصل پنج لیتری (پس کرایه),,948400,nan,,,True,2025-08-06 13:15:41,2025-08-10 16:59:00
https://basalam.com/basalak1/product/22806605,کود سیلیکات پتاسیم شوک اصل آمریکایی مایع 20 لیتری (پس کرایه),,2365500,112360.0,20.0,,True,2025-08-06 13:15:43,2025-08-10 16:58:36
https://basalam.com/basalak1/product/23242737,کود فول مکس بمب 20 لیتری اصل درجه 1 (پس کرایه),,2992500,142145.0,20.0,,True,2025-08-06 13:15:45,2025-08-10 16:59:21
https://basalam.com/basalak1/product/22092228,کود ریشه زا 19.63 شوک اصل آمریکایی یک لیتری (پس کرایه),,267900,nan,,,True,2025-08-06 13:15:48,2025-08-10 16:59:24
https://basalam.com/basalak1/product/22803673,کود آمینواسید شوک آمریکایی اصل 20 لیتری(پس کرایه),,1858200,92910.0,20.0,,,2025-08-06 13:15:50,2025-08-06 13:22:19
https://basalam.com/basalak1/product/22803514,کود جلبک دریایی شوک مایع آمریکایی 20 لیتری(پس کرایه),,2470000,117325.0,20.0,,True,2025-08-06 13:15:52,2025-08-10 16:59:50
https://basalam.com/basalak1/product/22123769,کود نیترات کلسیم مایع شوک اصل آمریکایی 1 لیتری (پس کرایه),,248900,236500.0,1.0,,True,2025-08-06 13:15:54,2025-08-10 16:59:06
https://basalam.com/basalak1/product/23245217,کود آهن بمب 6 درصد مایع اصل نانو 20 لیتری (پس کرایه),,1690000,80275.0,20.0,,True,2025-08-06 13:15:56,2025-08-10 16:59:38
https://basalam.com/basalak1/product/9274164,کود فسفر بالا شوک 80 درصد ریشه زا قوی 1 لیتری (پس کرایه),,342000,324900.0,1.0,,True,2025-08-06 13:15:58,2025-08-10 16:59:47
https://basalam.com/basalak1/product/22095432,کود آمینواسید شوک 80درصد مایع اصل یک لیتری (پس کرایه),,237500,nan,,,True,2025-08-06 13:16:01,2025-08-10 16:58:24
https://basalam.com/basalak1/product/22090890,کود کامل 10x شوک اصل آمریکایی گالن 5 لیتری (پس کرایه),,1089300,206960.0,5.0,,True,2025-08-06 13:16:03,2025-08-10 16:58:57
https://basalam.com/basalak1/product/22092557,کود کامل 10x شوک اصل آمریکایی 5 لیتری مایع (پس کرایه),,1089300,206960.0,5.0,,True,2025-08-06 13:16:05,2025-08-10 16:59:15
https://basalam.com/basalak1/product/22811106,کود مخصوص درخت گیلاس شوک آمریکایی 1 لیتری (پس کرایه),,275500,261700.0,1.0,,True,2025-08-06 13:16:07,2025-08-10 16:58:20
https://basalam.com/basalak1/product/23244704,کود سه بیست بمب 20.20.20 اصل یک لیتری (پس کرایه),,267000,nan,,,True,2025-08-06 13:16:09,2025-08-10 16:58:39
https://basalam.com/basalak1/product/8304382,کود جلبک دریایی شوک مایع اصل آمریکایی یک لیتری (پس کرایه),,270000,nan,,,True,2025-08-06 13:16:12,2025-08-10 16:58:08
https://basalam.com/basalak1/product/20438956,کود کلسیم بور 34 درصد بمب اصل 1 لیتری (پس کرایه),,249400,236900.0,1.0,,True,2025-08-06 13:16:14,2025-08-10 16:59:29
https://basalam.com/basalak1/product/22091604,کود گلدهی شوک اصل آمریکایی 1 لیتری (12.12.36) (پس کرایه),,294500,279800.0,1.0,,True,2025-08-06 13:16:16,2025-08-10 16:59:03
https://basalam.com/basalak1/product/16358927,کود کامل ده ایکس شوک یک لیتری اصل (پس کرایه),,288300,nan,,,True,2025-08-06 13:16:25,2025-08-10 16:59:41
https://basalam.com/basalak1/product/22807767,کود پتاس 95 درصد شوک اصل آمریکایی 20 لیتری (پس کرایه ),,1890000,89775.0,20.0,,True,2025-08-06 13:16:28,2025-08-10 16:59:44
https://basalam.com/atlasiha/product/23627041,کود 36 12 12 کریستالون پروتکت پلنت 1 کیلوگرم,,900000,900000.0,1.0,,True,2025-08-06 13:16:30,2025-08-10 16:14:23
https://basalam.com/atlasiha/product/23567673,کود هورمون ریشه زایی پودر روت تارا 100 گرم,,970000,nan,,,True,2025-08-06 13:16:32,2025-08-10 16:14:26
https://basalam.com/atlasiha/product/23568230,کود هیومیک اسید مایع پروتکت پلنت 500 میلی لیتر,,450000,nan,,,True,2025-08-06 13:16:34,2025-08-10 16:14:28
https://basalam.com/taall/product/13007395,کود فروت ست بارافشان 1 لیتری,,480000,480000.0,1.0,,True,2025-08-06 13:16:36,2025-08-10 16:14:31
https://basalam.com/sambaire/product/18355381,کود بذرمال روی شوک اصل آمریکایی 20 لیتری (پس کرایه),,2242800,106535.0,20.0,,True,2025-08-06 13:16:38,2025-08-10 16:57:41
https://basalam.com/sambaire/product/19195030,کود فول مکس کمپانی بمب آمریکایی مایع 1 لیتری نانو (پس کرایه),,288300,273900.0,1.0,,True,2025-08-06 13:16:41,2025-08-10 16:56:38
https://basalam.com/sambaire/product/17324472,کود فسفر بالا 10.52.10 شوک اصل آمریکایی 1 لیتری (پس کرایه),,301200,286100.0,1.0,,True,2025-08-06 13:16:43,2025-08-10 17:00:04
https://basalam.com/sambaire/product/17325987,کود مخصوص گندم و جو شوک اصل آمریکایی 1 لیتری (پس کرایه),,217800,206900.0,1.0,,True,2025-08-06 13:16:45,2025-08-10 16:59:55
https://basalam.com/sambaire/product/17326162,کود سه بیست 20.20.20 شوک اصل آمریکایی 5 لیتری (پس کرایه),,865100,164360.0,5.0,,True,2025-08-06 13:16:47,2025-08-10 16:59:58
https://basalam.com/sambaire/product/17328196,کود مخصوص ذرت شوک مایع اصل آمریکایی 5 لیتری (پس کرایه ),,1025200,194780.0,5.0,,True,2025-08-06 13:16:49,2025-08-10 16:56:58
https://basalam.com/sambaire/product/17327161,کود پتاس بالا شوک 60درصد اصل آمریکایی 5 لیتری (پس کرایه),,800900,152180.0,5.0,,True,2025-08-06 13:16:52,2025-08-10 16:57:32
https://basalam.com/sambaire/product/18355599,کود بذرمال فولویک اسید شوک اصل آمریکایی 1 لیتری (پس کرایه),,224300,213100.0,1.0,,True,2025-08-06 13:16:54,2025-08-10 16:56:32
https://basalam.com/sambaire/product/17317774,کود مخصوص رنگ آوری گوجه شوک اصل آمریکایی 5 لیتری (پس کرایه ),,897100,170440.0,5.0,,True,2025-08-06 13:16:56,2025-08-10 16:59:35
https://basalam.com/sambaire/product/17325720,کود پتاس بالا 12.12.36 شوک اصل آمریکایی 5 لیتری (پس کرایه),,961200,182620.0,5.0,,True,2025-08-06 13:16:58,2025-08-10 16:57:01
https://basalam.com/sambaire/product/17317563,کود رنگ آوری میوه شوک اصل آمریکایی 5 لیتری (پس کرایه),,961200,182620.0,5.0,,True,2025-08-06 13:17:00,2025-08-10 17:00:23
https://basalam.com/sambaire/product/17328126,کود مخصوص برنج شوک مایع اصل آمریکایی 20 لیتری (پس کرایه),,2499100,118705.0,20.0,,True,2025-08-06 13:17:03,2025-08-10 16:57:18
https://basalam.com/sambaire/product/18355864,کود درشتی میوه و محصولات اصل آمریکایی 1 لیتری (پس کرایه),,224300,213100.0,1.0,,True,2025-08-06 13:17:05,2025-08-10 17:00:10
https://basalam.com/sambaire/product/18355751,کود درشتی میوه، محصولات زراعی، گلخانه ای آمریکایی (پس کرایه),,897100,nan,,,True,2025-08-06 13:17:07,2025-08-10 16:57:12
https://basalam.com/sambaire/product/17325699,کود پتاس بالا 12.12.36 شوک اصل آمریکایی 20 لیتری )پس کرایه),,2358100,112010.0,20.0,,True,2025-08-06 13:17:09,2025-08-10 17:00:07
https://basalam.com/sambaire/product/17326858,کود گوگرد مایع شوک 80درصد اصل آمریکایی 5لیتری (پس کرایه),,858700,163160.0,5.0,,True,2025-08-06 13:17:11,2025-08-10 16:57:35
https://basalam.com/sambaire/product/17328144,کود مخصوص برنج شوک مایع اصل آمریکایی 5 لیتری (پس کرایه),,999600,189920.0,5.0,,True,2025-08-06 13:17:14,2025-08-10 16:56:41
https://basalam.com/sambaire/product/17314504,کود مخصوص درخت گردو شوک اصل آمریکایی 20 لیتری (پس کرایه ),,2082600,98925.0,20.0,,True,2025-08-06 13:17:16,2025-08-10 16:57:15
https://basalam.com/sambaire/product/17314580,کود فسفر بالا شوک 80 درصد اصل آمریکایی 20 لیتری (پس کرایه),,2306800,109575.0,20.0,,True,2025-08-06 13:17:18,2025-08-10 16:57:29
https://basalam.com/sambaire/product/17317420,کود آهن شوک 23 درصد اصل آمریکایی 5 لیتری مایع (پس کرایه),,871400,165560.0,5.0,,True,2025-08-06 13:17:20,2025-08-10 17:00:01
https://basalam.com/sambaire/product/17326176,کود سه بیست 20.20.20 شوک اصل آمریکایی یک لیتری (پس کرایه),,243500,nan,,,True,2025-08-06 13:17:22,2025-08-10 16:57:24
https://basalam.com/sambaire/product/17314652,کود فسفر بالا شوک 80 درصد اصل آمریکایی 1 لیتری (پس کرایه),,288300,273900.0,1.0,,True,2025-08-06 13:17:25,2025-08-10 17:00:14
https://basalam.com/sambaire/product/17326967,کود مرغی شوک مایع اصل20 لیتری (کاملترین آنالیز) پس کرایه,,1278200,60715.0,20.0,,True,2025-08-06 13:17:27,2025-08-10 17:00:17
https://basalam.com/sambaire/product/17325960,کود مخصوص گندم و جو شوک اصل آمریکایی 5 لیتری (پس کرایه),,826600,157060.0,5.0,,True,2025-08-06 13:17:29,2025-08-10 16:57:09
https://basalam.com/sambaire/product/17328353,کود مخصوص کیوی شوک مایع اصل آمریکایی 5 لیتری (پس کرایه),,1028600,195440.0,5.0,,True,2025-08-06 13:17:31,2025-08-10 16:56:52
https://basalam.com/sambaire/product/19194812,کود 5 لیتری نانو مایع پتاس بالا شوک (k95) شوک (پس کرایه ),,961200,182620.0,5.0,,True,2025-08-06 13:17:33,2025-08-10 16:57:21
https://basalam.com/sambaire/product/19195416,بهترین کود مایع گندم برای رشد و افزایش تناژ (پس کرایه),,1076500,nan,,,True,2025-08-06 13:17:36,2025-08-10 16:56:55
https://basalam.com/sambaire/product/17297122,کود ازت بالا شوک مایع 42 درصد اصل 20 لیتری (پس کرایه),,768900,36525.0,20.0,,True,2025-08-06 13:17:38,2025-08-10 17:00:20
https://basalam.com/sambaire/product/17317396,کود آهن شوک 23 درصد اصل آمریکایی یک لیتری مایع (پس کرایه),,256300,nan,,,True,2025-08-06 13:17:40,2025-08-10 16:56:35
https://basalam.com/shirazkesht/product/23920460,کود دفندر منگنز یک لیتری فروغ دشت,,999000,nan,,,True,2025-08-06 13:17:42,2025-08-10 16:14:33
https://basalam.com/shirazkesht/product/23920250,کود کلات آهن نومافر 1 کیلوگرمی کدا اسپانیا,,1475000,1475000.0,1.0,,True,2025-08-06 13:17:44,2025-08-10 16:14:36
https://basalam.com/shirazkesht/product/11313884,کود سولوپتاس (سولفات پتاسیم) مدل خانگی وزن 100 گرم,,89000,nan,,,True,2025-08-06 13:17:47,2025-08-10 16:14:39
https://basalam.com/shirazkesht/product/11313896,کود سولفات منیزیم مدل خانگی وزن 100 گرمی,,69000,nan,,,True,2025-08-06 13:17:49,2025-08-10 16:14:41
https://basalam.com/shirazkesht/product/11313939,کود اوره (کود نیتروژن) مدل خانگی وزن 100 گرم,,59000,nan,,,True,2025-08-06 13:17:51,2025-08-10 16:14:44
https://basalam.com/shirazkesht/product/11313844,کود کامل گلدهی NPK پتاس بالا (36-12-12) مدل خانگی وزن 100 گرم,,99000,nan,,,True,2025-08-06 13:17:53,2025-08-10 16:14:46
https://basalam.com/shirazkesht/product/23935928,کود قارچ کش بیولوژیک پروبیو 96 نیم کیوگرم,,289000,nan,,,True,2025-08-06 13:17:56,2025-08-10 16:14:49
https://basalam.com/motorcycleadl/product/9298624,پک کودهای مراقبتی گیاهان آپارتمانی,,310000,nan,,,True,2025-08-06 13:17:58,2025-08-10 16:47:56
https://basalam.com/motorcycleadl/product/9923058,کود آنتوریوم برند پروتکت نیچر اسپانیا,,110000,nan,,,True,2025-08-06 13:18:00,2025-08-10 16:47:59
https://basalam.com/ragafertilizer/product/2981708,کود اسید هیومیک پودری برند گرین پیک درجه یک وزن 900 گرم,,319000,nan,,,True,2025-08-06 13:18:02,2025-08-10 16:14:52
https://basalam.com/sarinalnad/product/11587846,سم حشره کش,,25000,nan,,,True,2025-08-06 13:18:04,2025-08-10 16:13:27
https://basalam.com/sarinalnad/product/11587822,کود npk 19 6 20 (افزایش شاخه و برگ),,25000,1315.7894736842106,19.0,,True,2025-08-06 13:18:07,2025-08-10 16:13:29
https://basalam.com/sarinalnad/product/11587893,کود پتاس بالا,,25000,nan,,,True,2025-08-06 13:18:09,2025-08-10 16:13:32
https://basalam.com/cud_agri/product/6993205,کود سه بیست 20-20-20 شوک آمریکایی گالن 20 لیتری,,3200000,160000.0,20.0,,True,2025-08-06 13:18:30,2025-08-10 16:18:03
https://basalam.com/cud_agri/product/7067965,کود پتاس بالا 60 درصد شوک آمریکایی یک لیتری,,400000,nan,,,True,2025-08-06 13:18:32,2025-08-10 16:18:06
https://basalam.com/cud_agri/product/13247583,کود مرغی شوک بیست لیتری آمریکایی اصل(مایع مرغی),,2000000,nan,,,True,2025-08-06 13:18:35,2025-08-10 16:18:09
https://basalam.com/armagnantabeatsabz/product/18770413,کود پتاسیم فسفات ژله ای آکوافر,,1384000,nan,,,True,2025-08-06 13:18:37,2025-08-10 16:17:42
https://basalam.com/armagnantabeatsabz/product/8732992,سم پروپارژیت (اومایت),,600000,nan,,,True,2025-08-06 13:18:39,2025-08-10 16:17:45
https://basalam.com/gilda1385/product/9892849,کود کامل مخصوص NPK کاکتوس گیلدا وزن 25 گرم,,90000,nan,,,,2025-08-06 13:18:41,2025-08-06 13:18:41
https://basalam.com/gilda1385/product/9425755,کود کامل NPK سه بیست گیلدا کد 20-20-20 وزن 25 گرم,,90000,nan,,,,2025-08-06 13:18:44,2025-08-06 13:18:44
https://basalam.com/pharma_gene/product/12729436,کود NPK سه بیست ژله ای 20 لیتری,,5000000,250000.0,20.0,,True,2025-08-06 13:18:46,2025-08-10 16:18:14
https://basalam.com/nafasflowerhome/product/20148748,کود اسید هیومیک,,85000,nan,,,True,2025-08-06 13:18:48,2025-08-10 16:18:12
https://basalam.com/sam_kod_lordegan/product/21911503,کود کالیوم 450 لبوسل,,1475000,nan,,,True,2025-08-06 13:18:50,2025-08-10 16:20:37
https://basalam.com/sam-kud-bazr/product/19496392,کود میکرو ریز مغذی اریاشیمی (ویوگرمیگس),,720000,nan,,,True,2025-08-06 13:18:53,2025-08-10 16:20:29
https://basalam.com/sam-kud-bazr/product/19497403,کود آلی جنگل,,75000,nan,,,True,2025-08-06 13:18:55,2025-08-10 16:20:32
https://basalam.com/sam-kud-bazr/product/21529412,کود آهن لایفر ایتالیا اورتو اورتو 4.8,,1520000,nan,,,True,2025-08-06 13:18:57,2025-08-10 16:20:34
https://basalam.com/urmu/product/22721272,گیاه سانسوریا سیلور گلد زیبا و خاص,,105000,nan,,,True,2025-08-06 13:18:59,2025-08-10 16:18:54
https://basalam.com/malakegol/product/23273282,کود هیومیک اسید,,145000,nan,,,True,2025-08-06 13:19:02,2025-08-10 16:13:19
https://basalam.com/toranj_fertiliser_pesticide/product/8873416,کود کلات آهن 10 درصد فلوریش حجم یک کیلوگرم,,600000,nan,,,True,2025-08-06 13:19:04,2025-08-10 16:13:21
https://basalam.com/golebehesht/product/4988130,پک دو تایی گیاه سنسیو و برگ ارغوانی,,70000,nan,,,True,2025-08-06 13:19:07,2025-08-10 16:13:24
https://basalam.com/keshavarnovin2022/product/12056669,کود هیومیک اسید هوماکینگ King وارداتی وزن سه کیلوگرم,,950000,nan,,,True,2025-08-06 13:19:16,2025-08-10 16:13:35
https://basalam.com/golkhanh_sang/product/1368710,کود تقویتی 10 52 10,,50000,nan,,,True,2025-08-06 13:19:18,2025-08-10 16:13:37
https://basalam.com/plantsneed/product/7516171,کود مولتی کمپلکس شوک آمریکایی مایع 20 لیتری,,3895000,194750.0,20.0,,True,2025-08-06 13:19:20,2025-08-10 16:13:40
https://basalam.com/plantsneed/product/7516118,کود مولتی کمپلکس شوک آمریکایی اصل مایع 5 لیتری,,1500000,300000.0,5.0,,True,2025-08-06 13:19:22,2025-08-10 16:13:43
https://basalam.com/plantsneed/product/7356383,کود هیومیک اسید شوک آمریکایی 95 درصد اصل مایع 5 لیتری,,1450000,290000.0,5.0,,True,2025-08-06 13:19:25,2025-08-10 16:13:45
https://basalam.com/plantsneed/product/9890655,کود فسفر (10.52.10) شوک آمریکایی اصل مایع 20 لیتری,,4800000,240000.0,20.0,,True,2025-08-06 13:19:27,2025-08-10 16:13:48
https://basalam.com/plantsneed/product/9890950,کود آهن شوک آمریکایی اصل مایع 5 لیتری,,1500000,300000.0,5.0,,True,2025-08-06 13:19:29,2025-08-10 16:13:51
https://basalam.com/plantsneed/product/9889630,کود کامل 10x شوک آمریکایی اصل مایع 20 لیتری,,4395000,219750.0,20.0,,True,2025-08-06 13:19:31,2025-08-10 16:13:53
https://basalam.com/plantsneed/product/9889912,کود پتاس بالا شوک آمریکایی اصل مایع 5 لیتری,,1250000,250000.0,5.0,,True,2025-08-06 13:19:34,2025-08-10 16:13:56
https://basalam.com/muscleworm/product/1371437,پک پاجوش دهی و تقویت شامل مکمل کیسه ای و کود پودری 400 گرمی ماسل ورم(پس کرایه),,450000,nan,,,True,2025-08-06 13:19:36,2025-08-10 16:13:59
https://basalam.com/muscleworm/product/2937544,کود پودری هیرو پلاس ماسل ورم 20 لیتری (پس کرایه),,1600000,80000.0,20.0,,True,2025-08-06 13:19:38,2025-08-10 16:14:01
https://basalam.com/forsat-andishe/product/21145564,کود کلات روی زاگرس (پس کرایه),,220000,nan,,,True,2025-08-06 13:19:41,2025-08-10 16:14:04
https://basalam.com/vermikood/product/1556062,سم دایابون، آفت کش گیاهی ارگانیک (کنترل شته،کنه،سپردار،سفیدبالک،تریپس،پسیل),,430000,nan,,,True,2025-08-06 13:19:43,2025-08-10 16:14:07
https://basalam.com/abarplant/product/18573732,کود کلات آهن هاروانا مدل رد فایتر وزن 100 گرم,,229000,nan,,,True,2025-08-06 13:19:46,2025-08-10 16:14:09
https://basalam.com/abarplant/product/18573804,کود جلبک دریایی هاروانا مدل سی وید وزن 100 گرم,,169000,nan,,,True,2025-08-06 13:19:48,2025-08-10 16:14:12
https://basalam.com/lalokland/product/17587248,گونه خاص فیلودندرون گوست (فروش عمده و تک) (پس کرایه),,320000,nan,,,True,2025-08-06 13:19:51,2025-08-10 16:14:15
https://basalam.com/sabzonlineshop/product/12340323,کود ارکیده تایمکس حجم 150میلی لیتر مخصوص گل ارکیده,,85000,nan,,,True,2025-08-06 13:25:03,2025-08-10 16:14:54
https://basalam.com/sabzonlineshop/product/12337755,کود مخصوص گل های آپارتمانی تایمکس حجم 150 میلی لیتر,,69000,nan,,,True,2025-08-06 13:25:05,2025-08-10 16:14:57
https://basalam.com/sabzonlineshop/product/7139827,کود تقویتی مخصوص گیاه بامبو 150 میلی لیتر برند تایمکس,,69000,nan,,,True,2025-08-06 13:25:08,2025-08-10 16:15:00
https://basalam.com/sabzonlineshop/product/11054628,کود مایع سه بیست تایمکس ( کود رویشی 20 20 20 ) حجم 150 میلی لیتر,,65000,nan,,,True,2025-08-06 13:25:10,2025-08-10 16:15:02
https://basalam.com/sabzonlineshop/product/9567389,کود هورمون سیتوکینین تایمکس 150 میلی لیتر برای رشد برگ گل و گیاه,,85000,nan,,,True,2025-08-06 13:25:12,2025-08-10 16:15:05
https://basalam.com/jangalsaz/product/3747290,کود آهن 6 درصد پاکت خانگی,,6990,nan,,,True,2025-08-06 13:25:15,2025-08-10 16:15:14
https://basalam.com/kuud-orginal1/product/21287533,کود ارگانیک، کود پتاس 95 درصد مایع شوک 20 لیتری (پسکرایه),,4800000,240000.0,20.0,,True,2025-08-06 13:25:17,2025-08-10 16:15:16
https://basalam.com/kuud-orginal1/product/21287515,کود پتاس 95 درصد مایع شوک 20 لیتری (پسکرایه),,4800000,240000.0,20.0,,True,2025-08-06 13:25:19,2025-08-10 16:15:19
https://basalam.com/kuud-orginal1/product/21287625,کود اسید هیومیک مایع شوک 1 لیتری (پسکرایه),,282000,282000.0,1.0,,True,2025-08-06 13:25:21,2025-08-10 16:15:22
https://basalam.com/kuud-orginal1/product/21287594,کود ارگانیک، کود فروت ست شوک 5 لیتری (پسکرایه),,1080000,216000.0,5.0,,True,2025-08-06 13:25:24,2025-08-10 16:15:24
https://basalam.com/kuud-orginal1/product/21287547,کود فسفر مایع بمب 1 لیتری (پسکرایه),,300000,300000.0,1.0,,True,2025-08-06 13:25:26,2025-08-10 16:15:27
https://basalam.com/kuud-orginal1/product/21287612,کود ارگانیک، کود مرغی شوک 1 لیتری (پسکرایه),,90000,90000.0,1.0,,True,2025-08-06 13:25:28,2025-08-10 16:15:29
https://basalam.com/kuud-orginal1/product/21287564,کود آمینو اسید بمب مایع 5 لیتری (پسکرایه),,840000,168000.0,5.0,,True,2025-08-06 13:25:31,2025-08-10 16:15:32
https://basalam.com/kuud-orginal1/product/21287554,کود مولتی کمپلکس(مولتی بمب)بمب 20 لیتری (پسکرایه),,2340000,117000.0,20.0,,True,2025-08-06 13:25:33,2025-08-10 16:15:35
https://basalam.com/kuud-orginal1/product/21287553,کود سه بیست (20-20-20) بمب 1 لیتری (پسکرایه),,270000,270000.0,1.0,,True,2025-08-06 13:25:35,2025-08-10 16:15:37
https://basalam.com/kuud-orginal1/product/21287563,کود آمینو اسید مایع بمب 20 لیتری (پسکرایه),,1740000,87000.0,20.0,,True,2025-08-06 13:25:38,2025-08-10 16:15:40
https://basalam.com/kood-takhifi/product/21287861,کود هیومیک اسید مایع شوک 5 لیتری (پس کرایه),,1050000,210000.0,5.0,,True,2025-08-06 13:25:40,2025-08-10 16:15:42
https://basalam.com/kood-takhifi/product/21287853,کود ارگانیک، کود اسید آمینه شوک 1 لیتری (پس کرایه),,282000,282000.0,1.0,,True,2025-08-06 13:25:42,2025-08-10 16:15:45
https://basalam.com/kood-takhifi/product/21287862,کود اسید هیومیک مایع شوک 1 لیتری (پس کرایه),,282000,282000.0,1.0,,True,2025-08-06 13:25:45,2025-08-10 16:15:48
https://basalam.com/kood-takhifi/product/21287748,کود نانو، کود زعفران مایع اکسپلود 5 لیتری,,780000,156000.0,5.0,,True,2025-08-06 13:25:47,2025-08-10 16:15:50
https://basalam.com/kood-takhifi/product/21287754,کود پتاس 95 درصد مایع شوک 20 لیتری,,4800000,240000.0,20.0,,True,2025-08-06 13:25:49,2025-08-10 16:15:53
https://basalam.com/kood-takhifi/product/21287816,کود ارگانیک، کود فسفر مایع شوک 5 لیتری,,1380000,276000.0,5.0,,True,2025-08-06 13:25:51,2025-08-10 16:15:56
https://basalam.com/kood-takhifi/product/21287848,کود نانو، کود مولتی کمپلکس شوک 1 لیتری,,288000,288000.0,1.0,,True,2025-08-06 13:25:54,2025-08-10 16:15:58
https://basalam.com/kood-takhifi/product/21287850,کود ارگانیک، کود مرغی شوک 1 لیتری,,90000,90000.0,1.0,,True,2025-08-06 13:26:32,2025-08-10 16:16:01
https://basalam.com/cactus_farhang/product/15876628,مامیلاریا گراسیلیس،گلدان 6 پر و باکیفیت(ارسال پس کرایه),,20000,nan,,,True,2025-08-06 13:26:34,2025-08-10 16:16:04
https://basalam.com/zerafat_shop/product/9468838,کود تقویتی مخصوص سانسوریا ظرافت وزن 50 گرم,,53000,nan,,,True,2025-08-06 13:26:36,2025-08-10 16:16:06
https://basalam.com/zerafat_shop/product/9336601,کود تقویتی مخصوص پیازچه ظرافت,,47000,nan,,,True,2025-08-06 13:26:38,2025-08-10 16:16:09
https://basalam.com/zerafat_shop/product/9262767,کود تقویتی مخصوص زرشک ظرافت,,47000,nan,,,True,2025-08-06 13:26:41,2025-08-10 16:16:12
https://basalam.com/zerafat_shop/product/9598010,کود تقویتی مخصوص آلوورا ظرافت وزن 50 گرم,,49000,nan,,,True,2025-08-06 13:26:43,2025-08-10 16:16:14
https://basalam.com/zerafat_shop/product/9730817,کود فیلودندرون اسکاندیس ظرافت وزن 50 گرم مدل KO19175,,55000,nan,,,True,2025-08-06 13:26:45,2025-08-10 16:16:17
https://basalam.com/zerafat_shop/product/8531274,کود تقویتی مخصوص گل آلیسوم ظرافت,,47000,nan,,,True,2025-08-06 13:26:48,2025-08-10 16:16:20
https://basalam.com/zerafat_shop/product/8330440,کود تقویتی مخصوص سانسوریا بلک دراگون ( مینیاتوری ) ظرافت,,47000,nan,,,True,2025-08-06 13:26:50,2025-08-10 16:16:22
https://basalam.com/zerafat_shop/product/8329664,کود تقویتی مخصوص سانسوریا ماسونی ( باله نهنگی ) ظرافت,,47000,nan,,,True,2025-08-06 13:26:52,2025-08-10 16:16:25
https://basalam.com/zerafat_shop/product/8166624,کود تقویتی مخصوص فیلودندرون زانادو ظرافت,,47000,nan,,,True,2025-08-06 13:26:55,2025-08-10 16:16:28
https://basalam.com/zerafat_shop/product/9819894,کود تقویتی مخصوص کریپتانتوس ظرافت وزن 50 گرم,,49000,nan,,,True,2025-08-06 13:26:57,2025-08-10 16:16:31
https://basalam.com/zerafat_shop/product/9731465,کود تقویتی مخصوص فیلودندرون زانادو ظرافت وزن 50 گرم,,49000,nan,,,True,2025-08-06 13:26:59,2025-08-10 16:16:33
https://basalam.com/zerafat_shop/product/9939365,کود تقویتی مخصوص سانسوریا بلک دراگون ( مینیاتوری ) ظرافت وزن 50 گرم,,49000,nan,,,True,2025-08-06 13:27:02,2025-08-10 16:16:36
https://basalam.com/zerafat_shop/product/10698251,کود تقویتی مخصوص سیر ظرافت وزن 50 گرم,,49000,nan,,,True,2025-08-06 13:27:04,2025-08-10 16:16:39
https://basalam.com/zerafat_shop/product/5843668,کود منگزینک پلاس (Mangazinc Plus),,390000,nan,,,True,2025-08-06 13:27:06,2025-08-10 16:16:42
https://basalam.com/zerafat_shop/product/9302018,کود تقویتی مخصوص تره ظرافت,,47000,nan,,,True,2025-08-06 13:27:09,2025-08-10 16:16:44
https://basalam.com/zerafat_shop/product/9385609,کود تقویتی مخصوص چغندر ظرافت,,47000,nan,,,True,2025-08-06 13:27:11,2025-08-10 16:16:47
https://basalam.com/zerafat_shop/product/10427477,کود تقویتی مخصوص تاج خروس ظرافت وزن 50 گرم,,49000,nan,,,True,2025-08-06 13:27:13,2025-08-10 16:16:50
https://basalam.com/zerafat_shop/product/10501724,کود تقویتی مخصوص گل میمون ظرافت وزن 50 گرم,,49000,nan,,,True,2025-08-06 13:27:16,2025-08-10 16:16:53
https://basalam.com/zerafat_shop/product/10531792,کود تقویتی مخصوص گل سیلین ظرافت وزن 50 گرم,,49000,nan,,,True,2025-08-06 13:27:18,2025-08-10 16:16:55
https://basalam.com/zerafat_shop/product/10592394,کود تقویتی مخصوص درخت اکالیپتوس ظرافت وزن 50 گرم,,49000,nan,,,True,2025-08-06 13:27:20,2025-08-10 16:16:58
https://basalam.com/zerafat_shop/product/10548845,کود تقویتی مخصوص گل فریزیا ظرافت وزن 50 گرم,,49000,nan,,,True,2025-08-06 13:27:22,2025-08-10 16:17:01
https://basalam.com/zerafat_shop/product/10418794,کود تقویتی مخصوص گل کاملیا ظرافت وزن 50 گرم,,49000,nan,,,True,2025-08-06 13:27:25,2025-08-10 16:17:03
https://basalam.com/zerafat_shop/product/10455694,کود تقویتی مخصوص گل آکالیفا ظرافت وزن 50 گرم,,49000,nan,,,True,2025-08-06 13:27:27,2025-08-10 16:17:06
https://basalam.com/zerafat_shop/product/9821520,کود تقویتی مخصوص نخل لیکوالا ( نخل بادبزنی ) ظرافت وزن 50 گرم,,49000,nan,,,True,2025-08-06 13:27:29,2025-08-10 16:17:09
https://basalam.com/zerafat_shop/product/10668696,کود تقویتی مخصوص گل ماهور ( خرگوشک ) ظرافت وزن 50 گرم,,49000,nan,,,True,2025-08-06 13:27:32,2025-08-10 16:17:11
https://basalam.com/zerafat_shop/product/10670254,کود تقویتی مخصوص کرچک ظرافت وزن 50 گرم,,49000,nan,,,True,2025-08-06 13:27:34,2025-08-10 16:17:14
https://basalam.com/kudbest/product/21270319,کود هیومیک اسید مایع بمب 20 لیتری(فول هیومیک),,1740000,87000.0,20.0,,True,2025-08-06 13:29:30,2025-08-10 16:19:18
https://basalam.com/kudbest/product/21270328,کود نانو، کود نیترات کلسیم مایع شوک 1 لیتری,,228000,228000.0,1.0,,True,2025-08-06 13:29:33,2025-08-10 16:19:21
https://basalam.com/kudbest/product/21270295,کود فول ست ( فروت ست ) مایع بمب 1 لیتری,,240000,240000.0,1.0,,True,2025-08-06 13:29:35,2025-08-10 16:19:23
https://basalam.com/kudbest/product/21270297,کود فسفر بالا (10-52-10) مایع بمب 5 لیتری,,1110000,222000.0,5.0,,True,2025-08-06 13:29:37,2025-08-10 16:19:26
https://basalam.com/kudbest/product/21270353,کود ارگانیک، کود مخصوص گوجه فرنگی شوک 20 لیتری,,2040000,102000.0,20.0,,True,2025-08-06 13:29:40,2025-08-10 16:19:29
https://basalam.com/kudbest/product/21270360,کود نانو، کود مرغی شوک 20 لیتری,,720000,36000.0,20.0,,True,2025-08-06 13:29:42,2025-08-10 16:19:31
https://basalam.com/nano_chimi_metaverse2/product/5964157,کود امینو اسید مایع یک لیتری 50 درصد,,600000,12000.0,50.0,,True,2025-08-06 13:29:44,2025-08-10 16:19:39
https://basalam.com/rajeh_agriculture/product/13426517,کود کلسیوگرین 34، محصولی فوق العاده شامل 34 درصد کلسیم، قدرت جذب بالا، بسته بندی 1 کیلوگرمی,,1700000,1700000.0,1.0,,True,2025-08-06 13:29:47,2025-08-10 16:19:42
https://basalam.com/rajeh_agriculture/product/13741197,کود فولیاکون 22، محصولی از گرینهاس ایتالیا، حاوی نیتروژن، کلسیم، منیزیوم، بسته بندی 1 لیتری,,900000,900000.0,1.0,,True,2025-08-06 13:29:49,2025-08-10 16:19:45
https://basalam.com/rajeh_agriculture/product/13741563,کود محرک رشد آمینوفول، محصولی فوق العاده از آمینکو ایتالیا، حاوی آمینو اسید و اسید فولویک، بسته بندی 250 سی سی,,1300000,nan,,,True,2025-08-06 13:29:51,2025-08-10 16:19:47
https://basalam.com/rajeh_agriculture/product/15963294,کود پلنتی NK اکسپرس، محصولی از آکوافارما اسپانیا، حاوی درصد بالای پتاسیم و نیتروژن به فرم اوره، بسته بندی 1 کیلوگرمی,,1000000,1000000.0,1.0,,True,2025-08-06 13:29:54,2025-08-10 16:19:50
https://basalam.com/rajeh_agriculture/product/12516088,سوپرگرین 3، کود NPK سه بیست همراه با عناصر ریزمغذی، محصولی از گرینهاس ایتالیا، کیفیت فوق العاده، بسته بندی 1 کیلویی,,750000,750000.0,1.0,,True,2025-08-06 13:29:56,2025-08-10 16:19:53
https://basalam.com/rajeh_agriculture/product/14268938,کود دبل متال آکوافارما، محصولی از آکوافارما اسپانیا، حاوی 15 درصد کلات روی و 15 درصد کلات منگنز، بسته بندی 1 کیلوگرمی,,950000,950000.0,1.0,,True,2025-08-06 13:29:58,2025-08-10 16:19:55
https://basalam.com/rajeh_agriculture/product/13751705,کود npk پتاس بالا 40 5 10، محصولی از ایتالیا، بسته بندی خانگی 100 گرمی,,80000,nan,,,True,2025-08-06 13:30:01,2025-08-10 16:19:58
https://basalam.com/rajeh_agriculture/product/21706545,کود اولیگوگرین مجیک، میکرو جادوگر، محصولی از گرینهاس ایتالیا، ترکیبی فوق العاده از 7 عنصر ریز مغذی، بسته بندی 1 کیلوگرمی,,2000000,2000000.0,1.0,,True,2025-08-06 13:30:03,2025-08-10 16:20:01
https://basalam.com/rajeh_agriculture/product/21970144,سم کوپراکسی کلوراید 35 درصد پودر وتابل، قارچ کش و باکتری کش تماسی با اثر محافظتی از گروه ترکیبات مسی، بسته بندی 1 کیلو,,850000,850000.0,1.0,,True,2025-08-06 13:30:05,2025-08-10 16:20:03
https://basalam.com/rajeh_agriculture/product/13607596,کود سوپرگرین4، npk 10 5 40، همراه عناصر ریز مغذی مورد نیاز گیاه، محصولی بی نظیر از گرینهاس ایتالیا، بسته بندی 1 کیلوگرم,,750000,75000.0,10.0,,True,2025-08-06 13:30:08,2025-08-10 16:20:06
https://basalam.com/rajeh_agriculture/product/18547563,کود NPK اگریفرت مکزیک، آنالیز 10 52 10، فسفر بالا، مناسب اوایل دوره کاشت و دوران ریشه دهی، 10 کیلوگرمی، ارسال با باربری,,4200000,420000.0,10.0,,True,2025-08-06 13:30:10,2025-08-10 16:20:09
https://basalam.com/roham_cactus/product/16612514,کود آنتوریوم تایمکس,,67500,nan,,,True,2025-08-06 13:30:12,2025-08-10 16:20:11
https://basalam.com/roham_cactus/product/16613779,کود اسید هیومیک,,74600,nan,,,True,2025-08-06 13:30:15,2025-08-10 16:20:14
https://basalam.com/roham_cactus/product/16611997,کود پاجوش دهی تایمکس با حجم 150 میلی لیتر,,81000,nan,,,True,2025-08-06 13:30:17,2025-08-10 16:20:16
https://basalam.com/roham_cactus/product/16761047,کود 30ـ05ـ15 NPK پودری 60 گرمی تایمکس,,51300,nan,,,True,2025-08-06 13:30:19,2025-08-10 16:20:19
https://basalam.com/roham_cactus/product/16753344,کود فسفر 25 درصد پودری 60 گرمی تایمکس,,81000,nan,,,True,2025-08-06 13:30:22,2025-08-10 16:20:22
https://basalam.com/garden_tools_khorasani/product/20247788,کود NPK 202020 ده کیلویی کاتوزا,,3100000,nan,,,True,2025-08-06 13:30:24,2025-08-10 16:20:24
https://basalam.com/garden_tools_khorasani/product/22377055,کود آهن پودری باسشن اسپانیایی (BASTION),,1850000,nan,,,True,2025-08-06 13:30:26,2025-08-10 16:20:27
https://basalam.com/arshadiarash2020/product/10494977,سم دیازینون ( از بین بردن انواع حشرات ),,50000,nan,,,,2025-08-06 13:30:38,2025-08-06 13:30:38
https://basalam.com/arshadiarash2020/product/14019949,کود گیاهان آپارتمانی ( پک 6 عددی ),,230000,nan,,,True,2025-08-06 13:30:40,2025-08-10 16:40:07
https://basalam.com/arshadiarash2020/product/7636693,کود 10 52 10 (بسته بندی زیب دار),,35000,nan,,,True,2025-08-06 13:30:43,2025-08-10 16:40:10
https://basalam.com/arshadiarash2020/product/10042583,سم بنومیل (بسته بندی زیب دار),,35000,nan,,,True,2025-08-06 13:30:45,2025-08-10 16:40:13
https://basalam.com/arshadiarash2020/product/10067960,کود آمینو اسید (مایع 130 سی سی),,32000,nan,,,True,2025-08-06 13:30:48,2025-08-10 16:40:16
https://basalam.com/arshadiarash2020/product/17300235,کود گیاهان آپارتمانی (کود کامل پروتکت نیچر اورجینال),,100000,nan,,,True,2025-08-06 13:30:50,2025-08-10 16:40:20
https://basalam.com/gyasa/product/15770817,کود آمینو اسید مایع غلیظ GREEN SOUL پنج لیتری,,718000,nan,,,True,2025-08-06 13:31:51,2025-08-10 16:21:06
https://basalam.com/microlizestore/product/18465269,کود نانو کود کامل میکرولایز 6-4-4 (آهن روی منگنز)با اسید آمینه,,700000,nan,,,True,2025-08-06 13:32:08,2025-08-10 16:21:24
https://basalam.com/microlizestore/product/18465904,کود نانو کود کلات مس 15 درصد میکرولایز,,705000,nan,,,True,2025-08-06 13:32:10,2025-08-10 16:21:27
https://basalam.com/microlizestore/product/18469174,کود نانو کود کامل NPK20-20-20+TE میکرولایز,,250000,nan,,,,2025-08-06 13:32:12,2025-08-06 13:32:12
https://basalam.com/mahmoudi31/product/17299063,کود تقویتی رایس پک (گرانول 101010) (پس کرایه),,1600000,nan,,,True,2025-08-06 13:32:19,2025-08-10 16:21:35
https://basalam.com/alk1/product/24168249,کود آمینو اسید 80 درصد شوک 5لیتری (پس کرایه),,1050000,210000.0,5.0,,True,2025-08-06 13:32:22,2025-08-10 16:21:38
https://basalam.com/alk1/product/24167806,کود جلبک دریایی شوک 5 لیتری (پس کرایه),,1080000,216000.0,5.0,,True,2025-08-06 13:32:24,2025-08-10 16:21:40
https://basalam.com/alk1/product/24168320,کود آمینو اسید 80 درصد شوک 1 لیتری (پس کرایه),,320000,320000.0,1.0,,True,2025-08-06 13:32:26,2025-08-10 16:21:43
https://basalam.com/alk1/product/24194275,کود شود فولویک اسید 95درصد 20 لیتری (پس کرایه),,1980000,99000.0,20.0,,True,2025-08-06 13:32:29,2025-08-10 16:21:48
https://basalam.com/robiniagarden/product/14283361,کود مایع کامل یک لیتری دیبان,,345000,nan,,,True,2025-08-06 13:33:37,2025-08-10 16:22:32
https://basalam.com/noghli_market/product/5681191,سم کنفیدور برای شپشک ارد الود وشته و افات مکنده,,66000,nan,,,True,2025-08-06 13:35:01,2025-08-10 16:22:34
https://basalam.com/noghli_market/product/7590438,هورمون سیتوکینین کود سیتوکنین,,110000,nan,,,True,2025-08-06 13:35:04,2025-08-10 16:22:37
https://basalam.com/humicacid/product/5108200,کود کامل 10X شوک اصل آمریکایی گالن 20 لیتری (پس کرایه),,2823300,135520.0,20.0,,True,2025-08-06 13:35:06,2025-08-10 16:56:26
https://basalam.com/behin_rp400/product/3522733,مولتی کود گیاهان خانگی، بسته سه عددی,,194400,nan,,,True,2025-08-06 13:35:08,2025-08-10 16:22:39
https://basalam.com/behin_rp400/product/3522735,مولتی کود گیاهان آپارتمانی، بسته دو عددی،,,194400,nan,,,True,2025-08-06 13:35:11,2025-08-10 16:22:42
https://basalam.com/behin_rp400/product/3522738,مولتی کود برگ انجیری، 8 عنصری، بسته دو عددی,,194400,nan,,,True,2025-08-06 13:35:13,2025-08-10 16:22:44
https://basalam.com/behin_rp400/product/3522787,مولتی کود اختصاصی انواع آگلونما، بسته دو عددی,,194400,nan,,,True,2025-08-06 13:35:15,2025-08-10 16:22:47
https://basalam.com/behin_rp400/product/3522794,مولتی کود اختصاصی برگ قاشقی، بسته دو عددی,,194400,nan,,,True,2025-08-06 13:35:18,2025-08-10 16:22:50
https://basalam.com/behin_rp400/product/3522802,مولتی کود پاپیتال، عشقه، بسته دو عددی,,194400,nan,,,True,2025-08-06 13:35:20,2025-08-10 16:22:52
https://basalam.com/zphonar/product/21288871,خاک 5 کیلویی ارگانیک بهداشتی کوکوپیت پرلیت گیاهان آپارتمانی گلدان 5 (پس کرایه),,nan,25400.0,5.0,,True,2025-08-10 09:51:40,2025-08-10 13:49:00
https://basalam.com/banookhooshg/product/23596898,خاک بونسای گیلدا مدل G-Bonasia حجم 2 لیتر,,nan,173850.0,2.0,,True,2025-08-10 09:59:18,2025-08-10 13:56:48
https://basalam.com/hypersabz/product/25034453,خاک و برگ سبک آماده کاشت 10 لیتری(پس کرایه),,nan,26500.0,10.0,,True,2025-08-10 09:59:48,2025-08-10 13:57:28
https://basalam.com/banookhooshg/product/23596881,خاک برگ گیلدا مدل Humus حجم 30 لیتر,,nan,35733.333333333336,30.0,,True,2025-08-10 10:02:49,2025-08-10 14:00:54
https://basalam.com/zphonar/product/21233039,خاک تمیز مخصوص گیاه خانگی آپارتمانی فیلتر شده,,nan,nan,,,True,2025-08-10 10:03:03,2025-08-10 14:01:10
https://basalam.com/darya_gooshe_shomal/product/9623343,گل کاغذی بنفش قرمز سرخابی صورتی زرد سفید طبیعی ارتفاع حدود 30 سانت از سطح خاک ارسال پس کرایه باربری با هزینه مشتری,,nan,nan,,,True,2025-08-10 10:04:30,2025-08-10 14:15:46
https://basalam.com/ramaya/product/21832429,ماسک صورت خاک رس ماچا ماسکورا,,nan,nan,,,True,2025-08-10 10:08:16,2025-08-10 14:20:08
https://basalam.com/hbcgbcdc58785/product/17848562,ریشه زنبق ایرسا (سورت شده.بدون ذره ای خاک.ضد میکروبی شده)100 گرمی,,nan,nan,,,True,2025-08-10 10:11:51,2025-08-10 14:24:24
https://basalam.com/golden_goldon/product/9450217,کود هیومیک اسید. اسید هیومیک. قوطی 100 گرمی. پودری. ضد تنش و شوک گیاهان و اصلاح خاک گلدان,,nan,nan,,,True,2025-08-10 10:13:14,2025-08-10 14:26:28
https://basalam.com/reyhan_giyah_products/product/18269764,گیاه خارشتر با کیفیت عالی، بار امسالی و تازه(500گرمی ),,nan,nan,,,True,2025-08-10 10:13:16,2025-08-10 14:26:38
https://basalam.com/iran_seed/product/12049952,بذر درختچه همیشه سبز لیگستروم سبز و طلایی یا ابلق - Golden Privet Hedge,,nan,nan,,,True,2025-08-10 10:13:18,2025-08-10 14:30:26
https://basalam.com/tetaco/product/13646230,کود مایع NPK 12-12-36+TE واترپلاس VIGOROUS حجم 1 لیتر,,nan,110000.0,1.0,,True,2025-08-10 10:13:44,2025-08-10 14:30:33
https://basalam.com/tetaco/product/7869212,کود سولفات پتاسیم تتاکو VIGOROUS وزن 1 کیلوگرم,,nan,170500.0,1.0,,True,2025-08-10 10:13:49,2025-08-10 14:27:45
https://basalam.com/shahdshimi/product/20135594,کود اسید هیومیک جامد پودری برند کلاستر 1 کیلوگرم,,nan,349000.0,1.0,,True,2025-08-10 10:14:12,2025-08-10 14:28:26
https://basalam.com/hydro_gol/product/20315643,کود کامل هیدروپونیک گیارُست,,nan,nan,,,True,2025-08-10 10:14:28,2025-08-10 14:29:10
https://basalam.com/nikobazrir/product/9923814,کود کامل سه بیست پلاس 20 20 20 نیکوبذر (گرم بالا),,nan,nan,,,True,2025-08-10 10:14:30,2025-08-10 14:28:23
https://basalam.com/golden_goldon/product/12177822,کود زاموفیلیا. 100 سی سی. کامل و ترکیبی,,nan,nan,,,True,2025-08-10 10:14:46,2025-08-10 14:28:57
https://basalam.com/saadatfatehi/product/16933938,کود کامل کوکولی فله ای بسته بندی 180 گرمی,,nan,nan,,,True,2025-08-10 10:15:11,2025-08-10 14:29:02
https://basalam.com/avandagro/product/8839092,کود مایع جت ایکس گرین کود نیتروژن بالا (40درصد) 1 لیتری,,nan,180000.0,1.0,,True,2025-08-10 10:15:14,2025-08-10 14:29:38
https://basalam.com/motorcycleadl/product/9462160,کود آمینو اسید برند پروتکت نیچر,,nan,nan,,,True,2025-08-10 10:15:18,2025-08-10 14:29:28
https://basalam.com/golden_goldon/product/12151841,کود بامبو . 100 سی سی.کامل و ترکیبی,,nan,nan,,,True,2025-08-10 10:15:32,2025-08-10 14:29:05
https://basalam.com/avandagro/product/8839716,کود هیومیک اسید پودری پابرا سطلی داتیس 2.5 کیلوگرمی,,nan,234500.0,2.5,,True,2025-08-10 10:15:39,2025-08-10 14:29:54
https://basalam.com/golden_goldon/product/9707536,سم دیازینون 100 سی سی. خالص درجه یک,,nan,nan,,,True,2025-08-10 10:15:42,2025-08-10 14:29:17
https://basalam.com/golden_goldon/product/10682242,کود گلدهی 100 سی سی. کامل و ترکیبی,,nan,nan,,,True,2025-08-10 10:15:47,2025-08-10 14:30:28
https://basalam.com/goldoonbazaar/product/17715573,کود آهن فیروزه,,nan,nan,,,True,2025-08-10 10:15:54,2025-08-10 14:29:57
https://basalam.com/shahdshimi/product/20123731,کود کامل NPK 15-5-30 + TE برند کلاستر 1 کیلوگرم,,nan,209000.0,1.0,,True,2025-08-10 10:16:01,2025-08-10 14:28:52
https://basalam.com/plant-protection/product/21410466,قرص کود تقویتی کامل کره ای نوتری بابل,,nan,nan,,,True,2025-08-10 10:16:04,2025-08-10 14:29:36
https://basalam.com/arjagriculture/product/18242507,کود مایع نیترات آمونیوم سوپرمکس 5 لیتر,,nan,105600.0,5.0,,True,2025-08-10 10:16:06,2025-08-10 14:31:26
https://basalam.com/simazaar/product/17515338,گیاه دم گیلاس با کیفیت عالی، بار امسالی و تازه(500گرمی),,nan,nan,,,True,2025-08-10 10:16:11,2025-08-10 14:30:21
https://basalam.com/goldoonbazaar/product/19460190,کود ورمی کمپوست بسته 500 گرمی,,nan,nan,,,True,2025-08-10 10:16:18,2025-08-10 14:29:07
https://basalam.com/shahdshimi/product/20117417,کود کامل سه بیست NPK 20-20-20 + TE برند کلاستر 1 کیلوگرم,,nan,259000.0,1.0,,True,2025-08-10 10:16:25,2025-08-10 14:26:49
https://basalam.com/golden_goldon/product/10682622,سوپر کود ترکیبی انواع گیاهان آپارتمانی. 250 سی سی,,nan,nan,,,True,2025-08-10 10:16:30,2025-08-10 14:30:42
https://basalam.com/letkaco/product/2121458,کود هیومیک اسید پودری مخصوص ابیاری قطره ای مدل 1hum وزن 10 کیلوگرم,,nan,56750.0,10.0,,True,2025-08-10 10:16:49,2025-08-10 14:26:30
https://basalam.com/abbasico94/product/19324949,سم مرگ موش سبز هندی سیانودار(یک عدد),,nan,nan,,,True,2025-08-10 10:16:56,2025-08-10 14:31:21
https://basalam.com/letkaco/product/10632492,کود سولفات آهن 20 درصد پیشرو مدل کریستال وزن 1 کیلوگرم,,nan,62000.0,1.0,,True,2025-08-10 10:17:04,2025-08-10 14:28:39
https://basalam.com/kod_gol/product/19945236,کود آمینو کلات آهن مخصوص گیاهان آپارتمانی 60 میلی لیتر,,nan,nan,,,True,2025-08-10 10:17:12,2025-08-10 14:31:05
https://basalam.com/toranj_fertiliser_pesticide/product/13739385,کود کامل (نیتروژن فسفر پتاسیم همراه با عناصر )کمپلکس پلاس جنوبگان حجم یک کیلوگرم,,nan,nan,,,True,2025-08-10 10:17:19,2025-08-10 14:31:24
https://basalam.com/goldoonbazaar/product/17715092,کود گلدهی (36-12-12) فیروزه,,nan,nan,,,True,2025-08-10 10:17:21,2025-08-10 14:29:46
https://basalam.com/golden_goldon/product/4455526,کود کلات آهن . مخصوص گیاهان سبز,,nan,nan,,,True,2025-08-10 10:17:24,2025-08-10 14:29:13
https://basalam.com/epic_agricultural_complex/product/12307651,کود دی پی 98 انگلستان امکس حجم 30سی سی,,nan,nan,,,True,2025-08-10 10:17:29,2025-08-10 14:26:41
https://basalam.com/reyhan_giyah_products/product/18268539,برگ شاه توت باکیفیت عالی، بار امسالی و تا(2کیلوگرم),,nan,191328.0,2.0,,True,2025-08-10 10:17:57,2025-08-10 14:31:16
https://basalam.com/golden_goldon/product/10286285,کود جلبک دریایی مایع. 100 سی سی. اصل,,nan,nan,,,True,2025-08-10 10:18:00,2025-08-10 14:26:57
https://basalam.com/asha_agri/product/9170076,کود 1 لیتری نانو مایع ده ایکس شوک اصل آمریکا,,nan,415000.0,1.0,,True,2025-08-10 10:18:04,2025-08-10 14:26:36
https://basalam.com/atari_dr_online/product/3757483,سم حشره کش قوی برای عقرب و هزار پا آیکن اصل,,nan,nan,,,True,2025-08-10 10:18:12,2025-08-10 14:27:34
https://basalam.com/delvin.shop/product/19384115,سم کنه کش مکس فورس ارسال رایگان,,nan,nan,,,True,2025-08-10 10:18:16,2025-08-10 14:31:08
https://basalam.com/bs_flowers/product/13864565,کود آمینواسید80درصد ، نیترو آمینALGAESTIM برند اگروناترینتز مکزیک،25 گرمی,,nan,nan,,,True,2025-08-10 10:53:07,2025-08-10 15:10:07
https://basalam.com/forushgahkud_fasl/product/21461546,نانو کود سم فسفیت پتاسیم جنریت ساخت آمریکا,,nan,nan,,,True,2025-08-10 10:53:09,2025-08-10 15:10:09
https://basalam.com/forushgahkud_fasl/product/7596139,کود کامل آل مکس جنریت یک لیتری اصلی مناسب تمام گیاهان محصول آمریکا,,nan,nan,,,True,2025-08-10 10:53:12,2025-08-10 15:10:12
https://basalam.com/forushgahkud_fasl/product/22056026,کود نانو ازت بالای جنریت ساخت آمریکا (پس کرایه),,nan,nan,,,True,2025-08-10 10:53:14,2025-08-10 15:10:15
https://basalam.com/forushgahkud_fasl/product/4354265,قارچ کش حرفه ای و سیستمیک کود سم فسفیت پتاسیم جنریت 1لیتری محصول ایالات متحده,,nan,1600000.0,1.0,,True,2025-08-10 10:53:16,2025-08-10 15:10:17
https://basalam.com/petshopalmas/product/14098332,سم پودری پروپوکسور سمیران یک درصد مناسب برای استفاده دام،طیور و حیوانات خانگی,,nan,nan,,,True,2025-08-10 10:53:19,2025-08-10 10:57:35
https://basalam.com/kodmaralesfahan/product/9127232,کود نوبهار مخصوص درخت گردو ، گرانول و پس کرایه,,nan,nan,,,True,2025-08-10 10:54:27,2025-08-10 10:59:13
https://basalam.com/kodmaralesfahan/product/9035866,کود نوبهار مخصوص درخت شلیل ، گرانول و پس کرایه,,nan,nan,,,True,2025-08-10 10:54:29,2025-08-10 10:59:15
https://basalam.com/ferti_land/product/11356398,کود کلات آهن 6 درصد 963 اینووایو اسپانیا,,nan,nan,,,True,2025-08-10 10:54:34,2025-08-10 10:59:32
https://basalam.com/kood-aslii/product/21287219,کود مایع، کود 10 ایکس ( 10X ) شوک 1 لیتری,,nan,306000.0,1.0,,True,2025-08-10 10:54:37,2025-08-10 10:59:10
https://basalam.com/tetaco/product/261706,کود سولفات مس تتاکو مناسب گلدان وباغچه وزن 120 گرم,,nan,nan,,,True,2025-08-10 10:57:38,2025-08-10 15:17:33
https://basalam.com/tetaco/product/7869275,کود سولفات پتاسیم تتاکو VIGOROUS وزن 10 کیلوگرم,,nan,148500.0,10.0,,True,2025-08-10 10:57:40,2025-08-10 15:17:35
https://basalam.com/tetaco/product/7851013,کود کشت یونجه تتاکو VIGOROUS وزن 10 کیلوگرم,,nan,207900.0,10.0,,True,2025-08-10 10:57:42,2025-08-10 15:17:38
https://basalam.com/tetaco/product/346978,کود NPK 10-10-25 تتاکو مناسب گلدان و باغچه وزن 120 گرم بسته 5 عددی,,nan,nan,,,True,2025-08-10 10:57:45,2025-08-10 15:17:40
https://basalam.com/tetaco/product/261873,کود NPK 12-3-43 تتاکو مناسب گلدان-باغچه وزن 120 گرم,,nan,nan,,,True,2025-08-10 10:57:47,2025-08-10 15:17:43
https://basalam.com/tetaco/product/3522964,کود روی و بور تتاکو مناسب گلدان و باغچه وزن 120 گرم,,nan,nan,,,True,2025-08-10 10:57:50,2025-08-10 15:17:46
https://basalam.com/tetaco/product/4353114,کود توت فرنگی تتاکو مناسب گلدان و باغچه وزن 120 گرم,,nan,nan,,,True,2025-08-10 10:57:52,2025-08-10 15:17:48
https://basalam.com/tetaco/product/7887343,کود هیومیک اسید پودری تتاکو VIGOROUS وزن 1 کیلوگرم,,nan,495000.0,1.0,,True,2025-08-10 10:57:55,2025-08-10 15:17:51
https://basalam.com/tetaco/product/14143972,کود مایع NPK 10-08-40+TE واترپلاس VIGOROUS حجم 1 لیتر,,nan,143000.0,1.0,,True,2025-08-10 10:57:57,2025-08-10 15:17:54
https://basalam.com/tetaco/product/7713574,کود چغندر قند تتاکو VIGOROUS وزن 1 کیلوگرم,,nan,218900.0,1.0,,True,2025-08-10 10:58:00,2025-08-10 11:02:20
https://basalam.com/tetaco/product/347043,کود NPK 34-10-10 تتاکو مناسب گلدان و باغچه وزن 120 گرم بسته 5 عددی,,nan,nan,,,True,2025-08-10 10:58:02,2025-08-10 11:02:23
https://basalam.com/tetaco/product/7852758,کود کشت کلزا تتاکو VIGOROUS وزن 10 کیلوگرم,,nan,207900.0,10.0,,True,2025-08-10 10:58:05,2025-08-10 11:02:25
https://basalam.com/tetaco/product/14678038,کود مایع کیوی واترپلاس VIGOROUS حجم 1 لیتر,,nan,110000.0,1.0,,True,2025-08-10 10:58:07,2025-08-10 11:02:27
https://basalam.com/tetaco/product/307073,کودNPK 20-20-20 مناسب گلدان و باغچه وزن 120 گرم-بسته 10 عددی,,nan,nan,,,True,2025-08-10 10:58:10,2025-08-10 15:17:57
https://basalam.com/giashacom/product/23987886,هویا سانرایز گیاه آپارتمانی مقاوم و خاص کلکسیونی,,nan,nan,,,True,2025-08-10 10:58:12,2025-08-10 15:17:08
https://basalam.com/tetaco/product/7634253,کود درخت مرکبات تتاکو VIGOROUS وزن 1 کیلوگرم,,nan,220000.0,1.0,,True,2025-08-10 10:58:15,2025-08-10 11:02:35
https://basalam.com/tetaco/product/7725384,کود هیومیک+ فولویک اسید مایع تتاکو GOLD حجم 5 لیتری 8 عددی,,nan,1100000.0,5.0,,True,2025-08-10 10:58:17,2025-08-10 11:02:08
https://basalam.com/tetaco/product/8130130,کود کشت پنبه تتاکو TESSENGROW وزن 50 کیلوگرم,,nan,168000.0,50.0,,True,2025-08-10 10:58:20,2025-08-10 11:02:11
https://basalam.com/tetaco/product/3936819,کود هیومیک و فولویک اسید مایع تتاکو HUMORE PLUS حجم 1 لیتر,,nan,154000.0,1.0,,True,2025-08-10 10:58:23,2025-08-10 11:02:13
https://basalam.com/tetaco/product/7866463,کود NPK 18-18-18+TE تتاکو VIGOROUS وزن 10 کیلوگرم,,nan,218900.0,10.0,,True,2025-08-10 10:58:25,2025-08-10 11:02:15
https://basalam.com/tetaco/product/7851138,کود کشت آفتابگردان تتاکو VIGOROUS وزن 10 کیلوگرم,,nan,203500.0,10.0,,True,2025-08-10 10:58:28,2025-08-10 11:02:18
https://basalam.com/tetaco/product/7619807,کود سولفات روی تتاکو VIGOROUS وزن 1 کیلوگرم,,nan,247500.0,1.0,,True,2025-08-10 10:58:30,2025-08-10 15:17:22
https://basalam.com/tetaco/product/8128954,کود سولفات روی تتاکو TESSENGROW وزن 25 کیلوگرم,,nan,212000.0,25.0,,True,2025-08-10 10:58:33,2025-08-10 15:17:25
https://basalam.com/tetaco/product/7886658,کود فروت ست تتاکو VIGOROUS وزن 1 کیلوگرم,,nan,385000.0,1.0,,True,2025-08-10 10:58:35,2025-08-10 15:17:27
https://basalam.com/tetaco/product/7851643,کود گیاهان زینتی تتاکو VIGOROUS وزن 10 کیلوگرم,,nan,207900.0,10.0,,True,2025-08-10 10:58:38,2025-08-10 15:17:30
https://basalam.com/tetaco/product/7634417,کود سیب زمینی تتاکو VIGOROUS وزن 1 کیلوگرم,,nan,218900.0,1.0,,True,2025-08-10 10:58:41,2025-08-10 15:17:59
https://basalam.com/tetaco/product/7849385,کود درخت انگور تتاکو VIGOROUS وزن 10 کیلوگرم,,nan,203500.0,10.0,,True,2025-08-10 10:58:43,2025-08-10 15:18:02
https://basalam.com/tetaco/product/347053,کود سولفات پتاسیم مناسب گلدان و باغچه وزن 120 گرم بسته 5 عددی,,nan,nan,,,True,2025-08-10 10:58:46,2025-08-10 15:18:05
https://basalam.com/tetaco/product/7634455,کود سیب زمینی تتاکو VIGOROUS وزن 10 کیلوگرم,,nan,202400.0,10.0,,True,2025-08-10 10:58:48,2025-08-10 11:02:03
https://basalam.com/tetaco/product/8142397,کود NPK 34-10-10+TE تتاکو TESSENGROW وزن 50 کیلوگرم,,nan,159000.0,50.0,,True,2025-08-10 10:58:51,2025-08-10 15:18:07
https://basalam.com/tetaco/product/7619639,کود سولفات مس تتاکو VIGOROUS وزن 1 کیلوگرم,,nan,548900.0,1.0,,True,2025-08-10 10:58:53,2025-08-10 11:02:30
https://basalam.com/tetaco/product/3522808,کود عصاره جلبک دریایی تتاکو مناسب گلدان و باغچه وزن 120 گرم,,nan,nan,,,True,2025-08-10 10:58:56,2025-08-10 11:02:06
https://basalam.com/tetaco/product/7611055,کود کشت برنج تتاکو VIGOROUS وزن 10 کیلوگرم,,nan,203500.0,10.0,,True,2025-08-10 10:58:58,2025-08-10 11:02:32
https://basalam.com/mazrae_khone/product/6844448,کود کامل گرانوله 50 گرمی,,nan,nan,,,True,2025-08-10 10:59:01,2025-08-10 11:02:37
https://basalam.com/mazrae_khone/product/1298290,کود آهن کلاته 6درصد پودری فرومیتو یک کیلویی,,nan,nan,,,True,2025-08-10 10:59:05,2025-08-10 11:02:39
https://basalam.com/mazrae_khone/product/1160883,کود آهن فرومیتو 250 گرمی,,nan,nan,,,True,2025-08-10 10:59:08,2025-08-10 11:02:42
https://basalam.com/tirafel/product/15341510,کود کلسیم نیترات امپایر 25 کیلویی (پس کرایه),,nan,115500.0,25.0,,True,2025-08-10 10:59:18,2025-08-10 15:16:55
https://basalam.com/tirafel/product/15332999,کود 36-12-12 اوراکل 10کیلویی,,nan,209000.0,10.0,,True,2025-08-10 10:59:21,2025-08-10 15:16:57
https://basalam.com/tirafel/product/15333206,کود 44 5 8 کرسنت 10 کیلویی,,nan,280500.0,10.0,,True,2025-08-10 10:59:24,2025-08-10 15:16:52
https://basalam.com/tirafel/product/15339426,کود بیوالجاکس BIOALGAX کیمیتک,,nan,nan,,,True,2025-08-10 10:59:26,2025-08-10 15:16:50
https://basalam.com/tirafel/product/15399724,کود کوآد 14 امکس (Quad 14),,nan,nan,,,True,2025-08-10 10:59:29,2025-08-10 15:16:26
https://basalam.com/art_mehraa/product/15163063,آشواگاندا با کیفیت عالی، بار امسالی و تازه(500گرمی),,nan,nan,,,True,2025-08-10 10:59:34,2025-08-10 15:16:34
https://basalam.com/art_mehraa/product/15163242,برگ خرگوشک با کیفیت عالی، بار امسالی و تازه(5کیلوگرم),,nan,448780.0,5.0,,True,2025-08-10 10:59:37,2025-08-10 15:16:36
https://basalam.com/art_mehraa/product/15162190,گیاه دم اسب با کیفیت عالی، بار امسالی و تازه(50گرمی),,nan,nan,,,True,2025-08-10 10:59:39,2025-08-10 15:16:39
https://basalam.com/art_mehraa/product/15163521,گیاه مریم گلی با کیفیت عالی، بار امسالی و تازه (1کیلوگرم),,nan,1158400.0,1.0,,True,2025-08-10 10:59:42,2025-08-10 15:16:42
https://basalam.com/art_mehraa/product/15162517,صمغ کندر با کیفیت عالی، بار امسالی و تازه(150گرمی),,nan,nan,,,True,2025-08-10 10:59:44,2025-08-10 15:14:57
https://basalam.com/art_mehraa/product/15162883,ریشه شیرین بیان با کیفیت عالی، بار امسالی و تازه(250گرمی ),,nan,nan,,,True,2025-08-10 10:59:47,2025-08-10 15:16:44
https://basalam.com/art_mehraa/product/15162984,بارهنگ با کیفیت عالی، بار امسالی و تازه(250 گرمی),,nan,nan,,,True,2025-08-10 10:59:49,2025-08-10 15:16:47
https://basalam.com/art_mehraa/product/15162762,برگ مورینگا با کیفیت عالی، بار امسالی و تازه(500گرمی ),,nan,nan,,,True,2025-08-10 11:00:14,2025-08-10 15:16:28
https://basalam.com/art_mehraa/product/15163471,گیاه خارخاسک با کیفیت عالی، بار امسالی و تازه(1کیلوگرم),,nan,440700.0,1.0,,True,2025-08-10 11:00:17,2025-08-10 15:16:31
https://basalam.com/art_mehraa/product/15162046,ریشه آنغوزه با کیفیت عالی، بار امسالی و تازه(100گرمی ),,nan,nan,,,True,2025-08-10 11:00:19,2025-08-10 15:15:00
https://basalam.com/art_mehraa/product/15162408,صمغ ترنجبین با کیفیت عالی، بار امسالی و تازه(150 گرمی ),,nan,nan,,,True,2025-08-10 11:00:21,2025-08-10 15:15:03
https://basalam.com/art_mehraa/product/15163384,صمغ کندر با کیفیت عالی، بار امسالی و تازه(5کیلوگرم),,nan,6516940.0,5.0,,True,2025-08-10 11:00:24,2025-08-10 15:15:06
https://basalam.com/art_mehraa/product/15162831,گیاه شاهتره با کیفیت عالی، بار امسالی و تازه(250گرمی ),,nan,nan,,,True,2025-08-10 11:00:26,2025-08-10 15:15:08
https://basalam.com/tetaco/product/7896123,کود پودری کشت پنبه تتاکو GROWFAST وزن 1 کیلوگرم,,nan,290000.0,1.0,,True,2025-08-10 11:03:31,2025-08-10 15:21:03
https://basalam.com/tetaco/product/7896176,کود پودری گیاهان زینتی تتاکو GROWFAST وزن 1 کیلوگرم,,nan,295000.0,1.0,,True,2025-08-10 11:09:42,2025-08-10 15:26:08
https://basalam.com/tetaco/product/7896448,کود پودری خربزه و طالبی تتاکو GROWFAST وزن 1 کیلوگرم,,nan,295000.0,1.0,,True,2025-08-10 11:10:40,2025-08-10 15:26:10
https://basalam.com/narm_konande_kelaj_2023/product/21193736,سم 4 لیتری قوی و ریشه کن ناک اوت مخصوص انواع حشرات و حیوانات جونده سوسک ها .... و موش ها ....,,nan,200000.0,4.0,,True,2025-08-10 11:12:08,2025-08-10 15:27:45
https://basalam.com/mangrow/product/25193441,کود مایع AVIATOR KTS – پتاسیم و گوگرد محلول,,nan,nan,,,True,2025-08-10 11:12:13,2025-08-10 15:27:50
https://basalam.com/mangrow/product/25193437,کود مایع KATON – بهبود رنگ و کیفیت محصولات کشاورزی,,nan,nan,,,True,2025-08-10 11:12:19,2025-08-10 15:27:53
https://basalam.com/banookhooshg/product/23597946,خاک ارکیده گیلدا مدل CC4 حجم 4 لیتر,,nan,178600.0,4.0,,True,2025-08-10 11:34:58,2025-08-10 14:04:48
https://basalam.com/makanshimi/product/22637842,خاک دیاتومه3کیلویی برای دفع حشرات موزی دربسته بندی 3کیلویی,,nan,150000.0,3.0,,True,2025-08-10 11:38:02,2025-08-10 14:08:17
https://basalam.com/banookhooshg/product/23596990,خاک تراریوم گیلدا مدل GB02L حجم 2 لیتر,,nan,155600.0,2.0,,True,2025-08-10 11:38:14,2025-08-10 14:09:07
https://basalam.com/banookhooshg/product/23596788,خاک گلدان گیلدا کد GK30L حجم 30 لیتر,,nan,35733.333333333336,30.0,,True,2025-08-10 11:38:55,2025-08-10 14:09:09
https://basalam.com/banookhooshg/product/23596938,خاک رس گلدان گیلدا مدل GR02 حجم 2 لیتر,,nan,109650.0,2.0,,True,2025-08-10 11:43:22,2025-08-10 14:13:27
https://basalam.com/agrogin/product/25296546,هیومیک اسید مخصوص اصلاح خاک گیاهان آپارتمانی,,nan,nan,,,True,2025-08-10 14:23:27,2025-08-10 14:23:27
https://basalam.com/gole_narges07/product/16764938,پیاز گل نرگس بسته ترکیبی (3 کیلویی 1 کیلو شصت پر و 1 کیلو شهلا 1 کیلو ژونکی ),,nan,165000.0,3.0,,True,2025-08-10 14:31:03,2025-08-10 14:31:03
https://basalam.com/tirafel/product/15341566,کود بیولوژیک پروبیو 96 پودری(نیم کیلویی),,nan,nan,,,True,2025-08-10 15:32:31,2025-08-10 15:32:31
https://basalam.com/banookhooshg/product/23596828,کود مایع جلبک دریایی گیلدا مدل Seaweed حجم 120 میلی لیتر,,nan,nan,,,True,2025-08-10 15:33:10,2025-08-10 15:33:10
https://basalam.com/banookhooshg/product/23597953,کود مایع قلمه زنی و ریشه زایی گیلدا مدل Root Booster حجم 30 میلی لیتر,,nan,nan,,,True,2025-08-10 15:33:12,2025-08-10 15:33:12
https://basalam.com/abbasico94/product/24957527,سم ساس بدباگ اس انقضا 2028,,nan,nan,,,True,2025-08-10 15:33:19,2025-08-10 15:38:48
https://basalam.com/tirafel/product/15338054,کود دیسپر کلروفیل جی اس ادن نیم کیلویی,,nan,nan,,,True,2025-08-10 15:33:35,2025-08-10 15:38:59
https://basalam.com/golden_goldon/product/9210882,سم ابامکتین امولسیون شونده مایع . 100 سی سی,,nan,nan,,,True,2025-08-10 15:33:38,2025-08-10 15:33:38
https://basalam.com/tetaco/product/7887995,کود پودری سولفات آهن تتاکو GROWFAST وزن 1 کیلوگرم,,nan,120000.0,1.0,,True,2025-08-10 15:33:46,2025-08-10 15:38:51
https://basalam.com/afra_goldankadeh/product/12770880,کود مایع سانسوریا تایمکس,,nan,nan,,,True,2025-08-10 15:36:10,2025-08-10 15:36:10
https://basalam.com/afra_goldankadeh/product/12771515,کود مایع NPK غنی شده تایمکس,,nan,nan,,,True,2025-08-10 15:36:13,2025-08-10 15:36:13
https://basalam.com/afra_goldankadeh/product/17391029,کود مایع مخصوص بنفشه آفریقایی,,nan,nan,,,True,2025-08-10 15:36:15,2025-08-10 15:36:15
https://basalam.com/afra_goldankadeh/product/14812868,کود مایع مخصوص فیکوس تایمکس,,nan,nan,,,True,2025-08-10 15:36:18,2025-08-10 15:36:18
https://basalam.com/afra_goldankadeh/product/14903840,کود مایع ریشه زا بایو رادیکانت,,nan,nan,,,True,2025-08-10 15:36:21,2025-08-10 15:36:21
https://basalam.com/reyhan_giyah_products/product/20955846,گیاه چای ترش، بار امسالی و تازه(100گرم),,nan,nan,,,True,2025-08-10 15:38:02,2025-08-10 15:39:49
https://basalam.com/reyhan_giyah_products/product/18269767,گیاه خارشتر پودر شده با کیفیت عالی، بار امسالی و تازه(250گرمی ),,nan,nan,,,True,2025-08-10 15:38:37,2025-08-10 15:38:37
https://basalam.com/simazaar/product/9879351,گیاه زوفا با کیفیت عالی، بار امسالی و تازه(100گرمی),,nan,nan,,,True,2025-08-10 15:39:23,2025-08-10 15:46:36
https://basalam.com/simazaar/product/9855360,گیاه مریم گلی با کیفیت عالی، بار امسالی و تازه(100گرمی),,nan,nan,,,True,2025-08-10 15:39:31,2025-08-10 15:46:44
https://basalam.com/simazaar/product/10014418,گیاه مورد با کیفیت عالی، بار امسالی و تازه(150گرمی),,nan,nan,,,True,2025-08-10 15:39:39,2025-08-10 15:46:52
https://basalam.com/simazaar/product/10250411,اکالیپتوس، بار امسالی و تازه(2کیلوگرم),,nan,149857.5,2.0,,True,2025-08-10 15:39:44,2025-08-10 15:46:57
https://basalam.com/reyhan_giyah_products/product/18270056,برگ توت با کیفیت عالی، بار امسالی و تازه(100گرمی),,nan,nan,,,True,2025-08-10 15:40:43,2025-08-10 15:40:43
https://basalam.com/reyhan_giyah_products/product/18269634,گیاه مرزنجوش با کیفیت عالی، بار امسالی و تازه(2کیلوگرم ),,nan,317811.0,2.0,,True,2025-08-10 15:40:54,2025-08-10 15:40:54
https://basalam.com/reyhan_giyah_products/product/18269615,گیاه گشنیز با کیفیت عالی، بار امسالی و تازه(50گرمی ),,nan,nan,,,True,2025-08-10 15:41:02,2025-08-10 15:41:02
https://basalam.com/naranj-spadana/product/24988032,سم ضد آفات بیولوژیک کشاورزی راگو - Ragu,,nan,nan,,,True,2025-08-10 15:44:07,2025-08-10 15:44:07
https://basalam.com/hyde-store/product/23818660,گل مینا با کیفیت عالی، بار امسالی و تازه(50گرمی),,nan,nan,,,True,2025-08-10 15:44:17,2025-08-10 15:44:17
https://basalam.com/hyde-store/product/23816705,گیاه مرزنجوش با کیفیت عالی، بار امسالی و تازه(500گرمی ),,nan,nan,,,True,2025-08-10 15:44:49,2025-08-10 15:44:49
https://basalam.com/simazaar/product/10008334,گل سر خارگل، بار امسالی و تازه(150گرمی),,nan,nan,,,True,2025-08-10 15:45:09,2025-08-10 15:45:09
https://basalam.com/simazaar/product/10013759,گیاه گزنه با کیفیت عالی، بار امسالی و تازه(150گرمی ),,nan,nan,,,True,2025-08-10 15:45:12,2025-08-10 15:45:12
https://basalam.com/simazaar/product/10360561,گیاه مریم گلی ، بار امسالی و تازه(2کیلوگرم),,nan,414700.0,2.0,,True,2025-08-10 15:45:15,2025-08-10 15:45:15
https://basalam.com/simazaar/product/17561731,گیاه برگ بو پودر شده با کیفیت عالی، بار امسالی و تازه(250گرمی),,nan,nan,,,True,2025-08-10 15:45:17,2025-08-10 15:45:17
https://basalam.com/simazaar/product/10014376,گیاه مریم گلی با کیفیت عالی، بار امسالی و تازه(200گرمی),,nan,nan,,,True,2025-08-10 15:45:23,2025-08-10 15:45:23
https://basalam.com/simazaar/product/10065315,گیاه مورد با کیفیت عالی، بار امسالی و تازه(750گرمی),,nan,nan,,,True,2025-08-10 15:45:28,2025-08-10 15:45:28
https://basalam.com/simazaar/product/10119559,گیاه باباآدم بار امسالی و تازه(250 گرمی),,nan,nan,,,True,2025-08-10 15:45:34,2025-08-10 15:45:34
https://basalam.com/simazaar/product/10063370,گیاه نعناع دشتی با کیفیت عالی، بار امسالی و تازه(250گرمی ),,nan,nan,,,True,2025-08-10 15:45:39,2025-08-10 15:45:39
https://basalam.com/simazaar/product/10014720,گیاه نعناع فلفلی با کیفیت عالی، بار امسالی و تازه(150گرمی ),,nan,nan,,,True,2025-08-10 15:45:52,2025-08-10 15:45:52
https://basalam.com/simazaar/product/10116134,بولاغ اوتی با کیفیت عالی، بار امسالی و تازه(750 گرمی ),,nan,nan,,,True,2025-08-10 15:45:55,2025-08-10 15:45:55
https://basalam.com/simazaar/product/10359889,گیاه زوفا با کیفیت عالی، بار امسالی و تازه(5کیلوگرم),,nan,811493.0,5.0,,True,2025-08-10 15:45:58,2025-08-10 15:45:58
https://basalam.com/simazaar/product/10065230,گیاه مورد با کیفیت عالی، بار امسالی و تازه(250گرمی ),,nan,nan,,,True,2025-08-10 15:46:07,2025-08-10 15:46:07
https://basalam.com/simazaar/product/17583701,گیاه، پرسیاوشان، بار امسالی و تازه(2کیلوگرم ),,nan,1016958.0,2.0,,True,2025-08-10 15:46:10,2025-08-10 15:46:10
https://basalam.com/simazaar/product/17709488,صندل سرخ خشک با کیفیت عالی، بار امسالی و تازه(1کیلوگرم ),,nan,3773770.0,1.0,,True,2025-08-10 15:46:12,2025-08-10 15:46:12
https://basalam.com/simazaar/product/10360450,گیاه گزنه با کیفیت عالی، بار امسالی و تازه(5کیلوگرم),,nan,259188.0,5.0,,True,2025-08-10 15:46:28,2025-08-10 15:46:28
https://basalam.com/simazaar/product/17562092,گیاه گل بنفشه با کیفیت عالی، بار امسالی و تازه(50گرم),,nan,nan,,,True,2025-08-10 15:47:05,2025-08-10 15:47:05
https://basalam.com/hypersabz/product/25044738,کوکوپیت ، پیت ماس و پرلیت مناسب قلمه زدن(پس کرایه),,nan,nan,,,True,2025-08-10 15:47:07,2025-08-10 15:47:07
https://basalam.com/hypersabz/product/24596719,کود مایع هورمون ریشه زایی 200cc(پس کرایه),,nan,nan,,,True,2025-08-10 15:47:10,2025-08-10 15:47:10
https://basalam.com/hoda_home/product/22497420,سم ارگانیک پوسیدگی ریشه، 50 گرم,,nan,nan,,,True,2025-08-10 15:47:12,2025-08-10 15:47:12
https://basalam.com/farmagri/product/9318068,کود کلاته نیتروژن 17 درصد خضراء 1 لیتری,,nan,270000.0,1.0,,True,2025-08-10 16:04:44,2025-08-10 16:04:44
https://basalam.com/khanekeshavarz/product/20405008,کود کلسیم کلاته 14 درصد فرمولایف (Ca-EDTA),,nan,nan,,,True,2025-08-10 16:04:49,2025-08-10 16:04:49
https://basalam.com/khanekeshavarz/product/19578586,کود فسفر کلسیم بر فیتومکس بهسم 1 لیتر,,nan,295000.0,1.0,,True,2025-08-10 16:04:52,2025-08-10 16:04:52
https://basalam.com/khanekeshavarz/product/19540547,کود محرک رشد کراس انرژی ترکیه 1 کیلوگرم,,nan,940000.0,1.0,,True,2025-08-10 16:04:54,2025-08-10 16:04:54
https://basalam.com/khanekeshavarz/product/19070941,کود جلبک مایع پرومیکس کراپ پروفرت ترکیه 1 لیتری,,nan,600000.0,1.0,,True,2025-08-10 16:04:57,2025-08-10 16:04:57
https://basalam.com/khanekeshavarz/product/19740023,کود بیسیک پوچونی ایتالیا 1 لیتری,,nan,780000.0,1.0,,True,2025-08-10 16:05:00,2025-08-10 16:05:00
https://basalam.com/khanekeshavarz/product/21437200,کود کامل 15-30-15 اسیدی اورسول کیسه 10 کیلوگرمی (پس کرایه),,nan,285000.0,10.0,,True,2025-08-10 16:05:02,2025-08-10 16:05:02
https://basalam.com/khanekeshavarz/product/21437733,کود کامل NPK 30-12-12 اسیدی اورسول کیسه 10 کیلوگرمی (پس کرایه),,nan,315000.0,10.0,,True,2025-08-10 16:05:05,2025-08-10 16:05:05
https://basalam.com/khanekeshavarz/product/22742756,کود کلسیم سیلیس (کلسیل)تتاکو مدل Morespray وزن 1 کیلوگرم,,nan,440000.0,1.0,,True,2025-08-10 16:05:08,2025-08-10 16:05:08
https://basalam.com/khanekeshavarz/product/19540648,کود مخصوص پسته سپهر پارمیس 1 لیتر,,nan,230000.0,1.0,,True,2025-08-10 16:05:11,2025-08-10 16:05:11
https://basalam.com/khanekeshavarz/product/19774904,کود تغذیه ای بیوکسی روی-منگنز-منیزیم-مس مافا 1 لیتری,,nan,795000.0,1.0,,True,2025-08-10 16:05:13,2025-08-10 16:05:13
https://basalam.com/khanekeshavarz/product/21437932,کود کامل NPK 12-12-36 فرمولایف کیسه 10 کیلوگرمی (پس کرایه),,nan,310000.0,10.0,,True,2025-08-10 16:05:16,2025-08-10 16:05:16
https://basalam.com/khanekeshavarz/product/21059184,کود کامل متعادل فرتینوکس 20-20-20 NPK بنیز 50 گرمی,,nan,nan,,,True,2025-08-10 16:05:19,2025-08-10 16:05:19
https://basalam.com/khanekeshavarz/product/22340599,سم حشره کش سایپرمترین(ریپکورد) 40درصد مهان 1 لیتری,,nan,830000.0,1.0,,True,2025-08-10 16:05:21,2025-08-10 16:05:21
https://basalam.com/poponik/product/18542952,کود کی تو پلاس,,nan,nan,,,True,2025-08-10 16:05:27,2025-08-10 16:05:27
https://basalam.com/poponik/product/18584626,کود نیترات کلسیم جنوبگان مدل کریستال,,nan,nan,,,True,2025-08-10 16:05:29,2025-08-10 16:05:29
https://basalam.com/poponik/product/18542609,کود مخصوص افزایش سبزینگی و تقویت عمومی گیلدا,,nan,nan,,,True,2025-08-10 16:05:32,2025-08-10 16:05:32
https://basalam.com/poponik/product/18542401,کود فعال کننده آنزیم های گیاهی گیلدا,,nan,nan,,,True,2025-08-10 16:05:35,2025-08-10 16:05:35
https://basalam.com/poponik/product/18542545,کود مخصوص ریشه زایی گیلدا,,nan,nan,,,True,2025-08-10 16:05:37,2025-08-10 16:05:37
https://basalam.com/zerafat_shop/product/9421749,کود تقویتی مخصوص کاکتوس ژمینو ظرافت,,nan,nan,,,True,2025-08-10 16:08:29,2025-08-10 16:08:29
https://basalam.com/zerafat_shop/product/9594047,کود تقویتی مخصوص گیاهان برگی ظرافت وزن 50 گرم,,nan,nan,,,True,2025-08-10 16:08:32,2025-08-10 16:08:32
https://basalam.com/zerafat_shop/product/9247821,کود تقویتی مخصوص گل ماهور ( خرگوشک ) ظرافت,,nan,nan,,,True,2025-08-10 16:08:35,2025-08-10 16:08:35
https://basalam.com/zerafat_shop/product/9249972,کود تقویتی مخصوص سیاه دانه ظرافت,,nan,nan,,,True,2025-08-10 16:08:37,2025-08-10 16:08:37
https://basalam.com/zerafat_shop/product/9469041,کود تقویتی مخصوص زاموفیلیا ظرافت وزن 50 گرم,,nan,nan,,,True,2025-08-10 16:08:40,2025-08-10 16:08:40
https://basalam.com/zerafat_shop/product/8630464,کود تقویتی مخصوص گل ستاره ای ظرافت,,nan,nan,,,True,2025-08-10 16:08:43,2025-08-10 16:08:43
https://basalam.com/zerafat_shop/product/8808362,کود تقویتی مخصوص درخت شلیل ظرافت,,nan,nan,,,True,2025-08-10 16:08:46,2025-08-10 16:08:46
https://basalam.com/zerafat_shop/product/8590709,کود تقویتی مخصوص گل ساعتی ظرافت,,nan,nan,,,True,2025-08-10 16:08:48,2025-08-10 16:08:48
https://basalam.com/zerafat_shop/product/8734588,کود تقویتی مخصوص گل کلم زینتی ظرافت,,nan,nan,,,True,2025-08-10 16:08:51,2025-08-10 16:08:51
https://basalam.com/zerafat_shop/product/10553685,کود تقویتی مخصوص گل یخ ( ناز یخی ) ظرافت وزن 50 گرم,,nan,nan,,,True,2025-08-10 16:08:54,2025-08-10 16:08:54
https://basalam.com/zerafat_shop/product/10486732,کود تقویتی مخصوص گل آهار ظرافت وزن 50 گرم,,nan,nan,,,True,2025-08-10 16:08:57,2025-08-10 16:08:57
https://basalam.com/zerafat_shop/product/8573783,کود تقویتی مخصوص گل مینا ظرافت,,nan,nan,,,True,2025-08-10 16:08:59,2025-08-10 16:08:59
https://basalam.com/zerafat_shop/product/10576114,کود تقویتی مخصوص درخت نخل ظرافت وزن 50 گرم,,nan,nan,,,True,2025-08-10 16:09:02,2025-08-10 16:09:02
https://basalam.com/zerafat_shop/product/10659296,کود تقویتی مخصوص لوفا ظرافت وزن 50 گرم,,nan,nan,,,True,2025-08-10 16:09:05,2025-08-10 16:09:05
https://basalam.com/zerafat_shop/product/8885944,کود تقویتی مخصوص درخت لیمو ظرافت,,nan,nan,,,True,2025-08-10 16:09:08,2025-08-10 16:09:08
https://basalam.com/zerafat_shop/product/10372783,کود تقویتی مخصوص ناندینا ( بامبوی مقدس ) ظرافت وزن 50 گرم,,nan,nan,,,True,2025-08-10 16:09:10,2025-08-10 16:09:10
https://basalam.com/zerafat_shop/product/9417073,کود تقویتی مخصوص سویا ظرافت,,nan,nan,,,True,2025-08-10 16:09:13,2025-08-10 16:09:13
https://basalam.com/zerafat_shop/product/9352016,کود تقویتی مخصوص نعنا ظرافت,,nan,nan,,,True,2025-08-10 16:09:16,2025-08-10 16:09:16
https://basalam.com/zerafat_shop/product/10530966,کود تقویتی مخصوص گل درخشنده ( اسکابیوزا ) ظرافت وزن 50 گرم,,nan,nan,,,True,2025-08-10 16:09:19,2025-08-10 16:09:19
https://basalam.com/zerafat_shop/product/10329346,کود تقویتی مخصوص نعنا ظرافت وزن 50 گرم,,nan,nan,,,True,2025-08-10 16:09:21,2025-08-10 16:09:21
https://basalam.com/zerafat_shop/product/10328867,کود تقویتی مخصوص پیازچه ظرافت وزن 50 گرم,,nan,nan,,,True,2025-08-10 16:09:24,2025-08-10 16:09:24
https://basalam.com/zerafat_shop/product/10328988,کود تقویتی مخصوص اسفناج ظرافت وزن 50 گرم,,nan,nan,,,True,2025-08-10 16:09:27,2025-08-10 16:09:27
https://basalam.com/zerafat_shop/product/10382358,کود تقویتی مخصوص گل یاس ظرافت وزن 50 گرم,,nan,nan,,,True,2025-08-10 16:09:30,2025-08-10 16:09:30
https://basalam.com/zerafat_shop/product/10486892,کود تقویتی مخصوص گل اسمانتوس ظرافت وزن 50 گرم,,nan,nan,,,True,2025-08-10 16:09:33,2025-08-10 16:09:33
https://basalam.com/zerafat_shop/product/10592202,کود تقویتی مخصوص درخت کیوی ظرافت وزن 50 گرم,,nan,nan,,,True,2025-08-10 16:09:35,2025-08-10 16:09:35
https://basalam.com/zerafat_shop/product/5178248,کود مایع کاکتوس فلاور آمی 125 میلی لیتر,,nan,nan,,,True,2025-08-10 16:09:38,2025-08-10 16:09:38
https://basalam.com/zerafat_shop/product/17331498,کود نخل ماداگاسکار ظرافت کد KO21313 وزن 100 گرم,,nan,nan,,,True,2025-08-10 16:09:41,2025-08-10 16:09:41
https://basalam.com/zerafat_shop/product/17331569,کود نخل ماداگاسکار ظرافت کد KO21313 وزن 250 گرم,,nan,nan,,,True,2025-08-10 16:09:44,2025-08-10 16:09:44
https://basalam.com/zerafat_shop/product/18474951,کود مایع مارانتا ظرافت حجم 250 میلی لیتر مدل KO19170,,nan,nan,,,True,2025-08-10 16:09:46,2025-08-10 16:09:46
https://basalam.com/zerafat_shop/product/17349954,کود افزایش رشد نیتروژن بالا ( ازت بالا ) NPK 30-10-10 + TE ظرافت مدل KO2767 وزن 100 گرم,,nan,nan,,,True,2025-08-10 16:09:49,2025-08-10 16:09:49
https://basalam.com/zerafat_shop/product/17396848,کود سیکاس ظرافت مدل KO19130 حجم 250 میلی لیتر,,nan,nan,,,True,2025-08-10 16:09:52,2025-08-10 16:09:52
https://basalam.com/zerafat_shop/product/18521971,کود کامل تقویتی فیلودندرون اسکاندیس ظرافت وزن 100 گرم مدل KO19175,,nan,nan,,,True,2025-08-10 16:09:54,2025-08-10 16:09:54
https://basalam.com/zerafat_shop/product/7468599,کود مایع گل رز فلاور آمی 125 میلی لیتر (بسته 3 عددی),,nan,nan,,,True,2025-08-10 16:09:57,2025-08-10 16:09:57
https://basalam.com/zerafat_shop/product/10557428,کود تقویتی مخصوص درخت گردو ظرافت وزن 50 گرم,,nan,nan,,,True,2025-08-10 16:10:00,2025-08-10 16:10:00
https://basalam.com/zerafat_shop/product/21818260,کود امینو اسید آمینو تاپ Amitop بسته 1 کیلویی,,nan,320000.0,1.0,,True,2025-08-10 16:10:02,2025-08-10 16:10:02
https://basalam.com/zerafat_shop/product/7468957,کود مایع گل دهی فلاور آمی 125 میلی لیتر (بسته 3 عددی),,nan,nan,,,True,2025-08-10 16:10:05,2025-08-10 16:10:05
https://basalam.com/zerafat_shop/product/10743577,کود تقویتی مخصوص میلو کاکتوس ظرافت وزن 50 گرم,,nan,nan,,,True,2025-08-10 16:10:08,2025-08-10 16:10:08
https://basalam.com/zerafat_shop/product/5139475,کود پتاس آذر سبزینه,,nan,nan,,,True,2025-08-10 16:10:10,2025-08-10 16:10:10
https://basalam.com/zerafat_shop/product/7468530,کود مایع گل رز فلاور آمی 125 میلی لیتر,,nan,nan,,,True,2025-08-10 16:10:13,2025-08-10 16:10:13
https://basalam.com/zerafat_shop/product/5384081,کود NPK 12-12-36 نوبل گل سم سپاهان 1 کیلویی,,nan,215000.0,1.0,,True,2025-08-10 16:10:16,2025-08-10 16:10:16
https://basalam.com/zerafat_shop/product/7462663,کود مایع کامل فلاور آمی 125 میلی لیتر (بسته 3 عددی),,nan,nan,,,True,2025-08-10 16:10:18,2025-08-10 16:10:18
https://basalam.com/zerafat_shop/product/9577834,کود تقویتی مخصوص یوکا ظرافت وزن 50 گرم,,nan,nan,,,True,2025-08-10 16:10:21,2025-08-10 16:10:21
https://basalam.com/zerafat_shop/product/10743487,کود تقویتی مخصوص کاکتوس دراگون فروت ( میوه اژدها ) ظرافت وزن 50 گرم,,nan,nan,,,True,2025-08-10 16:10:23,2025-08-10 16:10:23
https://basalam.com/zerafat_shop/product/5451601,کود پتاس بالا ان پی کا 30-5-15 (NPK) دکتر بایو,,nan,nan,,,True,2025-08-10 16:10:26,2025-08-10 16:10:26
https://basalam.com/zerafat_shop/product/10259037,کود تقویتی مخصوص شمشاد طلایی ظرافت وزن 50 گرم,,nan,nan,,,True,2025-08-10 16:10:29,2025-08-10 16:10:29
https://basalam.com/zerafat_shop/product/10265479,کود تقویتی مخصوص بن سای ( بنسای ، بونسای ) ظرافت وزن 50 گرم,,nan,nan,,,True,2025-08-10 16:10:32,2025-08-10 16:10:32
https://basalam.com/zerafat_shop/product/7551563,کود آمینو اسید 120 میلی لیتر (بسته 2 عددی),,nan,nan,,,True,2025-08-10 16:10:35,2025-08-10 16:10:35
https://basalam.com/zerafat_shop/product/8038604,کود تقویتی مخصوص موسی در گهواره ( زیپلین ) ظرافت,,nan,nan,,,True,2025-08-10 16:10:37,2025-08-10 16:10:37
https://basalam.com/mchavoosh/product/9417890,روغن جلا دهنده گل و گیاه روغن ولک,,nan,nan,,,True,2025-08-10 16:17:26,2025-08-10 16:17:26
https://basalam.com/mchavoosh/product/8845736,کود سولفات پتاسیم آلمانی pnp(سولوپتاس)51-0-0 جهت رشد و نمو گل و گیاه,,nan,nan,,,True,2025-08-10 16:17:29,2025-08-10 16:17:29
https://basalam.com/mchavoosh/product/9710507,کود فله ای سولوپتاس(سولفات پتاسیم )0.0.52 گما اسپانیا. فله 100 گرمی,,nan,nan,,,True,2025-08-10 16:17:31,2025-08-10 16:17:31
https://basalam.com/mchavoosh/product/11617060,کود ریز مغذی فله ای COMBI SUN,,nan,nan,,,True,2025-08-10 16:17:34,2025-08-10 16:17:34
https://basalam.com/mchavoosh/product/8930572,کود فله ای 20-20-20زیگلر آلمان. فله,,nan,nan,,,True,2025-08-10 16:17:37,2025-08-10 16:17:37
https://basalam.com/delvin1400/product/24532256,سم سوسک کش قوی ریپلزال برای ساختمان اورجینال ارسال رایگان,,nan,nan,,,True,2025-08-10 16:17:40,2025-08-10 16:17:40
https://basalam.com/cud_agri/product/6929810,کود ده ایکس شوک آمریکایی اصل گالن 20 لیتری (ارسال رایگان),,nan,220000.0,20.0,,True,2025-08-10 16:17:47,2025-08-10 16:17:47
https://basalam.com/cud_agri/product/6908028,کود هیومیک اسید آمریکایی 95 درصد شوک یک لیتری,,nan,nan,,,True,2025-08-10 16:17:50,2025-08-10 16:17:50
https://basalam.com/cud_agri/product/6993424,کود فروت ست شوک آمریکایی گالن 5 لیتری,,nan,300000.0,5.0,,True,2025-08-10 16:17:53,2025-08-10 16:17:53
https://basalam.com/cud_agri/product/6930108,کود گوگرد مایع شوک 80 درصد آمریکایی قوطی یک لیتری,,nan,nan,,,True,2025-08-10 16:17:55,2025-08-10 16:17:55
https://basalam.com/cud_agri/product/6930193,کود گوگرد مایع 80 درصد شوک آمریکایی و اصل گالن 5 لیتری,,nan,280000.0,5.0,,True,2025-08-10 16:17:58,2025-08-10 16:17:58
https://basalam.com/cud_agri/product/7184945,کود مولتی کمپلکس شوک آمریکایی اصل گالن 20 لیتری,,nan,195000.0,20.0,,True,2025-08-10 16:18:01,2025-08-10 16:18:01
https://basalam.com/kud-orginal/product/19748389,کود نیتروژن 99درصد شوک(پلاس) 20 لیتری اصل,,nan,155000.0,20.0,,True,2025-08-10 16:18:17,2025-08-10 16:18:17
https://basalam.com/kud-orginal/product/19748614,کود مخصوص گردو شوک(پلاس) 20 لیتری نانو,,nan,240000.0,20.0,,True,2025-08-10 16:18:20,2025-08-10 16:18:20
https://basalam.com/kud-orginal/product/19666869,کود مخصوص رنگ اوری شوک 20 لیتری امریکایی,,nan,155000.0,20.0,,True,2025-08-10 16:18:22,2025-08-10 16:18:22
https://basalam.com/kud-orginal/product/19748498,کود مخصوص پسته شوک(پلاس) یک لیتری اصلی,,nan,nan,,,True,2025-08-10 16:18:25,2025-08-10 16:18:25
https://basalam.com/kud-orginal/product/19747090,کود NPK فسفر 10-60-20 شوک(پلاس) یک لیتری,,nan,nan,,,True,2025-08-10 16:18:28,2025-08-10 16:18:28
https://basalam.com/kud-orginal/product/19748274,کود پتاس بالا 99 درصد شوک(پلاس) 20 لیتری,,nan,210000.0,20.0,,True,2025-08-10 16:18:30,2025-08-10 16:18:30
https://basalam.com/kud-orginal/product/19748084,کود مولتی ریزمغذی شوک(پلاس) یک لیتری اصلی,,nan,nan,,,True,2025-08-10 16:18:33,2025-08-10 16:18:33
https://basalam.com/kud-orginal/product/19748356,کود مخصوص گوجه فرنگی شوک(پلاس) نانو 5 لیتری,,nan,300000.0,5.0,,True,2025-08-10 16:18:36,2025-08-10 16:18:36
https://basalam.com/keshavarzmarket/product/19073904,کود ریشه زایی پودر 70 گرمی حاصلخیز با فناوری XGREEN,,nan,nan,,,True,2025-08-10 16:18:38,2025-08-10 16:18:38
https://basalam.com/keshavarzmarket/product/19073445,کود مخصوص کاکتوس و ساکولنت 100 میل حاصلخیز با تکنولوژی XGREEN,,nan,nan,,,True,2025-08-10 16:18:41,2025-08-10 16:18:41
https://basalam.com/keshavarzmarket/product/21731658,کود ورمی کمپوست باغبان 4 لیتر,,nan,41250.0,4.0,,True,2025-08-10 16:18:44,2025-08-10 16:18:44
https://basalam.com/bazargani_sam_kood_bazr_sibi/product/11602195,کود ویژه گلهای خانگی، درختچه های زینتی، آپارتمانی بصورت پودری بنام تجاری فرمول یک مقاوم دربرابر تنش های محیطی,,nan,nan,,,True,2025-08-10 16:18:49,2025-08-10 16:18:49
https://basalam.com/bazargani_sam_kood_bazr_sibi/product/19796133,گوگرد مایع و کود رشد گیاهان آپارتمانی,,nan,nan,,,True,2025-08-10 16:18:52,2025-08-10 16:18:52
https://basalam.com/behin_rp400/product/3522810,مولتی کود اختصاصی حسن یوسف، بسته دو عددی,,nan,nan,,,True,2025-08-10 16:22:55,2025-08-10 16:22:55
https://basalam.com/behin_rp400/product/3522492,کود کامل محرک پاجوش سانسوریا، بسته سه عددی,,nan,nan,,,True,2025-08-10 16:22:58,2025-08-10 16:22:58
https://basalam.com/behin_rp400/product/3522504,کود کامل و اختصاصی ارکیده، بسته سه عددی,,nan,nan,,,True,2025-08-10 16:23:00,2025-08-10 16:23:00
https://basalam.com/behin_rp400/product/3522534,کود کامل و اختصاصی گل کاغذی,,nan,nan,,,True,2025-08-10 16:23:03,2025-08-10 16:23:03
https://basalam.com/behin_rp400/product/3522549,کود کامل و اختصاصی شمشاد طلایی، بسته سه عددی,,nan,nan,,,True,2025-08-10 16:23:06,2025-08-10 16:23:06
https://basalam.com/behin_rp400/product/3522554,کود کامل و اختصاصی نخل شامادورا، بسته سه عددی,,nan,nan,,,True,2025-08-10 16:23:08,2025-08-10 16:23:08
https://basalam.com/behin_rp400/product/3522569,کود کامل و اختصاصی تراریوم، بسته سه عددی,,nan,nan,,,True,2025-08-10 16:23:11,2025-08-10 16:23:11
https://basalam.com/behin_rp400/product/3522590,مولتی کود کامل و غنی شده با هیومیک اسید، بسته سه عددی,,nan,nan,,,True,2025-08-10 16:23:14,2025-08-10 16:23:14
https://basalam.com/behin_rp400/product/3522601,مولتی کود پتوس، بسته سه عددی,,nan,nan,,,True,2025-08-10 16:23:17,2025-08-10 16:23:17
https://basalam.com/behin_rp400/product/3522618,مولتی کود دیفن باخیا، 8 عنصره، بسته سه عددی,,nan,nan,,,True,2025-08-10 16:23:19,2025-08-10 16:23:19
https://basalam.com/behin_rp400/product/3944266,مجموعه کودی سانسوریا وNPK و هیومیک و کود آهن مدل Danesh PK حجم 120 بسته 4تایی,,nan,nan,,,True,2025-08-10 16:23:22,2025-08-10 16:23:22
https://basalam.com/behin_rp400/product/3944290,مجموعه کودی شامادورا وNPK و هیومیک و کود آهن مدل Danesh PK حجم 120 بسته 4تایی,,nan,nan,,,True,2025-08-10 16:23:25,2025-08-10 16:23:25
https://basalam.com/behin_rp400/product/3942998,کود مایع هیومیک اسید مدل Danesh Sabz حجم 120 میلی لیتری بسته 8 تایی,,nan,nan,,,True,2025-08-10 16:23:27,2025-08-10 16:23:27
https://basalam.com/behin_rp400/product/3943042,کود آلی و ارگانیک کاکتوس مدل Danesh Sabz حجم 120 میلی لیتری بسته 8 تایی,,nan,nan,,,True,2025-08-10 16:23:30,2025-08-10 16:23:30
https://basalam.com/behin_rp400/product/3943081,کود مولتی کود اختصاصی زاموفیلیا مدل Danesh Sabz حجم 120 میلی لیتری بسته 8 تایی,,nan,nan,,,True,2025-08-10 16:23:33,2025-08-10 16:23:33
https://basalam.com/saeedgol/product/22236521,کود جلبک دریایی مایع ملکه,,nan,nan,,,True,2025-08-10 16:23:35,2025-08-10 16:23:35
https://basalam.com/saeedgol/product/22236339,کود گلدهی (پتاس بالا) 80 گرمی ملکه,,nan,nan,,,True,2025-08-10 16:23:38,2025-08-10 16:23:38
https://basalam.com/khakdaneh/product/13386093,کود هیومیک اسید پودری 50 گرمی,,nan,nan,,,True,2025-08-10 16:23:41,2025-08-10 16:24:54
https://basalam.com/rostaa1400/product/22340014,سم دلتامترین,,nan,nan,,,True,2025-08-10 16:23:43,2025-08-10 16:25:13
https://basalam.com/keshtsam/product/2546503,کود واندرفول اسپانیایی- 5 لیتری (پس کرایه),,nan,396600.0,5.0,,True,2025-08-10 16:23:46,2025-08-10 16:23:46
https://basalam.com/keshtsam/product/2546579,کود مایع گرین زیبور - فروت ست اسپانیایی- 1 لیتری (پس کرایه),,nan,785000.0,1.0,,True,2025-08-10 16:23:49,2025-08-10 16:23:49
https://basalam.com/keshtsam/product/7739349,کود پاور فلاور اسپانیایی - 1 کیلویی (پس کرایه),,nan,1330000.0,1.0,,True,2025-08-10 16:23:52,2025-08-10 16:23:52
https://basalam.com/keshtsam/product/3908596,کود گرین سیلک اسپانیایی - 1 لیتری (پس کرایه),,nan,790000.0,1.0,,True,2025-08-10 16:23:56,2025-08-10 16:23:56
https://basalam.com/keshtsam/product/7739114,کود براوو 40 اسپانیایی - 5 لیتری (پس کرایه),,nan,430000.0,5.0,,True,2025-08-10 16:23:59,2025-08-10 16:23:59
https://basalam.com/joorabdooni/product/17332972,کود فروت ست مایع ارگانیک,,nan,nan,,,True,2025-08-10 16:24:01,2025-08-10 16:24:01
https://basalam.com/grandpa_keshavarz/product/21680511,سم مرگ موش واکس بلوک شکلاتی,,nan,nan,,,True,2025-08-10 16:24:04,2025-08-10 16:24:04
https://basalam.com/grandpa_keshavarz/product/21141243,کود 3 بیست npk,,nan,nan,,,True,2025-08-10 16:24:06,2025-08-10 16:24:06
https://basalam.com/grandpa_keshavarz/product/21684064,سم استامی پراید 250 گرمی,,nan,nan,,,True,2025-08-10 16:24:09,2025-08-10 16:24:09
https://basalam.com/grandpa_keshavarz/product/19482243,کود جلبک دریایی wave,,nan,nan,,,True,2025-08-10 16:24:12,2025-08-10 16:24:12
https://basalam.com/keshavarzmarket/product/21448938,کود بیورادیکانت 100 میل حاصلخیز با فناوری XGREEN,,nan,nan,,,True,2025-08-10 16:24:14,2025-08-10 16:46:06
https://basalam.com/arjagriculture/product/21727945,سم حشره کش سایپرمترین 40 درصد 1 لیتر,,nan,759000.0,1.0,,True,2025-08-10 16:24:17,2025-08-10 16:24:17
https://basalam.com/arjagriculture/product/21728580,سم حشره کش سایپرمترین 20 درصد 1 لیتر,,nan,660000.0,1.0,,True,2025-08-10 16:24:20,2025-08-10 16:24:20
https://basalam.com/arjagriculture/product/16528409,کود میکرو پتاس معدنی بهاران 6 کیلوگرم,,nan,161333.33333333334,6.0,,True,2025-08-10 16:24:22,2025-08-10 16:24:22
https://basalam.com/arjagriculture/product/16123790,کود مایع زعفران فرمولایف 1 لیتر,,nan,434500.0,1.0,,True,2025-08-10 16:24:25,2025-08-10 16:24:25
https://basalam.com/arjagriculture/product/18910023,کود اهن بیوماتریکس اسپانیا 1 کیلوگرمی,,nan,1320000.0,1.0,,True,2025-08-10 16:24:28,2025-08-10 16:24:28
https://basalam.com/arjagriculture/product/15890222,کود سیلیکات پتاسیم (silicon) 1 لیتری,,nan,308000.0,1.0,,True,2025-08-10 16:24:30,2025-08-10 16:24:30
https://basalam.com/arjagriculture/product/15886821,کود هیومیک اسید پودری هایپرهیوم ایکس گرین آمریکایی 1 کیلو,,nan,638000.0,1.0,,True,2025-08-10 16:24:33,2025-08-10 16:24:33
https://basalam.com/arjagriculture/product/16113324,سم حشره کش مالاتیون 1 لیتر,,nan,682000.0,1.0,,True,2025-08-10 16:24:35,2025-08-10 16:24:35
https://basalam.com/arjagriculture/product/16115519,سم قارچ کش کروزاکسیم متیل(استروبی) 200 گرم,,nan,nan,,,True,2025-08-10 16:24:38,2025-08-10 16:24:38
https://basalam.com/arjagriculture/product/16079910,سم آبامکتین نیم لیتری حشره و کنه کش 0.5 لیتر,,nan,nan,,,True,2025-08-10 16:24:41,2025-08-10 16:24:41
https://basalam.com/arjagriculture/product/15869784,کود کلسیم مایع (هارد) 1 لیتری,,nan,330000.0,1.0,,True,2025-08-10 16:24:44,2025-08-10 16:24:44
https://basalam.com/arjagriculture/product/16400193,سم حشره کش پرمترین 25 درصد نیم (0.5)لیتر,,nan,nan,,,True,2025-08-10 16:24:46,2025-08-10 16:24:46
https://basalam.com/arjagriculture/product/15962761,سم سایپرمترین 10 درصد 250 سی سی,,nan,nan,,,True,2025-08-10 16:24:49,2025-08-10 16:24:49
https://basalam.com/arjagriculture/product/18910269,سم حشره کش دلتامترین نیم لیتری,,nan,nan,,,True,2025-08-10 16:24:52,2025-08-10 16:24:52
https://basalam.com/shimiamayeshpars/product/5255797,کود گوگرد آلی( گلدن صمیم غلظت پایین) بسته بندی2 تایی 10لیتری,,nan,1300000.0,10.0,,True,2025-08-10 16:24:57,2025-08-10 16:24:57
https://basalam.com/plant.kala/product/8828094,کود هیومیک اسید گرانوله سبز گل وزن 25 کیلو گرم,,nan,12000.0,25.0,,True,2025-08-10 16:25:00,2025-08-10 16:27:01
https://basalam.com/plant.kala/product/19233794,کود نیتروژن بالا 1-0-40 ایکس گرین,,nan,nan,,,True,2025-08-10 16:25:03,2025-08-10 16:27:04
https://basalam.com/plant.kala/product/4926325,چالکود 10عنصره کیسه 5 کیلو گرمی حاوی عناصر ریز مغذی آهن روی منیزیم مس و...,,nan,110000.0,5.0,,True,2025-08-10 16:25:05,2025-08-10 16:27:06
https://basalam.com/tavan_has_rouyesh/product/12497400,کود تقویتی,,nan,nan,,,True,2025-08-10 16:25:08,2025-08-10 16:27:09
https://basalam.com/rooyangol/product/21426127,کود کامل رویان گل بسته 3 لیتری,,nan,68333.33333333333,3.0,,True,2025-08-10 16:25:11,2025-08-10 16:26:56
https://basalam.com/allk1vip/product/10908943,کود فول هیومیک اسید برند بمب مایع 20 لیتری 95 درصد,,nan,145000.0,20.0,,True,2025-08-10 16:25:16,2025-08-10 16:25:16
https://basalam.com/allk1vip/product/8738026,کود هیومیک اسید شوک آمریکایی 95 درصد حجم پنج لیتری,,nan,nan,,,True,2025-08-10 16:25:19,2025-08-10 16:25:19
https://basalam.com/allk1vip/product/8739215,کود سیلیکات پتاسیم شوک اصل آمریکایی مایع 1 لیتری,,nan,480000.0,1.0,,True,2025-08-10 16:25:22,2025-08-10 16:25:22
https://basalam.com/allk1vip/product/10909734,کود آهن مکس برند بمب گالن یک لیتری,,nan,nan,,,True,2025-08-10 16:25:24,2025-08-10 16:25:24
https://basalam.com/allk1vip/product/10910820,کود آمینو مکس بزند بمب مایع 20 لیتری,,nan,145000.0,20.0,,True,2025-08-10 16:25:27,2025-08-10 16:25:27
https://basalam.com/allk1vip/product/7426473,کود اسیدهیومیک مایع 1لیتری,,nan,470000.0,1.0,,True,2025-08-10 16:25:30,2025-08-10 16:25:30
https://basalam.com/allk1vip/product/7426311,کود مخصوص هندوانه شوک20لیتری,,nan,155000.0,20.0,,True,2025-08-10 16:25:32,2025-08-10 16:26:06
https://basalam.com/allk1vip/product/8739068,کود فسفر بالای 80 درصد شوک یک لیتری,,nan,nan,,,True,2025-08-10 16:25:35,2025-08-10 16:26:08
https://basalam.com/allk1vip/product/7407324,کود فولویک اسید مایع شوک 1 لیتری,,nan,550000.0,1.0,,True,2025-08-10 16:25:38,2025-08-10 16:26:11
https://basalam.com/allk1vip/product/7407226,کود گلدهی خیار شوک 1 لیتری,,nan,500000.0,1.0,,True,2025-08-10 16:25:40,2025-08-10 16:26:14
https://basalam.com/allk1vip/product/8739248,کود سیلیکات پتاسیم شوک اصل آمریکایی (درصد بالا) 20 لیتری,,nan,222500.0,20.0,,True,2025-08-10 16:25:43,2025-08-10 16:26:16
https://basalam.com/allk1vip/product/8739422,کود پتاس بالا شوک اصل آمریکایی مایع 5 لیتری,,nan,360000.0,5.0,,True,2025-08-10 16:25:46,2025-08-10 16:26:19
https://basalam.com/allk1vip/product/10911559,کود مولتی کمپلکس بزند بمب (ریزمغذی کامل) گالن بیست لیتری,,nan,nan,,,True,2025-08-10 16:25:48,2025-08-10 16:26:21
https://basalam.com/allk1vip/product/8648481,کود فروت ست شوک اصل آمریکایی مایع گالن بیست لیتری,,nan,nan,,,True,2025-08-10 16:25:51,2025-08-10 16:26:24
https://basalam.com/allk1vip/product/7402167,کود گوگرد مایع شوک 1لیتری,,nan,440000.0,1.0,,True,2025-08-10 16:25:54,2025-08-10 16:26:27
https://basalam.com/allk1vip/product/10912006,کود کلسیم مکس 34درصد برند بمب مایع 1 لیتری,,nan,350000.0,1.0,,True,2025-08-10 16:25:56,2025-08-10 16:26:29
https://basalam.com/daneshmandekouchak/product/6560025,کود مایع دیفن باخیا دانشمند کوچک مدل اکولایف حجم 120 میلی لیتر,,nan,nan,,,True,2025-08-10 16:25:59,2025-08-10 16:26:32
https://basalam.com/keshavaezkala/product/24539236,سم علف کش استوکلر امولسیون 50 درصد 1 لیتری,,nan,531000.0,1.0,,True,2025-08-10 16:26:01,2025-08-10 16:45:57
https://basalam.com/taravatkhaneh/product/3001146,قارچکش و باکتری کش کوپراکسی کلراید,,nan,nan,,,True,2025-08-10 16:26:35,2025-08-10 16:26:35
https://basalam.com/taravatkhaneh/product/3001514,کود رشد بنفشه آفریقایی پروتکت نیچر,,nan,nan,,,True,2025-08-10 16:26:37,2025-08-10 16:26:37
https://basalam.com/taravatkhaneh/product/16220033,کود مخصوص رشد ارکیده برند پروتکت نیچر,,nan,nan,,,True,2025-08-10 16:26:40,2025-08-10 16:26:40
https://basalam.com/taravatkhaneh/product/17271671,کود پتاس بالا هلندی 36-12-12 کود گلدهی,,nan,nan,,,True,2025-08-10 16:26:43,2025-08-10 16:26:43
https://basalam.com/taravatkhaneh/product/17271714,کود فسفر بالا هلندی 20-50-5 کود ریشه زا,,nan,nan,,,True,2025-08-10 16:26:45,2025-08-10 16:26:45
https://basalam.com/taravatkhaneh/product/17271614,کود سه بیست هلندی 100گرمی,,nan,nan,,,True,2025-08-10 16:26:48,2025-08-10 16:26:48
https://basalam.com/nazhland_agri_isf/product/6186635,کود سولفات پتاسیم وُپروفرت دو کیلویی,,nan,nan,,,True,2025-08-10 16:26:50,2025-08-10 16:26:50
https://basalam.com/nazhland_agri_isf/product/15511982,کود کامل 12 12 36 گلدیس جهت گیاهان آپارتمانی,,nan,nan,,,True,2025-08-10 16:26:53,2025-08-10 16:26:53
https://basalam.com/kolbegoldoon/product/18064062,کود ریشه زا یا هورمون ریشه زا 125 سی سی پروتکت نیچر,,nan,nan,,,True,2025-08-10 16:26:58,2025-08-10 16:26:58
https://basalam.com/forushgahkud_fasl/product/2854897,کود آمینواسید80درصد جنریت یک لیتری محصول ایالات متحده,,nan,nan,,,True,2025-08-10 16:27:12,2025-08-10 16:27:12
https://basalam.com/keshavaezkala/product/24095918,کود شیمیایی سولوپتاس 52-0-0 پودری 10 کیلوگرمی NPK برند ایزرتوی(izirtuland),,nan,154000.0,10.0,,True,2025-08-10 16:27:14,2025-08-10 16:27:14
https://basalam.com/keshavaezkala/product/24065490,کود شیمیایی آمونیوم فسفات مایع 0-18-6 مایع 5 لیتری برند ایزرتوی(izirtuland),,nan,118800.0,5.0,,True,2025-08-10 16:27:17,2025-08-10 16:27:17
https://basalam.com/keshavaezkala/product/23983326,کود گوگرد شیمیایی مایع پتاسه 5 لیتری برند ایزرتوی(izirtuland),,nan,105600.0,5.0,,True,2025-08-10 16:27:19,2025-08-10 16:27:19
https://basalam.com/keshavaezkala/product/24535436,سم قارچ کش تبوکونازول 6درصد مایع (راکسیل) 5 لیتری,,nan,230000.0,5.0,,True,2025-08-10 16:27:22,2025-08-10 16:27:22
https://basalam.com/keshavaezkala/product/24096012,کود شیمیایی میکرو پودری یک کیلویی برند ایزرتوی(izirtuland),,nan,nan,,,True,2025-08-10 16:27:25,2025-08-10 16:27:25
https://basalam.com/keshavaezkala/product/24068170,کود شیمیایی 20-20-20 پودری 1 کیلویی برند ایزرتوی(izirtuland),,nan,295000.0,1.0,,True,2025-08-10 16:27:27,2025-08-10 16:27:27
https://basalam.com/keshavaezkala/product/24067542,کود شیمیایی 1-0-40 ده کیلیویی پودری برند ایزرتوی(izirtuland),,nan,nan,,,True,2025-08-10 16:27:30,2025-08-10 16:27:30
https://basalam.com/keshavaezkala/product/24067703,کود شیمیایی 19-19-19 پودری 10 کیلویی npk برند ایزرتوی(izirtuland),,nan,237000.0,10.0,,True,2025-08-10 16:27:33,2025-08-10 16:27:33
https://basalam.com/forushgahkud_fasl/product/3339711,کود عصاره جلبک دریایی HEX مایع بسته بندی 100 سی سی,,nan,nan,,,True,2025-08-10 16:27:35,2025-08-10 16:29:09
https://basalam.com/forushgahkud_fasl/product/2854906,کود هیومیک اسید پودری جنریت یک کیلویی محصول ایالات متحده,,nan,nan,,,True,2025-08-10 16:27:38,2025-08-10 16:29:12
https://basalam.com/forushgahkud_fasl/product/3158408,کود اسید هیومیک95درصد یک لیتری جنریت محصول ایالات متحده,,nan,nan,,,True,2025-08-10 16:27:41,2025-08-10 16:29:15
https://basalam.com/forushgahkud_fasl/product/17397102,نانو کود نیتروژن، ازت بالای غنی شده جنریت,,nan,nan,,,True,2025-08-10 16:27:43,2025-08-10 16:29:17
https://basalam.com/forushgahkud_fasl/product/20612654,کود کامل هورمونی مولتی کمپلکس جنریت بیست لیتری,,nan,nan,,,True,2025-08-10 16:27:46,2025-08-10 16:29:20
https://basalam.com/forushgahkud_fasl/product/4912329,کود مخصوص زعفران پنج لیتری اصلی و اورجینال,,nan,nan,,,True,2025-08-10 16:27:49,2025-08-10 16:29:23
https://basalam.com/epic_agricultural_complex/product/12154409,کود جلبک دریایی سیتی مکس نیم کیلو,,nan,nan,,,True,2025-08-10 16:27:52,2025-08-10 16:27:52
https://basalam.com/armongol/product/3594096,پیاز گل مریم پیاز مادری و پر بچه یک عددی,,nan,nan,,,True,2025-08-10 16:27:54,2025-08-10 16:27:54
https://basalam.com/eimenshop/product/15633772,سم آیکن اصل آلمان,,nan,nan,,,True,2025-08-10 16:27:57,2025-08-10 16:27:57
https://basalam.com/eimenshop/product/15636957,سم کک 150 میلی لیتر,,nan,nan,,,True,2025-08-10 16:28:00,2025-08-10 16:28:00
https://basalam.com/doctor-sam123/product/23593280,سم عنکبوت کش وب اوت Web OUt اورجینال ارسال رایگان,,nan,nan,,,True,2025-08-10 16:28:03,2025-08-10 16:28:03
https://basalam.com/doctor-sam123/product/23513549,سم سوسک کش آکواپای AquaPy اورجینال نسخه اصلی ارسال رایگان,,nan,nan,,,True,2025-08-10 16:28:05,2025-08-10 16:28:05
https://basalam.com/delvin.shop/product/22280551,سم مگس کش آجیتا اصل ارسال رایگان,,nan,nan,,,True,2025-08-10 16:28:08,2025-08-10 16:39:45
https://basalam.com/techno_soft_clutch/product/21233430,سم قوی فاضلاب ناک اوت(از بین بردن حشرات موذی),,nan,nan,,,True,2025-08-10 16:28:11,2025-08-10 16:28:11
https://basalam.com/allk1/product/7435542,کود سه بیست (20-20-20) شوک 1 لیتری,,nan,288000.0,1.0,,True,2025-08-10 16:28:16,2025-08-10 16:28:16
https://basalam.com/allk1/product/10965464,کود آهن مایع بمب 1 لیتری,,nan,222000.0,1.0,,True,2025-08-10 16:28:19,2025-08-10 16:28:19
https://basalam.com/florame/product/16931518,کود نیترات کلسیم فلورامی 75 گرمی ( calcium nitrate),,nan,nan,,,True,2025-08-10 16:28:22,2025-08-10 16:28:22
https://basalam.com/florame/product/20948168,قارچ کش پنکونازول (توپاس) بهاور شیمی (سم سفیدک پودری) 100 سی سی (penconazole),,nan,nan,,,True,2025-08-10 16:28:25,2025-08-10 16:28:25
https://basalam.com/florame/product/18921885,گوگرد هندی پودری 80 درصد (کنه کش و قارچ کش) هندی اگرولاید یک کیلوگرمی,,nan,nan,,,True,2025-08-10 16:28:27,2025-08-10 16:28:27
https://basalam.com/kudka/product/21300845,کود مایع، کود زینک (روی) شوک 1 لیتری اصل,,nan,250000.0,1.0,,True,2025-08-10 16:28:30,2025-08-10 16:46:14
https://basalam.com/kudka/product/21300846,کود ارگانیک، کود زینک (روی) شوک 5 لیتری اصل,,nan,180000.0,5.0,,True,2025-08-10 16:28:33,2025-08-10 16:46:17
https://basalam.com/kudka/product/21300915,کود ارگانیک، کود منگنز شوک 20 لیتری,,nan,120000.0,20.0,,True,2025-08-10 16:28:36,2025-08-10 16:46:20
https://basalam.com/kudka/product/21300961,کود گلدهی 12-12-36 شوک 5 لیتری NPK,,nan,200000.0,5.0,,True,2025-08-10 16:28:38,2025-08-10 16:46:23
https://basalam.com/kudka/product/21300825,کود کشاورزی، کود منگنز مایع شوک 1 لیتری اصل,,nan,230000.0,1.0,,True,2025-08-10 16:28:41,2025-08-10 16:46:26
https://basalam.com/kudka/product/21300854,کود کلسیم مایع شوک 5 لیتری اصل,,nan,180000.0,5.0,,True,2025-08-10 16:28:44,2025-08-10 16:46:29
https://basalam.com/kudka/product/21300905,کود جلبک دریایی مایع شوک اصل 1 لیتری اصل,,nan,270000.0,1.0,,True,2025-08-10 16:28:47,2025-08-10 16:46:32
https://basalam.com/kudka/product/21300945,کود آفتکش، کود گوگرد شوک 5 لیتری,,nan,180000.0,5.0,,True,2025-08-10 16:28:50,2025-08-10 16:46:35
https://basalam.com/kudka/product/21300954,کود نانو، کود رنگ آوری شوک 1 لیتری,,nan,250000.0,1.0,,True,2025-08-10 16:28:52,2025-08-10 16:46:38
https://basalam.com/samkoodbazr1/product/21609569,سم حشره کش کاراته 10درصد 20 سی سی سوئیس,,nan,nan,,,True,2025-08-10 16:28:55,2025-08-10 16:46:09
https://basalam.com/samkoodbazr1/product/20984766,سم علف کش نیم لیتری سوپرگالانت هالوکسی فوپ آر شیماگرو,,nan,nan,,,True,2025-08-10 16:28:58,2025-08-10 16:46:12
https://basalam.com/bluehome_cleaner/product/23310307,کود محرک رشد ارگانیک,,nan,nan,,,True,2025-08-10 16:29:01,2025-08-10 16:29:01
https://basalam.com/leaves/product/13602503,پرلیت ده لیتری ( ترکیب پرلیت درشت و پرلیت متوسط و پرلیت ریز و پرلیت شکری،.. ارسال بصورت پسکرایه ),,nan,nan,,,True,2025-08-10 16:29:03,2025-08-10 16:29:03
https://basalam.com/salarostadali/product/23550994,کود مایع ژله ای بور 1 لیتری نوبل (پس کرایه، چاپار),,nan,350000.0,1.0,,True,2025-08-10 16:29:06,2025-08-10 16:46:00
https://basalam.com/Beheshtman/product/10152769,کود نیترات کلسیم 10کیلویی .ارسال پسکرایه,,nan,220000.0,10.0,,True,2025-08-10 16:29:26,2025-08-10 16:29:26
https://basalam.com/lilium_plants/product/11882208,کود مسک (کود کامل آمریکائی شرکت فابکو ) مناسب برای جوانه زنی، رشد رویشی، تقویت ریشه، گلدهی,,nan,nan,,,True,2025-08-10 16:29:29,2025-08-10 16:29:29
https://basalam.com/lilium_plants/product/7970102,کود بنفشه آفریقایی 125 میلی لیتر پروتکت نیچر,,nan,nan,,,True,2025-08-10 16:29:31,2025-08-10 16:29:31
https://basalam.com/lilium_plants/product/19237189,کود مایع بیو 20گلد-Bio 20 gold اومکس 60 میلی لیتر,,nan,nan,,,True,2025-08-10 16:29:34,2025-08-10 16:29:34
https://basalam.com/linne/product/2527589,کود کامل 20-20-20 هلندی هورتی گرو دوکیلوگرمی,,nan,nan,,,True,2025-08-10 16:29:37,2025-08-10 16:29:37
https://basalam.com/linne/product/2529144,کود آهن مایع آگیلا فریکو اسپانیایی جهت رفع کمبود آهن در گیاهان,,nan,nan,,,True,2025-08-10 16:29:40,2025-08-10 16:29:40
https://basalam.com/linne/product/3398367,کود مایع کلسیم کورت کل اسپانیایی یک لیتری,,nan,nan,,,True,2025-08-10 16:29:43,2025-08-10 16:29:43
https://basalam.com/linne/product/3398298,کود کامل فروت ست یک لیتری فروت مکس محصول مجارستان,,nan,nan,,,True,2025-08-10 16:29:45,2025-08-10 16:29:45
https://basalam.com/giahpzeshkinanoteknolozhi/product/21974778,کود اسید آمینه روستان,,nan,nan,,,True,2025-08-10 16:29:48,2025-08-10 16:29:48
https://basalam.com/shakhobargg/product/17616365,کود گلدهی و کاکتوس ها,,nan,nan,,,True,2025-08-10 16:29:51,2025-08-10 16:29:51
https://basalam.com/shakhobargg/product/17616428,کود میکرو معدنی,,nan,nan,,,True,2025-08-10 16:29:54,2025-08-10 16:29:54
https://basalam.com/kud-varedat/product/20452274,کود گلدهی 12-12-36 شوک 20 لیتری NPK,,nan,167500.0,20.0,,True,2025-08-10 16:29:56,2025-08-10 16:29:56
https://basalam.com/golkhone_bahari/product/15885478,کود آمینو اسید,,nan,nan,,,True,2025-08-10 16:29:59,2025-08-10 16:29:59
https://basalam.com/golkhone_bahari/product/13118100,سم خالص مالاتیون,,nan,nan,,,True,2025-08-10 16:30:02,2025-08-10 16:30:02
https://basalam.com/javaaneh/product/19161300,کود کامل NPK (20-20-20),,nan,nan,,,True,2025-08-10 16:30:05,2025-08-10 16:30:05
https://basalam.com/yonaberry/product/23352528,کود مایع اهن (پس کرایه),,nan,nan,,,True,2025-08-10 16:30:08,2025-08-10 16:30:08
https://basalam.com/kashtebartar/product/17760474,فوق العاده ترین کود مایع گیاهان آپارتمانی شامل (12عنصر حیاتی از جمله جلبک دریایی و...),,nan,nan,,,True,2025-08-10 16:30:10,2025-08-10 16:30:10
https://basalam.com/kashtebartar/product/2528089,کود مایع اسید هیومیک 100 سی سی و (10 لیتری فرومیتو ),,nan,nan,,,True,2025-08-10 16:30:13,2025-08-10 16:30:13
https://basalam.com/kashtebartar/product/2656024,کود 105210 فسفر بالا ( ریشه زایی و پاجوش دهی )تضمین کیفیت,,nan,nan,,,True,2025-08-10 16:30:16,2025-08-10 16:30:16
https://basalam.com/s_54/product/9466599,کود آهن دوریتا,,nan,nan,,,True,2025-08-10 16:30:19,2025-08-10 16:30:19
https://basalam.com/gyasa/product/15771988,کود مایع آلی (مرغی)GREEN SOUL یک لیتری,,nan,nan,,,True,2025-08-10 16:30:22,2025-08-10 16:46:03
https://basalam.com/gole_narges07/product/23956099,کود NPK 20 20 20 آشا تجارت asha trjarat,,nan,nan,,,True,2025-08-10 16:30:25,2025-08-10 16:45:39
https://basalam.com/tetaco/product/7886826,کود پودری کلات روی تتاکو GROWFAST وزن 1 کیلوگرم,,nan,769000.0,1.0,,True,2025-08-10 16:30:28,2025-08-10 16:45:30
https://basalam.com/ir_plant/product/20183442,کود بمباردیر اسپانیا 50 سی سی - انفجاری از رشد و باردهی,,nan,nan,,,True,2025-08-10 16:30:32,2025-08-10 16:30:32
https://basalam.com/ir_plant/product/4598456,کود مخصوص رشد عمومی کاج مطبق(70گرم کود خالص),,nan,nan,,,True,2025-08-10 16:30:35,2025-08-10 16:30:35
https://basalam.com/ir_plant/product/5402673,کود کامل 18-18-18 جهت افزایش سرعت رشد و سبزینگی Bavaria آلمان(50گرم کود خالص),,nan,nan,,,True,2025-08-10 16:30:38,2025-08-10 16:30:38
https://basalam.com/ir_plant/product/4598876,کود کاکتوس و ساکولنت تولید Nutrivit هلند (50گرم کود خالص),,nan,nan,,,True,2025-08-10 16:30:41,2025-08-10 16:30:41
https://basalam.com/ir_plant/product/4593894,کود سه بیست 20 20 (2بسته 50 گرمی) برند باواریا آلمان,,nan,nan,,,True,2025-08-10 16:30:44,2025-08-10 16:30:44
https://basalam.com/ir_plant/product/4600933,صابون محلول پاشی سازگار با انواع سموم و کودهای محلول پاشی (50 سی سی),,nan,nan,,,True,2025-08-10 16:30:47,2025-08-10 16:30:47
https://basalam.com/ir_plant/product/6062210,کود بنفشه آفریقایی محصول Pokon هلند (30 سی سی),,nan,nan,,,True,2025-08-10 16:30:50,2025-08-10 16:30:50
https://basalam.com/baghban051/product/4683711,3 عدد کود تقویتی بونسای تبسم,,nan,nan,,,True,2025-08-10 16:30:53,2025-08-10 16:30:53
https://basalam.com/baghban051/product/4683719,3 عدد کود تقویتی زامفولیا تبسم,,nan,nan,,,True,2025-08-10 16:30:55,2025-08-10 16:30:55
https://basalam.com/baghban051/product/4683721,2 عدد کود تقویتی گلهای آپارتمانی تبسم,,nan,nan,,,True,2025-08-10 16:30:58,2025-08-10 16:30:58
https://basalam.com/baghban051/product/13914347,3 عدد کود مخصوص سانسوریا تبسم,,nan,nan,,,True,2025-08-10 16:31:01,2025-08-10 16:31:01
https://basalam.com/baghban051/product/4676489,کود هیومیک اسید پلاس تتاکو بلژیکی 5 لیتری,,nan,150000.0,5.0,,True,2025-08-10 16:31:04,2025-08-10 16:31:04
https://basalam.com/baghban051/product/4683724,10 عدد کود تقویتی مخصوص گلدهی و محلول پاشی تبسم,,nan,nan,,,True,2025-08-10 16:31:07,2025-08-10 16:31:07
https://basalam.com/baghban051/product/3925658,3عدد کود مخصوص کاکتوس تبسم,,nan,nan,,,True,2025-08-10 16:31:10,2025-08-10 16:31:10
https://basalam.com/sina_qom/product/14248647,کود اسید آمینه یک لیتری (ضد تنش و بالا بردن مقاومت گیاه ),,nan,nan,,,True,2025-08-10 16:31:13,2025-08-10 16:39:48
https://basalam.com/sina_qom/product/7432857,کود 36-12-12 (پتاس بالا) 100 گرمی,,nan,nan,,,True,2025-08-10 16:31:16,2025-08-10 16:39:51
https://basalam.com/sina_qom/product/9794695,کود گوگرد مایع یک لیتری (کود سولفور),,nan,nan,,,True,2025-08-10 16:31:18,2025-08-10 16:39:54
https://basalam.com/sina_qom/product/7432605,کود 10-52-10 (مخصوص ریشه)200 گرمی,,nan,nan,,,True,2025-08-10 16:31:21,2025-08-10 16:39:57
https://basalam.com/art_mehraa/product/15163171,اکالیپتوس با کیفیت عالی، بار امسالی و تازه(2کیلوگرم),,nan,231000.0,2.0,,True,2025-08-10 16:31:24,2025-08-10 16:35:33
https://basalam.com/art_mehraa/product/15163330,ریشه آنغوزه با کیفیت عالی بار امسالی و تازه(5کیلوگرم),,nan,520640.0,5.0,,True,2025-08-10 16:31:27,2025-08-10 16:31:27
https://basalam.com/art_mehraa/product/15162854,گیاه سدر با کیفیت عالی، بار امسالی و تازه(500گرمی ),,nan,nan,,,True,2025-08-10 16:31:30,2025-08-10 16:31:30
https://basalam.com/art_mehraa/product/15162435,ریشه خولنجان با کیفیت عالی، بار امسالی و تازه(200گرمی),,nan,nan,,,True,2025-08-10 16:31:32,2025-08-10 16:31:32
https://basalam.com/art_mehraa/product/15163335,ریشه خولنجان با کیفیت عالی، بار امسالی و تازه(1کیلوگرم),,nan,3571400.0,1.0,,True,2025-08-10 16:31:35,2025-08-10 16:36:00
https://basalam.com/art_mehraa/product/15162770,گیاه مریم گلی با کیفیت عالی، بار امسالی و تازه(750گرمی),,nan,nan,,,True,2025-08-10 16:31:38,2025-08-10 16:36:03
https://basalam.com/art_mehraa/product/15163361,صمغ ترنجبین با کیفیت عالی، بار امسالی و تازه(1کیلوگرم),,nan,9861000.0,1.0,,True,2025-08-10 16:31:41,2025-08-10 16:36:06
https://basalam.com/art_mehraa/product/15162607,صمغ مرمکی با کیفیت عالی، بار امسالی و تازه(200گرمی),,nan,nan,,,True,2025-08-10 16:31:44,2025-08-10 16:36:09
https://basalam.com/art_mehraa/product/15162832,گیاه شاهتره با کیفیت عالی، بار امسالی و تازه(750گرمی),,nan,nan,,,True,2025-08-10 16:31:46,2025-08-10 16:36:54
https://basalam.com/art_mehraa/product/15162804,گیاه کاسنی با کیفیت عالی، بار امسالی و تازه(750گرمی),,nan,nan,,,True,2025-08-10 16:31:49,2025-08-10 16:36:51
https://basalam.com/art_mehraa/product/15162020,ریشه شیرین بیان (بدون پوست) با کیفیت عالی، بار امسالی و تازه,,nan,nan,,,True,2025-08-10 16:31:52,2025-08-10 16:36:57
https://basalam.com/art_mehraa/product/15163364,صمغ صبر زرد با کیفیت عالی، بار امسالی و تازه( (1کیلوگرم),,nan,6022400.0,1.0,,True,2025-08-10 16:31:55,2025-08-10 16:31:55
https://basalam.com/art_mehraa/product/15161998,ریشه کاسنی با کیفیت عالی، بار امسالی و تازه(50گرمی ),,nan,nan,,,True,2025-08-10 16:31:58,2025-08-10 16:31:58
https://basalam.com/art_mehraa/product/15163386,صمغ مرمکی با کیفیت عالی، بار امسالی و تازه(2کیلوگرم),,nan,13048900.0,2.0,,True,2025-08-10 16:32:00,2025-08-10 16:32:00
https://basalam.com/art_mehraa/product/15162985,بارهنگ با کیفیت عالی، بار امسالی و تازه(500گرمی),,nan,nan,,,True,2025-08-10 16:32:03,2025-08-10 16:32:03
https://basalam.com/art_mehraa/product/15163577,هلیله سیاه با کیفیت عالی، بار امسالی و تازه(5کیلوگرم),,nan,887040.0,5.0,,True,2025-08-10 16:32:06,2025-08-10 16:32:06
https://basalam.com/art_mehraa/product/15163531,گیاه نعناع فلفلی با کیفیت عالی، بار امسالی و تازه(1کیلوگرم),,nan,1061100.0,1.0,,True,2025-08-10 16:32:09,2025-08-10 16:32:09
https://basalam.com/art_mehraa/product/15162927,گیاه خرفه با کیفیت عالی، بار امسالی و تازه(250 گرمی),,nan,nan,,,True,2025-08-10 16:32:12,2025-08-10 16:32:12
https://basalam.com/art_mehraa/product/15162433,ریشه خولنجان با کیفیت عالی، بار امسالی و تازه(150گرمی),,nan,nan,,,True,2025-08-10 16:32:15,2025-08-10 16:32:15
https://basalam.com/art_mehraa/product/15162903,برگ جینکو با کیفیت عالی، بار امسالی و تازه(250گرمی ),,nan,nan,,,True,2025-08-10 16:32:17,2025-08-10 16:32:17
https://basalam.com/art_mehraa/product/15162421,گیاه خار مریم با کیفیت عالی، بار امسالی و تازه(200 گرمی ),,nan,nan,,,True,2025-08-10 16:32:20,2025-08-10 16:32:20
https://basalam.com/art_mehraa/product/15163290,پونه با کیفیت عالی، بار امسالی و تازه(1کیلوگرم),,nan,566400.0,1.0,,True,2025-08-10 16:32:23,2025-08-10 16:32:23
https://basalam.com/paknia1364/product/7886253,کود مایع کلات آهن فرمول یک,,nan,nan,,,True,2025-08-10 16:32:26,2025-08-10 16:32:26
https://basalam.com/art_mehraa/product/15162746,گیاه نعناع دشتی با کیفیت عالی، بار امسالی و تازه(500 گرمی),,nan,nan,,,True,2025-08-10 16:32:29,2025-08-10 16:35:11
https://basalam.com/art_mehraa/product/15162897,گیاه دم اسب با کیفیت عالی، بار امسالی و تازه(250گرمی ),,nan,nan,,,True,2025-08-10 16:32:32,2025-08-10 16:32:32
https://basalam.com/art_mehraa/product/15163329,ریشه آنغوزه با کیفیت عالی بار امسالی و تازه(2کیلوگرم),,nan,473350.0,2.0,,True,2025-08-10 16:32:34,2025-08-10 16:35:20
https://basalam.com/art_mehraa/product/15163033,افسنطین با کیفیت عالی، بار امسالی و تازه(500گرمی),,nan,nan,,,True,2025-08-10 16:32:37,2025-08-10 16:35:24
https://basalam.com/art_mehraa/product/15163488,گیاه زوفا با کیفیت عالی، بار امسالی و تازه(1کیلوگرم),,nan,2063500.0,1.0,,True,2025-08-10 16:32:40,2025-08-10 16:35:14
https://basalam.com/art_mehraa/product/15162845,برگ سنا با کیفیت عالی، بار امسالی و تازه(750گرمی),,nan,nan,,,True,2025-08-10 16:32:43,2025-08-10 16:35:30
https://basalam.com/art_mehraa/product/15163358,ریشه شیرین بیان (بدون پوست) با کیفیت عالی، بار امسالی و تازه(2کیلوگرم),,nan,515850.0,2.0,,True,2025-08-10 16:32:46,2025-08-10 16:35:27
https://basalam.com/art_mehraa/product/15164660,گل مینا با کیفیت عالی، بار امسالی و تازه(500گرمی),,nan,nan,,,True,2025-08-10 16:32:51,2025-08-10 16:35:17
https://basalam.com/art_mehraa/product/15162178,ریشه شیرین بیان با کیفیت عالی، بار امسالی و تازه(100گرمی),,nan,nan,,,True,2025-08-10 16:32:53,2025-08-10 16:35:54
https://basalam.com/art_mehraa/product/15163482,گیاه دم اسب با کیفیت عالی، بار امسالی و تازه(1کیلوگرم),,nan,392400.0,1.0,,True,2025-08-10 16:32:56,2025-08-10 16:35:57
https://basalam.com/art_mehraa/product/15162104,گل گاو زبان با کیفیت عالی، بار امسالی و تازه(50گرمی),,nan,nan,,,True,2025-08-10 16:32:59,2025-08-10 16:36:15
https://basalam.com/art_mehraa/product/15163523,گیاه مریم گلی با کیفیت عالی، بار امسالی و تازه(2کیلوگرم),,nan,1101250.0,2.0,,True,2025-08-10 16:33:02,2025-08-10 16:36:18
https://basalam.com/art_mehraa/product/15163512,گیاه گزنه با کیفیت عالی، بار امسالی و تازه(1کیلوگرم),,nan,1328700.0,1.0,,True,2025-08-10 16:33:05,2025-08-10 16:36:21
https://basalam.com/art_mehraa/product/15163443,گل گاو زبان با کیفیت عالی، بار امسالی و تازه(5کیلوگرم),,nan,13946920.0,5.0,,True,2025-08-10 16:33:07,2025-08-10 16:36:36
https://basalam.com/art_mehraa/product/15163486,گیاه رازک با کیفیت عالی، بار امسالی و تازه(2کیلوگرم),,nan,3886050.0,2.0,,True,2025-08-10 16:33:10,2025-08-10 16:36:39
https://basalam.com/art_mehraa/product/15162925,برگ خرگوشک با کیفیت عالی، بار امسالی و تازه(500گرمی),,nan,nan,,,True,2025-08-10 16:33:13,2025-08-10 16:36:42
https://basalam.com/art_mehraa/product/15163269,بوقناق با کیفیت عالی، بار امسالی و تازه(2کیلوگرم),,nan,574500.0,2.0,,True,2025-08-10 16:33:16,2025-08-10 16:36:45
https://basalam.com/art_mehraa/product/15163519,گیاه مرزه با کیفیت عالی، بار امسالی و تازه(5کیلوگرم),,nan,1173820.0,5.0,,True,2025-08-10 16:33:19,2025-08-10 16:36:27
https://basalam.com/art_mehraa/product/15162525,گل گاو زبان با کیفیت عالی، بار امسالی و تازه(150گرمی),,nan,nan,,,True,2025-08-10 16:33:22,2025-08-10 16:36:30
https://basalam.com/art_mehraa/product/15162784,گل گاو زبان با کیفیت عالی، بار امسالی و تازه(250گرمی ),,nan,nan,,,True,2025-08-10 16:33:24,2025-08-10 16:36:33
https://basalam.com/art_mehraa/product/15163252,برگ جینکو با کیفیت عالی، بار امسالی و تازه(5کیلوگرم),,nan,4237080.0,5.0,,True,2025-08-10 16:33:27,2025-08-10 16:35:42
https://basalam.com/art_mehraa/product/15163199,بارهنگ با کیفیت عالی، بار امسالی و تازه(5کیلوگرم),,nan,2705420.0,5.0,,True,2025-08-10 16:33:30,2025-08-10 16:35:45
https://basalam.com/art_mehraa/product/15163197,بارهنگ با کیفیت عالی، بار امسالی و تازه(1کیلوگرم),,nan,2805700.0,1.0,,True,2025-08-10 16:33:33,2025-08-10 16:35:48
https://basalam.com/art_mehraa/product/15161745,پونه با کیفیت عالی، بار امسالی و تازه(51 گرمی ),,nan,nan,,,True,2025-08-10 16:33:36,2025-08-10 16:35:39
https://basalam.com/art_mehraa/product/15163511,گیاه کاکوتی با کیفیت عالی، بار امسالی و تازه(5کیلوگرم),,nan,2111400.0,5.0,,True,2025-08-10 16:33:39,2025-08-10 16:36:12
https://basalam.com/art_mehraa/product/15163451,گل بابونه با کیفیت عالی، بار امسالی و تازه(1کیلوگرم),,nan,3455800.0,1.0,,True,2025-08-10 16:33:42,2025-08-10 16:35:36
https://basalam.com/art_mehraa/product/15162785,گل گاو زبان با کیفیت عالی، بار امسالی و تازه(500گرمی ),,nan,nan,,,True,2025-08-10 16:33:45,2025-08-10 16:36:24
https://basalam.com/art_mehraa/product/15163331,ریشه چوبک با کیفیت عالی، بار امسالی و تازه(1کیلوگرم),,nan,474700.0,1.0,,True,2025-08-10 16:33:48,2025-08-10 16:36:48
https://basalam.com/art_mehraa/product/15163494,گیاه شاهتره با کیفیت عالی، بار امسالی و تازه(2کیلوگرم),,nan,363600.0,2.0,,True,2025-08-10 16:33:51,2025-08-10 16:35:51
https://basalam.com/golkade_goleyakh/product/8423478,کود هیومیک اسید پودری 100 گرمی آمریکایی با حلالیت بالا (هزینه ارسال پسکرایه),,nan,nan,,,True,2025-08-10 16:33:54,2025-08-10 16:48:36
https://basalam.com/mazrahestore/product/16908236,کود پتاس 50 درصد آریا شیمی 1 لیتری,,nan,425000.0,1.0,,True,2025-08-10 16:33:57,2025-08-10 16:48:39
https://basalam.com/novinkeshtsepahan/product/5651010,کود چالکود گرانول فرموکمپلکس دورال برند فرمولایف کیسه 25 کیلویی (پس کرایه),,nan,132000.0,25.0,,True,2025-08-10 16:33:59,2025-08-10 16:47:49
https://basalam.com/novinkeshtsepahan/product/6000200,کود سولفات پتاسیم 0 0 52 44 (پودری)فرمولایف 10 کیلوگرم,,nan,248000.0,10.0,,True,2025-08-10 16:34:02,2025-08-10 16:47:52
https://basalam.com/mangrow/product/25154815,کود مستر 20-20-20 والگرو – تغذیه کامل گیاهان با تعادل عناصر ضروری,,nan,nan,,,True,2025-08-10 16:34:05,2025-08-10 16:39:18
https://basalam.com/bilchehsabz/product/21015171,کود جبرلین,,nan,nan,,,True,2025-08-10 16:34:08,2025-08-10 16:37:18
https://basalam.com/palladum/product/19810570,کود NPK دوازده دوازده سی و شش 12-12-36 پتاس بالا متد اسپانیایی پالادیوم 10 کیلویی,,nan,180000.0,10.0,,True,2025-08-10 16:34:11,2025-08-10 16:39:24
https://basalam.com/epic_agricultural_complex/product/16983801,کود کلات مونو پتاسیم فسفات فلیکسیر آلمان,,nan,nan,,,True,2025-08-10 16:34:14,2025-08-10 16:34:14
https://basalam.com/mangrow/product/25155260,کود فسفر-پتاسیم PHOSPHO-POTASH 0-33-42,,nan,nan,,,True,2025-08-10 16:34:17,2025-08-10 16:39:15
https://basalam.com/tirafel/product/15338701,کود مایع کالیوم پلاس لبوسل,,nan,nan,,,True,2025-08-10 16:34:20,2025-08-10 16:37:00
https://basalam.com/rooyesh-yar/product/20074706,کود کامل NPK (12-12-36) (13 عنصره) 10 کیلویی ، مناسب گل دهی و باردهی,,nan,230000.0,10.0,,True,2025-08-10 16:34:23,2025-08-10 16:38:26
https://basalam.com/tirafel/product/16384129,کود مایع فیتوناتورا پیانتا نیترو 1 لیتری,,nan,528000.0,1.0,,True,2025-08-10 16:34:26,2025-08-10 16:37:27
https://basalam.com/tirafel/product/16728456,کود فولر تریدکورپ اسپانیا 1 لیتری,,nan,1097800.0,1.0,,True,2025-08-10 16:34:29,2025-08-10 16:37:30
https://basalam.com/tirafel/product/17742619,کود مایع فسفیت روی منگز هکس پی زد ام 1 لیتری,,nan,858000.0,1.0,,True,2025-08-10 16:34:32,2025-08-10 16:38:49
https://basalam.com/keshavarzstore1384/product/5653731,کود فسفر ریشه زا 105210 ویسپو زرین کود مخصوص گلدان و گیاهان خانگی,,nan,nan,,,True,2025-08-10 16:34:35,2025-08-10 16:34:35
https://basalam.com/keshavarzstore1384/product/9381213,سم ساس پک مخصوص از بین برنده انواع ساس و کنه خانگی همراه با دستورالعمل استفاده,,nan,nan,,,True,2025-08-10 16:34:37,2025-08-10 16:34:37
https://basalam.com/keshavarzstore1384/product/14274418,آیکون 50 سم قوی انواع حشرات عقرب و سوسک و مورچه,,nan,nan,,,True,2025-08-10 16:34:40,2025-08-10 16:34:40
https://basalam.com/keshavarzstore1384/product/5654138,هیومیک اسید 70 درصد ورانو زرین کود مخصوص گلدان و گیاهان آپارتمانی و خانگی,,nan,nan,,,True,2025-08-10 16:34:43,2025-08-10 16:34:43
https://basalam.com/keshavarzstore1384/product/8756105,آیکون 35 سم سوسک قوی و انواع حشرات خانگی,,nan,nan,,,True,2025-08-10 16:34:46,2025-08-10 16:34:46
https://basalam.com/aqua_online/product/11509845,محلول کود گیاهان آبزی قرمز رنگ p2 اوشن فری 120g (ساخت سنگاپور),,nan,nan,,,True,2025-08-10 16:34:49,2025-08-10 16:39:27
https://basalam.com/aqua_online/product/18632281,کود مایع کامل گیاهان آبزی ترایو پلاس نایلوگ 500 میلی (مخصوص تانک گیاهی حرفه ای),,nan,nan,,,True,2025-08-10 16:34:52,2025-08-10 16:39:30
https://basalam.com/yekta_novin/product/5277750,کود کامل سه بیست کد 20-20-20 NPK وزن 150 گرم,,nan,nan,,,True,2025-08-10 16:34:55,2025-08-10 16:39:33
https://basalam.com/dehkadesabz-com/product/24088678,کود پریونت فروت ست (اکوافارما),,nan,nan,,,True,2025-08-10 16:34:57,2025-08-10 16:39:36
https://basalam.com/dehkadesabz-com/product/24088754,کود مایع ازته,,nan,nan,,,True,2025-08-10 16:35:00,2025-08-10 16:39:39
https://basalam.com/tirafel/product/15333219,کود نیتروژنی نورگ ان نواگرو,,nan,nan,,,True,2025-08-10 16:37:03,2025-08-10 16:37:03
https://basalam.com/toranj_fertiliser_pesticide/product/15617778,کود زیستی مایکوریزا مدل مایکوروت حجم یک کیلوگرم (بصورت فله),,nan,nan,,,True,2025-08-10 16:37:06,2025-08-10 16:37:06
https://basalam.com/tirafel/product/15338704,کود مایع مرغی کال 20 لیتری (پس کرایه),,nan,258500.0,20.0,,True,2025-08-10 16:37:09,2025-08-10 16:37:09
https://basalam.com/tirafel/product/15339433,کود جلبک کانون اگری کم ترکیه 1 لیتری,,nan,753500.0,1.0,,True,2025-08-10 16:37:12,2025-08-10 16:37:12
https://basalam.com/tirafel/product/15336990,کود شیفت (ریزمغذی) یک لیتری,,nan,nan,,,True,2025-08-10 16:37:15,2025-08-10 16:37:15
https://basalam.com/derak_sam/product/5008647,سم موش طعمه اماده مصرف موش 100 گرمی مناسب برای انواع موش,,nan,nan,,,True,2025-08-10 16:37:21,2025-08-10 16:41:58
https://basalam.com/derak_sam/product/5888863,سم مخصوص سوسک ریز آلمانی گرین لیف اصلی بسته 10 عددی,,nan,nan,,,True,2025-08-10 16:37:24,2025-08-10 16:42:01
https://basalam.com/igool/product/11149944,دراسنا کامپکت آناناسی گیاه آپارتمانی مقاوم و زیبا سایز بزرگ,,nan,nan,,,True,2025-08-10 16:37:33,2025-08-10 16:37:33
https://basalam.com/igool/product/18554458,همالومنا گیاه آپارتمانی مقاوم و کمیاب با گلدان پلیمر,,nan,nan,,,True,2025-08-10 16:37:38,2025-08-10 16:37:38
https://basalam.com/igool/product/3058057,فیکوس بلک الستیکا گیاه آپارتمانی مقاوم و ماندگار با ارتفاع 70 سانتی متر,,nan,nan,,,True,2025-08-10 16:37:41,2025-08-10 16:37:41
https://basalam.com/igool/product/4814161,فیکوس ببری گیاه جدید و خاص سایز کوچک,,nan,nan,,,True,2025-08-10 16:37:44,2025-08-10 16:37:44
https://basalam.com/igool/product/12939873,گیاه یاس معطر یاس امین الدوله سایز گلدان 14 با گلهای کرم و شیری رنگ,,nan,nan,,,True,2025-08-10 16:37:47,2025-08-10 16:37:47
https://basalam.com/igool/product/17315259,کود کامل آمی فلاور 125 میلی لیتر,,nan,nan,,,True,2025-08-10 16:37:50,2025-08-10 16:37:50
https://basalam.com/igool/product/5763426,کود مایع زاموفیلیا آمی فلاور سایز 125 میلی لیتر,,nan,nan,,,True,2025-08-10 16:37:52,2025-08-10 16:37:52
https://basalam.com/igool/product/3661754,پک 5 عددی گیاه پتوس سبز آویز بسیار با کیفیت و شاداب,,nan,nan,,,True,2025-08-10 16:37:55,2025-08-10 16:37:55
https://basalam.com/igool/product/17445697,بنسای جنیسینگ گیاه آپارتمانی مقاوم و ماندگار,,nan,nan,,,True,2025-08-10 16:37:58,2025-08-10 16:37:58
https://basalam.com/igool/product/3193757,پتوس مرمری گیاه آپارتمانی مقاوم و ماندگار سایز سطل بزرگ,,nan,nan,,,True,2025-08-10 16:38:01,2025-08-10 16:38:01
https://basalam.com/igool/product/5410515,پاچیرا بافت سایز بزرگ بسیار زیبا و با کیفیت با ارتفاع یک متر,,nan,nan,,,True,2025-08-10 16:38:04,2025-08-10 16:38:04
https://basalam.com/igool/product/5680535,بابا آدم تنه قرمز آلوکازیا گیاه آپارتمانی زیبا و با کیفیت,,nan,nan,,,True,2025-08-10 16:38:07,2025-08-10 16:38:07
https://basalam.com/igool/product/12940457,گیاه آگلونما سفید چند بوته و بسیار پر به همراه گلدان پلیمری نشکن و زیر گلدانی,,nan,nan,,,True,2025-08-10 16:38:11,2025-08-10 16:38:11
https://basalam.com/igool/product/10354456,کود تقویتی و محرک رشد(اسپری) تالین حاوی عناصر ماکرو و میکرو جهت محرک رشد و برگدهی و گلدهی گیاهان,,nan,nan,,,True,2025-08-10 16:38:14,2025-08-10 16:38:14
https://basalam.com/igool/product/6358100,درختچه فیکوس بنجامین ابلق بسیار پر و زیبا با ارتفاع حدود 110 سانتی متر,,nan,nan,,,True,2025-08-10 16:38:17,2025-08-10 16:38:17
https://basalam.com/igool/product/3661843,گیاه گندمی ابلق گیاه آپارتمانی مقاوم و ماندگار با کیفیت و زیبا,,nan,nan,,,True,2025-08-10 16:38:20,2025-08-10 16:38:20
https://basalam.com/igool/product/21787513,محبوبه شب گیاه گلدار مناسب باغچه و تراس با کیفیت,,nan,nan,,,True,2025-08-10 16:38:23,2025-08-10 16:38:23
https://basalam.com/igool/product/2733459,گیاه دیفن باخیا برگ پهن مقاوم و با نگهداری آسان,,nan,nan,,,True,2025-08-10 16:38:29,2025-08-10 16:38:29
https://basalam.com/igool/product/12685223,کود کلسیم تایمکس برطرف کننده ریزش برگ بدشکلی و پیچ خوردگی سوختگی نوک برگ و افزایش شاخه و برگ گیاه,,nan,nan,,,True,2025-08-10 16:38:32,2025-08-10 16:38:32
https://basalam.com/igool/product/1993425,آگلونما سفید برفی زیبا و با کیفیت,,nan,nan,,,True,2025-08-10 16:38:34,2025-08-10 16:38:34
https://basalam.com/igool/product/1885808,هویا کارنوزا گیسو مریم گیاه آپارتمانی مقاوم و زیبا,,nan,nan,,,True,2025-08-10 16:38:37,2025-08-10 16:38:37
https://basalam.com/igool/product/1997994,اسکاندیس سبز گیاه آپارتمانی مقاوم و با نگهداری آسان,,nan,nan,,,True,2025-08-10 16:38:40,2025-08-10 16:38:40
https://basalam.com/igool/product/8003130,کود سانسوریا آمی فلاور 125 میلی لیتر,,nan,nan,,,True,2025-08-10 16:38:43,2025-08-10 16:38:43
https://basalam.com/igool/product/5127850,کود مایع هورمون جیبرلین تایمکس ( 150 میلی لیتر ),,nan,nan,,,True,2025-08-10 16:38:46,2025-08-10 16:38:46
https://basalam.com/tirafel/product/19931212,کود کلات کلسیم اسید آمینه گرومور 1 کیلویی,,nan,1562000.0,1.0,,True,2025-08-10 16:38:52,2025-08-10 16:38:52
https://basalam.com/epic_agricultural_complex/product/10176318,کود سه بیست 202020جنوبگان,,nan,nan,,,True,2025-08-10 16:39:12,2025-08-10 16:39:12
https://basalam.com/gol-baan/product/21322977,کودهای فسفر بالا و پتاس بالا+ریز مغذی pnp زیگلر آلمان,,nan,nan,,,True,2025-08-10 16:39:21,2025-08-10 16:41:55
https://basalam.com/imensepehr/product/5130164,ژل و خمیر سوسک کش برسودا پلاس 25 گرمی بدون بو، بی خطر، موثر و تضمینی,,nan,nan,,,True,2025-08-10 16:39:42,2025-08-10 16:42:04
https://basalam.com/keshavarzmarket/product/23267845,کود سوپر پتاس حاصلخیز پودر 200 گرمی، تقویت گلدهی و میوه دهی، بدون کلر,,nan,nan,,,True,2025-08-10 16:40:35,2025-08-10 16:40:35
https://basalam.com/afife/product/8940932,کود 10-52-10 (مخصوص ریشه) 500 گرمی,,nan,nan,,,True,2025-08-10 16:40:37,2025-08-10 16:40:37
https://basalam.com/igool/product/3193948,اسکاندیس ابلق گیاه آپارتمانی رونده و زیبا,,nan,nan,,,True,2025-08-10 16:41:46,2025-08-10 16:48:48
https://basalam.com/chaharbaghagri/product/15802019,کود سه بیست (20 20 20) شرکت بازارگان کالا,,nan,nan,,,True,2025-08-10 16:41:49,2025-08-10 16:48:45
https://basalam.com/tetaco/product/7896721,کود پودری کشت کلزا تتاکو GROWFAST وزن 1 کیلوگرم,,nan,295000.0,1.0,,True,2025-08-10 16:42:13,2025-08-10 16:48:02
https://basalam.com/tetaco/product/7865855,کود NPK 15-5-30+TE تتاکو VIGOROUS وزن 1 کیلوگرم,,nan,218900.0,1.0,,True,2025-08-10 16:45:03,2025-08-10 16:45:03
https://basalam.com/tetaco/product/8142821,کود NPK 7-8-40+TE تتاکو TESSENGROW وزن 50 کیلوگرم,,nan,164000.0,50.0,,True,2025-08-10 16:45:06,2025-08-10 16:45:06
https://basalam.com/tetaco/product/14009551,کود مایع گیاهان زینتی واترپلاس VIGOROUS حجم 1 لیتر,,nan,110000.0,1.0,,True,2025-08-10 16:45:09,2025-08-10 16:45:09
https://basalam.com/tetaco/product/7620759,کود سولفات آهن تتاکو VIGOROUS وزن 10 کیلوگرم,,nan,75130.0,10.0,,True,2025-08-10 16:45:12,2025-08-10 16:45:12
https://basalam.com/tetaco/product/7850779,کود کشت حبوبات تتاکو VIGOROUS وزن 10 کیلوگرم,,nan,20350.0,10.0,,True,2025-08-10 16:45:15,2025-08-10 16:45:15
https://basalam.com/tetaco/product/8129415,کود درخت انار تتاکو TESSENGROW وزن 50 کیلوگرم,,nan,168000.0,50.0,,True,2025-08-10 16:45:18,2025-08-10 16:45:18
https://basalam.com/tetaco/product/7619872,کود سولفات روی تتاکو VIGOROUS وزن 10 کیلوگرم,,nan,237490.0,10.0,,True,2025-08-10 16:45:21,2025-08-10 16:45:21
https://basalam.com/tetaco/product/7725298,کود هیومیک و فولویک اسید مایع تتاکو GOLD حجم 5 لیتر,,nan,132000.0,5.0,,True,2025-08-10 16:45:24,2025-08-10 16:45:24
https://basalam.com/tetaco/product/7855852,کود NPK 10-5-30+TE تتاکو VIGOROUS وزن 10 کیلوگرم,,nan,207900.0,10.0,,True,2025-08-10 16:45:27,2025-08-10 16:45:27
https://basalam.com/tetaco/product/7868945,کود پودری اوره فسفات تتاکو GROWFAST وزن 1 کیلوگرم,,nan,328000.0,1.0,,True,2025-08-10 16:45:33,2025-08-10 16:45:33
https://basalam.com/tetaco/product/7866440,کود پودری NPK 18-18-18+TE تتاکو مدل GROWFAST وزن 1 کیلوگرم,,nan,291000.0,1.0,,True,2025-08-10 16:45:36,2025-08-10 16:45:36
https://basalam.com/keshavaezkala/product/24578790,سم حشره کش سایپرمترین 40 درصد امولسیون 0/5 لیتری کاوش,,nan,nan,,,True,2025-08-10 16:45:42,2025-08-10 16:45:42
https://basalam.com/keshavaezkala/product/24576950,سم حشره کش دلتامترین 2/5 درصد امولسیون 1 لیتری,,nan,450000.0,1.0,,True,2025-08-10 16:45:45,2025-08-10 16:45:45
https://basalam.com/keshavaezkala/product/24576828,سم حشره کش پروفنفوس 50 درصد امولسیون 1 لیتری,,nan,795000.0,1.0,,True,2025-08-10 16:45:48,2025-08-10 16:45:48
https://basalam.com/kolbegoldoon/product/18064005,کود میکرو پودری پروتکت نیچر,,nan,nan,,,True,2025-08-10 16:45:51,2025-08-10 16:45:51
https://basalam.com/keshavaezkala/product/24580769,سم حشره کش مالاتیون 57 درصد امولسیون 1 لیتری,,nan,685000.0,1.0,,True,2025-08-10 16:45:54,2025-08-10 16:45:54
https://basalam.com/allk1/product/21180250,کود فول مکس بمب یک لیتری اصل,,nan,nan,,,True,2025-08-10 16:46:41,2025-08-10 16:46:41
https://basalam.com/allk1/product/7434734,کود نانو، کود اسید هیومیک شوک 20 لیتری,,nan,105000.0,20.0,,True,2025-08-10 16:46:45,2025-08-10 16:46:45
https://basalam.com/allk1/product/11025380,کود پتاس بالا مایع بمب 1 لیتری,,nan,210000.0,1.0,,True,2025-08-10 16:46:48,2025-08-10 16:46:48
https://basalam.com/allk1/product/16041617,کود ده ایکس گلد (10x gold) شوک 1 لیتری,,nan,600000.0,1.0,,True,2025-08-10 16:46:51,2025-08-10 16:46:51
https://basalam.com/allk1/product/7435911,کود نانو، کود پتاس60 مایع شوک 5 لیتری,,nan,180000.0,5.0,,True,2025-08-10 16:46:54,2025-08-10 16:46:54
https://basalam.com/allk1/product/10923276,کود آمینو اسید بمب مایع 20 لیتری,,nan,87000.0,20.0,,True,2025-08-10 16:46:57,2025-08-10 16:46:57
https://basalam.com/allk1/product/21180182,کود نانو، کود مخصوص خیار شوک 20 لیتری اصل,,nan,133500.0,20.0,,True,2025-08-10 16:46:59,2025-08-10 16:46:59
https://basalam.com/allk1/product/21180190,کود مخصوص گوجه فرنگی مایع شوک 5 لیتری اصل,,nan,198000.0,5.0,,True,2025-08-10 16:47:02,2025-08-10 16:47:02
https://basalam.com/allk1/product/7436009,کود نانو، کود فروت ست شوک 20 لیتری,,nan,135000.0,20.0,,True,2025-08-10 16:47:05,2025-08-10 16:47:05
https://basalam.com/allk1/product/7435443,کود مایع، کود فسفیت پتاسیم شوک 1 لیتری,,nan,288000.0,1.0,,True,2025-08-10 16:47:08,2025-08-10 16:47:08
https://basalam.com/allk1/product/10922980,کود هیومیک اسید مایع بمب 20 لیتری(فول هیومیک),,nan,87000.0,20.0,,True,2025-08-10 16:47:11,2025-08-10 16:47:11
https://basalam.com/allk1/product/21180128,کود نانو، کود فروت ست شوک 20 لیتری اصل,,nan,135000.0,20.0,,True,2025-08-10 16:47:14,2025-08-10 16:47:14
https://basalam.com/allk1/product/21180169,کود نانو، کود جلبک دریایی شوک 20 لیتری اصل,,nan,141000.0,20.0,,True,2025-08-10 16:47:18,2025-08-10 16:47:18
https://basalam.com/allk1/product/16041491,کود ده ایکس گلد (10x gold) شوک 5 لیتری,,nan,432000.0,5.0,,True,2025-08-10 16:47:21,2025-08-10 16:47:21
https://basalam.com/allk1/product/16389411,کود مایع، کود مخصوص خیار شوک 5 لیتری,,nan,234000.0,5.0,,True,2025-08-10 16:47:24,2025-08-10 16:47:24
https://basalam.com/avandagro/product/18054943,کود و قارچ کش بیولوژیک تریکوهیوم سبز کاوشان 1 کیلوگرمی,,nan,699000.0,1.0,,True,2025-08-10 16:47:34,2025-08-10 16:47:34
https://basalam.com/avandagro/product/16404817,سم حشره کش آیکون (تیامتوکسام) 10 دبلیو جی آلمانی 40 گرمی,,nan,nan,,,True,2025-08-10 16:47:37,2025-08-10 16:47:37
https://basalam.com/golkhane.golestani/product/4060722,سانسوریا متالیکا هشت غلاف(ارسال باربری و هزینه ارسال بصورت پسکرایه با مشتری),,nan,nan,,,True,2025-08-10 16:47:40,2025-08-10 16:47:40
https://basalam.com/tirafel/product/18284532,کود بیو 20 امکس 1 لیتری,,nan,1540000.0,1.0,,True,2025-08-10 16:47:43,2025-08-10 17:10:50
https://basalam.com/tirafel/product/17742622,کود جلبک دریایی هکس وید مایع 1 لیتری,,nan,616000.0,1.0,,True,2025-08-10 16:47:46,2025-08-10 16:47:46
https://basalam.com/tirafel/product/17346233,کود سولفات منیزیم کراپسول وزن 25 کیلوگرم (پس کرایه),,nan,70400.0,25.0,,True,2025-08-10 16:48:05,2025-08-10 17:10:47
https://basalam.com/tetaco/product/7895080,کود پودری ذرت تتاکو GROWFAST وزن 1 کیلوگرم,,nan,295000.0,1.0,,True,2025-08-10 16:48:08,2025-08-10 16:48:08
https://basalam.com/tetaco/product/7896018,کود پودری یونجه تتاکو مدل GROWFAST وزن 1 کیلوگرم,,nan,290000.0,1.0,,True,2025-08-10 16:48:11,2025-08-10 16:48:11
https://basalam.com/tetaco/product/7895910,کود پودری حبوبات تتاکو GROWFAST وزن 1 کیلوگرم,,nan,290000.0,1.0,,True,2025-08-10 16:48:42,2025-08-10 16:48:42
https://basalam.com/tirafel/product/15341567,کود بیولوژیک فسفاته به رشد(یک لیتری),,nan,nan,,,True,2025-08-10 16:49:09,2025-08-10 16:49:09
https://basalam.com/mangrow/product/25193442,کود الکس زینک (ALEXZINK) سیکلوز – تقویت سیستم دفاعی گیاه,,nan,nan,,,True,2025-08-10 16:49:13,2025-08-10 16:49:13
https://basalam.com/ariyana_keshavarz/product/19172750,سم ساس کک کنه بدباگ یک لیتری,,nan,nan,,,True,2025-08-10 16:49:39,2025-08-10 16:49:39
https://basalam.com/ariyana_keshavarz/product/20734757,کود سه بیست یک کیلویی فوق العاده,,nan,nan,,,True,2025-08-10 16:49:42,2025-08-10 16:49:42
https://basalam.com/ariyana_keshavarz/product/21668334,سم قارچ کش سولفور یک لیتری فوق العاده,,nan,nan,,,True,2025-08-10 16:49:45,2025-08-10 16:49:45
https://basalam.com/alpinaflower/product/6694344,کود بنسای شفلرا,,nan,nan,,,True,2025-08-10 16:49:57,2025-08-10 17:06:07
https://basalam.com/baghban051/product/4691011,کود 32-12-12 تتاکو ده کیلویی زیگمافر هلند,,nan,nan,,,True,2025-08-10 16:51:23,2025-08-10 16:54:47
https://basalam.com/zarbargco/product/1601880,کود آهن یک لیتری فراگین با حداقل 25 گرم آهن کلات شده محصول مناسبی جهت رفع کمبود آهن در گیاهان,,nan,nan,,,True,2025-08-10 16:51:29,2025-08-10 16:54:15
https://basalam.com/zarbargco/product/2030894,کود ریشه زایی و محرک رشد مدل فرسلون حجم 1 لیتر,,nan,490000.0,1.0,,True,2025-08-10 16:51:32,2025-08-10 16:54:17
https://basalam.com/zarbargco/product/2367082,کود آهن پودری فراگین Fe22 حاوی 9 درصد آهن محلول و 12 درصد مواد ارگانیک وزن 1000 گرم,,nan,299000.0,1.0,,True,2025-08-10 16:51:35,2025-08-10 16:54:20
https://basalam.com/zarbargco/product/2367153,کود آهن پودری فراگین Fe22 حاوی 9 درصد آهن محلول و 12 درصد مواد ارگانیک وزن 500 گرم,,nan,nan,,,True,2025-08-10 16:51:38,2025-08-10 16:54:23
https://basalam.com/zarbargco/product/7572702,کود کامل تقویتی فسفر بالای ریشه زایی فراگین مدل 15-30-15 وزن 100 گرم,,nan,nan,,,True,2025-08-10 16:51:41,2025-08-10 16:54:44
https://basalam.com/zarbargco/product/4064884,کود پودری فروت ست سیسارون مدل FS وزن 1000 گرم,,nan,340000.0,1.0,,True,2025-08-10 16:51:44,2025-08-10 16:54:41
https://basalam.com/zarbargco/product/2197861,کود کامل مایع زربرگ حاوی عناصر ماکرو و میکرو (ازت، سولفات، پتاسیم و عناصر کم مصرف مانند آهن، روی، منگنز، منیزیم و ...),,nan,nan,,,True,2025-08-10 16:51:48,2025-08-10 16:54:26
https://basalam.com/zarbargco/product/2414354,کود روی یک لیتری مدل سیسارون,,nan,nan,,,True,2025-08-10 16:51:51,2025-08-10 16:54:29
https://basalam.com/zarbargco/product/7513535,کود کامل تقویتی پتاس بالای 36-12-12 مدل فراگین وزن 100 گرم,,nan,nan,,,True,2025-08-10 16:51:54,2025-08-10 16:54:32
https://basalam.com/zarbargco/product/3513188,کود هیومیک اسید و فالویک اسید مدل سیسارون حجم 5 لیتر,,nan,117000.0,5.0,,True,2025-08-10 16:51:57,2025-08-10 16:54:35
https://basalam.com/zarbargco/product/7513585,کود کامل تقویتی پتاس بالای 36-12-12 مدل فراگین وزن 500 گرم,,nan,nan,,,True,2025-08-10 16:52:00,2025-08-10 16:54:38
https://basalam.com/gool_kade_hoya/product/4548988,کود گرانول پوکون سایز بسته مناسب مصارف خانگی,,nan,nan,,,True,2025-08-10 16:52:03,2025-08-10 16:52:03
https://basalam.com/tirafel/product/15336913,کود فلورال روی سیفو ایتالیا 1 کیلویی,,nan,858000.0,1.0,,True,2025-08-10 16:52:06,2025-08-10 16:52:06
https://basalam.com/tetaco/product/7611254,کود کشت هویج تتاکو VIGOROUS وزن 1 کیلوگرم,,nan,225000.0,1.0,,True,2025-08-10 16:52:09,2025-08-10 16:52:09
https://basalam.com/tetaco/product/7854093,کود NPK 10-10-25-TE تتاکو VIGOROUS وزن 1 کیلوگرم,,nan,225000.0,1.0,,True,2025-08-10 16:52:12,2025-08-10 16:52:12
https://basalam.com/tetaco/product/7856040,کود NPK 18-5-18+TE تتاکو VIGOROUS وزن 1 کیلوگرم,,nan,225000.0,1.0,,True,2025-08-10 16:52:15,2025-08-10 16:52:15
https://basalam.com/tetaco/product/7886176,کود ضد تنش تتاکو VIGOROUS وزن 1 کیلوگرم,,nan,550000.0,1.0,,True,2025-08-10 16:52:18,2025-08-10 16:52:18
https://basalam.com/tetaco/product/2626237,کود نیترات پتاسیم تتاکو مناسب گلدان و باغچه وزن 120 گرم,,nan,nan,,,True,2025-08-10 16:52:21,2025-08-10 16:52:21
https://basalam.com/tetaco/product/243248,کود سولفات آهن تتاکو مناسب گلدان و باغجه وزن 120 گرم,,nan,nan,,,True,2025-08-10 16:52:24,2025-08-10 16:52:24
https://basalam.com/salarostadali/product/17715130,کود مایع مولتی پورپلکس گرومور آلمانی (پس کرایه، چاپار),,nan,nan,,,True,2025-08-10 16:52:27,2025-08-10 16:52:27
https://basalam.com/keshavarzmarket/product/21817216,کود 101010 200 گرمی حاصلخیز با فناوری XGREEN,,nan,nan,,,True,2025-08-10 16:52:30,2025-08-10 16:54:50
https://basalam.com/tirafel/product/17820083,کود مایع آلی سید تریتمنت نوتری تک 1 لیتری,,nan,605000.0,1.0,,True,2025-08-10 16:52:41,2025-08-10 16:52:41
https://basalam.com/nikobazrir/product/2252149,کود کامل سه بیست20 20 20 نیکوبذر,,nan,nan,,,True,2025-08-10 16:52:44,2025-08-10 16:52:44
https://basalam.com/abbasico94/product/21526888,سم کنه کش فن پیروکسی حشره کش,,nan,nan,,,True,2025-08-10 16:52:47,2025-08-10 16:52:47
https://basalam.com/abbasico94/product/19432245,کود جلبک دریایی Wave 2028,,nan,nan,,,True,2025-08-10 16:52:50,2025-08-10 16:52:50
https://basalam.com/abbasico94/product/19234669,کود پتاسیم 1236 توک,,nan,nan,,,True,2025-08-10 16:52:54,2025-08-10 16:52:54
https://basalam.com/tirafel/product/21811494,کود آهن بیوسترن 138 اف ای مانورت اسپانیا 1 کیلویی,,nan,814000.0,1.0,,True,2025-08-10 16:52:56,2025-08-10 17:10:54
https://basalam.com/flower_of_the_city/product/19629669,کود آلی نیتروژنه درجه یک بسته 20گرمی,,nan,nan,,,True,2025-08-10 16:52:59,2025-08-10 17:07:13
https://basalam.com/ariyana_keshavarz/product/20665046,سم حشره کش کلرپیریفوس دورسبان یک لیتری,,nan,nan,,,True,2025-08-10 16:53:02,2025-08-10 17:07:16
https://basalam.com/starmasho/product/10758518,پرلیت متوسط دانه انواع گل و گیاهان و حلزون طبی,,nan,nan,,,True,2025-08-10 16:54:59,2025-08-10 16:54:59
https://basalam.com/humicacid/product/5107243,کود جلبک دریایی شوک آمریکایی مایع 1 لیتری (پس کرایه),,nan,337200.0,1.0,,True,2025-08-10 16:56:23,2025-08-10 16:56:23
https://basalam.com/humicacid/product/5112828,کود مخصوص گلدهی خیار شوک آمریکایی یک لیتری (پس کرایه),,nan,nan,,,True,2025-08-10 16:56:29,2025-08-10 16:56:29
https://basalam.com/reyhan_giyah_products/product/20955460,گیاه گزنه با کیفیت عالی، بار امسالی و تازه(150گرمی ),,nan,nan,,,True,2025-08-10 17:02:39,2025-08-10 17:02:39
https://basalam.com/reyhan_giyah_products/product/20955021,گیاه زوفا با کیفیت عالی، بار امسالی و تازه(500گرمی ),,nan,nan,,,True,2025-08-10 17:02:42,2025-08-10 17:02:42
https://basalam.com/reyhan_giyah_products/product/20956083,ریشه شیرین بیان (بدون پوست) با کیفیت عالی بار امسالی و تازه(50گرمی ),,nan,nan,,,True,2025-08-10 17:02:45,2025-08-10 17:02:45
https://basalam.com/reyhan_giyah_products/product/20954262,گیاه زوفا ، بار امسالی و تازه(2کیلوگرم),,nan,811492.5,2.0,,True,2025-08-10 17:02:48,2025-08-10 17:02:48
https://basalam.com/reyhan_giyah_products/product/20955458,گیاه گزنه با کیفیت عالی، بار امسالی و تازه(200گرمی ),,nan,nan,,,True,2025-08-10 17:02:51,2025-08-10 17:02:51
https://basalam.com/reyhan_giyah_products/product/18269958,گیاه گل بنفشه پودرشده با کیفیت عالی، بار امسالی و تازه(50گرم),,nan,nan,,,True,2025-08-10 17:02:54,2025-08-10 17:02:54
https://basalam.com/reyhan_giyah_products/product/20955084,صمغ عربی با کیفیت عالی، بار امسالی و تازه(250گرمی ),,nan,nan,,,True,2025-08-10 17:02:57,2025-08-10 17:02:57
https://basalam.com/reyhan_giyah_products/product/20955170,گیاه نعناع دشتی با کیفیت عالی، بار امسالی و تازه(750گرمی ),,nan,nan,,,True,2025-08-10 17:02:59,2025-08-10 17:02:59
https://basalam.com/reyhan_giyah_products/product/20954608,پوست اسفرزه با کیفیت عالی، بار امسالی و تازه (1کیلوگرم),,nan,1520000.0,1.0,,True,2025-08-10 17:03:03,2025-08-10 17:03:03
https://basalam.com/reyhan_giyah_products/product/20955040,گیاه سداب بار امسالی و تازه(250گرمی ),,nan,nan,,,True,2025-08-10 17:03:05,2025-08-10 17:03:05
https://basalam.com/reyhan_giyah_products/product/20954428,ریشه خولنجان با کیفیت عالی، بار امسالی و تازه(2کیلوگرم),,nan,1331752.5,2.0,,True,2025-08-10 17:03:08,2025-08-10 17:03:08
https://basalam.com/reyhan_giyah_products/product/20954384,صمغ کندر با کیفیت عالی، بار امسالی و تازه(5کیلوگرم),,nan,596587.6,5.0,,True,2025-08-10 17:03:11,2025-08-10 17:03:11
https://basalam.com/reyhan_giyah_products/product/20955172,گیاه نعناع دشتی با کیفیت عالی، بار امسالی و تازه(500 گرمی),,nan,nan,,,True,2025-08-10 17:03:14,2025-08-10 17:03:14
https://basalam.com/reyhan_giyah_products/product/18269546,گیاه ترخون خشک با کیفیت عالی، بار امسالی و تازه(500گرمی ),,nan,nan,,,True,2025-08-10 17:03:17,2025-08-10 17:03:17
https://basalam.com/reyhan_giyah_products/product/20955434,گیاه مورد با کیفیت عالی، بار امسالی و تازه(150گرمی),,nan,nan,,,True,2025-08-10 17:03:20,2025-08-10 17:03:20
https://basalam.com/reyhan_giyah_products/product/18270084,گیاه اسپرولینا با کیفیت عالی، بار امسالی و تازه(100گرمی),,nan,nan,,,True,2025-08-10 17:03:23,2025-08-10 17:03:23
https://basalam.com/reyhan_giyah_products/product/18270209,گل بومادران با کیفیت عالی، بار امسالی و تازه(100گرمی),,nan,nan,,,True,2025-08-10 17:03:26,2025-08-10 17:03:26
https://basalam.com/reyhan_giyah_products/product/20955141,گیاه مرزه با کیفیت عالی، بار امسالی و تازه(500گرمی ),,nan,nan,,,True,2025-08-10 17:03:29,2025-08-10 17:03:29
https://basalam.com/reyhan_giyah_products/product/20955486,صمغ عربی با کیفیت عالی، بار امسالی و تازه(150گرمی),,nan,nan,,,True,2025-08-10 17:03:32,2025-08-10 17:03:32
https://basalam.com/reyhan_giyah_products/product/20955081,صمغ عربی با کیفیت عالی، بار امسالی و تازه(750گرمی),,nan,nan,,,True,2025-08-10 17:03:35,2025-08-10 17:03:35
https://basalam.com/reyhan_giyah_products/product/20955461,صمغ کندر با کیفیت عالی، بار امسالی و تازه(200گرمی),,nan,nan,,,True,2025-08-10 17:03:38,2025-08-10 17:03:38
https://basalam.com/reyhan_giyah_products/product/20955678,آلوئه ورا با کیفیت عالی، بار امسالی و تازه(150گرمی),,nan,nan,,,True,2025-08-10 17:03:41,2025-08-10 17:03:41
https://basalam.com/reyhan_giyah_products/product/18269127,برگ علف خرس با کیفیت عالی، بار امسالی و تازه(5کیلوگرم ),,nan,180960.0,5.0,,True,2025-08-10 17:03:44,2025-08-10 17:03:44
https://basalam.com/reyhan_giyah_products/product/20954933,گیاه خارخاسک، بار امسالی و تازه(250 گرمی),,nan,nan,,,True,2025-08-10 17:03:47,2025-08-10 17:03:47
https://basalam.com/reyhan_giyah_products/product/20955127,گل گاو زبان با کیفیت عالی، بار امسالی و تازه(500گرمی ),,nan,nan,,,True,2025-08-10 17:03:50,2025-08-10 17:03:50
https://basalam.com/reyhan_giyah_products/product/20956103,ریشه کاسنی با کیفیت عالی، بار امسالی و تازه(100گرمی ),,nan,nan,,,True,2025-08-10 17:03:53,2025-08-10 17:03:53
https://basalam.com/reyhan_giyah_products/product/18269853,گیاه پرسیاوشان پودرشده با کیفیت عالی، بار امسالی و تازه(500گرمی ),,nan,nan,,,True,2025-08-10 17:03:57,2025-08-10 17:03:57
https://basalam.com/reyhan_giyah_products/product/18269772,گیاه خارشتر پودر شده با کیفیت عالی، بار امسالی و تازه(50گرمی ),,nan,nan,,,True,2025-08-10 17:04:00,2025-08-10 17:04:00
https://basalam.com/reyhan_giyah_products/product/20955070,گیاه شاهتره با کیفیت عالی، بار امسالی و تازه(500گرمی ),,nan,nan,,,True,2025-08-10 17:04:03,2025-08-10 17:04:03
https://basalam.com/reyhan_giyah_products/product/20954228,گیاه مریم گلی با کیفیت عالی، بار امسالی و تازه(5کیلوگرم),,nan,357207.6,5.0,,True,2025-08-10 17:04:06,2025-08-10 17:04:06
https://basalam.com/reyhan_giyah_products/product/20954503,بولاغ اوتی با کیفیت عالی، بار امسالی و تازه(5کیلوگرم),,nan,373230.0,5.0,,True,2025-08-10 17:04:09,2025-08-10 17:04:09
https://basalam.com/reyhan_giyah_products/product/18269971,گیاه شب خسب (درخت ابریشم) با کیفیت عالی، بار امسالی و تازه(50گرم),,nan,nan,,,True,2025-08-10 17:04:12,2025-08-10 17:04:12
https://basalam.com/reyhan_giyah_products/product/20955143,گیاه مرزه با کیفیت عالی، بار امسالی و تازه(250گرمی ),,nan,nan,,,True,2025-08-10 17:04:15,2025-08-10 17:06:51
https://basalam.com/reyhan_giyah_products/product/20955422,گیاه نعناع فلفلی با کیفیت عالی، بار امسالی و تازه(200گرمی ),,nan,nan,,,True,2025-08-10 17:04:18,2025-08-10 17:06:38
https://basalam.com/reyhan_giyah_products/product/20954994,ریشه شیرین بیان با کیفیت عالی، بار امسالی و تازه(750گرمی),,nan,nan,,,True,2025-08-10 17:04:21,2025-08-10 17:06:41
https://basalam.com/reyhan_giyah_products/product/20955818,گیاه خارخاسک با کیفیت عالی، بار امسالی و تازه(100 گرمی ),,nan,nan,,,True,2025-08-10 17:04:25,2025-08-10 17:06:44
https://basalam.com/reyhan_giyah_products/product/20954268,گیاه دم اسب با کیفیت عالی، بار امسالی و تازه(2کیلوگرم),,nan,377943.0,2.0,,True,2025-08-10 17:04:28,2025-08-10 17:07:00
https://basalam.com/reyhan_giyah_products/product/18269739,گیاه درمنه ترکی با کیفیت عالی، بار امسالی و تازه(50گرمی ),,nan,nan,,,True,2025-08-10 17:04:31,2025-08-10 17:04:31
https://basalam.com/reyhan_giyah_products/product/20954261,گیاه زوفا با کیفیت عالی، بار امسالی و تازه(5کیلوگرم),,nan,811492.6,5.0,,True,2025-08-10 17:04:34,2025-08-10 17:04:34
https://basalam.com/reyhan_giyah_products/product/20955496,گیاه شاهتره با کیفیت عالی، بار امسالی و تازه(150گرمی),,nan,nan,,,True,2025-08-10 17:04:37,2025-08-10 17:04:37
https://basalam.com/simazaar/product/17684248,گیاه سنا هندی با کیفیت عالی، بار امسالی و تازه(250گرمی),,nan,nan,,,True,2025-08-10 17:04:52,2025-08-10 17:08:05
https://basalam.com/simazaar/product/9878994,گیاه سدر با کیفیت عالی، بار امسالی و تازه(100گرمی),,nan,nan,,,True,2025-08-10 17:04:55,2025-08-10 17:08:08
https://basalam.com/simazaar/product/10030303,گیاه تره با کیفیت عالی، بار امسالی و تازه(150گرمی ),,nan,nan,,,True,2025-08-10 17:04:59,2025-08-10 17:08:11
https://basalam.com/simazaar/product/17532893,برگ توت پودرشده، با کیفیت عالی، بار امسالی و تازه(250گرمی),,nan,nan,,,True,2025-08-10 17:05:02,2025-08-10 17:08:14
https://basalam.com/simazaar/product/9878804,برگ سنا، بار امسالی و تازه(100گرمی),,nan,nan,,,True,2025-08-10 17:05:05,2025-08-10 17:09:12
https://basalam.com/simazaar/product/10062336,گیاه تره با کیفیت عالی، بار امسالی و تازه(500 گرمی),,nan,nan,,,True,2025-08-10 17:05:08,2025-08-10 17:09:15
https://basalam.com/simazaar/product/10247391,آشواگاندا با کیفیت عالی، بار امسالی و تازه(2کیلوگرم),,nan,2073500.0,2.0,,True,2025-08-10 17:05:11,2025-08-10 17:09:18
https://basalam.com/hyde-store/product/23816721,گیاه مرزنجوش با کیفیت عالی، بار امسالی و تازه(2کیلوگرم ),,nan,317811.0,2.0,,True,2025-08-10 17:05:14,2025-08-10 17:08:18
https://basalam.com/hyde-store/product/23816859,گیاه خار،شتر، با کیفیت عالی، بار امسالی و تازه(2کیلوگرم ),,nan,149858.0,2.0,,True,2025-08-10 17:05:17,2025-08-10 17:08:21
https://basalam.com/hyde-store/product/23816916,گیاه بهار مرکبات با کیفیت عالی، بار امسالی و تازه(100گرمی ),,nan,nan,,,True,2025-08-10 17:05:20,2025-08-10 17:08:24
https://basalam.com/hyde-store/product/23816919,گیاه بهار مرکبات پودر شده با کیفیت عالی، بار امسالی و تازه(50گرمی ),,nan,nan,,,True,2025-08-10 17:05:23,2025-08-10 17:08:27
https://basalam.com/hyde-store/product/23817064,گیاه گل بنفشه پودرشده با کیفیت عالی، بار امسالی و تازه(50گرم),,nan,nan,,,True,2025-08-10 17:05:26,2025-08-10 17:08:30
https://basalam.com/hyde-store/product/23817275,گیاه عشقه با کیفیت عالی، بار امسالی و تازه(500گرمی),,nan,nan,,,True,2025-08-10 17:05:29,2025-08-10 17:08:33
https://basalam.com/hyde-store/product/23817310,گیاه دم گیلاس با کیفیت عالی، بار امسالی و تازه(500گرمی),,nan,nan,,,True,2025-08-10 17:05:32,2025-08-10 17:08:37
https://basalam.com/hyde-store/product/23816389,گیاه سنا هندی با کیفیت عالی، بار امسالی و تازه(100گرمی),,nan,nan,,,True,2025-08-10 17:05:36,2025-08-10 17:08:40
https://basalam.com/hyde-store/product/23817087,گیاه شب خسب (درخت ابریشم) با کیفیت عالی، بار امسالی و تازه(5کیلوگرم),,nan,1082933.0,5.0,,True,2025-08-10 17:05:39,2025-08-10 17:08:43
https://basalam.com/hyde-store/product/23816627,گیاه ترخون خشک پودر شده، بار امسالی و تازه(500گرمی ),,nan,nan,,,True,2025-08-10 17:05:42,2025-08-10 17:08:46
https://basalam.com/hyde-store/product/23816954,گیاه پرسیاوشان پودرشده، بار امسالی و تازه(250گرمی ),,nan,nan,,,True,2025-08-10 17:05:45,2025-08-10 17:08:50
https://basalam.com/hyde-store/product/23817318,گیاه دم گیلاس، بار امسالی و تازه(50گرمی),,nan,nan,,,True,2025-08-10 17:05:48,2025-08-10 17:08:53
https://basalam.com/hyde-store/product/23817054,گیاه گل بنفشه با کیفیت عالی، بار امسالی و تازه(2کیلوگرم),,nan,5250668.0,2.0,,True,2025-08-10 17:05:51,2025-08-10 17:08:56
https://basalam.com/hyde-store/product/23817068,گیاه شب خسب (درخت ابریشم)پودر شده با کیفیت عالی، بار امسالی و تازه(500گرم),,nan,nan,,,True,2025-08-10 17:05:54,2025-08-10 17:09:00
https://basalam.com/hyde-store/product/23817368,ریشه شیرین بیان (بدون پوست) با کیفیت عالی، بار امسالی و تازه (500 گرمی ),,nan,nan,,,True,2025-08-10 17:05:57,2025-08-10 17:09:03
https://basalam.com/hyde-store/product/23816760,گل یاس کبود پودر شده با کیفیت عالی، بار امسالی و تازه(100گرمی ),,nan,nan,,,True,2025-08-10 17:06:01,2025-08-10 17:09:06
https://basalam.com/hyde-store/product/23817307,گیاه دم گیلاس پودر شده با کیفیت عالی، بار امسالی و تازه(500گرمی),,nan,nan,,,True,2025-08-10 17:06:04,2025-08-10 17:09:09
https://basalam.com/alpinaflower/product/6421929,کود مخصوص پتوس حصیری (100 گرم),,nan,nan,,,True,2025-08-10 17:06:09,2025-08-10 17:06:09
https://basalam.com/delvin.shop/product/19329635,سم کک کش کلین آپ بدون بو ارسال رایگان,,nan,nan,,,True,2025-08-10 17:07:07,2025-08-10 17:07:07
https://basalam.com/delvin.shop/product/19329702,سم کک فلازتینگ مانگ بدون بو ارسال رایگان,,nan,nan,,,True,2025-08-10 17:07:10,2025-08-10 17:07:10
https://basalam.com/simazaar/product/8370328,گل ساعتی با کیفیت عالی و ممتاز,,nan,nan,,,True,2025-08-10 17:07:37,2025-08-10 17:07:37
https://basalam.com/hoda_home/product/22161810,کمپوست کود کبوتر 250گرم,,nan,nan,,,True,2025-08-10 17:07:40,2025-08-10 17:07:40
https://basalam.com/humicacid/product/5120932,کود گلدهی شوک اصل آمریکایی مایع یک لیتری (12.12.36) افزایش گلدهی (پس کرایه),,nan,nan,,,True,2025-08-10 17:07:43,2025-08-10 17:07:43
https://basalam.com/toranj_fertiliser_pesticide/product/6402801,کود کامل جنوبگان همراه با آمینو و فولویک اسید و عصاره جلبک حجم نیم لیتر,,nan,nan,,,True,2025-08-10 17:07:46,2025-08-10 17:07:46
https://basalam.com/simazaar/product/10013785,گیاه گزنه با کیفیت عالی، بار امسالی و تازه(200گرمی ),,nan,nan,,,True,2025-08-10 17:07:49,2025-08-10 17:07:49
https://basalam.com/simazaar/product/10014355,گیاه مریم گلی با کیفیت عالی، بار امسالی و تازه(150گرمی),,nan,nan,,,True,2025-08-10 17:07:52,2025-08-10 17:07:52
https://basalam.com/simazaar/product/10115017,گیاه چای ترش با کیفیت عالی، بار امسالی و تازه(750 گرمی ),,nan,nan,,,True,2025-08-10 17:07:55,2025-08-10 17:07:55
https://basalam.com/simazaar/product/10359864,گیاه زوفا ، بار امسالی و تازه(2کیلوگرم),,nan,811493.0,2.0,,True,2025-08-10 17:07:58,2025-08-10 17:07:58
https://basalam.com/simazaar/product/9834421,ریشه آنغوزه با کیفیت عالی، بار امسالی و تازه(50گرمی ),,nan,nan,,,True,2025-08-10 17:09:21,2025-08-10 17:09:21
https://basalam.com/simazaar/product/9855368,گیاه مرزه با کیفیت عالی، بار امسالی و تازه(100گرمی),,nan,nan,,,True,2025-08-10 17:09:24,2025-08-10 17:09:24
https://basalam.com/simazaar/product/10091326,گیاه سداب با کیفیت عالی، بار امسالی و تازه(750گرمی),,nan,nan,,,True,2025-08-10 17:09:27,2025-08-10 17:09:27
https://basalam.com/simazaar/product/10091571,گیاه زوفا با کیفیت عالی، بار امسالی و تازه(750گرمی),,nan,nan,,,True,2025-08-10 17:09:30,2025-08-10 17:09:30
https://basalam.com/simazaar/product/10352345,گیاه چای ترش با کیفیت عالی بار امسالی و تازه(2کیلوگرم),,nan,3569280.0,2.0,,True,2025-08-10 17:09:33,2025-08-10 17:09:33
https://basalam.com/simazaar/product/10353237,گیاه رازک با کیفیت عالی، بار امسالی و تازه(2کیلوگرم),,nan,1762475.0,2.0,,True,2025-08-10 17:09:36,2025-08-10 17:09:36
https://basalam.com/simazaar/product/17684288,گیاه سنا هندی با کیفیت عالی، بار امسالی و تازه(2کیلوگرم),,nan,248820.0,2.0,,True,2025-08-10 17:09:39,2025-08-10 17:09:39
https://basalam.com/simazaar/product/9861523,گیاه شاهتره با کیفیت عالی، بار امسالی و تازه(100گرمی),,nan,nan,,,True,2025-08-10 17:09:42,2025-08-10 17:09:42
https://basalam.com/simazaar/product/10008340,گل سر خارگل، بار امسالی و تازه(200گرمی),,nan,nan,,,True,2025-08-10 17:09:48,2025-08-10 17:09:48
https://basalam.com/simazaar/product/10250467,اگیر، ترکی بار امسالی و تازه (1کیلوگرم),,nan,1093300.0,1.0,,True,2025-08-10 17:09:51,2025-08-10 17:09:51
https://basalam.com/simazaar/product/10360228,گیاه کاسنی با کیفیت عالی، بار امسالی و تازه(1کیلوگرم),,nan,196983.0,1.0,,True,2025-08-10 17:09:56,2025-08-10 17:09:56
https://basalam.com/simazaar/product/21706522,گیاه ریش بز (هوم) خشک با کیفیت عالی، بار امسالی و تازه(50گرمی),,nan,nan,,,True,2025-08-10 17:09:59,2025-08-10 17:09:59
https://basalam.com/simazaar/product/10008320,گیاه سداب با کیفیت عالی، بار امسالی و تازه(150گرمی),,nan,nan,,,True,2025-08-10 17:10:02,2025-08-10 17:10:02
https://basalam.com/simazaar/product/9878976,گیاه سدر با کیفیت عالی، بار امسالی و تازه(50گرمی),,nan,nan,,,True,2025-08-10 17:10:05,2025-08-10 17:10:05
https://basalam.com/simazaar/product/10063401,گیاه نعناع دشتی با کیفیت عالی، بار امسالی و تازه(500 گرمی),,nan,nan,,,True,2025-08-10 17:10:09,2025-08-10 17:10:09
https://basalam.com/simazaar/product/10119610,بهار مرکبات با کیفیت عالی، بار امسالی و تازه(500گرمی),,nan,nan,,,True,2025-08-10 17:10:12,2025-08-10 17:10:12
https://basalam.com/simazaar/product/9855345,گیاه مورد با کیفیت عالی، بار امسالی و تازه(50گرمی),,nan,nan,,,True,2025-08-10 17:10:15,2025-08-10 17:10:15
https://basalam.com/simazaar/product/10008408,گیاه شاهتره با کیفیت عالی، بار امسالی و تازه(200گرمی),,nan,nan,,,True,2025-08-10 17:10:18,2025-08-10 17:10:18
https://basalam.com/simazaar/product/10106667,گیاه رازک با کیفیت عالی، بار امسالی و تازه(250گرمی ),,nan,nan,,,True,2025-08-10 17:10:22,2025-08-10 17:10:22
https://basalam.com/simazaar/product/10360428,گیاه گزنه با کیفیت عالی، بار امسالی و تازه(2کیلوگرم),,nan,259188.0,2.0,,True,2025-08-10 17:10:25,2025-08-10 17:10:25
https://basalam.com/kudmod1/product/15546452,کود 10x شوک نانو 1 لیتری,,nan,395000.0,1.0,,True,2025-08-10 17:10:28,2025-08-10 17:10:28
https://basalam.com/ir_plant/product/17057351,کود کامل 12-12-36 زیگلر آلمان ( 50گرم کود خالص) تست شده و تاثیرگذار,,nan,nan,,,True,2025-08-10 17:10:32,2025-08-10 17:10:32
https://basalam.com/tirafel/product/15341519,کود نیترات کلسیم ریکو کن اسپانیایی 10 کیلویی,,nan,159500.0,10.0,,True,2025-08-10 17:10:57,2025-08-10 17:10:57
https://basalam.com/ghasemzade_agri/product/7699126,سم ژل سوسک برسودا,,nan,nan,,,True,2025-08-10 17:11:00,2025-08-10 17:11:00
https://basalam.com/kudmod1/product/19756663,کود فسفر 77-21 شوک پلاس 5 لیتری اصل,,nan,380000.0,5.0,,True,2025-08-10 17:11:03,2025-08-10 17:11:03
https://basalam.com/kudmod1/product/15778109,کود مخصوص گلدهی خیار 5 لیتری اورجینال,,nan,300000.0,5.0,,True,2025-08-10 17:11:06,2025-08-10 17:12:30
https://basalam.com/kudmod1/product/19756338,کود ده ایکس شوک پلاس 5 لیتری اصل,,nan,510000.0,5.0,,True,2025-08-10 17:11:09,2025-08-10 17:12:33
https://basalam.com/kudmod1/product/19756806,کود نیتروژن شوک پلاس 5 لیتری امریکایی,,nan,340000.0,5.0,,True,2025-08-10 17:11:12,2025-08-10 17:12:36
https://basalam.com/kudmod1/product/15797336,کود زینک شوک 1 لیتری,,nan,350000.0,1.0,,True,2025-08-10 17:11:15,2025-08-10 17:12:39
https://basalam.com/kudmod1/product/15797349,کود زینک شوک 5 لیتری,,nan,280000.0,5.0,,True,2025-08-10 17:11:18,2025-08-10 17:12:41
https://basalam.com/kudmod1/product/19756329,کود امینو اسید 99درصد شوک پلاس 20 لیتری,,nan,175000.0,20.0,,True,2025-08-10 17:11:21,2025-08-10 17:12:44
https://basalam.com/kudmod1/product/19756750,کود فولویک اسید شوک پلاس 5 لیتری نانو,,nan,290000.0,5.0,,True,2025-08-10 17:11:24,2025-08-10 17:12:47
https://basalam.com/kudmod1/product/19756718,کود فروت ست شوک پلاس 20 لیتری اصل,,nan,175000.0,20.0,,True,2025-08-10 17:11:28,2025-08-10 17:12:50
https://basalam.com/kudmod1/product/19756337,کود کامل 10x شوک پلاس 20 لیتری نانو,,nan,325000.0,20.0,,True,2025-08-10 17:11:31,2025-08-10 17:12:53
https://basalam.com/kudmod1/product/19756345,کود هیومیک اسید 99درصد شوک پلاس یک لیتری,,nan,nan,,,True,2025-08-10 17:11:34,2025-08-10 17:12:56
https://basalam.com/kudmod1/product/19756794,کود مولتی کمپلکس شوک پلاس 5 لیتری اصل,,nan,360000.0,5.0,,True,2025-08-10 17:11:37,2025-08-10 17:13:00
https://basalam.com/kudmod1/product/19756738,کود آهن 99درصد شوک پلاس 1 لیتری نانو,,nan,450000.0,1.0,,True,2025-08-10 17:11:41,2025-08-10 17:13:03
https://basalam.com/kudmod1/product/19756330,کود امینو اسید شوک پلاس 5 لیتری امریکایی,,nan,330000.0,5.0,,True,2025-08-10 17:11:44,2025-08-10 17:13:06
https://basalam.com/kudmod1/product/19756714,کود ریشه زایی 77-21 فسفر شوک پلاس,,nan,nan,,,True,2025-08-10 17:11:47,2025-08-10 17:13:09
https://basalam.com/kudmod1/product/15778779,کود مخصوص گوجه فرنگی 5 لیتری مایع,,nan,260000.0,5.0,,True,2025-08-10 17:11:51,2025-08-10 17:13:12
https://basalam.com/kudmod1/product/15778726,کود مخصوص گوجه فرنگی 1 لیتری مایع,,nan,320000.0,1.0,,True,2025-08-10 17:11:54,2025-08-10 17:13:15
https://basalam.com/kudmod1/product/19756277,کود فسفر بالا 99درصد شوک پلاس 5 لیتری,,nan,500000.0,5.0,,True,2025-08-10 17:11:57,2025-08-10 17:13:18
https://basalam.com/kudmod1/product/19756771,کود پتاس 99درصد شوک پلاس یک لیتری اصلی,,nan,nan,,,True,2025-08-10 17:12:00,2025-08-10 17:13:21
https://basalam.com/kudmod1/product/15794766,کود گلدهی 36-12-12 شوک 5 لیتری npk,,nan,290000.0,5.0,,True,2025-08-10 17:12:03,2025-08-10 17:13:24
https://basalam.com/reihani_72/product/9373996,کود جلبک دریایی شوک نانو آمریکایی 5 لیتری,,nan,360000.0,5.0,,True,2025-08-10 17:12:06,2025-08-10 17:12:06
https://basalam.com/reihani_72/product/9373942,کود جلبک دریایی شوک آمریکایی اصل 20 لیتری,,nan,235000.0,20.0,,True,2025-08-10 17:12:09,2025-08-10 17:12:09
https://basalam.com/beyhagh-organic-products/product/14530378,صمغ مرمکی با کیفیت عالی، بار امسالی و تازه(100گرمی),,nan,nan,,,True,2025-08-10 17:12:12,2025-08-10 17:12:12
https://basalam.com/beyhagh-organic-products/product/14530514,ریشه سنبل الطیب با کیفیت عالی، بار امسالی و تازه(100گرمی),,nan,nan,,,True,2025-08-10 17:12:15,2025-08-10 17:12:15
https://basalam.com/beyhagh-organic-products/product/14530502,صمغ عربی با کیفیت عالی، بار امسالی و تازه(100گرمی),,nan,nan,,,True,2025-08-10 17:12:18,2025-08-10 17:12:18
https://basalam.com/beyhagh-organic-products/product/14530889,صمغ کتیرا با کیفیت عالی، بار امسالی و تازه(150گرمی),,nan,nan,,,True,2025-08-10 17:12:21,2025-08-10 17:12:21
https://basalam.com/beyhagh-organic-products/product/14531352,صمغ ترنجبین با کیفیت عالی، بار امسالی و تازه(250 گرمی),,nan,nan,,,True,2025-08-10 17:12:25,2025-08-10 17:12:25
https://basalam.com/dhhb/product/21721610,آفت کش سم کنفیدور نیم لیتری (35 درصدی),,nan,nan,,,True,2025-08-10 17:13:27,2025-08-10 17:13:27
https://basalam.com/agropishro/product/19481767,کود میکرو استیم سیف وارداتی از اسپانیاتولید2024,,nan,nan,,,True,2025-08-10 17:13:30,2025-08-10 17:13:30
https://basalam.com/agropishro/product/20371793,کود بیوفیلد ارگان BIOFIELD ORGAN,,nan,nan,,,True,2025-08-10 17:13:33,2025-08-10 17:13:33
https://basalam.com/have-health-plant-whit-tooba/product/14204008,کود مخصوص بنفشه آفریقایی پروتکت نیچر125میلی لیتر,,nan,nan,,,True,2025-08-10 17:13:36,2025-08-10 17:13:36
https://basalam.com/have-health-plant-whit-tooba/product/14195604,کود سه بیست اپکس اسپانیا پر هام 10 کیلویی,,nan,220000.0,10.0,,True,2025-08-10 17:13:39,2025-08-10 17:13:39
https://basalam.com/have-health-plant-whit-tooba/product/15531106,کود جلبک دریایی ویتا ایکس گرین یک لیتری,,nan,nan,,,True,2025-08-10 17:13:42,2025-08-10 17:13:42
https://basalam.com/have-health-plant-whit-tooba/product/14195378,کود سه بیست اگرو پلنت10کیلویی,,nan,165000.0,10.0,,True,2025-08-10 17:13:45,2025-08-10 17:13:45
https://basalam.com/khadamat_keshavarzi_gasemi/product/21497792,کود کلسیم نیترات بنیفر,,nan,nan,,,True,2025-08-10 17:13:48,2025-08-10 17:13:48
https://basalam.com/khadamat_keshavarzi_gasemi/product/18850404,کود ضد شوری پرک سویل اگریکم ترکیه,,nan,nan,,,True,2025-08-10 17:13:51,2025-08-10 17:13:51
https://basalam.com/khadamat_keshavarzi_gasemi/product/21654293,کود سه بیست 20 2020 کوالی فرت ترکیه,,nan,nan,,,True,2025-08-10 17:13:54,2025-08-10 17:13:54
https://basalam.com/exiregol/product/21773938,کود ارگانیک گل های آپارتمانی اکسیرگل 500cc,,nan,nan,,,True,2025-08-10 17:13:57,2025-08-10 17:13:57
https://basalam.com/greenhands/product/3587476,کود میکرو پروتکت اسپانیا,,nan,nan,,,True,2025-08-10 17:14:00,2025-08-10 17:14:00
https://basalam.com/greenhands/product/3800922,کود مایع بامبو,,nan,nan,,,True,2025-08-10 17:14:04,2025-08-10 17:14:04
https://basalam.com/koodhamoon/product/6653348,کود کامل رویال مکس 10-50-10 پلنت استار (ارسال به صورت پس کرایه),,nan,nan,,,True,2025-08-10 17:14:07,2025-08-10 17:14:07
https://basalam.com/koodhamoon/product/6655763,کود پلنت استار 52-00-00 npk(ارسال به صورت پس کرایه),,nan,nan,,,True,2025-08-10 17:14:10,2025-08-10 17:14:10
https://basalam.com/gol_barabadi_sabzevar/product/10720757,کود 20 20 20 کود کامل گیاهان,,nan,nan,,,True,2025-08-10 17:14:12,2025-08-10 17:14:12
https://basalam.com/drgreenfarme/product/20995386,کود ریشه زا ارگانیک باسیروت,,nan,nan,,,True,2025-08-10 17:14:16,2025-08-10 17:14:16
https://basalam.com/cactus_garden/product/3991232,کاکتوس کود,,nan,nan,,,True,2025-08-10 17:14:19,2025-08-10 17:14:19
https://basalam.com/cactus_garden/product/5843204,کود کاکتوس,,nan,nan,,,True,2025-08-10 17:14:22,2025-08-10 17:14:22
https://basalam.com/cactus_garden/product/3991266,کود سانسوریا,,nan,nan,,,True,2025-08-10 17:14:25,2025-08-10 17:14:25
https://basalam.com/taranomsa/product/6994347,کود سولفات پتاسیم وپروفرت هلند 10 کیلویی,,nan,185000.0,10.0,,True,2025-08-10 17:14:28,2025-08-10 17:15:01
https://basalam.com/taranomsa/product/7175474,کود مایع فسفیت پتاسیم PK بیوزر,,nan,nan,,,True,2025-08-10 17:14:31,2025-08-10 17:15:04
https://basalam.com/arastore/product/17652789,( کود مایع ماهی غنی شده ),,nan,nan,,,True,2025-08-10 17:14:34,2025-08-10 17:15:55
https://basalam.com/kud-delta/product/20277090,کود مایع فروت ست جنریت یک لیتری,,nan,nan,,,True,2025-08-10 17:14:37,2025-08-10 17:16:05
https://basalam.com/soilarghavan/product/1017362,کود بنسای(بنسای کود),,nan,nan,,,True,2025-08-10 17:14:40,2025-08-10 17:16:08
https://basalam.com/soilarghavan/product/5378067,کود 10-52-10، کودریشه زایی,,nan,nan,,,True,2025-08-10 17:14:43,2025-08-10 17:16:11
https://basalam.com/nahadeh45/product/8462433,کود آلی مایع غنی شده رویش سبز NKS پلاس مخصوص باغات و محصولات زراعی 5 لیتری,,nan,190000.0,5.0,,True,2025-08-10 17:14:46,2025-08-10 17:16:14
https://basalam.com/nahadeh45/product/8462605,کود مایع آلی بمب انرژی گیاهان زینتی و گلهای آپارتمانی محصول رویش سبز (پس کرایه),,nan,nan,,,True,2025-08-10 17:14:49,2025-08-10 17:16:17
https://basalam.com/technoland/product/21075942,کود سپر میکس بیومور (پس کرایه),,nan,nan,,,True,2025-08-10 17:14:52,2025-08-10 17:16:20
https://basalam.com/khadamat_keshavarzi_gasemi/product/24109679,سم کنه و حشره کش آبامکتین غزال نیم لیتری,,nan,nan,,,True,2025-08-10 17:15:07,2025-08-10 17:15:07
https://basalam.com/online_cosmetic/product/21981609,کود مایع 12-12-36 NPK,,nan,nan,,,True,2025-08-10 17:15:10,2025-08-10 17:15:10
https://basalam.com/roselina/product/9332806,میکس دوتایی ( کود آهن و کود 36-12-12 ),,nan,nan,,,True,2025-08-10 17:15:13,2025-08-10 17:15:13
https://basalam.com/lavazem_sama_bano/product/5393722,سم مورچه،حشره و...تضمینی,,nan,nan,,,True,2025-08-10 17:15:16,2025-08-10 17:15:16
https://basalam.com/reyhan-sabz/product/17388244,کود کامل ژله ای آکوافر,,nan,nan,,,True,2025-08-10 17:15:19,2025-08-10 17:15:19
https://basalam.com/reyhan-sabz/product/17387736,کود پتاس بالا ژله ای آکوافر,,nan,nan,,,True,2025-08-10 17:15:22,2025-08-10 17:15:22
https://basalam.com/golden-kud/product/21301304,کود مایع، کود خیار شوک 5 لیتری,,nan,220000.0,5.0,,True,2025-08-10 17:15:25,2025-08-10 17:15:25
https://basalam.com/golden-kud/product/21301245,کود آهن 25 درصد مایع شوک 5 لیتری اصل,,nan,200000.0,5.0,,True,2025-08-10 17:15:28,2025-08-10 17:15:28
https://basalam.com/golden-kud/product/21301220,کود مایع، کود خیار شوک 5 لیتری اصل,,nan,220000.0,5.0,,True,2025-08-10 17:15:31,2025-08-10 17:15:31
https://basalam.com/golden-kud/product/21301268,کود سیلیکات پتاسیم مایع شوک 1 لیتری اصل,,nan,280000.0,1.0,,True,2025-08-10 17:15:34,2025-08-10 17:15:34
https://basalam.com/golden-kud/product/21301244,کود آهن 25 درصد مایع شوک 1 لیتری اصل,,nan,260000.0,1.0,,True,2025-08-10 17:15:37,2025-08-10 17:15:37
https://basalam.com/shimistore/product/24395539,کود مایع روتی فرت کود مدل فسفیت پتاسیم حجم یک لیتر ( پس کرایه ),,nan,nan,,,True,2025-08-10 17:15:40,2025-08-10 17:15:40
https://basalam.com/tooskavian/product/16667324,کود کامپاند4 (آفتابگردان) یاراویتا-پس کرایه,,nan,nan,,,True,2025-08-10 17:15:43,2025-08-10 17:15:43
https://basalam.com/tooskavian/product/16667344,کود غلات یاراویتا-پس کرایه,,nan,nan,,,True,2025-08-10 17:15:46,2025-08-10 17:15:46
https://basalam.com/toluoesabz/product/21911025,کود اسید آمینه دابل (پس کرایه),,nan,nan,,,True,2025-08-10 17:15:49,2025-08-10 17:15:49
https://basalam.com/toluoesabz/product/22221413,کود مرغی مایع نیورایز 20 لیتری 8-2-8 (پس کرایه),,nan,60000.0,20.0,,True,2025-08-10 17:15:52,2025-08-10 17:15:52
https://basalam.com/roselina/product/7814972,کود 36-12 -12 ( محرک گلدهی گیاهان ),,nan,nan,,,True,2025-08-10 17:15:59,2025-08-10 17:15:59
https://basalam.com/roselina/product/9331528,کود 10-52-10 دوتایی,,nan,nan,,,True,2025-08-10 17:16:02,2025-08-10 17:16:02
https://basalam.com/technoland/product/14341945,کود مایع مرغی غنی شده برای افزایش عملکرد محصول 20 لیتری,,nan,47400.0,20.0,,True,2025-08-10 17:16:23,2025-08-10 17:16:23
https://basalam.com/jahankud98/product/20738464,کود مخصوص گندم و جو یک لیتری (پس کرایه),,nan,nan,,,True,2025-08-10 17:16:26,2025-08-10 17:16:26
https://basalam.com/jahankud98/product/22975939,کود پتاس بالا شوک 60درصد یک لیتری (پس کرایه),,nan,nan,,,True,2025-08-10 17:16:29,2025-08-10 17:16:29
https://basalam.com/jahankud98/product/23127080,کود 36-12-12 شوک گلدهی 5 لیتری (پس کرایه),,nan,199600.0,5.0,,True,2025-08-10 17:16:32,2025-08-10 17:16:32
https://basalam.com/kudsam/product/19098086,کود کامل لارا فول مایع 10 10 10 + te,,nan,nan,,,True,2025-08-10 17:16:35,2025-08-10 17:16:35
https://basalam.com/kudsam/product/19880924,محرک رشد و ریشه زا موتیورادیکال بارافشان,,nan,nan,,,True,2025-08-10 17:16:38,2025-08-10 17:16:38
https://basalam.com/magicagarden/product/14808284,کود معجونی مخصوص گیاهان زینتی و آپارتمانی ارسال به صورت پسکرایه، 5 تن,,nan,4200.0,5000.0,,True,2025-08-10 17:16:41,2025-08-10 17:16:41
https://basalam.com/hashtbehesht72/product/14110107,سم سوسک کش گرین لایف خارجی,,nan,nan,,,True,2025-08-10 17:16:44,2025-08-10 17:16:44
https://basalam.com/gol-nardouneh/product/22184,کود رشد,,nan,nan,,,True,2025-08-10 17:16:47,2025-08-10 17:16:47
https://basalam.com/happyfarm/product/23661875,کود فلورافلکس بالکی بی 500گرم,,nan,nan,,,True,2025-08-10 17:16:50,2025-08-10 17:16:50
https://basalam.com/happyfarm/product/12979734,کود گروتک مانسترگرو بسته 500 گرم,,nan,nan,,,True,2025-08-10 17:16:53,2025-08-10 17:16:53
https://basalam.com/zarin_ko_aral/product/8178867,کود ریز مغذی سوپر سوئینگ (پس کرایه),,nan,nan,,,True,2025-08-10 17:16:56,2025-08-10 17:16:56
https://basalam.com/zarin_ko_aral/product/13644595,کود آهن اینو وایو اسپانیا (پس کرایه),,nan,nan,,,True,2025-08-10 17:16:59,2025-08-10 17:16:59
https://basalam.com/zarin_ko_aral/product/6995582,کود مس جامدفلوریش (پس کرایه),,nan,nan,,,True,2025-08-10 17:17:02,2025-08-10 17:17:02
https://basalam.com/zarin_ko_aral/product/6779960,کود ریشه آمینو روت نوسبو کره,,nan,nan,,,True,2025-08-10 17:17:05,2025-08-10 17:17:05
https://basalam.com/zarin_ko_aral/product/5768712,کود نیترات کلسیم (پس کرایه),,nan,nan,,,True,2025-08-10 17:17:08,2025-08-10 17:17:08
https://basalam.com/zarin_ko_aral/product/5768263,کود سولوپتاس (پس کرایه),,nan,nan,,,True,2025-08-10 17:17:11,2025-08-10 17:17:11
https://basalam.com/partaksoil/product/4987687,کوکوپیت سریلانکایی هندی و آلمانی با بهترین کیفیت,,nan,nan,,,True,2025-08-10 17:17:14,2025-08-10 17:17:14
https://basalam.com/kolbegoldoon/product/7021901,کود جلبک پروتکت 120 میلی لیتری یکی از بهترین کود ها برای تقویت گیاهان,,nan,nan,,,True,2025-08-10 17:17:17,2025-08-10 17:17:17
https://basalam.com/kolbegoldoon/product/7821505,بسته 50 گرمی کود 10-52-10 ، ده پنجاه و دو ده ، کود ان پی کا فسفر بالا,,nan,nan,,,True,2025-08-10 17:17:20,2025-08-10 17:17:20
https://basalam.com/goldoone.qom/product/14859587,آفت کش گیاهان آپارتمانی کاربامیل سوین - سم حشرات و کرم و..- سم سوین- پودر حشره کش و سم گیاهان - گلدونه,,nan,nan,,,True,2025-08-10 17:17:23,2025-08-10 17:17:23
https://basalam.com/giah_daru/product/3788403,درخت گل یخ سایز بزرگ - زیبایی و سلامتی,,nan,nan,,,True,2025-08-10 17:17:31,2025-08-10 17:17:31
https://basalam.com/digitimax/product/24574241,کود مایع NPK+TE تایمکس یک لیتری,,nan,nan,,,True,2025-08-10 17:17:34,2025-08-10 17:17:34
https://basalam.com/mahuragol/product/3360557,سم سیستمیک نوج از بین برنده شپشک آرد آلود، کنه ها و انواع حشرات گلهای آپارتمانی,,nan,nan,,,True,2025-08-10 17:17:37,2025-08-10 17:17:37
https://basalam.com/narenjspadanadarokhane/product/9072393,کود کلات آهن 13 درصد وارداتی (ترکیه ای ) تکنیفول روبو آیرون مخصوص محلول پاشی.بسته بندی یک کیلوگرمی,,nan,nan,,,True,2025-08-10 17:17:40,2025-08-10 17:17:40
https://basalam.com/mahnahydroponics/product/4369223,کود هیدروپونیک جامد مخصوص میوه دهی کد P1000,,nan,nan,,,True,2025-08-10 17:17:43,2025-08-10 17:17:43
https://basalam.com/mahnahydroponics/product/13048463,کود هیدروپونیک مایع هوگلند کد LH1000,,nan,nan,,,True,2025-08-10 17:17:46,2025-08-10 17:17:46
https://basalam.com/mahnahydroponics/product/13051992,کود هیدروپونیک مایع مخصوص انواع سبزیجات کد LV1000,,nan,nan,,,True,2025-08-10 17:17:49,2025-08-10 17:17:49
https://basalam.com/mahnahydroponics/product/4369253,کود هیدروپونیک جامد هوگلند کد H100,,nan,nan,,,True,2025-08-10 17:17:53,2025-08-10 17:17:53
https://basalam.com/digitimax/product/24574269,کود مایع آمینو اسید تایمکس یک لیتری تایمکس,,nan,nan,,,True,2025-08-10 17:17:56,2025-08-10 17:17:56
https://basalam.com/baghcheyeh-yass/product/16044425,کود کلسیم بدون نیترات,,nan,nan,,,True,2025-08-10 17:17:59,2025-08-10 17:17:59
https://basalam.com/baghcheyeh-yass/product/15910324,کود فسفر بالای 1744,,nan,nan,,,True,2025-08-10 17:18:02,2025-08-10 17:18:02
https://basalam.com/koodwood/product/13600189,کود مایع (سرکه چوب) بیرشک،با پشتیبانی رایگان و ضمانت، (تصفیه شده با کربن اکتیو )10 لیتر,,nan,175000.0,10.0,,True,2025-08-10 17:18:05,2025-08-10 17:18:05
https://basalam.com/digitimax/product/24574149,کود کلات منیزیم 7 دصد پودری تایمکس 1kg,,nan,500000.0,1.0,,True,2025-08-10 17:18:08,2025-08-10 17:18:08
https://basalam.com/abyari_modern/product/4705001,کود ارگانیک. سازگاره با تمامی گیاهان. چون از مواد شیمیایی ساخته نشدهومناسبه برای ابخوانها ی سرامیکی,,nan,nan,,,True,2025-08-10 17:18:11,2025-08-10 17:18:11
https://basalam.com/keshavarzi-danaei/product/18411858,کود آهن هیدروکروپ مکزیکی محصولی از بارافشان بسته بندی 1 کیلوئی,,nan,540000.0,1.0,,True,2025-08-10 17:18:14,2025-08-10 17:18:14
https://basalam.com/keshavarzi-danaei/product/18412087,کود آهن 6درصد آیرون پلاس در بسته بندی 1 کیلوئی,,nan,770000.0,1.0,,True,2025-08-10 17:18:17,2025-08-10 17:18:17
https://basalam.com/goldooneye_zendegi/product/9693323,کود کامل رشد گیاه سه بیست (حداقل خرید از غرفه 400 تومن)(هزینه ارسال پسکرایه),,nan,nan,,,True,2025-08-10 17:18:20,2025-08-10 17:18:20
https://basalam.com/goldooneye_zendegi/product/9696740,پک کود حرفه ای برای رشد گیاهان(با حداقل 400 تومن خرید ارسال قطعی میشه)(هزینه ارسال پسکرایه),,nan,nan,,,True,2025-08-10 17:18:23,2025-08-10 17:18:23
https://basalam.com/goldooneye_zendegi/product/9696630,کود ازت بالا یا کود مخصوص برگ دادن گیاه(با حداقل 400 تومن خرید از غرفه ارسال قطعی میشه)(هزینه ارسال پسکرایه),,nan,nan,,,True,2025-08-10 17:18:26,2025-08-10 17:18:26
https://basalam.com/ragafertilizer/product/4470341,کود اسید هیومیک پودری گرین پیک مدل Hu500 وزن 500 گرم,,nan,nan,,,True,2025-08-10 17:18:29,2025-08-10 17:18:29
https://basalam.com/soghatsara_nakhl_77/product/6430524,کود آهن مخصوص گیاه,,nan,nan,,,True,2025-08-10 17:18:32,2025-08-10 17:18:32
https://basalam.com/soghatsara_nakhl_77/product/6432559,کود گیاهی و حیوانی میکس شده,,nan,nan,,,True,2025-08-10 17:18:35,2025-08-10 17:18:35
https://basalam.com/lousian_flower/product/17698705,زاموفیلیا ابلق، کلکسیونی. 2 شاخه، 2 برگی، هردو ابلق، مطابق تصویر ،ارسال با چاپار، پست، تیپاکس، هزینه با مشتری و پسکرایه,,nan,nan,,,True,2025-08-10 17:18:39,2025-08-10 17:18:39
https://basalam.com/lousian_flower/product/17989111,فیکوس الاستیکا شرابی. سطل 4. قد بلند، ارسال با چاپار، پست یا تیپاکس انجام، هزینه با مشتری و پسکرایه,,nan,nan,,,True,2025-08-10 17:18:42,2025-08-10 17:18:42
https://basalam.com/lousian_flower/product/17699897,زاموفیلیا ابلق هلندی کلکسیونی. ابلقیت پایین. ارسال با چاپار، پست یا تیپاکس انجام هزینه با مشتری و پسکرایه,,nan,nan,,,True,2025-08-10 17:18:45,2025-08-10 17:18:45
https://basalam.com/lousian_flower/product/17698113,زاموفیلیا ابلق. دو شاخه، یک شاخه ابلق، ارسال از طریق چاپار ، پست یا تیپاکس. هزینه ارسال با مشتری و پسکرایه,,nan,nan,,,True,2025-08-10 17:18:48,2025-08-10 17:18:48
https://basalam.com/keshavarzimood/product/20054396,کود ریز مغذی نیام گرانول 25 کیلویی,,nan,2760.0,25.0,,True,2025-08-10 17:18:51,2025-08-10 17:18:51
https://basalam.com/keshavarzimood/product/22098523,سم کنه کش آبامکتین طلایی گل سم,,nan,nan,,,True,2025-08-10 17:18:54,2025-08-10 17:18:54
https://basalam.com/shahr_tools/product/9332019,سم سوسک کابینتی و مورچه صد در صد ارگانیک گرین لیف,,nan,nan,,,True,2025-08-10 17:18:57,2025-08-10 17:18:57
https://basalam.com/plantprotection/product/12557172,کود زیستیEM حجم 4 لیتر,,nan,40000.0,4.0,,True,2025-08-10 17:19:00,2025-08-10 17:19:00
https://basalam.com/toranjravar/product/16720049,کود روی 35درصد جنوبگان,,nan,nan,,,True,2025-08-10 17:19:03,2025-08-10 17:19:03
https://basalam.com/reyhan_online/product/13068564,کود آمینو کلات میکرومیکس گاتا سبزکاوشان یک کیلویی,,nan,nan,,,True,2025-08-10 17:19:06,2025-08-10 17:19:06
https://basalam.com/reyhan_online/product/12871865,کود تریکوهیوم (کمپلکس هیومیک اسید و قارچ تریکودرما) یک کیلویی,,nan,nan,,,True,2025-08-10 17:19:09,2025-08-10 17:19:09
https://basalam.com/nanosadra/product/12856228,قیمت کود کلات نیتروژن فسفر پتاسیم خضرا npk121236 یک کیلویی (پسکرایه),,nan,6.186281302583391,121236.0,,True,2025-08-10 17:19:12,2025-08-10 17:19:12
https://basalam.com/bamashimi/product/15239407,کود سوپر مایع گرین ورلد مدل جلبک دریایی حجم 1 لیتر,,nan,296000.0,1.0,,True,2025-08-10 17:19:15,2025-08-10 17:19:15
https://basalam.com/moonstudio/product/18570671,کود پتاس بالا (36-12-12) شرکت گرین سی,,nan,nan,,,True,2025-08-10 17:19:18,2025-08-10 17:19:18
https://basalam.com/biatokala/product/21428473,سم موریانه کش ترمیدور Termidor (بهترین سم کشنده موریانه) (پس کرایه),,nan,nan,,,True,2025-08-10 17:19:21,2025-08-10 17:19:21
https://basalam.com/ragafertilizer/product/4470697,کود نیترات پتاسیم گرین پیک مدل Potassium Nitrate 1000 وزن یک کیلوگرم,,nan,nan,,,True,2025-08-10 17:19:24,2025-08-10 17:19:24
https://basalam.com/ragafertilizer/product/13887108,کود کلات آهن 6 درصد راگا مدل Fe 06 وزن 500 گرم,,nan,nan,,,True,2025-08-10 17:19:28,2025-08-10 17:19:28
https://basalam.com/ragafertilizer/product/5509426,کود کامل سه ده گرین پیک مدل NPK 10-10-10 وزن 10 کیلوگرم,,nan,122900.0,10.0,,True,2025-08-10 17:19:31,2025-08-10 17:19:31
https://basalam.com/ragafertilizer/product/4470860,کود سولفات منگنز گرین پیک مدل MANGANESE SULFATE 1000 وزن یک کیلوگرم,,nan,nan,,,True,2025-08-10 17:19:34,2025-08-10 17:19:34
https://basalam.com/ragafertilizer/product/5330672,کود سولفات مس گرین پیک مدل Copper Sulphate1000 وزن یک کیلوگرم,,nan,nan,,,True,2025-08-10 17:19:37,2025-08-10 17:19:37
https://basalam.com/ragafertilizer/product/4962705,کود مونو آمونیم فسفات گرین پیک مدل NPK12-61-0 وزن یک کیلوگرم,,nan,nan,,,True,2025-08-10 17:19:40,2025-08-10 17:19:40
https://basalam.com/ragafertilizer/product/15555219,کود هیومیک اسید مایع گرین پیک 1 لیتر,,nan,179000.0,1.0,,True,2025-08-10 17:19:43,2025-08-10 17:19:43
https://basalam.com/kodrushd/product/10823364,کود گوگرد مایع شوک 80 درصد نانو آمریکایی گالن 20 لیتری,,nan,192500.0,20.0,,True,2025-08-10 17:19:46,2025-08-10 17:19:46
https://basalam.com/kourosh12/product/13456852,کود نیترات کلسیم آکساپل آلمان 25 کیلویی,,nan,134800.0,25.0,,True,2025-08-10 17:19:49,2025-08-10 17:19:49
https://basalam.com/golbox/product/16522340,کود مایع مخصوص گلدهی برند good plant,,nan,nan,,,True,2025-08-10 17:19:52,2025-08-10 17:19:52
https://basalam.com/golbox/product/15332890,کود گیاهان هوازی برند پروتکت نیچر 125 سی سی,,nan,nan,,,True,2025-08-10 17:19:56,2025-08-10 17:19:56
https://basalam.com/agnessoil/product/15477241,کود 36-12-12 150 گرمی آگنس,,nan,nan,,,True,2025-08-10 17:20:06,2025-08-10 17:20:06
https://basalam.com/agnessoil/product/15477358,کود ریشه زا 10-52-10 160 گرمی آگنس,,nan,nan,,,True,2025-08-10 17:20:09,2025-08-10 17:20:09
https://basalam.com/elaroz_cosmetic/product/13264546,گل اسطوخودوس ایرانی با کیفیت عالی، بار امسالی و تازه(500گرمی),,nan,nan,,,True,2025-08-10 17:20:12,2025-08-10 17:20:12
https://basalam.com/elaroz_cosmetic/product/13264996,برگ جینکو با کیفیت عالی، بار امسالی و تازه(50گرمی),,nan,nan,,,True,2025-08-10 17:20:15,2025-08-10 17:20:15
https://basalam.com/elaroz_cosmetic/product/13270342,گیاه زوفا با کیفیت عالی، بار امسالی و تازه(5کیلوگرم),,nan,1218140.0,5.0,,True,2025-08-10 17:20:19,2025-08-10 17:20:19
https://basalam.com/elaroz_cosmetic/product/13265210,غنچه گل محمدی با کیفیت عالی، بار امسالی و تازه(50گرمی ),,nan,nan,,,True,2025-08-10 17:20:22,2025-08-10 17:20:22
https://basalam.com/elaroz_cosmetic/product/13264442,گیاه مریم گلی با کیفیت عالی، بار امسالی و تازه(750گرمی),,nan,nan,,,True,2025-08-10 17:20:25,2025-08-10 17:20:25
https://basalam.com/elaroz_cosmetic/product/13264723,گیاه زوفا با کیفیت عالی، بار امسالی و تازه(200گرمی),,nan,nan,,,True,2025-08-10 17:20:28,2025-08-10 17:20:28
https://basalam.com/elaroz_cosmetic/product/13264759,گیاه دم اسب با کیفیت عالی، بار امسالی و تازه(150گرمی),,nan,nan,,,True,2025-08-10 17:20:31,2025-08-10 17:20:31
https://basalam.com/elaroz_cosmetic/product/13264926,افتیمون با کیفیت عالی، بار امسالی و تازه(100 گرمی ),,nan,nan,,,True,2025-08-10 17:20:34,2025-08-10 17:20:34
https://basalam.com/elaroz_cosmetic/product/13264793,گیاه جعفری با کیفیت عالی، بار امسالی و تازه(150 گرمی ),,nan,nan,,,True,2025-08-10 17:20:38,2025-08-10 17:22:39
https://basalam.com/elaroz_cosmetic/product/13264863,افسنطین با کیفیت عالی، بار امسالی و تازه(150 گرمی ),,nan,nan,,,True,2025-08-10 17:20:41,2025-08-10 17:22:42
https://basalam.com/elaroz_cosmetic/product/13264632,گیاه نعناع فلفلی با کیفیت عالی، بار امسالی و تازه(200گرمی ),,nan,nan,,,True,2025-08-10 17:20:44,2025-08-10 17:22:46
https://basalam.com/elaroz_cosmetic/product/13264469,گیاه نعناع فلفلی با کیفیت عالی، بار امسالی و تازه(250 گرمی),,nan,nan,,,True,2025-08-10 17:20:47,2025-08-10 17:22:49
https://basalam.com/elaroz_cosmetic/product/13265150,گیاه نعناع فلفلی با کیفیت عالی، بار امسالی و تازه(100گرمی ),,nan,nan,,,True,2025-08-10 17:20:50,2025-08-10 17:22:52
https://basalam.com/elaroz_cosmetic/product/13263744,گل سر خارگل با کیفیت عالی، بار امسالی و تازه(1کیلوگرم),,nan,1829600.0,1.0,,True,2025-08-10 17:20:53,2025-08-10 17:22:55
https://basalam.com/elaroz_cosmetic/product/13263752,گل بید مشک با کیفیت عالی، بار امسالی و تازه(5کیلوگرم),,nan,766340.0,5.0,,True,2025-08-10 17:20:56,2025-08-10 17:22:58
https://basalam.com/elaroz_cosmetic/product/13264268,پونه با کیفیت عالی، بار امسالی و تازه(750 گرمی ),,nan,nan,,,True,2025-08-10 17:20:59,2025-08-10 17:23:01
https://basalam.com/elaroz_cosmetic/product/13264807,گل بید مشک با کیفیت عالی، بار امسالی و تازه(150 گرمی ),,nan,nan,,,True,2025-08-10 17:21:03,2025-08-10 17:23:04
https://basalam.com/elaroz_cosmetic/product/13265064,برگ سنا با کیفیت عالی، بار امسالی و تازه(100گرمی),,nan,nan,,,True,2025-08-10 17:21:06,2025-08-10 17:23:07
https://basalam.com/elaroz_cosmetic/product/13264661,گیاه گزنه با کیفیت عالی، بار امسالی و تازه(200گرمی ),,nan,nan,,,True,2025-08-10 17:21:09,2025-08-10 17:23:11
https://basalam.com/elaroz_cosmetic/product/13263735,گل گاو زبان با کیفیت عالی، بار امسالی و تازه(1کیلوگرم),,nan,5484500.0,1.0,,True,2025-08-10 17:21:12,2025-08-10 17:23:14
https://basalam.com/elaroz_cosmetic/product/13264013,بارهنگ با کیفیت عالی، بار امسالی و تازه(5کیلوگرم),,nan,1662040.0,5.0,,True,2025-08-10 17:21:15,2025-08-10 17:23:17
https://basalam.com/elaroz_cosmetic/product/13263788,صمغ کندر با کیفیت عالی، بار امسالی و تازه(1کیلوگرم),,nan,10071300.0,1.0,,True,2025-08-10 17:21:18,2025-08-10 17:23:20
https://basalam.com/elaroz_cosmetic/product/13264296,گیاه خار مریم با کیفیت عالی، بار امسالی و تازه(500گرمی),,nan,nan,,,True,2025-08-10 17:21:21,2025-08-10 17:23:23
https://basalam.com/elaroz_cosmetic/product/13270341,گیاه شاهتره با کیفیت عالی، بار امسالی و تازه(1کیلوگرم),,nan,308700.0,1.0,,True,2025-08-10 17:21:24,2025-08-10 17:23:26
https://basalam.com/elaroz_cosmetic/product/13269460,گل مینا با کیفیت عالی، بار امسالی و تازه(500گرمی),,nan,nan,,,True,2025-08-10 17:21:27,2025-08-10 17:23:29
https://basalam.com/elaroz_cosmetic/product/13265203,پوست اسفرزه با کیفیت عالی، بار امسالی و تازه (100گرمی),,nan,nan,,,True,2025-08-10 17:21:30,2025-08-10 17:23:32
https://basalam.com/elaroz_cosmetic/product/13264644,گیاه مرزه با کیفیت عالی، بار امسالی و تازه(200گرمی),,nan,nan,,,True,2025-08-10 17:21:33,2025-08-10 17:23:35
https://basalam.com/elaroz_cosmetic/product/13270326,گیاه گزنه با کیفیت عالی، بار امسالی و تازه(1کیلوگرم),,nan,342200.0,1.0,,True,2025-08-10 17:21:37,2025-08-10 17:23:39
https://basalam.com/elaroz_cosmetic/product/13264443,گیاه مریم گلی با کیفیت عالی، بار امسالی و تازه(500گرمی ),,nan,nan,,,True,2025-08-10 17:21:40,2025-08-10 17:23:42
https://basalam.com/elaroz_cosmetic/product/13264937,اکالیپتوس با کیفیت عالی، بار امسالی و تازه(50 گرمی ),,nan,nan,,,True,2025-08-10 17:21:43,2025-08-10 17:23:45
https://basalam.com/elaroz_cosmetic/product/13264706,گل سر خارگل با کیفیت عالی، بار امسالی و تازه(200گرمی),,nan,nan,,,True,2025-08-10 17:21:46,2025-08-10 17:23:48
https://basalam.com/elaroz_cosmetic/product/13264927,افتیمون با کیفیت عالی، بار امسالی و تازه(50 گرمی ),,nan,nan,,,True,2025-08-10 17:21:49,2025-08-10 17:23:51
https://basalam.com/elaroz_cosmetic/product/13265007,ریشه خولنجان با کیفیت عالی، بار امسالی و تازه(100گرمی),,nan,nan,,,True,2025-08-10 17:21:53,2025-08-10 17:23:55
https://basalam.com/elaroz_cosmetic/product/13265008,ریشه خولنجان با کیفیت عالی، بار امسالی و تازه(50گرمی),,nan,nan,,,True,2025-08-10 17:21:56,2025-08-10 17:23:58
https://basalam.com/elaroz_cosmetic/product/13263783,غنچه گل محمدی با کیفیت عالی، بار امسالی و تازه(5کیلوگرم),,nan,1920840.0,5.0,,True,2025-08-10 17:21:59,2025-08-10 17:24:01
https://basalam.com/elaroz_cosmetic/product/13264022,باباآدم با کیفیت عالی، بار امسالی و تازه(1کیلوگرم),,nan,388000.0,1.0,,True,2025-08-10 17:22:02,2025-08-10 17:24:04
https://basalam.com/elaroz_cosmetic/product/13264170,افتیمون با کیفیت عالی، بار امسالی و تازه(500گرمی),,nan,nan,,,True,2025-08-10 17:22:05,2025-08-10 17:24:07
https://basalam.com/elaroz_cosmetic/product/13264500,گل ختمی سفید با کیفیت عالی، بار امسالی و تازه(500 گرمی),,nan,nan,,,True,2025-08-10 17:22:08,2025-08-10 17:24:11
https://basalam.com/elaroz_cosmetic/product/13264180,افسنطین با کیفیت عالی، بار امسالی و تازه(750 گرمی ),,nan,nan,,,True,2025-08-10 17:22:12,2025-08-10 17:24:14
https://basalam.com/elaroz_cosmetic/product/13264043,اکالیپتوس با کیفیت عالی، بار امسالی و تازه(2کیلوگرم),,nan,313550.0,2.0,,True,2025-08-10 17:22:15,2025-08-10 17:24:17
https://basalam.com/elaroz_cosmetic/product/13264021,باباآدم با کیفیت عالی، بار امسالی و تازه(2کیلوگرم),,nan,407650.0,2.0,,True,2025-08-10 17:22:18,2025-08-10 17:24:20
https://basalam.com/elaroz_cosmetic/product/13264378,ریشه سنبل الطیب با کیفیت عالی، بار امسالی و تازه(750گرمی),,nan,nan,,,True,2025-08-10 17:22:21,2025-08-10 17:24:23
https://basalam.com/elaroz_cosmetic/product/13264279,گیاه جعفری با کیفیت عالی، بار امسالی و تازه(750 گرمی ),,nan,nan,,,True,2025-08-10 17:22:25,2025-08-10 17:24:27
https://basalam.com/elaroz_cosmetic/product/13264305,ریشه خولنجان با کیفیت عالی، بار امسالی و تازه(500گرمی),,nan,nan,,,True,2025-08-10 17:22:28,2025-08-10 17:24:30
https://basalam.com/elaroz_cosmetic/product/13263829,ریشه خولنجان با کیفیت عالی، بار امسالی و تازه(2کیلوگرم),,nan,1794650.0,2.0,,True,2025-08-10 17:22:31,2025-08-10 17:24:33
https://basalam.com/elaroz_cosmetic/product/13264306,ریشه خولنجان با کیفیت عالی، بار امسالی و تازه(750 گرمی ),,nan,nan,,,True,2025-08-10 17:22:34,2025-08-10 17:24:36
https://basalam.com/elaroz_cosmetic/product/13264325,گیاه دم اسب با کیفیت عالی، بار امسالی و تازه(750گرمی),,nan,nan,,,True,2025-08-10 17:24:39,2025-08-10 17:24:39
https://basalam.com/elaroz_cosmetic/product/13264381,ریشه سنبل الطیب با کیفیت عالی، بار امسالی و تازه(250گرمی ),,nan,nan,,,True,2025-08-10 17:24:42,2025-08-10 17:24:42
https://basalam.com/elaroz_cosmetic/product/13263685,گیاه کاکوتی با کیفیت عالی، بار امسالی و تازه(1کیلوگرم),,nan,15068200.0,1.0,,True,2025-08-10 17:24:45,2025-08-10 17:24:45
https://basalam.com/elaroz_cosmetic/product/13264379,ریشه سنبل الطیب با کیفیت عالی، بار امسالی و تازه(500گرمی ),,nan,nan,,,True,2025-08-10 17:24:49,2025-08-10 17:24:49
https://basalam.com/elaroz_cosmetic/product/13263819,ریشه سنبل الطیب با کیفیت عالی، بار امسالی و تازه(1کیلوگرم),,nan,2748000.0,1.0,,True,2025-08-10 17:24:52,2025-08-10 17:24:52
https://basalam.com/elaroz_cosmetic/product/13264425,صمغ کندر با کیفیت عالی، بار امسالی و تازه(250گرمی ),,nan,nan,,,True,2025-08-10 17:24:56,2025-08-10 17:24:56
https://basalam.com/elaroz_cosmetic/product/13263805,ریشه شیرین بیان (بدون پوست) با کیفیت عالی، بار امسالی و تازه(5کیلوگرم),,nan,530000.0,5.0,,True,2025-08-10 17:24:59,2025-08-10 17:24:59
https://basalam.com/elaroz_cosmetic/product/13263809,ریشه شیرین بیان با کیفیت عالی، بار امسالی و تازه(5کیلوگرم),,nan,426100.0,5.0,,True,2025-08-10 17:25:02,2025-08-10 17:25:02
https://basalam.com/elaroz_cosmetic/product/13265037,ریشه شیرین بیان با کیفیت عالی، بار امسالی و تازه(50گرمی ),,nan,nan,,,True,2025-08-10 17:25:06,2025-08-10 17:25:06
https://basalam.com/elaroz_cosmetic/product/13265198,ریشه شیرین بیان (بدون پوست) با کیفیت عالی بار امسالی و تازه(100گرمی ),,nan,nan,,,True,2025-08-10 17:25:09,2025-08-10 17:25:09
https://basalam.com/zerafat_shop/product/9925905,کود تقویتی مخصوص زاموفیلیا طلایی ظرافت وزن 50 گرم,nan,nan,nan,nan,,True,2025-08-10 17:25:16,2025-08-10 17:25:16
https://basalam.com/zerafat_shop/product/10364426,کود تقویتی مخصوص درخت اقاقیا ظرافت وزن 50 گرم,nan,nan,nan,nan,,True,2025-08-10 17:25:19,2025-08-10 17:25:19
https://basalam.com/zerafat_shop/product/9301630,کود تقویتی مخصوص تربچه ظرافت,nan,nan,nan,nan,,True,2025-08-10 17:25:23,2025-08-10 17:25:23
https://basalam.com/zerafat_shop/product/8580089,کود تقویتی مخصوص آکوروس ظرافت,nan,nan,nan,nan,,True,2025-08-10 17:25:26,2025-08-10 17:25:26
https://basalam.com/zerafat_shop/product/8867079,کود تقویتی مخصوص درخت کیوی ظرافت,nan,nan,nan,nan,,True,2025-08-10 17:25:29,2025-08-10 17:25:29
https://basalam.com/zerafat_shop/product/8742687,کود تقویتی مخصوص پلکترانتوس ظرافت,nan,nan,nan,nan,,True,2025-08-10 17:25:33,2025-08-10 17:25:33
https://basalam.com/zerafat_shop/product/9564831,کود تقویتی مخصوص فیکوس ظرافت وزن 50 گرم,nan,nan,nan,nan,,True,2025-08-10 17:25:36,2025-08-10 17:25:36
https://basalam.com/zerafat_shop/product/8457188,کود تقویتی مخصوص گل زنبق ظرافت,nan,nan,nan,nan,,True,2025-08-10 17:25:39,2025-08-10 17:25:39
https://basalam.com/zerafat_shop/product/8949356,کود تقویتی مخصوص برگ بو ظرافت,nan,nan,nan,nan,,True,2025-08-10 17:25:42,2025-08-10 17:25:42
https://basalam.com/zerafat_shop/product/9748458,کود تقویتی مخصوص پتوس نئون ظرافت وزن 50 گرم,nan,nan,nan,nan,,True,2025-08-10 17:25:45,2025-08-10 17:25:45
https://basalam.com/zerafat_shop/product/5140142,کود ریزمغذی آذر سبزینه,nan,nan,nan,nan,,True,2025-08-10 17:25:48,2025-08-10 17:25:48
https://basalam.com/zerafat_shop/product/9458145,کود تقویتی مخصوص اسفناج مالابار ظرافت,nan,nan,nan,nan,,True,2025-08-10 17:25:52,2025-08-10 17:25:52
https://basalam.com/zerafat_shop/product/9204474,کود تقویتی مخصوص درخت پالونیا ظرافت,nan,nan,nan,nan,,True,2025-08-10 17:25:55,2025-08-10 17:25:55
https://basalam.com/zerafat_shop/product/9634566,کود تقویتی مخصوص بنجامین ظرافت وزن 50 گرم,nan,nan,nan,nan,,True,2025-08-10 17:25:58,2025-08-10 17:25:58
https://basalam.com/zerafat_shop/product/9597764,کود تقویتی مخصوص موسی در گهواره ( زیپلین ) ظرافت وزن 50 گرم,nan,nan,nan,nan,,True,2025-08-10 17:26:01,2025-08-10 17:26:01
https://basalam.com/zerafat_shop/product/9140873,کود تقویتی مخصوص ناندینا ( بامبوی مقدس ) ظرافت,nan,nan,nan,nan,,True,2025-08-10 17:26:04,2025-08-10 17:26:04
https://basalam.com/zerafat_shop/product/8459205,کود تقویتی مخصوص گل پیچ امین الدوله ظرافت,nan,nan,nan,nan,,True,2025-08-10 17:26:07,2025-08-10 17:26:07
https://basalam.com/zerafat_shop/product/8120246,کود تقویتی مخصوص پپرومیا ظرافت,nan,nan,nan,nan,,True,2025-08-10 17:26:11,2025-08-10 17:26:11
https://basalam.com/zerafat_shop/product/8397055,کود تقویتی مخصوص گل یاس ظرافت,nan,nan,nan,nan,,True,2025-08-10 17:26:14,2025-08-10 17:26:14
https://basalam.com/zerafat_shop/product/8547496,کود تقویتی مخصوص گل یاس وحشی ( ایکسورا ) ظرافت,nan,nan,nan,nan,,True,2025-08-10 17:26:17,2025-08-10 17:26:17
https://basalam.com/zerafat_shop/product/8529614,کود تقویتی مخصوص گل اختر ظرافت,nan,nan,nan,nan,,True,2025-08-10 17:26:20,2025-08-10 17:26:20
https://basalam.com/zerafat_shop/product/9731110,کود تقویتی مخصوص فیلودندرون بورگاندی ظرافت وزن 50 گرم,nan,nan,nan,nan,,True,2025-08-10 17:26:23,2025-08-10 17:26:23
https://basalam.com/zerafat_shop/product/9731222,کود تقویتی مخصوص فیلودندرون اندریانوم ظرافت وزن 50 گرم,nan,nan,nan,nan,,True,2025-08-10 17:26:27,2025-08-10 17:26:27
https://basalam.com/zerafat_shop/product/9819029,کود تقویتی مخصوص پیرومیا ظرافت وزن 50 گرم,nan,nan,nan,nan,,True,2025-08-10 17:26:30,2025-08-10 17:26:30
https://basalam.com/zerafat_shop/product/7530802,کود مایع آهن فلاور آمی 500 میلی لیتر (بسته 2 عددی),nan,nan,nan,nan,,True,2025-08-10 17:26:33,2025-08-10 17:26:33
https://basalam.com/zerafat_shop/product/8581877,کود تقویتی مخصوص گل آردیسیا ظرافت,nan,nan,nan,nan,,True,2025-08-10 17:26:36,2025-08-10 17:26:36
https://basalam.com/zerafat_shop/product/8419446,کود تقویتی مخصوص گل قهر و آشتی ظرافت,nan,nan,nan,nan,,True,2025-08-10 17:26:39,2025-08-10 17:26:39
https://basalam.com/zerafat_shop/product/10697077,کود تقویتی مخصوص چغندر ظرافت وزن 50 گرم,nan,nan,nan,nan,,True,2025-08-10 17:26:42,2025-08-10 17:26:42
https://basalam.com/zerafat_shop/product/9100692,کود تقویتی مخصوص یاس هلندی ظرافت,nan,nan,nan,nan,,True,2025-08-10 17:26:46,2025-08-10 17:26:46
https://basalam.com/zerafat_shop/product/10743635,کود تقویتی مخصوص کاکتوس لوبیویا ظرافت وزن 50 گرم,nan,nan,nan,nan,,True,2025-08-10 17:26:49,2025-08-10 17:26:49
https://basalam.com/zerafat_shop/product/7503153,کود مایع بنفشه آفریقایی فلاور آمی 125 میلی لیتر (بسته 3 عددی),nan,nan,nan,nan,,True,2025-08-10 17:26:52,2025-08-10 17:26:52
https://basalam.com/zerafat_shop/product/8946368,کود تقویتی مخصوص استرپتوسولن ظرافت,nan,nan,nan,nan,,True,2025-08-10 17:26:55,2025-08-10 17:26:55
https://basalam.com/zerafat_shop/product/10329034,کود تقویتی مخصوص شاهی ظرافت وزن 50 گرم,nan,nan,nan,nan,,True,2025-08-10 17:26:59,2025-08-10 17:26:59
https://basalam.com/zerafat_shop/product/10434506,کود تقویتی مخصوص گل زنبق ظرافت وزن 50 گرم,nan,nan,nan,nan,,True,2025-08-10 17:27:02,2025-08-10 17:27:02
https://basalam.com/zerafat_shop/product/10523233,کود تقویتی مخصوص گل ساعتی ظرافت وزن 50 گرم,nan,nan,nan,nan,,True,2025-08-10 17:27:06,2025-08-10 17:27:06
https://basalam.com/zerafat_shop/product/10608953,کود تقویتی مخصوص استرپتوسولن ظرافت وزن 50 گرم,nan,nan,nan,nan,,True,2025-08-10 17:27:09,2025-08-10 17:27:09
https://basalam.com/zerafat_shop/product/10535411,کود تقویتی مخصوص گل تکمه ای ظرافت وزن 50 گرم,nan,nan,nan,nan,,True,2025-08-10 17:27:13,2025-08-10 17:27:13
https://basalam.com/zerafat_shop/product/10455115,کود تقویتی مخصوص گل سوسن آفریقایی ( آگاپانتوس ) ظرافت وزن 50 گرم,nan,nan,nan,nan,,True,2025-08-10 17:27:16,2025-08-10 17:27:16
https://basalam.com/zerafat_shop/product/9618067,کود تقویتی مخصوص برگ دهی ظرافت وزن 50 گرم,nan,nan,nan,nan,,True,2025-08-10 17:27:19,2025-08-10 17:27:19
https://basalam.com/zerafat_shop/product/10346086,کود تقویتی مخصوص یاس هلندی ظرافت وزن 50 گرم,nan,nan,nan,nan,,True,2025-08-10 17:27:23,2025-08-10 17:27:23
https://basalam.com/zerafat_shop/product/10713952,کود تقویتی مخصوص نخود فرنگی ظرافت وزن 50 گرم,nan,nan,nan,nan,,True,2025-08-10 17:27:26,2025-08-10 17:27:26
https://basalam.com/zerafat_shop/product/10295684,کود تقویتی مخصوص آویشن ظرافت وزن 50 گرم,nan,nan,nan,nan,,True,2025-08-10 17:27:29,2025-08-10 17:27:29
https://basalam.com/zerafat_shop/product/10738517,کود تقویتی مخصوص کاکتوس پایه خیاری ظرافت وزن 50 گرم,nan,nan,nan,nan,,True,2025-08-10 17:27:32,2025-08-10 17:27:32
https://basalam.com/zerafat_shop/product/10656156,کود تقویتی مخصوص اکیناسه ( سرخارگل ) ظرافت وزن 50 گرم,nan,nan,nan,nan,,True,2025-08-10 17:27:35,2025-08-10 17:27:35
https://basalam.com/zerafat_shop/product/10700331,کود تقویتی مخصوص نخود ظرافت وزن 50 گرم,nan,nan,nan,nan,,True,2025-08-10 17:27:39,2025-08-10 17:27:39
https://basalam.com/zerafat_shop/product/10418881,کود تقویتی مخصوص گل ژربرا ظرافت وزن 50 گرم,nan,nan,nan,nan,,True,2025-08-10 17:27:42,2025-08-10 17:27:42
https://basalam.com/zerafat_shop/product/10427200,کود تقویتی مخصوص گل داوودی ظرافت وزن 50 گرم,nan,nan,nan,nan,,True,2025-08-10 17:27:45,2025-08-10 17:27:45
https://basalam.com/zerafat_shop/product/10375006,کود تقویتی مخصوص اوفیوپوگون ظرافت وزن 50 گرم,nan,nan,nan,nan,,True,2025-08-10 17:27:48,2025-08-10 17:27:48
