url,name,category,price,price_per_kg,amount_kg,last_price_update,is_available,created_at,last_updated
https://torob.com/p/2b84fb38-5f28-47ed-904d-1aec121d5b98/%DA%A9%D9%88%D8%AF-%D8%AC%D9%84%D8%A8%DA%A9-%D8%AF%D8%B1%DB%8C%D8%A7%DB%8C%DB%8C-%D9%85%D8%A7%DB%8C%D8%B9-%D8%B4%D9%88%DA%A9-%D8%A7%D8%B5%D9%84-5-%D9%84%DB%8C%D8%AA%D8%B1%DB%8C/,کود جلبک دریایی مایع شوک اصل 5 لیتری,,888000,177600.0,5,,True,2025-07-22 16:45:39,2025-07-27 16:48:28
https://torob.com/p/ae8d4083-b06f-4d62-b5f1-38967a09b58a/%D9%82%D8%B1%D8%B5-%DA%A9%D9%88%D8%AF-%D8%A7%D8%B1%DA%AF%D8%A7%D9%86%DB%8C%DA%A9-120-%D8%B9%D8%AF%D8%AF%DB%8C/,قرص کود ارگانیک 120 عددی,,66000,nan,,,True,2025-07-22 16:45:40,2025-07-29 15:01:00
https://torob.com/p/86e88419-cd7b-4fb1-9fb5-723030d8c2e8/%DA%A9%D9%88%D8%AF-%D8%B4%DB%8C%D9%85%DB%8C%D8%A7%DB%8C%DB%8C-%D8%A7%D9%88%D8%B1%D9%87-%DA%AF%D8%B1%D8%A7%D9%86%D9%88%D9%84-46-%D8%AF%D8%B1%D8%B5%D8%AF/,کود شیمیایی اوره گرانول 46 درصد,,70000,nan,,,True,2025-07-22 16:45:40,2025-07-22 16:45:40
https://torob.com/p/570734d8-40be-4f91-87d7-b5fbbd69387e/%D9%BE%D9%88%D8%AF%D8%B1-%D9%87%DB%8C%D9%88%D9%85%DB%8C%DA%A9-%D8%A7%D8%B3%DB%8C%D8%AF-%D9%BE%D9%84%D9%86%D8%AA-%DA%86%D9%88%DB%8C%D8%B3/,پودر هیومیک اسید پلنت چویس,,630000,nan,,,True,2025-07-22 16:45:40,2025-07-22 16:45:40
https://torob.com/p/bade8776-56ef-4605-82a5-f5bc51a6698d/%DA%A9%D9%88%D8%AF-%D8%B3%D9%87-%D8%A8%DB%8C%D8%B3%D8%AA-20-20-%D8%A8%D8%B1%D9%86%D8%AF-%D9%87%D8%A7%DB%8C%D9%BE%D8%B1-%D8%A7%DB%8C%DA%A9%D8%B3-%DA%AF%D8%B1%DB%8C%D9%86-%DA%A9%D9%88%D8%AF-%DA%A9%D8%A7%D9%85%D9%84-npk/,کود سه بیست 20 20 برند هایپر ایکس گرین - کود کامل NPK,,240000,nan,,,True,2025-07-22 16:45:40,2025-07-29 15:01:04
https://torob.com/p/45e37bb2-1e18-4834-9e8b-be60e4993cab/%D8%AE%D8%A7%DA%A9-%D9%81%D8%B4%D8%B1%D8%AF%D9%87-%DA%A9%D9%88%DA%A9%D9%88%D9%BE%DB%8C%D8%AA-%D9%82%D8%A7%D9%84%D8%A8-5-%DA%A9%DB%8C%D9%84%D9%88%DB%8C%DB%8C/,خاک فشرده کوکوپیت قالب 5 کیلویی,,420000,84000.0,5,,True,2025-07-22 16:45:41,2025-07-29 15:01:07
https://torob.com/p/452da00f-9ea1-4181-b44a-f5f9ba9dab2f/%D9%85%D9%88%D8%B4-%DA%A9%D8%B4-%D9%BE%D8%A7%D8%B3%D8%AA%D8%A7-%D8%A7%D8%B3%D9%BE%D8%A7%D9%86%DB%8C%D8%A7-500-%DA%AF%D8%B1%D9%85%DB%8C/,موش کش پاستا اسپانیا 500 گرمی,,300000,nan,,,True,2025-07-22 16:45:41,2025-07-22 16:45:41
https://torob.com/p/1dd5aa0b-e3d3-4bca-9424-499954db13ae/%DA%A9%D9%88%D8%AF-10x-%D8%B4%D9%88%DA%A9-%D9%86%D8%A7%D9%86%D9%88-1-%D9%84%DB%8C%D8%AA%D8%B1%DB%8C/,کود 10x شوک نانو 1 لیتری,,306000,306000.0,1,,True,2025-07-22 16:45:41,2025-07-22 16:45:41
https://torob.com/p/617b4364-1706-4072-9e5c-4d8d5f7fceb1/%DA%A9%D9%88%D8%AF-%D9%87%DB%8C%D9%88%D9%85%DB%8C%DA%A9-%D8%A7%D8%B3%DB%8C%D8%AF-%D8%B4%D9%88%DA%A9/,کود هیومیک اسید شوک,,280000,nan,,,True,2025-07-22 16:45:42,2025-07-22 16:45:42
https://torob.com/p/170ed535-53f0-4451-91d9-6afa1787814a/%DA%A9%D9%88%D8%AF-%D8%A7%D9%85%DB%8C%D9%86%D9%88-%D8%A7%D8%B3%DB%8C%D8%AF-%D8%A7%DB%8C%D8%B2%D8%A7%D8%A8%DB%8C%D9%88%D9%86-%D8%B3%DB%8C%D9%86%D8%AC%D9%86%D8%AA%D8%A7-1-%D9%84%DB%8C%D8%AA%D8%B1%DB%8C/,کود آمینو اسید ایزابیون سینجنتا ۱ لیتری,,970000,970000.0,1,,True,2025-07-22 16:45:42,2025-07-22 16:45:42
https://torob.com/p/b85979ce-30ed-40b8-b669-1c80be886982/%DA%A9%D9%88%D8%AF-%D8%A8%DB%8C%D9%88-%D8%A8%DB%8C%D8%B3%D8%AA-%D8%A7%D9%85%DA%A9%D8%B3-%D8%A7%D9%86%DA%AF%D9%84%D8%B3%D8%AA%D8%A7%D9%86/,کود بیو بیست امکس انگلستان,,268000,nan,,,True,2025-07-22 16:45:42,2025-07-22 16:45:42
https://torob.com/p/d8e01fa3-83c2-4b70-8633-fc34ff3cdcdd/%DA%A9%D9%88%D8%AF-%D9%87%DB%8C%D9%88%D9%85%DB%8C%DA%A9-%D8%A7%D8%B3%DB%8C%D8%AF-20-%D9%84%DB%8C%D8%AA%D8%B1%DB%8C-%D8%B3%D8%A8%D9%88%D8%B3%DB%8C%D8%A8-2-%D8%B9%D8%AF%D8%AF/,کود هیومیک اسید ۲۰ لیتری سبوسیب ۲ عدد,,4990000,249500.0,20,,True,2025-07-22 16:45:42,2025-07-22 16:45:42
https://torob.com/p/3007f029-aa0c-4d7d-a22b-52fda9e9a33a/%DA%A9%D9%88%D8%AF-%DA%A9%D8%A7%D9%85%D9%84-10x-%D8%B4%D9%88%DA%A9-%D8%A7%D8%B5%D9%84-%D8%A7%D9%85%D8%B1%DB%8C%DA%A9%D8%A7%DB%8C%DB%8C-%DA%AF%D8%A7%D9%84%D9%86-20-%D9%84%DB%8C%D8%AA%D8%B1%DB%8C-%D9%BE%D8%B3-%DA%A9%D8%B1%D8%A7%DB%8C%D9%87/,کود کامل 10X شوک اصل آمریکایی گالن 20 لیتری (پس کرایه),,2823300,141165.0,20,,True,2025-07-22 16:45:43,2025-07-22 16:45:43
https://torob.com/p/536459a2-df95-4d03-8f7d-0c6211351151/%D8%AD%D8%B4%D8%B1%D9%87-%DA%A9%D8%B4-%D9%88-%DA%A9%D9%86%D9%87-%DA%A9%D8%B4-%D8%A7%DA%AF%D8%B1%DB%8C%D9%85%DA%A9-%DA%AF%D9%84%D8%AF-%D8%B3%DB%8C%D9%86%D8%AC%D9%86%D8%AA%D8%A7/,حشره کش و کنه کش اگریمک گلد سینجنتا,,1080000,nan,,,True,2025-07-22 16:45:43,2025-07-22 16:45:43
https://torob.com/p/12605463-0e3b-4d95-993e-77ab99a8c425/%DA%A9%D9%88%D8%AF-%D8%AF%DB%8C-%D8%A7%D9%85%D9%88%D9%86%DB%8C%D9%88%D9%85-%D9%81%D8%B3%D9%81%D8%A7%D8%AA-dap-%DA%AF%D8%B1%D8%A7%D9%86%D9%88%D9%84%D9%87-%D8%B1%D8%A7%D8%B2%DB%8C/,کود دی آمونیوم فسفات (DAP) گرانوله رازی,,4495000,nan,,,True,2025-07-22 16:45:43,2025-07-22 16:45:43
https://torob.com/p/2fd85f47-252b-464b-9181-235c227b9fac/%DA%A9%D9%88%D8%AF-%D9%BE%D9%88%D8%AF%D8%B1%DB%8C-%D9%85%D8%B9%D8%AC%D8%B2%D9%87-%DA%AF%D8%B1-%D8%A7%DB%8C%DA%A9%D8%B3-%DA%AF%D8%B1%DB%8C%D9%86-%D8%A7%D9%85%D8%B1%DB%8C%DA%A9%D8%A7-10-%DA%A9%DB%8C%D9%84%D9%88%DB%8C%DB%8C-n-plus-xgreen/,کود پودری معجزه گر ایکس گرین آمریکا 10 کیلویی (N Plus XGreen),,554000,55400.0,10,,True,2025-07-22 16:45:43,2025-07-22 16:45:43
https://torob.com/p/16fa2e28-4aae-461e-8088-ffb7d6eb7bed/%DA%AF%D9%88%DA%AF%D8%B1%D8%AF-%D9%85%DB%8C%DA%A9%D8%B1%D9%88%D9%86%DB%8C%D8%B2%D9%87-98-%D8%A7%D8%B0%D8%B1-%D8%B4%D9%87%D8%B1/,گوگرد میکرونیزه ۹۸٪ آذر شهر,,579000,nan,,,True,2025-07-22 16:45:44,2025-07-22 16:45:44
https://torob.com/p/5727586d-281f-4c0d-a327-b980a69957d7/%DA%A9%D9%88%D8%AF-%D9%81%D8%B3%D9%81%D8%B1-%D8%A8%D8%A7%D9%84%D8%A7-80-%D8%AF%D8%B1%D8%B5%D8%AF-%D8%B4%D9%88%DA%A9-20-%D9%84%DB%8C%D8%AA%D8%B1%DB%8C/,کود فسفر بالا 80 درصد شوک (20 لیتری),,550000,27500.0,20,,True,2025-07-22 16:45:44,2025-07-22 16:45:44
https://torob.com/p/4cee6d2b-784a-4f59-9989-69762b7f2759/%DA%A9%D9%85%D9%BE%D9%88%D8%B3%D8%AA-%D8%A7%D9%85%D8%A7%D8%AF%D9%87-%D9%82%D8%A7%D8%B1%DA%86/,کمپوست آماده قارچ,,168000,nan,,,True,2025-07-22 16:45:44,2025-07-22 16:45:44
https://torob.com/p/3e039022-da5c-4529-a88d-6d5f3568d51b/%DA%A9%D9%88%D8%AF-%D8%B3%D9%88%D9%84%D9%81%D8%A7%D8%AA-%D9%BE%D8%AA%D8%A7%D8%B3%DB%8C%D9%85-%D9%BE%D8%AA%D8%A7%D8%B3%D9%84-%D8%AC%D9%86%D9%88%D8%A8%DA%AF%D8%A7%D9%86/,کود سولفات پتاسیم(پتاسل) جنوبگان,,130000,nan,,,True,2025-07-22 16:45:45,2025-07-22 16:45:45
https://torob.com/p/1b40764d-7d4a-4af0-b3a6-12aea6922cef/%D8%B3%D9%88%D9%BE%D8%B1-%D8%AC%D8%A7%D8%B0%D8%A8-%DA%A9%D8%B4%D8%A7%D9%88%D8%B1%D8%B2%DB%8C-10-%DA%A9%DB%8C%D9%84%D9%88%DB%8C%DB%8C-%DA%A9%D8%A7%D9%87%D8%B4-%D9%85%D8%B5%D8%B1%D9%81-%D8%A7%D8%A8-%D8%AA%D8%A7-50/,سوپر جاذب کشاورزی (10 کیلوئی) - کاهش مصرف آب تا 50%,,245000,24500.0,10,,True,2025-07-22 16:45:45,2025-07-22 16:45:45
https://torob.com/p/272f68ed-98cb-4a0a-99ac-7c8514a21e73/%DA%A9%D9%88%D8%AF-%D8%B3%D9%87-%D8%A8%DB%8C%D8%B3%D8%AA-20-20-20-%D8%B4%D9%88%DA%A9-1-%D9%84%DB%8C%D8%AA%D8%B1%DB%8C-npk/,کود سه بیست ( 20-20-20 ) شوک 1 لیتری NPK,,280000,280000.0,1,,True,2025-07-22 16:45:45,2025-07-22 16:45:45
https://torob.com/p/680d07a4-d89f-417f-86ee-61958288a3f4/%D8%B3%D9%85-%D9%82%D8%A7%D8%B1%DA%86%DA%A9%D8%B4-%DB%8C%D9%88%D9%86%DB%8C%D9%81%D9%88%D8%B1%D9%85-44-6-%D8%B3%DB%8C%D9%86%D8%AC%D9%86%D8%AA%D8%A7/,سم قارچکش یونیفورم ۴۴/۶٪ سینجنتا,,2900000,nan,,,True,2025-07-22 16:45:45,2025-07-22 16:45:45
https://torob.com/p/1e4902b1-bf9e-4401-8ea4-c24666a75dc0/%D8%A7%D8%B3%D8%AA%D8%B1%D9%88%D8%A8%DB%8C-%D8%A8%DB%8C-%D8%A7-%D8%A7%D8%B3-%D8%A7%D9%81-%D8%A7%D9%84%D9%85%D8%A7%D9%86/,استروبی بی آ اس اف آلمان,,1299000,nan,,,True,2025-07-22 16:45:46,2025-07-22 16:45:46
https://torob.com/p/dc6c3d68-941a-4ff0-a51a-3844ddcfd766/%DA%A9%D9%88%D8%AF-%D9%85%D8%A7%DB%8C%D8%B9-%D9%85%D8%AD%D8%B1%DA%A9-%D8%B1%D8%B4%D8%AF-20%D9%84%DB%8C%D8%AA%D8%B1%DB%8C-%D8%B3%D8%A8%D9%88%D8%B3%DB%8C%D8%A8-2%D8%B9%D8%AF%D8%AF/,کود مایع محرک رشد ۲۰لیتری سبوسیب (۲عدد),,457000,22850.0,20,,True,2025-07-22 16:45:46,2025-07-29 15:02:07
https://torob.com/p/75bf7258-9907-473e-8f0b-3dd0aa03dba4/%DA%A9%D9%88%D8%AF-%D8%A7%D9%88%D8%B1%D9%87-%DA%AF%D8%B1%D8%A7%D9%86%D9%88%D9%84/,کود اوره گرانول,,15000,nan,,,True,2025-07-22 16:45:46,2025-07-29 15:01:23
https://torob.com/p/e7497b3b-6337-431c-b646-10417793581d/%DA%A9%D9%88%D8%AF-npk-10-52-10/,کود NPK 10 52 10,,25000,nan,,,True,2025-07-22 16:45:46,2025-07-22 16:45:46
https://torob.com/p/883f28fb-9619-420d-b98a-7038b3252545/%DA%A9%D9%88%DA%A9%D9%88%D9%BE%DB%8C%D8%AA-%D9%87%D9%86%D8%AF%DB%8C/,کوکوپیت هندی,,65000,nan,,,True,2025-07-22 16:45:47,2025-07-29 15:01:33
https://torob.com/p/01b0313d-4a75-4d81-a8be-2de5e60bff3f/%D8%B3%D9%85-%D9%82%D8%A7%D8%B1%DA%86-%DA%A9%D8%B4-%D9%86%D9%88%D8%B1%D8%AF%D9%88%DA%A9%D8%B3-%D8%A8%D8%B1%D9%86%D8%AF-%D9%85%D8%A7%D8%B3%D9%88-%D9%88%D8%B2%D9%86-1-%DA%A9%DB%8C%D9%84%D9%88%DA%AF%D8%B1%D9%85/,سم قارچ کش نوردوکس برند ماسو وزن ۱ کیلوگرم,,180000,180000.0,1,,True,2025-07-22 16:45:47,2025-07-22 16:45:47
https://torob.com/p/1e1752db-c3b2-4596-a183-bf37a4c1c8e6/%D9%87%DB%8C%D9%88%D9%85%DB%8C%DA%A9-%D8%A7%D8%B3%DB%8C%D8%AF-%DA%AF%D8%B1%D8%A7%D9%86%D9%88%D9%84%D9%87-%D8%A7%DB%8C%DA%A9%D8%B3-%DA%AF%D8%B1%DB%8C%D9%86/,هیومیک اسید گرانوله ایکس گرین,,285000,nan,,,True,2025-07-22 16:45:47,2025-07-22 16:45:47
https://torob.com/p/0dbed27d-1691-41e1-93ba-4319965111b2/%DA%A9%D9%85%D9%BE%D9%88%D8%B3%D8%AA-%D9%81%D9%84%D9%87-%D8%A7%DB%8C/,کمپوست فله ای,,2500000,nan,,,True,2025-07-22 16:45:48,2025-07-29 15:01:43
https://torob.com/p/8afd673e-783e-47e2-b9ae-038f854cdbb7/%DA%AF%D9%88%DA%AF%D8%B1%D8%AF-%D9%BE%D9%88%D8%AF%D8%B1%DB%8C/,گوگرد پودری,,55000,nan,,,True,2025-07-22 16:45:48,2025-07-22 16:45:48
https://torob.com/p/adc29d08-ea83-4b19-9b76-16cbf213b9bf/%D8%AF%D9%88%D8%B1-%DA%A9%D9%86%D9%86%D8%AF%D9%87-%D9%85%D8%A7%D8%B1-%D9%88-%D8%AD%D8%B4%D8%B1%D8%A7%D8%AA-%D8%B3%D9%85%DB%8C%D8%B1-2%DA%A9%DB%8C%D9%84%D9%88%DA%AF%D8%B1%D9%85-%D8%B3%D9%85-%D9%85%D8%A7%D8%B1/,دور کننده مار و حشرات سمیر(2کیلوگرم) سم مار,,350000,175000.0,2,,True,2025-07-22 16:45:48,2025-07-22 16:45:48
https://torob.com/p/4a3c814e-a328-426e-ba3a-dc159b95c40f/%D8%AC%D9%84%D8%A8%DA%A9-%D8%AF%D8%B1%DB%8C%D8%A7%DB%8C%DB%8C-%D8%A7%DA%A9%D8%A7%D8%AF%DB%8C%D9%86-%DA%A9%D8%A7%D9%86%D8%A7%D8%AF%D8%A7/,جلبک دریایی آکادین کانادا,,1595000,nan,,,True,2025-07-22 16:45:49,2025-07-22 16:45:49
https://torob.com/p/f8816c1e-decd-4664-a20a-80a1acfbb29b/%DA%A9%D9%88%D8%AF-%DA%A9%D9%84%D8%B3%DB%8C%D9%85-%D9%86%DB%8C%D8%AA%D8%B1%D8%A7%D8%AA/,کود کلسیم نیترات,,30000,nan,,,True,2025-07-22 16:45:49,2025-07-22 16:45:49
https://torob.com/p/02f8e8e0-920c-4450-a718-6f1e7d3e0dd0/%DA%A9%D9%88%D8%AF-%D8%A8%DB%8C%D9%88%D8%B1%D8%A7%D8%AF%DB%8C%DA%A9%D8%A7%D9%86%D8%AA-%D9%85%D8%AD%D8%B1%DA%A9-%D8%B1%D8%B4%D8%AF-1-%D9%84%DB%8C%D8%AA%D8%B1%DB%8C-%D9%81%DB%8C%D9%88%DA%86%D8%B1%DA%A9%D9%88-%D8%A7%D8%B3%D9%BE%D8%A7%D9%86%DB%8C%D8%A7/,کود بیورادیکانت (محرک رشد) 1 لیتری فیوچرکو اسپانیا,,1300000,1300000.0,1,,True,2025-07-22 16:45:49,2025-07-22 16:45:49
https://torob.com/p/8b90a733-1e9f-400e-9719-7d0f6d9bc739/%DA%A9%D9%88%D8%AF-em-%D8%A8%D8%A7%DA%A9%D8%AA%D8%B1%DB%8C-%D9%87%D8%A7%DB%8C-%D9%85%D9%81%DB%8C%D8%AF-%D8%AF%D8%B1-%DA%A9%D8%B4%D8%A7%D9%88%D8%B1%D8%B2%DB%8C-%DA%AF%D8%A7%D9%84%D9%86-20%D9%84%DB%8C%D8%AA%D8%B1%DB%8C/,کود EM باکتری های مفید در کشاورزی گالن 20لیتری,,145000,7250.0,20,,True,2025-07-22 16:45:49,2025-07-22 16:45:49
https://torob.com/p/50d614fb-168f-47b2-b56e-23faf9553416/%D8%B3%D9%85-%D9%85%D9%88%D8%B4-%DA%A9%D8%B4-%D9%BE%D8%A7%D8%B3%D8%AA%D8%A7-%D8%B2%D8%A7%D9%BE%DB%8C-%D8%A7%D9%86%DA%AF%D9%84%DB%8C%D8%B3-%D8%B2%D8%A7%D9%BE%DB%8C-240%DA%AF%D8%B1%D9%85%DB%8C-2024/,سم موش کش پاستا زاپی انگلیس زاپی ۲۴۰گرمی ۲۰۲۴,,300000,nan,,,True,2025-07-22 16:45:50,2025-07-22 16:45:50
https://torob.com/p/08fc7401-043a-439f-a01e-b64b56a9ad9f/%D8%AC%D9%84%D8%A8%DA%A9-%D8%AF%D8%B1%DB%8C%D8%A7%DB%8C%DB%8C-%D8%A7%D8%B3%DA%A9%D9%88%D8%B2%D8%A7%DB%8C%D8%B2-%D9%BE%D9%88%D8%AF%D8%B1%DB%8C-%DB%8C%DA%A9-%DA%A9%DB%8C%D9%84%D9%88%DB%8C%DB%8C-%D8%B2%D8%A7%DB%8C%D8%B2-%D8%A7%D9%86%DA%AF%D9%84%D8%B3%D8%AA%D8%A7%D9%86/,جلبک دریایی (آسکوزایز) پودری یک کیلویی زایز انگلستان,,1220000,nan,,,True,2025-07-22 16:45:50,2025-07-22 16:45:50
https://torob.com/p/1bd60484-8c1b-46af-8db5-85485ac62617/%D8%A8%D8%B1%D8%AF%D9%88%D9%81%DB%8C%DA%A9%D8%B3-5-%D9%84%DB%8C%D8%AA%D8%B1%DB%8C/,بردوفیکس 5 لیتری,,698000,139600.0,5,,True,2025-07-22 16:45:50,2025-07-22 16:45:50
https://torob.com/p/6e3c30f1-65da-4685-9acf-006f235318dc/%DA%A9%D9%88%D8%AF-%DA%A9%D8%A7%D9%85%D9%84-10x-%D8%B4%D9%88%DA%A9-%D8%A7%D8%B5%D9%84-%D8%A7%D9%85%D8%B1%DB%8C%DA%A9%D8%A7%DB%8C%DB%8C-%D8%AD%D8%AC%D9%85/,کود کامل 10X شوک اصل آمریکایی حجم,,1200000,nan,,,True,2025-07-22 16:45:51,2025-07-29 15:01:20
https://torob.com/p/dc46cda7-014a-4530-a242-24bb27dfa3ff/%D8%B9%D9%84%D9%81-%DA%A9%D8%B4-%DA%A9%D8%A7%D9%86%D8%B3%DB%8C%D9%84-%D8%A7%DA%A9%D8%AA%DB%8C%D9%88-%D8%A8%D8%A7%DB%8C%D8%B1-%D8%A7%D9%84%D9%85%D8%A7%D9%8675-%DA%AF%D8%B1%D9%85%DB%8C/,علف کش کانسیل اکتیو بایر آلمان۷۵ گرمی,,930000,nan,,,True,2025-07-22 16:45:51,2025-07-22 16:45:51
https://torob.com/p/a74addb0-51e0-4af2-80ab-9c571964a341/%DA%A9%D9%88%D8%AF-%D8%A7%D9%86-%D9%BE%DB%8C-%DA%A9%D8%A7-20-20-20-%D9%BE%D9%86%D8%AC-%DA%A9%DB%8C%D9%84%D9%88%DB%8C%DB%8C-%D8%B2%D8%A7%DB%8C%D8%B2-%D8%A7%D9%86%DA%AF%D9%84%D8%B3%D8%AA%D8%A7%D9%86/,کود ان پی کا 20-20-20 پنج کیلویی زایز انگلستان,,1820000,nan,,,True,2025-07-22 16:45:51,2025-07-22 16:45:51
https://torob.com/p/ea2cb9c3-71b7-44ab-9a28-78233677bac5/%DA%A9%D9%88%D8%AF-%DA%AF%D9%88%DA%AF%D8%B1%D8%AF-%D9%85%D8%A7%DB%8C%D8%B9-%D8%B4%D9%88%DA%A9-20-%D9%84%DB%8C%D8%AA%D8%B1%DB%8C/,کود گوگرد مایع شوک 20 لیتری,,260000,13000.0,20,,True,2025-07-22 16:45:51,2025-07-22 16:45:51
https://torob.com/p/45692e9f-2e55-486d-ad53-861cda4a15ff/%D8%B3%D9%85-%D8%A8%D8%B1%D8%AF%D9%88%D9%81%DB%8C%DA%A9%D8%B3-%D8%A8%D8%A7%D8%BA%D8%A8%D8%A7%D9%86-%D8%AA%D8%A7%DA%A9-%D9%85%D8%AF%D9%84-02-%D8%AD%D8%AC%D9%85-1-%D9%84%DB%8C%D8%AA%D8%B1/,سم بردوفیکس باغبان تاک مدل 02 حجم 1 لیتر,,1,1.0,1,,True,2025-07-22 16:45:52,2025-07-22 16:45:52
https://torob.com/p/05571263-2250-4cc5-acda-dd4fbee35ff9/%DA%A9%D9%88%D8%AF-%D9%85%D8%B1%D8%BA%DB%8C-%D8%B4%D9%88%DA%A9-20-%D9%84%DB%8C%D8%AA%D8%B1%DB%8C/,کود مرغی شوک 20 لیتری,,259000,12950.0,20,,True,2025-07-22 16:45:52,2025-07-22 16:45:52
https://torob.com/p/f3151753-ea93-454e-a6e2-ac1b076ddd14/%DA%A9%D9%88%D8%AF-%D8%A7%D9%85%DB%8C%D9%86%D9%88-%D8%A7%D8%B3%DB%8C%D8%AF-%D9%85%D8%A7%DB%8C%D8%B9-%D8%A7%D8%B1%DA%AF%D8%A7%D9%86%DB%8C%DA%A9-%D8%B2%D8%B1%DA%AF%D8%B1%DB%8C%D9%86-%D8%A8%DB%8C%D8%B3%D8%AA-%D9%84%DB%8C%D8%AA%D8%B1%DB%8C-%D9%BE%D8%B3-%DA%A9%D8%B1%D8%A7%DB%8C%D9%87/,کود آمینو اسید مایع ارگانیک زرگرین بیست لیتری ( پس کرایه),,820000,nan,,,True,2025-07-22 16:45:52,2025-07-22 16:45:52
https://torob.com/p/507ce564-3389-414f-8890-6ef6cab5250a/%DA%A9%D9%88%D8%AF-%D9%BE%D8%AA%D8%A7%D8%B3-%D8%A8%D8%A7%D9%84%D8%A7-k60-%D8%B4%D9%88%DA%A9-%D8%A7%D9%85%D8%B1%DB%8C%DA%A9%D8%A7%DB%8C%DB%8C-%D9%86%D8%A7%D9%86%D9%88-%D8%A7%D8%B5%D9%84-5-%D9%84%DB%8C%D8%AA%D8%B1%DB%8C/,کود پتاس بالا (k60) شوک آمریکایی نانو اصل 5 لیتری,,872100,174420.0,5,,True,2025-07-22 16:45:53,2025-07-22 16:45:53
https://torob.com/p/135fad6c-9be1-490c-bbdd-0ba597ca1124/%DA%A9%D9%88%D8%AF-%D8%A7%DA%A9%D9%88%D8%B1%D9%85%D9%88%D9%86-%D9%86%DB%8C%D9%85-%D9%84%DB%8C%D8%AA%D8%B1%DB%8C-%D9%81%DB%8C%D9%88%DA%86%D8%B1%DA%A9%D9%88-%D8%A7%D8%B3%D9%BE%D8%A7%D9%86%DB%8C%D8%A7/,کود اکورمون نیم لیتری فیوچرکو اسپانیا,,1070000,nan,,,True,2025-07-22 16:45:53,2025-07-22 16:45:53
https://torob.com/p/5c68324c-3194-4733-8397-e4f3f43a2944/%DA%A9%D9%88%D8%AF-%DA%AF%D9%88%DA%AF%D8%B1%D8%AF-%D9%85%D8%B9%D8%AF%D9%86%DB%8C-%D8%B2%D8%B1%DA%A9%D9%88%D9%87-%DA%AF%D8%B1%D8%A7%D9%86%D9%88%D9%84-30kg/,کود گوگرد معدنی زرکوه گرانول (30Kg),,525000,nan,,,True,2025-07-22 16:45:53,2025-07-29 15:02:24
https://torob.com/p/3c508adc-c028-4362-bb1b-2b84521af045/%DA%A9%D9%88%D8%AF-%DA%A9%D8%A7%D9%85%D9%84-%D9%BE%D8%AA%D8%A7%D8%B3-%D8%A8%D8%A7%D9%84%D8%A7-36-12-12-%D8%A7%DA%AF%D8%B1%D9%88%D9%84%D8%A7%DB%8C%D9%88-10kg/,کود کامل پتاس بالا 36-12-12 اگرولایو (10kg),,1760000,nan,,,True,2025-07-22 16:45:54,2025-07-22 16:45:54
https://torob.com/p/d6c927f7-6dd9-4477-8991-b6a7d4f47033/%DA%A9%D9%88%D8%AF-%D8%AF%DB%8C-%D8%A7%D9%85%D9%88%D9%86%DB%8C%D9%88%D9%85-%D9%81%D8%B3%D9%81%D8%A7%D8%AA-4-%D9%84%DB%8C%D8%AA%D8%B1%DB%8C-%D9%81%D8%B3%D9%81%D8%B1-%D8%A8%D8%A7%D9%84%D8%A7-%D8%B1%D9%88%DB%8C%D8%B4-2/,کود دی آمونیوم فسفات 4 لیتری (فسفر بالا رویش 2),,446400,111600.0,4,,True,2025-07-22 16:45:54,2025-07-29 15:02:26
https://torob.com/p/0c39229c-5f77-45d2-8348-f2e4629220bf/%DA%A9%D9%88%D8%AF-%D9%85%D8%A7%DB%8C%D8%B9-%D8%B2%D8%B1%DA%AF%D8%B1%DB%8C%D9%86/,کود مایع زرگرین,,625000,nan,,,True,2025-07-22 16:45:54,2025-07-27 16:58:52
https://torob.com/p/6d6f48ad-4794-41d2-8547-268c11ad375a/%D8%AD%D8%B4%D8%B1%D9%87-%DA%A9%D8%B4-%D9%BE%D8%B1%D9%88%D9%81%D9%86%D9%88%D9%81%D9%88%D8%B3-50-%D8%AE%D8%B2%D8%B1-%D8%B3%D9%85-%D9%88-%DA%A9%D9%88%D8%AF/,حشره کش پروفنوفوس 50% خزر سم و کود,,440000,nan,,,True,2025-07-22 16:45:54,2025-07-29 15:02:23
https://torob.com/p/cea60c3c-42c9-4913-9d60-754b4af835f0/%D8%AE%D8%A7%DA%A9-%D8%A8%D8%A7%D8%BA-%D9%88-%D8%A8%D8%A7%D8%BA%DA%86%D9%87-%D8%A7%D8%B1%DA%AF%D8%A7%D9%86%DB%8C%DA%A9-%D8%B7%D8%A8%DB%8C%D8%B9%D8%AA-%D8%B4%DB%8C%DA%A9-%D8%BA%D9%86%DB%8C-%D9%88-%D9%85%D9%86%D8%A7%D8%B3%D8%A8-%D8%A8%D8%B1%D8%A7%DB%8C-%DA%AF%DB%8C%D8%A7%D9%87%D8%A7%D9%86-%D9%81%D8%B6%D8%A7%DB%8C-%D8%A8%D8%A7%D8%B2-%D8%A8%D8%B3%D8%AA%D9%87-%D8%A8%D8%B2%D8%B1%DA%AF-10-%DA%A9%DB%8C%D9%84%D9%88%DB%8C%DB%8C/,"""خاک باغ و باغچه ارگانیک طبیعت شیک - غنی و مناسب برای گیاهان فضای باز"" - بسته بزرگ 10 کیلویی",,45000,4500.0,10,,True,2025-07-22 16:45:55,2025-07-29 15:02:29
https://torob.com/p/b414ba08-697e-4019-9a9b-75add39d6c24/%D8%B3%D9%85-%D9%82%D8%A7%D8%B1%DA%86%DA%A9%D8%B4-%D8%A7%DB%8C%D9%86%D8%B4%D9%88%D8%B1-%D9%BE%D8%B1%D9%81%D8%B1%D9%85-%D8%A8%D8%A7%D8%B3%D9%81-basf-%D8%A7%D9%84%D9%85%D8%A7%D9%86/,سم قارچکش اینشور پرفرم باسف BASF آلمان,,12167000,nan,,,True,2025-07-22 16:45:55,2025-07-22 16:45:55
https://torob.com/p/ec3ef12c-3078-4941-ab57-10bc8db14140/%DA%A9%D9%88%D8%AF-%D8%A7%D9%87%D9%86-5-%DA%A9%DB%8C%D9%84%D9%88%DA%AF%D8%B1%D9%85%DB%8C-%DA%A9%D9%84%D8%A7%D8%AA-%D8%A7%D9%88%D8%B1%D8%AA%D9%88-48-%D8%B2%D8%A7%DB%8C%D8%B2-%D8%A7%D9%86%DA%AF%D9%84%D8%B3%D8%AA%D8%A7%D9%86/,کود آهن 5 کیلوگرمی کلات اورتو 4.8 زایز انگلستان,,5690000,1138000.0,5,,True,2025-07-22 16:45:55,2025-07-29 15:02:34
https://torob.com/p/e8caab26-49bf-4b17-9490-571d36a266f2/%D8%AF%DB%8C%D8%A7%D8%B2%DB%8C%D9%86%D9%88%D9%86-60-%D8%AF%D8%B1%D8%B5%D8%AF-%D9%BE%D8%A7%DA%A9-%D8%B3%D9%85/,دیازینون 60 درصد پاک سم,,900000,nan,,,True,2025-07-22 16:45:56,2025-07-22 16:45:56
https://torob.com/p/35608796-bee7-4b19-820a-19ffb9304077/%DA%A9%D9%88%D8%AF-%D9%86%DB%8C%D8%AA%D8%B1%D8%A7%D8%AA-%DA%A9%D9%84%D8%B3%DB%8C%D9%85-%D8%B3%DB%8C%DA%A9%D9%84%D9%88%D8%B2-%D8%A7%D8%B3%D9%BE%D8%A7%D9%86%DB%8C%D8%A7/,کود نیترات کلسیم سیکلوز اسپانیا,,1700000,nan,,,True,2025-07-22 16:45:56,2025-07-22 16:45:56
https://torob.com/p/5dd9acac-2730-4eed-8bd7-2703a8cd026e/%DA%A9%D9%88%D8%AF-%D8%B3%D9%88%D9%84%D9%81%D8%A7%D8%AA-%D8%B1%D9%88%DB%8C-34/,کود سولفات روی 34%,,2408000,nan,,,True,2025-07-22 16:45:56,2025-07-29 15:02:51
https://torob.com/p/b9b925b3-460c-4a7c-9208-015b16dc61cc/%DA%A9%D9%88%D8%AF-%D9%85%D8%A7%DB%8C%D8%B9-%D9%85%D8%B1%D8%BA%DB%8C-%DA%AF%D8%A7%D9%84%D9%86-20-%D9%84%DB%8C%D8%AA%D8%B1%DB%8C-%D9%88%D8%A7%D8%B1%D8%AF%D8%A7%D8%AA%DB%8C-%D9%85%DB%8C%D9%84%D8%AA%D8%A7%D8%B1/,کود مایع مرغی گالن ۲۰ لیتری وارداتی میلتار,,1685000,84250.0,20,,True,2025-07-22 16:45:57,2025-07-27 16:50:15
https://torob.com/p/954c2b8f-ebfa-435f-8f0d-c5fb2b5757c0/%D9%82%D8%A7%D8%B1%DA%86-%DA%A9%D8%B4-%D8%A7%DB%8C%D9%BE%D8%B1%D9%88%D8%AF%DB%8C%D9%88%D9%86-%DA%A9%D8%A7%D8%B1%D8%A8%D9%86%D8%AF%D8%A7%D8%B2%DB%8C%D9%85-%D8%B1%D9%88%D8%B1%D8%A7%D9%84-%D8%AA%DB%8C-%D8%A7%D8%B3-%DA%AF%D9%84-%D8%B3%D9%85-%DB%8C%DA%A9-%DA%A9%DB%8C%D9%84%D9%88%DA%AF%D8%B1%D9%85%DB%8C-%D8%B3%D9%85-%D8%A7%DB%8C%D9%BE%D8%B1%D9%88%D8%AF%DB%8C%D9%88%D9%86-%DA%A9%D8%A7%D8%B1%D8%A8%D9%86%D8%AF%D8%A7%D8%B2%DB%8C%D9%85/,قارچ‌ کش ایپرودیون کاربندازیم (رورال تی اس) گل سم یک کیلوگرمی سم ایپرودیون کاربندازیم,,1700000,nan,,,True,2025-07-22 16:45:57,2025-07-29 15:02:31
https://torob.com/p/f7dd511c-a694-44ac-bcb7-c1d9bc440786/%DA%A9%D9%88%D8%AF-%D9%BE%D8%AA%D8%A7%D8%B3-%D8%A8%D8%A7%D9%84%D8%A7-60-%D8%AF%D8%B1%D8%B5%D8%AF-%D8%B4%D9%88%DA%A9/,کود پتاس بالا 60 درصد شوک,,2700000,nan,,,True,2025-07-22 16:45:57,2025-07-29 15:02:38
https://torob.com/p/edb713aa-4d43-4d4b-8d91-e359c72ea2a9/%DA%AF%D9%88%DA%AF%D8%B1%D8%AF-%DA%AF%D8%B1%D8%A7%D9%86%D9%88%D9%84-%D9%85%D8%B9%D8%AF%D9%86%DB%8C-25-%DA%A9%DB%8C%D9%84%D9%88%DB%8C%DB%8C/,گوگرد گرانول معدنی 25 کیلویی,,195000,7800.0,25,,True,2025-07-22 16:45:57,2025-07-29 15:02:44
https://torob.com/p/458a7c0d-90b4-47c9-a095-7ece1bc9179b/%DA%A9%D9%88%D8%AF-%D8%B1%DB%8C%D8%B4%D9%87-%D8%B2%D8%A7%DB%8C%DB%8C-10-52-10-%D9%BE%DB%8C%DA%A9%D8%A7/,کود ریشه زایی 10-52-10 پیکا,,33500,nan,,,True,2025-07-22 16:45:58,2025-07-29 15:03:07
https://torob.com/p/435eea49-4e16-43d8-bda1-a38373807401/%D9%87%D9%88%D8%B1%D9%85%D9%88%D9%86-%D8%AC%DB%8C%D8%A8%D8%B1%D9%84%DB%8C%D9%86-%D9%85%D8%AD%D8%B1%DA%A9-%D8%B1%D8%B4%D8%AF-%DA%AF%DB%8C%D8%A7%D9%87%D8%A7%D9%86-%D8%A8%D9%87-%D8%B5%D9%88%D8%B1%D8%AA-%D9%82%D8%B1%D8%B5-%DA%A9%D8%A7%D9%85%D9%84%D8%A7-%D9%88%D8%A7%D8%B1%D8%AF%D8%A7%D8%AA%DB%8C/,هورمون جیبرلین محرک رشد گیاهان به صورت قرص کاملا وارداتی,,95000,nan,,,True,2025-07-22 16:45:58,2025-07-27 16:50:30
https://torob.com/p/7bc12caf-785a-4d92-96c6-41a889c2f05f/%D8%B3%D9%85-%DA%A9%D9%86%D9%81%DB%8C%D8%AF%D9%88%D8%B1/,سم کنفیدور,,85000,nan,,,True,2025-07-22 16:45:58,2025-07-29 15:02:36
https://torob.com/p/90a7bf9e-3a3c-4387-b19b-11ad940a255a/%D9%BE%DA%A9-%DA%A9%D9%88%D8%AF-npk-%D8%B4%D8%A7%D9%85%D9%84-%DA%A9%D9%88%D8%AF%D9%87%D8%A7%DB%8C-20-20-20-12-12-36-10-52-10-%D9%85%DB%8C-%D8%A8%D8%A7%D8%B4%D8%AF-%DA%A9%D9%87-%D8%AF%D8%B1-%D8%A8%D8%B3%D8%AA%D9%87-%D9%87%D8%A7%DB%8C-50-%D9%88-100-%DA%AF%D8%B1%D9%85%DB%8C-%D9%85%DB%8C%D8%AA%D9%88%D8%A7%D9%86%DB%8C%D8%AF-%D8%AE%D8%B1%DB%8C%D8%AF-%DA%A9%D9%86%DB%8C%D8%AF/,پک کود NPK شامل کودهای 20-20-20 ، 12-12-36 ، 10-52-10 می باشد که در بسته های 50 و 100 گرمی میتوانید خرید کنید.,,170000,nan,,,True,2025-07-22 16:45:59,2025-07-27 17:00:49
https://torob.com/p/d5aba45c-38a6-4baf-95e7-c03bf2a1fc0b/%D9%82%D8%B1%D8%B5-%DA%A9%D9%88%D8%AF-%D8%A7%D8%B1%DA%AF%D8%A7%D9%86%DB%8C%DA%A9-120-%D8%B9%D8%AF%D8%AF%DB%8C-%D8%A8%DB%8C%D8%B2-10-%D8%A8%D8%B3%D8%AA%D9%87/,قرص کود ارگانیک ۱۲۰ عددی بیز ۱۰ بسته,,1200000,nan,,,True,2025-07-22 16:45:59,2025-07-29 15:03:18
https://torob.com/p/0bda1f62-fef4-4823-97d5-c4b574d5f88f/%D9%87%DB%8C%D9%88%D9%85%DB%8C%DA%A9-%D8%A7%D8%B3%DB%8C%D8%AF-%DA%AF%D8%B1%D8%A7%D9%86%D9%88%D9%84-%D8%A7%D9%84%DB%8C-%D8%A8%D9%87%D8%B3%D8%A7%D8%B2%D8%AE%D8%A7%DA%A9-25-%DA%A9%DB%8C%D9%84%D9%88%DB%8C%DB%8C/,هیومیک اسید گرانول آلی بهسازخاک 25 کیلویی,,260000,10400.0,25,,True,2025-07-22 16:45:59,2025-07-27 16:50:31
https://torob.com/p/07c76553-d205-4da6-af82-640664fbfec3/%DA%A9%D9%88%D8%AF-%D8%B4%DB%8C%D9%85%DB%8C%D8%A7%DB%8C%DB%8C-%D9%81%D8%B3%D9%81%D8%A7%D8%AA-%DA%AF%D8%B1%D8%A7%D9%86%D9%88%D9%84%D9%87-22%D8%AF%D8%B1%D8%B5%D8%AF-ssp-16/,کود شیمیایی فسفات گرانوله 22درصد (SSP-16%)-,,1000000,nan,,,True,2025-07-22 16:46:00,2025-07-29 15:02:47
https://torob.com/p/b29a806f-5e59-433e-9e85-41ea7305b816/%DA%A9%D9%88%D8%AF-%D8%B4%D9%88%DA%A9-10x-%DA%AF%D9%84%D8%AF-%DB%8C%D8%A7-gold-%D8%A8%D8%B1%D8%A7%DB%8C-%D8%AE%D8%B1%DB%8C%D8%AF/,کود شوک 10X گلد یا Gold برای خرید,,12000000,nan,,,True,2025-07-22 16:46:00,2025-07-27 16:50:23
https://torob.com/p/7c189473-01ae-4ee6-89f3-cd1e7d4d02e3/%D8%B9%D8%B5%D8%A7%D8%B1%D9%87-%DA%A9%D9%88%D8%AF-%D9%85%D8%B1%D8%BA-%D9%88-%D9%85%D8%A7%D9%87%DB%8C-%D8%BA%D9%86%DB%8C-%D8%B4%D8%AF%D9%87-%D8%A8%D8%A7-%D9%87%DB%8C%D9%88%D9%85%DB%8C%DA%A9-%D9%88-%D9%81%D9%88%D9%84%D9%88%DB%8C%DB%8C%DA%A9-%D8%BA%D9%84%DB%8C%D8%B8-%D9%88-%DA%98%D9%84%D9%87-%D8%A7%DB%8C-x5-%D8%A7%D8%B1%DA%AF%D9%88%D9%85%DB%8C%DA%A9%D8%B3-20-%D9%84%DB%8C%D8%AA%D8%B1%DB%8C/,عصاره کود مرغ و ماهی غنی شده با هیومیک و فولوئیک غلیظ و ژله ای x5 آرگومیکس 20 لیتری,,1600000,80000.0,20,,True,2025-07-22 16:46:00,2025-07-29 15:03:09
https://torob.com/p/23b4e172-6e4b-4111-bf2e-81b0f6fde853/%D9%87%DB%8C%D9%88%D9%85%DB%8C%DA%A9-%D8%A7%D8%B3%DB%8C%D8%AF-%D9%BE%D8%B1%DA%A9-100-%D8%A7%D8%B1%DA%AF%D8%A7%D9%86%DB%8C%DA%A9-%DA%86%DB%8C%D9%86%DB%8C/,هیومیک اسید پرک 100% ارگانیک چینی,,3700000,nan,,,True,2025-07-22 16:46:00,2025-07-29 15:03:04
https://torob.com/p/ccea2076-fc6e-4308-9b45-62c4cff05c9f/%DA%A9%D9%88%D8%AF-%DA%A9%D8%A7%D9%85%D9%84-10x-%D8%B4%D9%88%DA%A9/,کود کامل 10x شوک,,3200000,nan,,,True,2025-07-22 16:46:01,2025-07-27 16:50:32
https://torob.com/p/cd2e7ad9-e5fc-484b-b5fe-7be0a8f11773/%D9%82%D8%A7%D8%B1%DA%86-%DA%A9%D8%B4-%D9%86%D8%A7%D8%AA%DB%8C%D9%88%D9%88-%D8%AA%D8%B1%DB%8C-%D9%81%D9%84%D9%88%DA%A9%D8%B3%DB%8C-%D8%A7%D8%B3%D8%AA%D8%B1%D9%88%D8%A8%DB%8C%D9%86%2B-%D8%AA%D8%A8%D9%88%DA%A9%D9%88%D9%86%D8%A7%D8%B2%D9%88%D9%84-200-%DA%AF%D8%B1%D9%85%DB%8C/,قارچ کش ناتیوو ( تری فلوکسی استروبین+ تبوکونازول) 200 گرمی,,900000,nan,,,True,2025-07-22 16:46:01,2025-07-27 16:50:52
https://torob.com/p/3760f443-5237-404f-9edf-1b2caed90c7e/%DA%A9%D9%88%D8%AF-%D8%B3%D9%87-%D8%A8%DB%8C%D8%B3%D8%AA-20-20-20-npk-10%DA%A9%DB%8C%D9%84%D9%88%DA%AF%D8%B1%D9%85/,کود سه بیست (20-20-20 NPK) - 10کیلوگرم,,1800000,180000.0,10,,True,2025-07-22 16:46:01,2025-07-29 15:02:57
https://torob.com/p/a8498a4a-bba5-41e4-8644-e7ea94c03ff1/%DA%A9%D9%88%D8%AF-%D9%85%D8%A7%DB%8C%D8%B9-%D9%81%D8%B3%D9%81%D9%88%D8%B2%DB%8C%D9%86%DA%A9-%D8%AD%D8%A7%D9%88%DB%8C-%D8%B9%D9%86%D8%A7%D8%B5%D8%B1-%D9%81%D8%B3%D9%81%D8%B1-%D8%B1%D9%88%DB%8C-%D9%86%DB%8C%D8%AA%D8%B1%D9%88%DA%98%D9%86-%D9%BE%D8%AA%D8%A7%D8%B3%DB%8C%D9%85-%D9%88-%DA%A9%D9%84%D8%B3%DB%8C%D9%85/,کود مایع فسفوزینک (حاوی عناصر فسفر، روی، نیتروژن، پتاسیم و کلسیم),,463250,nan,,,True,2025-07-22 16:46:02,2025-07-29 15:03:16
https://torob.com/p/eeb69058-7863-423e-8bbc-4e66d9100022/%DA%A9%D9%88%D8%AF-%D9%BE%D9%84%DB%8C%D8%AA-%D9%85%D8%B1%D8%BA%DB%8C-25-%DA%A9%DB%8C%D9%84%D9%88%DA%AF%D8%B1%D9%85%DB%8C/,کود پلیت مرغی 25 کیلوگرمی,,227500,9100.0,25,,True,2025-07-22 16:46:02,2025-07-27 16:50:27
https://torob.com/p/856f8ab5-409a-408c-b279-4c91946b9a98/%D9%86%D9%85%D8%A7%DA%A9%D9%88%D8%A8-%D9%BE%D9%84%D8%A7%D8%B3/,نماکوب پلاس,,2520000,nan,,,True,2025-07-22 16:46:02,2025-07-27 16:52:10
https://torob.com/p/e41f0413-d175-4780-bf1d-3799544563c9/%DA%A9%D9%88%D8%AF-%D8%B4%D9%88%DA%A9-10x-%D8%AA%D9%82%D9%88%DB%8C%D8%AA%DB%8C-%DA%A9%D8%A7%D9%85%D9%84/,کود شوک 10X تقویتی کامل,,5300000,nan,,,True,2025-07-22 16:46:03,2025-07-27 16:50:16
https://torob.com/p/2fe837e3-2cf3-4b44-9c5a-fe4ce187a43f/%DA%A9%D9%88%D8%AF-%D9%87%DB%8C%D9%88%D9%85%DB%8C%DA%A9-%D8%A7%D8%B3%DB%8C%D8%AF-%D8%B4%D9%88%DA%A9-%D8%A7%D9%88%D8%B1%D8%AC%DB%8C%D9%86%D8%A7%D9%84-%D8%A7%D9%85%D8%B1%DB%8C%DA%A9%D8%A7-20-%D9%84%DB%8C%D8%AA%D8%B1/,کود هیومیک اسید شوک اورجینال امریکا - ۲۰ لیتر,,3597000,179850.0,20,,True,2025-07-22 16:46:03,2025-07-27 16:50:22
https://torob.com/p/8bed4f7e-55ed-4a39-8b01-4fb62278d656/%DA%A9%D9%88%D8%AF-npk-202020-%DB%8C%D9%88%D8%B1%D9%88%D8%B3%D8%A7%D9%84%DB%8C%D8%AF%D8%B2/,کود NPK 20.20.20 یوروسالیدز,,5200000,nan,,,True,2025-07-22 16:46:03,2025-07-29 15:02:43
https://torob.com/p/d26bfe53-92e8-4ebb-8ead-6209f17c9c26/%DA%A9%D9%86%D9%87-%DA%A9%D8%B4-%D9%87%DA%AF%D8%B2%DB%8C-%D8%AA%DB%8C%D8%A7%D8%B2%D9%88%DA%A9%D8%B3-%D9%86%DB%8C%D8%B3%D9%88%D8%B1%D9%88%D9%86-%D8%A7%D8%B1%DB%8C%D8%A7/,کنه کش هگزی تیازوکس (نیسورون) آریا,,550000,nan,,,True,2025-07-22 16:46:04,2025-07-29 15:03:06
https://torob.com/p/4d173334-31aa-47d2-b0b7-0f84927f4a6c/%DA%A9%D9%88%D8%AF-%DA%A9%D8%A7%D9%85%D9%84-%D9%BE%D8%AA%D8%A7%D8%B3-%D8%A8%D8%A7%D9%84%D8%A7-36-12-12-%D8%B2%D8%A7%DB%8C%D8%B2-%D8%A7%D9%86%DA%AF%D9%84%D8%B3%D8%AA%D8%A7%D9%86/,کود کامل پتاس بالا 36-12-12 زایز انگلستان,,480000,nan,,,True,2025-07-22 16:46:04,2025-07-27 16:50:56
https://torob.com/p/a5dbc5c6-832c-440d-928c-abda5719a282/%D8%AE%D8%B1%DB%8C%D8%AF-%D8%B3%D9%85-%D9%82%D8%A7%D8%B1%DA%86-%DA%A9%D8%B4-%D8%A7%D8%B3%D8%AA%D8%B1%D9%88%D8%A8%DB%8C-%D8%A8%D8%A7%D8%B3%D9%81-basf%D8%A7%D9%84%D9%85%D8%A7%D9%86-200%DA%AF%D8%B1%D9%85%DB%8C/,خرید سم قارچ کش استروبی باسف Basfآلمان 200گرمی,,1550000,nan,,,True,2025-07-22 16:46:04,2025-07-29 15:03:12
https://torob.com/p/59cf407e-3a0b-4eb3-993b-9475da061146/%DA%A9%D9%88%D8%AF-%D8%B3%D9%88%D9%84%D9%81%D8%A7%D8%AA-%D9%BE%D8%AA%D8%A7%D8%B3%DB%8C%D9%85-%D8%B3%D9%88%D9%84%D9%88%D9%BE%D8%AA%D8%A7%D8%B3/,کود سولفات پتاسیم (سولوپتاس),,3900000,nan,,,True,2025-07-22 16:46:05,2025-07-29 15:03:01
https://torob.com/p/a82d44f8-e522-465d-9640-edd8f9e54f2c/%D9%82%D8%A7%D8%B1%DA%86-%DA%A9%D8%B4-%D8%A7%D9%84%DB%8C%D8%AA-%D9%81%D9%88%D8%B2%D8%AA%DB%8C%D9%84-%D8%A7%D9%84%D9%88%D9%85%DB%8C%D9%86%DB%8C%D9%88%D9%85-wg-80-%DA%86%DB%8C%D9%86%DB%8C/,قارچ کش الیت(فوزتیل آلومینیوم)WG %80 چینی,,415000,nan,,,True,2025-07-22 16:46:05,2025-07-27 16:50:36
https://torob.com/p/66c99c33-d965-4f40-88cb-d7a84ced8447/%D9%88%D8%B1%D9%85%DB%8C-%DA%A9%D9%85%D9%BE%D9%88%D8%B3%D8%AA-25-%DA%A9%DB%8C%D9%84%D9%88%DB%8C%DB%8C-%D9%85%D8%A7%DA%AF%D8%B1%D9%88/,ورمی کمپوست 25 کیلویی ماگرو,,162000,6480.0,25,,True,2025-07-22 16:46:05,2025-07-27 16:50:20
https://torob.com/p/4ac9f1d8-92ef-49c3-8439-ee1625b4cf94/%D8%B3%D9%85-%D8%A7%D8%A8%D8%A7%D9%85%DA%A9%D8%AA%DB%8C%D9%86/,سم آبامکتین,,280000,nan,,,True,2025-07-22 16:46:05,2025-07-27 16:51:33
https://torob.com/p/ed540258-5a29-4f2e-a8a2-e5cd00c6ef98/%DA%A9%D9%88%D8%AF-%D9%85%D8%A7%DB%8C%D8%B9-%D9%85%D8%AE%D8%B5%D9%88%D8%B5-%DB%8C%D9%88%D9%86%D8%AC%D9%87-5-%D9%84%DB%8C%D8%AA%D8%B1%DB%8C-%D9%81%D9%84%D9%88%D8%B1%DB%8C%D8%B4/,کود مایع مخصوص یونجه 5 لیتری فلوریش,,850000,170000.0,5,,True,2025-07-22 16:46:06,2025-07-29 15:02:46
https://torob.com/p/e1ab2ecc-b5fc-46c0-849d-dfeb12a7f99d/%DA%A9%D9%88%D8%AF-%D8%A7%D9%88%D8%B1%D9%87-%D9%81%D8%B3%D9%81%D8%A7%D8%AA/,کود اوره فسفات,,3800000,nan,,,True,2025-07-22 16:46:06,2025-07-29 15:02:56
https://torob.com/p/d0ccda3f-636b-478a-9a37-8433a47a7b66/%D8%A7%D9%81%D8%AA-%DA%A9%D8%B4-%D9%85%D8%B7%D9%85%DB%8C%D9%86-%D9%88-%DA%A9%D9%85-%D8%AE%D8%B7%D8%B1-%D8%A8%D8%B1%D8%A7%DB%8C-%D8%AE%D8%A7%D9%86%D9%87-%DB%8C-%D8%B3%D8%A8%D8%B2-%D8%B4%D9%85%D8%A7-%D8%B3%D9%85-%D9%85%D8%A7%D9%84%D8%A7%D8%AA%DB%8C%D9%88%D9%86-40-%DA%AF%D8%B1%D9%85%DB%8C-%D8%A8%D8%A7-%DA%A9%DB%8C%D9%81%DB%8C%D8%AA-%D8%A8%D8%A7%D9%84%D8%A7-%D8%A7%D9%86%D8%AA%D8%AE%D8%A7%D8%A8%DB%8C-%D9%85%D9%88%D8%AB%D8%B1-%D8%A8%D8%B1%D8%A7%DB%8C-%D8%A7%D8%B2-%D8%A8%DB%8C%D9%86-%D8%A8%D8%B1%D8%AF%D9%86-%D8%A7%D9%81%D8%A7%D8%AA-%D8%B1%D8%A7%DB%8C%D8%AC-%DA%AF%DB%8C%D8%A7%D9%87%D8%A7%D9%86-%D8%A7%D9%BE%D8%A7%D8%B1%D8%AA%D9%85%D8%A7%D9%86%DB%8C%D9%87-%D8%A8%D8%AF%D9%88%D9%86-%D8%A7%D8%B3%DB%8C%D8%A8-%D8%A8%D9%87-%DA%AF%DB%8C%D8%A7%D9%87-%D8%B3%D8%B1%DB%8C%D8%B9-%D9%88-%D9%82%D8%AF%D8%B1%D8%AA%D9%85%D9%86%D8%AF-%D8%B9%D9%84%DB%8C%D9%87-%D8%B4%D9%BE%D8%B4%DA%A9-%D8%B4%D8%AA%D9%87-%D9%85%DA%AF%D8%B3-%D8%B3%D9%81%DB%8C%D8%AF-%D9%88-%D8%AF%DB%8C%DA%AF%D8%B1-%D8%AD%D8%B4%D8%B1%D8%A7%D8%AA-%D9%85%D8%B2%D8%A7%D8%AD%D9%85-%D8%B9%D9%85%D9%84-%D9%85%DB%8C-%DA%A9%D9%86%D9%87/,آفت‌کش مطمئن و کم‌خطر برای خانه‌ی سبز شما سم مالاتیون ۴۰ گرمی با کیفیت بالا، انتخابی مؤثر برای از بین بردن آفات رایج گیاهان آپارتمانیه. بدون آسیب به گیاه، سریع و قدرتمند علیه شپشک، شته، مگس سفید و دیگر حشرات مزاحم عمل می‌کنه.,,55000,nan,,,True,2025-07-22 16:46:06,2025-07-22 16:46:06
https://torob.com/p/a3676464-fa5a-4c84-9de9-c461b8b97bd1/%D8%AE%D8%A7%DA%A9-%DA%A9%D9%88%DA%A9%D9%88%D9%BE%DB%8C%D8%AA-%D9%88-%D9%BE%DB%8C%D8%AA-%D9%85%D8%A7%D8%B3-%DA%A9%D8%AF-49891/,خاک کوکوپیت و پیت ماس کد 49891,,280000,nan,,,True,2025-07-22 16:46:07,2025-07-22 16:46:07
https://torob.com/p/7efd99cf-9e76-45fe-ba20-771fcddf3bc8/%D8%B3%D9%85-%D9%81%DB%8C%D9%BE%D8%B1%D9%88%D9%86%DB%8C%D9%84/,سم فیپرونیل,,85000,nan,,,True,2025-07-22 16:46:07,2025-07-27 16:50:55
https://torob.com/p/1dd7ce4b-a70d-406e-802e-c920e0b7b8e5/%D8%AD%D8%B4%D8%B1%D9%87-%DA%A9%D8%B4-%D9%88%D9%86%D8%AA%DB%8C%DA%AF%D8%B1%D8%A7-basf-%D8%A7%D9%81%DB%8C%D8%AF%D9%88-%D9%BE%DB%8C%D8%B1%D9%88%D9%BE%D9%86-1%D9%84%DB%8C%D8%AA%D8%B1/,حشره کش ونتیگرا BASF (افیدو پیروپن) 1لیتر,,10000000,10000000.0,1,,True,2025-07-22 16:46:07,2025-07-22 16:46:07
https://torob.com/p/28be7b35-5689-415c-9162-3ec830245205/%DA%A9%D9%88%D8%AF-%D8%B3%DB%8C%D9%84%DB%8C%DA%A9%D8%A7%D8%AA-%D9%BE%D8%AA%D8%A7%D8%B3%DB%8C%D9%85-%D9%85%D8%A7%DB%8C%D8%B9-gsil/,کود سیلیکات پتاسیم مایع G.SIL,,460000,nan,,,True,2025-07-22 16:46:08,2025-07-27 16:50:47
https://torob.com/p/cf592331-3014-4a8b-9ce2-fd9c72634061/%DA%A9%D9%88%D8%AF-%D8%B3%D9%87-%D8%A8%DB%8C%D8%B3%D8%AA-%DA%98%D9%84%D9%87-%D8%A7%DB%8C/,کود سه بیست ژله ای,,1500000,nan,,,True,2025-07-22 16:46:08,2025-07-27 16:50:40
https://torob.com/p/d0bb803f-6fe1-47f7-a98f-1d82079b6eef/%D8%AF%D8%B1%D9%85%D8%A7%D9%86-%D8%AD%D8%B1%D9%81%D9%87-%D8%A7%DB%8C-%D8%A7%D9%81%D8%A7%D8%AA-%D8%A8%D8%A7-%D8%A7%D8%AB%D8%B1-%D8%B7%D9%88%D9%84%D8%A7%D9%86%DB%8C-%D9%85%D8%AF%D8%AA-%D8%B3%D9%85-%DA%A9%D9%86%D9%81%DB%8C%D8%AF%D9%88%D8%B1-%DA%AF%D9%84-%D9%85%D9%86-%D9%88-%D8%AA%D9%88-35-%DA%AF%D8%B1%D9%85%DB%8C-%DB%8C%DA%A9%DB%8C-%D8%A7%D8%B2-%D9%82%D9%88%DB%8C-%D8%AA%D8%B1%DB%8C%D9%86-%D8%B3%D9%85-%D9%87%D8%A7%DB%8C-%D8%B3%DB%8C%D8%B3%D8%AA%D9%85%DB%8C%DA%A9-%D8%A8%D8%B1%D8%A7%DB%8C-%D8%A7%D8%B2-%D8%A8%DB%8C%D9%86-%D8%A8%D8%B1%D8%AF%D9%86-%D8%B4%D8%AA%D9%87-%D9%85%DA%AF%D8%B3-%D8%B3%D9%81%DB%8C%D8%AF-%D8%B4%D9%BE%D8%B4%DA%A9-%D9%88-%D8%AA%D8%B1%DB%8C%D9%BE%D8%B3-%D8%AF%D8%B1-%DA%AF%DB%8C%D8%A7%D9%87%D8%A7%D9%86-%D8%A7%D9%BE%D8%A7%D8%B1%D8%AA%D9%85%D8%A7%D9%86%DB%8C%D9%87-%D8%A8%D8%A7-%D9%82%D8%AF%D8%B1%D8%AA-%D8%AC%D8%B0%D8%A8-%D8%A8%D8%A7%D9%84%D8%A7-%D9%88-%D9%85%D8%A7%D9%86%D8%AF%DA%AF%D8%A7%D8%B1%DB%8C-%D8%B7%D9%88%D9%84%D8%A7%D9%86%DB%8C-%D8%A7%D9%86%D8%AA%D8%AE%D8%A7%D8%A8%DB%8C-%D8%AD%D8%B1%D9%81%D9%87-%D8%A7%DB%8C-%D8%A8%D8%B1%D8%A7%DB%8C-%D9%86%DA%AF%D9%87%D8%AF%D8%A7%D8%B1%DB%8C-%D8%B3%D8%A8%D8%B2-%D9%88-%D8%B3%D8%A7%D9%84%D9%85-%DA%AF%DB%8C%D8%A7%D9%87%D8%A7%D8%AA%D9%87/,درمان حرفه‌ای آفات با اثر طولانی‌مدت سم کنفیدور گل من و تو (۳۵ گرمی) یکی از قوی‌ترین سم‌های سیستمیک برای از بین بردن شته، مگس سفید، شپشک و تریپس در گیاهان آپارتمانیه. با قدرت جذب بالا و ماندگاری طولانی، انتخابی حرفه‌ای برای نگهداری سبز و سالم گیاهاته.,,46000,nan,,,True,2025-07-22 16:46:08,2025-07-22 16:46:08
https://torob.com/p/27e03892-41e6-4354-8dc8-73f80d58fe9a/%DA%A9%D9%88%D8%AF-%D9%BE%D9%88%D8%AF%D8%B1%DB%8C-%D8%B3%D9%88%D9%84%D9%81%D8%A7%D8%AA-%D9%85%D9%86%DA%AF%D9%86%D8%B2/,کود پودری سولفات منگنز,,3500000,nan,,,True,2025-07-22 16:46:09,2025-07-27 16:50:48
https://torob.com/p/f86b520e-47be-43a9-9a13-55d9fdce2ec5/%D9%82%D8%A7%D8%B1%DA%86-%DA%A9%D8%B4-%D9%81%D9%88%D8%B2%D8%AA%DB%8C%D9%84-%D8%A7%D9%84%D9%88%D9%85%DB%8C%D9%86%DB%8C%D9%88%D9%85-%D8%A7%D9%84%DB%8C%D8%AA-%D8%A7%D8%B1%DB%8C%D8%A7%D8%B4%DB%8C%D9%85%DB%8C/,قارچ کش فوزتیل آلومینیوم (الیت) آریاشیمی,,230000,nan,,,True,2025-07-22 16:46:09,2025-07-27 16:50:44
https://torob.com/p/6800901a-6f05-42a2-8afb-0e4f28ee5a20/%DA%A9%D9%88%D8%AF-%D9%BE%D8%B1%DB%8C%D9%86%D9%88%D8%A7-%D8%A7%D9%87%D9%86-13-%D8%AF%D8%B1%D8%B5%D8%AF-%DA%A9%D9%84%D8%A7%D8%AA-%D8%B4%D8%AF%D9%87-%D8%A8%D8%A7-edta/,کود پرینوا آهن 13 درصد کلات شده با EDTA,,765000,nan,,,True,2025-07-22 16:46:09,2025-07-27 16:51:10
https://torob.com/p/b62ee388-18b6-498a-986c-1b89546de0b1/%DA%A9%D9%88%D8%AF-%D9%87%DB%8C%D9%88%D9%85%DB%8C%DA%A9-%DA%AF%D8%B1%D8%A7%D9%86%D9%88%D9%84-%D9%85%D8%A7%DA%AF%D8%B1%D9%88/,کود هیومیک گرانول ماگرو,,300000,nan,,,True,2025-07-22 16:46:10,2025-07-27 16:51:06
https://torob.com/p/91b1bcd1-d1a8-4ba2-9380-02927a3cc138/%DA%A9%D9%88%D8%AF-%D8%A7%D8%B3%DB%8C%D8%AF-%D8%A7%D9%85%DB%8C%D9%86%D9%87-%D8%A7%D9%85%DB%8C%D9%86%D9%88-%DA%A9%D8%A7%D8%A8%DB%8C-%DB%8C%DA%A9-%DA%A9%DB%8C%D9%84%D9%88%DA%AF%D8%B1%D9%85/,کود اسید آمینه آمینو کابی یک کیلوگرم,,450000,nan,,,True,2025-07-22 16:46:10,2025-07-27 16:50:54
https://torob.com/p/d39bb504-d69e-4d22-a2ee-7bb6424b913b/%DA%A9%D9%88%D8%AF-%D9%85%D8%A7%DB%8C%D8%B9-%DA%A9%D8%A7%D9%85%D9%84-npk-%D8%A7%D9%81%D8%B2%D8%A7%DB%8C%D8%B4-%D8%B1%D8%B4%D8%AF-%DA%AF%DB%8C%D9%84%D8%AF%D8%A7-%D9%85%D8%AF%D9%84-%D9%86%DB%8C%D8%AA%D8%B1%D9%88%DA%98%D9%86-%D8%A8%D8%A7%D9%84%D8%A7-%D8%AD%D8%AC%D9%85-120-%D9%85%DB%8C%D9%84%DB%8C-%D9%84%DB%8C%D8%AA%D8%B1/,کود مایع کامل NPK افزایش رشد گیلدا مدل نیتروژن بالا حجم‌ 120 میلی لیتر,,115000,nan,,,True,2025-07-22 16:46:10,2025-07-27 16:50:42
https://torob.com/p/c390b4fd-3fa9-4f0d-ac08-77bd89af98ea/%D8%AE%D8%B1%DB%8C%D8%AF-%D8%A7%DB%8C%D9%86%D8%AA%D8%B1%D9%86%D8%AA%DB%8C-%D9%82%D8%A7%D8%B1%DA%86-%DA%A9%D8%B4-%D8%AA%D9%88%D9%BE%D8%A7%D8%B3-%D8%B3%DB%8C%D9%86%D8%AC%D9%86%D8%AA%D8%A7-%D8%B3%D9%88%DB%8C%DB%8C%D8%B3-250%D8%B3%DB%8C-%D8%B3%DB%8C-%D9%88%D8%A7%D8%B1%D8%AF%D8%A7%D8%AA-%D8%B1%D9%87%D8%A7-%D8%A7%D9%86%D8%AF%DB%8C%D8%B4-%D8%B6%D9%85%D8%A7%D9%86%D8%AA-%D8%A7%D8%B5%D9%84-%D8%A8%D9%88%D8%AF%D9%86-%DA%A9%D8%A7%D9%84%D8%A7/,خرید اینترنتی قارچ کش توپاس سینجنتا سویئس 250سی سی واردات رها اندیش-ضمانت اصل بودن کالا,,1600000,nan,,,True,2025-07-22 16:46:11,2025-07-27 16:52:01
https://torob.com/p/47ecbfd5-8ba1-4606-a0fc-df06dead6365/%D8%B3%D9%85-%D9%82%D8%A7%D8%B1%DA%86-%DA%A9%D8%B4-%DA%A9%D9%88%D9%BE%D8%B1%D8%A7%DA%A9%D8%B3%DB%8C-%DA%A9%D9%84%D8%B1%D8%A7%DB%8C%D8%AF-%D8%A7%DA%A9%D8%B3%DB%8C-%DA%A9%D9%84%D8%B1%D9%88%D8%B1-%D9%85%D8%B3-%D9%BE%D9%88%D8%AF%D8%B1-%D9%85%D9%84%DB%8C-%D8%B4%DB%8C%D9%85%DB%8C-%DA%A9%D8%B4%D8%A7%D9%88%D8%B1%D8%B2-1-%DA%A9%DB%8C%D9%84%D9%88%DA%AF%D8%B1%D9%85-%D9%81%D9%88%DB%8C%D9%84/,سم قارچ کش کوپراکسی کلراید اکسی کلرور مس پودر ملی شیمی کشاورز 1 کیلوگرم فویل,,990000,990000.0,1,,True,2025-07-22 16:46:11,2025-07-27 16:50:08
https://torob.com/p/1bf077b3-45d1-427f-8e37-b9a1f86a430d/%DA%A9%D9%88%D8%AF-%D9%85%D8%A7%DB%8C%D8%B9-%D9%87%DB%8C%D9%88%D9%85%DB%8C%DA%A9-%D8%A7%D8%B3%DB%8C%D8%AF-%DB%8C%DA%A9-%D9%84%DB%8C%D8%AA%D8%B1%DB%8C/,کود مایع هیومیک اسید یک لیتری,,293900,nan,,,True,2025-07-22 16:46:11,2025-07-22 16:46:11
https://torob.com/p/88786c8e-c88a-44f9-ab9e-3f5cf3a344ce/%D8%B3%D9%88%D9%BE%D8%B1-%D8%AC%D8%A7%D8%B0%D8%A8-%DA%A9%D8%B4%D8%A7%D9%88%D8%B1%D8%B2%DB%8C-10-%DA%A9%DB%8C%D9%84%D9%88%DB%8C%DB%8C-%D8%B9%D9%85%D8%B1-%D8%A8%D8%A7%D9%84%D8%A7-%D8%AF%D8%B1-%D8%AE%D8%A7%DA%A9/,سوپر جاذب کشاورزی (10 کیلوئی) - عمر بالا در خاک,,4850000,485000.0,10,,True,2025-07-22 16:46:12,2025-07-27 16:50:58
https://torob.com/p/bb327ebe-6a5a-4171-ac79-6b31ebb40385/%DA%A9%D9%88%D8%AF-%DA%AF%D9%88%DA%AF%D8%B1%D8%AF-%D9%85%D8%A7%DB%8C%D8%B9-%DA%A9%D9%84%D8%B3%DB%8C%D9%85-%D8%AF%D8%A7%D8%B1-%D9%86%DB%8C%DA%86%D8%B1%D8%A7%D9%86-1-%D9%88-20-%D9%84%DB%8C%D8%AA%D8%B1%DB%8C/,کود گوگرد مایع کلسیم دار نیچران ۱ و ۲۰ لیتری,,2400000,120000.0,20,,True,2025-07-22 16:46:12,2025-07-27 16:51:02
https://torob.com/p/cdfb3b78-bdda-474c-9da5-ef2d38a23f74/%DA%A9%D9%88%D8%AF-%D8%A7%D9%84%DB%8C-%D8%B1%D9%88%DB%8C-%D9%88-%D8%A8%D9%88%D8%B1-%D9%81%D8%B1%D9%88%D8%AA-%D8%B3%D8%AA-%DA%A9%DB%8C%D9%84%DB%8C%D8%AA%D8%B1%DB%8C%D9%86-1-%D9%84%DB%8C%D8%AA%D8%B1%DB%8C-20/,کود آلی روی و بور (فروت ست) کیلیترین 1 لیتری - 20,,15000000,15000000.0,1,,True,2025-07-22 16:46:12,2025-07-27 16:51:43
https://torob.com/p/b0956e4b-63bc-43e1-9767-eebf3419a260/%DA%A9%D9%88%D8%AF-%D9%85%D8%A7%DB%8C%D8%B9-%D8%A7%D9%88%D8%B1%D9%87-%D8%A7%D9%85%D9%88%D9%86%DB%8C%D9%88%D9%85-%D9%86%DB%8C%D8%AA%D8%B1%D8%A7%D8%AA/,کود مایع اوره آمونیوم نیترات,,2000000,nan,,,True,2025-07-22 16:46:12,2025-07-27 16:50:24
https://torob.com/p/6582cae0-ee78-4be6-ab89-a5a38975efc0/%D9%85%D8%A7-%D8%A8%D9%87%D8%AA%D8%B1%DB%8C%D9%86-%D9%86%D9%88%D8%B9-%DA%A9%D9%88%D8%AF-%D8%B3%D9%87-%D8%A8%DB%8C%D8%B3%D8%AA-%D8%B1%D8%A7-%D8%AF%D8%B1-%D8%A8%D8%B3%D8%AA%D9%87-%D8%A8%D9%86%D8%AF%DB%8C-%DA%AF%D9%84-%D9%85%D9%86-%D9%88-%D8%AA%D9%88-%D8%A8%D8%B1%D8%A7%DB%8C-%D8%B4%D9%85%D8%A7-%D8%A7%D9%85%D8%A7%D8%AF%D9%87-%DA%A9%D8%B1%D8%AF%DB%8C%D9%85-%D8%AA%D8%A7-%D8%A8%D8%B1%D8%A7%DB%8C-%DA%AF%DB%8C%D8%A7%D9%87%D8%A7%D9%86-%D8%A7%D9%BE%D8%A7%D8%B1%D8%AA%D9%85%D8%A7%D9%86%DB%8C-%D8%AE%D9%88%D8%AF-%D8%A8%D8%A7-%D8%AE%DB%8C%D8%A7%D9%84-%D8%B1%D8%A7%D8%AD%D8%AA-%D8%A7%D8%B3%D8%AA%D9%81%D8%A7%D8%AF%D9%87-%DA%A9%D9%86%DB%8C%D8%AF-%DA%A9%D9%88%D8%AF-%D8%B3%D9%87-%D8%A8%DB%8C%D8%B3%D8%AA-%DA%AF%D9%84-%D9%85%D9%86-%D9%88-%D8%AA%D9%88-%D8%A8%D8%B1%D8%A7%DB%8C-%DA%AF%DB%8C%D8%A7%D9%87%D8%A7%D9%86-%DA%AF%D9%84%D8%AF%D9%87-%D9%88-%D8%A8%D8%B1%DA%AF%DB%8C-%D9%85%D9%86%D8%A7%D8%B3%D8%A8-%D8%A7%D8%B3%D8%AA/,ما بهترین نوع کود سه بیست را در بسته بندی گل من و تو برای شما آماده کردیم تا برای گیاهان آپارتمانی خود با خیال راحت استفاده کنید. کود سه بیست گل من و تو برای گیاهان گلده و برگی مناسب است.,,92000,nan,,,True,2025-07-22 16:46:13,2025-07-22 16:46:13
https://torob.com/p/39b82250-b80b-47b3-b7fb-75abc6f50133/%DA%A9%D9%88%D8%AF-%DA%A9%D8%A7%D9%85%D9%84-%DA%AF%D8%B1%D8%A7%D9%86%D9%88%D9%84%D9%87-15_15_15-%D9%87%D9%85%D8%B1%D8%A7%D9%87-%D8%A8%D8%A7-%D9%87%DB%8C%D9%88%D9%85%DB%8C%DA%A9-25-%DA%A9%DB%8C%D9%84%D9%88%DA%AF%D8%B1%D9%85%DB%8C-%D8%A8%D8%A7-%D8%AE%D8%B1%DB%8C%D8%AF-10-%DA%A9%DB%8C%D8%B3%D9%87-%DA%A9%D9%88%D8%AF-%DB%8C%DA%A9-%DA%A9%DB%8C%D8%B3%D9%87-%D8%B1%D8%A7%DB%8C%DA%AF%D8%A7%D9%86-%D8%A8%DA%AF%DB%8C%D8%B1%DB%8C%D8%AF/,کود کامل گرانوله 15_15_15 همراه با هیومیک ۲۵ کیلوگرمی (با خرید ۱۰ کیسه کود یک کیسه رایگان بگیرید),,1250000,50000.0,25,,True,2025-07-22 16:46:13,2025-07-27 16:51:04
https://torob.com/p/01e5dd33-18f3-4310-a1d8-4c3240525981/%D8%A7%D8%B3%DB%8C%D8%AF-%D9%87%DB%8C%D9%88%D9%85%DB%8C%DA%A9-%DA%AF%D8%B1%D8%A7%D9%86%D9%88%D9%84/,اسید هیومیک گرانول,,350000,nan,,,True,2025-07-22 16:46:13,2025-07-27 16:50:46
https://torob.com/p/5c8f85ee-fad4-4a68-9a78-fc13e5910d20/%D8%AE%D8%B1%DB%8C%D8%AF-%DA%A9%D9%88%D8%AF-%D9%BE%D9%88%D8%AF%D8%B1%DB%8C-10-52-10-%D8%A7%DA%AF%D8%B1%DB%8C%D9%81%D8%B1%D8%AA-%D9%85%DA%A9%D8%B2%DB%8C%DA%A9-%D9%82%DB%8C%D9%85%D8%AA-%D8%AF%DB%8C%D8%A7%D8%B1%DA%A9%D8%B4%D8%AA/,خرید کود پودری 10-52-10 اگریفرت مکزیک | قیمت | دیارکشت,,29900000,nan,,,True,2025-07-22 16:46:14,2025-07-27 16:53:38
https://torob.com/p/a092ddff-f559-4285-abcf-1c645ccb5c4e/%D8%A7%D8%B3%DB%8C%D8%AF-%D8%B3%D9%88%D9%84%D9%81%D9%88%D8%B1%DB%8C%DA%A9-98-%D9%85%D8%B3-%D8%B3%D8%B1%DA%86%D8%B4%D9%85%D9%87-%D9%81%D8%B1%D9%88%D8%B4-%D8%AC%D9%87%D8%AA-%D8%A7%D8%B1%D8%B3%D8%A7%D9%84-%D8%A8%D8%B5%D9%88%D8%B1%D8%AA-%D8%B9%D9%85%D8%AF%D9%87-%D9%85%DB%8C%D8%A8%D8%A7%D8%B4%D8%AF/,اسید سولفوریک 98% مس سرچشمه (فروش جهت ارسال بصورت عمده میباشد),,545000,nan,,,True,2025-07-22 16:46:14,2025-07-27 16:51:23
https://torob.com/p/8ee72b48-89fa-4671-9681-1481c3bc55f0/%DA%A9%D9%88%D8%AF-%DA%A9%D9%84%D8%B3%DB%8C%D9%85-%D8%A8%D9%88%D8%B1-%D8%A8%D8%A7-%D8%A7%D9%85%DB%8C%D9%86%D9%88-%D8%A7%D8%B3%DB%8C%D8%AF-%D8%A7%DB%8C%D8%B1%D8%A7%D9%85%D9%88%D9%86/,کود کلسیم بور با آمینو اسید ایرامون,,216480,nan,,,True,2025-07-22 16:46:14,2025-07-27 16:50:28
https://torob.com/p/f0f384f2-9b59-4fa7-8d8a-cf1a331ffc77/%D8%AE%D8%B1%DB%8C%D8%AF-%DA%A9%D9%88%D8%AF-%D8%B3%D9%88%D9%84%D9%88%D9%BE%D8%AA%D8%A7%D8%B3-%D9%85%D8%A7%DB%8C%D8%B9-fts-sulfo-gold-%DA%A9%D9%88%D8%AF-%D9%BE%D8%AA%D8%A7%D8%B3%DB%8C%D9%85-%D9%88-%DA%AF%D9%88%DA%AF%D8%B1%D8%AF-%D9%85%D8%A7%DB%8C%D8%B9-1-%D9%84%DB%8C%D8%AA%D8%B1%DB%8C/,خرید کود سولوپتاس مایع Fts-Sulfo GOLD | کود پتاسیم و گوگرد مایع 1 لیتری,,280000,280000.0,1,,True,2025-07-22 16:46:15,2025-07-27 16:51:00
https://torob.com/p/8e38ec38-36ec-4cf7-98ed-55420c4453ab/%D8%A7%D8%B3%DB%8C%D8%AF-%D9%87%DB%8C%D9%88%D9%85%DB%8C%DA%A9-%D9%BE%D9%88%D8%AF%D8%B1%DB%8C-k-humate-s100/,اسید هیومیک پودری | K-Humate S100,,21800000,nan,,,True,2025-07-22 16:46:15,2025-07-27 16:51:53
https://torob.com/p/1aab450f-6783-4227-9cd3-13a964076507/%DA%AF%D9%88%DA%AF%D8%B1%D8%AF-%DA%AF%D8%B1%D8%A7%D9%86%D9%88%D9%84%D9%87-%D9%85%D8%B9%D8%AF%D9%86-%D8%B2%D8%B1%DA%A9%D9%88%D9%87/,گوگرد گرانوله معدن زرکوه,,600000,nan,,,True,2025-07-22 16:46:15,2025-07-27 16:50:51
https://torob.com/p/3976a9d5-5567-4328-a047-e6bcdfcefcbf/%D8%A7%D8%A8%D8%A7%D9%85%DA%A9%D8%AA%DB%8C%D9%86-%D8%B2%D8%B1%DB%8C%D9%86-%D8%B3%D9%85/,آبامکتین زرین سم,,530000,nan,,,True,2025-07-22 16:46:16,2025-07-27 16:54:26
https://torob.com/p/8498a19a-4e9a-457d-91dc-e798f09df0bf/%DA%A9%D9%88%D8%AF-%DA%A9%D9%84%D8%A7%D8%AA-%D8%A7%D9%87%D9%86-7-eddha-%D9%81%D8%B1%D9%88%DA%A9%D8%B3%DB%8C%D9%86-138-10-%D8%A8%D8%B3%D8%AA%D9%87-%DB%8C%DA%A9-%DA%A9%DB%8C%D9%84%D9%88%DB%8C%DB%8C/,کود کلات آهن 7% EDDHA فروکسین 138- 10 بسته یک کیلویی,,9000000,nan,,,True,2025-07-22 16:46:16,2025-07-27 16:51:50
https://torob.com/p/f3a2af45-45ea-494d-909c-8d515bcfffbe/%D8%A7%D8%B3%DB%8C%D8%AF-%D8%A7%D9%86%D9%81%D9%88%D8%B1%DB%8C%DA%A9-%D8%A7%DA%AF%D8%B1%D9%88%D9%81%D8%B1-%DA%AF%D8%A7%D9%84%D9%86-20%D9%84%DB%8C%D8%AA%D8%B1%DB%8C/,اسید انفوریک آگروفر گالن 20لیتری,,948000,47400.0,20,,True,2025-07-22 16:46:16,2025-07-27 16:51:57
https://torob.com/p/d05f5031-572b-46a9-a86c-52ca53030a2a/%D8%B3%D9%85-%D8%AF%DB%8C%DA%A9%D9%84%D8%B1%D9%88%D8%B3-%D8%A7%D8%B3%D9%BE%DB%8C%D8%AF%D8%A7%D8%B1%D9%BE%D8%B1%D8%AF%DB%8C%D8%B3-1-%D9%84%DB%8C%D8%AA%D8%B1/,سم دیکلروس اسپیدارپردیس 1 لیتر,,540000,540000.0,1,,True,2025-07-22 16:46:17,2025-07-27 16:51:37
https://torob.com/p/b8e6630b-e365-4b85-927e-322d5f518463/%D9%82%D8%B1%D8%B5-%DA%A9%D9%88%D8%AF-%DA%A9%D8%A7%D9%85%D9%84-%DA%AF%DB%8C%D8%A7%D9%87%D8%A7%D9%86-%D9%87%D9%85%DB%8C%D8%B4%D9%87-%D8%B3%D8%A8%D8%B2-%D9%88%D8%A7%DA%AF%D8%B1%D9%88%DA%A9%D8%B3%DB%8C%D8%B1/,قرص کود کامل گیاهان همیشه سبز واگروکسیر,,180000,nan,,,True,2025-07-22 16:46:17,2025-07-27 16:53:21
https://torob.com/p/814ffed8-11d0-4e82-9e06-07f6acfacc17/%D8%B9%D9%84%D9%81%DA%A9%D8%B4-%D8%B1%D8%A7%D9%86%D8%AF%D8%A7%D8%A8-%D8%B1%DB%8C%D8%B4%D9%87-%D8%B3%D9%88%D8%B2-%D8%A8%D9%87%D8%B3%D9%85-100-%D8%B3%DB%8C-%D8%B3%DB%8C/,علفکش رانداب (ریشه سوز) بهسم 100 سی سی,,80000,nan,,,True,2025-07-22 16:46:18,2025-07-27 16:51:46
https://torob.com/p/716a2c0b-c6f4-4afc-8cb3-bb15458d6045/%D8%B7%D8%B9%D9%85%D9%87-%D9%85%D9%88%D8%B4-%DA%A9%D8%B4-%D9%85%D8%AF%D9%84-%D9%BE%D8%A7%D8%B3%D8%AA%D8%A7/,طعمه موش کش مدل پاستا,,160000,nan,,,True,2025-07-22 16:46:18,2025-07-22 16:46:18
https://torob.com/p/0c805a7f-1c1f-4569-9194-50538699fe9a/%D9%81%D8%A7%DA%A9%D9%88%D9%85%DB%8C%D9%84-35%D8%AF%D8%B1%D8%B5%D8%AF/,فاکومیل ۳۵درصد,,2550000,nan,,,True,2025-07-22 16:46:18,2025-07-22 16:46:18
https://torob.com/p/dc2bc7c4-b60b-4ca6-a1ad-87472a8932e9/%D8%B9%D9%84%D9%81-%DA%A9%D8%B4-%DA%AF%D9%84%DB%8C%D9%81%D9%88%D8%B2%DB%8C%D8%AA-%DA%A9%D8%A7%D9%88%D8%B4-%D8%B1%D8%A7%D9%86%D8%AF%D8%A7%D9%BE/,علف کش گلیفوزیت کاوش ( راندآپ),,420000,nan,,,True,2025-07-22 16:46:19,2025-07-27 16:51:16
https://torob.com/p/e7b39b57-3c6b-4819-8225-ec0384510cec/%DA%A9%D9%88%D8%AF-%D9%BE%D9%88%D8%AF%D8%B1%DB%8C-%D8%B3%D9%88%D9%84%D9%81%D8%A7%D8%AA-%D8%B1%D9%88%DB%8C/,کود پودری سولفات روی,,1500000,nan,,,True,2025-07-22 16:46:19,2025-07-29 15:03:14
https://torob.com/p/2d8d089a-7621-4e4e-9cee-ee56d8820e3d/%DA%A9%D9%88%D8%AF-%D9%85%D8%B1%D8%BA%DB%8C-%DA%AF%D8%B1%D8%A7%D9%86%D9%88%D9%84-%D9%85%D8%A7%DA%AF%D8%B1%D9%88/,کود مرغی گرانول ماگرو,,270000,nan,,,True,2025-07-22 16:46:19,2025-07-27 16:51:03
https://torob.com/p/ab62df11-cde0-4d86-af27-173cd0dadb07/%DA%A9%D9%88%D8%AF-%DA%A9%D8%A7%D9%85%D9%84-%D8%A7%D9%84%DB%8C-%D9%85%D8%A7%DA%AF%D8%B1%D9%88/,کود کامل آلی ماگرو,,280000,nan,,,True,2025-07-22 16:46:20,2025-07-27 16:52:43
https://torob.com/p/d3548bf4-1a55-42a9-9c9d-864cdbec7ad0/%DA%A9%D9%88%D8%AF-%D9%85%D8%AE%D8%B5%D9%88%D8%B5-%DA%AF%D9%86%D8%AF%D9%85-%D9%88-%D8%AC%D9%88-%D8%B4%D9%88%DA%A9-%D8%A7%D9%85%D8%B1%DB%8C%DA%A9%D8%A7%DB%8C%DB%8C-%D8%A7%D8%B5%D9%84/,کود مخصوص گندم و جو شوک آمریکایی اصل,,3850000,nan,,,True,2025-07-22 16:46:20,2025-07-27 16:52:29
https://torob.com/p/88b9158b-a485-4ff4-8474-9dd00f178ba4/%D8%AE%D8%B1%DB%8C%D8%AF-%D8%B3%D9%85-%D9%82%D8%A7%D8%B1%DA%86%DA%A9%D8%B4-%D8%B1%D9%88%D8%B1%D8%A7%D9%84-%D8%AA%DB%8C-%D8%A7%D8%B3-%D8%A7%DB%8C%D9%BE%D8%B1%D9%88%D8%AF%DB%8C%D9%88%D9%86-%DA%A9%D8%A7%D8%B1%D8%A8%D9%86%D8%AF%D8%A7%D8%B2%DB%8C%D9%85-1-%DA%A9%DB%8C%D9%84%D9%88%DB%8C%DB%8C/,خرید سم قارچکش رورال تی اس ( ایپرودیون کاربندازیم ) 1 کیلویی,,1950000,1950000.0,1,,True,2025-07-22 16:46:20,2025-07-27 16:52:06
https://torob.com/p/7fa83544-055f-45e3-8df0-4e2bf70909ed/%D9%85%DB%8C%D9%86%D8%B1%D8%A7%D9%84-%DA%A9%D9%88%D8%AF-%D8%AA%DA%A9%D8%B3%D8%A7/,مینرال کود تکسا,,390000,nan,,,True,2025-07-22 16:46:21,2025-07-29 15:02:54
https://torob.com/p/e1394a9f-426a-46bd-9a55-62aa319dd8bb/%D9%87%D8%A7%D8%B3%D9%85%DB%8C%DA%A9-%DA%A9%D9%88%D8%AF-%DA%A9%D8%A7%D9%85%D9%84-%D9%87%D9%85%D8%B1%D8%A7%D9%87-%D8%A8%D8%A7-%D9%87%DB%8C%D9%88%D9%85%DB%8C%DA%A9-%D8%A7%D8%B3%DB%8C%D8%AF-%D9%88-%D9%81%D9%88%D9%84%D9%88%DB%8C%DA%A9-%D8%A7%D8%B3%DB%8C%D8%AF-%D8%AF%D9%88%DB%8C%D8%B3%D8%AA-%DA%AF%D8%B1%D9%85%DB%8C/,هاسمیک(کود کامل همراه با هیومیک اسید و فولویک اسید - دویست گرمی,,120000,nan,,,True,2025-07-22 16:46:21,2025-07-27 16:54:36
https://torob.com/p/59faa4b5-eaf0-456c-8618-6d481102b68b/%D9%81%D9%88%D9%84%D9%88%DB%8C%DA%A9-%D8%A7%D8%B3%DB%8C%D8%AF-%D9%BE%D9%88%D8%AF%D8%B1%DB%8C-%D9%86%D9%BE%D8%A7%D8%B1%DB%8C-5-%DA%A9%DB%8C%D9%84%D9%88%DA%AF%D8%B1%D9%85/,فولویک اسید پودری نپاری 5 کیلوگرم,,1940000,388000.0,5,,True,2025-07-22 16:46:21,2025-07-27 16:52:25
https://torob.com/p/c4605306-481c-4626-bbe6-aec5043c4d3e/%DA%A9%D9%88%D8%AF-%D9%BE%D8%AA%D8%A7%D8%B3%DB%8C%D9%85-%D8%B3%DB%8C%D9%84%DB%8C%DA%A9%D8%A7%D8%AA-%D9%85%D8%A7%DB%8C%D8%B9-%D8%B4%D9%88%DA%A9/,کود پتاسیم سیلیکات مایع شوک,,2800000,nan,,,True,2025-07-22 16:46:22,2025-07-27 16:51:25
https://torob.com/p/58e7225e-8418-4919-92c0-7c6b238e1d6e/%D9%87%DB%8C%D9%88%D9%85%DB%8C%DA%A9-%D8%A7%D8%B3%DB%8C%D8%AF-%D9%85%D8%A7%DB%8C%D8%B9-%D9%BE%D9%84%D9%86%D8%AA-%DA%86%D9%88%DB%8C%D8%B3-%D8%A7%D9%85%D8%B1%DB%8C%DA%A9%D8%A7/,هیومیک اسید مایع پلنت چویس آمریکا,,1750000,nan,,,True,2025-07-22 16:46:22,2025-07-22 16:46:22
https://torob.com/p/71d258d3-6d0c-40cb-9dc4-6c537c6dd99d/%D8%AE%D8%B1%DB%8C%D8%AF-%D8%A7%DB%8C%D9%86%D8%AA%D8%B1%D9%86%D8%AA%DB%8C-%D8%B3%D9%85-%D9%82%D8%A7%D8%B1%DA%86-%DA%A9%D8%B4-%DA%A9%D8%A7%D8%B1%DB%8C%D8%A7%D9%84-%D8%A7%D8%B3%D8%AA%D8%A7%D8%B1-%D8%B3%DB%8C%D9%86%D8%AC%D9%86%D8%AA%D8%A7-%D9%86%DB%8C%D9%85-%D9%84%DB%8C%D8%AA%D8%B1%DB%8C/,خرید اینترنتی سم قارچ کش کاریال استار سینجنتا نیم لیتری,,4890000,nan,,,True,2025-07-22 16:46:22,2025-07-27 16:54:46
https://torob.com/p/b146a1e0-0d35-4cb6-be84-a1d2f64dc6ce/%DA%AF%D9%88%DA%AF%D8%B1%D8%AF-%D9%85%D8%A7%DB%8C%D8%B9-%D9%BE%D8%AA%D8%A7%D8%B3%D9%87-40-%DA%AF%D9%88%DA%AF%D8%B1-20-%D9%BE%D8%AA%D8%A7%D8%B3%DB%8C%D9%85-5-10-20-%D9%84%DB%8C%D8%AA%D8%B1%DB%8C-10/,گوگرد مایع پتاسه 40% گوگر 20% پتاسیم ۵ ۱۰ ۲۰ لیتری - 10,,1200000,60000.0,20,,True,2025-07-22 16:46:23,2025-07-27 16:52:51
https://torob.com/p/68fc8d19-109a-4f6b-a579-235ab4691db9/%DA%A9%D9%88%D8%AF-%D9%88-%DA%A9%D9%85%D9%BE%D9%88%D8%B3%D8%AA-%D8%AA%D9%82%D9%88%DB%8C%D8%AA%DB%8C-%D8%A7%D8%B1%DA%AF%D8%A7%D9%86%DB%8C%DA%A9-%D8%B7%D8%A8%DB%8C%D8%B9%D8%AA-%D8%B4%DB%8C%DA%A9-%D8%A8%D9%87%D8%AA%D8%B1%DB%8C%D9%86-%D8%AA%D8%BA%D8%B0%DB%8C%D9%87-%D8%A8%D8%B1%D8%A7%DB%8C-%DA%AF%DB%8C%D8%A7%D9%87%D8%A7%D9%86-%D8%A8%D8%B3%D8%AA%D9%87-%DA%A9%D9%88%DA%86%DA%A9-1-%DA%A9%DB%8C%D9%84%D9%88-%D9%88-400-%DA%AF%D8%B1%D9%85/,"""کود و کمپوست تقویتی ارگانیک طبیعت شیک - بهترین تغذیه برای گیاهان"" - بسته کوچک 1 کیلو و 400 گرم",,25000,25000.0,1,,True,2025-07-22 16:46:23,2025-07-27 16:57:10
https://torob.com/p/fc04c497-a4c4-4b31-b5d5-4a961afba8b6/%D9%BE%D9%84%DB%8C%D8%AA-%D9%85%D8%B1%D8%BA%DB%8C-%D8%B9%D9%85%D8%AF%D9%87/,پلیت مرغی(عمده),,165000,nan,,,True,2025-07-22 16:46:24,2025-07-27 16:51:11
https://torob.com/p/19804b02-b675-4f66-9bef-0fd10a58f646/%D9%BE%D9%88%D8%AF%D8%B1-%D8%B3%D9%85-%D9%85%D9%88%D8%B4/,پودر سم موش,,69000,nan,,,True,2025-07-22 16:46:24,2025-07-27 16:53:26
https://torob.com/p/07497a81-0020-413d-9c19-22da1dcddc35/%DA%A9%D9%88%D8%AF-%D8%AC%D9%84%D8%A8%DA%A9-%D8%AF%D8%B1%DB%8C%D8%A7%DB%8C%DB%8C-%D9%85%D8%A7%DB%8C%D8%B9-%D8%B4%D9%88%DA%A9/,کود جلبک دریایی مایع شوک,,2800000,nan,,,True,2025-07-22 16:46:24,2025-07-27 16:51:48
https://torob.com/p/d263a285-77c5-4fc6-bb82-461c263befb1/%DA%A9%D9%88%D8%AF-%D9%BE%D8%AA%D8%A7%D8%B3%DB%8C%D9%85-95-%D8%AF%D8%B1%D8%B5%D8%AF-%D8%B4%D9%88%DA%A9-%D8%A7%D9%85%D8%B1%DB%8C%DA%A9%D8%A7%DB%8C%DB%8C-%D8%A7%D9%88%D8%B1%D8%AC%DB%8C%D9%86%D8%A7%D9%84-20-%D9%84%DB%8C%D8%AA%D8%B1%DB%8C/,کود پتاسیم ۹۵ درصد شوک آمریکایی اورجینال - ۲۰ لیتری,,4897000,244850.0,20,,True,2025-07-22 16:46:25,2025-07-27 16:53:37
https://torob.com/p/09e70d87-5630-408b-b7e8-13bf98edba87/%D8%B3%D9%85-%DA%A9%D9%86%D9%87-%DA%A9%D8%B4-%D8%A7%D8%A8%D8%A7%D9%85%DA%A9%D8%AA%DB%8C%D9%86-%D9%BE%D8%A7%DA%A9-%D8%B3%D9%85/,سم کنه کش آبامکتین پاک سم,,74000,nan,,,True,2025-07-22 16:46:25,2025-07-27 16:50:39
https://torob.com/p/8153ce8c-a871-4990-8c85-4d649c2375ec/%DA%A9%D9%88%D8%AF-%D9%BE%D8%AA%D8%A7%D8%B3-%D8%A8%D8%A7%D9%84%D8%A7-npk-15-5-30-%D8%A7%DA%AF%D8%B1%D9%88%D9%81%D8%B1/,کود پتاس بالا NPK ۱۵-۵-۳۰ آگروفر,,1798000,nan,,,True,2025-07-22 16:46:26,2025-07-27 16:53:25
https://torob.com/p/47947557-85f9-44d6-b974-8da666fac79c/%DA%A9%D9%88%D8%AF-%D9%86%DB%8C%D8%AA%D8%B1%D8%A7%D8%AA-%DA%A9%D9%84%D8%B3%DB%8C%D9%85-%DA%A9%DB%8C%D8%B3%D9%87-25-%DA%A9%DB%8C%D9%84%D9%88%DB%8C%DB%8C-%D8%A7%DA%AF%D8%B1%D9%88%D9%81%D8%B1/,کود نیترات کلسیم کیسه ۲۵ کیلویی آگروفر,,2795000,111800.0,25,,True,2025-07-22 16:46:26,2025-07-27 16:53:57
https://torob.com/p/65d3f7c8-af6d-48be-8f21-adc983118b2b/%DA%A9%D9%88%D8%AF-%D8%AA%D9%82%D9%88%DB%8C%D8%AA%DB%8C-npk12-12-36%2Bme-%D9%BE%D9%88%D8%AF%D8%B1-solunec-%D8%B3%D9%88%D9%84%D9%88%D9%86%DA%A9-%D8%AA%D8%B1%DA%A9%DB%8C%D9%87/,کود تقویتی NPK12-12-36+ME پودر SOLUNEC سولونک ترکیه,,9200000,nan,,,True,2025-07-22 16:46:26,2025-07-27 16:52:21
https://torob.com/p/d1d6b26f-c42d-4518-9acf-d5904d6662d5/%DA%A9%D9%88%D8%AF-npk-202020-%D8%B3%D9%87-%D8%A8%DB%8C%D8%B3%D8%AA-%D8%AE%D8%A7%D9%86%DA%AF%DB%8C/,کود NPK 202020 (سه بیست) خانگی,,46300,nan,,,True,2025-07-22 16:46:27,2025-07-27 16:51:30
https://torob.com/p/2427c506-513d-4ebc-86ec-878a9651fe61/%DA%A9%D9%88%D8%AF-%D8%B3%D9%88%D9%84%D9%81%D8%A7%D8%AA-%D9%85%D9%86%DB%8C%D8%B2%DB%8C%D9%85-%D8%A7%DA%AF%D8%B1%D9%88%D9%86%D8%A7%DB%8C%DA%A9-%DA%86%DB%8C%D9%86%DB%8C-25-%DA%A9%DB%8C%D9%84%D9%88%DB%8C%DB%8C/,کود سولفات منیزیم اگرونایک چینی 25 کیلویی,,750000,30000.0,25,,True,2025-07-22 16:46:27,2025-07-27 16:56:26
https://torob.com/p/24dbc0a8-ef98-42f4-ab54-ecc040f2b373/%DA%A9%D9%88%D8%AF-%D8%B3%D9%88%D9%84%D9%88-%D9%BE%D8%AA%D8%A7%D8%B3-%D9%BE%D8%A7%D8%B1%D8%A7%D8%AF%DB%8C%D8%B3-%D8%AF%D9%88%D8%B1%DB%8C%D8%AA%D8%A7/,کود سولو پتاس پارادیس دوریتا,,899900,nan,,,True,2025-07-22 16:46:27,2025-07-27 16:50:26
https://torob.com/p/108a07a4-cc45-46fa-9a7e-0244d1850b58/%D8%AE%D8%A7%DA%A9-%D9%85%D8%AE%D8%B5%D9%88%D8%B5-%D9%BE%D8%B1%D9%88%D8%B1%D8%B4-%D8%AD%D9%84%D8%B2%D9%88%D9%86/,خاک مخصوص پرورش حلزون,,100000,nan,,,True,2025-07-22 16:46:28,2025-07-22 16:46:28
https://torob.com/p/99f3831e-1eea-4542-a4e3-5feea75d6e13/%DA%A9%D9%88%D8%AF-%D9%81%D8%B1%D9%88%D8%AA-%D8%B3%D8%AA-%D9%85%D8%A7%DB%8C%D8%B9-%D8%B4%D9%88%DA%A9/,کود فروت ست مایع شوک,,1100000,nan,,,True,2025-07-22 16:46:28,2025-07-27 16:54:18
https://torob.com/p/cb3ab5f8-5672-4d21-ad39-5ed2d720b267/%D8%B3%D9%88%D9%84%D9%81%D8%A7%D8%AA-%D9%BE%D8%AA%D8%A7%D8%B3%DB%8C%D9%85-%D8%AA%D8%AA%D8%A7%DA%A9%D9%88-52-0-0/,سولفات پتاسیم تتاکو(52-0-0),,1440000,nan,,,True,2025-07-22 16:46:28,2025-07-27 16:53:13
https://torob.com/p/ff9089e5-0dc8-4b82-9e2c-a56d380811db/%D9%82%D8%A7%D8%B1%DA%86%DA%A9%D8%B4-%D8%A7%DB%8C%D9%86%D8%B4%D9%88%D8%B1-%D9%BE%D8%B1%D9%81%D8%B1%D9%85-5-%D9%84%DB%8C%D8%AA%D8%B1%DB%8C-basf/,قارچکش اینشور پرفرم 5 لیتری BASF,,16750000,3350000.0,5,,True,2025-07-22 16:46:29,2025-07-27 16:54:51
https://torob.com/p/0fb7fb82-5f57-4910-a78e-d726c3e86bf3/%D9%87%D9%88%D8%B1%D9%85%D9%88%D9%86-%D8%B1%D8%B4%D8%AF-%D9%BE%D8%B1%D9%88%D8%AA%DA%A9%D8%AA-%D9%86%DB%8C%DA%86%D8%B1-%D9%85%D8%AF%D9%84-%D8%AC%D8%A8%D8%B1%D9%84%DB%8C%D9%86-%D8%AD%D8%AC%D9%85-125-%D9%85%DB%8C%D9%84%DB%8C-%D9%84%DB%8C%D8%AA%D8%B1/,هورمون رشد پروتکت نیچر مدل جبرلین حجم 125 میلی لیتر,,255000,nan,,,True,2025-07-22 16:46:29,2025-07-27 16:52:31
https://torob.com/p/77789966-d598-487a-a9ec-ba0cc33d9816/%DA%A9%D9%88%D8%AF-%D9%81%D8%B3%D9%81%DB%8C%D8%AA-%D9%BE%D8%AA%D8%A7%D8%B3%DB%8C%D9%85-%D9%85%D8%A7%DB%8C%D8%B9-%D8%B4%D9%88%DA%A9/,کود فسفیت پتاسیم مایع شوک,,2700000,nan,,,True,2025-07-22 16:46:29,2025-07-27 16:54:01
https://torob.com/p/b089481f-2f7c-4cb1-be9a-52e3dba72f4e/%D8%A8%D9%88%D8%B1-%D8%A7%D8%AA%D8%A7%D9%86%D9%88%D9%84-%D8%A7%D9%85%DB%8C%D9%86-%D9%BE%D9%88%D9%85%D8%AF-20%D9%84%DB%8C%D8%AA%D8%B1%DB%8C-%D8%A7%D8%B1%D8%B3%D8%A7%D9%84-%D8%B1%D8%A7%DB%8C%DA%AF%D8%A7%D9%86/,بور اتانول امین پومد(20لیتری)ارسال رایگان,,6250000,312500.0,20,,True,2025-07-22 16:46:30,2025-07-22 16:46:30
https://torob.com/p/ff39b5d3-7a13-463d-91de-a8b3e599e50e/%D9%82%DB%8C%D9%85%D8%AA-%DA%A9%D9%88%D8%AF-%D8%B4%DB%8C%D9%85%DB%8C%D8%A7%DB%8C%DB%8C-%DB%8C%D8%A7-%D8%A7%D9%88%D8%B1%D9%87-2-%DA%A9%DB%8C%D9%84%D9%88%DB%8C%DB%8C/,قیمت کود شیمیایی یا اوره ۲ کیلویی,,140000,70000.0,2,,True,2025-07-22 16:46:30,2025-07-27 16:53:46
https://torob.com/p/c900fb25-a93d-4670-a0cc-a09fd8fd604a/%DA%A9%D9%88%D8%AF-%D9%85%D8%A7%DB%8C%D8%B9-%D9%87%DB%8C%D9%88%D9%85%DB%8C%DA%A9-%D8%A7%D8%B3%DB%8C%D8%AF-%D9%81%D8%B1%D9%85%D9%88%D9%84-%DB%8C%DA%A9/,کود مایع هیومیک اسید فرمول یک,,79000,nan,,,True,2025-07-22 16:46:30,2025-07-27 16:52:13
https://torob.com/p/371a9c1c-811b-4fef-92c5-1b514698e7a3/%D9%BE%D8%B1%DB%8C%D9%86%D9%88%D8%A7-%DA%A9%D9%84%D8%B3%DB%8C%D9%85-%D8%A7%D9%85%D9%88%D9%86%DB%8C%D9%88%D9%85-%D9%86%DB%8C%D8%AA%D8%B1%D8%A7%D8%AA/,پرینوا کلسیم آمونیوم نیترات,,3217500,nan,,,True,2025-07-22 16:46:31,2025-07-27 16:59:36
https://torob.com/p/8ab049fb-4d4d-4b1f-aafc-ce36cb5ba2d3/%D8%AE%D8%A7%DA%A9-%D9%BE%D8%A7%DB%8C%D9%87-%D9%85%D8%B9%D8%AF%D9%86%DB%8C-%D9%88-%D8%A7%D8%B1%DA%AF%D8%A7%D9%86%DB%8C%DA%A9-%D8%A7%D9%85%D8%A7%D8%AF%D9%87-%D9%85%D8%B5%D8%B1%D9%81-%D9%85%D8%AE%D8%B5%D9%88%D8%B5-%D8%A7%D9%BE%D8%A7%D8%B1%D8%AA%D9%85%D8%A7%D9%86-%D9%BE%D8%B1%D9%86%D9%88%D8%B1-%2B-%D8%AF%D8%B1%D8%AE%D8%AA%D8%A7%D9%86-%D9%85%DB%8C%D9%88%D9%87-%D9%88-%DA%AF%D9%84%D8%AF%D8%A7%D9%86%D9%87%D8%A7%DB%8C-%D9%81%D8%B6%D8%A7%DB%8C-%D8%A8%D8%A7%D8%B2-%D8%A8%D8%B3%D8%AA%D9%87-%D9%85%D8%AA%D9%88%D8%B3%D8%B7/,"""خاک پایه معدنی و ارگانیک آماده مصرف مخصوص آپارتمان (پرنور) + درختان میوه و گلدانهای فضای باز"" - بسته متوسط",,17000,nan,,,True,2025-07-22 16:46:31,2025-07-27 16:52:57
https://torob.com/p/d3d8fcd7-d157-4caf-868b-b9208cf5cd3d/%DA%A9%D9%88%D8%AF-%D8%B3%D9%87-%D8%A8%DB%8C%D8%B3%D8%AA-npk-20-20-2-%D8%AF%D8%A7%D9%86-%D9%86%D9%87%D8%A7%D9%84/,کود سه بیست (NPK 20-20-2) دان نهال,,1800000,nan,,,True,2025-07-22 16:46:31,2025-07-27 16:53:34
https://torob.com/p/aa588ec6-c373-4359-ae66-7c5e99b56e4d/%DA%A9%D9%88%D8%AF-%D9%BE%D9%88%D8%AF%D8%B1%DB%8C-%D9%85%DB%8C%DA%A9%D8%B1%D9%88-%D9%85%D8%B9%D8%AF%D9%86%DB%8C/,کود پودری میکرو معدنی,,800000,nan,,,True,2025-07-22 16:46:32,2025-07-27 16:52:47
https://torob.com/p/1615eb95-b1c6-4bc7-89d8-42a1e53e96db/%DA%A9%D9%88%D8%AF-10-52-10/,کود 10-52-10,,285000,nan,,,True,2025-07-22 16:46:32,2025-07-27 16:52:08
https://torob.com/p/f6e54722-f36d-4c94-a8dc-ae39ccada316/%D8%A8%D8%B3%D8%AA%D8%B1-%D8%A7%DA%A9%D9%88%D8%A7%D8%B1%DB%8C%D9%88%D9%85-%D8%AE%D8%A7%DA%A9-%D9%BE%D9%84%D9%86%D8%AA/,بستر آکواریوم (خاک پلنت),,90000,nan,,,True,2025-07-22 16:46:32,2025-07-27 16:51:07
https://torob.com/p/9872e525-2e2e-4a05-b568-7d8786b89586/%DA%A9%D9%88%D8%AF-%D8%B3%D9%88%D9%84%D9%88%D9%BE%D8%AA%D8%A7%D8%B3-%D8%A7%DA%AF%D8%B1%D9%88%D9%81%D8%B1-25-%DA%A9%DB%8C%D9%84%D9%88%DB%8C%DB%8C/,کود سولوپتاس آگروفر (25 کیلویی),,2713000,108520.0,25,,True,2025-07-22 16:46:33,2025-07-27 16:55:16
https://torob.com/p/cdb7d485-1b57-4580-8711-0ae17b8d9aa4/%D9%82%DB%8C%D9%85%D8%AA-%D8%AE%D8%A7%DA%A9-%D8%A8%D8%A7%D8%BA%DA%86%D9%87-%D9%81%D9%84%D9%87-%DA%AF%D9%88%D9%86%DB%8C/,قیمت خاک باغچه فله – گونی,,80000,nan,,,True,2025-07-22 16:46:33,2025-07-27 16:51:08
https://torob.com/p/cc7c7462-0184-4acf-9aed-8e0336632742/%D8%B3%D9%85-%D8%B9%D9%84%D9%81-%DA%A9%D8%B4-%D8%A7%D8%AE%D8%AA%D8%B5%D8%A7%D8%B5%DB%8C-%D8%B0%D8%B1%D8%AA-%D8%A7%D8%B3%D8%AA%D9%88%DA%A9%D9%84%D8%B1-%D8%B3%D9%88%D8%B1%D9%BE%D8%A7%D8%B3-%D9%85%D8%A7%DB%8C%D8%B9-%D9%85%D9%84%DB%8C-%D8%B4%DB%8C%D9%85%DB%8C-%DA%A9%D8%B4%D8%A7%D9%88%D8%B1%D8%B2-1-%D9%84%DB%8C%D8%AA%D8%B1-%DA%A9%D9%88%DB%8C%DA%A9%D8%B3/,سم علف کش اختصاصی ذرت استوکلر سورپاس مایع ملی شیمی کشاورز 1 لیتر کوئکس,,560000,560000.0,1,,True,2025-07-22 16:46:34,2025-07-27 16:54:00
https://torob.com/p/33745e65-35b8-49d5-9dca-1409701294cc/%DA%A9%D9%88%D8%AF-%DA%A9%D8%B4%D8%A7%D9%88%D8%B1%D8%B2%DB%8C-%D8%A7%D9%85%DB%8C%D9%86%D9%88-%D8%A7%D8%B3%DB%8C%D8%AF-%D9%BE%D9%88%D8%AF%D8%B1%DB%8C-%D8%AF%D8%B1%D8%B5%D8%AF-%D8%B2%D8%A7%DB%8C%D8%B2-%D8%A7%D9%86%DA%AF%D9%84%D8%B3%D8%AA%D8%A7%D9%86-%D8%AD%D8%AC%D9%85-750-%DA%A9%DB%8C%D9%84%D9%88-%DA%AF%D8%B1%D9%85/,کود کشاورزی آمینو اسید پودری درصد زایز انگلستان حجم 750 کیلو گرم,,1050000,1400.0,750,,True,2025-07-22 16:46:34,2025-07-27 16:54:22
https://torob.com/p/67da9c81-bce5-4b06-9438-68f0b9116dbc/%DA%A9%D9%88%D8%AF-%D9%85%D8%B1%D8%BA%DB%8C-%D8%B4%D9%88%DA%A9-%D8%A7%D9%85%D8%B1%DB%8C%DA%A9%D8%A7%DB%8C%DB%8C-%D8%A7%D9%88%D8%B1%D8%AC%DB%8C%D9%86%D8%A7%D9%84-20-%D9%84%DB%8C%D8%AA%D8%B1%DB%8C-2022-%D9%85%DB%8C%D9%84%D8%A7%D8%AF%DB%8C/,کود مرغی شوک امریکایی اورجینال ۲۰ لیتری - ۲۰۲۲ میلادی,,1499000,74950.0,20,,True,2025-07-22 16:46:34,2025-07-27 16:53:12
https://torob.com/p/fdc84076-e21a-4076-b397-f96b880d5255/%D8%B3%D9%85-%D9%82%D8%A7%D8%B1%DA%86%DA%A9%D8%B4-%D8%A7%D9%84%DB%8C%D8%AA-%D8%AE%D8%B2%D8%B1-%D8%B3%D9%85/,سم قارچکش الیت خزر سم,,350000,nan,,,True,2025-07-22 16:46:35,2025-07-22 16:46:35
https://torob.com/p/50c64cf4-91a3-4e49-bf53-0544ff25b36a/%DA%A9%D9%88%D8%AF-%D8%AC%D9%84%D8%A8%DA%A9-%D8%AF%D8%B1%DB%8C%D8%A7%DB%8C%DB%8C-%D8%A8%D8%B3%D8%AA%D9%8725-%DA%AF%D8%B1%D9%85%DB%8C/,کود جلبک دریایی بسته25 گرمی,,30000,nan,,,True,2025-07-22 16:46:35,2025-07-27 16:51:29
https://torob.com/p/09009722-f5ad-4e1e-a724-1333fa70312e/%D8%B3%D9%85-%D8%B9%D9%84%D9%81%DA%A9%D8%B4-%D8%A7%D8%AE%D8%AA%D8%B5%D8%A7%D8%B5%DB%8C-%D8%B3%DB%8C%D8%A8-%D8%B2%D9%85%DB%8C%D9%86%DB%8C-%D9%85%D8%AA%D8%B1%DB%8C-%D8%A8%D9%88%D8%B2%DB%8C%D9%86-%D8%B3%D9%86%DA%A9%D9%88%D8%B1-%D9%BE%D9%88%D8%AF%D8%B1-%D9%85%D9%84%DB%8C-%D8%B4%DB%8C%D9%85%DB%8C-%DA%A9%D8%B4%D8%A7%D9%88%D8%B1%D8%B2-1-%DA%A9%DB%8C%D9%84%D9%88%DA%AF%D8%B1%D9%85-%D9%81%D9%88%DB%8C%D9%84/,سم علفکش اختصاصی سیب زمینی متری بوزین سنکور پودر ملی شیمی کشاورز 1 کیلوگرم فویل,,1800000,1800000.0,1,,True,2025-07-22 16:46:35,2025-07-27 16:52:39
https://torob.com/p/6fe964bc-0c7b-428f-bae7-e007545e677f/%DA%A9%D9%88%D8%AF-%D9%85%D9%88%D9%86%D9%88-%D8%A7%D9%85%D9%88%D9%86%DB%8C%D9%88%D9%85-%D9%81%D8%B3%D9%81%D8%A7%D8%AA-0-61-12-%D9%81%D8%B1%D9%85%D9%88%D9%84%D8%A7%DB%8C%D9%81-10-%DA%A9%DB%8C%D9%84%D9%88/,کود مونو آمونیوم فسفات ۰-۶۱-۱۲ فرمولایف ۱۰ کیلو,,2220000,222000.0,10,,True,2025-07-22 16:46:36,2025-07-27 16:53:50
https://torob.com/p/373586d7-0443-404d-a99c-7e4620444f99/%D9%82%D8%A7%D8%B1%DA%86-%DA%A9%D8%B4-%D8%AA%D8%B1%DB%8C-%D8%AF%DB%8C%D9%85%D9%88%D8%B1%D9%81-%DA%A9%D8%A7%D9%84%DA%A9%D8%B3%DB%8C%D9%86-%D8%B4%DB%8C%D9%85%D8%A7%DA%AF%D8%B1%D9%88/,قارچ کش تری دیمورف (کالکسین) شیماگرو,,545000,nan,,,True,2025-07-22 16:46:36,2025-07-29 15:03:11
https://torob.com/p/e902186a-7aa2-4ae0-af35-ebe0ca25f277/%DA%A9%D9%88%D8%AF-%D9%85%D8%A7%DB%8C%D8%B9-%D9%85%D8%B1%D8%BA%DB%8C-%D9%88-%D9%85%D8%A7%D9%87%DB%8C-%D9%81%D8%A7%D8%B1%D9%87%D8%A7%D9%85-20-%DA%A9%DB%8C%D9%84%D9%88%DB%8C%DB%8C/,کود مایع مرغی و ماهی فارهام 20 کیلویی,,1200000,60000.0,20,,True,2025-07-22 16:46:36,2025-07-27 16:51:12
https://torob.com/p/93c9027c-7db7-4638-982d-fa43c703ff5e/%DA%A9%D9%88%D8%AF-%D9%BE%D8%B1%DB%8C%D9%86%D9%88%D8%A7-%D9%85%DB%8C%DA%A9%D8%B1%D9%88-%DA%A9%D9%85%D9%BE%D9%84%DA%A9%D8%B3-%DA%A9%D9%84%D8%A7%D8%AA-%D8%B4%D8%AF%D9%87-%D8%A8%D8%A7-edta/,کود پرینوا میکرو کمپلکس کلات شده با EDTA,,810000,nan,,,True,2025-07-22 16:46:37,2025-07-27 16:57:07
https://torob.com/p/b09753c7-7c0a-478c-96a5-4182169a3f25/%D8%AE%D8%A7%DA%A9-%D8%A8%D8%B1%DA%AF-%DA%AF%D9%88%D9%86%DB%8C-10-%DA%A9%DB%8C%D9%84%D9%88%DB%8C%DB%8C/,خاک برگ گونی 10 کیلویی,,150000,15000.0,10,,True,2025-07-22 16:46:37,2025-07-27 16:52:49
https://torob.com/p/fd4ecbc2-0f8d-43a8-b786-7b773ffe8c18/%DA%A9%D9%88%D8%AF-%D9%85%D8%A7%D9%87%DB%8C-%D9%85%D8%A7%DB%8C%D8%B9-20-%D9%84%DB%8C%D8%AA%D8%B1%DB%8C-%D8%AA%D9%87%DB%8C%D9%87-%D8%B4%D8%AF%D9%87-%D8%A7%D8%B2-%D8%A7%D8%AC%D8%B2%D8%A7%DB%8C-%D9%88-%D8%B6%D8%A7%DB%8C%D8%B9%D8%A7%D8%AA-%D9%85%D8%A7%D9%87%DB%8C-%D8%A8%D8%B3%DB%8C%D8%A7%D8%B1-%D8%BA%D9%86%DB%8C-%D9%88-%D9%85%D9%82%D9%88%DB%8C-%D8%A8%D8%B1%D8%A7%DB%8C-%DA%A9%D8%B4%D8%A7%D9%88%D8%B1%D8%B2%DB%8C-%D8%AF%D8%B1%D8%AE%D8%AA%D8%A7%D9%86-%D9%85%DB%8C%D9%88%D9%87-%D9%88-%D8%A8%D8%AE%D8%B5%D9%88%D8%B5-%D9%BE%D8%B3%D8%AA%D9%87/,کود ماهی مایع 20 لیتری تهیه شده از اجزاء و ضایعات ماهی بسیار غنی و مقوی برای کشاورزی درختان میوه و بخصوص پسته,,1100000,55000.0,20,,True,2025-07-22 16:46:38,2025-07-27 16:51:35
https://torob.com/p/3802e0fd-ea48-4866-b7d4-141ae89ca22b/%D8%AE%D8%A7%DA%A9-%D9%85%D8%AE%D8%B5%D9%88%D8%B5-%DA%AF%D9%84-%D9%88%DA%AF%DB%8C%D8%A7%D9%87/,خاک مخصوص گل وگیاه,,55000,nan,,,True,2025-07-22 16:46:38,2025-07-27 16:52:12
https://torob.com/p/86c48b4b-b61e-4a85-8742-2b46444f4026/%DA%A9%D9%88%D8%AF-%DA%AF%D9%88%DA%AF%D8%B1%D8%AF-%D9%85%D8%A7%DB%8C%D8%B9-%D9%88-%D9%BE%D9%88%D8%AF%D8%B1%DB%8C/,کود گوگرد مایع و پودری,,80000,nan,,,True,2025-07-22 16:46:38,2025-07-27 16:54:10
https://torob.com/p/649df63d-5df1-4ea0-b052-837125929e74/%DA%A9%D9%88%D8%AF-%DA%AF%D8%B1%D9%88%D8%AA%DA%A9-%D9%85%D8%A7%D9%86%D8%B3%D8%AA%D8%B1-%D8%A8%D9%84%D9%88%D9%85-10000/,کود گروتک مانستر بلوم - 10000,,119542500,nan,,,True,2025-07-22 16:46:39,2025-07-27 16:53:10
https://torob.com/p/3a469936-0263-41a7-8f94-514109072d53/%D8%AE%D8%A7%DA%A9-%D9%85%D8%BA%D8%B0%DB%8C-%DA%AF%DB%8C%D8%A7%D9%87%D8%A7%D9%86-%D8%A7%D9%BE%D8%A7%D8%B1%D8%AA%D9%85%D8%A7%D9%86%DB%8C-%D8%AE%D8%A7%DA%A9-%D9%85%D8%AE%D8%B5%D9%88%D8%B5-zx-8%D9%84%DB%8C%D8%AA%D8%B1%DB%8C-%D8%AE%D8%A7%DA%A9-%DA%AF%D9%84%D8%AF%D8%A7%D9%86/,خاک مغذی گیاهان آپارتمانی(خاک مخصوص zx)8لیتری خاک گلدان,,185000,23125.0,8,,True,2025-07-22 16:46:39,2025-07-27 16:51:38
https://torob.com/p/672d211e-77fd-42b1-af01-253c8016dced/%D9%82%D8%A7%D8%B1%DA%86-%DA%A9%D8%B4-%D9%85%D8%A7%D9%86%DA%A9%D9%88%D8%B2%D8%AF-%D9%85%D8%A7%D9%86%DA%A9%D9%88%D8%B2%D8%A8-80-%D8%AF%D8%B1%D8%B5%D8%AF-%D8%A7%D8%B1%DB%8C%D8%A7-%D8%B4%DB%8C%D9%85%DB%8C/,قارچ کش مانکوزد ( مانکوزب 80 درصد) آریا شیمی,,70000,nan,,,True,2025-07-22 16:46:39,2025-07-27 16:52:45
https://torob.com/p/9ae5d4cd-4eb7-4e93-96c9-2b02e69fa5e3/%DA%A9%D9%88%D8%AF-%D8%B3%D9%87-%D8%A8%DB%8C%D8%B3%D8%AA-20-20-20/,کود سه بیست 20 20 20,,290000,nan,,,True,2025-07-22 16:46:40,2025-07-27 16:55:43
https://torob.com/p/37b3af18-5e12-4b25-8630-bfa21025ebfc/%DA%A9%D9%88%D8%AF-%D8%AA%D9%82%D9%88%DB%8C%D8%AA%DB%8C-%D9%87%DB%8C%D9%88%D9%85%DB%8C%DA%A9-%D8%A7%D8%B3%DB%8C%D8%AF-%D8%A7%DA%86%D9%84%D9%88-%D9%87%DB%8C%D9%88%D9%85%DB%8C%DA%A9-%D9%BE%D9%88%D8%AF%D8%B1-k%2Bs-%D8%A7%D9%84%D9%85%D8%A7%D9%86-%DB%8C%DA%A9-%DA%A9%DB%8C%D9%84%D9%88-%D8%AC%D8%B9%D8%A8%D9%87/,کود تقویتی هیومیک اسید آچلو هیومیک پودر K+S آلمان یک کیلو جعبه,,1225000,nan,,,True,2025-07-22 16:46:40,2025-07-27 16:52:02
https://torob.com/p/ec9b0136-b34a-4f00-94e9-53e19f5e8cdd/%D8%A7%D9%86-%D9%BE-%DA%A9%D8%A7-202020-%D8%B2%D8%A7%DB%8C%D8%B2/,ان پ کا 202020 زایز,,1700000,nan,,,True,2025-07-22 16:46:40,2025-07-27 16:51:19
https://torob.com/p/9595fe0a-348f-4832-9d75-1fd4054b3837/%D8%AE%D8%A7%DA%A9-%D8%A8%D8%A7%D8%BA-%D9%88-%D8%A8%D8%A7%D8%BA%DA%86%D9%87-%D8%A7%D8%B1%DA%AF%D8%A7%D9%86%DB%8C%DA%A9-%D8%B7%D8%A8%DB%8C%D8%B9%D8%AA-%D8%B4%DB%8C%DA%A9-%D8%BA%D9%86%DB%8C-%D9%88-%D9%85%D9%86%D8%A7%D8%B3%D8%A8-%D8%A8%D8%B1%D8%A7%DB%8C-%DA%AF%DB%8C%D8%A7%D9%87%D8%A7%D9%86-%D9%81%D8%B6%D8%A7%DB%8C-%D8%A8%D8%A7%D8%B2-%DA%AF%D9%88%D9%86%DB%8C-25-%DA%A9%DB%8C%D9%84%D9%88%DB%8C%DB%8C/,"""خاک باغ و باغچه ارگانیک طبیعت شیک - غنی و مناسب برای گیاهان فضای باز"" - گونی 25 کیلویی",,75000,3000.0,25,,True,2025-07-22 16:46:41,2025-07-22 16:46:41
https://torob.com/p/efa807cb-134b-4145-8d5f-31434f3602f0/%DA%A9%D9%88%D8%AF-%D9%87%D8%A7%DB%8C-%D9%BE%D8%AA%D8%A7%D8%B3-%DA%A9%D9%88%D8%AF-%D9%BE%D8%AA%D8%A7%D8%B3%DB%8C%D9%85-%D9%BE%D9%88%D8%AF%D8%B1%DB%8C-1-%DA%A9%DB%8C%D9%84%D9%88%DA%AF%D8%B1%D9%85%DB%8C-%D8%A7%D8%B1%DB%8C%D8%A7-%D8%B4%DB%8C%D9%85%DB%8C/,کود های پتاس (کود پتاسیم پودری) 1 کیلوگرمی آریا شیمی,,414000,414000.0,1,,True,2025-07-22 16:46:41,2025-07-27 16:56:21
https://torob.com/p/a5bc413a-395e-404a-9c6b-eca4e66a4fa3/%D8%A7%D8%B3%DB%8C%D8%AF-%D8%A7%D9%85%DB%8C%D9%86%D9%87-%D9%BE%D9%88%D8%AF%D8%B1%DB%8C-%D8%A7%D9%85%DB%8C%D9%86%D9%88%D8%B2%D8%A7%DB%8C%D8%B2/,اسید آمینه پودری آمینوزایز,,1400000,nan,,,True,2025-07-22 16:46:42,2025-07-27 16:53:18
https://torob.com/p/6cb6acc6-00ce-4998-9989-13709bec1546/%D8%B9%D9%84%D9%81-%DA%A9%D8%B4-%DA%AF%D9%84%D8%A7%DB%8C%D9%81%D9%88%D8%B2%DB%8C%D8%AA/,علف کش گلایفوزیت,,480000,nan,,,True,2025-07-22 16:46:42,2025-07-27 16:55:47
https://torob.com/p/36a439f6-bb09-452b-a970-ef34b7724593/%DA%A9%D9%88%D8%AF-%D8%AA%D9%82%D9%88%DB%8C%D8%AA%DB%8C-%D8%A7%D9%87%D9%86-%D8%AA%D8%B1%D8%B3%D9%86%DA%86%D9%84-%D8%A7%D8%B3%D9%BE%D8%A7%D9%86%DB%8C%D8%A7-1-%DA%A9%DB%8C%D9%84%D9%88%DB%8C%DB%8C/,کود تقویتی اهن ترسنچل اسپانیا 1 کیلوئی,,1800000,1800000.0,1,,True,2025-07-22 16:46:42,2025-07-27 16:53:29
https://torob.com/p/773e83d7-31d2-4b8c-ade7-0b93345aa037/%D9%86%DB%8C%D8%AA%D8%B1%D8%A7%D8%AA-%D9%BE%D8%AA%D8%A7%D8%B3%DB%8C%D9%85-%D9%88-%DA%A9%D8%B1%D8%A8%D9%86-%D9%81%D8%B9%D8%A7%D9%84-%D9%88-%DA%AF%D9%88%DA%AF%D8%B1%D8%AF-%D9%BE%D9%88%D8%AF%D8%B1%DB%8C-%D9%81%D9%84%D8%A7%D8%AA-%DA%A9%D8%A7%D9%84%D8%A7-%DA%A9%D8%AF-ncg1k-%D9%88%D8%B2%D9%86-1-%DA%A9%DB%8C%D9%84%D9%88%DA%AF%D8%B1%D9%85-%D9%85%D8%AC%D9%85%D9%88%D8%B9%D9%87-3-%D8%B9%D8%AF%D8%AF%DB%8C/,نیترات پتاسیم و کربن فعال و گوگرد پودری فلات کالا کد NCG1K وزن 1 کیلوگرم مجموعه 3 عددی,,273000,273000.0,1,,True,2025-07-22 16:46:43,2025-07-27 16:53:41
https://torob.com/p/ebe16e5e-687a-4246-bb25-845cc38c9e84/%D9%82%D8%A7%D8%B1%DA%86-%DA%A9%D8%B4-%D8%AA%D8%AA%D8%B1%DB%8C%D8%B3-%D9%87%D8%A7%DB%8C%D9%85%DA%A9%D8%B3%D8%A7%D8%B2%D9%88%D9%84-%DA%AF%D9%84-%D8%B3%D9%85/,قارچ کش تتریس (هایمکسازول) گل سم,,850000,nan,,,True,2025-07-22 16:46:43,2025-07-27 16:50:06
https://torob.com/p/89823239-578c-42d4-8bdd-04bcf60b374b/%DA%A9%D9%88%D8%AF-%D9%85%D8%AD%D8%B1%DA%A9-%D8%B1%D8%B4%D8%AF-%D8%AC%D9%88%D8%A7%D9%86%D9%87-%D8%B2%D9%86%DB%8C-%D9%88-%DA%AF%D9%84%D8%AF%D9%87%DB%8C-%D9%85%D8%AE%D8%B5%D9%88%D8%B5-%DA%AF%D9%84-%D9%88-%DA%AF%DB%8C%D8%A7%D9%87-%D8%A7%D9%BE%D8%A7%D8%B1%D8%AA%D9%85%D8%A7%D9%86%DB%8C-3-%D8%B9%D8%AF%D8%AF/,کود محرک رشد، جوانه زنی و گلدهی مخصوص گل و گیاه آپارتمانی (3 عدد),,230000,nan,,,True,2025-07-22 16:46:43,2025-07-27 16:51:41
https://torob.com/p/536a17d3-1a6b-481b-86c4-d5ebefd37075/%DA%A9%D9%88%D8%AF-%D8%B3%D9%88%D9%84%D9%81%D8%A7%D8%AA-%D8%A7%D9%87%D9%86-25%DA%A9%DB%8C%D9%84%D9%88%DB%8C%DB%8C-%DA%A9%D9%86%D8%AC%D8%A7%D9%84%D9%87-%D8%B3%D8%A7%D8%B2-%DA%A9%DB%8C%D9%81%DB%8C%D8%AA-%D8%AA%D8%B6%D9%85%DB%8C%D9%86-%D8%B4%D8%AF%D9%87/,کود سولفات آهن 25کیلویی کنجاله ساز کیفیت تضمین شده,,690000,27600.0,25,,True,2025-07-22 16:46:44,2025-07-27 16:55:28
https://torob.com/p/2d8809ac-bef6-483b-91fa-5f923ee57d15/%DA%A9%D9%88%D8%AF-%D8%A7%D8%B3%DB%8C%D8%AF-%D9%87%DB%8C%D9%88%D9%85%DB%8C%DA%A9-%D9%BE%D9%88%D8%AF%D8%B1%DB%8C-70-%D8%AF%D8%B1%D8%B5%D8%AF/,کود اسید هیومیک پودری ۷۰ درصد,,310000,nan,,,True,2025-07-22 16:46:44,2025-07-27 16:52:38
https://torob.com/p/4eea86cd-cc89-4923-a08a-bb5b9fb845d9/%DA%A9%D9%88%D8%AF-%D9%81%D8%B3%D9%81%D8%B1-%D8%A8%D8%A7%D9%84%D8%A7-10-52-10-%D8%B2%DB%8C%DA%AF%D9%84%D8%B1-%D8%A7%D9%84%D9%85%D8%A7%D9%86/,کود فسفر بالا 10-52-10 زیگلر آلمان,,450000,nan,,,True,2025-07-22 16:46:45,2025-07-27 16:52:22
https://torob.com/p/19fa1239-50e3-4e66-95f6-e97f2cbcbbdd/%D8%AE%D8%B1%DB%8C%D8%AF-%DA%A9%D9%88%D8%AF-%D9%81%D8%B3%D9%81%DB%8C%D8%AA-%D9%BE%D8%AA%D8%A7%D8%B3%DB%8C%D9%85-%D9%85%D8%B3%DB%8C-%D8%A7%DB%8C%DA%A9%D8%B3-%DA%AF%D8%B1%DB%8C%D9%86-mesi-%D8%A8%D8%B1%D8%B1%D8%B3%DB%8C-%D8%AF%DB%8C%D8%A7%D8%B1%DA%A9%D8%B4%D8%AA/,خرید کود فسفیت پتاسیم مسی ایکس گرین mesi | بررسی | دیارکشت,,6200000,nan,,,True,2025-07-22 16:46:45,2025-07-27 17:04:10
https://torob.com/p/aa4c744b-3864-4fce-bad0-e6c0b23ffd4f/%D9%BE%D8%B1%D9%85%D8%AA%D8%B1%DB%8C%D9%86-%DA%AF%D9%84-%D8%B3%D9%85/,پرمترین گل سم,,400000,nan,,,True,2025-07-22 16:46:45,2025-07-27 16:52:46
https://torob.com/p/84b4dcc8-12a8-4677-b9a1-6bc07037089f/%DA%A9%D9%88%D8%AF-%DA%AF%D9%84%D8%AF%D9%87%DB%8C-%D8%AE%DB%8C%D8%A7%D8%B1-%D8%B4%D9%88%DA%A9-5-%D9%84%DB%8C%D8%AA%D8%B1%DB%8C-%D8%A8%D8%B1%D8%A7-%D8%A7%D9%81%D8%B2%D8%A7%DB%8C%D8%B4-%D8%A8%D8%A7%D8%B1%D8%AF%D9%87%DB%8C-%D9%88-%D8%B1%D8%B4%D8%AF-%D8%A8%D9%88%D8%AA%D9%87-%DB%8C%D8%A7-%D8%AF%D8%B1%D8%AE%D8%AA/,کود گلدهی خیار شوک 5 لیتری برا افزایش باردهی و رشد بوته یا درخت,,1950000,390000.0,5,,True,2025-07-22 16:46:46,2025-07-27 16:52:37
https://torob.com/p/26f9b9ab-c6ab-4ba2-a93c-1fa3ab3c25c8/%D9%87%D9%88%D8%B1%D9%85%D9%88%D9%86-%D8%AC%DB%8C%D8%A8%D8%B1%D9%84%DB%8C%D9%86-%D9%BE%D8%B1%D9%88%D8%AA%DA%A9%D8%AA-%D9%86%DB%8C%DA%86%D8%B1/,هورمون جیبرلین پروتکت نیچر,,1200000,nan,,,True,2025-07-22 16:46:46,2025-07-27 17:00:36
https://torob.com/p/e4ff8a2e-4d5b-4cca-9f6b-4e2fbc4ee7d7/%D8%AE%D8%A7%DA%A9-%D8%A8%D8%B1%DA%AF-%D8%B3%D9%BE%D8%A7%D9%87%D8%A7%D9%86/,خاک برگ سپاهان,,100000,nan,,,True,2025-07-22 16:46:46,2025-07-27 17:04:19
https://torob.com/p/a6dd2d0b-95a3-4914-a2be-8e9819ab14e8/%D8%B3%D9%88%D9%84%D9%88%D9%BE%D8%AA%D8%A7%D8%B3-%D9%81%D8%A7%D8%B1%D9%87%D8%A7%D9%85/,سولوپتاس فارهام,,1100000,nan,,,True,2025-07-22 16:46:47,2025-07-27 17:14:09
https://torob.com/p/2397e088-ef9c-48b9-ad6e-0be3d8d72832/%DA%A9%D9%88%D8%AF-%D8%B1%DB%8C%D8%B4%D9%87-%D8%B2%D8%A7%DB%8C%DB%8C-%D8%B3%D9%88%DB%8C%D9%84-%D8%B1%D9%88%D8%AA-soil-roots-1%D9%84%DB%8C%D8%AA%D8%B1%DB%8C-%D8%A7%D8%B2-%D8%B4%D8%B1%DA%A9%D8%AA-%D8%A7%D9%85%DB%8C%D9%86%D9%88%DA%A9%D8%B1-%D8%A7%D9%84%D9%85%D8%A7%D9%86/,کود ریشه زایی سویل روت-(soil roots) 1لیتری از شرکت آمینوکر آلمان,,790000,790000.0,1,,True,2025-07-22 16:46:47,2025-07-27 16:57:53
https://torob.com/p/ab01bbfe-1ed1-4677-9275-6d4fe8f353c9/%D8%A7%D8%B3%D8%AA%D8%A7%D9%85%DB%8C-%D9%BE%D8%B1%D8%A7%DB%8C%D8%AF-%D9%85%D9%88%D8%B3%DB%8C%D9%BE%DB%8C%D9%84%D8%A7%D9%86-%DA%AF%D9%84-%D8%B3%D9%85/,استامی پراید (موسیپیلان) گل سم,,140000,nan,,,True,2025-07-22 16:46:48,2025-07-27 16:51:14
https://torob.com/p/5e59f16d-f748-47d9-ba58-555897f2cc67/%D9%87%DB%8C%D9%88%D9%85%DB%8C%DA%A9-%D8%A7%D8%B3%DB%8C%D8%AF-%DA%AF%D8%B1%D8%A7%D9%86%D9%88%D9%84%D9%87/,هیومیک اسید گرانوله,,321000,nan,,,True,2025-07-22 16:46:48,2025-07-27 16:52:23
https://torob.com/p/1258e9c4-7f41-48dd-97f7-0cfbe289653e/%D9%88%D8%B1%D9%85%DB%8C-%DA%A9%D9%85%D9%BE%D9%88%D8%B3%D8%AA-%D8%B5%D8%A7%D8%AF%D8%B1%D8%A7%D8%AA%DB%8C-%D8%AD%D8%A7%D8%B5%D9%84%D8%AE%DB%8C%D8%B2-%DA%A9%D9%88%D8%AF-%D8%A7%D9%84%DB%8C-%D8%AF%D8%B1%D8%AC%D9%87-%DB%8C%DA%A9-%D8%A8%D8%A7-%DA%A9%DB%8C%D9%81%DB%8C%D8%AA-%D8%B9%D8%A7%D9%84%DB%8C/,ورمی کمپوست صادراتی حاصلخیز،کود آلی درجه یک با کیفیت عالی,,100000,nan,,,True,2025-07-22 16:46:48,2025-07-27 16:55:18
https://torob.com/p/c6f9d6ae-fcb9-4bf9-9fb9-34018433b953/%DA%A9%D9%88%D8%AF-20-20-20-%D8%B3%D9%88%D9%BE%D8%B1-%D8%A7%DA%AF%D8%B1%D9%88-%D8%B4%D8%A7%D9%85%D9%84-%D8%A7%D8%B3%DB%8C%D8%AF-%D9%87%D8%A7%DB%8C-%D8%A7%D9%85%DB%8C%D9%86%D9%87-%D9%88-%D9%81%D9%88%D9%84%D9%88%DB%8C%DA%A9-%D8%A7%D8%B3%DB%8C%D8%AF-%DB%8C%DA%A9-%DA%A9%DB%8C%D9%84%D9%88%DB%8C%DB%8C/,کود 20-20-20 سوپر اگرو (شامل اسید های آمینه و فولویک اسید) یک کیلویی,,399200,nan,,,True,2025-07-22 16:46:49,2025-07-27 16:56:32
https://torob.com/p/c2115dc3-af90-4601-af45-7c6a003c90c5/%D9%82%D8%A7%D8%B1%DA%86-%DA%A9%D8%B4-%D8%AA%DB%8C%D9%88%D9%81%D8%A7%D9%86%D8%A7%D8%AA-%D9%85%D8%AA%DB%8C%D9%84-%2B%D8%AA%D8%B1%DB%8C-%D8%B3%DB%8C%DA%A9%D9%84%D8%A7%D8%B2%D9%88%D9%84-250%DA%AF%D8%B1%D9%85%DB%8C-%D8%B4%D8%B1%DA%A9%D8%AA-%DA%AF%DB%8C%D8%A7%D9%87/,قارچ کش تیوفانات متیل +تری سیکلازول 250گرمی شرکت گیاه,,285000,nan,,,True,2025-07-22 16:46:49,2025-07-27 16:58:22
https://torob.com/p/625ad4ce-9505-4578-87c3-f7a22f1e29c8/%D9%82%D8%B1%D8%B5-%DA%A9%D9%88%D8%AF-120%D8%B9%D8%AF%D8%AF%DB%8C/,قرص کود ۱۲۰عددی,,145000,nan,,,True,2025-07-22 16:46:49,2025-07-27 16:52:20
https://torob.com/p/6059c0c6-ac79-4771-9fb3-e5d4d57d1414/%DA%A9%D9%88%D8%AF-%D8%B3%D9%88%D9%BE%D8%B1-%D9%85%DB%8C%DA%A9%D8%B1%D9%88-%DA%A9%D8%A7%D9%85%D9%84-13-%D8%B9%D9%86%D8%B5%D8%B1%D9%87/,کود سوپر میکرو کامل 13 عنصره,,408000,nan,,,True,2025-07-22 16:46:50,2025-07-27 16:52:27
https://torob.com/p/78bb0d02-f083-4110-89db-8693aa481ebe/%D9%82%D8%A7%D8%B1%DA%86-%DA%A9%D8%B4-%D9%85%D8%A7%D9%86%DA%A9%D9%88%D8%B2%D8%A8-wp80-%DB%8C%D8%A7-%D8%AF%DB%8C%D8%AA%D8%A7%D9%86-%D8%A7%D9%85-%D8%AA%D9%85%D8%A7%D8%B3%DB%8C-%D8%A8%D8%A7-%D8%A7%D8%AB%D8%B1-%D8%AD%D9%81%D8%A7%D8%B8%D8%AA%DB%8C-%D9%88-%D9%BE%DB%8C%D8%B4%DA%AF%DB%8C%D8%B1%DB%8C-%DA%A9%D9%86%D9%86%D8%AF%D9%87/,قارچ کش مانکوزب WP80% یا دیتان ام ،تماسی با اثر حفاظتی و پیشگیری کننده,,600000,nan,,,True,2025-07-22 16:46:50,2025-07-27 16:56:08
https://torob.com/p/cb5d018f-1ba3-44a7-a6e4-377287e41f4e/%DA%A9%D9%88%D8%AF-%D9%85%DB%8C%DA%A9%D8%B1%D9%88-%DA%A9%D9%85%D8%A8%DB%8C-g-mic-%D9%85%D8%A7%DB%8C%D8%B9/,کود میکرو کمبی G-MIC مایع,,339000,nan,,,True,2025-07-22 16:46:51,2025-07-27 16:54:58
https://torob.com/p/782a6e2c-49a0-42b0-8366-3013c6fcf9c1/%D9%85%D8%AD%D9%84%D9%88%D9%84-%D9%88-%D9%87%D9%88%D8%B1%D9%85%D9%88%D9%86-%D8%B1%DB%8C%D8%B4%D9%87-%D8%B2%D8%A7-%DA%A9%DB%8C%D9%86%DA%AF-%D9%85%DA%A9%D8%B3-%D9%85%DA%A9%D8%B2%DB%8C%DA%A9%DB%8C-%D8%AD%D8%A7%D9%88%DB%8C-%D9%87%D9%88%D8%B1%D9%85%D9%88%D9%86-%D8%AC%DB%8C%D8%A8%D8%B1%D9%84%DB%8C%D9%86-%D9%88-%D8%A7%DA%A9%D8%B3%DB%8C%D9%86-%D9%88-%D8%B3%DB%8C%D8%AA%D9%88%DA%A9%DB%8C%D9%86%DB%8C%D9%86/,محلول و هورمون ریشه زا کینگ مکس مکزیکی حاوی هورمون جیبرلین و اکسین و سیتوکینین,,138000,nan,,,True,2025-07-22 16:46:51,2025-07-27 16:55:44
https://torob.com/p/3384874f-af8b-4bb2-ae1a-73b2d4d2a304/%DA%A9%D9%88%D8%AF-%D9%87%DB%8C%D8%AF%D8%B1%D9%88%D9%BE%D9%88%D9%86%DB%8C%DA%A9/,کود هیدروپونیک,,250000,nan,,,True,2025-07-22 16:46:51,2025-07-27 16:54:28
https://torob.com/p/b258616d-40ef-47b6-a058-6aaa7897f319/%D8%AC%D9%84%D8%A8%DA%A9-%D8%AF%D8%B1%DB%8C%D8%A7%DB%8C%DB%8C-%D8%A7%D8%B3%DA%A9%D9%88%D9%81%DB%8C%D9%84%D9%88%D9%85/,جلبک دریایی آسکوفیلوم,,700000,nan,,,True,2025-07-22 16:46:52,2025-07-27 16:53:02
https://torob.com/p/153481b4-c65e-4675-9488-530f6ce971ef/%DA%A9%D9%88%D8%AF-%D8%B3%D9%87-%D8%A8%DB%8C%D8%B3%D8%AA-%D9%81%D8%A7%D9%84%DA%A9%D9%88%D9%86-10-%DA%A9%DB%8C%D9%84%D9%88%DB%8C%DB%8C-%D8%A7%D8%B2%D8%AA-n-%D9%81%D8%B3%D9%81%D8%B1-p-%D9%88-%D9%BE%D8%AA%D8%A7%D8%B3%DB%8C%D9%85-k/,کود سه بیست فالکون 10 کیلویی | ازت (N)، فسفر (P) و پتاسیم (K),,24500000,2450000.0,10,,True,2025-07-22 16:46:52,2025-07-27 16:52:03
https://torob.com/p/3a927035-143b-4a63-bc58-44aef5b4670a/%D8%A7%D8%B3%DB%8C%D8%AF-%D9%87%DB%8C%D9%88%D9%85%DB%8C%DA%A9-%D9%BE%D9%88%D8%AF%D8%B1%DB%8C-70-%D8%AF%D8%B1%D8%B5%D8%AF/,اسید هیومیک پودری 70 درصد,,238000,nan,,,True,2025-07-22 16:46:52,2025-07-22 16:46:52
https://torob.com/p/577fc061-e124-4e67-a0f4-baeb13ba8535/%DA%A9%D9%88%D8%AF-%D9%85%D8%A7%DB%8C%D8%B9-%D9%85%D8%AD%D8%B1%DA%A9-%D8%B1%D8%B4%D8%AF-1-%D9%84%DB%8C%D8%AA%D8%B1%DB%8C-%D8%B3%D8%A8%D9%88%D8%B3%DB%8C%D8%A8/,کود مایع محرک رشد ۱ لیتری سبوسیب,,313400,313400.0,1,,True,2025-07-22 16:46:53,2025-07-22 16:46:53
https://torob.com/p/20a2fc8d-dd95-4532-b89a-f1a4d3fd5c99/%DA%A9%D9%88%D8%AF-%D9%86%DB%8C%D8%AA%D8%B1%D8%A7%D8%AA-%DA%A9%D9%84%D8%B3%DB%8C%D9%85-%DA%AF%DB%8C%D8%A7%D9%87-%DB%8C%D8%A7%D8%B1-%DB%8C%DA%A9-%DA%A9%DB%8C%D9%84%D9%88%DA%AF%D8%B1%D9%85/,کود نیترات کلسیم گیاه یار یک کیلوگرم,,132000,nan,,,True,2025-07-22 16:46:53,2025-07-27 16:53:20
https://torob.com/p/6e6b0a31-f2b2-4cbb-8817-3d1928f71d75/%DA%A9%D9%88%D8%AF-%D8%AC%D9%84%D8%A8%DA%A9-%D8%AF%D8%B1%DB%8C%D8%A7%DB%8C%DB%8C-%D8%A7%D8%B3%D9%BE%D8%A7%D9%86%DB%8C%D8%A7%DB%8C%DB%8C-100-%DA%AF%D8%B1%D9%85%DB%8C/,کود جلبک دریایی اسپانیائی(100 گرمی),,497000,nan,,,True,2025-07-22 16:46:54,2025-07-27 17:00:25
https://torob.com/p/04028987-bce6-4cc1-80a8-54cb36860495/%DA%A9%D9%88%D8%AF-%D8%B1%DB%8C%D8%B2-%D9%85%D8%BA%D8%B0%DB%8C-%D9%85%DB%8C%DA%A9%D8%B1%D9%88-%D9%85%DA%A9%D8%B3-%D8%A7%D9%85%DA%A9%D8%B3/,کود ریز مغذی میکرو مکس امکس,,1430000,nan,,,True,2025-07-22 16:46:54,2025-07-27 16:51:31
https://torob.com/p/f12761b7-fdab-4eeb-a577-86c83b1b7a0b/%DA%A9%D9%88%D8%AF-%D8%AA%D9%82%D9%88%DB%8C%D8%AA%DB%8C-%D8%A7%D8%B5%D9%84%D8%A7%D8%AD-%DA%A9%D9%86%D9%86%D8%AF%D9%87-%D8%AE%D8%A7%DA%A9-%D9%88-%D8%B6%D8%AF-%D8%B4%D9%88%D8%B1%DB%8C-%D9%BE%D8%B1%DA%A9-%D8%B3%D9%88%DB%8C%D9%84-perk-soil-%D9%85%D8%A7%DB%8C%D8%B9-%D8%A7%DA%AF%D8%B1%DB%8C%DA%A9%D9%85-agrikem-%D8%AA%D8%B1%DA%A9%DB%8C%D9%87-20-%D9%84%DB%8C%D8%AA%D8%B1-%DA%AF%D8%A7%D9%84%D9%86/,کود تقویتی اصلاح کننده خاک و ضد شوری پرک سویل PERK SOIL مایع اگریکم AGRIKEM ترکیه 20 لیتر گالن,,3650000,182500.0,20,,True,2025-07-22 16:46:54,2025-07-27 16:56:25
https://torob.com/p/7dac1b48-3ac6-45fb-9495-8201fe3a9ac5/%DA%AF%D9%88%DA%AF%D8%B1%D8%AF-%D9%BE%D8%AA%D8%A7%D8%B3-%D9%85%D8%A7%DB%8C%D8%B9-kts/,گوگرد پتاس مایع KTS,,950000,nan,,,True,2025-07-22 16:46:55,2025-07-27 16:55:26
https://torob.com/p/50ef9edd-20c3-48ad-b503-bbfdfd2fc4b7/%D8%A7%D8%B3%DB%8C%D8%AF-%D9%81%D9%88%D9%84%D9%88%DB%8C%DA%A9-85-%D8%AF%D8%B1%D8%B5%D8%AF-%D9%81%DB%8C%D8%AA%D9%88%D9%85%DA%A9%D8%B3/,اسید فولویک ۸۵ درصد فیتومکس,,850000,nan,,,True,2025-07-22 16:46:55,2025-07-27 16:54:54
https://torob.com/p/8e56339d-0584-48e1-823e-adf3a9b228f4/%DA%A9%D9%88%D8%AF-%D9%BE%D8%AA%D8%A7%D8%B3-%D8%A8%D8%A7%D9%84%D8%A7-%D8%AC%D9%87%D8%AA-%D8%AB%D9%85%D8%B1%D8%AF%D9%87%DB%8C-%D9%88-%D8%A7%D9%81%D8%B2%D8%A7%DB%8C%D8%B4-%D9%85%D9%82%D8%A7%D9%88%D9%85%D8%AA-%DA%AF%DB%8C%D8%A7%D9%87%D8%A7%D9%86-%D8%A7%D9%BE%D8%A7%D8%B1%D8%AA%D9%85%D8%A7%D9%86%DB%8C-%D9%88-%D8%AE%D8%A7%D9%86%DA%AF%DB%8C-30-5-15/,کود پتاس بالا جهت ثمردهی و افزایش مقاومت گیاهان آپارتمانی و خانگی 30-5-15,,50000,nan,,,True,2025-07-22 16:46:56,2025-07-27 16:53:58
https://torob.com/p/5535b8e1-a550-4c4b-8799-6fd48624f2fd/%D8%AE%D8%B1%DB%8C%D8%AF-%D9%87%D9%88%D8%B1%D9%85%D9%88%D9%86-%D9%BE%DB%8C%DA%A9%D8%B3-%D9%BE%D9%86%D8%A8%D9%87-pix-%D8%A8%D8%A7%D8%B3%D9%81-5-%D9%85%D8%AD%D8%B5%D9%88%D9%84-%D8%B4%D8%B1%DA%A9%D8%AA-basf-%D8%A7%D9%84%D9%85%D8%A7%D9%86-%D8%AF%DB%8C%D8%A7%D8%B1%DA%A9%D8%B4%D8%AA/,خرید هورمون پیکس پنبه pix باسف 5% |محصول شرکت BASF آلمان |دیارکشت,,12000000,nan,,,True,2025-07-22 16:46:56,2025-07-27 16:56:02
https://torob.com/p/66dce525-8c28-4969-9784-cdd77d70793c/%D8%B3%D9%85-%D9%82%D8%A7%D8%B1%DA%86%DA%A9%D8%B4-%D8%AA%D8%B1%DA%A9%DB%8C%D8%A8%DB%8C-%D8%A7%DB%8C%D9%BE%D8%B1%D9%88%D8%AF%DB%8C%D9%88%D9%86-%2B-%DA%A9%D8%A7%D8%B1%D8%A8%D9%86%D8%AF%D8%A7%D8%B2%DB%8C%D9%85-%D8%B1%D9%88%D8%B1%D8%A7%D9%84-%D9%BE%D9%88%D8%AF%D8%B1-%D9%85%D9%84%DB%8C-%D8%B4%DB%8C%D9%85%DB%8C-%DA%A9%D8%B4%D8%A7%D9%88%D8%B1%D8%B2-1-%DA%A9%DB%8C%D9%84%D9%88%DA%AF%D8%B1%D9%85-%D9%81%D9%88%DB%8C%D9%84/,سم قارچکش ترکیبی ایپرودیون + کاربندازیم رورال پودر ملی شیمی کشاورز 1 کیلوگرم فویل,,1850000,1850000.0,1,,True,2025-07-22 16:46:56,2025-07-27 16:53:24
https://torob.com/p/8024dd2e-56eb-4114-ad6d-144bd5e11f89/%D9%85%D8%A7%D9%86%DA%A9%D9%88%D8%B2%D8%A8-%D9%86%DB%8C%D9%85-%DA%A9%DB%8C%D9%84%D9%88%DB%8C%DB%8C-%D8%A7%D8%B1%DB%8C%D8%A7-%D8%B4%DB%8C%D9%85%DB%8C-%D8%B3%D9%85-%D9%82%D8%A7%D8%B1%DA%86%DA%A9%D8%B4-%D8%B1%DB%8C%D8%AF%D9%88%D9%85%DB%8C%D9%84-%D8%A7%D9%85-%D8%B2%D8%AF-%D9%85%D8%AA%D8%A7%D9%84%D8%A7%DA%A9%D8%B3%DB%8C%D9%84/,مانکوزب نیم کیلویی آریا شیمی| سم قارچکش (ریدومیل ام زد) متالاکسیل,,3900000,nan,,,True,2025-07-22 16:46:57,2025-07-27 16:52:33
https://torob.com/p/c3e069b4-16ce-49a4-9a36-75d32e5f7d7b/%DA%A9%D9%88%D8%AF-%D9%BE%D9%88%D8%AF%D8%B1%DB%8C-%D9%87%DB%8C%D9%88%D9%85%DB%8C%DA%A9-%D8%A7%D8%B3%DB%8C%D8%AF/,کود پودری هیومیک اسید,,1800000,nan,,,True,2025-07-22 16:46:57,2025-07-27 16:57:32
https://torob.com/p/d350fe0e-0e9c-444a-9a19-82ae8709af7e/%DA%A9%D9%88%D8%AF-10-%D8%A7%DB%8C%DA%A9%D8%B3-%DA%AF%D9%84%D8%AF-%D8%B4%D9%88%DA%A9/,کود 10 ایکس گلد شوک,,12000000,nan,,,True,2025-07-22 16:46:58,2025-07-27 16:52:17
https://torob.com/p/5074fa2f-6d23-45b2-8b71-52d69b30e47e/%DA%A9%D9%88%D8%AF202020%DB%8C%DA%A9-%DA%A9%DB%8C%D9%84%D9%88%DB%8C%DB%8C-%DA%AF%D8%B1%D9%88%D9%85%D9%88%D8%B1/,کود۲۰۲۰۲۰یک کیلویی گرومور,,730000,nan,,,True,2025-07-22 16:46:58,2025-07-27 16:53:06
https://torob.com/p/2c6c8063-7fbc-4ad5-a79b-910de87c88a6/%D9%82%D8%A7%D8%B1%DA%86%DA%A9%D8%B4-%D9%85%D8%AA%D8%A7%D9%84%D8%A7%DA%A9%D8%B3%DB%8C%D9%84-%D9%85%D8%A7%D9%86%DA%A9%D9%88%D8%B2%D8%A8-%D8%B1%D8%B2%D8%A7%D9%84%D8%A7%DA%A9%D8%B3%DB%8C%D9%84-%D8%B1%DB%8C%D8%AF%D9%88%D9%85%DB%8C%D9%84-%D8%A7%D9%85-%D8%B2%D8%AF-%DB%8C%DA%A9-%DA%A9%DB%8C%D9%84%D9%88%DB%8C%DB%8C-%D8%A8%D9%87%D8%A7%D9%88%D8%B1%D8%A7%D9%86-%D8%B2%D8%B1%DB%8C%D9%86-%D9%85%DA%98%D8%AF%D9%87/,قارچکش متالاکسیل مانکوزب (رزالاکسیل/ریدومیل ام زد) یک کیلویی بهاوران زرین مژده,,720000,nan,,,True,2025-07-22 16:46:58,2025-07-27 17:04:55
https://torob.com/p/5102f956-86af-416e-ab6c-66646995faf8/%DA%A9%D9%88%D8%AF-%D8%B3%D9%88%D9%84%D9%81%D8%A7%D8%AA-%D9%BE%D8%AA%D8%A7%D8%B3%DB%8C%D9%85-%D9%BE%D9%88%D8%AF%D8%B1%DB%8C-%D8%AA%D8%A7%DB%8C%D9%88%D8%A7%D9%86%DB%8C-%D9%85%D9%88%D9%84%D8%AA%DB%8C-%DA%A9%D9%85-25-%DA%A9%DB%8C%D9%84%D9%88%DA%AF%D8%B1%D9%85/,کود سولفات پتاسیم پودری تایوانی مولتی کم – 25 کیلوگرم,,4200000,168000.0,25,,True,2025-07-22 16:46:59,2025-07-27 16:54:42
https://torob.com/p/4745e8f1-f2e9-452f-aede-f3e9ae4ae215/%D9%BE%D8%AA%D8%A7%D8%B3-%D8%A8%D8%A7%D9%84%D8%A7-%D8%A7%D9%86-%DA%A9%D8%A7-60-nk60-%D8%B3%D8%A8%D8%B2%DA%AF%D9%84-1-%D9%84%DB%8C%D8%AA%D8%B1%DB%8C/,پتاس بالا ان کا 60 ( NK60) سبزگل 1 لیتری,,450000,450000.0,1,,True,2025-07-22 16:46:59,2025-07-27 16:52:30
https://torob.com/p/a3bafbf9-0600-4c93-b9f7-47ecb2f980b4/%D8%B3%DB%8C%D9%84%DB%8C%DA%A9%D8%A7%D8%AA-%D9%BE%D8%AA%D8%A7%D8%B3%DB%8C%D9%85/,سیلیکات پتاسیم,,1200000,nan,,,True,2025-07-22 16:47:00,2025-07-22 16:47:00
https://torob.com/p/b08cef48-9077-4cfd-a949-57cf35b72a5e/%DA%A9%D9%88%D8%AF-%D9%BE%D8%AA%D8%A7%D8%B3-%D8%A8%D8%A7%D9%84%D8%A7-121236-%2Bte-%D9%87%D9%85%D8%B1%D8%A7%D9%87-%D8%A8%D8%A7-%D8%B1%DB%8C%D8%B2-%D9%85%D8%BA%D8%B0%DB%8C-70-%DA%AF%D8%B1%D9%85%DB%8C/,کود پتاس بالا ۱۲۱۲۳۶ +te همراه با ریز مغذی ۷۰ گرمی,,120000,nan,,,True,2025-07-22 16:47:00,2025-07-27 16:58:50
https://torob.com/p/c0aba8ef-b68a-42d2-8b39-f27f8d0ba5d6/%D8%AE%D8%A7%DA%A9-%D9%BE%DB%8C%D8%AA-%D9%85%D8%A7%D8%B3/,خاک پیت ماس,,40000,nan,,,True,2025-07-22 16:47:00,2025-07-27 16:52:14
https://torob.com/p/d715efa3-e5bc-453b-a6d4-8176e943ea30/%D8%B3%D9%85-%D8%B9%D9%84%D9%81%DA%A9%D8%B4-%D8%AA%D9%88%D9%81%D9%88%D8%B1%D8%AF%DB%8C-%2B-mcpa-%D9%85%D8%A7%DB%8C%D8%B9-%D9%85%D9%84%DB%8C-%D8%B4%DB%8C%D9%85%DB%8C-%DA%A9%D8%B4%D8%A7%D9%88%D8%B1%D8%B2-1-%D9%84%DB%8C%D8%AA%D8%B1-%DA%A9%D9%88%DB%8C%DA%A9%D8%B3/,سم علفکش توفوردی + mcpa مایع ملی شیمی کشاورز 1 لیتر کوئکس,,455000,455000.0,1,,True,2025-07-22 16:47:01,2025-07-27 16:54:25
https://torob.com/p/adb09200-36d1-4ea2-88c1-1aa59be3ede2/%D8%AC%D9%84%D8%A8%DA%A9-%D8%AF%D8%B1%DB%8C%D8%A7%DB%8C%DB%8C-%D9%88-%D9%85%D8%AD%D8%B1%DA%A9-%D8%B1%D8%B4%D8%AF-%D8%A7%D9%84%DA%AF%D9%88%D8%B1%D8%A7/,جلبک دریایی و محرک رشد الگورا,,980000,nan,,,True,2025-07-22 16:47:01,2025-07-22 16:47:01
https://torob.com/p/190961d1-e78f-4c9f-9297-cf00d030bce7/%D8%AE%D8%A7%DA%A9-%D8%B1%D8%B3-%D8%B3%D9%81%DB%8C%D8%AF-%DA%A9%D8%A7%DB%8C%D9%88%D9%84%DB%8C%D9%86/,خاک رس سفید کائولین,,187500,nan,,,True,2025-07-22 16:47:02,2025-07-27 16:55:33
https://torob.com/p/78bab349-471e-45e7-8a23-4809cf180c4a/%DA%A9%D9%88%D8%AF-%D9%85%D8%A7%DB%8C%D8%B9-%D8%B3%D9%BE%D8%AA%D8%A7-%D9%86%DB%8C%D8%AA%D8%B1%D9%88-%D9%85%DA%A9%D8%B3-%D9%86%DB%8C%D8%AA%D8%B1%D9%88%DA%98%D9%8640-1%D9%84%DB%8C%D8%AA%D8%B1%DB%8C/,کود مایع سپتا نیترو مکس نیتروژن40 1لیتری,,325000,325000.0,1,,True,2025-07-22 16:47:02,2025-07-27 16:53:05
https://torob.com/p/04878e0a-5c52-43f6-914c-25cec356f1f4/%D8%B3%D9%85-%D9%82%D8%A7%D8%B1%DA%86-%DA%A9%D8%B4-%DA%A9%D8%A7%D9%BE%D8%AA%D8%A7%D9%86-%D8%AC%D9%88%D8%A7%D9%86%D9%87-%D8%B1%D9%88%DB%8C%D8%B4-%D9%87%D9%86%D8%AF%DB%8C-%DB%8C%DA%A9-%DA%A9%DB%8C%D9%84%D9%88%DB%8C%DB%8C/,سم قارچ کش کاپتان جوانه رویش (هندی) یک کیلویی,,600000,nan,,,True,2025-07-22 16:47:03,2025-07-29 15:02:52
https://torob.com/p/5c7f102e-fde0-4df5-bfe9-1df75594ba59/%DA%AF%D9%88%DA%AF%D8%B1%D8%AF-%DB%8C%DA%A9-%DA%A9%DB%8C%D9%84%D9%88%DB%8C%DB%8C/,گوگرد - یک کیلویی,,85000,nan,,,True,2025-07-22 16:47:03,2025-07-27 16:55:20
https://torob.com/p/547ca16d-5958-41e9-8cd1-8b6494f96d6b/%D8%AE%D8%B1%DB%8C%D8%AF-%DA%A9%D9%88%D8%AF-%DA%A9%D9%84%D8%A7%D8%AA-%D8%A7%D9%87%D9%86-%D9%BE%D9%88%D8%AF%D8%B1%DB%8C-%DA%AF%DB%8C%D8%A7%D9%87%D8%A7%D9%86-%D8%A7%D9%BE%D8%A7%D8%B1%D8%AA%D9%85%D8%A7%D9%86%DB%8C-%DA%A9%D9%88%D8%AF-%D8%A7%D9%87%D9%86-%D8%A8%D8%B1%D8%A7%DB%8C-%D8%AA%D9%85%D8%A7%D9%85%DB%8C-%DA%AF%DB%8C%D8%A7%D9%87%D8%A7%D9%86-%D9%85%D8%AE%D8%B5%D9%88%D8%B5%D8%A7-%DA%AF%DB%8C%D8%A7%D9%87%D8%A7%D9%86-%D8%A7%D9%BE%D8%A7%D8%B1%D8%AA%D9%85%D8%A7%D9%86%DB%8C-%D8%B6%D8%B1%D9%88%D8%B1%DB%8C-%D8%A7%D8%B3%D8%AA-%D9%88-%D8%A8%D8%A7%DB%8C%D8%AF-%D8%B4%D9%85%D8%A7-%D9%87%D8%B1-%D8%AF%D9%88-%D9%85%D8%A7%D9%87-%DB%8C%DA%A9%D8%A8%D8%A7%D8%B1-%D8%AD%D8%AF%D8%A7%D9%82%D9%84-%D8%A8%D9%87-%DA%AF%DB%8C%D8%A7%D9%87%D8%AA%D9%88%D9%86-%DA%A9%D9%88%D8%AF-%D8%A7%D9%87%DB%8C-%D8%A8%D8%AF%DB%8C%D8%AF-%D8%A8%D8%AE%D8%A7%D8%B7%D8%B1-%D9%82%D9%84%DB%8C%D8%A7%DB%8C%DB%8C-%D8%A8%D9%88%D8%AF%D9%86-%D8%AE%D8%A7%DA%A9-%D9%88-%D8%A7%D8%A8-%D8%AE%DB%8C%D9%84%DB%8C-%D8%A7%D8%B2-%D9%85%D9%86%D8%A7%D8%B7%D9%82-%D8%A7%DB%8C%D8%B1%D8%A7%D9%86-%D8%A8%D9%87%D8%AA%D8%B1%D9%87-%D8%A8%D8%B1%D8%A7%DB%8C-%D8%AA%D8%BA%D8%B0%DB%8C%D9%87-%DA%AF%DB%8C%D8%A7%D9%87%D8%A7%D9%86-%D8%A7%D8%B2-%DA%A9%D9%88%D8%AF-%DA%A9%D9%84%D8%A7%D8%AA-%D8%A7%D9%87%D9%86-%D8%A7%D8%B3%D8%AA%D9%81%D8%A7%D8%AF%D9%87-%DA%A9%D9%86%DB%8C%D8%AF-%DA%A9%D9%87-%DA%AF%DB%8C%D8%A7%D9%87-%D8%A8%D8%AA%D9%88%D9%86%D9%87-%D8%A8%D9%87-%D8%B1%D8%A7%D8%AD%D8%AA%DB%8C-%D9%85%D9%88%D8%A7%D8%AF%D9%85%D8%BA%D8%B0%DB%8C-%D9%88-%D8%A7%D9%87%D9%86-%D9%85%D9%88%D8%B1%D8%AF-%D9%86%DB%8C%D8%A7%D8%B2-%D8%AE%D9%88%D8%AF%D8%B4-%D8%B1%D9%88-%D8%AC%D8%B0%D8%A8-%DA%A9%D9%86%D9%87/,خرید کود کلات آهن پودری گیاهان آپارتمانی : کود آهن برای تمامی گیاهان مخصوصا گیاهان آپارتمانی ضروری است و باید شما هر دو ماه یکبار حداقل به گیاهتون کود آهئ بدید، بخاطر قلیایی بودن خاک و آب خیلی از مناطق ایران بهتره برای تغذیه گیاهان از کود کلات آهن استفاده کنید که گیاه بتونه به راحتی موادمغذی و آهن مورد نیاز خودش رو جذب کنه,,900000,nan,,,True,2025-07-22 16:47:03,2025-07-22 16:47:03
https://torob.com/p/f90f7381-bf3c-4389-9825-da084fca9286/%DA%A9%D9%88%D8%AF-%D9%87%DB%8C%D9%88%D9%85%DB%8C%DA%A9%D8%A7%D9%86%D8%A7-%D8%AC%D9%84%D8%A8%DA%A9-%D8%AF%D8%B1%DB%8C%D8%A7%DB%8C%DB%8C-%2B-%D9%87%DB%8C%D9%88%D9%85%DB%8C%DA%A9-%D8%A7%D8%B3%DB%8C%D8%AF-%D8%AD%D8%AC%D9%85-150ml/,کود هیومیکانا – جلبک دریایی + هیومیک اسید – حجم 150ml,,120000,nan,,,True,2025-07-22 16:47:04,2025-07-27 16:54:35
https://torob.com/p/cae68fb9-f0c2-4713-9a3a-bf7fe60ba5d2/%D8%A8%D8%B0%D8%B1-%D9%87%DB%8C%D8%A8%D8%B1%DB%8C%D8%AF-%D8%B0%D8%B1%D8%AA-%D8%B9%D9%84%D9%88%D9%81%D9%87-%D8%A7%DB%8C/,بذر هیبرید ذرت علوفه ای,,380000,nan,,,True,2025-07-22 16:47:04,2025-07-27 16:51:58
https://torob.com/p/764afdc2-ee42-454f-9ee4-ba2dbcaf23c9/%D8%AE%D8%B1%DB%8C%D8%AF-%D8%A7%DB%8C%D9%86%D8%AA%D8%B1%D9%86%D8%AA%DB%8C-%D9%82%D8%A7%D8%B1%DA%86-%DA%A9%D8%B4-%DA%A9%D8%A7%D8%A8%D8%B1%DB%8C%D9%88%D8%AF%D9%88-cabrio-duo%D8%A8%D8%A7%D8%B3%D9%81-basf%D8%A7%D9%84%D9%85%D8%A7%D9%86-1-%D9%84%DB%8C%D8%AA%D8%B1%DB%8C/,خرید اینترنتی قارچ کش کابریودو Cabrio Duoباسف Basfآلمان 1 لیتری,,3250000,3250000.0,1,,True,2025-07-22 16:47:05,2025-07-27 16:58:04
https://torob.com/p/0c11c88d-6f73-45e5-8667-1641ad936d16/%DA%A9%D9%88%D8%AF-%DA%A9%D8%A7%D8%AA%DB%8C%D9%88%D8%B4%D8%A7-%D8%B3%D9%88%D9%84%D9%81%D8%A7%D8%AA-%D9%BE%D8%AA%D8%A7%D8%B3%DB%8C%D9%85-%D8%AC%D9%86%D9%88%D8%A8%DA%AF%D8%A7%D9%86-5-%D9%84%DB%8C%D8%AA%D8%B1%DB%8C/,کود کاتیوشا(سولفات پتاسیم) جنوبگان(5 لیتری),,750000,150000.0,5,,True,2025-07-22 16:47:05,2025-07-22 16:47:05
https://torob.com/p/0af54d61-a5dc-476a-90b1-93bd60d527d9/%D8%A7%D8%B2%D8%AA-%D9%85%D8%A7%DB%8C%D8%B9-n20-%D8%B2%D8%B1%DA%AF%D8%B1%DB%8C%D9%86/,ازت مایع N20 زرگرین,,1345000,nan,,,True,2025-07-22 16:47:05,2025-07-22 16:47:05
https://torob.com/p/d5b308af-10f7-4db6-be31-176524740591/%DA%A9%D9%88%D8%AF-%DA%A9%D9%84%D8%B3%DB%8C%D9%85-%D8%A8%D9%88%D8%B1-%D9%85%D8%A7%DB%8C%D8%B9-%DB%8C%DA%A9-%D8%B1%D9%88%DB%8C%D8%B4/,کود کلسیم بور مایع یک رویش,,220055,nan,,,True,2025-07-22 16:47:06,2025-07-22 16:47:06
https://torob.com/p/93fabb9a-0c5a-4ab7-a0ec-8e2a2d3e0383/%DA%A9%D9%88%D8%AF-npk-%DA%A9%D8%A7%D9%85%D9%84-20-20-20-%D8%A8%D9%87-%D9%87%D9%85%D8%B1%D8%A7%D9%87-%D8%B1%DB%8C%D8%B2%D9%85%D8%BA%D8%B0%DB%8C-%D9%87%D8%A7-%D8%A8%D8%B3%DB%8C%D8%A7%D8%B1-%D8%A8%D8%A7-%DA%A9%DB%8C%D9%81%DB%8C%D8%AA-10-%DA%A9%DB%8C%D9%84%D9%88%DB%8C%DB%8C/,کود NPK کامل 20-20-20 به همراه ریزمغذی ها (بسیار با کیفیت) 10 کیلویی,,2046800,204680.0,10,,True,2025-07-22 16:47:06,2025-07-27 16:56:33
https://torob.com/p/4e1ccc4a-35f6-4d2c-b006-c3a8fe4222fc/%D8%B1%DA%AF%D9%86%D8%A7%D9%86%D8%AA-%D8%B1%D8%A7%D9%86%D9%85%D9%86-%D8%B3%DB%8C%D8%A7%D8%B2%D9%88%D9%81%D8%A7%D9%85%DB%8C%D8%AF-100%D8%B3%DB%8C-%D8%B3%DB%8C-%D8%B3%DB%8C-%D8%B3%D8%B1%D8%A7%DB%8C-%D8%B3%D9%BE%D9%86%D8%AF/,رگنانت (رانمن) سیازوفامید ۱۰۰سی سی سی سرای سپند,,449000,nan,,,True,2025-07-22 16:47:07,2025-07-27 17:06:51
https://torob.com/p/9d7ca668-d574-470f-9692-d488e22ba080/%D9%87%DB%8C%D9%88%D9%85%DB%8C%DA%A9-%D8%A7%D8%B3%DB%8C%D8%AF-%D8%A7%D8%A8%D8%A7%D8%AF%DB%8C%D8%B3-%D9%BE%D8%B1%DA%A9-70-%D8%AF%D8%B1%D8%B5%D8%AF-5-%DA%A9%DB%8C%D9%84%D9%88%DB%8C%DB%8C-%D9%87%DB%8C%D9%88%D9%85%DB%8C%DA%A9-%D8%AE%D8%A7%D9%84%D8%B5/,هیومیک اسید ابادیس پرک 70 درصد 5 کیلویی هیومیک خالص,,2000000,400000.0,5,,True,2025-07-22 16:47:07,2025-07-27 16:54:04
https://torob.com/p/9a873758-b9d1-40df-a929-ed3a6adcfb14/%D9%82%D8%A7%D8%B1%DA%86-%DA%A9%D8%B4-%D8%A8%D9%84%D8%AA%D8%A7%D9%86%D9%88%D9%84-%D8%A7%D8%B3%D9%BE%D8%A7%D9%86%DB%8C%D8%A7/,قارچ کش بلتانول اسپانیا,,6800000,nan,,,True,2025-07-22 16:47:08,2025-07-27 16:56:14
https://torob.com/p/23fa792c-1520-4f0e-9992-7de24ddc6e7e/%D8%B3%D9%88%D9%84%D9%81%D8%A7%D8%AA-%D9%BE%D8%AA%D8%A7%D8%B3%DB%8C%D9%85-%D8%A7%D9%85%D8%B1%D8%AA%D8%A7%D8%AA/,سولفات پتاسیم امرتات,,2250000,nan,,,True,2025-07-22 16:47:08,2025-07-27 17:01:45
https://torob.com/p/a8dda4f2-6c07-48fc-a43f-6d15945a66ba/%D9%87%D9%88%D8%B1%D9%85%D9%88%D9%86-%D8%AC%DB%8C%D8%A8%D8%B1%D9%84%DB%8C%D9%86-%D9%85%D8%A7%DB%8C%D8%B9-250-%D8%B3%DB%8C-%D8%B3%DB%8C-%D9%88%D8%A7%D8%B1%D8%AF%D8%A7%D8%AA%DB%8C-%D8%A7%D8%B3%D9%BE%D8%A7%D9%86%DB%8C%D8%A7%DB%8C%DB%8C/,هورمون جیبرلین مایع 250 سی سی وارداتی اسپانیایی,,585000,nan,,,True,2025-07-22 16:47:08,2025-07-27 16:53:52
https://torob.com/p/1c5ab8ba-ff7f-4438-ad04-757bd7fe59cb/%DA%A9%D9%84%D8%A7%D8%AA-%D8%A7%D9%87%D9%86-6%D8%AF%D8%B1%D8%B5%D8%AF-eddha-%D8%A7%DB%8C%D8%B1%D9%88%D9%86-%D9%BE%D9%84%D8%A7%D8%B3-%D8%AC%DB%8C-%D8%A7%D9%86%D8%AF-%D8%AC%DB%8C-%D8%B3%D8%A7%D8%AE%D8%AA-%D8%A7%D8%B3%D9%BE%D8%A7%D9%86%DB%8C%D8%A7/,کلات آهن 6درصد EDDHA آیرون پلاس جی اند جی ساخت اسپانیا,,950000,nan,,,True,2025-07-22 16:47:09,2025-07-22 16:47:09
https://torob.com/p/264a7797-56ba-4813-9c1c-24e7f47b5fb9/%D9%BE%D8%B1%D9%84%DB%8C%D8%AA-%D8%B4%DA%A9%D8%B1%DB%8C/,پرلیت شکری,,45000,nan,,,True,2025-07-22 16:47:09,2025-07-22 16:47:09
https://torob.com/p/4d8f50d5-1806-4b01-a539-63f4184ced3a/%D9%82%D8%A7%D8%B1%DA%86-%DA%A9%D8%B4-%D8%AA%DB%8C%D9%88%D9%81%D8%A7%D9%86%D8%A7%D8%AA-%D9%85%D8%AA%DB%8C%D9%84-70-wp/,قارچ کش تیوفانات متیل 70 % WP,,550000,nan,,,True,2025-07-22 16:47:10,2025-07-27 16:53:14
https://torob.com/p/04e2d31f-b1ec-46ec-8052-62606f3256f8/%DA%A9%D9%88%D8%AF-%D9%88%D8%B1%D9%85%DB%8C-%DA%A9%D9%85%D9%BE%D9%88%D8%B3%D8%AA-%D8%A8%D9%87%DA%A9%D8%A7%D9%85-%D9%88%D8%B2%D9%86-2-%DA%A9%DB%8C%D9%84%D9%88%DA%AF%D8%B1%D9%85/,کود ورمی کمپوست بهکام وزن 2 کیلوگرم,,90000,45000.0,2,,True,2025-07-22 16:47:10,2025-07-27 16:58:11
https://torob.com/p/b035415e-32ce-489b-841d-46f1b39f7d40/%D8%AE%D8%B1%DB%8C%D8%AF-%D8%A7%DB%8C%D9%86%D8%AA%D8%B1%D9%86%D8%AA%DB%8C-%DA%A9%D9%88%D8%AF-%D8%AC%D9%84%D8%A8%DA%A9-%D8%AF%D8%B1%DB%8C%D8%A7%DB%8C%DB%8C-%D8%A7%DA%A9%D8%A7%D8%AF%DB%8C%D9%86-1-%DA%A9%DB%8C%D9%84%D9%88%DB%8C%DB%8C-%D8%AA%D9%88%D9%84%DB%8C%D8%AF-%DA%A9%D8%B4%D9%88%D8%B1-%DA%A9%D8%A7%D9%86%D8%A7%D8%AF%D8%A7-%D8%A8%D8%A7-%D8%B6%D9%85%D8%A7%D9%86%D8%AA-%D8%A7%D8%B5%D8%A7%D9%84%D8%AA-%DA%A9%D8%A7%D9%84%D8%A7/,خرید اینترنتی کود جلبک دریایی آکادین 1 کیلویی تولید کشور کانادا با ضمانت اصالت کالا,,2150000,2150000.0,1,,True,2025-07-22 16:47:10,2025-07-27 16:51:22
https://torob.com/p/4a708e00-4f11-44f8-8286-97940c9116bf/%DA%A9%D9%88%D8%AF-%D8%AA%D9%82%D9%88%DB%8C%D8%AA%DB%8C-%D8%AC%D9%84%D8%A8%DA%A9-%D8%AF%D8%B1%DB%8C%D8%A7%DB%8C%DB%8C-%DA%AF%D8%B1%DB%8C%D9%86-%D9%85%D8%A7%D8%B1%DB%8C%D9%86-%D8%A7%D8%B3%D9%BE%D8%A7%D9%86%DB%8C%D8%A7-1-%DA%A9%DB%8C%D9%84%D9%88%DB%8C%DB%8C/,کود تقویتی جلبک دریایی گرین مارین اسپانیا 1 کیلوئی,,1920000,1920000.0,1,,True,2025-07-22 16:47:11,2025-07-27 16:52:35
https://torob.com/p/27c6db92-c055-4007-8be8-ac310562f3c6/%D9%85%D8%AA%D8%A7%D9%84%D8%A7%DA%A9%D8%B3%DB%8C%D9%84-%D9%85%D8%A7%D9%86%DA%A9%D9%88%D8%B2%D8%A8-1-%DA%A9%DB%8C%D9%84%D9%88%DB%8C%DB%8C/,متالاکسیل مانکوزب ۱ کیلویی,,930000,930000.0,1,,True,2025-07-22 16:47:11,2025-07-27 17:01:04
https://torob.com/p/42dd3d19-8ca7-4fb0-a711-752cc046b322/%D8%B3%D9%85-%DA%A9%D9%86%D9%81%DB%8C%D8%AF%D9%88%D8%B1-%D8%B6%D8%AF-%D8%B4%D8%AA%D9%87-%D8%B4%D9%BE%D8%B4%DA%A9-%D8%A7%D8%B1%D8%AF-%D8%A7%D9%84%D9%88%D8%AF-%D9%85%DA%AF%D8%B3-%D8%B3%D9%81%DB%8C%D8%AF-%D9%88-%DA%A9%D9%86%D9%87-%DA%A9%D9%88%D9%86%D9%81%DB%8C%D8%AF%D9%88%D8%B1/,سم کنفیدور ضد شته ، شپشک آرد آلود ، مگس سفید و کنه کونفیدور,,88000,nan,,,True,2025-07-22 16:47:12,2025-07-27 16:57:19
https://torob.com/p/deaaefee-a2ba-4a57-8ce7-15f4b7a4eb76/%D9%BE%D8%B1%DB%8C%D9%86%D9%88%D8%A7-%D8%B3%D9%88%D9%84%D9%81%D8%A7%D8%AA-%D8%A7%D9%87%D9%86-%D9%87%D9%BE%D8%AA%D8%A7-%D9%87%DB%8C%D8%AF%D8%B1%D8%A7%D8%AA/,پرینوا سولفات آهن هپتا هیدرات,,786500,nan,,,True,2025-07-22 16:47:12,2025-07-27 17:06:19
https://torob.com/p/b895f077-263f-44f6-a980-5dae311d87b2/%DA%AF%D9%88%DA%AF%D8%B1%D8%AF-%D9%85%D8%A7%DB%8C%D8%B9-%D9%BE%D8%AA%D8%A7%D8%B3%D9%87-40-%DA%AF%D9%88%DA%AF%D8%B1-20-%D9%BE%D8%AA%D8%A7%D8%B3%DB%8C%D9%85-5-10-20-%D9%84%DB%8C%D8%AA%D8%B1%DB%8C-20/,گوگرد مایع پتاسه 40% گوگر 20% پتاسیم ۵ ۱۰ ۲۰ لیتری - 20,,2200000,110000.0,20,,True,2025-07-22 16:47:13,2025-07-27 16:55:57
https://torob.com/p/c5754a14-a569-4134-a3cd-edd55b98799a/%DA%A9%D9%88%D8%AF-%D9%85%D8%A7%DB%8C%D8%B9-%D8%A7%D8%B2%D8%AA-%D8%A8%D8%A7%D9%84%D8%A7-%D9%85%D8%AD%D8%B1%DA%A9-%D8%B1%D8%B4%D8%AF-%D8%B1%D9%88%DB%8C%D8%B4%DB%8C-%DA%AF%D8%B1%D9%88-%D9%85%D8%B3%D8%AA%D8%B1-%D8%A7%D8%B1%D9%85%D8%A7%D9%86-%D8%B3%D8%A8%D8%B2/,کود مایع ازت بالا محرک رشد رویشی گرو مستر آرمان سبز,,659000,nan,,,True,2025-07-22 16:47:13,2025-07-27 16:54:47
https://torob.com/p/db594441-39a4-4638-b2ce-bc8fc220a2e7/%DA%A9%D9%88%D8%AF-%D8%B3%D9%87-%D8%A8%DB%8C%D8%B3%D8%AA-nutrivest/,کود سه بیست NUTRIVEST,,2394000,nan,,,True,2025-07-22 16:47:13,2025-07-27 16:58:58
https://torob.com/p/14921f35-da4a-41e4-bd0a-730987f3475e/%D8%A7%D8%B3%D9%BE%D8%B1%DB%8C-%DA%A9%D9%86%D9%87-%DA%A9%D8%B4-%D8%A8%D8%A7%D9%84%DA%A9%D8%A7%D9%86-%D8%A8%D8%A7-%DA%A9%D9%86%DB%8C-%D8%B1%DB%8C%D8%B2%DB%8C-%D8%A8%D8%A7%D9%84%D8%A7-%D9%88-%D8%A8%D8%AF%D9%88%D9%86-%D8%AA%D9%84%D9%81%D8%A7%D8%AA/,اسپری کنه کش بالکان با کنی ریزی بالا و بدون تلفات,,360000,nan,,,True,2025-07-22 16:47:14,2025-07-27 16:53:48
https://torob.com/p/76564f37-be22-416b-b7a5-de460341a29d/%D9%82%D8%B1%D8%B5-%DA%A9%D9%88%D8%AF-%DA%A9%D8%A7%D9%85%D9%84-%DA%AF%D9%84-%D8%AF%D9%87%DB%8C-%D8%A8%D8%B1%D9%86%D8%AF-%D9%88%D8%A7%DA%AF%D8%B1%D9%88%DA%A9%D8%B3%DB%8C%D8%B1/,قرص کود کامل گل دهی برند واگروکسیر,,180000,nan,,,True,2025-07-22 16:47:14,2025-07-27 16:59:40
https://torob.com/p/58e4f496-df00-4219-aa0c-8bc9581e6950/%D8%A7%D8%B3%DB%8C%D8%AF-%D9%87%DB%8C%D9%88%D9%85%DB%8C%DA%A9-%D9%85%D8%A7%DB%8C%D8%B9-%D9%BE%D8%AA%D8%A7%D8%B3-%D8%A8%D8%A7%D9%84%D8%A7-5-10-20-%D9%84%DB%8C%D8%AA%D8%B1%DB%8C-5/,اسید هیومیک مایع پتاس بالا 5 10 20 لیتری - 5,,750000,37500.0,20,,True,2025-07-22 16:47:15,2025-07-27 16:51:27
https://torob.com/p/426c91d2-6e55-4685-86e2-a9c3ff72896c/%DA%A9%D9%88%D8%AF-%DA%A9%D9%84%D8%A7%D8%AA-%D8%A7%D9%87%D9%86-10-%D8%B3%D9%BE%D9%87%D8%B1-%D9%BE%D8%A7%D8%B1%D9%85%DB%8C%D8%B3/,کود کلات آهن 10% سپهر پارمیس,,350000,nan,,,True,2025-07-22 16:47:15,2025-07-27 16:54:06
https://torob.com/p/68725959-52f1-4e50-9301-59912185b89b/%D8%B3%D9%88%D9%84%D9%81%D8%A7%D8%AA-%D9%BE%D8%AA%D8%A7%D8%B3%DB%8C%D9%85-%D8%A7%DB%8C%D8%B1%D9%88-%D9%86%DB%8C%DA%A9%D8%A7-25-%DA%A9%DB%8C%D9%84%D9%88%DA%AF%D8%B1%D9%85%DB%8C/,سولفات پتاسیم ایرو نیکا، ۲۵ کیلوگرمی,,1730000,69200.0,25,,True,2025-07-22 16:47:16,2025-07-22 16:47:16
https://torob.com/p/f19bf0cc-cc44-420a-a986-380fea2e4ed8/%DA%A9%D9%88%D8%AF-%D8%AA%D9%82%D9%88%DB%8C%D8%AA%DB%8C-%D9%86%DB%8C%D8%AA%D8%B1%D8%A7%D8%AA-%D9%BE%D8%AA%D8%A7%D8%B3%DB%8C%D9%85-k%2Bs-%D8%A7%D9%84%D9%85%D8%A7%D9%86-%D9%BE%D9%88%D8%AF%D8%B1-25-%DA%A9%DB%8C%D9%84%D9%88%DA%AF%D8%B1%D9%85-%DA%A9%DB%8C%D8%B3%D9%87/,کود تقویتی نیترات پتاسیم K+S آلمان پودر 25 کیلوگرم کیسه,,6470000,258800.0,25,,True,2025-07-22 16:47:16,2025-07-27 16:57:48
https://torob.com/p/33aff345-29da-4984-946c-318488845357/%DA%A9%D9%88%D8%AF-%D8%B3%DB%8C%D9%84%DB%8C%DA%A9%D8%A7%D8%AA-%D9%BE%D8%AA%D8%A7%D8%B3%DB%8C%D9%85-2-5-%D9%84%DB%8C%D8%AA%D8%B1%DB%8C-%D8%A7%DA%AF%D8%B1%D9%88%D9%81%D8%B1/,کود سیلیکات پتاسیم 2/5 لیتری آگروفر,,735000,147000.0,5,,True,2025-07-22 16:47:16,2025-07-27 16:52:05
https://torob.com/p/7ef1713c-b36c-4f44-ac73-71c6cf9566c8/%DA%A9%D9%88%D8%AF-%D8%B3%D9%88%D9%84%D9%81%D8%A7%D8%AA-%D9%BE%D8%AA%D8%A7%D8%B3%DB%8C%D9%85-%DA%AF%DB%8C%D8%A7%D9%87-%DB%8C%D8%A7%D8%B1-%DB%8C%DA%A9-%DA%A9%DB%8C%D9%84%D9%88%DA%AF%D8%B1%D9%85/,کود سولفات پتاسیم گیاه یار یک کیلوگرم,,155000,nan,,,True,2025-07-22 16:47:17,2025-07-27 16:56:22
https://torob.com/p/53ae7e25-c22c-42ca-bc8e-c614ab385d30/%D8%AE%D8%B1%DB%8C%D8%AF-%DA%A9%D9%88%D8%AF-%D9%87%DB%8C%D9%88%D9%85%DB%8C%DA%A9-%D8%A7%D8%B3%DB%8C%D8%AF-%D9%85%D8%A7%DB%8C%D8%B9-%D8%AF%D9%84%D8%A7%D9%85%D8%A7%D9%86%D8%AF/,خرید کود هیومیک اسید مایع دلاماند,,300000,nan,,,True,2025-07-22 16:47:17,2025-07-27 16:52:41
https://torob.com/p/7e855eeb-d940-4e74-9aac-90355970ce25/%D8%AF%D9%88%D8%B1%DA%A9%D9%86%D9%86%D8%AF%D9%87-%D9%85%D8%A7%D8%B1-%D9%88%D8%B9%D9%82%D8%B1%D8%A8-%D8%B3%D9%85%DB%8C%D8%B1/,دورکننده مار وعقرب سمیر,,380000,nan,,,True,2025-07-22 16:47:18,2025-07-27 16:58:08
https://torob.com/p/ed03aec1-4288-4f29-a8ee-96fd8c3b9551/%DA%A9%D9%88%D8%AF-%D8%AC%D9%84%D8%A8%DA%A9-%D8%B3%D9%88%DB%8C%DB%8C%DA%86/,کود جلبک سوییچ,,8000000,nan,,,True,2025-07-22 16:47:18,2025-07-27 16:55:49
https://torob.com/p/913f12c2-0a68-46a0-8a21-0f3e3e26d0b4/%DA%A9%D9%88%D8%AF-%DA%A9%D9%84%D8%A7%D8%AA-%D8%A7%D9%87%D9%86-%D8%B1%DB%8C%D9%88%D9%86%D8%AF%DA%AF%D8%B1%D8%A7%D8%A8-%D8%A7%DB%8C%D8%AA%D8%A7%D9%84%DB%8C%D8%A7-eddhsa/,کود کلات آهن ریوندگراب ایتالیا EDDHSA,,850000,nan,,,True,2025-07-22 16:47:19,2025-07-27 16:57:39
https://torob.com/p/d202b019-a427-4881-a6f6-7c76f1577d6b/%DA%A9%D9%88%D8%AF-%D9%81%D8%B3%D9%81%D8%B1-%D8%A8%D8%A7%D9%84%D8%A7-npk-10-52-10-%D9%86%D9%88%D8%A8%D9%84-10-%DA%A9%DB%8C%D9%84%D9%88%DA%AF%D8%B1%D9%85/,کود فسفر بالا NPK ۱۰-۵۲-۱۰ نوبل ۱۰ کیلوگرم,,2800000,280000.0,10,,True,2025-07-22 16:47:19,2025-07-27 16:55:31
https://torob.com/p/71a57576-e11f-4a75-88cf-6b5b639cbde5/%DA%AF%D9%84%D8%A7%DB%8C%D9%81%D9%88%D8%B2%DB%8C%D8%AA-%D8%B1%D8%A7%D9%86%D8%AF%D8%A7%D9%BE-%D8%B9%D9%84%D9%81-%DA%A9%D8%B4-%D8%B2%D8%B1%DB%8C%D9%86-%D8%B3%D9%85-1-%D9%84%DB%8C%D8%AA%D8%B1%DB%8C/,گلایفوزیت / رانداپ / علف کش زرین سم 1 لیتری,,430000,430000.0,1,,True,2025-07-22 16:47:19,2025-07-29 15:02:49
https://torob.com/p/e55cfd28-ca5e-42cf-8829-d448c3d4e6ec/%D9%88%D8%B1%D9%85%DB%8C-%DA%A9%D9%85%D9%BE%D9%88%D8%B3%D8%AA-%D9%81%D9%84%D9%87-2000-%DA%A9%DB%8C%D9%84%D9%88%DB%8C%DB%8C/,ورمی کمپوست فله ۲۰۰۰ کیلویی,,10000000,5000.0,2000,,True,2025-07-22 16:47:20,2025-07-27 16:51:45
https://torob.com/p/42343566-1f12-4088-b576-38e11d921c94/%D9%82%D8%A7%D8%B1%DA%86-%DA%A9%D8%B4-%D8%B3%D9%88%D9%84%D9%81%D9%88%D8%B1-%DA%AF%D9%88%DA%AF%D8%B1%D8%AF-%D9%BE%D9%88%D8%AF%D8%B1%DB%8C-80-%D8%B3%D8%A8%D8%A7%D8%B1-%DA%A9%D8%B1%D8%A7%D9%BE-%D9%87%D9%86%D8%AF%DB%8C/,قارچ کش سولفور (گوگرد) پودری%80 سبار کراپ هندی,,160000,nan,,,True,2025-07-22 16:47:20,2025-07-27 16:55:02
https://torob.com/p/6a50c6dd-dac1-4521-a60d-792268b3e70e/%DA%A9%D9%88%D8%AF-121236-%D9%85%D9%86%D8%A7%D8%B3%D8%A8-%D8%A8%D8%B1%D8%A7%DB%8C-%D9%BE%D8%A7%D8%AC%D9%88%D8%B4-%D8%B2%D8%A7%DB%8C%DB%8C-%D9%88-%DA%AF%D9%84%D8%AF%D9%87%DB%8C-%D8%AA%D9%85%D8%A7%D9%85%DB%8C-%DA%AF%DB%8C%D8%A7%D9%87%D8%A7%D9%86-%D8%AF%D8%B1-%D8%A8%D8%B3%D8%AA%D9%87-%D8%A8%D9%86%D8%AF%DB%8C-100-%DA%AF%D8%B1%D9%85%DB%8C/,کود 121236 مناسب برای پاجوش زایی و گلدهی تمامی گیاهان در بسته بندی 100 گرمی,,70000,nan,,,True,2025-07-22 16:47:21,2025-07-27 16:57:16
https://torob.com/p/56461e19-251a-4592-8abd-56fb4df09367/%D9%81%D8%B3%D9%81%DB%8C%D9%85%DA%A9%D8%B3-%D9%85%D8%B3-%D9%81%DB%8C%D9%88%DA%86%D8%B1%DA%A9%D9%88-1-%D9%84%DB%8C%D8%AA%D8%B1%DB%8C/,فسفیمکس مس فیوچرکو (۱ لیتری),,1880000,1880000.0,1,,True,2025-07-22 16:47:21,2025-07-27 17:03:30
https://torob.com/p/83ac273b-8ef2-4ec5-a8a1-71aa7c02c974/%D8%AF%D9%84%D8%AA%D8%A7%D9%85%D8%AA%D8%B1%DB%8C%D9%86-%D8%B2%D8%B1%DB%8C%D9%86-%D8%B3%D9%85/,دلتامترین زرین سم,,470000,nan,,,True,2025-07-22 16:47:22,2025-07-22 16:47:22
https://torob.com/p/eae5c835-ffc1-4e40-af93-2bafa57ff6dc/%D9%87%D8%A7%D8%AF%D8%B113%D9%86%D9%88%D8%B92-%DA%A9%D9%88%D8%AF-%DA%A9%D8%A7%D9%85%D9%84-%D9%BE%D8%AA%D8%A7%D8%B3%D9%87/,هادر13نوع2(کود کامل پتاسه),,1020000,nan,,,True,2025-07-22 16:47:22,2025-07-27 16:58:19
https://torob.com/p/a15cbec8-04ee-48bc-9cc9-dfa2895d6749/%D9%87%D9%88%D8%B1%D9%85%D9%88%D9%86-%D8%A7%DA%A9%D8%B3%DB%8C%D9%86-125-%D9%85%DB%8C%D9%84%DB%8C-%D9%84%DB%8C%D8%AA%D8%B1-%D9%BE%D8%B1%D9%88%D8%AA%DA%A9%D8%AA-%D9%86%DB%8C%DA%86%D8%B1/,هورمون اکسین 125 میلی لیتر پروتکت نیچر,,120000,nan,,,True,2025-07-22 16:47:22,2025-07-27 17:03:00
https://torob.com/p/6cef75e2-12b2-465d-81b5-51a4b9af36a2/%DA%A9%D9%88%D8%AF-%D8%A7%D9%84%DB%8C-%D8%B1%D9%88%DB%8C-%D9%88-%D8%A8%D9%88%D8%B1-%D9%81%D8%B1%D9%88%D8%AA-%D8%B3%D8%AA-%DA%A9%DB%8C%D9%84%DB%8C%D8%AA%D8%B1%DB%8C%D9%86-1-%D9%84%DB%8C%D8%AA%D8%B1%DB%8C-1/,کود آلی روی و بور (فروت ست) کیلیترین 1 لیتری - 1,,850000,850000.0,1,,True,2025-07-22 16:47:23,2025-07-27 16:55:35
https://torob.com/p/a15e098a-2fc5-44b5-848a-1e78d510eec9/%DA%A9%D9%88%D8%AF-%D9%81%D9%88%D9%84%DB%8C%DA%A9-%D8%A7%D8%B3%DB%8C%D8%AF-%D8%B4%D9%88%DA%A9/,کود فولیک اسید شوک,,2750000,nan,,,True,2025-07-22 16:47:23,2025-07-27 16:56:04
https://torob.com/p/510539e0-082a-4dea-a4c5-b069bc263226/%D8%B3%D9%85-%D9%85%D8%AA%D8%A7%D9%84%D8%A7%DA%A9%D8%B3%DB%8C%D9%84%2B%D9%85%D8%A7%D9%86%DA%A9%D9%88%D8%B2%D8%A8-72%D8%AF%D8%B1%D8%B5%D8%AF%D8%B1%DB%8C%D8%AF%D9%88%D9%85%DB%8C%D9%84-%D8%A7%D8%B1%DB%8C%D8%A7/,سم متالاکسیل+مانکوزب 72درصدریدومیل آریا,,130000,nan,,,True,2025-07-22 16:47:24,2025-07-27 16:53:28
https://torob.com/p/5be21772-d769-4490-a6dc-32d6a21646e2/%DA%A9%D9%88%D8%AF-%D9%85%D8%B1%D8%BA%DB%8C-%D9%85%D8%A7%DB%8C%D8%B9/,کود مرغی مایع,,760000,nan,,,True,2025-07-22 16:47:24,2025-07-27 16:58:45
https://torob.com/p/18e5e810-7aff-4595-8415-e71ff4c68c8d/%DA%A9%D9%88%D8%AF-%D9%87%DB%8C%D8%AF%D8%B1%D9%88%D9%BE%D9%88%D9%86%DB%8C%DA%A9-%DA%AF%D9%88%D8%AC%D9%87-%D9%81%D8%B1%D9%86%DA%AF%DB%8C-1%D9%84%DB%8C%D8%AA%D8%B1%DB%8C/,کود هیدروپونیک گوجه فرنگی (1لیتری),,350000,350000.0,1,,True,2025-07-22 16:47:25,2025-07-27 16:56:18
https://torob.com/p/1213c175-92af-4216-a66e-562e35bf4463/%DA%A9%D9%88%D8%AF-npk-105210-%D8%A8%D8%A7-%D9%88%D8%B2%D9%86-50-%DA%AF%D8%B1%D9%85/,کود NPK 105210 با وزن 50 گرم,,240000,nan,,,True,2025-07-22 16:47:25,2025-07-27 16:54:44
https://torob.com/p/d4f03c72-4060-4e0b-aa36-66055e021723/%DA%A9%D9%88%D8%AF-%D9%85%D8%A7%DB%8C%D8%B9-%DA%A9%D8%A7%D9%85%D9%84-13-13-13-%D8%B2%D9%88%D9%81%D8%A7-%D8%A7%D8%B2%D8%AA-%D9%81%D8%B3%D9%81%D8%B1-%D9%88-%D9%BE%D8%AA%D8%A7%D8%B3%DB%8C%D9%85/,کود مایع کامل 13-13-13 زوفا | ازت، فسفر و پتاسیم,,2950000,nan,,,True,2025-07-22 16:47:25,2025-07-27 16:56:29
https://torob.com/p/b30bf897-9d62-45b3-8a53-59d1016787af/%DA%A9%D9%88%D8%AF-%D8%AC%D9%84%D8%A8%DA%A9-%D8%AF%D8%B1%DB%8C%D8%A7%DB%8C%DB%8C-%D9%BE%D8%B1%D9%88-%D8%AA%DA%A9%D8%AA-%D9%86%DB%8C%DA%86%D8%B1-%D8%A7%D8%B1%DA%AF%D8%A7%D9%86%DB%8C%DA%A9-1-%DA%A9%DB%8C%D9%84%D9%88/,کود جلبک دریایی پرو تکت نیچر ارگانیک ۱ کیلو,,950000,950000.0,1,,True,2025-07-22 16:47:26,2025-07-27 16:55:55
https://torob.com/p/1ca5f78f-f115-4d53-adb3-0c0c5d0d1ba7/%DA%A9%D9%88%D8%AF-%DA%A9%D8%A7%D9%85%D9%84-%DA%AF%D8%B1%D8%A7%D9%86%D9%88%D9%84%D9%87-10-10-10-%D9%85%D9%87%D8%A7%D8%A8-%D8%B4%DB%8C%D9%85%DB%8C-%D8%B1%DB%8C-25-%DA%A9%DB%8C%D9%84%D9%88%DB%8C%DB%8C/,کود کامل گرانوله ۱۰ ۱۰ ۱۰ مهاب شیمی ری ۲۵ کیلویی,,1063000,42520.0,25,,True,2025-07-22 16:47:26,2025-07-27 16:57:41
https://torob.com/p/9dffbe14-e725-46cf-9fcb-d91e9b41e9c0/%D9%82%D8%B7%D8%B1%D9%87-%D9%85%D8%AD%D8%B1%DA%A9-%D8%B1%D8%B4%D8%AF-%D8%A7%D8%B1%DA%AF%D8%A7%D9%86%DB%8C%DA%A9-%D8%A7%DA%86-%D8%A8%DB%8C-%DA%98%D8%A7%D9%BE%D9%86-hb-101/,قطره محرک رشد ارگانیک اچ بی ژاپن HB-101,,270000,nan,,,True,2025-07-22 16:47:27,2025-07-27 16:51:34
https://torob.com/p/7daf8b75-d116-4381-ba4b-5c204f1f2c0a/%DA%A9%D9%88%D8%AF-%D9%85%D8%B1%D8%BA%DB%8C-%DA%AF%D8%B1%D8%A7%D9%86%D9%88%D9%84-%D9%88%DB%8C%DA%98%D9%87-%D8%A8%D8%A7%D8%B1%DB%8C%D8%B4-%D8%AE%D9%84%D9%88%D8%B5-%D8%B5%D8%AF%D8%AF%D8%B1%D8%B5%D8%AF/,کود مرغی گرانول ویژه باریش خلوص صددرصد,,375000,nan,,,True,2025-07-22 16:47:27,2025-07-27 17:02:15
https://torob.com/p/4ed6a2e6-c5c5-4304-b55c-6fc4dd735be1/%DA%A9%D9%88%D8%AF-%D8%AC%D9%84%D8%A8%DA%A9-%D8%AF%D8%B1%DB%8C%D8%A7%DB%8C%DB%8C-%D8%A7%D9%84%DA%AF%D8%A7%D9%85%DB%8C%D9%86-%D9%86%DB%8C%D9%85-%DA%A9%DB%8C%D9%84%D9%88%DB%8C%DB%8C/,کود جلبک دریایی آلگامین نیم کیلویی,,264000,nan,,,True,2025-07-22 16:47:28,2025-07-27 16:51:42
https://torob.com/p/b494b281-90ab-48a4-9fe6-8356aa63fd54/%DA%A9%D9%88%D8%AF-%D9%85%D8%A7%DB%8C%D8%B9-%DA%A9%D9%84%D8%B3%DB%8C%D9%85-%D8%A8%D9%88%D8%B1-%DA%A9%D9%84%D8%A8%D9%88%D8%B1-%D8%AD%D8%A7%D9%88%DB%8C-%D8%A7%D9%85%DB%8C%D9%86%D9%88%D8%A7%D8%B3%DB%8C%D8%AF%D9%87%D8%A7%DB%8C-%D8%A7%D8%B2%D8%A7%D8%AF-%D9%88-%D9%85%D9%88%D8%A7%D8%AF-%D8%A7%D9%84%DB%8C/,کود مایع کلسیم بور (کلبور ) حاوی آمینواسیدهای آزاد و مواد آلی,,462840,nan,,,True,2025-07-22 16:47:28,2025-07-27 17:00:39
https://torob.com/p/519539fc-5095-4a3b-a5b7-e21628fea9eb/%DA%A9%D9%88%D8%AF-%D8%A8%D8%B1%DA%AF-%D8%AF%D9%87%DB%8C-20-20-20-%2B-%D8%B1%DB%8C%D8%B2-%D9%85%D8%BA%D8%B0%DB%8C-%D8%A7%D9%85%D8%B1%DB%8C%DA%A9%D8%A7%DB%8C%DB%8C-%D8%B4%D8%B1%DA%A9%D8%AA-%D9%87%D8%A7%D8%B1%D9%88%D8%B3%D8%AA-%D9%85%D9%88%D8%B1-%D8%A7%D8%B3%D8%AA%D9%88%D9%84%D8%B1-50-%DA%AF%D8%B1%D9%85%DB%8C/,کود برگ دهی 20-20-20 + ریز مغذی آمریکائی شرکت هاروست مور استولر(50 گرمی ),,97000,nan,,,True,2025-07-22 16:47:29,2025-07-27 16:57:42
https://torob.com/p/95817e87-1a4d-48e3-a4d1-9a3d55b963bb/%DA%A9%D9%88%D8%AF-%D8%B3%DB%8C%D9%84%DB%8C%DA%A9%D8%A7%D8%AA-%D9%BE%D8%AA%D8%A7%D8%B3%DB%8C%D9%85-we-guard/,کود سیلیکات پتاسیم WE GUARD,,980000,nan,,,True,2025-07-22 16:47:29,2025-07-27 16:54:12
https://torob.com/p/afd8e1d2-f153-4e1a-b1b2-c160e73c3252/%D9%BE%D8%B1%D9%84%DB%8C%D8%AA-%D8%B7%D8%A8%DB%8C%D8%B9%D8%AA-%D8%B4%DB%8C%DA%A9-%D8%B3%D8%A8%DA%A9-%D9%88-%D9%85%D8%AA%D8%AE%D9%84%D8%AE%D9%84-%D8%B9%D8%A7%D9%84%DB%8C-%D8%A8%D8%B1%D8%A7%DB%8C-%D8%B2%D9%87%DA%A9%D8%B4%DB%8C-%D8%AE%D8%A7%DA%A9-%D9%88-%D8%AA%D9%82%D9%88%DB%8C%D8%AA-%D8%B1%D8%B4%D8%AF-%DA%AF%DB%8C%D8%A7%D9%87%D8%A7%D9%86-%D8%A8%D8%B3%D8%AA%D9%87-%DA%A9%D9%88%DA%86%DA%A9/,"""پرلیت طبیعت شیک - سبک و متخلخل، عالی برای زهکشی خاک و تقویت رشد گیاهان"" - بسته کوچک",,20000,nan,,,True,2025-07-22 16:47:29,2025-07-27 16:55:10
https://torob.com/p/99c17bdf-32a3-4a1b-a159-ebf2534e539f/%D8%B1%D9%88%D8%BA%D9%86-%D8%A7%D9%85%D9%88%D9%84%D8%B3%DB%8C%D9%88%D9%86-%D8%B4%D9%88%D9%86%D8%AF%D9%87-%D8%AA%D8%A7%D8%A8%D8%B3%D8%AA%D8%A7%D9%86%D9%87-90-%D8%AF%D8%B1%D8%B5%D8%AF-%D8%A8%D8%A7%D8%B2%D8%B1%DA%AF%D8%A7%D9%86-%DA%A9%D8%A7%D9%84%D8%A7-%DA%A9%D9%86%D9%87-%DA%A9%D8%B4-%D9%82%D9%88%DB%8C/,روغن امولسیون شونده تابستانه 90 درصد بازرگان کالا کنه کش قوی,,225000,nan,,,True,2025-07-22 16:47:30,2025-07-27 16:58:05
https://torob.com/p/efdbbf10-3b7a-4d0d-b51a-99dfa19214ee/%D8%AE%D8%A7%DA%A9-%D8%B1%D8%B3-%D9%82%D8%B1%D9%85%D8%B2-%D9%85%D9%86%D8%A7%D8%B3%D8%A8-%D8%AC%D9%88%D8%B4-%D9%87%D8%A7%DB%8C-%D9%81%D8%B9%D8%A7%D9%84-%D9%88-%DA%86%D8%B1%DA%A9%DB%8C-150-%DA%AF%D8%B1%D9%85/,خاک رس قرمز مناسب جوش های فعال و چرکی - ۱۵۰ گرم,,99000,nan,,,True,2025-07-22 16:47:30,2025-07-27 16:55:22
https://torob.com/p/451e7a6b-d4e7-48c2-a985-419c2e7eef32/%DA%A9%D9%88%D8%AF-%D8%B3%DB%8C%D8%AA%D9%88-%DA%AF%D8%B1%D9%88%DB%8C%D8%B1-%D9%81%DB%8C%D9%88%DA%86%D8%B1-%D8%A7%DA%A9%D9%88-%D8%A7%D8%B3%D9%BE%D8%A7%D9%86%DB%8C%D8%A7-%D8%A7%D9%88%D8%B1%D8%AC%DB%8C%D9%86%D8%A7%D9%84/,کود سیتو گروئر فیوچر اکو اسپانیا اورجینال,,1299000,nan,,,True,2025-07-22 16:47:31,2025-07-27 16:57:05
https://torob.com/p/a5930926-113a-4452-8966-53de24e0fa6c/%DA%A9%D9%88%D8%AF-%D9%87%DB%8C%D9%88%D9%85%DB%8C%DA%A9-%D8%A7%D8%B3%DB%8C%D8%AF-%D8%A7%DB%8C%D8%B1%D8%A7%D9%85%D9%88%D9%86/,کود هیومیک اسید ایرامون,,640640,nan,,,True,2025-07-22 16:47:31,2025-07-27 16:54:57
https://torob.com/p/bd3adcc9-4dae-4b16-9676-c3e02ad568c0/%DA%A9%D9%88%D8%AF-%DA%AF%D9%88%DA%AF%D8%B1%D8%AF-%D9%85%D8%A7%DB%8C%D8%B9-%D9%84%D8%A7%D8%B1%D8%A7-%D8%A7%D8%B3%D8%AA%D8%A7%D8%B1-20-%D9%84%DB%8C%D8%AA%D8%B1%DB%8C/,کود گوگرد مایع لارا استار 20 لیتری,,4000000,200000.0,20,,True,2025-07-22 16:47:32,2025-07-27 16:55:05
https://torob.com/p/5f3b04a8-6c5d-4c54-b289-d25d0b08b658/%D8%B3%D9%85-%D9%85%D8%A7%D9%84%D8%A7%D8%AA%DB%8C%D9%88%D9%86-%D8%B4%DB%8C%D9%85%D8%A7%DA%AF%D8%B1%D9%88-100%D8%B3%DB%8C-%D8%B3%DB%8C/,سم مالاتیون شیماگرو 100سی سی,,115000,nan,,,True,2025-07-22 16:47:32,2025-07-27 16:57:02
https://torob.com/p/ecee29f8-abe8-4394-aa19-12f1d33626b2/%D8%B3%D9%85-%D8%A7%D8%B3%D9%BE%DB%8C%D8%B1%D9%88%D8%AA%D8%AA%D8%B1%D8%A7%D9%85%D8%A7%D8%AA-%D9%85%D9%88%D9%88%D9%86%D8%AA%D9%88-05-%D9%84%DB%8C%D8%AA%D8%B1%DB%8C-%D8%B3%D9%85%DB%8C%D8%B1%D8%A7%D9%86/,سم اسپیروتترامات(موونتو) 0.5 لیتری سمیران,,587000,117400.0,5,,True,2025-07-22 16:47:33,2025-07-27 16:57:23
https://torob.com/p/9f18c6af-29b7-4833-babf-9346bcfab499/%DA%A9%D9%88%D8%AF-%D8%AA%D9%82%D9%88%DB%8C%D8%AA%DB%8C-%D9%86%DB%8C%D8%AA%D8%B1%D8%A7%D8%AA-%DA%A9%D9%84%D8%B3%DB%8C%D9%85-k%2Bs-%D8%A7%D9%84%D9%85%D8%A7%D9%86-%D9%BE%D9%88%D8%AF%D8%B1-25-%DA%A9%DB%8C%D9%84%D9%88%DA%AF%D8%B1%D9%85-%DA%A9%DB%8C%D8%B3%D9%87/,کود تقویتی نیترات کلسیم K+S آلمان پودر 25 کیلوگرم کیسه,,3750000,150000.0,25,,True,2025-07-22 16:47:33,2025-07-27 16:56:00
https://torob.com/p/b930c47f-09b6-481d-a771-e76847c7ce71/%DA%A9%D9%88%D8%AF-%D8%A8%DB%8C%D9%88%D8%B1%D8%A7%D8%AF%DB%8C%DA%A9%D8%A7%D9%86%D8%AA-%D9%BE%D9%86%D8%AC-%D9%84%DB%8C%D8%AA%D8%B1%DB%8C-%D9%81%DB%8C%D9%88%DA%86%D8%B1-%D8%A7%DA%A9%D9%88-%D8%A7%D8%B3%D9%BE%D8%A7%D9%86%DB%8C%D8%A7/,کود بیورادیکانت پنج لیتری فیوچر اکو اسپانیا,,5650000,nan,,,True,2025-07-22 16:47:33,2025-07-27 17:08:08
https://torob.com/p/36daa254-43c0-4a4b-9f39-231ce0f7fe34/%D9%82%D8%A7%D8%B1%DA%86-%DA%A9%D8%B4-%D8%A7%D9%84%DB%8C%D8%AA-%D9%81%D9%88%D8%B2%D8%AA%DB%8C%D9%84-%D8%A7%D9%84%D9%88%D9%85%DB%8C%D9%86%DB%8C%D9%88%D9%85-%DA%86%DB%8C%D9%86%DB%8C-%D8%AA%D8%A7%D8%A8%D9%86%D8%A7%DA%A9-%D9%85%D8%AF%D9%84-no1-%D9%88%D8%B2%D9%86-05-%DA%A9%DB%8C%D9%84%D9%88%DA%AF%D8%B1%D9%85/,قارچ کش الیت (فوزتیل آلومینیوم) چینی تابناک مدل no1 وزن 0.5 کیلوگرم,,420000,84000.0,5,,True,2025-07-22 16:47:34,2025-07-27 16:57:11
https://torob.com/p/b6706d83-d2d6-49de-826f-d3991b990f41/%DA%A9%D9%88%D8%AF-%D8%B3%D9%88%D9%84%D9%81%D8%A7%D8%AA-%D9%BE%D8%AA%D8%A7%D8%B3%DB%8C%D9%85-53-%D8%B4%D9%85%D8%B4%D8%A7%D8%AF-%D8%B4%DB%8C%D9%85%DB%8C/,کود سولفات پتاسیم 53% شمشاد شیمی,,1100000,nan,,,True,2025-07-22 16:47:34,2025-07-27 16:54:17
https://torob.com/p/507df395-4d8c-4676-9cf1-7a6872c35700/%DA%A9%D9%88%D8%AF-36-12-12-%D9%81%D8%A7%D9%84%DA%A9%D9%88%D9%86-falcon-%D8%AF%D9%88-%D9%86%DB%8C%D9%85-%DA%A9%DB%8C%D9%84%D9%88%DB%8C%DB%8C-%D8%AF%D8%B1%D8%B5%D8%AF-%D8%A8%D8%A7%D9%84%D8%A7%DB%8C-%D9%86%DB%8C%D8%AA%D8%B1%D9%88%DA%98%D9%86-36-%D9%81%D8%B3%D9%81%D8%B1-%D9%88-%D9%BE%D8%AA%D8%A7%D8%B3%DB%8C%D9%85-%D9%87%D8%B1%DA%A9%D8%AF%D8%A7%D9%85-12/,کود 36-12-12 فالکون FALCON دو نیم کیلویی | درصد بالای نیتروژن (36%) فسفر و پتاسیم (هرکدام 12%),,6500000,nan,,,True,2025-07-22 16:47:35,2025-07-27 17:00:40
https://torob.com/p/4a5340df-4065-44e6-9524-27c54fc69c5c/%D8%B3%D9%88%D9%84%D9%81%D8%A7%D8%AA-%D9%BE%D8%AA%D8%A7%D8%B3%DB%8C%D9%85-%D8%B3%D9%88%D9%84%D9%88%D9%BE%D8%AA%D8%A7%D8%B3-%D8%A8%D8%A7%D9%88%D8%A7%D8%B1%DB%8C%D8%A7-%D8%A7%D9%84%D9%85%D8%A7%D9%86/,سولفات پتاسیم (سولوپتاس) باواریا آلمان,,5500000,nan,,,True,2025-07-22 16:47:35,2025-07-27 16:54:08
https://torob.com/p/d435c1cc-1876-40d8-9276-dd9cd9522e89/%D8%B3%D9%85-%D8%B9%D9%84%D9%81-%DA%A9%D8%B4-%D8%A7%D8%AE%D8%AA%D8%B5%D8%A7%D8%B5%DB%8C-%D8%B0%D8%B1%D8%AA-%D8%A7%D8%AA%D8%B1%D8%A7%D8%B2%DB%8C%D9%86-%DA%AF%D8%B2%D8%A7%D9%BE%D8%B1%DB%8C%D9%85-%D9%85%D9%84%DB%8C-%D8%B4%DB%8C%D9%85%DB%8C-%D9%BE%D9%88%D8%AF%D8%B1-1%DA%A9%DB%8C%D9%84%D9%88%DA%AF%D8%B1%D9%85-%D9%81%D9%88%DB%8C%D9%84/,سم علف کش اختصاصی ذرت آترازین گزاپریم ملی شیمی پودر 1کیلوگرم فویل,,685000,685000.0,1,,True,2025-07-22 16:47:36,2025-07-27 17:02:03
https://torob.com/p/f8ed035d-1542-472a-a986-9b8c32a6e28a/%DA%A9%D9%88%D8%AF-%DA%A9%D9%84%D8%A7%D8%AA%D9%87-%DA%A9%D9%84%D8%B3%DB%8C%D9%85-%D8%A8%D9%88%D8%B1-%D8%B1%D9%88%DB%8C-%D9%85%D8%A7%DB%8C%D8%B9-%DA%A9%D9%84%D8%A8%D9%88%D9%85%DA%A9%D8%B3-%D9%81%D8%A7%D8%B1%D9%85%D9%88%D9%86%D8%AA%DB%8C-calbomax-pharmonti-20-%D9%84%DB%8C%D8%AA%D8%B1%DB%8C/,کود کلاته کلسیم-بور-روی مایع کلبومکس فارمونتی CalboMax Pharmonti - 20 لیتری,,3250000,162500.0,20,,True,2025-07-22 16:47:36,2025-07-27 16:57:30
https://torob.com/p/0831ec91-5cd6-4222-b3ae-446da767d1a8/%DA%A9%D9%88%D8%AF-%D9%BE%D8%AA%D8%A7%D8%B3-%D8%A8%D8%A7%D9%84%D8%A7-40-10-10-%D9%88%DB%8C-%D9%BE%D8%A7%D9%88%D8%B1-10kg/,کود پتاس بالا 40-10-10 وی پاور (10kg),,2900000,nan,,,True,2025-07-22 16:47:37,2025-07-22 16:47:37
https://torob.com/p/4b8776fa-2c56-4b5c-b1bc-d7dbf890e19d/%DA%A9%D9%88%D8%AF-%DA%AF%D8%B1%DB%8C%D9%86-%D9%85%DA%A9%D8%B3-1/,کود گرین مکس 1,,92000,nan,,,True,2025-07-22 16:47:37,2025-07-27 17:02:07
https://torob.com/p/c9acba93-3953-4cee-a04e-8afb9a157490/%D9%BE%D9%88%DA%A9%D9%87-%DA%A9%D8%B4%D8%A7%D9%88%D8%B1%D8%B2%DB%8C-%D8%A8%D8%B1%D8%A7%DB%8C-%D8%AA%D9%87-%DA%AF%D9%84%D8%AF%D8%A7%D9%86-%D9%88-%D9%87%DB%8C%D8%AF%D8%B1%D9%88%D9%BE%D9%88%D9%86%DB%8C%DA%A9-%DA%A9%D8%B1%D8%AF%D9%86-%DA%AF%DB%8C%D8%A7%D9%87-%D8%AD%D8%AC%D9%85-4-%D9%84%DB%8C%D8%AA%D8%B1%DB%8C/,پوکه کشاورزی برای ته گلدان و هیدروپونیک کردن گیاه حجم ۴ لیتری,,75000,18750.0,4,,True,2025-07-22 16:47:37,2025-07-27 16:55:36
https://torob.com/p/cbba9c48-38e7-44d7-9920-75a55d37c4fa/%D9%87%DB%8C%D9%88%D9%85%DB%8C%DA%A9-%D8%A7%D8%B3%DB%8C%D8%AF/,هیومیک اسید,,320000,nan,,,True,2025-07-22 16:47:38,2025-07-27 16:54:39
https://torob.com/p/90226c89-f057-4f2d-809a-2575db91f9bc/%D9%86%DB%8C%D8%B3%D8%B1%D9%88%D9%86-%DA%A9%D9%86%D9%87-%DA%A9%D8%B4-%D9%87%DA%AF%D8%B2%DB%8C-%D8%AA%DB%8C%D8%A7%D8%B2%D9%88%DA%A9%D8%B3-10-%D8%A7%DB%8C-%D8%B3%DB%8C-%D8%A8%D9%87%D8%A7%D9%88%D8%B1-%D8%B4%DB%8C%D9%85%DB%8C-%D9%86%DB%8C%D9%85-%D9%84%DB%8C%D8%AA%D8%B1%DB%8C/,نیسرون کنه کش هگزی تیازوکس 10% ای سی بهاور شیمی نیم لیتری,,600000,nan,,,True,2025-07-22 16:47:38,2025-07-27 16:57:31
https://torob.com/p/c63ce89d-87a9-4790-aaac-c07df76b86fc/%D8%AE%D8%B1%DB%8C%D8%AF-%DA%A9%D9%88%D8%AF-%D9%85%D8%A7%DB%8C%D8%B9-%D9%81%DB%8C%D9%86%DB%8C%D8%B4-%D8%A7%DB%8C%DA%A9%D8%B3-%DA%AF%D8%B1%DB%8C%D9%86-%D8%A8%D8%B1%D8%B1%D8%B3%DB%8C-%D9%82%DB%8C%D9%85%D8%AA-%D8%AF%DB%8C%D8%A7%D8%B1-%DA%A9%D8%B4%D8%AA/,خرید کود مایع فینیش ایکس گرین | بررسی قیمت | دیار کشت,,3200000,nan,,,True,2025-07-22 16:47:39,2025-07-27 17:03:44
https://torob.com/p/cf69f49d-7d1b-4639-a81f-8d941a9e77ef/%DA%A9%D9%88%D8%AF-%D8%A8%D9%88%D8%B1/,کود بور,,6200000,nan,,,True,2025-07-22 16:47:39,2025-07-27 16:52:42
https://torob.com/p/d1542c51-0b55-42d0-9256-d324d9aa503f/%D9%BE%D8%B1%DB%8C%D9%86%D9%88%D8%A7-%D8%A7%D9%86%D9%81%D9%88%D8%B1%DB%8C%DA%A9-%D8%A7%D8%B3%DB%8C%D8%AF/,پرینوا انفوریک اسید,,1287000,nan,,,True,2025-07-22 16:47:40,2025-07-27 16:57:28
https://torob.com/p/7ed4b754-3e9d-4da2-b2ea-1bae7b7169f2/%D8%A7%D8%B3%DB%8C%D8%AF-%D9%87%DB%8C%D9%88%D9%85%DB%8C%DA%A9-%D9%85%D8%A7%DB%8C%D8%B9-%D9%BE%D8%AA%D8%A7%D8%B3-%D8%A8%D8%A7%D9%84%D8%A7-5-10-20-%D9%84%DB%8C%D8%AA%D8%B1%DB%8C-20/,اسید هیومیک مایع پتاس بالا 5 10 20 لیتری - 20,,2100000,105000.0,20,,True,2025-07-22 16:47:40,2025-07-27 16:56:44
https://torob.com/p/3dbe8dc9-212a-476c-82e6-7377ead0e058/%DA%A9%D9%88%D8%AF-%D8%B1%D9%88%DB%8C-%D9%88-%D8%A7%D9%87%D9%86-%D8%A8%D8%A7%D8%B1%D9%88%D8%B1-%D8%B1%D9%88%DB%8C%D8%B4-%D9%86%DB%8C%D9%85-%D9%84%DB%8C%D8%AA%D8%B1%DB%8C/,کود روی و آهن بارور رویش نیم لیتری,,170000,nan,,,True,2025-07-22 16:47:41,2025-07-27 17:08:57
https://torob.com/p/7b165d11-ca66-4114-ac75-ab7abcabb2f6/%D9%82%D8%A7%D8%B1%DA%86-%DA%A9%D8%B4-%D9%85%D8%A7%D9%86%DA%A9%D9%88%D8%B2%D8%A8-80-%D9%BE%D9%88%D8%AF%D8%B1-%D9%88%D8%AA%D8%A7%D8%A8%D9%84-%D9%85%D8%B4%DA%A9%D9%81%D8%A7%D9%85/,قارچ کش مانکوزب 80 % پودر وتابل مشکفام,,620000,nan,,,True,2025-07-22 16:47:41,2025-07-22 16:47:41
https://torob.com/p/9cf45f73-55ec-4626-b149-43a351175174/%DA%A9%D9%88%D8%AF-%D9%81%D8%B3%D9%81%D8%B1-%D8%A8%D8%A7%D9%84%D8%A7-99%D8%AF%D8%B1%D8%B5%D8%AF-%D8%B4%D9%88%DA%A9-%D9%BE%D9%84%D8%A7%D8%B3-%D8%A7%D9%85%D8%B1%DB%8C%DA%A9%D8%A7%DB%8C%DB%8C-20-%D9%84%DB%8C%D8%AA%D8%B1%DB%8C/,کود فسفر بالا 99درصد شوک(پلاس) امریکایی 20 لیتری,,6400000,320000.0,20,,True,2025-07-22 16:47:42,2025-07-27 16:55:41
https://torob.com/p/c9829d4a-f65f-42b3-9994-20b8d6480e6e/%D9%87%DA%AF%D8%B2%DB%8C-%D8%AA%DB%8C%D8%A7%D8%B2%D9%88%DA%A9%D8%B3-%D9%86%DB%8C%D8%B3%D8%B1%D9%88%D9%86/,هگزی تیازوکس(نیسرون),,900000,nan,,,True,2025-07-22 16:47:42,2025-07-22 16:47:42
https://torob.com/p/b7862b6f-f316-4254-b114-986e2acf50e6/%DA%A9%D9%88%D8%AF-%D9%86%DB%8C%D8%AA%D8%B1%D9%88-%D9%85%DB%8C%DA%A9%D8%B1%D9%88-2505-%D9%86%D9%88%D8%AA%D8%B1%DB%8C-%D8%AA%DA%A9-%D8%A8%D8%A7%D8%B2%D8%A7%D8%B1%DA%AF%D8%A7%D9%86-%DA%A9%D8%A7%D9%84%D8%A7-%D9%BE%D9%86%D8%AC-%D9%84%DB%8C%D8%AA%D8%B1%DB%8C/,کود نیترو میکرو 2505 نوتری تک بازارگان کالا پنج لیتری,,1275000,nan,,,True,2025-07-22 16:47:42,2025-07-27 16:53:32
https://torob.com/p/a925ea5e-5215-4424-ab4c-4a7bad435e8d/%DA%A9%D9%88%D8%AF-%DA%A9%D9%BE%D8%B3%D9%88%D9%84%DB%8C-%D8%A8%D9%85%D8%A8-%D8%B1%DB%8C%D8%B4%D9%87-%D8%B2%D8%A7-%D9%88-%D9%BE%D8%A7%D8%AC%D9%88%D8%B4-%D8%A7%D9%84-%D9%81%DB%8C%D9%88%D8%B1%D9%87/,کود کپسولی بمب ریشه زا و پاجوش ال فیوره,,167000,nan,,,True,2025-07-22 16:47:43,2025-07-27 16:56:15
https://torob.com/p/5e36416d-e6b8-4995-957e-25de2168734a/%D8%B3%D9%88%D9%84%D9%81%D9%88%D9%86%DB%8C%D8%AA-20-%D9%84%DB%8C%D8%AA%D8%B1%DB%8C/,سولفونیت 20 لیتری,,1485000,74250.0,20,,True,2025-07-22 16:47:43,2025-07-27 17:02:49
https://torob.com/p/6f4ce63a-f1d3-4625-8669-9845478c3ee8/%D8%B9%D9%84%D9%81-%DA%A9%D8%B4-%D8%B3%D8%AA%D9%88%DA%A9%D8%B3%DB%8C%D8%AF%DB%8C%D9%85-%D9%86%D8%A7%D8%A8%D9%88-%D8%A7%D8%B3-%DA%AF%D9%84-%D8%B3%D9%85/,علف کش ستوکسیدیم (نابو – اس) گل سم,,1100000,nan,,,True,2025-07-22 16:47:44,2025-07-27 16:53:44
https://torob.com/p/48f53f13-d0c8-4cf6-aede-653de016648c/%DA%A9%D9%88%D8%AF-%D8%A8%D8%A7%DB%8C%D9%88-%DA%AF%D8%B1%D9%88-%D8%A8%D8%A7%DB%8C%D9%88%D8%A8%DB%8C%D8%B2-250-%D9%85%DB%8C%D9%84%DB%8C-%D9%84%DB%8C%D8%AA%D8%B1/,کود بایو گرو بایوبیز 250 میلی لیتر,,558900,nan,,,True,2025-07-22 16:47:44,2025-07-27 16:53:09
https://torob.com/p/be8c4733-3885-4cb3-84fd-72c1d546977a/%DA%A9%D9%88%D8%AF-%D8%A7%D9%87%D9%86-%D9%85%D8%AD%D9%84%D9%88%D9%84-%D9%BE%D8%A7%D8%B4%DB%8C-50-%DA%AF%D8%B1%D9%85%DB%8C-%D9%88%DB%8C%DA%A9%D8%B1-%D8%A7%D8%B1%DB%8C%D8%A7-%D8%B4%DB%8C%D9%85%DB%8C-%DA%A9%D9%84%D8%B3%DB%8C%D9%85-%D8%BA%D9%86%DB%8C-%D8%B4%D8%AF%D9%87-%D8%A8%D8%A7-%D8%A7%D8%B3%DB%8C%D8%AF-%D8%A7%D9%85%DB%8C%D9%86%D9%87/,کود آهن محلول پاشی 50 گرمی ویکر آریا شیمی| کلسیم غنی شده با اسید آمینه,,350000,nan,,,True,2025-07-22 16:47:45,2025-07-27 16:53:00
https://torob.com/p/8801b468-54be-44d6-8fee-51985e547d26/%D8%B3%D9%88%D9%84%D9%81%D9%88%D9%86%DB%8C%D8%AA-5-%D9%84%DB%8C%D8%AA%D8%B1%DB%8C/,سولفونیت 5 لیتری,,549000,109800.0,5,,True,2025-07-22 16:47:45,2025-07-27 16:58:01
https://torob.com/p/773d7db5-8113-4de9-a580-d3fc11dd9d83/%D9%BE%DA%A9-%DA%A9%D9%88%D8%AF-%D9%86%DA%AF%D9%87%D8%AF%D8%A7%D8%B1%DB%8C-%DA%AF%DB%8C%D8%A7%D9%87%D8%A7%D9%86-%D8%A7%D9%BE%D8%A7%D8%B1%D8%AA%D9%85%D8%A7%D9%86%DB%8C-npk-%2B-%D9%82%D8%A7%D8%B1%DA%86-%DA%A9%D8%B4-%2B-%D8%A7%D9%87%D9%86-%2B%D9%87%DB%8C%D9%88%D9%85%DB%8C%DA%A9/,پک کود نگهداری گیاهان آپارتمانی | NPK + قارچ کش + آهن +هیومیک,,1950000,nan,,,True,2025-07-22 16:47:46,2025-07-27 16:55:01
https://torob.com/p/7c3f2c3d-b94c-432a-b673-a7e0d91eff71/%DA%A9%D9%88%D8%AF-%D9%BE%D8%B1%DB%8C%D9%86%D9%88%D8%A7-%D8%B1%D9%88%DB%8C-15-%D8%AF%D8%B1%D8%B5%D8%AF-%DA%A9%D9%84%D8%A7%D8%AA-%D8%B4%D8%AF%D9%87-%D8%A8%D8%A7-edta/,کود پرینوا روی 15 درصد کلات شده با EDTA,,800000,nan,,,True,2025-07-22 16:47:46,2025-07-27 16:54:20
https://torob.com/p/ec78a302-c3de-4c6a-8972-489a0e670a70/%DA%A9%D9%88%D8%AF-%D9%BE%D8%AA%D8%A7%D8%B3-%D8%A8%D8%A7%D9%84%D8%A7-nutrivest/,کود پتاس بالا NUTRIVEST,,2799000,nan,,,True,2025-07-22 16:47:47,2025-07-27 16:57:57
https://torob.com/p/b520e181-63bf-4ff5-baf0-b62913040527/%D8%B3%D9%85-%D8%A7%D8%A8%D8%A7-%D9%85%DA%A9%D8%AA%DB%8C%D9%86-%D8%AF%DA%A9%D8%AA%D8%B1-%D9%BE%D9%84%D9%86%D8%AA/,سم ابا مکتین دکتر پلنت,,110000,nan,,,True,2025-07-22 16:47:47,2025-07-22 16:47:47
https://torob.com/p/6fb20d6b-0d52-4396-a176-71b10507e907/%D9%85%D8%A7%D9%86%DA%A9%D9%88%D8%B2%D8%A8-1-%DA%A9%DB%8C%D9%84%D9%88%DB%8C%DB%8C-%D8%A7%D8%B1%DB%8C%D8%A7-%D8%B4%DB%8C%D9%85%DB%8C-%D8%B3%D9%85-%D9%82%D8%A7%D8%B1%DA%86%DA%A9%D8%B4-%D8%B1%DB%8C%D8%AF%D9%88%D9%85%DB%8C%D9%84-%D8%A7%D9%85-%D8%B2%D8%AF-%D9%85%D8%AA%D8%A7%D9%84%D8%A7%DA%A9%D8%B3%DB%8C%D9%84/,مانکوزب 1 کیلویی آریا شیمی | سم قارچکش (ریدومیل ام زد) متالاکسیل,,6950000,6950000.0,1,,True,2025-07-22 16:47:48,2025-07-27 16:51:39
https://torob.com/p/b22a2d24-6ca8-469e-91a6-9072b3249354/%DA%A9%D9%88%D8%AF-%D8%B1%DB%8C%D8%B4%D9%87-%D8%B2%D8%A7%DB%8C%DB%8C-%D8%A8%DB%8C%D9%88%D8%B1%D8%A7%D8%AF%DB%8C%DA%A9%D8%A7%D9%86%D8%AA-%D9%81%DB%8C%D9%88%DA%86%D8%B1%D8%A7%DA%A9%D9%88-%D9%88%D8%A7%D8%B1%D8%AF%D8%A7%D8%AA-%D8%B4%D8%B1%DA%A9%D8%AA-%D9%81%D8%B1%D9%88%D8%BA-%D8%AF%D8%B4%D8%AA-1-%D9%84%DB%8C%D8%AA%D8%B1%DB%8C/,کود ریشه زایی بیورادیکانت فیوچراکو واردات شرکت فروغ دشت 1 لیتری,,1375000,1375000.0,1,,True,2025-07-22 16:47:48,2025-07-22 16:47:48
https://torob.com/p/a06a9261-1e59-4893-a543-cf8e3dcdc88c/%DA%A9%D9%88%D8%AF-%D8%A7%DA%AF%D8%B1%D9%88%D9%85%DB%8C%DA%A9-%DA%AF%D8%B1%D8%A7%D9%86%D9%88%D9%84%D9%87-%D9%85%D8%AD%D8%B1%DA%A9-%D8%B1%D8%B4%D8%AF-%DA%AF%DB%8C%D8%A7%D9%87%DB%8C-%D9%88%D8%B2%D9%86-25-%DA%A9%DB%8C%D9%84%D9%88%DA%AF%D8%B1%D9%85/,کود اگرومیک گرانوله (محرک رشد گیاهی) وزن 25 کیلوگرم,,1650000,66000.0,25,,True,2025-07-22 16:47:49,2025-07-27 16:56:45
https://torob.com/p/1e1e2ff9-4387-4a1d-8173-b3b787bcb5ad/%D9%87%D9%88%D8%B1%D9%85%D9%88%D9%86-%D9%85%D8%A7%DB%8C%D8%B9-%D8%B1%DB%8C%D8%B4%D9%87-%D8%B2%D8%A7%DB%8C%DB%8C-%D9%82%D9%84%D9%85%D9%87-%D8%AD%D8%AC%D9%85-60ml/,هورمون مایع ریشه زایی قلمه حجم 60ml,,110000,nan,,,True,2025-07-22 16:47:49,2025-07-27 16:55:07
https://torob.com/p/0dc40c51-b2d0-45c5-8889-6031c9168991/%DA%A9%D9%88%D8%AF-%D8%A7%D8%AF%D9%88%D9%86%D8%B3-%D8%A8%D8%A7%D8%AF-%D8%A7%DB%8C%DA%A9%D8%B3-%D9%81%DA%A9%D8%AA%D9%88%D8%B1-bud-factor-x/,کود ادونس باد ایکس فکتور - Bud Factor X,,10800000,nan,,,True,2025-07-22 16:47:49,2025-07-22 16:47:49
https://torob.com/p/3e5a0c59-ce81-450c-941a-78b76e950d5b/%DA%A9%D9%88%D8%AF-%D8%A7%D8%B2%D8%AA-%D8%A8%D8%A7%D9%84%D8%A7-%DA%A9%D9%88%D8%AF-%D9%86%DB%8C%D8%AA%D8%B1%D9%88%DA%98%D9%86-%D8%B4%D9%88%DA%A9/,کود ازت بالا (کود نیتروژن) شوک,,1500000,nan,,,True,2025-07-22 16:47:50,2025-07-27 16:53:30
https://torob.com/p/aedc8998-a898-4c58-82cd-a6df29c4273c/%DA%A9%D9%88%D8%AF%D8%B3%D9%88%D9%84%D9%81%D8%A7%D8%AA-%D9%85%D9%86%DB%8C%D8%B2%DB%8C%D9%85-%D9%BE%D9%88%D8%AF%D8%B1%DB%8C-25%DA%A9%DB%8C%D9%84%D9%88%DB%8C%DB%8C-%DA%A9%D9%86%D8%AC%D8%A7%D9%84%D9%87-%D8%B3%D8%A7%D8%B2/,کودسولفات منیزیم پودری 25کیلویی کنجاله ساز,,590000,23600.0,25,,True,2025-07-22 16:47:50,2025-07-27 17:09:04
https://torob.com/p/278e2018-1b3a-4937-aa60-585cccbadc0a/%D9%85%D8%B9%D8%B1%D9%81%DB%8C-%DA%A9%D9%88%D8%AF-%D9%81%D8%B3%D9%81%D8%B1-%D8%A8%D8%A7%D9%84%D8%A7-%D8%A7%D8%B1%DA%A9%D8%A7%D8%AF%DB%8C%D8%A7/,معرفی کود فسفر بالا آرکادیا,,3500000,nan,,,True,2025-07-22 16:47:51,2025-07-27 16:52:54
https://torob.com/p/0ffc41a0-ab7b-457c-8116-bb20f0880770/%D9%BE%D8%B1%D8%AA%DB%8C%D9%84%D8%A7-%DA%A9%D9%84%D8%B1-%D8%A7%D9%85%D9%88%D9%84%D8%B3%DB%8C%D9%88%D9%86-50-%D8%AF%D8%B1%D8%B5%D8%AF-%D8%B9%D9%84%D9%81-%DA%A9%D8%B4-%D8%A7%D9%86%D8%AA%D8%AE%D8%A7%D8%A8%DB%8C/,پرتیلا کلر امولسیون 50 درصد علف کش انتخابی,,350000,nan,,,True,2025-07-22 16:47:51,2025-07-27 16:55:14
https://torob.com/p/cbc5b55d-fe74-4c39-b25a-e8ad01306364/%DA%A9%D9%88%D8%AF-%D9%85%D8%B1%D8%BA%DB%8C-%D8%B4%D9%88%DA%A9-%D8%A7%D9%85%D8%B1%DB%8C%DA%A9%D8%A7%DB%8C%DB%8C-%D8%A7%D9%88%D8%B1%D8%AC%DB%8C%D9%86%D8%A7%D9%84-20-%D9%84%DB%8C%D8%AA%D8%B1%DB%8C-2021-%D9%85%DB%8C%D9%84%D8%A7%D8%AF%DB%8C/,کود مرغی شوک امریکایی اورجینال ۲۰ لیتری - ۲۰۲۱ میلادی,,1099000,54950.0,20,,True,2025-07-22 16:47:52,2025-07-27 16:51:52
https://torob.com/p/ac44c9d4-a508-44cb-8d50-45cfc64430ad/%DA%A9%D9%88%D8%AF-%D9%85%D8%B1%D8%BA%DB%8C-%D9%85%D8%A7%DB%8C%D8%B9-%D9%85%D9%87%D8%A7%D8%A8-%D8%B4%DB%8C%D9%85%DB%8C-10-20-%D9%84%DB%8C%D8%AA%D8%B1%DB%8C/,کود مرغی مایع مهاب شیمی ۱۰، ۲۰ لیتری,,522000,26100.0,20,,True,2025-07-22 16:47:52,2025-07-27 17:03:50
https://torob.com/p/0b6759c4-4fb1-4a25-acaf-a43e93d322c5/%DA%A9%D9%88%D8%AF-%D9%81%D8%B3%D9%81%DB%8C%D8%AA-%D9%BE%D8%AA%D8%A7%D8%B3%DB%8C%D9%85-%D8%A8%D9%85%D8%A8/,کود فسفیت پتاسیم بمب,,3700000,nan,,,True,2025-07-22 16:47:53,2025-07-27 17:02:51
https://torob.com/p/12cd5efc-3173-41a3-b9c4-8394c109cef9/%DA%A9%D9%88%D8%AF-%D8%B3%D9%87-%D8%A8%DB%8C%D8%B3%D8%AA-npk-20-20-20/,کود سه بیست (NPK 20-20-20),,1850000,nan,,,True,2025-07-22 16:47:53,2025-07-27 16:51:49
https://torob.com/p/bbeaf102-4246-4e1d-85d5-458b8b689ffa/%DA%A9%D9%88%D8%AF-%D9%85%D8%AE%D8%B5%D9%88%D8%B5-%DA%AF%D9%88%D8%AC%D9%87-%D9%81%D8%B1%D9%86%DA%AF%DB%8C/,کود مخصوص گوجه فرنگی,,270000,nan,,,True,2025-07-22 16:47:54,2025-07-27 16:59:43
https://torob.com/p/b6a3a449-94ac-493b-97b9-c7587217617b/%DA%A9%D9%88%D8%AF-%D8%B1%DB%8C%D8%B4%D9%87-%D8%B2%D8%A7-%DA%AF%DB%8C%D8%A7%D9%87%D8%A7%D9%86-%D8%A7%D9%BE%D8%A7%D8%B1%D8%AA%D9%85%D8%A7%D9%86%DB%8C-%D9%88-%D8%AE%D8%A7%D9%86%DA%AF%DB%8C-10-52-10/,کود ریشه زا گیاهان آپارتمانی و خانگی 10-52-10,,60000,nan,,,True,2025-07-22 16:47:54,2025-07-27 17:05:05
https://torob.com/p/95be553c-fd8d-4804-b1ce-770ca0f3414f/%DA%A9%D9%88%D8%AF-%D9%BE%D9%88%D8%AF%D8%B1%DB%8C-10-52-10-%D8%B4%D8%B1%DA%A9%D8%AA-%D8%B2%D8%A7%DB%8C%D8%B2-%D8%A7%D9%86%DA%AF%D9%84%DB%8C%D8%B3-%D9%85%D8%AF%D9%84-growzeiz-%D9%88%D8%B2%D9%86-5-%DA%A9%DB%8C%D9%84%D9%88%DA%AF%D8%B1%D9%85/,کود پودری 10-52-10 شرکت زایز انگلیس مدل growzeiz وزن 5 کیلوگرم,,2250000,450000.0,5,,True,2025-07-22 16:47:55,2025-07-22 16:47:55
https://torob.com/p/f612a3b4-77e5-4b4b-9734-6c034f9e3ea8/%DA%A9%D9%88%D8%AF-%D8%A7%D8%B3%D8%AA%D8%A7%D8%B1%D8%AA%D8%B1-%D8%B1%D8%B4%D8%AF-%D8%AA%D9%82%D9%88%DB%8C%D8%AA-%D8%B1%DB%8C%D8%B4%D9%87-%D9%88-%DA%AF%D9%84%D8%AF%D9%87%DB%8C-%D9%85%D9%88%D9%86%D9%88-%D8%A7%D9%85%D9%88%D9%86%DB%8C%D9%88%D9%85-%D9%81%D8%B3%D9%81%D8%A7%D8%AA-%D9%88%D9%BE%D8%B1%D9%88%D9%81%D8%B1%D8%AA-%D9%87%D9%84%D9%86%D8%AF-2-%DA%A9%DB%8C%D9%84%D9%88%DB%8C%DB%8C/,کود استارتر رشد، تقویت ریشه و گلدهی، مونو آمونیوم فسفات وپروفرت هلند ۲ کیلویی,,799000,399500.0,2,,True,2025-07-22 16:47:55,2025-07-27 16:55:11
https://torob.com/p/3b575360-0012-4583-9aef-e7527b2464f7/%DA%A9%D9%88%D8%AF-%D8%A7%D9%87%D9%86/,کود آهن,,8000000,nan,,,True,2025-07-22 16:47:56,2025-07-27 16:54:32
https://torob.com/p/e7b0e947-4216-4f40-a3b3-bce9d7f36de5/%D8%AC%DB%8C%D8%A8%D8%B1%D9%84%DB%8C%DA%A9-%D8%A7%D8%B3%DB%8C%D8%AF/,جیبرلیک اسید,,690000,nan,,,True,2025-07-22 16:47:56,2025-07-22 16:47:56
https://torob.com/p/c220aae6-2b66-4577-851f-fd1a2e4f17df/%D8%AE%D8%B1%DB%8C%D8%AF-%DA%A9%D9%88%D8%AF-%D9%85%D8%AE%D8%B5%D9%88%D8%B5-%D8%AE%DB%8C%D8%A7%D8%B1-%D8%B4%D9%88%DA%A9/,خرید کود مخصوص خیار شوک,,490000,nan,,,True,2025-07-22 16:47:57,2025-07-27 16:57:22
https://torob.com/p/2dcec84d-4650-4f20-9280-6056dd45a04e/%D8%AE%D8%A7%DA%A9-%D8%B3%D8%A8%DA%A9-%D8%A7%D8%B1%DA%AF%D8%A7%D9%86%DB%8C%DA%A9-%D8%AA%D9%86%D9%87%D8%A7-%D8%AE%D8%A7%DA%A9-%D8%AC%D9%87%D8%AA-%D8%AC%D9%84%D9%88%DA%AF%DB%8C%D8%B1%DB%8C-%D8%A7%D8%B2-%D9%BE%D9%88%D8%B3%DB%8C%D8%AF%DA%AF%DB%8C-%D8%B1%DB%8C%D8%B4%D9%87-%D9%88-%D8%B2%D8%B1%D8%AF%D8%B4%D8%AF%DA%AF%DB%8C-%D8%A8%D8%B1%DA%AF%D9%87%D8%A7%DB%8C-%DA%AF%DB%8C%D8%A7%D9%87%D8%A7%D9%86-%D8%A7%D9%BE%D8%A7%D8%B1%D8%AA%D9%85%D8%A7%D9%86%DB%8C-%D8%B7%D8%A8%DB%8C%D8%B9%D8%AA-%D8%B4%DB%8C%DA%A9-%D8%A8%D8%B3%D8%AA%D9%87-%DA%A9%D9%88%DA%86%DA%A9-1-%DA%A9%DB%8C%D9%84%D9%88-%D9%88-400-%DA%AF%D8%B1%D9%85/,خاک سبک ارگانیک | تنها خاک جهت جلوگیری از پوسیدگی ریشه و زردشدگی برگهای گیاهان آپارتمانی | طبیعت شیک - بسته کوچک 1 کیلو و 400 گرم,,12000,12000.0,1,,True,2025-07-22 16:47:57,2025-07-27 16:55:09
https://torob.com/p/f427a081-0763-46b7-bf95-398e143ad9f5/%DA%A9%D9%88%D8%AF-%D9%85%D8%A7%DB%8C%D8%B9-%DA%A9%D8%A7%D9%85%D9%84-%D8%A7%DA%A9%D8%AA%DB%8C%D9%88-%D9%BE%D9%84%D8%A7%D8%B3-%D9%81%D8%A7%D8%B1%D9%85%D9%88%D9%86%D8%AA%DB%8C-16-%D8%B9%D9%86%D8%B5%D8%B1-active-plus-pharmonti-npk10-5-5-5-%D9%84%DB%8C%D8%AA%D8%B1%DB%8C/,کود مایع کامل اکتیو پلاس فارمونتی 16 عنصر (Active Plus Pharmonti (NPK10 5 5 - 5 لیتری,,952000,190400.0,5,,True,2025-07-22 16:47:57,2025-07-27 17:01:36
https://torob.com/p/6606f25e-61a2-480c-b488-5d782d577fbf/%DA%A9%D9%88%D8%AF-%D9%87%DB%8C%D9%88%D9%85%DB%8C%DA%A9-%D8%A7%D8%B3%DB%8C%D8%AF-95-%D8%AF%D8%B1%D8%B5%D8%AF-%D8%B4%D9%88%DA%A9/,کود هیومیک اسید 95 درصد شوک,,2900000,nan,,,True,2025-07-22 16:47:58,2025-07-27 16:52:18
https://torob.com/p/7bdccb18-8366-4951-b4e9-72b96f486ee9/%DA%A9%D9%88%D8%AF-%DA%A9%D8%A7%D9%85%D9%84-%D8%B3%D9%87-%D8%A8%DB%8C%D8%B3%D8%AA-%D9%85%DB%8C%D9%84-%D8%AA%D8%A7%D8%B1-%D8%AA%D8%B1%DA%A9%DB%8C%D9%87-mill-tar-npk-20-20-20-%2B-te/,کود کامل سه بیست میل تار ترکیه (Mill-tar NPK 20-20-20 + TE),,2400000,nan,,,True,2025-07-22 16:47:58,2025-07-29 15:02:39
https://torob.com/p/480ddfd8-7a51-435e-9163-917ea016c366/%D8%B9%D9%84%D9%81-%DA%A9%D8%B4-%D9%85%D8%AA%D8%B1%DB%8C-%D8%A8%D9%88%D8%B2%DB%8C%D9%86-%D8%B3%D9%86%DA%A9%D9%88%D8%B1-%D8%A7%D8%B1%DB%8C%D8%A7-%D8%B4%DB%8C%D9%85%DB%8C-%D9%88%D8%B2%D9%86-500-%DA%AF%D8%B1%D9%85-metribuzin/,علف کش متری بوزین(سنکور) آریا شیمی وزن 500 گرم | Metribuzin,,1200000,nan,,,True,2025-07-22 16:47:59,2025-07-27 16:58:38
https://torob.com/p/6a64d682-61e0-43e1-91cc-b75fae2a621a/%D8%B3%D9%85-%D9%82%D8%A7%D8%B1%DA%86-%DA%A9%D8%B4-%D9%87%DA%AF%D8%B2%D8%A7%DA%A9%D9%88%D9%86%D8%A7%D8%B2%D9%88%D9%84-%D8%A7%D9%86%D9%88%DB%8C%D9%84-%D9%85%D8%A7%DB%8C%D8%B9-%D9%85%D9%84%DB%8C-%D8%B4%DB%8C%D9%85%DB%8C-%DA%A9%D8%B4%D8%A7%D9%88%D8%B1%D8%B2-05-%D9%84%DB%8C%D8%AA%D8%B1-%DA%A9%D9%88%DB%8C%DA%A9%D8%B3/,سم قارچ کش هگزاکونازول انویل مایع ملی شیمی کشاورز 0.5 لیتر کوئکس,,290000,58000.0,5,,True,2025-07-22 16:47:59,2025-07-27 17:15:34
https://torob.com/p/d597e452-c64a-4e8f-8346-fa9b17215a82/%D9%82%D8%A7%D8%B1%DA%86-%DA%A9%D8%B4-%D9%88-%D8%A8%D8%A7%DA%A9%D8%AA%D8%B1%DB%8C-%DA%A9%D8%B4-%D8%A7%D9%84%DB%8C%D8%AA-%D8%AE%D8%B2%D8%B1%D8%B3%D9%85/,قارچ کش و باکتری کش الیت خزرسم,,410000,nan,,,True,2025-07-22 16:48:00,2025-07-27 16:51:20
https://torob.com/p/17232775-2e8d-4810-b2c0-ff72b77e0374/%DA%A9%D9%88%D8%AF-%D9%BE%D9%88%D8%AF%D8%B1%DB%8C-%D9%87%DB%8C%D9%88%D9%85%DB%8C%DA%A9-%D8%A7%D8%B3%DB%8C%D8%AF-50-%DA%AF%D8%B1%D9%85-%D9%BE%D8%B1%D9%88%D8%AA%DA%A9%D8%AA-%D9%86%DB%8C%DA%86%D8%B1/,کود پودری هیومیک اسید 50 گرم پروتکت نیچر,,115000,nan,,,True,2025-07-22 16:48:00,2025-07-27 17:05:08
https://torob.com/p/1c827cbc-81a8-4064-bda7-395bfc8d70a2/%DA%A9%D9%88%D8%AF-202020-%D9%88%D8%A7%D8%B1%D8%AF%D8%A7%D8%AA%DB%8C-%D8%AF%D8%B1-%D8%A8%D8%B3%D8%AA%D9%87-500-%DA%AF%D8%B1%D9%85%DB%8C-%DA%A9%D9%88%D8%AF-%D8%B3%D9%87-%D8%A8%DB%8C%D8%B3%D8%AA/,کود 202020 وارداتی در بسته 500 گرمی کود سه بیست,,230000,nan,,,True,2025-07-22 16:48:01,2025-07-27 17:00:47
https://torob.com/p/13b7a66d-55cf-4824-b7a3-ffefc0507655/%DA%A9%D9%88%D8%AF-%D9%85%D8%A7%DB%8C%D8%B9-%D8%B1%D9%88%DB%8C%D8%A7%D9%84-%DA%A9%D9%84%D8%B3%DB%8C%D9%85-%D8%A7%D8%B3%D9%BE%D8%A7%D9%86%DB%8C%D8%A7%DB%8C%DB%8C-%D8%AD%D8%A7%D9%88%DB%8C-%D8%A7%D8%B3%DB%8C%D8%AF-%D8%A7%D9%85%DB%8C%D9%86%D9%87-%DB%8C%DA%A9-%D9%84%DB%8C%D8%AA%D8%B1%DB%8C/,کود مایع رویال کلسیم اسپانیایی حاوی اسید آمینه (یک لیتری),,491000,nan,,,True,2025-07-22 16:48:01,2025-07-27 17:03:51
https://torob.com/p/d4a48fd4-9c08-42f9-982c-9ea7bd5f5d70/%D8%AE%D8%A7%DA%A9-%D9%85%D8%AE%D8%B5%D9%88%D8%B5-%DA%A9%D8%A7%DA%A9%D8%AA%D9%88%D8%B3-%D9%88-%D8%B3%D8%A7%DA%A9%D9%88%D9%84%D9%86%D8%AA-%D9%87%D8%A7/,خاک مخصوص کاکتوس و ساکولنت ها,,40000,nan,,,True,2025-07-22 16:48:02,2025-07-27 17:07:03
https://torob.com/p/8f7a7a48-2d7a-4c70-9cbf-9ed7328aa76a/%DA%A9%D9%88%D8%AF-%D8%A7%D9%87%D9%86-%D8%B3%DA%A9%D9%88%D8%B3%D8%AA%D8%B1%D9%86-%D8%B3%DB%8C%D9%86%D8%AC%D9%86%D8%AA%D8%A7-%D8%B3%D9%88%DB%8C%DB%8C%D8%B3/,کود آهن سکوسترن سینجنتا سوئیس,,82000,nan,,,True,2025-07-22 16:48:02,2025-07-27 16:59:31
https://torob.com/p/4814df35-aedf-42ea-a5a8-22682b455487/%D9%82%D8%A7%D8%B1%DA%86-%DA%A9%D8%B4-%D8%B1%D8%AF-%D8%B4%DB%8C%D9%84%D8%AF-%D8%A7%DA%A9%D8%B3%DB%8C%D8%AF-%D9%85%D8%B3-45-%D8%AF%D8%B1%D8%B5%D8%AF-%DA%AF%D8%B1%D8%A7%D9%86%D9%88%D9%84-%D9%88%D8%AA%D8%A7%D8%A8%D9%84-%D8%AF%DB%8C%D8%A7%D8%B1%DA%A9%D8%B4%D8%AA/,قارچ کش رد شیلد اکسید مس | 45 درصد گرانول وتابل | دیارکشت,,19000000,nan,,,True,2025-07-22 16:48:03,2025-07-27 17:03:20
https://torob.com/p/5b493a09-41a0-45e0-9ac2-9190e335dcad/%D8%B3%D9%85-%D9%82%D8%A7%D8%B1%DA%86%DA%A9%D8%B4-%D8%AA%D8%A8%D9%88%DA%A9%D9%88%D9%86%D8%A7%D8%B2%D9%88%D9%84-%D9%81%D9%88%D9%84%DB%8C%DA%A9%D9%88%D8%B1-%D9%85%D8%A7%DB%8C%D8%B9-%D9%85%D9%84%DB%8C-%D8%B4%DB%8C%D9%85%DB%8C-%DA%A9%D8%B4%D8%A7%D9%88%D8%B1%D8%B2-1-%D9%84%DB%8C%D8%AA%D8%B1-%DA%A9%D9%88%DB%8C%DA%A9%D8%B3/,سم قارچکش تبوکونازول فولیکور مایع ملی شیمی کشاورز 1 لیتر کوئکس,,735000,735000.0,1,,True,2025-07-22 16:48:03,2025-07-27 16:59:14
https://torob.com/p/27b452e3-bad4-4247-81b6-a20261d85689/%D9%81%D9%84%D9%88%D8%B1%DB%8C%D8%B4-%DA%AF%D8%A7%D8%B1%D8%AF-1-%D9%85%D9%82%D8%A7%D8%A8%D9%84%D9%87-%D8%A8%D8%A7-%DA%A9%D8%B1%D9%85-%D8%AE%D8%B1%D8%A7%D8%B7-%D9%88-%D8%A7%D9%81%D8%A7%D8%AA-%DA%86%D9%88%D8%A8%D8%AE%D9%88%D8%A7%D8%B1-1-%DA%A9%DB%8C%D9%84%D9%88%DA%AF%D8%B1%D9%85%DB%8C/,فلوریش گارد 1 (مقابله با کرم خراط و آفات چوبخوار) 1 کیلوگرمی,,237000,237000.0,1,,True,2025-07-22 16:48:04,2025-07-27 17:01:22
https://torob.com/p/9cef22d3-b350-4e4c-9c27-68abdfaa7651/%DA%A9%D9%88%D8%AF-%D9%85%D8%A7%DB%8C%D8%B9-%D9%85%DB%8C%DA%A9%D8%B1%D9%88-%D8%B1%DB%8C%D8%B2%D9%85%D8%BA%D8%B0%DB%8C-%D8%B3%DB%8C%D8%AA%D8%B1%D9%88-%D8%AA%DB%8C-%D8%A7%DB%8C-%DB%8C%DA%A9-%D9%84%DB%8C%D8%AA%D8%B1%DB%8C/,کود مایع میکرو (ریزمغذی) سیترو تی ای (یک لیتری),,198900,nan,,,True,2025-07-22 16:48:04,2025-07-27 17:07:43
https://torob.com/p/fdbe8a99-276f-45cb-b3c6-6bc6dca2871b/%DA%A9%D9%88%D8%AF-%DA%A9%D9%84%D8%B3%DB%8C%D9%85-%D8%B1%D9%88%DB%8C-%D9%85%D9%86%DA%AF%D9%86%D8%B2-%D8%B3%D9%BE%D9%87%D8%B12/,کود کلسیم روی منگنز (سپهر۲),,280000,nan,,,True,2025-07-22 16:48:05,2025-07-27 17:00:50
https://torob.com/p/7238ab6e-d9f7-4d94-b576-d2eaac9b4f50/%D9%85%DB%8C%DA%A9%D8%B1%D9%88%D9%85%DB%8C%DA%A9%D8%B3-%D8%A8%D8%A7%D8%B2%D8%B1%DA%AF%D8%A7%D9%86-%DA%A9%D8%A7%D9%84%D8%A7-%D8%A8%D8%B3%D8%AA%D9%87-%D8%A8%D9%86%D8%AF%DB%8C-1-%D9%84%DB%8C%D8%AA%D8%B1%DB%8C-%DB%8C%DA%A9-%D8%BA%D8%B0%D8%A7%DB%8C-%DA%A9%D8%A7%D9%85%D9%84-%D8%A8%D8%B1%D8%A7%DB%8C-%DA%AF%DB%8C%D8%A7%D9%87%D8%A7%D9%86/,میکرومیکس بازرگان کالا بسته بندی 1 لیتری یک غذای کامل برای گیاهان,,850000,850000.0,1,,True,2025-07-22 16:48:05,2025-07-27 17:03:48
https://torob.com/p/dd54a8c9-3426-437f-b49c-12275ae4e02d/%DA%AF%D9%88%DA%AF%D8%B1%D8%AF-%D9%85%D8%A7%DB%8C%D8%B9-%D9%BE%D8%A7%D8%B1%D8%B3-%D8%AE%D9%88%D8%B4%D9%87-1-%D9%84%DB%8C%D8%AA%D8%B1%DB%8C/,گوگرد مایع پارس خوشه 1 لیتری,,100000,100000.0,1,,True,2025-07-22 16:48:06,2025-07-27 16:57:03
https://torob.com/p/51bf1ef8-b8f6-4f88-99c5-fa7d5a167151/%D9%85%D8%B4%D8%AE%D8%B5%D8%A7%D8%AA-%DA%A9%D9%84%DB%8C-%DA%A9%D9%88%D8%AF-12-12-36-%D9%81%D8%A7%D9%84%DA%A9%D9%88%D9%86-%D8%AD%D8%AC%D9%85-10-%DA%A9%DB%8C%D9%84%D9%88%DA%AF%D8%B1%D9%85-%D9%86%D8%A7%D9%85-%D9%85%D8%AD%D8%B5%D9%88%D9%84-%DA%A9%D9%88%D8%AF-12-12-36-%D9%81%D8%A7%D9%84%DA%A9%D9%88%D9%86%D8%AD%D8%AC%D9%85-%D9%88%D8%B2%D9%86-10-%DA%A9%DB%8C%D9%84%D9%88%DA%AF%D8%B1%D9%85%D9%86%D9%88%D8%B9-%D9%85%D8%AD%D8%B5%D9%88%D9%84-%DA%A9%D9%88%D8%AF-%D8%B4%DB%8C%D9%85%DB%8C%D8%A7%DB%8C%DB%8C-%DA%A9%D8%A7%D9%85%D9%84%D8%AA%D8%B1%DA%A9%DB%8C%D8%A8-%D8%A7%D8%B5%D9%84%DB%8C-12-%D9%86%DB%8C%D8%AA%D8%B1%D9%88%DA%98%D9%86-n-12-%D9%81%D8%B3%D9%81%D8%B1-p-36-%D9%BE%D8%AA%D8%A7%D8%B3%DB%8C%D9%85-k-%D9%88%DB%8C%DA%98%DA%AF%DB%8C-%D9%87%D8%A7-%D8%AD%D9%84%D8%A7%D9%84%DB%8C%D8%AA-%D8%A8%D8%A7%D9%84%D8%A7-%D9%85%D9%86%D8%A7%D8%B3%D8%A8-%D8%A8%D8%B1%D8%A7%DB%8C-%D9%85%D8%AD%D9%84%D9%88%D9%84-%D9%BE%D8%A7%D8%B4%DB%8C-%D8%AF%D8%A7%D8%B1%D8%A7%DB%8C-%D8%B9%D9%86%D8%A7%D8%B5%D8%B1-%D8%B1%DB%8C%D8%B2-%D9%85%D8%BA%D8%B0%DB%8C/,مشخصات کلی کود ۱۲-۱۲-۳۶ فالکون – حجم ۱۰ کیلوگرم نام محصول: کود ۱۲-۱۲-۳۶ فالکونحجم / وزن: ۱۰ کیلوگرمنوع محصول: کود شیمیایی کاملترکیب اصلی: ۱۲٪ نیتروژن (N)، ۱۲٪ فسفر (P)، ۳۶٪ پتاسیم (K)ویژگی‌ها: حلالیت بالا، مناسب برای محلول‌پاشی، دارای عناصر ریز مغذی,,2500000,250000.0,10,,True,2025-07-22 16:48:06,2025-07-22 16:48:06
https://torob.com/p/283834df-0d36-4bd0-b27f-08ad22781e4e/%DA%AF%D9%88%DA%AF%D8%B1%D8%AF-%D8%B7%D9%84%D8%A7%DB%8C%DB%8C-%D9%BE%D8%B1%D9%87%D8%A7%D9%85/,گوگرد طلایی پرهام,,1499000,nan,,,True,2025-07-22 16:48:07,2025-07-27 16:57:08
https://torob.com/p/cc8386e9-8caf-4172-aaa9-3c0f7ee306b3/%DA%A9%D9%88%D8%AF-%D8%A8%DB%8C%D9%88%D8%B1%D8%A7%D8%AF%DB%8C%DA%A9%D8%A7%D9%86%D8%AA-%D8%AD%D8%A7%D8%B5%D9%84%D8%AE%DB%8C%D8%B2-1-%D9%84%DB%8C%D8%AA%D8%B1%DB%8C-%D8%A8%D8%A7-%D9%81%D9%86%D8%A7%D9%88%D8%B1%DB%8C-xgreen/,کود بیورادیکانت حاصلخیز 1 لیتری با فناوری XGREEN,,350000,350000.0,1,,True,2025-07-22 16:48:07,2025-07-27 17:15:05
https://torob.com/p/fd87b952-90a4-43fd-bec8-193285ecc2d4/%DA%A9%D9%88%D8%AF-%DA%A9%D8%A7%D9%85%D9%84-%D9%85%D8%A7%DB%8C%D8%B9-%DA%A9%D8%A7%D9%85%D9%84-%D9%87%D9%85%D8%B1%D8%A7%D9%87-%DA%A9%D8%B1%D8%A8%D9%86-%D8%A7%D9%84%DB%8C-%D9%88-%D8%A7%D9%85%DB%8C%D9%86%D9%88%D8%A7%D8%B3%DB%8C%D8%AF-%D8%A8%D8%B1%D9%86%D8%AF-%DA%AF%D8%B1%D9%88%D9%85%D9%88%D8%B1-%D8%A7%D9%85%D8%B1%DB%8C%DA%A9%D8%A712/,کود کامل مایع کامل همراه کربن آلی و آمینواسید برند گرومور آمریکا۱۲,,1000000,nan,,,True,2025-07-22 16:48:08,2025-07-27 16:55:17
https://torob.com/p/536a3029-eb12-475e-bce5-a8a22e03608f/%D8%A7%DA%AF%D8%B1-%D9%82%D8%B5%D8%AF-%D8%AE%D8%B1%DB%8C%D8%AF-%D9%82%D8%A7%D8%B1%DA%86-%DA%A9%D8%B4-%D8%A8%D9%86%D9%88%D9%85%DB%8C%D9%84-%D8%B1%D8%A7-%D8%AF%D8%A7%D8%B1%DB%8C%D8%AF-%D9%85%DB%8C%D8%AA%D9%88%D9%86%DB%8C%D8%AF-%D8%A8%D8%A7-%D8%A8%D9%87%D8%AA%D8%B1%DB%8C%D9%86-%D9%82%DB%8C%D9%85%D8%AA-%D9%88-%DA%A9%DB%8C%D9%81%DB%8C%D8%AA-%D8%A8%D8%A7%D9%84%D8%A7-%D8%A7%D9%86-%D8%B1%D8%A7-%D8%AA%D9%87%DB%8C%D9%87-%DA%A9%D9%86%DB%8C%D8%AF-%D8%AE%D8%B1%DB%8C%D8%AF-%D8%A8%D9%86%D9%88%D9%85%DB%8C%D9%84-%D8%B1%D9%88-%D8%A8%D8%B1%D8%A7%DB%8C-%DA%A9%D8%B3%D8%A7%D9%86%DB%8C-%DA%A9%D9%87-%DA%AF%DB%8C%D8%A7%D9%87%D8%B4%D9%88%D9%86-%D8%AF%DA%86%D8%A7%D8%B1-%D8%A8%DB%8C%D9%85%D8%A7%D8%B1%DB%8C-%D9%82%D8%A7%D8%B1%DA%86%DB%8C-%D8%B4%D8%AF%D9%87-%D9%BE%DB%8C%D8%B4%D9%86%D9%87%D8%A7%D8%AF-%D9%85%DB%8C%DA%A9%DB%8C%D9%86%D9%85/,اگر قصد خرید قارچ کش بنومیل را دارید میتونید با بهترین قیمت و کیفیت بالا آن را تهیه کنید، خرید بنومیل رو برای کسانی که گیاهشون دچار بیماری قارچی شده پیشنهاد میکینم,,44000,nan,,,True,2025-07-22 16:48:08,2025-07-22 16:48:08
https://torob.com/p/30c9d312-ff29-446c-b6ac-8a36489c707e/%DA%A9%D9%88%D8%AF-%D9%BE%D9%88%D8%AF%D8%B1%DB%8C-10-52-10-%D8%AF%D9%87-%DA%A9%DB%8C%D9%84%D9%88%DB%8C%DB%8C/,کود پودری ۱۰-۵۲-۱۰ ده کیلویی,,2200000,nan,,,True,2025-07-22 16:48:09,2025-07-27 16:54:24
https://torob.com/p/03797dd1-149c-4619-9bba-9c6b9f82f1e5/%D9%81%D8%B1%D9%85%D9%88%D9%86-%D9%BE%D8%B1%D9%88%D8%A7%D9%86%D9%87-%D9%85%DB%8C%D9%86%D9%88%D8%B2-%DA%AF%D9%88%D8%AC%D9%87-%D9%81%D8%B1%D9%86%DA%AF%DB%8C-%D8%AA%D9%88%D8%AA%D8%A7-%D8%A8%D8%B3%D8%AA%D9%87-%D9%BE%D9%86%D8%AC-%D8%B9%D8%AF%D8%AF%DB%8C/,فرمون پروانه مینوز گوجه فرنگی (توتا)، بسته پنج عددی,,440000,nan,,,True,2025-07-22 16:48:09,2025-07-27 16:56:47
https://torob.com/p/d4c74c72-4ab5-483b-9714-b8941fe4fc1a/%D9%81%DB%8C%D9%BE%D8%B1%D9%88%D9%86%DB%8C%D9%84-%D9%85%D8%A7%DB%8C%D8%B9-%D9%85%D9%87%D8%A7%D9%86/,فیپرونیل مایع مهان,,230000,nan,,,True,2025-07-22 16:48:10,2025-07-27 16:58:26
https://torob.com/p/4f407346-594a-4a39-8c80-7b82e4d769e9/%D9%85%D8%B4%D8%AE%D8%B5%D8%A7%D8%AA-%DA%A9%D9%84%DB%8C-%DA%A9%D9%88%D8%AF-%DA%A9%D9%84%D8%A7%D8%AA-%D8%A7%D9%87%D9%86-%D8%AF%DB%8C%D9%BE%D9%88%D8%B1%D8%AA-%D8%A7%D8%B1%DB%8C%D8%A7%D8%B4%DB%8C%D9%85%DB%8C-6-%D9%85%D8%AE%D8%B5%D9%88%D8%B5-%DA%AF%DB%8C%D8%A7%D9%87%D8%A7%D9%86-%D8%A7%D9%BE%D8%A7%D8%B1%D8%AA%D9%85%D8%A7%D9%86%DB%8C-%D9%88-%D9%85%D8%B5%D8%A7%D8%B1%D9%81-%D8%AE%D8%A7%D9%86%DA%AF%DB%8C-%D9%86%D8%A7%D9%85-%D9%85%D8%AD%D8%B5%D9%88%D9%84-%DA%A9%D9%88%D8%AF-%D8%A7%D9%87%D9%86-%D8%AF%DB%8C%D9%BE%D9%88%D8%B1%D8%AA-dipourt-fe-eddha-%D8%AD%D8%AC%D9%85-%D9%88%D8%B2%D9%86-150-%DA%AF%D8%B1%D9%85-%D9%86%D9%88%D8%B9-%D9%85%D8%AD%D8%B5%D9%88%D9%84-%DA%A9%D9%88%D8%AF-%D9%85%DB%8C%DA%A9%D8%B1%D9%88-%D8%B1%DB%8C%D8%B2%D9%85%D8%BA%D8%B0%DB%8C-%D9%BE%D9%88%D8%AF%D8%B1%DB%8C-%D9%82%D8%A7%D8%A8%D9%84-%D9%85%D8%B5%D8%B1%D9%81-%D8%A8%D9%87-%D8%B5%D9%88%D8%B1%D8%AA-%D8%AE%D8%A7%DA%A9%DB%8C-%D8%B4%DA%A9%D9%84-%DA%A9%D9%84%D8%A7%D8%AA-fe-eddha-%D8%A8%D8%A7-%D8%A7%DB%8C%D8%B2%D9%88%D9%85%D8%B1-%D8%A7%D8%B1%D8%AA%D9%88-%D8%A7%D8%B1%D8%AA%D9%88-48-%D9%85%D8%A7%D8%AF%D9%87-%D9%85%D9%88%D8%AB%D8%B1-%D8%A7%D9%87%D9%86-6-%D9%BE%D8%A7%DB%8C%D8%AF%D8%A7%D8%B1-%D8%A8%D9%87-%D9%81%D8%B1%D9%85-eddha/,مشخصات کلی کود کلات آهن دیپورت آریاشیمی ۶٪ – مخصوص گیاهان آپارتمانی و مصارف خانگی نام محصول: کود آهن دیپورت (Dipourt Fe EDDHA) حجم / وزن: ۱۵۰ گرم نوع محصول: کود میکرو ریزمغذی – پودری قابل مصرف به‌صورت خاکی شکل کلات: Fe-EDDHA با ایزومر ارتو-ارتو ۴.۸٪ ماده مؤثر: آهن ۶٪ پایدار به فرم EDDHA,,200000,nan,,,True,2025-07-22 16:48:10,2025-07-22 16:48:10
https://torob.com/p/198ae2a8-da5a-4814-a0a4-a8344aaaf67b/%DA%A9%D9%88%D8%AF-%D8%AA%D9%82%D9%88%DB%8C%D8%AA%DB%8C-npk-20-20-20%2Bme-%D9%BE%D9%88%D8%AF%D8%B1-solunec-%D8%B3%D9%88%D9%84%D9%88%D9%86%DA%A9-%D8%AA%D8%B1%DA%A9%DB%8C%D9%87-25-%DA%A9%DB%8C%D9%84%D9%88%DA%AF%D8%B1%D9%85-%DA%A9%DB%8C%D8%B3%D9%87/,کود تقویتی NPK 20-20-20+ME پودر SOLUNEC سولونک ترکیه 25 کیلوگرم کیسه,,8750000,350000.0,25,,True,2025-07-22 16:48:11,2025-07-27 17:01:24
https://torob.com/p/ded14be9-6d80-4547-80b7-15093c91bad5/%D8%B3%D9%85-%D9%82%D8%A7%D8%B1%DA%86%DA%A9%D8%B4-%DA%A9%D8%A7%D9%BE%D8%AA%D8%A7%D9%86-%D8%A7%D8%B1%D8%AA%D9%88%D8%B3%D8%A7%DB%8C%D8%AF-%D9%BE%D9%88%D8%AF%D8%B1-%D9%85%D9%84%DB%8C-%D8%B4%DB%8C%D9%85%DB%8C-%DA%A9%D8%B4%D8%A7%D9%88%D8%B1%D8%B2-1%DA%A9%DB%8C%D9%84%D9%88%DA%AF%D8%B1%D9%85-%D9%81%D9%88%DB%8C%D9%84/,سم قارچکش کاپتان ارتوساید پودر ملی شیمی کشاورز 1کیلوگرم فویل,,650000,650000.0,1,,True,2025-07-22 16:48:11,2025-07-27 16:59:24
https://torob.com/p/423f52a2-655d-4f80-91a4-55435d95e2bd/%DA%A9%D9%88%D8%AF-%D9%86%DB%8C%D8%AA%D8%B1%D8%A7%D8%AA-%DA%A9%D9%84%D8%B3%DB%8C%D9%85-nutrivest/,کود نیترات کلسیم NUTRIVEST,,1498000,nan,,,True,2025-07-22 16:48:12,2025-07-27 16:57:36
https://torob.com/p/5375f089-e838-487a-8954-1c81d9f62772/%D8%A7%D8%A8%D8%A7%D9%85%DA%A9%D8%AA%DB%8C%D9%86/,ابامکتین,,295000,nan,,,True,2025-07-22 16:48:12,2025-07-27 16:58:15
https://torob.com/p/81d9d393-bcab-4ac3-9336-a4afb891b41c/%D9%85%DB%8C%DA%A9%D8%B1%D9%88%D9%85%DB%8C%DA%A9%D8%B3-%D9%81%D8%A7%D8%B1%D9%87%D8%A7%D9%85-10-%DA%A9%DB%8C%D9%84%D9%88%DB%8C%DB%8C-%D8%AD%D8%A7%D9%88%DB%8C-%D8%B9%D9%86%D8%A7%D8%B5%D8%B1-%D8%B1%DB%8C%D8%B2%D9%85%D8%BA%D8%B0%DB%8C/,میکرومیکس فارهام - 10 کیلویی حاوی عناصر ریزمغذی,,1250000,125000.0,10,,True,2025-07-22 16:48:13,2025-07-27 16:59:19
https://torob.com/p/8ff8cb24-3439-43aa-a63c-d82272b9e19b/%DA%A9%D9%88%D8%AF-%D9%BE%D9%88%D8%AF%D8%B1%DB%8C-30_5_15-%D8%AF%D9%87-%DA%A9%DB%8C%D9%84%D9%88%DB%8C%DB%8C-%D8%B1%D9%88%DB%8C%D8%B4/,کود پودری 30_5_15 ده کیلویی رویش,,1140000,nan,,,True,2025-07-22 16:48:13,2025-07-27 16:57:49
https://torob.com/p/c2ba201a-31c0-4f5a-b4b7-babf61deafe9/%DA%A9%D9%88%D8%AF-%DA%A9%D9%84%D8%A7%D8%AA-%D8%A7%D9%87%D9%86-100-%DA%AF%D8%B1%D9%85%DB%8C-%D9%BE%D9%88%D8%AF%D8%B1%DB%8C-%D8%AF%D8%B1-%D8%A8%D8%B3%D8%AA%D9%87-%D8%A8%D9%86%D8%AF%DB%8C-%DA%A9%D9%88%DA%86%DA%A9/,کود کلات آهن 100 گرمی پودری در بسته بندی کوچک,,80000,nan,,,True,2025-07-22 16:48:14,2025-07-27 16:54:29
https://torob.com/p/b997134f-addf-4a88-a093-eac4ec623043/%D8%B3%D9%85-%D8%A7%D8%A8%D8%A7%D9%85%DA%A9%D8%AA%DB%8C%D9%86/,سم آبامکتین,,85000,nan,,,True,2025-07-22 16:48:14,2025-07-27 16:53:40
https://torob.com/p/36093ee5-d722-4f2e-a1bd-ff72641d045a/%DA%A9%D9%88%D8%AF-%D9%88-%DA%A9%D9%85%D9%BE%D9%88%D8%B3%D8%AA-%D8%AA%D9%82%D9%88%DB%8C%D8%AA%DB%8C-%D8%A7%D8%B1%DA%AF%D8%A7%D9%86%DB%8C%DA%A9-%D8%B7%D8%A8%DB%8C%D8%B9%D8%AA-%D8%B4%DB%8C%DA%A9-%D8%A8%D9%87%D8%AA%D8%B1%DB%8C%D9%86-%D8%AA%D8%BA%D8%B0%DB%8C%D9%87-%D8%A8%D8%B1%D8%A7%DB%8C-%DA%AF%DB%8C%D8%A7%D9%87%D8%A7%D9%86-%D8%A8%D8%B3%D8%AA%D9%87-%D8%A8%D8%B2%D8%B1%DA%AF-6-%DA%A9%DB%8C%D9%84%D9%88-%D9%88-500-%DA%AF%D8%B1%D9%85/,"""کود و کمپوست تقویتی ارگانیک طبیعت شیک - بهترین تغذیه برای گیاهان"" - بسته بزرگ 6 کیلو و 500 گرم",,85000,14166.666666666666,6,,True,2025-07-22 16:48:15,2025-07-27 16:57:26
https://torob.com/p/f12a6aee-2432-4ced-b82b-1f5292815197/%DA%A9%D9%88%D8%AF-121236-%D8%B2%D9%86%DB%8C%D8%AA-10%DA%A9%DB%8C%D9%84%D9%88%DB%8C%DB%8C-%D9%BE%D8%AA%D8%A7%D8%B3-%D8%A8%D8%A7%D9%84%D8%A7/,کود 12.12.36 زنیت 10کیلویی پتاس بالا,,1950000,195000.0,10,,True,2025-07-22 16:48:15,2025-07-27 17:03:27
https://torob.com/p/533f1065-d602-458a-863f-060c410ef9a5/%D9%BE%D8%B1%D9%84%DB%8C%D8%AA-%D8%AF%D8%A7%D9%86%D9%87-%D8%B4%DA%A9%D8%B1%DB%8C-%D9%85%D8%AF%D9%84-pw-2s-%D9%88%D8%B2%D9%86-2-%DA%A9%DB%8C%D9%84%D9%88%DA%AF%D8%B1%D9%85/,پرلیت دانه شکری مدل PW-2s وزن 2 کیلوگرم,,95000,47500.0,2,,True,2025-07-22 16:48:16,2025-07-27 17:04:24
https://torob.com/p/81f78db7-5e0a-48fa-ad96-56baf61e3d72/%D8%AD%D8%B4%D8%B1%D9%87-%DA%A9%D8%B4-%D8%A7%D8%B3%D8%AA%D8%A7%D9%85%DB%8C-%D9%BE%D8%B1%D8%A7%DB%8C%D8%AF-%DA%A9%D8%A7%D9%88%D8%B4/,حشره کش استامی پراید کاوش,,190000,nan,,,True,2025-07-22 16:48:16,2025-07-27 17:02:29
https://torob.com/p/ea5708f9-a4ac-404f-857d-fdf359c62541/%DA%A9%D9%88%D8%AF-%D8%B3%D9%88%D9%84%D9%81%D8%A7%D8%AA-%D8%B1%D9%88%DB%8C-34-%D9%88%D9%BE%D8%B1%D9%88%D9%81%D8%B1%D8%AA-%D9%87%D9%84%D9%86%D8%AF-2-%DA%A9%DB%8C%D9%84%D9%88%DB%8C%DB%8C/,کود سولفات روی ۳۴% وپروفرت هلند ۲ کیلویی,,685000,342500.0,2,,True,2025-07-22 16:48:17,2025-07-27 17:03:19
https://torob.com/p/cd9c5423-5c9b-43a5-914e-66cd195497de/%DA%A9%D9%88%D8%AF-%D9%81%D8%B3%D9%81%DB%8C%D8%AA-%D9%BE%D8%AA%D8%A7%D8%B3%DB%8C%D9%85-%D9%81%D9%88%D8%B3-%D9%88%DB%8C%D8%AF-%D8%B3%D9%88%D9%BE%D8%B1-%D9%85%DA%A9%D8%B3-1-%D9%84%DB%8C%D8%AA%D8%B1/,کود فسفیت پتاسیم (فوس وید ) سوپر مکس ۱ لیتر,,897000,897000.0,1,,True,2025-07-22 16:48:17,2025-07-27 17:02:32
https://torob.com/p/915c9cee-8390-4131-b97d-40ed409a84c1/%DA%A9%D9%88%D8%AF-121236-%D8%A7%D9%86%D9%88%D8%B1%D9%84-%D8%A8%D9%84%DA%98%DB%8C%DA%A9/,کود 121236 آنورل بلژیک,,6750000,nan,,,True,2025-07-22 16:48:18,2025-07-27 17:10:04
https://torob.com/p/ff905ed9-22f9-40d1-905d-7da20e64a2d6/%DA%A9%D9%88%D8%AF-%D8%A7%D9%86-%D9%BE%DB%8C-%DA%A9%D8%A7-44-2-13-%D9%BE%D8%AA%D8%A7%D8%B3%DB%8C%D9%85-%D9%86%DB%8C%D8%AA%D8%B1%D8%A7%D8%AA-10-%DA%A9%DB%8C%D9%84%D9%88%DB%8C%DB%8C-%DA%A9%D9%88%D8%A7%D9%84%DB%8C-%D9%85%DA%A9%D8%B3-%D8%A7%D8%B3%D9%BE%D8%A7%D9%86%DB%8C%D8%A7/,کود ان پی کا 44-2-13 (پتاسیم نیترات) 10 کیلویی کوالی مکس اسپانیا,,2980000,298000.0,10,,True,2025-07-22 16:48:18,2025-07-27 16:59:00
https://torob.com/p/ad348331-7835-4591-8666-7d58ee183519/%DA%A9%D9%88%D8%AF-%DA%A9%D9%84%D8%B3%DB%8C%D9%85-%D9%85%D8%A7%DB%8C%D8%B9-4/,کود کلسیم مایع ۴,,900000,nan,,,True,2025-07-22 16:48:19,2025-07-27 16:59:02
https://torob.com/p/c3ce03e0-33d3-4ace-9d83-e4e4ef625704/%D8%AE%D8%B1%DB%8C%D8%AF-%DA%A9%D9%88%D8%AF-%D9%85%D8%AE%D8%B5%D9%88%D8%B5-%D8%A8%D8%B1%D9%86%D8%AC-%D8%B4%D9%88%DA%A9/,خرید کود مخصوص برنج شوک,,4800000,nan,,,True,2025-07-22 16:48:19,2025-07-27 17:00:21
https://torob.com/p/dda1a304-1760-473b-8271-2db7a60a5cb9/%D9%BE%DA%A9%DB%8C%D8%AC-%D8%AA%D8%B2%D8%B1%DB%8C%D9%82-%DA%A9%D9%88%D8%AF/,پکیج تزریق کود,,279000000,nan,,,True,2025-07-22 16:48:20,2025-07-27 17:00:56
https://torob.com/p/46b1f87c-e8b9-4f70-bd59-9487ed51a11e/%DA%AF%D9%84%D9%88%D9%81%D9%88%D8%B3%DB%8C%D9%86%DB%8C%D8%AA-%D8%A7%D9%85%D9%88%D9%86%DB%8C%D9%88%D9%85-%D9%BE%D8%A7%D8%B1%D8%A7%DA%AF%D9%88%D8%A7%D8%AA-%D8%A7%D9%88%D9%84%DB%8C%D9%86%D8%AF%D8%B1/,گلوفوسینیت آمونیوم / پاراگوات /اولیندر,,530000,nan,,,True,2025-07-22 16:48:20,2025-07-27 17:02:06
https://torob.com/p/6ca198e8-3941-47c0-8412-767f193b49e7/%DA%A9%D9%88%D8%AF-%D9%85%D8%A7%DB%8C%D8%B9-%D8%A8%D9%88%D8%B1-1-%D9%84%DB%8C%D8%AA%D8%B1%DB%8C-%D8%A8%DB%8C-%DA%A9%D8%A7%D8%B1%D8%A8/,کود مایع بور ۱ لیتری بی کارب,,373000,373000.0,1,,True,2025-07-22 16:48:21,2025-07-27 17:07:27
https://torob.com/p/cddd1205-033d-49c7-9b23-e0aa5acfd7d6/%D9%85%D8%B4%D8%AE%D8%B5%D8%A7%D8%AA-%DA%A9%D9%84%DB%8C-%DA%A9%D9%88%D8%AF-36-12-12-%D9%81%D8%A7%D9%84%DA%A9%D9%88%D9%86-%D8%AD%D8%AC%D9%85-25-%DA%A9%DB%8C%D9%84%D9%88%DA%AF%D8%B1%D9%85-%D9%86%D8%A7%D9%85-%D9%85%D8%AD%D8%B5%D9%88%D9%84-%DA%A9%D9%88%D8%AF-36-12-12-%D9%81%D8%A7%D9%84%DA%A9%D9%88%D9%86%D8%AD%D8%AC%D9%85-%D9%88%D8%B2%D9%86-100-%DA%AF%D8%B1%D9%85%D9%86%D9%88%D8%B9-%D9%85%D8%AD%D8%B5%D9%88%D9%84-%DA%A9%D9%88%D8%AF-%D9%BE%D9%88%D8%AF%D8%B1%DB%8C-%D9%85%D8%AD%D9%84%D9%88%D9%84-%D8%AF%D8%B1-%D8%A7%D8%A8%D8%AA%D8%B1%DA%A9%DB%8C%D8%A8-%D8%A7%D8%B5%D9%84%DB%8C-%D9%86%DB%8C%D8%AA%D8%B1%D9%88%DA%98%D9%86-36-%D9%81%D8%B3%D9%81%D8%B1-12-%D9%BE%D8%AA%D8%A7%D8%B3%DB%8C%D9%85-12-%D9%88%DB%8C%DA%98%DA%AF%DB%8C-%D9%87%D8%A7-%D8%AD%D9%84%D8%A7%D9%84%DB%8C%D8%AA-%D8%A8%D8%A7%D9%84%D8%A7-%D9%82%D8%A7%D8%A8%D9%84%DB%8C%D8%AA-%D8%A7%D8%B3%D8%AA%D9%81%D8%A7%D8%AF%D9%87-%D8%AF%D8%B1-%D8%B3%DB%8C%D8%B3%D8%AA%D9%85-%D9%87%D8%A7%DB%8C-%D9%85%D8%AD%D9%84%D9%88%D9%84-%D9%BE%D8%A7%D8%B4%DB%8C-%D9%88-%D8%A7%D8%A8%DB%8C%D8%A7%D8%B1%DB%8C-%D9%85%D9%86%D8%A7%D8%B3%D8%A8-%D8%A8%D8%B1%D8%A7%DB%8C-%D8%A7%D9%86%D9%88%D8%A7%D8%B9-%D9%85%D8%B1%D8%A7%D8%AD%D9%84-%D8%B1%D8%B4%D8%AF-%DA%AF%DB%8C%D8%A7%D9%87/,مشخصات کلی کود ۳۶-۱۲-۱۲ فالکون – حجم ۲.۵ کیلوگرم نام محصول: کود ۳۶-۱۲-۱۲ فالکونحجم / وزن: 100 گرمنوع محصول: کود پودری محلول در آبترکیب اصلی: نیتروژن (۳۶٪)، فسفر (۱۲٪)، پتاسیم (۱۲٪)ویژگی‌ها: حلالیت بالا، قابلیت استفاده در سیستم‌های محلول‌پاشی و آبیاری، مناسب برای انواع مراحل رشد گیاه,,65000,13000.0,5,,True,2025-07-22 16:48:21,2025-07-22 16:48:21
https://torob.com/p/58c8217e-bd7f-4a3b-acb0-2d352d58f7c8/%D8%A8%D8%B3%D8%AA%D9%87-%D9%85%D9%88%D8%B4-%DA%A9%D8%B4-%D9%87%D8%A7%DB%8C-%D8%B6%D8%AF-%D8%A7%D8%A8-%D9%87%D9%84%D8%A7%DA%A9/,بسته موش‌ کش‌ های ضد آب هلاک,,186592,nan,,,True,2025-07-22 16:48:22,2025-07-27 16:56:30
https://torob.com/p/ad521e8a-3b63-47c0-a824-3fa493a28344/%DA%A9%D9%88%D8%AF-%D8%A7%D9%88%D8%B1%D9%87-%D9%81%D8%B3%D9%81%D8%A7%D8%AA-nutrivest/,کود اوره فسفات NUTRIVEST,,2150000,nan,,,True,2025-07-22 16:48:22,2025-07-27 17:00:46
https://torob.com/p/0291231e-9cd6-4efa-88ea-fc37ada041b5/%D8%AA%DB%8C%D9%88%D8%B3%D9%88%D9%84%D9%81%D8%A7%D8%AA-%D9%BE%D8%AA%D8%A7%D8%B3%DB%8C%D9%85-%D9%81%D8%A7%D8%B1%D9%87%D8%A7%D9%85/,تیوسولفات پتاسیم فارهام,,5200000,nan,,,True,2025-07-22 16:48:23,2025-07-27 16:57:52
https://torob.com/p/97d7bd71-aeab-4d9a-99d7-f76dd9c0dff3/%DA%A9%D9%88%D8%AF-%D9%85%D9%88%D9%84%D8%AA%DB%8C-%DA%A9%D9%85%D9%BE%D9%84%DA%A9%D8%B3-%D9%85%D8%A7%DB%8C%D8%B9-%D8%B4%D9%88%DA%A9/,کود مولتی کمپلکس مایع شوک,,2800000,nan,,,True,2025-07-22 16:48:23,2025-07-27 17:04:00
https://torob.com/p/b9da0b4c-2446-4d26-add3-8fef44930003/%D9%BE%DB%8C%D8%AA-%D9%85%D8%A7%D8%B3-70-%D8%AF%D8%B1%D8%B5%D8%AF-%D8%A8%D9%84%DA%A9-%DA%AF%D8%B1%D8%A7%D9%85%D9%88%D9%81%D9%84%D9%88%D8%B1-%D8%A7%D9%84%D9%85%D8%A7%D9%86/,پیت ماس 70 درصد بلک گراموفلور آلمان,,2200000,nan,,,True,2025-07-22 16:48:24,2025-07-27 16:57:18
https://torob.com/p/b6696d06-56cb-45cb-a17c-c87936d61a4a/%DA%A9%D9%88%D8%AF-%D8%AC%D9%84%D8%A8%DA%A9-%D9%87%DB%8C%D9%88%D9%85%DB%8C%DA%A9-%D8%B1%D9%88%DB%8C%D8%B4-%D8%B3%D8%A8%D8%B2/,کود جلبک هیومیک رویش سبز,,95000,nan,,,True,2025-07-22 16:48:24,2025-07-27 16:57:20
https://torob.com/p/fe91be87-4061-46fd-bd0a-89a06e06aba2/%DA%A9%D9%88%D8%AF-%D8%B2%D8%B1-%DA%AF%D8%B1%DB%8C%D9%86-20-%D9%84%DB%8C%D8%AA%D8%B1%DB%8C/,کود زر گرین 20 لیتری,,620000,31000.0,20,,True,2025-07-22 16:48:25,2025-07-27 16:55:52
https://torob.com/p/0b66eed9-fabb-454d-8883-a851095a4705/%DA%A9%D9%88%D8%AF-%DA%A9%D8%A7%D9%85%D9%84-%D8%A8%D8%A7%D9%88%D8%A7%D8%B1%DB%8C%D8%A7-%D9%85%D8%AF%D9%84-20-6-19-%D9%88%D8%B2%D9%86-15-%DA%A9%DB%8C%D9%84%D9%88%DA%AF%D8%B1%D9%85/,کود کامل باواریا مدل 20-6-19 وزن 15 کیلوگرم,,5450000,363333.3333333333,15,,True,2025-07-22 16:48:25,2025-07-27 17:09:40
https://torob.com/p/93dac400-2059-4096-a5d8-4d4d149e6bdd/%DA%A9%D9%88%D8%AF-%D9%86%DB%8C%D8%AA%D8%B1%D8%A7%D8%AA-%DA%A9%D9%84%D8%B3%DB%8C%D9%85-%DB%8C%D9%88%D8%B1%D9%88%D8%B3%D8%A7%D9%84%DB%8C%D8%AF%D8%B2/,کود نیترات کلسیم یوروسالیدز,,4375000,nan,,,True,2025-07-22 16:48:26,2025-07-27 16:52:26
https://torob.com/p/6a68d27f-81d9-4111-92c0-4dd942596765/%DA%A9%D9%88%D8%AF-%D9%85%D8%AD%D8%B1%DA%A9-%D8%B1%D8%B4%D8%AF-%DA%AF%DB%8C%D8%A7%D9%87%D8%A7%D9%86-20-%D9%84%DB%8C%D8%AA%D8%B1%DB%8C/,کود محرک رشد گیاهان 20 لیتری,,5480000,274000.0,20,,True,2025-07-22 16:48:26,2025-07-22 16:48:26
https://torob.com/p/536850fd-f75f-4fc3-a566-a7e74135f871/%DA%A9%D9%88%D8%AF-%D9%85%D8%A7%D9%87%DB%8C-%D9%88-%D8%AC%D9%84%D8%A8%DA%A9-%DA%A9%D8%A7%D8%B3%D9%BE%DB%8C%D9%86/,کود ماهی و جلبک کاسپین,,1700000,nan,,,True,2025-07-22 16:48:27,2025-07-27 16:56:13
https://torob.com/p/bff4122b-390f-4965-a46a-0389c33359c0/%D8%B3%D9%85-%D8%AD%D8%B4%D8%B1%D9%87-%DA%A9%D8%B4-%D9%85%D8%A7%D8%AA%D8%B1%DB%8C%D9%86-%D8%B1%D9%88%DB%8C-%D8%A7%DA%AF%D8%B1%D9%88-6%D8%AF%D8%B1%D8%B5%D8%AF-100-%D8%B3%DB%8C-%D8%B3%DB%8C/,سم حشره کش ماترین (روی اگرو) 6درصد 100 سی سی,,175000,nan,,,True,2025-07-22 16:48:27,2025-07-27 17:01:53
https://torob.com/p/dd49a312-164d-419b-8166-5e3761d25539/%DA%A9%D9%88%D8%AF-%D8%B3%D9%87-%D8%A8%DB%8C%D8%B3%D8%AA-%D8%A7%D9%BE%DA%A9%D8%B3-%D8%A7%D8%B3%D9%BE%D8%A7%D9%86%DB%8C%D8%A7-%D9%BE%D8%B1-%D9%87%D8%A7%D9%85-10-%DA%A9%DB%8C%D9%84%D9%88%DB%8C%DB%8C/,کود سه بیست اپکس اسپانیا پر هام 10 کیلویی,,2000000,200000.0,10,,True,2025-07-22 16:48:28,2025-07-27 17:04:38
https://torob.com/p/4e8ffbe7-1c11-4565-8c87-e1707617c436/%DA%A9%D9%88%D8%AF-%D9%85%D8%B1%D8%BA%DB%8C-%D9%85%D8%A7%DB%8C%D8%B9-%D8%B1%D8%B3%D8%AA%D8%A7%D9%86-5-%D9%88-20-%D9%84%DB%8C%D8%AA%D8%B1%DB%8C-%D8%A7%D8%B1%D8%B3%D8%A7%D9%84-%D9%81%D9%88%D8%B1%DB%8C/,کود مرغی مایع رستان 5 و 20 لیتری | ارسال فوری,,950000,47500.0,20,,True,2025-07-22 16:48:28,2025-07-27 16:55:40
https://torob.com/p/2c86295e-3e35-4b9d-b0b2-456d7632f862/%D9%82%D8%A7%D8%B1%DA%86-%DA%A9%D8%B4-%D8%A7%DB%8C%D9%86%D9%81%DB%8C%D9%86%D8%AA%D9%88-%D8%A8%D8%A7%DB%8C%D8%B1-%D8%A7%D9%84%D9%85%D8%A7%D9%86/,قارچ کش اینفینتو بایر المان,,1397000,nan,,,True,2025-07-22 16:48:29,2025-07-27 16:54:48
https://torob.com/p/5cb4890a-b593-4488-8072-96d42068c58a/%D8%A7%D8%B3%DB%8C%D9%84-c6%2B/,اسیل c6+,,460000,nan,,,True,2025-07-22 16:48:29,2025-07-27 17:00:31
https://torob.com/p/2d086182-daeb-4b8a-9a83-8e7b3f6de41e/%D8%A7%DB%8C%D9%86%D8%AF%D9%88%DA%A9%D8%B3%D8%A7%DA%A9%D8%A7%D8%B1%D8%A8-%D8%A7%D9%88%D8%A7%D9%86%D8%AA-%DA%86%DB%8C%D9%86%DB%8C-%D9%85%D9%87%D8%A7%D9%86/,ایندوکساکارب (آوانت) چینی مهان,,890000,nan,,,True,2025-07-22 16:48:30,2025-07-27 17:04:44
https://torob.com/p/90aff47b-518a-462a-9fed-fab34f5322b1/%DA%A9%D9%88%D8%AF-%D8%B3%D9%88%D9%84%D9%81%D8%A7%D8%AA-%D9%BE%D8%AA%D8%A7%D8%B3%DB%8C%D9%85-%D8%A7%DA%AF%D8%B1%D9%88%D9%84%D8%A7%DB%8C%D9%88/,کود سولفات پتاسیم اگرولایو,,1233000,nan,,,True,2025-07-22 16:48:30,2025-07-27 17:04:11
https://torob.com/p/34d17941-242e-4c67-8e74-4d29a5230e98/%DA%A9%D9%88%D8%AF-%D9%85%D8%AD%D8%B1%DA%A9-%D8%B1%D8%B4%D8%AF-%DA%AF%DB%8C%D8%A7%D9%87%D8%A7%D9%86-%D8%A7%D9%BE%D8%A7%D8%B1%D8%AA%D9%85%D8%A7%D9%86%DB%8C-120ml/,کود محرک رشد گیاهان آپارتمانی ۱۲۰ml,,92000,nan,,,True,2025-07-22 16:48:31,2025-07-27 17:15:44
https://torob.com/p/937d3fc5-7869-44ba-848d-1ccb3ad9c0d7/%DA%A9%D9%88%D8%AF-%DA%A9%D8%A7%D9%85%D9%84-npk-10-52-10-%D9%88%D9%BE%D8%B1%D9%88%D9%81%D8%B1%D8%AA-2-10-%D9%88-25-%DA%A9%DB%8C%D9%84%D9%88%DB%8C%DB%8C/,کود کامل (NPK) ۱۰-۵۲-۱۰ وپروفرت ۲، ۱۰ و ۲۵ کیلویی,,3870000,154800.0,25,,True,2025-07-22 16:48:32,2025-07-27 16:55:45
https://torob.com/p/c4519883-6e88-468c-9ce0-7aa7019206eb/%D8%A7%D9%86%D9%88%DB%8C%D8%AF%D9%88%D8%B1-%D8%AD%D8%B4%D8%B1%D9%87-%DA%A9%D8%B4-%D9%88-%DA%A9%D9%86%D9%87-%DA%A9%D8%B4-%D8%A7%D8%B3%D9%BE%DB%8C%D8%B1%D9%88%D8%AF%DB%8C%DA%A9%D9%84%D9%88%D9%81%D9%86-24-%D8%A7%D8%B3-%D8%B3%DB%8C-%D8%A8%D9%87%D8%A7%D9%88%D8%B1-%D8%B4%DB%8C%D9%85%DB%8C-250-%D8%B3%DB%8C-%D8%B3%DB%8C/,انویدور حشره‌ کش و کنه‌ کش اسپیرودیکلوفن 24% اس سی بهاور شیمی 250 سی سی,,230000,nan,,,True,2025-07-22 16:48:32,2025-07-27 16:55:39
https://torob.com/p/a6c773c9-dfe1-4bf1-a501-fa4ea4d63adf/%D8%A8%D8%B0%D8%B1-%D8%AA%D8%AE%D9%85-%D8%AE%DB%8C%D8%A7%D8%B1-%D8%A8%D9%88%D8%AA%D9%87-%D8%A7%DB%8C/,بذر تخم خیار بوته ای,,13500,nan,,,True,2025-07-22 16:48:33,2025-07-22 16:48:33
https://torob.com/p/f6c73910-2a93-4faa-ac34-249d634b10b4/%D8%AC%D9%84%D8%A8%DA%A9-%D8%AF%D8%B1%DB%8C%D8%A7%DB%8C%DB%8C-%D9%BE%D8%B1%D9%88%D9%84%DB%8C%DA%A9%D8%B3/,جلبک دریایی پرولیکس,,170000,nan,,,True,2025-07-22 16:48:33,2025-07-27 16:58:30
https://torob.com/p/9fafa129-09d8-4853-aebf-cd660f246dc7/%D9%86%DB%8C%D8%AA%D8%B1%D8%A7%D8%AA-%DA%A9%D9%84%D8%B3%DB%8C%D9%85-%D8%A7%DB%8C%D8%B1%D8%A7%D9%85%D9%88%D9%86/,نیترات کلسیم ایرامون,,1428000,nan,,,True,2025-07-22 16:48:34,2025-07-27 17:03:07
https://torob.com/p/13655fbc-3d82-42bd-97e2-e2b8c7f72de8/%DA%A9%D9%88%D8%AF-%D8%B3%DB%8C%D9%84%DB%8C%D8%B3-%D9%BE%D8%AA%D8%A7%D8%B3-%DB%8C%DA%A9-%D8%B2%DB%8C%D8%B3%D8%AA-%D9%81%D9%86%D8%A7%D9%88%D8%B1-%D8%B3%D8%A8%D8%B2/,کود سیلیس پتاس یک زیست فناور سبز,,297500,nan,,,True,2025-07-22 16:48:34,2025-07-27 16:56:07
https://torob.com/p/10b9d9a9-9487-4f36-8a29-ee0d35c8a2d0/%D8%B3%D9%85-%D9%82%D8%A7%D8%B1%DA%86-%DA%A9%D8%B4-%D9%81%D9%88%D8%B1%D8%AA%D9%88%D9%86%D8%A7-%D9%85%D8%A7%D9%86%DA%A9%D9%88%D8%B2%D8%A8-%D8%A8%D9%84%D8%BA%D8%A7%D8%B1%DB%8C-%D9%BE%D9%88%D8%AF%D8%B1%DB%8C-%D8%AF%D9%84%D8%AA%D8%A7-%D9%BE%D8%A7%D8%B1%D8%B3-%D9%86%D9%87%D8%A7%D8%AF%D9%87-1-%DA%A9%DB%8C%D9%84%D9%88%DA%AF%D8%B1%D9%85-%D9%BE%D8%A7%DA%A9%D8%AA/,سم قارچ کش فورتونا مانکوزب بلغاری پودری دلتا پارس نهاده 1 کیلوگرم پاکت,,765000,765000.0,1,,True,2025-07-22 16:48:35,2025-07-27 16:59:09
https://torob.com/p/6970c8cd-ee8f-43c0-8920-2faba6414edf/%DA%AF%D9%84%D8%A7%DB%8C%D9%81%D9%88%D8%B2%DB%8C%D8%AA-%D8%B1%D8%A7%D9%86%D8%AF%D8%A7%D9%BE-%D8%A8%D9%87%D8%A7%D9%88%D8%B1%D8%B4%DB%8C%D9%85%DB%8C-1-%D9%84%DB%8C%D8%AA%D8%B1%DB%8C/,گلایفوزیت (رانداپ) بهاورشیمی 1 لیتری,,495000,495000.0,1,,True,2025-07-22 16:48:35,2025-07-27 17:04:47
https://torob.com/p/157433e4-131f-4ba2-bcd2-2642e32ca535/%D8%AE%D8%B1%DB%8C%D8%AF-%DA%A9%D9%88%D8%AF-%DA%AF%D9%88%DA%AF%D8%B1%D8%AF-%D9%85%D8%A7%DB%8C%D8%B9-%D8%B4%D9%88%DA%A9/,خرید کود گوگرد مایع شوک,,3850000,nan,,,True,2025-07-22 16:48:36,2025-07-27 17:01:38
https://torob.com/p/77daae98-ff61-4a9e-98db-e95a94abf178/%DA%A9%D9%88%D8%AF-%D9%81%D8%B3%D9%81%D8%B1-%D8%A8%D8%A7%D9%84%D8%A7-%D8%B4%D9%88%DA%A9-10-52-10-%D8%B4%D9%88%DA%A9/,کود فسفر بالا شوک 10-52-10 شوک,,3500000,nan,,,True,2025-07-22 16:48:36,2025-07-27 17:03:56
https://torob.com/p/37ccc989-121a-4e0d-a5b3-59b919fee0ed/%D8%B9%D9%84%D9%81%DA%A9%D8%B4-%D8%A8%D9%88%D8%AA%DB%8C%D8%B2%D8%A7%D9%86-%D8%A7%D8%B3%D8%AA%D8%A7%D8%B1-5-%D9%84%DB%8C%D8%AA%D8%B1%DB%8C-basf-%D8%A7%D9%84%D9%85%D8%A7%D9%86-2020-%D8%AF%D9%88%D9%85%D9%86%D8%B8%D9%88%D8%B1%D9%87-%D8%AC%D9%87%D8%AA-%D8%B9%D9%84%D9%81%D9%87%D8%A7%DB%8C-%D9%BE%D9%87%D9%86-%D9%88-%D8%A8%D8%A7%D8%B1%DB%8C%DA%A9-%DA%A9%D9%84%D8%B2%D8%A7/,علفکش بوتیزان استار 5 لیتری BASF المان 2020 دومنظوره جهت علفهای پهن و باریک کلزا,,9000000,1800000.0,5,,True,2025-07-22 16:48:37,2025-07-27 16:56:57
https://torob.com/p/31bdb734-3d70-43ed-9407-897035ff6939/%DA%A9%D9%88%D8%AF-%D8%B3%D9%88%D9%84%D9%81%D8%A7%D8%AA-%D9%BE%D8%AA%D8%A7%D8%B3%DB%8C%D9%85-%DA%A9%D9%86%D8%AC%D8%A7%D9%84%D9%87-%D8%B3%D8%A7%D8%B2-10-%DA%A9%DB%8C%D9%84%D9%88-%DA%AF%D8%B1%D9%85%DB%8C/,کود سولفات پتاسیم کنجاله ساز ۱۰ کیلو گرمی,,950000,95000.0,10,,True,2025-07-22 16:48:37,2025-07-27 16:54:55
https://torob.com/p/fc40ef91-32d3-47d3-8433-950fbc296222/%D9%BE%DB%8C%D8%AA-%D9%85%D8%A7%D8%B3-%DA%AF%DB%8C%D9%84%D8%AF%D8%A7-%D9%85%D8%AF%D9%84-%D8%A7%D8%B3%D9%81%D8%A7%DA%AF%D9%86%D9%88%D9%85-%DA%A9%D8%AF-gpm04-%D8%AD%D8%AC%D9%85-2-%D9%84%DB%8C%D8%AA%D8%B1/,پیت ماس گیلدا مدل اسفاگنوم کد GPM04 حجم 2 لیتر,,145000,72500.0,2,,True,2025-07-22 16:48:38,2025-07-22 16:48:38
https://torob.com/p/38daf672-9c9e-43f3-bd11-82929470caf2/%DA%A9%D8%A7%D8%AA-%DA%A9%D8%A8%D9%88%D8%AF-%D8%B3%D9%88%D9%84%D9%81%D8%A7%D8%AA-%D9%85%D8%B3-5-%DA%A9%DB%8C%D9%84%D9%88-%DA%AF%D8%B1%D9%85/,کات کبود (سولفات مس)5 کیلو گرم,,1235000,247000.0,5,,True,2025-07-22 16:48:38,2025-07-27 16:56:28
https://torob.com/p/82c02c9c-8512-4fc8-a1a0-4cb4f0f89a69/%DA%A9%D9%88%D8%AF-%D9%87%DB%8C%D9%88%D9%85%DB%8C%DA%A9-%D8%A7%D8%B3%DB%8C%D8%AF-%D8%AA%D8%B1%DB%8C%DA%A9%D9%88%D9%87%DB%8C%D9%88%D9%85-%D8%B3%D8%A8%D8%B2-%DA%A9%D8%A7%D9%88%D8%B4%D8%A7%D9%86/,کود هیومیک اسید تریکوهیوم سبز کاوشان,,617000,nan,,,True,2025-07-22 16:48:39,2025-07-27 17:00:17
https://torob.com/p/ee701596-ae2f-466d-bbe9-7194b02cd77c/%D8%A7%D9%84%D8%AA%D8%A7%DA%A9%D9%88%D8%B1-%DA%A9%D9%84%D8%B1%D9%88%D9%84-%D8%A7%DA%A9%D8%B3%D8%AA%D8%B1%D8%A7/,آلتاکور(کلرول اکسترا),,600000,nan,,,True,2025-07-22 16:48:40,2025-07-22 16:48:40
https://torob.com/p/46973e07-a062-4251-9eac-9fd0345e6115/%DA%A9%D9%88%D8%AF-%D8%A7%D9%87%D9%86-%D9%85%D8%A7%DB%8C%D8%B9-%D8%A7%D9%85%DA%A9%D8%B3-%D8%A7%D9%86%DA%AF%D9%84%D8%B3%D8%AA%D8%A7%D9%86/,کود آهن مایع امکس انگلستان,,1099000,nan,,,True,2025-07-22 16:48:40,2025-07-27 17:00:53
https://torob.com/p/a01ecea3-d59c-49d7-b720-294440b45c68/%D8%AE%D8%A7%DA%A9-%D8%B1%D8%B3-%D8%B3%D9%81%DB%8C%D8%AF-%D9%BE%D9%88%D8%B3%D8%AA-%D8%AE%D8%B4%DA%A9/,خاک رس سفید (پوست خشک),,110000,nan,,,True,2025-07-22 16:48:41,2025-07-27 17:03:10
https://torob.com/p/5af56aec-85e5-4623-b186-4d6e33c082de/%DA%A9%D9%88%D8%AF-%D9%85%D8%A7%DB%8C%D8%B9-%D8%AA%D9%82%D9%88%DB%8C%D8%AA%DB%8C-%DA%AF%DB%8C%D8%A7%D9%87%D8%A7%D9%86-%D8%A7%D9%BE%D8%A7%D8%B1%D8%AA%D9%85%D8%A7%D9%86%DB%8C-%D8%A8%D8%B1%D9%86%D8%AF-%D9%88%D8%A7%DA%AF%D8%B1%D9%88%DA%A9%D8%B3%DB%8C%D8%B1-%D9%85%D8%AF%D9%84-%D8%A8%D9%85%D8%A8-%D8%B1%DB%8C%D8%B4%D9%87-%D8%B2%D8%A7/,کود مایع تقویتی گیاهان آپارتمانی برند واگروکسیر مدل بمب ریشه زا,,135000,nan,,,True,2025-07-22 16:48:41,2025-07-27 17:02:55
https://torob.com/p/721ea8a7-4523-4c11-83af-ac9adc057629/%DA%A9%D9%88%D8%AF-%D9%87%DB%8C%D9%88%D9%85%DB%8C%DA%A9-%D8%A7%D8%B3%DB%8C%D8%AF-%D8%A7%D9%88%D8%A7-%D9%81%D8%B1%D8%A7%DB%8C%D9%86%D8%AF-%D9%88%D8%B2%D9%86-10-%DA%A9%DB%8C%D9%84%D9%88%DA%AF%D8%B1%D9%85/,کود هیومیک اسید آوا فرایند وزن 10 کیلوگرم,,1900000,190000.0,10,,True,2025-07-22 16:48:42,2025-07-27 17:05:28
https://torob.com/p/a2e654e4-56b9-4ad3-b14b-76a3664534ff/%DA%A9%D9%88%D8%AF-%D9%BE%D8%AA%D8%A7%D8%B3-%D8%A8%D8%A7%D9%84%D8%A7-36-12-12-300%DA%AF%D8%B1%D9%85%DB%8C-%D8%A7%DA%AF%D9%86%D8%B3/,کود پتاس بالا 36-12-12 300گرمی آگنس,,165000,nan,,,True,2025-07-22 16:48:42,2025-07-27 16:59:10
https://torob.com/p/74da8459-8a99-4a5a-810a-a54ae350ac8a/%D9%87%D9%88%D8%B1%D9%85%D9%88%D9%86-%D8%B1%DB%8C%D8%B4%D9%87-%D8%B2%D8%A7%DB%8C%DB%8C-0-8-%D8%B1%D8%A7%DB%8C%D8%B2%D9%88%D9%BE%D9%88%D9%86-%D9%87%D9%84%D9%86%D8%AF/,هورمون ریشه زایی 0/8% رایزوپون هلند,,58000,nan,,,True,2025-07-22 16:48:43,2025-07-27 16:59:33
https://torob.com/p/8b2da414-a0a8-47fa-b278-dac050972d22/%DA%A9%D9%88%D8%AF-%DA%AF%D8%B1%D8%A7%D9%86%D9%88%D9%84-%DA%AF%D9%88%DA%AF%D8%B1%D8%AF-%D8%B3%D9%BE%D8%A7%D9%87%D8%A7%D9%86/,کود گرانول گوگرد سپاهان,,640000,nan,,,True,2025-07-22 16:48:43,2025-07-27 16:55:48
https://torob.com/p/70b51b75-f13f-4d0c-b290-b864cda91a1e/%D9%81%D8%B3%D9%81%DB%8C%D8%AA-%D9%BE%D8%AA%D8%A7%D8%B3%DB%8C%D9%85-%D8%B2%D8%A7%DB%8C%D8%B2-1-%D9%84%DB%8C%D8%AA%D8%B1%DB%8C/,فسفیت پتاسیم زایز 1 لیتری,,1411000,1411000.0,1,,True,2025-07-22 16:48:44,2025-07-22 16:48:44
https://torob.com/p/2e537728-8f7d-441d-a175-7989f69f210b/%D8%A8%D8%A7%DB%8C%D9%88-%DB%8C%D8%A7%D9%85-%DA%A9%D9%88%D8%AF-%D8%A7%D9%84%DB%8C-%DA%A9%D9%85%D9%BE%D9%88%D8%B3%D8%AA-%D8%B3%D9%84%D9%88%D9%84%D9%88%D8%B2%DB%8C-%D9%81%D9%84%D9%87-%D8%A8%D8%A7-%D8%A8%D8%A7%D9%81%D8%AA-%D8%B3%D9%84%D9%88%D9%84%D9%88%D8%B2%DB%8C-%D9%88-%D9%85%D8%B4%D8%AA%D9%82%D8%A7%D8%AA-%D9%88%D8%B1%D9%85%DB%8C-%DA%A9%D9%85%D9%BE%D9%88%D8%B3%D8%AA/,بایو یام / کود آلی / کمپوست سلولوزی (فله) - با بافت سلولوزی و مشتقات ورمی کمپوست,,2820000,nan,,,True,2025-07-22 16:48:44,2025-07-27 16:53:01
https://torob.com/p/47bdc800-87c3-457d-b760-9ffd21ccdbaf/%D8%AE%D8%A7%DA%A9-%DA%AF%D9%84%D8%AF%D8%A7%D9%86-%D8%A8%D8%A7%D8%BA%D8%A8%D8%A7%D9%86-20-%D9%84%DB%8C%D8%AA%D8%B1/,خاک گلدان باغبان 20 لیتر,,140000,7000.0,20,,True,2025-07-22 16:48:45,2025-07-27 16:51:59
https://torob.com/p/2a752d7c-4d26-4a64-93d7-a1804a74f460/%D8%B1%D9%88%D8%BA%D9%86-%D9%88%D9%84%DA%A9-%D8%B1%D9%88%D8%BA%D9%86-%D8%A7%D9%85%D9%88%D9%84%D8%B3%DB%8C%D9%88%D9%86-%D8%B4%D9%88%D9%86%D8%AF%D9%87-%DA%A9%D8%A7%D9%88%D8%B4-%DA%A9%DB%8C%D9%85%DB%8C%D8%A7-%DA%A9%D8%B1%D9%85%D8%A7%D9%86-%DA%AF%D8%A7%D9%84%D9%86-10-%D9%84%DB%8C%D8%AA%D8%B1%DB%8C/,روغن ولک (روغن امولسیون شونده) کاوش کیمیا کرمان گالن 10 لیتری,,880000,88000.0,10,,True,2025-07-22 16:48:45,2025-07-27 16:55:37
https://torob.com/p/5b0981c9-9788-4847-bd80-0cf56fb0d70e/%D8%B3%DB%8C%D9%84%DB%8C%DA%A9%D8%A7-%D8%A7%D8%B1%D9%85%D8%A7%D9%86-%D8%B3%D8%A8%D8%B2/,سیلیکا آرمان سبز,,161700,nan,,,True,2025-07-22 16:48:46,2025-07-27 17:09:46
https://torob.com/p/cf8d85f1-b929-4abb-88a5-041d611e46a1/%DA%A9%D9%88%D8%AF-%D8%AA%D9%82%D9%88%DB%8C%D8%AA-%D8%B1%DB%8C%D8%B4%D9%87-%DA%AF%D9%84-%D9%88-%D8%A7%D9%81%D8%B2%D8%A7%DB%8C%D8%B4-%D8%AD%D8%AC%D9%85-%D9%88-%D9%88%D8%B2%D9%86-%D9%85%D8%AD%D8%B5%D9%88%D9%84-%D9%85%D9%88%D9%86%D9%88-%D9%BE%D8%AA%D8%A7%D8%B3%DB%8C%D9%85-%D9%81%D8%B3%D9%81%D8%A7%D8%AA-%D9%88%D9%BE%D8%B1%D9%88%D9%81%D8%B1%D8%AA-%D9%87%D9%84%D9%86%D8%AF-2-%DA%A9%DB%8C%D9%84%D9%88%DB%8C%DB%8C/,کود تقویت ریشه، گل و افزایش حجم و وزن محصول، مونو پتاسیم فسفات وپروفرت هلند ۲ کیلویی,,825000,412500.0,2,,True,2025-07-22 16:48:47,2025-07-27 16:53:54
https://torob.com/p/154926ff-9368-49b2-87b2-4ad94a3c1dec/%DA%A9%D9%88%D8%AF-%D8%A7%D9%84%DB%8C-%D8%A7%D9%88%D8%B1%D9%87-%D9%81%D8%B3%D9%81%D8%A7%D8%AA-np-%DA%A9%DB%8C%D9%84%DB%8C%D8%AA%D8%B1%DB%8C%D9%86-1-%D9%84%DB%8C%D8%AA%D8%B1%DB%8C-20/,کود آلی اوره فسفات (NP) کیلیترین 1 لیتری - 20,,13000000,13000000.0,1,,True,2025-07-22 16:48:47,2025-07-27 16:58:54
https://torob.com/p/52ff7130-befa-4f81-8362-6a292687511a/%D8%B3%D9%85-%DA%A9%D8%A7%D8%B1%D8%A8%D8%A7%D8%B1%DB%8C%D9%84-%DB%8C%D8%A7-%D8%B3%D9%88%DB%8C%D9%86-1-%DA%A9%DB%8C%D9%84%D9%88%DB%8C%DB%8C-%D9%85%D8%B2%D8%B1%D8%B9%D9%87/,سم کارباریل یا سوین 1 کیلویی مزرعه,,600000,600000.0,1,,True,2025-07-22 16:48:48,2025-07-27 17:11:25
https://torob.com/p/98e03e7c-886e-4b1f-a0ed-ac1778950a47/%D9%BE%D8%B1%DB%8C%D9%86%D9%88%D8%A7-%DA%A9%D9%88%D8%AF-%D9%85%D8%A7%DB%8C%D8%B9-%D8%A7%D9%88%D8%B1%D9%87-%D9%81%D8%B3%D9%81%D8%A7%D8%AA-0-28-12/,پرینوا کود مایع اوره فسفات 0-28-12,,2288000,nan,,,True,2025-07-22 16:48:48,2025-07-27 17:02:33
https://torob.com/p/8040e8d9-f110-4c16-91a3-a886b9c7eea2/%D9%BE%DA%A9-%D8%B3%D9%87-%D8%AA%D8%A7%DB%8C%DB%8C-%DA%A9%D8%A7%D9%85%D9%84-%D9%82%D8%B1%D8%B5-%DA%A9%D9%88%D8%AF-%DA%AF%DB%8C%D8%A7%D9%87%D8%A7%D9%86-%D8%A7%D9%BE%D8%A7%D8%B1%D8%AA%D9%85%D8%A7%D9%86%DB%8C-%D9%88%D8%A7%DA%AF%D8%B1%D9%88%DA%A9%D8%B3%DB%8C%D8%B1/,پک سه تایی کامل قرص کود گیاهان آپارتمانی واگروکسیر,,750000,nan,,,True,2025-07-22 16:48:49,2025-07-27 17:15:31
https://torob.com/p/e349ddcf-f241-4a39-b376-bfc2ec778095/%DA%A9%D9%88%D8%AF-%D8%A8%D8%B1-%D8%A7%D8%AA%D8%A7%D9%86%D9%88%D9%84-%D8%A7%D9%85%DB%8C%D9%86-%D8%A7%DA%AF%D8%B1%D9%88%D9%81%D8%B1-%DA%AF%D8%A7%D9%84%D9%86-20-%D9%84%DB%8C%D8%AA%D8%B1%DB%8C/,کود بر اتانول آمین آگروفر(گالن ۲۰ لیتری),,5250000,262500.0,20,,True,2025-07-22 16:48:49,2025-07-27 17:02:17
https://torob.com/p/3af081e9-6ad9-4b4c-af7c-db7dea61a9f0/%DA%A9%D9%88%D8%AF-%DA%A9%D8%A7%D9%85%D9%84-%D9%81%D8%B3%D9%81%D8%B1-%D8%A8%D8%A7%D9%84%D8%A7-10-52-10-%D9%88%D9%BE%D8%B1%D9%88%D9%81%D8%B1%D8%AA-%D9%87%D9%84%D9%86%D8%AF/,کود کامل فسفر بالا 10-52-10 وپروفرت هلند,,400000,nan,,,True,2025-07-22 16:48:50,2025-07-27 17:01:01
https://torob.com/p/1e8614fa-6058-47f6-a926-8dd6cb374330/%DA%A9%D9%84%D8%A7%D8%AA-%D8%A7%D9%87%D9%86-%D8%A8%D8%A7%D9%88%D8%A7%D8%B1%DB%8C%D8%A7-%D8%A7%D9%88%D8%B1%D8%AA%D9%88%D8%A7%D9%88%D8%B1%D8%AA%D9%884-8/,کلات آهن باواریا اورتواورتو۴/۸,,1285000,nan,,,True,2025-07-22 16:48:50,2025-07-27 17:08:37
https://torob.com/p/3f7eaa9b-0941-47bc-b947-f617bbac8679/%D8%AE%D8%B1%DB%8C%D8%AF-%DA%A9%D9%88%D8%AF-%D9%BE%D8%AA%D8%A7%D8%B3-95-%D8%B4%D9%88%DA%A9/,خرید کود پتاس 95% شوک,,4800000,nan,,,True,2025-07-22 16:48:51,2025-07-27 16:57:12
https://torob.com/p/1582bcfb-d767-45dd-9662-65a00af96128/%DA%AF%D8%A7%D8%A8%D8%B1%DB%8C-%DA%AF%D9%84%D8%AF%D9%86-%D9%BE%D9%84%DB%8C%D8%AA-%DA%A9%D9%88%D8%AF-%D9%85%D8%B1%D8%BA%DB%8C-%D8%BA%D9%86%DB%8C-%D8%B4%D8%AF%D9%87-25%DA%A9%DB%8C%D9%84%D9%88%DB%8C%DB%8C/,گابری گلدن(پلیت کود مرغی غنی شده)25کیلویی,,3970000,158800.0,25,,True,2025-07-22 16:48:51,2025-07-27 17:01:56
https://torob.com/p/77ebb2e0-009e-4c55-8c9d-df40f15fb0cd/%D8%A7%D8%A8%D8%A7%D9%85%DA%A9%D8%AA%DB%8C%D9%86/,آبامکتین,,400000,nan,,,True,2025-07-22 16:48:52,2025-07-27 16:55:13
https://torob.com/p/27242306-366f-4e82-8a6a-7b020e9aa818/%DA%A9%D9%88%D8%AF-%D8%B1%DB%8C%D8%B4%D9%87-%D8%B2%D8%A7%DB%8C%DB%8C-10-52-10-%D8%AA%DB%8C%D8%B3%D9%84%D8%A7/,کود ریشه زایی 10-52-10 تیسلا,,38500,nan,,,True,2025-07-22 16:48:53,2025-07-22 16:48:53
https://torob.com/p/192f5acc-240e-49d2-8e1e-4885733f5158/%DA%A9%D9%88%D8%AF-%D9%BE%D9%88%D8%AF%D8%B1%DB%8C-%D9%85%DB%8C%DA%A9%D8%B1%D9%88-%D8%B1%DB%8C%D8%B2-%D9%85%D8%BA%D8%B0%DB%8C-80-%DA%AF%D8%B1%D9%85-%D9%BE%D8%B1%D9%88%D8%AA%DA%A9%D8%AA-%D9%86%DB%8C%DA%86%D8%B1/,کود پودری میکرو (ریز مغذی) 80 گرم پروتکت نیچر,,119000,nan,,,True,2025-07-22 16:48:53,2025-07-27 16:59:35
https://torob.com/p/51400daa-467e-40f8-b723-38af712e6caf/%DA%A9%D9%88%D8%AF-%DA%A9%D8%A7%D9%85%D9%84-npk-5-5-5-%D8%A8%D8%A7-%D8%B1%DB%8C%D8%B2-%D9%85%D8%BA%D8%B0%DB%8C-%DA%AF%D8%B1%D8%A7%D9%86%D9%88%D9%84-%D9%88%D8%A7%D9%86%D9%88%D9%85%D8%A7-10-%DA%A9%DB%8C%D9%84%D9%88%DA%AF%D8%B1%D9%85%DB%8C/,کود کامل NPK 5-5-5 با ریز مغذی گرانول وانوما ۱۰ کیلوگرمی,,790000,79000.0,10,,True,2025-07-22 16:48:54,2025-07-27 17:10:09
https://torob.com/p/5545b21d-4500-4ab4-8473-33ef0b3914fd/%DA%A9%D9%88%D8%AF-%D9%85%D8%A7%DB%8C%D8%B9-%D8%B1%DB%8C%D8%B4%D9%87-%D8%B2%D8%A7%DB%8C%DB%8C-%DA%AF%DB%8C%D8%A7%D9%87-%D9%BE%D8%B1%D9%88%D8%AA%DA%A9%D8%AA-%D9%86%DB%8C%DA%86%D8%B1-%D9%85%D8%AF%D9%84-root-power-%D8%AD%D8%AC%D9%85-125-%D9%85%DB%8C%D9%84%DB%8C-%D9%84%DB%8C%D8%AA%D8%B1/,کود مایع ریشه زایی گیاه پروتکت نیچر مدل Root Power حجم 125 میلی لیتر,,200000,nan,,,True,2025-07-22 16:48:54,2025-07-27 17:09:12
https://torob.com/p/d4f3bf8c-8b8c-49c7-9fc8-086705cb8ca7/%D8%A7%DA%A9%D9%88%D8%B1%D8%AF-%D9%85%D9%82%D8%A7%D8%A8%D9%84%D9%87-%D8%A8%D8%A7-%D9%85%D8%A7%DB%8C%DA%A9%D8%A7%DA%AF%D9%88%D9%86-%D9%82%D8%A7%D8%B1%DA%86-%DA%A9%D8%B4-%D8%A7%DA%A9%D9%88%D8%B1%D8%AF/,آکورد مقابله با مایکاگون / قارچ کش آکورد,,3200000,nan,,,True,2025-07-22 16:48:55,2025-07-22 16:48:55
https://torob.com/p/983fe0e6-9f46-4ae1-b192-8b0e38975c94/%DA%A9%D9%88%D8%AF-%D9%85%DB%8C%DA%A9%D8%B1%D9%88%D9%85%DB%8C%DA%A9%D8%B3-25%DA%A9%DB%8C%D9%84%D9%88%DB%8C%DB%8C-%D8%A7%DA%AF%D8%B1%D9%88%D9%81%D8%B1/,کود میکرومیکس ۲۵کیلویی آگروفر,,2325000,93000.0,25,,True,2025-07-22 16:48:55,2025-07-27 16:53:16
https://torob.com/p/435bd7f9-c70d-4591-8ca9-6b27bbded048/%D8%AF%DB%8C%D8%A7%D8%B2%DB%8C%D9%86%D9%88%D9%86-60-%D8%AF%D8%B1%D8%B5%D8%AF-%D8%AF%DB%8C%D8%A7%D8%B3%D9%85/,دیازینون 60 درصد دیاسم,,900000,nan,,,True,2025-07-22 16:48:56,2025-07-27 17:15:33
https://torob.com/p/4028c809-c77d-4ae9-b441-95b80f4b39a5/%DA%A9%D9%88%D8%AF-%D8%AA%D9%82%D9%88%DB%8C%D8%AA%DB%8C-npk10-52-10%2Bme-%D9%BE%D9%88%D8%AF%D8%B1-solunec-%D8%B3%D9%88%D9%84%D9%88%D9%86%DA%A9-%D8%AA%D8%B1%DA%A9%DB%8C%D9%87-25-%DA%A9%DB%8C%D9%84%D9%88%DA%AF%D8%B1%D9%85-%DA%A9%DB%8C%D8%B3%D9%87/,کود تقویتی NPK10-52-10+ME پودر SOLUNEC سولونک ترکیه 25 کیلوگرم کیسه,,10250000,410000.0,25,,True,2025-07-22 16:48:56,2025-07-27 17:00:42
https://torob.com/p/14039d02-7fb5-43e8-8413-342ad952a28a/te-%2B-202020-%DA%A9%D9%88%D8%AF-%D8%B1%D8%B4%D8%AF-%D8%B9%D9%85%D9%88%D9%85%DB%8C-%DA%AF%DB%8C%D8%A7%D9%87%D8%A7%D9%86-%D8%B3%D8%A8%D8%B2-%D8%A8%D8%B1%DA%AF-70-%DA%AF%D8%B1%D9%85%DB%8C/,te + ۲۰۲۰۲۰ کود رشد عمومی گیاهان سبز برگ 70 گرمی,,115000,nan,,,True,2025-07-22 16:48:57,2025-07-27 16:59:28
https://torob.com/p/00a4d83c-7627-4f0c-bf0a-a9ef4fda3e56/%D8%AE%D8%B1%DB%8C%D8%AF-%D8%B3%D9%85-%D9%82%D8%A7%D8%B1%DA%86-%DA%A9%D8%B4-%D8%A8%D9%86%D9%88%D9%85%DB%8C%D9%84-%D8%A8%D8%B3%D8%AA%D9%87-%D8%A8%D9%86%D8%AF%DB%8C-%DA%AF%D9%84-%D9%85%D9%86-%D9%88-%D8%AA%D9%88/,خرید سم قارچ کش بنومیل – بسته بندی گل من و تو,,360000,nan,,,True,2025-07-22 16:48:58,2025-07-27 17:06:30
https://torob.com/p/745cabea-d47f-431d-bcfc-46482e8c0cd6/%DA%A9%D9%88%D8%AF-%D9%85%D8%A7%DB%8C%D8%B9-%DA%A9%D8%A7%D9%85%D9%84-%D9%85%D8%A7%DB%8C%D8%B9-%D9%85%D8%B1%D8%BA%DB%8C-20-%D9%84%DB%8C%D8%AA%D8%B1%DB%8C/,کود مایع کامل مایع مرغی-۲۰ لیتری,,1000000,50000.0,20,,True,2025-07-22 16:48:58,2025-07-27 17:11:46
https://torob.com/p/1f7b52c3-5196-4aa0-8e23-3fa0c88bb704/%DA%AF%D9%88%DA%AF%D8%B1%D8%AF-%DA%A9%D9%84%D8%B3%DB%8C%D9%85%DB%8C-%D9%85%D8%A7%DB%8C%D8%B9-%DA%A9%D9%84%D8%B3%DB%8C%D8%B3%D9%88%D9%84-%DA%AF%D8%B1%D9%88%D8%A7%D8%B3%D8%AA%D8%A7%D8%B1-1-5-%D9%88-20-%D9%84%DB%8C%D8%AA%D8%B1%DB%8C/,گوگرد کلسیمی مایع - کلسیسول گرواستار ۱، ۵ و ۲۰ لیتری,,205000,10250.0,20,,True,2025-07-22 16:48:59,2025-07-27 17:03:17
https://torob.com/p/2af593c9-0c5e-43fe-8229-bfad67c69d5e/%D9%81%D8%B1%D9%88%D8%AA-%D8%B3%D8%AA-%D8%AC%D9%86%D9%88%D8%A8%DA%AF%D8%A7%D9%86/,فروت ست جنوبگان,,176000,nan,,,True,2025-07-22 16:48:59,2025-07-22 16:48:59
https://torob.com/p/850fafed-9aaa-446a-b5c8-e1b5a89b4981/%DA%A9%D9%88%D8%AF-%D8%B1%DB%8C%D8%B4%D9%87-%D8%B2%D8%A7%DB%8C%DB%8C-%D9%BE%D9%88%D8%AF%D8%B1-105210-%D8%AD%D8%A7%D8%B5%D9%84%D8%AE%DB%8C%D8%B2-1-%DA%A9%DB%8C%D9%84%D9%88%DA%AF%D8%B1%D9%85%DB%8C-%D8%A8%D8%A7-%D9%81%D9%86%D8%A7%D9%88%D8%B1%DB%8C-x-green/,کود ریشه زایی پودر 105210 حاصلخیز 1 کیلوگرمی با فناوری X-Green,,500000,500000.0,1,,True,2025-07-22 16:49:00,2025-07-27 17:04:37
https://torob.com/p/128bea6c-806a-4812-b105-a6980e3086ae/%DA%A9%D9%88%D8%AF-%D9%85%DB%8C%DA%A9%D8%B1%D9%88%D9%85%DB%8C%DA%A9%D8%B3/,کود میکرومیکس,,120000,nan,,,True,2025-07-22 16:49:00,2025-07-27 17:04:14
https://torob.com/p/547aaf52-52e9-4e3f-bb9c-9737bf5a414c/%DA%A9%D9%88%D8%AF-%D9%BE%D8%B1%DB%8C%D9%86%D9%88%D8%A7-%DA%A9%D9%84%D8%B3%DB%8C%D9%85-10-%D8%AF%D8%B1%D8%B5%D8%AF-%DA%A9%D9%84%D8%A7%D8%AA-%D8%B4%D8%AF%D9%87-%D8%A8%D8%A7-edta/,کود پرینوا کلسیم 10 درصد کلات شده با EDTA,,757900,nan,,,True,2025-07-22 16:49:01,2025-07-27 17:06:42
https://torob.com/p/e828e449-3259-4cc2-9a5c-4b453dfe4850/%DA%A9%D9%88%D8%AF-%D9%BE%D8%B1%DB%8C%D9%86%D9%88%D8%A7-%D9%85%D9%86%DA%AF%D9%86%D8%B2-13-%D8%AF%D8%B1%D8%B5%D8%AF-%DA%A9%D9%84%D8%A7%D8%AA-%D8%B4%D8%AF%D9%87-%D8%A8%D8%A7-edta/,کود پرینوا منگنز 13 درصد کلات شده با EDTA,,740000,nan,,,True,2025-07-22 16:49:01,2025-07-27 17:03:22
https://torob.com/p/d1cf798d-2d46-45c2-90cd-2fc06caa07ab/%D8%B3%DB%8C%D9%84%DB%8C%DA%A9%D8%A7%D8%AA-%D9%BE%D8%AA%D8%A7%D8%B3%DB%8C%D9%85-%D8%A8%D8%A7%D8%B1%D8%A7%DA%A9%D9%88%D8%AF%D8%A7-%DA%AF%D9%84%D8%B3%D9%85-%DA%AF%D8%B1%DA%AF%D8%A7%D9%86-%DB%8C%DA%A9-%D9%84%DB%8C%D8%AA%D8%B1%DB%8C/,سیلیکات پتاسیم باراکودا گلسم گرگان. یک لیتری,,345000,nan,,,True,2025-07-22 16:49:02,2025-07-27 16:53:53
https://torob.com/p/51008bfd-5aa2-4260-a86a-fcc22f9e3d94/%D8%AE%D8%A7%DA%A9-%D9%88-%DA%A9%D9%88%D8%AF-%D8%A7%D9%85%D8%A7%D8%AF%D9%87-%D8%A8%D9%87-%DA%A9%D8%A7%D8%B4%D8%AA-%D8%AA%D8%A7%DB%8C-%D8%B3%DB%8C%D8%B2-50-%D9%84%DB%8C%D8%AA%D8%B1%DB%8C/,خاک و کود آماده به کاشت تای سیز ۵۰ لیتری,,349000,6980.0,50,,True,2025-07-22 16:49:02,2025-07-27 17:01:55
https://torob.com/p/d3d2af2c-ab40-438e-941b-2622dba27551/2-%D8%B9%D8%AF%D8%AF-%D8%B7%D8%B9%D9%85%D9%87-%D9%85%D9%88%D8%B4-%DA%A9%D8%B4-%D8%B4%DA%A9%D9%84%D8%A7%D8%AA%DB%8C-%D8%B6%D8%B1%D8%A8%D9%87-200-%DA%AF%D8%B1%D9%85%DB%8C-%D8%B3%D9%85%DB%8C%D8%B1%D8%A7%D9%86/,2 عدد طعمه موش کش شکلاتی ضربه 200 گرمی سمیران,,54000,nan,,,True,2025-07-22 16:49:03,2025-07-27 17:03:43
https://torob.com/p/1a9b0b83-3f68-46e0-b925-e8cb2a8a8daf/%D9%81%D8%B1%D9%85%D9%88%D9%86-%D9%85%DB%8C%D9%86%D9%88%D8%B2-%DA%AF%D9%88%D8%AC%D9%87-%D9%81%D8%B1%D9%86%DA%AF%DB%8C-%D8%AA%D9%88%D8%AA%D8%A7/,فرمون مینوز گوجه فرنگی توتا,,69000,nan,,,True,2025-07-22 16:49:04,2025-07-27 16:59:15
https://torob.com/p/1fe529c4-8130-4004-90ed-fe9df650cdab/%DA%A9%D9%88%D8%AF%D9%85%D8%A7%DB%8C%D8%B9-%DA%A9%D8%A7%D9%85%D9%84-%D9%87%D9%85%D8%B1%D8%A7%D9%87-%D8%A8%D8%A7-%D8%A7%D8%B2%D8%AA-%D9%88-%D8%B9%D9%86%D8%A7%D8%B5%D8%B1-%D9%85%DB%8C%DA%A9%D8%B1%D9%88-%D9%88-%D9%87%D8%B1%D9%85%D9%88%D9%86/,کودمایع کامل همراه با ازت و عناصر میکرو و هرمون,,950000,nan,,,True,2025-07-22 16:49:04,2025-07-27 17:08:01
https://torob.com/p/8047fbb4-6328-46a2-8840-68b56fcefe8e/%DA%A9%D9%88%D8%AF-%D8%A7%D8%B3%D9%BE%D8%B1%D8%A7%D9%86%D8%AA%D9%88-npk-10-4-36-%D9%BE%D8%AA%D8%A7%D8%B3-%D8%A8%D8%A7%D9%84%D8%A7-%2B%D8%B1%DB%8C%D8%B2-%D9%85%D8%BA%D8%B0%DB%8C-%D8%A7%D8%B3%D9%85%D8%A7%D8%B1%D8%AA-%DA%AF%D8%B1%D9%88-%D8%A7%D8%B3%D9%BE%D8%A7%D9%86%DB%8C%D8%A7-%DB%8C%DA%A9-%DA%A9%DB%8C%D9%84%D9%88%DB%8C%DB%8C/,کود اسپرانتو NPK 10-4-36 (پتاس بالا +ریز مغذی) اسمارت گرو اسپانیا (یک کیلویی),,365000,nan,,,True,2025-07-22 16:49:05,2025-07-27 17:07:34
https://torob.com/p/c656ea4c-c0b6-4e96-a0f7-9aad86f368cd/%D9%BE%DA%A9-%DA%A9%D8%A7%D9%85%D9%84-%D8%AF%D8%B1%D9%85%D8%A7%D9%86%DB%8C-%D9%88-%D8%AA%D9%82%D9%88%DB%8C%D8%AA%DB%8C-%D9%87%D9%88%D8%B1%D9%85%D9%88%D9%86-%DA%A9%D9%88%D8%AF-%D9%88-%D8%A7%D9%81%D8%AA%DA%A9%D8%B4-%D9%88-%D9%82%D8%A7%D8%B1%DA%86%DA%A9%D8%B4/,پک کامل درمانی و تقویتی (هورمون کود و افتکش و قارچکش),,1185000,nan,,,True,2025-07-22 16:49:05,2025-07-27 17:04:33
https://torob.com/p/150f9c06-6f4b-414a-a810-e7d50030e6f7/%D9%81%D9%88%D9%84%DB%8C%DA%A9-%D8%A7%D8%B3%DB%8C%D8%AF/,فولیک اسید,,730000,nan,,,True,2025-07-22 16:49:06,2025-07-27 16:55:32
https://torob.com/p/43d9bb1a-d6fe-4ea4-b544-a20b9cadc7a1/%D9%85%D9%88%D9%86%D9%88-%D9%BE%D8%AA%D8%A7%D8%B3%DB%8C%D9%85-%D9%81%D8%B3%D9%81%D8%A7%D8%AA-%D9%87%D9%84%DB%8C%D9%88/,مونو پتاسیم فسفات هلیو,,5875000,nan,,,True,2025-07-22 16:49:06,2025-07-27 17:08:07
https://torob.com/p/f2df81c1-4365-42e2-9b94-3b0c380c4e96/%DA%A9%D9%84%D8%A7%D8%AA-%D8%A7%D9%87%D9%86-%D9%88-%D8%B1%D9%88%DB%8C-%D8%A8%D9%87%D8%A7%D8%B1%D8%A7%D9%86/,کلات آهن و روی بهاران,,650000,nan,,,True,2025-07-22 16:49:07,2025-07-27 17:09:06
https://torob.com/p/9d7254bc-3b4e-4b09-a541-aa2c4a918b8a/%D9%85%D8%A7%D8%B1%DB%8C%D8%A7-%D9%BE%D8%B1%D9%88-_-%DA%A9%D9%86%D9%87-%DA%A9%D8%B4-%D8%A7%D8%B1%DA%AF%D8%A7%D9%86%DB%8C%DA%A9/,ماریا پرو _ کنه کش ارگانیک,,755000,nan,,,True,2025-07-22 16:49:08,2025-07-22 16:49:08
https://torob.com/p/388fe966-7b1d-49fd-b3c3-9299dcdafec8/%DA%A9%D9%88%D8%AF-%DA%A9%D9%84%D8%A7%D8%AA-%D8%B3%D9%88%D9%BE%D8%B1-17-3-6-%D8%AE%D8%B6%D8%B1%D8%A7/,کود کلات سوپر 17 3 6 خضرا,,730000,nan,,,True,2025-07-22 16:49:08,2025-07-27 17:08:47
https://torob.com/p/c1faa390-e4fa-4ce0-8523-c2cd0cff73ee/%D9%84%DB%8C%DA%A9%D8%A7%D9%BE%D9%88%D9%86-%D9%BE%D9%88%DA%A9%D9%87-%DA%A9%D8%B4%D8%A7%D9%88%D8%B1%D8%B2%DB%8C-%D9%84%DB%8C%DA%A9%D8%A7-25-%D9%84%DB%8C%D8%AA%D8%B1%DB%8C-%D9%85%D8%AA%D9%88%D8%B3%D8%B7/,لیکاپون(پوکه کشاورزی لیکا)2.5 لیتری - متوسط,,40000,8000.0,5,,True,2025-07-22 16:49:09,2025-07-27 17:04:36
https://torob.com/p/88a58f17-c71a-4f72-859c-ea74b1d4cd19/%DA%A9%D9%88%D8%AF-%D9%81%D8%B3%D9%81%D8%B1-%D8%A8%D8%A7%D9%84%D8%A7-10-52-10-130%DA%AF%D8%B1%D9%85%DB%8C-%D8%A7%DA%AF%D9%86%D8%B3/,کود فسفر بالا 10-52-10 130گرمی آگنس,,125000,nan,,,True,2025-07-22 16:49:09,2025-07-27 17:03:33
https://torob.com/p/91bddda4-3701-43e0-a095-72b008b4b170/%D8%A7%D8%A8%D8%A7%D9%85%DA%A9%D8%AA%DB%8C%D9%86-%D8%B7%D9%84%D8%A7%DB%8C%DB%8C/,آبامکتین طلایی,,405000,nan,,,True,2025-07-22 16:49:10,2025-07-27 16:52:34
https://torob.com/p/8f17d56c-3425-4126-bba5-d1ff90da5043/%DA%A9%D9%88%D8%AF-%D9%87%D9%88%D8%B1%D9%85%D9%88%D9%86-%D8%AA%D9%82%D9%88%DB%8C%D8%AA-%DA%A9%D9%86%D9%86%D8%AF%D9%87-%D8%B1%D8%B4%D8%AF-%D8%B3%DB%8C%D8%AA%D9%88%DA%A9%DB%8C%D9%86%DB%8C%D9%86-%D8%A7%D9%84-%D9%81%DB%8C%D9%88%D8%B1%D9%87/,کود هورمون تقویت کننده رشد سیتوکینین ال فیوره,,148000,nan,,,True,2025-07-22 16:49:10,2025-07-27 16:55:06
https://torob.com/p/ba6f1765-c601-4192-9b16-7990ec399bb8/%DA%A9%D9%86%D9%87-%DA%A9%D8%B4-%D9%BE%D8%B1%D9%88%D9%BE%D8%A7%D8%B1%DA%98%DB%8C%D8%AA-57-%D8%B1%D8%A7%D8%B2%DB%8C-%D8%B4%DB%8C%D9%85%DB%8C-1-%D9%84%DB%8C%D8%AA%D8%B1%DB%8C/,کنه کش پروپارژیت ۵۷٪ رازی شیمی ۱ لیتری,,890000,890000.0,1,,True,2025-07-22 16:49:11,2025-07-22 16:49:11
https://torob.com/p/b612eb18-2246-40cb-9732-72c388eee3bb/%DA%A9%D9%88%D8%AF-%D9%88%DB%8C%DA%A9%D8%B1-%D9%85%DB%8C%DA%A9%D8%B3/,کود ویکر میکس,,55000,nan,,,True,2025-07-22 16:49:11,2025-07-22 16:49:11
https://torob.com/p/774225b5-98d2-42b5-820f-71938047d79b/%D9%87%D9%88%D8%B1%D9%85%D9%88%D9%86-%D8%A7%DA%A9%D8%B3%DB%8C%D9%86-%D9%BE%D8%B1%D9%88%D8%AA%DA%A9%D8%AA-%D9%86%DB%8C%DA%86%D8%B1/,هورمون اکسین پروتکت نیچر,,117000,nan,,,True,2025-07-22 16:49:12,2025-07-27 16:59:26
https://torob.com/p/a556a900-744d-4a6c-8e36-d80815781961/%DA%A9%D9%88%D8%AF-%D8%AA%D9%82%D9%88%DB%8C%D8%AA%DB%8C-%D8%B3%D9%88%D9%84%D9%81%D8%A7%D8%AA-%D9%85%D9%86%DB%8C%D8%B2%DB%8C%D9%85-k%2Bs-%D8%A7%D9%84%D9%85%D8%A7%D9%86-%D9%BE%D9%88%D8%AF%D8%B1-25-%DA%A9%DB%8C%D9%84%D9%88%DA%AF%D8%B1%D9%85-%DA%A9%DB%8C%D8%B3%D9%87/,کود تقویتی سولفات منیزیم K+S آلمان پودر 25 کیلوگرم کیسه,,1350000,54000.0,25,,True,2025-07-22 16:49:13,2025-07-22 16:49:13
https://torob.com/p/d2de948f-9a91-496b-ab1b-2c4ad6d9d8ed/%DA%A9%D9%88%D8%AF-%D8%B1%DB%8C%D8%B2-%D9%85%D8%BA%D8%B0%DB%8C-micromix-%DA%A9%DB%8C%D9%85%DB%8C%D8%AA%DA%A9/,کود ریز مغذی micromix کیمیتک,,900000,nan,,,True,2025-07-22 16:49:13,2025-07-27 16:59:48
https://torob.com/p/df550058-f6d1-4675-bf09-dc4e56b7c81d/%D8%B3%D9%85-%D8%B3%D9%88%DB%8C%D9%86-%DA%A9%D8%A7%D8%B1%D8%A8%D8%A7%D8%B1%DB%8C%D9%84-80-%D9%BE%D9%88%D8%AF%D8%B1-%D9%88%D8%AA%D8%A7%D8%A8%D9%84/,سم سوین کارباریل 80% پودر وتابل,,370000,nan,,,True,2025-07-22 16:49:14,2025-07-27 16:56:36
https://torob.com/p/4feab99d-e692-4fe9-afc4-06dfecdfce39/%DA%A9%D9%88%D8%AF-%D9%85%D8%A7%DB%8C%D8%B9-%D8%AC%D9%84%D8%A8%DA%A9-%D8%AF%D8%B1%DB%8C%D8%A7%DB%8C%DB%8C-%DA%AF%DB%8C%D9%84%D8%AF%D8%A7-%D9%85%D8%AF%D9%84-seaweed-%D8%AD%D8%AC%D9%85-120-%D9%85%DB%8C%D9%84%DB%8C-%D9%84%DB%8C%D8%AA%D8%B1/,کود مایع جلبک دریایی گیلدا مدل Seaweed حجم 120 میلی لیتر,,120000,nan,,,True,2025-07-22 16:49:14,2025-07-27 16:58:14
https://torob.com/p/8cc1a880-d529-4d4a-adee-ae3c38f0ca7e/%D8%B3%DB%8C%D9%BE%D8%B1%D9%88%DA%A9%D9%88%D9%86%D8%A7%D8%B2%D9%88%D9%84-%2B-%DA%A9%D8%A7%D8%B1%D8%A8%D9%86%D8%AF%D8%A7%D8%B2%DB%8C%D9%85-%D8%A7%D9%84%D8%AA%D9%88%DA%A9%D9%85%D8%A8%DB%8C-%DA%AF%D9%84-%D8%B3%D9%85/,سیپروکونازول + کاربندازیم (آلتوکمبی) گل سم,,1250000,nan,,,True,2025-07-22 16:49:15,2025-07-27 17:01:03
https://torob.com/p/42574b51-dc3b-4fce-ab7b-81cab6493a3a/%D8%B3%D9%88%D9%BE%D8%B1-%DA%A9%D9%88%D8%AF-%D8%AA%D9%82%D9%88%DB%8C%D8%AA%DB%8C-%DA%A9%D9%84%DB%8C%D9%87-%DA%AF%DB%8C%D8%A7%D9%87%D8%A7%D9%86-%D9%81%D8%B1%D9%85%D9%88%D9%84-%DB%8C%DA%A9-%D8%A8%D8%B3%D8%AA%D9%87-50-%DA%AF%D8%B1%D9%85%DB%8C/,سوپر کود تقویتی کلیه گیاهان فرمول یک بسته 50 گرمی,,61000,nan,,,True,2025-07-22 16:49:15,2025-07-22 16:49:15
https://torob.com/p/43944179-1b19-4f66-83e6-6e001c215c1c/%DA%A9%D9%88%D8%AF-%D8%A7%D9%88%D8%B1%D9%87-%D9%81%D8%B3%D9%81%D8%A7%D8%AA-%D8%A7%DA%AF%D8%B1%D9%88%D9%81%D8%B1/,کود اوره فسفات اگروفر,,5029000,nan,,,True,2025-07-22 16:49:16,2025-07-22 16:49:16
https://torob.com/p/28385e0e-7623-4423-9765-82d381b5ea10/%D9%82%D8%A7%D8%B1%DA%86%DA%A9%D8%B4-%D8%AA%DB%8C%D9%88%D9%81%D8%A7%D9%86%D8%A7%D8%AA-%D9%85%D8%AA%DB%8C%D9%84-%D8%AC%DB%8C%D8%A7%D9%86%DA%AF%D8%B3%D9%88-%DA%86%DB%8C%D9%86/,قارچکش تیوفانات متیل (جیانگسو چین),,480000,nan,,,True,2025-07-22 16:49:17,2025-07-27 16:58:18
https://torob.com/p/9e111dec-9c82-4ef2-8679-58a99d1175ec/%D8%B3%D9%85-%D8%AF%DB%8C%D9%81%D9%84%D9%88%D8%A8%D9%86%D8%B2%D8%B1%D9%88%D9%86-diflubenzuron/,سم دیفلوبنزرون (Diflubenzuron),,1100000,nan,,,True,2025-07-22 16:49:17,2025-07-27 17:13:58
https://torob.com/p/51b55bf8-fd10-4dfa-830e-477348f8e3ca/%DA%A9%D9%88%D8%AF-%D8%B3%DB%8C%D9%84%DB%8C%DA%A9%D8%A7%D8%AA-%D9%BE%D8%AA%D8%A7%D8%B3%DB%8C%D9%85-%D8%A7%DA%AF%D8%B1%D9%88%D9%84%D8%A7%DB%8C%D9%88/,کود سیلیکات پتاسیم اگرولایو,,350000,nan,,,True,2025-07-22 16:49:18,2025-07-27 17:08:21
https://torob.com/p/5bf2ef83-b782-415c-8fa5-1a9c16162c23/%D9%85%D8%AA%D8%B1%DB%8C-%D8%A8%D9%88%D8%B2%DB%8C%D9%86-70-%D9%BE%D9%88%D8%AF%D8%B1-%D9%88%D8%AA%D8%A7%D8%A8%D9%84-%D9%85%D9%87%D8%A7%D9%86-%D8%B3%D9%86%DA%A9%D9%88%D8%B1-%D9%87%D9%86%D8%AF%DB%8C/,متری بوزین 70% (پودر وتابل) مهان (سنکور) هندی,,850000,nan,,,True,2025-07-22 16:49:18,2025-07-27 17:08:03
https://torob.com/p/d658c8bf-7e1e-408f-aad2-1b43ce146d93/%DA%A9%D9%88%D8%AF-%D8%B3%D9%87-%D8%A8%DB%8C%D8%B3%D8%AA-%D8%AA%D8%AA%D8%A7%DA%A9%D9%88-%D8%A7%DA%AF%D8%B1%D9%88%D9%85%D9%88%D8%B1-agrow-more-2-%DA%A9%D9%88%D8%AF-%DA%A9%D8%A7%D9%85%D9%84-%D8%A7%D9%85%D8%B1%DB%8C%DA%A9%D8%A7%DB%8C%DB%8C-%D9%85%D8%AE%D8%B5%D9%88%D8%B5-%D8%A7%D9%81%D8%B2%D8%A7%DB%8C%D8%B4-%D8%B1%D8%B4%D8%AF-%DA%AF%DB%8C%D8%A7%D9%87%D8%A7%D9%86/,کود سه بیست تتاکو اگرومور ( AGROW MORE 2) | کود کامل آمریکایی مخصوص افزایش رشد گیاهان,,325000,nan,,,True,2025-07-22 16:49:19,2025-07-27 17:01:05
https://torob.com/p/6a12774e-9389-4da4-8d2c-1852e293e326/%DA%A9%D9%88%D8%AF-%D9%85%D8%A7%DB%8C%D8%B9-%D9%87%DB%8C%D8%AF%D8%B1%D9%88%D9%BE%D9%88%D9%86%DB%8C%DA%A9-2-%D8%A7%D8%B3%D8%AA%D9%88%DA%A9-a-b/,کود مایع هیدروپونیک 2 استوک(A-B),,247000,nan,,,True,2025-07-22 16:49:19,2025-07-27 17:06:40
https://torob.com/p/fcba494b-7471-4cb1-ba79-f9636c09417b/%DA%A9%D9%88%D8%AF-%D9%BE%D9%88%D8%AF%D8%B1%DB%8C-npk-0-0-50-%D8%AF%D9%87-%DA%A9%DB%8C%D9%84%D9%88%DB%8C%DB%8C/,کود پودری N.P.K (0-0-50 ) ده کیلویی,,1690000,nan,,,True,2025-07-22 16:49:20,2025-07-27 17:01:11
https://torob.com/p/7e1cdaa1-76e4-4c8e-8b8b-81acea5cd945/%D8%A7%D8%B3%DB%8C%D8%AF-%D9%87%DB%8C%D9%88%D9%85%DB%8C%DA%A9-%D9%85%D8%A7%DB%8C%D8%B9-%D9%BE%D8%AA%D8%A7%D8%B3-%D8%A8%D8%A7%D9%84%D8%A7-5-10-20-%D9%84%DB%8C%D8%AA%D8%B1%DB%8C-10/,اسید هیومیک مایع پتاس بالا 5 10 20 لیتری - 10,,1300000,65000.0,20,,True,2025-07-22 16:49:21,2025-07-27 17:09:23
https://torob.com/p/41e026be-b5f5-4afe-ad26-f752a6a7aafc/12-2-44-%D8%A7%D8%B1%DA%A9%D8%A7-%D9%86%DB%8C%D8%AA%D8%B1%D8%A7%D8%AA-%D9%BE%D8%AA%D8%A7%D8%B3%DB%8C%D9%85-%DA%86%DB%8C%D9%86%DB%8C-10-%DA%A9%DB%8C%D9%84%D9%88%DB%8C%DB%8C/,12-2-44 آرکا نیترات پتاسیم چینی 10 کیلویی,,2000000,200000.0,10,,True,2025-07-22 16:49:21,2025-07-27 17:08:59
https://torob.com/p/208e9560-74e4-4d4b-b372-225f628272c7/%D8%AE%D8%B1%DB%8C%D8%AF-%DA%A9%D9%88%D8%AF-%D9%BE%D9%88%D8%AF%D8%B1%DB%8C-20-20-20-%D8%A7%DA%AF%D8%B1%DB%8C%D9%81%D8%B1%D8%AA-%D9%85%DA%A9%D8%B2%DB%8C%DA%A9-%D9%82%DB%8C%D9%85%D8%AA-%D8%AF%DB%8C%D8%A7%D8%B1%DA%A9%D8%B4%D8%AA/,خرید کود پودری 20-20-20 اگریفرت مکزیک | قیمت | دیارکشت,,28500000,nan,,,True,2025-07-22 16:49:22,2025-07-22 16:49:22
https://torob.com/p/4eb9e0eb-5ecc-438b-87e7-c570c78ce90e/%D9%BE%D8%B1%D9%84%DB%8C%D8%AA-perlite/,پرلیت - Perlite,,50000,nan,,,True,2025-07-22 16:49:22,2025-07-27 16:55:51
https://torob.com/p/1123ae80-482e-4dba-a775-f0abf64416c9/%DA%A9%D9%88%D8%AF-%D9%85%DB%8C%DA%A9%D8%B1%D9%88-%D8%B1%D9%88%DB%8C%D8%B4-%DB%8C%DA%A9-%D9%85%D8%A7%DB%8C%D8%B9/,کود میکرو رویش یک مایع,,154000,nan,,,True,2025-07-22 16:49:23,2025-07-27 17:09:09
https://torob.com/p/53140c0d-256a-4477-81b8-cd95e5bcf80d/%D9%82%D8%A7%D8%B1%DA%86-%DA%A9%D8%B4-%D9%BE%D9%88%D8%AF%D8%B1%DB%8C-%D8%AA%D8%A8%D9%88%DA%A9%D9%88%D9%86%D8%A7%D8%B2%D9%88%D9%84/,قارچ کش پودری تبوکونازول,,85000,nan,,,True,2025-07-22 16:49:24,2025-07-27 16:58:23
https://torob.com/p/c1678c96-9d34-4cad-8fb9-3cb2603f6f99/%DA%A9%D9%88%D8%AF-%D8%AA%D9%82%D9%88%DB%8C%D8%AA%DB%8C-%D9%87%DB%8C%D9%88%D9%85%DB%8C%DA%A9-%D8%A7%D8%B3%DB%8C%D8%AF-%D9%81%DB%8C%D9%84%D9%88%D9%86-%DA%A9%DB%8C-%D8%A7%D8%B3%D9%BE%D8%A7%D9%86%DB%8C%D8%A7-1-%DA%A9%DB%8C%D9%84%D9%88%DB%8C%DB%8C/,کود تقویتی هیومیک اسید فیلون کی اسپانیا 1 کیلوئی,,1520000,1520000.0,1,,True,2025-07-22 16:49:24,2025-07-27 17:09:22
https://torob.com/p/b96da636-9e43-4650-a8ba-8a75493a4e17/%DA%A9%D9%88%D8%AF-%DA%A9%D9%84%D8%A7%D8%AA-%D9%BE%D8%AA%D8%A7%D8%B3%DB%8C%D9%85-%D8%A7%DA%AF%D8%B1%D9%88%D9%84%D8%A7%DB%8C%D9%88/,کود کلات پتاسیم اگرولایو,,305000,nan,,,True,2025-07-22 16:49:25,2025-07-27 17:14:00
https://torob.com/p/ea03c6e8-feea-4f73-8bfc-d98d66d4fc79/%D9%BE%D8%B1%D9%88%D9%BE%DB%8C%DA%A9%D9%88%D9%86%D8%A7%D8%B2%D9%88%D9%84-%D9%82%D8%A7%D8%B1%DA%86%DA%A9%D8%B4-%D8%B3%DB%8C%D8%B3%D8%AA%D9%85%DB%8C%DA%A9-%D9%86%DB%8C%D9%85-%D9%84%DB%8C%D8%AA%D8%B1%DB%8C-%D8%B4%DB%8C%D9%85%D8%A7-%DA%AF%D8%B1%D9%88/,پروپیکونازول قارچکش سیستمیک نیم لیتری شیما گرو,,395000,nan,,,True,2025-07-22 16:49:25,2025-07-27 17:11:28
https://torob.com/p/da8560c5-8057-4356-a084-c1601b855908/%DA%A9%D9%88%D8%AF-%D9%BE%D8%AA%D8%A7%D8%B3-80-%D8%AF%D8%B1%D8%B5%D8%AF-%D8%A8%D9%85%D8%A8/,کود پتاس ۸۰ درصد بمب,,3250000,nan,,,True,2025-07-22 16:49:26,2025-07-27 17:00:59
https://torob.com/p/986105fc-bd82-40da-b9b9-b93612633b06/%D8%A7%D9%85%DB%8C%D9%86%D9%88%DA%AF%D8%A7%D9%86-%D8%A7%D8%B3%DB%8C%D8%AF-%D8%A7%D9%85%DB%8C%D9%86%D9%87/,آمینوگان (اسید آمینه),,335000,nan,,,True,2025-07-22 16:49:26,2025-07-27 16:58:25
https://torob.com/p/3eb57b9c-c347-427a-8b25-a6cf55bc8116/%D8%AE%D8%B1%DB%8C%D8%AF-%DA%A9%D9%88%D8%AF-%D9%BE%D8%AA%D8%A7%D8%B3-%D8%A8%D8%A7%D9%84%D8%A7-60-%D8%AF%D8%B1%D8%B5%D8%AF-%D8%B4%D9%88%DA%A9/,خرید کود پتاس بالا 60 درصد شوک,,3250000,nan,,,True,2025-07-22 16:49:27,2025-07-27 17:00:43
https://torob.com/p/bdbe4f3d-84d9-4017-8251-df53beaa6a85/%D8%A7%D8%B3%DB%8C%D8%AF-%D9%87%DB%8C%D9%88%D9%85%DB%8C%DA%A9-%D9%BE%D9%88%D8%AF%D8%B1%DB%8C-%D8%A7%DA%AF%D8%B1%D9%88%D9%81%D8%B1/,اسید هیومیک پودری اگروفر,,1651000,nan,,,True,2025-07-22 16:49:28,2025-07-27 17:06:08
https://torob.com/p/21623e97-0a98-473f-ab0c-91dc742d1410/%DA%A9%D9%88%D8%AF-%D8%AF%D8%B1%D8%AE%D8%AA-%DA%AF%DB%8C%D9%84%D8%A7%D8%B3/,کود درخت گیلاس,,4450000,nan,,,True,2025-07-22 16:49:28,2025-07-27 17:01:50
https://torob.com/p/cdaa547c-4859-4a19-a84f-be4e61f1bad3/%DA%A9%D9%88%D8%AF-%DA%A9%D9%84%D8%A7%D8%AA-%D9%85%D9%86%DB%8C%D8%B2%DB%8C%D9%85/,کود کلات منیزیم,,220000,nan,,,True,2025-07-22 16:49:29,2025-07-27 16:58:37
https://torob.com/p/5ca07bb6-b033-41c1-82d2-e64b6ba4ae55/%DA%A9%D9%88%D8%AF-%D8%AA%D9%82%D9%88%DB%8C%D8%AA%DB%8C-%D8%B3%D9%88%D9%84%D9%81%D8%A7%D8%AA-%D9%BE%D8%AA%D8%A7%D8%B3%DB%8C%D9%85-k%2Bs-%D8%A7%D9%84%D9%85%D8%A7%D9%86-%D9%BE%D9%88%D8%AF%D8%B1-25-%DA%A9%DB%8C%D9%84%D9%88%DA%AF%D8%B1%D9%85-%DA%A9%DB%8C%D8%B3%D9%87/,کود تقویتی سولفات پتاسیم K+S آلمان پودر 25 کیلوگرم کیسه,,4625000,185000.0,25,,True,2025-07-22 16:49:29,2025-07-27 17:10:53
https://torob.com/p/12cd3e7d-414a-42db-af8d-fe3fab0a8244/%DA%A9%D9%88%D8%AF-%D9%86%D9%88%D9%86%D8%A7%D9%85%DB%8C%DA%A9-%DA%A9%D9%84%D8%A8%D8%B1%D9%88%D9%86-%DA%A9%D9%84%D8%B3%DB%8C%D9%85-%D8%A8%D9%88%D8%B1/,کود نونامیک کلبرون (کلسیم - بور),,358000,nan,,,True,2025-07-22 16:49:30,2025-07-27 17:02:21
https://torob.com/p/a6c60055-8224-43d2-a809-5dee8571ba8e/%DA%A9%D9%88%D8%AF-%D9%85%D8%A7%DB%8C%D8%B9-%D9%85%D8%AE%D8%B5%D9%88%D8%B5-%D8%A8%D8%A7%D8%A8%D8%A7-%D8%A7%D8%AF%D9%85/,کود مایع مخصوص بابا آدم,,180000,nan,,,True,2025-07-22 16:49:31,2025-07-27 17:10:49
https://torob.com/p/2cc47dac-d504-4f74-a191-b6611354e8c9/%DA%A9%D9%88%D8%AF-%D9%85%D8%A7%DB%8C%D8%B9-%DA%AF%D9%86%D8%AF%D9%85-%D9%88-%D8%AC%D9%88-%D9%81%D9%84%D9%88%D8%B1%DB%8C%D8%B4-5-%D9%84%DB%8C%D8%AA%D8%B1%DB%8C-%D8%A7%D9%81%D8%B2%D8%A7%DB%8C%D8%B4-%D8%AA%D9%86%D8%A7%DA%98/,کود مایع گندم و جو فلوریش 5 لیتری (افزایش تناژ),,579000,115800.0,5,,True,2025-07-22 16:49:31,2025-07-27 16:56:53
https://torob.com/p/85dcfc13-6eb6-45f1-87cb-b37a19b2f80d/%DA%A9%D9%88%D8%AF-npk-%DA%A9%D8%A7%D9%85%D9%84-12-12-36-%D8%A8%D9%87-%D9%87%D9%85%D8%B1%D8%A7%D9%87-%D8%B9%D9%86%D8%A7%D8%B5%D8%B1-%D8%B1%DB%8C%D8%B2%D9%85%D8%BA%D8%B0%DB%8C-%DA%A9%D9%84%D8%A7%D8%AA%D9%87-%D8%B4%D8%AF%D9%87-10-%DA%A9%DB%8C%D9%84%D9%88%DB%8C%DB%8C-%D8%A8%D8%B3%DB%8C%D8%A7%D8%B1-%D8%A8%D8%A7-%DA%A9%DB%8C%D9%81%DB%8C%D8%AA/,کود NPK کامل 12-12-36 به همراه عناصر ریزمغذی کلاته شده 10 کیلویی (بسیار با کیفیت),,2167200,216720.0,10,,True,2025-07-22 16:49:32,2025-07-27 16:58:40
https://torob.com/p/5db313ef-33d4-41f0-b501-276fea3755da/%DA%A9%D9%88%D8%AF-%D9%85%DB%8C%DA%A9%D8%B1%D9%88-%DA%A9%D9%84%D8%A7%D8%AA-%DA%A9%D8%A7%D9%88%D8%A7%D9%86/,کود میکرو کلات کاوان,,440000,nan,,,True,2025-07-22 16:49:32,2025-07-27 17:13:14
https://torob.com/p/fb6b0bbe-5b95-45df-ab73-fcac7616ec07/%DA%A9%D9%88%D8%AF-%D8%B3%DB%8C%D9%84%DB%8C%DA%A9%D8%A7%D8%AA-%D9%BE%D8%AA%D8%A7%D8%B3%DB%8C%D9%85-%D9%88%D9%BE%D8%B1%D9%88%D9%81%D8%B1%D8%AA/,کود سیلیکات پتاسیم وپروفرت,,405000,nan,,,True,2025-07-22 16:49:33,2025-07-27 17:01:15
https://torob.com/p/f94e41d3-2862-49ae-a057-3abd0af12cc0/%DA%A9%D9%88%D8%AF-%D9%87%DB%8C%D9%88%D9%85%DB%8C%DA%A9-%D9%BE%D9%88%D8%AF%D8%B1%DB%8C-%D9%88%D8%A7%D8%B3%D8%AA%D8%B1%DA%AF%D8%B1%DB%8C%D9%86/,کود هیومیک پودری واسترگرین,,322400,nan,,,True,2025-07-22 16:49:33,2025-07-27 17:06:23
https://torob.com/p/ba73f226-ebae-46e0-9859-4c01efef54a2/%DA%A9%D9%88%D8%AF-%D8%A7%D9%81%D8%B2%D8%A7%DB%8C%D8%B4-%D8%AF%D9%87%D9%86%D8%AF%D9%87-%DA%A9%DB%8C%D9%81%DB%8C%D8%AA-%D9%85%DB%8C%D9%88%D9%87-%D8%AA%DA%A9%D9%86%D9%88%DA%A9%D9%84-%D8%A7%D9%85%DB%8C%D9%86%D9%88-%DA%A9%D9%84%D8%B3%DB%8C%D9%85-%D8%A8%D9%88%D8%B1-1l/,کود افزایش دهنده کیفیت میوه تکنوکل آمینو کلسیم - بور (1L),,840000,nan,,,True,2025-07-22 16:49:34,2025-07-22 16:49:34
https://torob.com/p/29996133-2cda-43a3-b4aa-e0aeb9047bcb/%D9%85%D8%B4%D8%AE%D8%B5%D8%A7%D8%AA-%DA%A9%D9%84%DB%8C-%DA%A9%D9%88%D8%AF-%D8%B3%D9%87-%D8%A8%DB%8C%D8%B3%D8%AA-%D9%81%D8%A7%D9%84%DA%A9%D9%88%D9%86-%D8%AD%D8%AC%D9%85-10-%DA%A9%DB%8C%D9%84%D9%88%DA%AF%D8%B1%D9%85-%D9%86%D8%A7%D9%85-%D9%85%D8%AD%D8%B5%D9%88%D9%84-%DA%A9%D9%88%D8%AF-%D8%B3%D9%87-%D8%A8%DB%8C%D8%B3%D8%AA-%D9%81%D8%A7%D9%84%DA%A9%D9%88%D9%86%D8%AD%D8%AC%D9%85-%D9%88%D8%B2%D9%86-10-%DA%A9%DB%8C%D9%84%D9%88%DA%AF%D8%B1%D9%85%D9%86%D9%88%D8%B9-%D9%85%D8%AD%D8%B5%D9%88%D9%84-%DA%A9%D9%88%D8%AF-%DA%A9%D8%A7%D9%85%D9%84-%D8%B4%DB%8C%D9%85%DB%8C%D8%A7%DB%8C%DB%8C%D8%AA%D8%B1%DA%A9%DB%8C%D8%A8-%D8%A7%D8%B5%D9%84%DB%8C-%D8%A7%D8%B2%D8%AA-20-%D9%81%D8%B3%D9%81%D8%B1-20-%D9%BE%D8%AA%D8%A7%D8%B3%DB%8C%D9%85-20/,مشخصات کلی کود سه بیست فالکون – حجم ۱۰ کیلوگرم نام محصول: کود سه بیست فالکونحجم / وزن: ۱۰ کیلوگرمنوع محصول: کود کامل شیمیاییترکیب اصلی: ازت (۲۰٪)، فسفر (۲۰٪)، پتاسیم (۲۰٪),,2500000,250000.0,10,,True,2025-07-22 16:49:35,2025-07-22 16:49:35
https://torob.com/p/7900a049-9d56-443e-85e6-16335334037f/%D9%BE%D8%B1%D9%88%D9%BE%D8%A7%D8%B1%DA%98%DB%8C%D8%AA-%D8%A7%D9%88%D9%85%D8%A7%DB%8C%D8%AA-57-ec/,پروپارژیت (اومایت) 57%EC,,1120000,nan,,,True,2025-07-22 16:49:35,2025-07-22 16:49:35
https://torob.com/p/e30a22b5-5d35-48d4-a073-ad5782a2a3d6/%D8%AC%D9%84%D8%A8%DA%A9-%D8%AF%D8%B1%DB%8C%D8%A7%DB%8C%DB%8C-%D8%A7%D8%B3%DA%A9%D9%88%D8%B2%D8%A7%DB%8C%D8%B2/,جلبک دریایی آسکوزایز,,1400000,nan,,,True,2025-07-22 16:49:36,2025-07-27 17:02:25
https://torob.com/p/253406e6-145d-4497-8968-63aa1638de3c/%D9%81%D9%88%D9%84%D9%88%DB%8C%DA%A9-%D8%A7%D8%B3%DB%8C%D8%AF-%D9%81%D8%A7%D8%B1%D9%87%D8%A7%D9%85/,فولویک اسید فارهام,,440000,nan,,,True,2025-07-22 16:49:36,2025-07-27 17:01:52
https://torob.com/p/95aeda73-b1b6-4d44-b5f8-723c1f02eae8/%DA%A9%D9%88%D8%AF-%D8%B5%D8%A7%D8%A8%D9%88%D9%86-%D9%85%D8%AD%D9%84%D9%88%D9%84%D9%BE%D8%A7%D8%B4%DB%8C-%D8%BA%DB%8C%D8%B1%DB%8C%D9%88%D9%86%DB%8C-%D8%A7%D8%AC%D9%88%D8%AF%D8%A7%D9%86-%D8%AC%D9%86%D9%88%D8%A8%DA%AF%D8%A7%D9%86-%D9%86%DB%8C%D9%85-%D9%84%DB%8C%D8%AA%D8%B1%DB%8C/,کود صابون محلولپاشی غیریونی(آجودان) جنوبگان نیم لیتری,,160000,nan,,,True,2025-07-22 16:49:37,2025-07-22 16:49:37
https://torob.com/p/67c82803-aa96-4701-9b96-5460dcce653a/%DA%A9%D9%88%D8%AF-%D9%81%D8%B1%D9%88%D8%AA-%D8%B3%D8%AA-%D8%A8%D8%B1%D9%86%D8%AF-%D8%B3%D8%AA-%DA%AF%D9%84%D8%AF-%D8%B4%D8%B1%DA%A9%D8%AA-%D8%B1%D8%AF%D8%B3%D8%A7-%D8%A7%D8%B3%D9%BE%D8%A7%D9%86%DB%8C%D8%A7%DB%8C%DB%8C-1-%D9%84%DB%8C%D8%AA%D8%B1%DB%8C-%DA%AF%D9%84%D8%AF%D9%87%DB%8C-%D9%88-%D8%AA%D8%A7%D9%85%DB%8C%D9%86-%D8%B1%D9%88%DB%8C/,کود فروت ست برند ست گلد شرکت ردسا اسپانیایی ۱ لیتری | گلدهی و تامین روی,,7500000,7500000.0,1,,True,2025-07-22 16:49:38,2025-07-27 16:59:53
https://torob.com/p/90e7c0ef-58cc-42c3-9307-86ea083238e9/%D8%AE%D8%B1%DB%8C%D8%AF-%DA%A9%D9%88%D8%AF-%DA%A9%D8%A7-60-%D9%BE%D9%88%D8%AF%D8%B1%DB%8C-%D8%A7%DB%8C%DA%A9%D8%B3-%DA%AF%D8%B1%DB%8C%D9%86-%D8%A8%D8%B1%D8%B1%D8%B3%DB%8C-%D8%AF%DB%8C%D8%A7%D8%B1%DA%A9%D8%B4%D8%AA/,خرید کود کا 60 پودری ایکس گرین |بررسی | دیارکشت,,3500000,nan,,,True,2025-07-22 16:49:38,2025-07-27 17:11:54
https://torob.com/p/e41430de-baa9-45f7-9c98-95cce620864e/%D8%AE%D8%A7%DA%A9-%D8%B3%D8%A8%DA%A9-%D8%A7%D8%B1%DA%AF%D8%A7%D9%86%DB%8C%DA%A9-%D8%AA%D9%86%D9%87%D8%A7-%D8%AE%D8%A7%DA%A9-%D8%AC%D9%87%D8%AA-%D8%AC%D9%84%D9%88%DA%AF%DB%8C%D8%B1%DB%8C-%D8%A7%D8%B2-%D9%BE%D9%88%D8%B3%DB%8C%D8%AF%DA%AF%DB%8C-%D8%B1%DB%8C%D8%B4%D9%87-%D9%88-%D8%B2%D8%B1%D8%AF%D8%B4%D8%AF%DA%AF%DB%8C-%D8%A8%D8%B1%DA%AF%D9%87%D8%A7%DB%8C-%DA%AF%DB%8C%D8%A7%D9%87%D8%A7%D9%86-%D8%A7%D9%BE%D8%A7%D8%B1%D8%AA%D9%85%D8%A7%D9%86%DB%8C-%D8%B7%D8%A8%DB%8C%D8%B9%D8%AA-%D8%B4%DB%8C%DA%A9-%D8%A8%D8%B3%D8%AA%D9%87-%D8%A8%D8%B2%D8%B1%DA%AF-5-%DA%A9%DB%8C%D9%84%D9%88-%D9%88-500-%DA%AF%D8%B1%D9%85/,خاک سبک ارگانیک | تنها خاک جهت جلوگیری از پوسیدگی ریشه و زردشدگی برگهای گیاهان آپارتمانی | طبیعت شیک - بسته بزرگ 5 کیلو و 500 گرم,,45000,9000.0,5,,True,2025-07-22 16:49:39,2025-07-27 17:03:01
https://torob.com/p/849af245-c9c8-4f87-9bc4-49196307484c/%D9%81%D9%86-%D9%BE%DB%8C%D8%B1%D9%88%DA%A9%D8%B3%DB%8C-%D9%85%DB%8C%D8%AA-%D8%B2%D8%B1%DB%8C%D9%86-%D8%B3%D9%85/,فن پیروکسی میت زرین سم,,280000,nan,,,True,2025-07-22 16:49:39,2025-07-27 17:07:53
https://torob.com/p/0a99ce93-9d6a-401f-a526-387c4cf40b24/%DA%A9%D9%88%D8%AF-%D8%A7%D8%B2%D8%AA-%D8%A8%D8%A7%D9%84%D8%A7-%D9%86%DB%8C%D8%AA%D8%B1%D9%88-%D8%B1%D9%88%DB%8C%D8%B4-%DB%8C%DA%A9-%D9%84%DB%8C%D8%AA%D8%B1%DB%8C-%D9%85%D8%A7%DB%8C%D8%B9/,کود ازت بالا نیترو رویش یک لیتری مایع,,105000,nan,,,True,2025-07-22 16:49:40,2025-07-27 17:02:08
https://torob.com/p/26d8a630-3576-47f4-b19a-9a115663fad0/%DA%A9%D9%88%D8%AF-%D8%AC%D9%84%D8%A8%DA%A9-%D8%AF%D8%B1%DB%8C%D8%A7%DB%8C%DB%8C-%D9%88%D8%A7%D8%B1%D8%AF%D8%A7%D8%AA%DB%8C-30g/,کود جلبک دریایی وارداتی ۳۰g,,75000,nan,,,True,2025-07-22 16:49:41,2025-07-27 16:59:52
https://torob.com/p/bd21baa3-75e2-4127-9398-46d18b561ca7/%D9%85%D9%88%D8%B4-%DA%A9%D8%B4-%D9%85%D8%B1%DA%AF-%D9%85%D9%88%D8%B4-%D8%A8%D8%B1%D9%88%D8%AF%DB%8C%D9%81%D8%A7%DA%A9%D9%88%D9%85150%DA%AF%D8%B1%D9%85%DB%8C/,موش کش(مرگ موش) برودیفاکوم150گرمی,,95000,nan,,,True,2025-07-22 16:49:41,2025-07-27 17:01:21
https://torob.com/p/c72f1394-a5e4-486d-8d90-61d8fb7cfe5f/%D8%AE%D8%A7%DA%A9-%D9%BE%D8%A7%DB%8C%D9%87-%D9%85%D8%B9%D8%AF%D9%86%DB%8C-%D9%88-%D8%A7%D8%B1%DA%AF%D8%A7%D9%86%DB%8C%DA%A9-%D8%A7%D9%85%D8%A7%D8%AF%D9%87-%D9%85%D8%B5%D8%B1%D9%81-%D9%85%D8%AE%D8%B5%D9%88%D8%B5-%D8%A7%D9%BE%D8%A7%D8%B1%D8%AA%D9%85%D8%A7%D9%86-%D9%BE%D8%B1%D9%86%D9%88%D8%B1-%2B-%D8%AF%D8%B1%D8%AE%D8%AA%D8%A7%D9%86-%D9%85%DB%8C%D9%88%D9%87-%D9%88-%DA%AF%D9%84%D8%AF%D8%A7%D9%86%D9%87%D8%A7%DB%8C-%D9%81%D8%B6%D8%A7%DB%8C-%D8%A8%D8%A7%D8%B2-%D8%A8%D8%B3%D8%AA%D9%87-%D8%A8%D8%B2%D8%B1%DA%AF/,"""خاک پایه معدنی و ارگانیک آماده مصرف مخصوص آپارتمان (پرنور) + درختان میوه و گلدانهای فضای باز"" - بسته بزرگ",,28000,nan,,,True,2025-07-22 16:49:42,2025-07-27 16:58:31
https://torob.com/p/6e6f99e6-dfcf-41a6-af65-6e1e451e7f31/%DA%A9%D9%88%D8%AF-%D9%85%D8%A7%DB%8C%D8%B9-%D8%A7%D9%85%DA%A9%D8%B3-%D9%85%D8%AF%D9%84-%D8%B3%DA%A9%D9%88%D9%86%D8%B4%DB%8C%D8%A7%D9%84-60-%D9%85%DB%8C%D9%84%DB%8C-%D9%84%DB%8C%D8%AA%D8%B1/,کود مایع امکس مدل سکونشیال 60 میلی لیتر,,185000,nan,,,True,2025-07-22 16:49:42,2025-07-22 16:49:42
https://torob.com/p/d3cd236e-1b20-46ba-9430-59aa96439b53/%D9%87%DB%8C%D9%88%D9%85%DB%8C%DA%A9-%D8%A7%D8%B3%DB%8C%D8%AF-%D9%85%D8%A7%DB%8C%D8%B9-%D9%85%D8%AF%D8%B1%DB%8C%DA%A9-20-%D9%84%DB%8C%D8%AA%D8%B1%DB%8C/,هیومیک اسید مایع مدریک 20 لیتری,,1800000,90000.0,20,,True,2025-07-22 16:49:43,2025-07-27 16:59:17
https://torob.com/p/2f151a28-7e85-4b8a-85b1-21394eb79271/%DA%A9%D9%88%D8%AF-npk-20-20-20-%D8%BA%D9%86%DB%8C-%D8%A8%D8%A7-%D8%A7%D9%85%DB%8C%D9%86%D9%88%D8%A7%D8%B3%DB%8C%D8%AF-100%DA%AF%D8%B1%D9%85%DB%8C-%D8%A7%DA%AF%D9%86%D8%B3/,کود NPK 20-20-20 غنی با آمینواسید 100گرمی آگنس,,165000,nan,,,True,2025-07-22 16:49:44,2025-07-27 17:07:16
https://torob.com/p/a050c704-2ccc-481a-b05f-98f6de4e3267/%D8%B3%D9%88%D9%84%D9%81%D8%A7%D8%AA-%D9%BE%D8%AA%D8%A7%D8%B3%DB%8C%D9%85-%D8%A7%DA%AF%D8%B1%D9%88%D8%AA%D8%A7%D8%B1/,سولفات پتاسیم اگروتار,,3375000,nan,,,True,2025-07-22 16:49:44,2025-07-27 17:16:05
https://torob.com/p/39f25e6d-5453-47c3-b2ac-4cc262051b63/%DA%A9%D9%88%D8%AF-%D8%B3%D9%87-20-%D9%85%D8%A7%DB%8C%D8%B9-%D8%AA%D8%B1%DB%8C-%D9%BE%D8%B1%D9%88-%D9%81%D8%A7%D8%B1%D9%85%D9%88%D9%86%D8%AA%DB%8C-npk-20-20-20%2Bte-10-%D9%84%DB%8C%D8%AA%D8%B1%DB%8C/,کود سه 20 مایع تری پرو فارمونتی NPK 20 20 20+TE - 10 لیتری,,3000000,300000.0,10,,True,2025-07-22 16:49:45,2025-07-27 17:14:48
https://torob.com/p/08d6c5db-f0e9-4d3a-874f-e1c33486fcdd/%DA%A9%D9%88%D8%AF-%D9%85%D8%AD%D8%B1%DA%A9-%D8%B1%D8%B4%D8%AF-%DB%8C%DA%A9-%D9%84%DB%8C%D8%AA%D8%B1%DB%8C/,کود محرک رشد یک لیتری,,380000,nan,,,True,2025-07-22 16:49:45,2025-07-22 16:49:45
https://torob.com/p/dfc41199-2e34-4223-b537-5d15f00b86d6/%DA%A9%D9%88%D8%AF-%D8%A7%D8%B3%D9%BE%D8%B1%DB%8C-%D8%AA%D9%82%D9%88%DB%8C%D8%AA%DB%8C-%DA%AF%DB%8C%D8%A7%D9%87%D8%A7%D9%86-%D8%A7%D9%BE%D8%A7%D8%B1%D8%AA%D9%85%D8%A7%D9%86%DB%8C-%D8%A8%D8%B1%D9%86%D8%AF-%D9%88%D8%A7%DA%AF%D8%B1%D9%88%DA%A9%D8%B3%DB%8C%D8%B1-%D9%85%D8%AF%D9%84-%D8%A7%DA%A9%D8%B3%DB%8C%D8%B1-%D8%B3%D8%A8%D8%B2/,کود اسپری تقویتی گیاهان آپارتمانی برند واگروکسیر مدل اکسیر سبز,,145000,nan,,,True,2025-07-22 16:49:46,2025-07-27 17:11:29
https://torob.com/p/b798f96b-f72a-4e3c-bf57-c2cd271863c2/%D9%87%D9%88%D8%B1%D9%85%D9%88%D9%86-%D8%AF%D9%88%D9%BE%D8%A7%D9%85%DB%8C%D9%86/,هورمون دوپامین,,15800000,nan,,,True,2025-07-22 16:49:47,2025-07-27 17:07:21
https://torob.com/p/f7c7050f-2c3a-47c6-94da-3a6e9d741bd3/%DA%A9%D9%88%D8%AF-%D9%85%D8%A7%D9%87%DB%8C-%D9%85%D8%A7%DB%8C%D8%B9-%D8%B1%D8%B3%D8%AA%D8%A7%D9%86-5-%D9%88-20-%D9%84%DB%8C%D8%AA%D8%B1%DB%8C-%DA%A9%D9%88%D8%AF-%D8%A7%D8%B1%DA%AF%D8%A7%D9%86%DB%8C%DA%A9/,کود ماهی مایع رستان 5 و 20 لیتری | کود ارگانیک,,1050000,52500.0,20,,True,2025-07-22 16:49:47,2025-07-27 17:01:17
https://torob.com/p/b0d8cab2-4ede-4cda-92b4-263d26126cb2/%DA%A9%D9%88%D8%AF-%D8%A7%D8%B3%DB%8C%D8%AF-%D8%A7%D9%86%D9%81%D9%88%D8%B1%DB%8C%DA%A9-%D9%85%D8%A7%DB%8C%D8%B9-%D9%85%DA%AF%D8%A7%D9%81%D8%B1%D8%AA%DB%8C%D9%84-%D8%A7%D9%86-%D8%A7%D8%B3-10-%D9%84%DB%8C%D8%AA%D8%B1%DB%8C-%D8%B3%D8%A8%D8%B2-%D9%85%D8%AD%D8%B5%D9%88%D9%84-%D8%AF%D8%A7%D8%AA%DB%8C%D8%B3/,کود اسید انفوریک مایع مگافرتیل ان اس 10 لیتری سبز محصول داتیس,,540000,54000.0,10,,True,2025-07-22 16:49:48,2025-07-27 16:59:25
https://torob.com/p/828eaf6d-497b-4ce1-abbc-7d856da3fed7/%DA%A9%D9%88%D8%AF-%D9%85%D8%A7%DB%8C%D8%B9-%D9%BE%D8%AA%D8%A7%D8%B3%DB%8C%D9%85-%D9%81%D9%84%D9%88%D8%B1%DB%8C%D8%B4/,کود مایع پتاسیم فلوریش,,220000,nan,,,True,2025-07-22 16:49:48,2025-07-27 17:05:25
https://torob.com/p/9f1bde87-055b-45c7-967b-3fcdd90554c9/%D9%82%D8%A7%D8%B1%DA%86-%DA%A9%D8%B4-%D8%AA%DB%8C%D9%88%D9%81%D8%A7%D9%86%D8%A7%D8%AA-%D9%85%D8%AA%DB%8C%D9%84-%D8%AA%D9%88%D9%BE%D8%B3%DB%8C%D9%86-%D8%A7%D9%85-1-%DA%A9%DB%8C%D9%84%D9%88%DB%8C%DB%8C-%DA%AF%DB%8C%D8%A7%D9%87/,قارچ‌کش تیوفانات متیل (توپسین ام) ۱ کیلویی گیاه,,669000,669000.0,1,,True,2025-07-22 16:49:49,2025-07-27 17:00:19
https://torob.com/p/4366d3fc-6d7e-4a13-835a-d57bca8df7ce/%DA%A9%D9%88%D8%AF-%DA%AF%D9%84-%D8%AF%D9%87%DB%8C-%DA%AF%DB%8C%D8%A7%D9%87%D8%A7%D9%86-%D8%A7%D9%BE%D8%A7%D8%B1%D8%AA%D9%85%D8%A7%D9%86%DB%8C-%D9%88-%D8%A8%D8%A7%D8%BA%DA%86%D9%87-%D8%A7%D9%85%D8%A7%D9%85%DB%8C-%D9%85%D8%AF%D9%84-%D9%88%DB%8C%D9%88%D9%88-%D8%A8%D8%B3%D8%AA%D9%87-20-%D8%B9%D8%AF%D8%AF%DB%8C/,کود گل دهی گیاهان آپارتمانی و باغچه امامی مدل ویوو بسته ۲۰ عددی,,79000,nan,,,True,2025-07-22 16:49:50,2025-07-27 17:08:00
https://torob.com/p/49d8318a-a448-49ba-8004-622f6ea60efd/%DA%A9%D9%88%D8%AF-%D8%AC%D8%AA-40-jet/,کود جت 40 jet,,200000,nan,,,True,2025-07-22 16:49:50,2025-07-27 17:07:55
https://torob.com/p/10973aec-8561-4966-a49e-8db3f9fd9c40/%D8%B9%D9%84%D9%81-%DA%A9%D8%B4-%D8%A8%DB%8C%D8%B3-%D9%BE%DB%8C%D8%B1%DB%8C%D8%A8%D8%A7%DA%A9-%D8%B3%D8%AF%DB%8C%D9%85bispyribac-sodium/,علف کش بیس پیریباک سدیمBispyribac sodium,,197000,nan,,,True,2025-07-22 16:49:51,2025-07-27 17:01:10
https://torob.com/p/11dd91a1-40fc-408a-a289-348cd7983d7a/%D8%AE%D8%B1%DB%8C%D8%AF-%DA%A9%D9%88%D8%AF-%D9%87%DB%8C%D8%AF%D8%B1%D9%88%D9%BE%D9%88%D9%86%DB%8C%DA%A9-%DA%AF%D9%84-%D8%B1%D8%B2-%D9%88-%DA%AF%D9%84-%D9%87%D8%A7%DB%8C-%D8%B4%D8%A7%D8%AE%D9%87-%D8%A8%D8%B1%DB%8C%D8%AF%D9%87/,خرید کود هیدروپونیک گل رز و گل های شاخه بریده,,300000,nan,,,True,2025-07-22 16:49:51,2025-07-27 17:06:43
https://torob.com/p/d56cbee2-7899-422a-bf50-8c21452e8c18/%DA%A9%D9%88%D8%AF-%D9%81%D8%B1%D9%88%D8%AA-%D8%B3%D8%AA-1-%D9%84%DB%8C%D8%AA%D8%B1%DB%8C-%D8%B3%D8%A8%D9%88%D8%B3%DB%8C%D8%A8/,کود فروت ست 1 لیتری سبوسیب,,650000,650000.0,1,,True,2025-07-22 16:49:52,2025-07-27 17:12:27
https://torob.com/p/c048c42c-97c5-4b41-b33d-746e9b9136f3/%D9%87%DA%AF%D8%B2%D8%A7%D9%81%D9%84%D9%88%D9%85%D9%88%D8%B1%D9%88%D9%86-%D8%B2%D8%B1%DB%8C%D9%86-%D8%B3%D9%85/,هگزافلومورون زرین سم,,1250000,nan,,,True,2025-07-22 16:49:53,2025-07-22 16:49:53
https://torob.com/p/fdeb6cd4-018e-45cf-92c8-0c6d5bbea942/%D9%85%D8%AD%D9%84%D9%88%D9%84-%D9%85%D9%88%DB%8C%D8%A7%D9%86-%D8%B3%D9%BE%D8%AA%D8%A7-%D8%B5%D8%A7%D8%A8%D9%88%D9%86-%D9%85%D8%AD%D9%84%D9%88%D9%84-%D9%BE%D8%A7%D8%B4%DB%8C-%DB%8C%DA%A9-%D9%84%DB%8C%D8%AA%D8%B1%DB%8C/,محلول مویان سپتا (صابون محلول پاشی) یک لیتری,,260000,nan,,,True,2025-07-22 16:49:53,2025-07-22 16:49:53
https://torob.com/p/f888ca0b-68fa-4268-bb51-d43492fb8462/%D8%B9%D9%84%D9%81-%DA%A9%D8%B4-%D8%A8%D8%B1%D9%86%D8%AC-%DA%A9%D8%A7%D9%86%D8%B3%DB%8C%D9%84-%D8%A7%DA%A9%D8%AA%DB%8C%D9%88-%D8%A8%D8%A7%DB%8C%D8%B1-%D8%A7%D9%84%D9%85%D8%A7%D9%86-75-%DA%AF%D8%B1%D9%85%DB%8C-cansil/,علف کش برنج کانسیل اکتیو بایر آلمان ۷۵ گرمی (CANSIL),,1250000,nan,,,True,2025-07-22 16:49:54,2025-07-27 17:09:03
https://torob.com/p/84a90172-e44b-45f9-9377-fe82d84ff5e8/%DA%A9%D9%88%D8%AF-%D8%A7%D9%87%D9%86-%D8%B3%DA%A9%D9%88%D8%B3%D8%AA%D8%B1%D9%86-%D8%B3%DB%8C%D9%86%D8%AC%D9%86%D8%AA%D8%A7-1-%DA%A9%DB%8C%D9%84%D9%88%DA%AF%D8%B1%D9%85/,کود آهن سکوسترن سینجنتا 1 کیلوگرم,,1190000,1190000.0,1,,True,2025-07-22 16:49:54,2025-07-27 17:06:22
https://torob.com/p/22fd3f6a-4794-48dc-a901-b5e9936ab13e/%D8%AE%D8%A7%DA%A9-%D8%B1%D8%B3-%D8%A8%D9%86%D8%AA%D9%88%D9%86%DB%8C%D8%AA-%D9%85%D8%AE%D8%B5%D9%88%D8%B5-%D9%BE%D9%88%D8%B3%D8%AA-%D9%87%D8%A7%DB%8C-%DA%86%D8%B1%D8%A8-%D9%88-%D9%85%D8%AE%D8%AA%D9%84%D8%B7-150-%DA%AF%D8%B1%D9%85/,خاک رس بنتونیت مخصوص پوست‌های چرب و مختلط - ۱۵۰ گرم,,99000,nan,,,True,2025-07-22 16:49:55,2025-07-27 16:56:03
https://torob.com/p/361a1f8a-dd12-4fe9-a784-23aae71893da/%D8%A7%D8%AF%D9%85%DB%8C%D8%B1%D8%A7%D9%84-%D8%AD%D8%B4%D8%B1%D9%87-%DA%A9%D8%B4-%D9%BE%DB%8C%D8%B1%DB%8C-%D9%BE%D8%B1%D9%88%DA%A9%D8%B3%DB%8C-%D9%81%D9%86-10-%D8%A7%DB%8C-%D8%B3%DB%8C-%D8%A8%D9%87%D8%A7%D9%88%D8%B1-%D8%B4%DB%8C%D9%85%DB%8C-%D9%86%DB%8C%D9%85-%D9%84%DB%8C%D8%AA%D8%B1%DB%8C/,آدمیرال حشره کش پیری پروکسی فن 10% ای سی بهاور شیمی نیم لیتری,,315000,nan,,,True,2025-07-22 16:49:56,2025-07-27 17:13:05
https://torob.com/p/fd7dd0f7-285b-4df3-bb1b-39fe96c09508/%DA%A9%D9%88%D8%AF-%D8%A7%D8%B3%D9%BE%D8%B1%D8%A7%D9%86%D8%AA%D9%88-%DA%AF%D8%B1%D8%A7%D9%86%D9%88%D9%85%DA%A9%D8%B3-%DA%AF%D8%B1%D8%A7%D9%86%D9%88%D9%84%D9%87-npk-12-9-15-%DA%A9%D9%88%D8%AF-%DA%A9%D8%A7%D9%85%D9%84-%2B%D8%B1%DB%8C%D8%B2-%D9%85%D8%BA%D8%B0%DB%8C-%D8%A7%D8%B3%D9%85%D8%A7%D8%B1%D8%AA-%DA%AF%D8%B1%D9%88-%D8%A7%D8%B3%D9%BE%D8%A7%D9%86%DB%8C%D8%A7-10-%DA%A9%DB%8C%D9%84%D9%88%DB%8C%DB%8C/,کود اسپرانتو گرانومکس (گرانوله NPK 12-9-15 کود کامل +ریز مغذی) اسمارت گرو اسپانیا (۱۰ کیلویی),,1610000,161000.0,10,,True,2025-07-22 16:49:56,2025-07-27 17:12:25
https://torob.com/p/3d12a0c1-48e4-40fb-8a18-17f8a05c06a6/%DA%A9%D9%88%DA%A9%D9%88%DA%86%DB%8C%D9%BE%D8%B3/,کوکوچیپس,,110000,nan,,,True,2025-07-22 16:49:57,2025-07-27 17:05:04
https://torob.com/p/6a402480-3cc1-4d95-ab7d-1c01468700e6/%D9%87%DB%8C%D9%88%D9%85%DB%8C%DA%A9-%D8%A7%D8%B3%DB%8C%D8%AF-%D9%87%D8%A7%DB%8C%D9%BE%D8%B1-%D9%87%DB%8C%D9%88%D9%85-%D9%BE%D9%88%D8%AF%D8%B1%DB%8C-1-%DA%A9-%D8%B3%D8%A8%D8%B2%DA%AF%D9%84/,هیومیک اسید هایپر هیوم پودری 1 ک سبزگل,,710000,nan,,,True,2025-07-22 16:49:57,2025-07-27 16:57:46
https://torob.com/p/8a51394e-3246-4f1f-9cff-36a05813a8e8/%D8%B6%D8%AF-%D8%A7%D9%81%D8%AA%D8%A7%D8%A8-%D8%B3%D9%88%D8%AE%D8%AA%DA%AF%DB%8C-%D8%B4%DB%8C%D8%AF-10-%D9%84%DB%8C%D8%AA%D8%B1%DB%8C-%D9%81%D8%B1%D9%85%D9%88%D9%84%D8%A7%DB%8C%D9%81/,ضد آفتاب سوختگی شید 10 لیتری فرمولایف,,1100000,110000.0,10,,True,2025-07-22 16:49:58,2025-07-22 16:49:58
https://torob.com/p/8ed3a8ad-811f-441a-aa02-9ea3e5c41f87/%D9%BE%D9%86%D8%AF%DB%8C-%D9%85%D8%AA%D8%A7%D9%84%DB%8C%D9%86-%D9%85%D9%87%D8%A7%D9%86/,پندی متالین مهان,,560000,nan,,,True,2025-07-22 16:49:59,2025-07-27 16:59:37
https://torob.com/p/73cec0a0-6f06-49ea-a7c6-c520df0ac8d4/%DA%AF%D9%88%DA%AF%D8%B1%D8%AF-%D9%85%D8%A7%DB%8C%D8%B9-%D9%BE%D8%AA%D8%A7%D8%B3%D9%87-5-%D9%84%DB%8C%D8%AA%D8%B1%DB%8C-5-%D8%B3%D8%AA%D8%A7%D8%B1%D9%87-%D8%B3%D8%A7%D9%88%D9%87/,گوگرد مایع پتاسه 5 لیتری 5 ستاره ساوه,,1200000,240000.0,5,,True,2025-07-22 16:49:59,2025-07-27 17:09:52
https://torob.com/p/0b8443b1-c190-42e3-9714-f3c9a216b148/%DA%A9%D9%88%D8%AF-%D8%A7%DA%A9%D9%88%DA%A9%D9%88%DB%8C%D9%84-%D9%85%DB%8C%DA%A9%D8%B1%D9%88%D9%85%DA%A9%DB%8C%D8%B3-%D9%81%D8%B1%D9%88%D8%BA-%D8%AF%D8%B4%D8%AA/,کود اکوکوئل میکرومکیس فروغ دشت,,1700000,nan,,,True,2025-07-22 16:50:00,2025-07-27 17:09:20
https://torob.com/p/01f1caf6-7609-4ee3-80f7-7e0e07587e6b/%D9%82%D8%A7%D8%B1%DA%86-%DA%A9%D8%B4-%D8%AA%DB%8C%D9%88%D9%81%D8%A7%D9%86%D8%A7%D8%AA-%D9%85%D8%AA%DB%8C%D9%84-%D9%86%DB%8C%D9%85-%DA%A9%DB%8C%D9%84%D9%88%DB%8C%DB%8C-%DA%A9%D8%B1%DB%8C%D8%B4%DB%8C-%D9%87%D9%86%D8%AF/,قارچ کش تیوفانات متیل نیم کیلویی کریشی هند,,450000,nan,,,True,2025-07-22 16:50:01,2025-07-27 17:08:45
https://torob.com/p/f14f3487-cea6-481e-acb1-5c6600d03519/%DA%A9%D9%88%D8%AF-%D9%BE%D8%B1%DB%8C%D9%86%D9%88%D8%A7-%D8%A7%D9%87%D9%86-6-%D8%AF%D8%B1%D8%B5%D8%AF-%DA%A9%D9%84%D8%A7%D8%AA-%D8%B4%D8%AF%D9%87-%D8%A8%D8%A7-eddha-%D8%A7%D8%B1%D8%AA%D9%88-%D8%A7%D8%B1%D8%AA%D9%88-32/,کود پرینوا آهن 6 درصد کلات شده با EDDHA (ارتو – ارتو ۳.۲),,915000,nan,,,True,2025-07-22 16:50:01,2025-07-27 17:04:58
https://torob.com/p/e83d4657-d792-4ed8-b4e4-6fedfebab462/%DA%A9%D9%88%D8%AF-%D9%85%D8%A7%DB%8C%D8%B9-%D9%BE%D8%AA%D8%A7%D8%B3-%D8%A8%D8%A7%D9%84%D8%A7-%D8%B4%D8%B1%DA%A9%D8%AA-%D8%B2%D8%A7%DB%8C%D8%B2-%D8%A7%D9%86%DA%AF%D9%84%D8%B3%D8%AA%D8%A7%D9%86-%D9%85%D8%AF%D9%84-fertizeiz-high-k-%D8%AD%D8%AC%D9%85-%D8%A7-%D9%84%DB%8C%D8%AA%D8%B1/,کود مایع پتاس بالا شرکت زایز انگلستان مدل Fertizeiz High K حجم ا لیتر,,1086000,nan,,,True,2025-07-22 16:50:02,2025-07-27 16:59:45
https://torob.com/p/57ff3486-fec3-4a11-a195-eb8b9d7c53e9/%DA%A9%D9%88%D8%AF-%D8%B3%D9%88%D9%84%D9%81%D8%A7%D8%AA-%D8%A7%D9%87%D9%86-%DA%A9%D9%86%D8%AC%D8%A7%D9%84%D9%87-%D8%B3%D8%A7%D8%B2-25-%DA%A9%DB%8C%D9%84%D9%88%DB%8C%DB%8C/,کود سولفات آهن کنجاله ساز (۲۵ کیلویی),,580000,23200.0,25,,True,2025-07-22 16:50:02,2025-07-27 17:03:13
https://torob.com/p/1b29ea2f-acf2-47bf-868b-6c40a85e236b/%DA%A9%D9%88%D8%AF-npk-20-20-20-10%DA%A9%DB%8C%D9%84%D9%88/,کود NPK 20-20-20 (10کیلو),,1200000,120000.0,10,,True,2025-07-22 16:50:03,2025-07-27 17:04:29
https://torob.com/p/2597a546-01d9-4946-9646-df0f5a23c66d/%DA%A9%D9%88%D8%AF-%D8%A7%D9%85%DB%8C%D9%86%D9%88%D8%A7%D8%B3%DB%8C%D8%AF-%D8%B4%D9%88%DA%A9-80-%D8%AF%D8%B1%D8%B5%D8%AF-%D8%A7%D8%B5%D9%84-20-%D9%84%DB%8C%D8%AA%D8%B1%DB%8C-%D8%A7%D9%85%D8%B1%DB%8C%DA%A9%D8%A7%DB%8C%DB%8C-%D8%B6%D8%AF-%D8%B3%D8%B1%D9%85%D8%A7%D8%B2%D8%AF%DA%AF%DB%8C/,کود آمینواسید شوک 80 درصد اصل 20 لیتری آمریکایی (ضد سرمازدگی),,2900000,145000.0,20,,True,2025-07-22 16:50:04,2025-07-27 17:10:55
https://torob.com/p/24707161-083b-4c01-87f9-eb59ed2be790/%D8%B3%D9%88%D9%84%D9%81%D9%88%D9%86%DB%8C%D8%AA-1-%D9%84%DB%8C%D8%AA%D8%B1%DB%8C/,سولفونیت 1 لیتری,,155000,155000.0,1,,True,2025-07-22 16:50:04,2025-07-27 17:11:13
https://torob.com/p/f02b472e-eb92-4e85-84f0-c93e4daf4a43/%D8%AE%D8%B1%DB%8C%D8%AF-%DA%A9%D9%88%D8%AF-%D9%BE%D8%AA%D8%A7%D8%B3-95-%D8%B4%D9%88%DA%A9-100-%D8%A7%D9%88%D8%B1%D8%AC%DB%8C%D9%86%D8%A7%D9%84-%DA%A9%D9%88%D8%AF-%DA%AF%D8%B1%D8%A7%D9%85/,خرید کود پتاس 95% شوک 100٪ اورجینال - کود گرام,,280000,nan,,,True,2025-07-22 16:50:05,2025-07-22 16:50:05
https://torob.com/p/28c169a8-e330-4c72-97c8-abc0954b105a/%D8%AE%D8%A7%DA%A9-%D9%85%D8%AE%D8%B5%D9%88%D8%B5-%D8%AF%DB%8C%D9%81%D9%86-%D8%A8%D8%A7%D8%AE%DB%8C%D8%A7-%D9%85%D8%A7%D8%AA%DB%8C%D9%84%D8%AF%D8%A7/,خاک مخصوص دیفن باخیا ماتیلدا,,118000,nan,,,True,2025-07-22 16:50:06,2025-07-27 17:12:52
https://torob.com/p/8bb2e7a9-c888-4519-beb8-248f7fd74225/%D8%B3%D9%88%D9%BE%D8%B1-%D8%AC%D8%A7%D8%B0%D8%A8-%DA%A9%D8%B4%D8%A7%D9%88%D8%B1%D8%B2%DB%8C-10-%DA%A9%DB%8C%D9%84%D9%88%DB%8C%DB%8C-%D8%A7%D9%81%D8%B2%D8%A7%DB%8C%D8%B4-20-%D8%B9%D9%85%D9%84%DA%A9%D8%B1-%D9%85%D8%AD%D8%B5%D9%88%D9%84/,سوپر جاذب کشاورزی (10 کیلوئی) - افزایش 20% عملکر محصول,,4850000,485000.0,10,,True,2025-07-22 16:50:06,2025-07-27 17:06:27
https://torob.com/p/a7ef0f06-6847-480c-ba1b-68c0f1a99d31/%DA%A9%D9%88%D8%AF-12-12-36-%D8%AF%D9%87-%DA%A9%DB%8C%D9%84%D9%88%DB%8C%DB%8C-%D8%A7%DA%A9%DB%8C%D8%B3-%D9%85%D9%86%D8%A7%D8%B3%D8%A8-%D9%85%D8%AD%D8%B5%D9%88%D9%84%D8%A7%D8%AA-%D8%A8%D8%A7%D8%BA%DB%8C-%D9%88-%D8%B2%D8%B1%D8%A7%D8%B9%DB%8C/,کود ۱۲-۱۲-۳۶ ده کیلویی اکیس | مناسب محصولات باغی و زراعی,,18700000,nan,,,True,2025-07-22 16:50:07,2025-07-27 17:02:24
https://torob.com/p/bd3063dd-898e-4282-810b-54e6901f23ce/%D8%B3%D9%88%D9%84%D9%88%D9%BE%D8%AA%D8%A7%D8%B3-%D9%86%DB%8C%D9%88%D8%A7%DA%AF%D8%B1%D9%88/,سولوپتاس نیواگرو,,3750000,nan,,,True,2025-07-22 16:50:07,2025-07-22 16:50:07
https://torob.com/p/a51e541c-509f-4bf7-856c-b39d6c1f42c0/%D8%B1%D9%88%D8%BA%D9%86-%D8%A7%D9%85%D9%88%D9%84%D8%B3%DB%8C%D9%88%D9%86-%D8%B4%D9%88%D9%86%D8%AF%D9%87-%D8%B1%D9%88%D8%BA%D9%86-%D9%88%D9%84%DA%A9-%D8%AE%D8%B2%D8%B1-%D8%B3%D9%85-10-%D9%84%DB%8C%D8%AA%D8%B1%DB%8C/,روغن امولسیون شونده(روغن ولک) خزر سم - ۱۰ لیتری,,1299000,129900.0,10,,True,2025-07-22 16:50:08,2025-07-27 17:09:19
https://torob.com/p/0b912c0a-788e-4a4f-a5dc-8b3f8bd92ad8/%D8%B3%D9%88%D9%84%D9%81%D9%88%D8%B1%D8%A7%D9%86-%D8%A7%D8%B3%DB%8C%D8%AF-%D8%A7%D8%B5%D9%84%D8%A7%D8%AD-%DA%A9%D9%86%D9%86%D8%AF%D9%87-%D9%82%D9%88%DB%8C-%D8%AE%D8%A7%DA%A9/,سولفوران اسید - اصلاح کننده قوی خاک,,790000,nan,,,True,2025-07-22 16:50:09,2025-07-27 17:02:58
https://torob.com/p/7c970b31-819d-41b6-9b09-c66664fe2175/%DA%A9%D9%88%D8%AF-%D9%85%D8%A7%DB%8C%D8%B9-%D9%85%D8%B1%D8%BA%DB%8C-%DA%86%D8%A7%D8%B1%D9%84%DB%8C-%D8%A7%DA%AF%D8%B1%D9%88%D9%84%D8%A7%DB%8C%D9%88/,کود مایع مرغی چارلی اگرولایو,,1287000,nan,,,True,2025-07-22 16:50:09,2025-07-22 16:50:09
https://torob.com/p/fd9aff85-68eb-4121-810c-7b641bd94039/%DA%A9%D9%88%D8%AF-10-52-10-npk/,کود ۱۰ ۵۲ ۱۰ NPK,,165000,nan,,,True,2025-07-22 16:50:10,2025-07-27 16:57:04
https://torob.com/p/6bb137a1-f81e-4c64-b86e-9ad24cfa7622/floraflex-%DA%A9%D9%88%D8%AF-%D9%81%D9%84%D9%88%D8%B1%D8%A7-%D9%81%D9%84%DA%A9%D8%B3/,FloraFlex (کود فلورا فلکس),,7000000,nan,,,True,2025-07-22 16:50:10,2025-07-22 16:50:10
https://torob.com/p/486e29a3-5965-4400-afec-b14035985917/%D9%87%DB%8C%D9%88%D9%85%DB%8C%DA%A9-%D8%A7%D8%B3%DB%8C%D8%AF-%D8%B3%D8%A8%D9%88%D8%B3%DB%8C%D8%A8-%D9%BE%D8%AA%D8%A7%D8%B3-%D8%A8%D8%A7%D9%84%D8%A7/,هیومیک اسید سبوسیب پتاس بالا,,6800000,nan,,,True,2025-07-22 16:50:11,2025-07-27 16:52:53
https://torob.com/p/ca018653-fbd2-44c5-85b1-272e7016cc24/%DA%A9%D9%88%D8%AF-%D9%BE%D8%AA%D8%A7%D8%B3%DB%8C%D9%85-%D9%85%D8%A7%DB%8C%D8%B9-%D8%A8%D8%A7-%D8%A7%D9%85%DB%8C%D9%86%D9%88-%D8%A7%D8%B3%DB%8C%D8%AF-%D8%A7%DB%8C%D8%B1%D8%A7%D9%85%D9%88%D9%86/,کود پتاسیم مایع با آمینو اسید ایرامون,,323840,nan,,,True,2025-07-22 16:50:12,2025-07-27 17:03:53
https://torob.com/p/f6b216a2-1e4a-4c08-aaa9-115c49603a22/%DA%A9%D9%88%D8%AF-%DA%AF%D9%88%DA%AF%D8%B1%D8%AF-%D9%85%D8%A7%DB%8C%D8%B9-%D8%B4%D9%88%DA%A9/,کود گوگرد مایع شوک,,2300000,nan,,,True,2025-07-22 16:50:12,2025-07-27 17:02:22
https://torob.com/p/7bfff976-90e6-4c7a-af20-a6760fa0442a/%DA%A9%D9%86%D9%87-%DA%A9%D8%B4-%D9%BE%D8%B1%D9%88%D9%BE%D8%A7%D8%B1%DA%98%DB%8C%D8%AA-%D9%85%D8%B4%DA%A9%D9%81%D8%A7%D9%85-1-%D9%84%DB%8C%D8%AA%D8%B1/,کنه کش پروپارژیت مشکفام 1 لیتر,,992000,992000.0,1,,True,2025-07-22 16:50:13,2025-07-27 17:13:35
https://torob.com/p/1ea12f74-da56-4760-a67e-763dff55a1c0/%DA%A9%D9%88%D8%AF-flower-set-%D8%A8%D9%87%DB%8C%D9%86%D9%87-%D8%B3%D8%A7%D8%B2%DB%8C-%DA%AF%D9%84%D8%AF%D9%87%DB%8C-1%D9%84%DB%8C%D8%AA%D8%B1%DB%8C/,کود Flower Set – بهینه سازی گلدهی 1لیتری,,395000,395000.0,1,,True,2025-07-22 16:50:14,2025-07-22 16:50:14
https://torob.com/p/a3adae89-68b0-4460-9a4a-c70bd9be292e/%DA%A9%D9%88%D8%AF-%DA%A9%D9%84%D8%A7%D8%AA-%D8%A7%D9%85%DB%8C%D9%86%D9%88-%D8%B1%D9%88%DB%8C-%D8%AA%DA%A9%D9%86%D9%88%DA%A9%D9%84-%D8%A7%D8%B3%D9%BE%D8%A7%D9%86%DB%8C%D8%A7%DB%8C%DB%8C/,کود کلات آمینو روی تکنوکل اسپانیایی,,865000,nan,,,True,2025-07-22 16:50:14,2025-07-22 16:50:14
https://torob.com/p/8f734fbb-9f88-4d03-b3bd-4b9658e5fa32/%D8%A7%D9%88%D9%84%D8%AA%D8%B1%D8%A7-%D9%81%D9%88%D9%84%D9%88%DB%8C%DA%A9-%D8%B3%D8%B1%D8%A7%DB%8C-%D8%B3%D9%BE%D9%86%D8%AF-%DB%8C%DA%A9-%DA%A9%DB%8C%D9%84%D9%88%DB%8C%DB%8C/,اولترا فولویک سرای سپند یک کیلویی,,550000,nan,,,True,2025-07-22 16:50:15,2025-07-27 17:00:04
https://torob.com/p/e159390d-a4ff-44b0-8f4c-d16216dbfb8c/%DA%A9%D9%88%D8%AF-105210-%D9%81%D8%B3%D9%81%D8%B1-%D8%B1%DB%8C%D8%B4%D9%87-%D8%B2%D8%A7%DB%8C%DB%8C-%D9%88-%D9%BE%D8%A7%D8%AC%D9%88%D8%B4-%D8%AF%D9%87%DB%8C-%D8%AF%D8%B1-%D8%A8%D8%B3%D8%AA%D9%87-%D8%A8%D9%86%D8%AF%DB%8C-100-%DA%AF%D8%B1%D9%85%DB%8C/,کود 105210 فسفر .ریشه زایی و پاجوش دهی در بسته بندی 100 گرمی,,90000,nan,,,True,2025-07-22 16:50:16,2025-07-27 17:03:23
https://torob.com/p/cbfae340-b400-4956-b941-d59cd9310c75/%DA%A9%D9%88%D8%AF-%D8%B3%D9%88%D9%84%D9%81%D8%A7%D8%AA-%D9%85%D9%86%DB%8C%D8%B2%DB%8C%D9%85-24-%D9%88%D9%BE%D8%B1%D9%88%D9%81%D8%B1%D8%AA-%D9%87%D9%84%D9%86%D8%AF-1-%DA%A9%DB%8C%D9%84%D9%88%DB%8C%DB%8C/,کود سولفات منیزیم ۲۴% وپروفرت هلند ۱ کیلویی,,95000,95000.0,1,,True,2025-07-22 16:50:16,2025-07-27 17:11:05
https://torob.com/p/58692285-0f58-410e-be4e-2631f78743b8/%D8%A7%DA%A9%D8%B3%D8%AA%D8%B1%D8%A7-%DA%A9%D8%A7-%DA%A9%D9%88%D8%AF-%D9%BE%D8%AA%D8%A7%D8%B3-%D8%A8%D8%A7%D9%84%D8%A7/,اکسترا کا ( کود پتاس بالا),,280000,nan,,,True,2025-07-22 16:50:17,2025-07-22 16:50:17
https://torob.com/p/043b9095-15e2-435b-83ed-d3b211937de1/%DA%A9%D9%88%D8%AF-15530-%D8%A7%D8%B1%DA%A9%D8%A7%D8%AF%DB%8C%D8%A7/,کود 15.5.30 آرکادیا,,2200000,nan,,,True,2025-07-22 16:50:17,2025-07-22 16:50:17
https://torob.com/p/b898e754-34dc-4099-9553-7590beee73e0/%DA%A9%D9%88%D8%AF-%D9%BE%D8%AA%D8%A7%D8%B3-95-%D8%B4%D9%88%DA%A9/,کود پتاس 95% شوک,,2500000,nan,,,True,2025-07-22 16:50:18,2025-07-27 17:03:34
https://torob.com/p/68dba07a-2bf6-4882-b4dd-288c9bb519a6/%DA%A9%D9%88%D8%AF-%D8%A8%D8%A7%DB%8C%D9%88-%D9%87%D9%88%D9%86-%D8%A8%D8%A7%DB%8C%D9%88%D8%A8%DB%8C%D8%B2-10-%D9%84%DB%8C%D8%AA%D8%B1%DB%8C/,کود بایو هون بایوبیز 10 لیتری,,50050000,5005000.0,10,,True,2025-07-22 16:50:19,2025-07-27 17:13:16
https://torob.com/p/cd3ba835-4b9b-49f3-b4fa-ba6404a2f433/%DA%A9%D8%A7%D8%AA-%DA%A9%D8%A8%D9%88%D8%AF-%D8%B3%D9%88%D9%84%D9%81%D8%A7%D8%AA-%D9%85%D8%B3-%D8%B4%DA%A9%D8%B1%DB%8C-10%DA%A9%DB%8C%D9%84%D9%88-%DA%AF%D8%B1%D9%85/,کات کبود (سولفات مس شکری)10کیلو گرم,,2460000,246000.0,10,,True,2025-07-22 16:50:19,2025-07-27 17:00:06
https://torob.com/p/b8708d40-5a1a-40d6-8894-546c8f15edda/%DA%A9%D9%88%D8%AF-%D9%85%D8%A7%DB%8C%D8%B9-%D8%AC%D9%84%D8%A8%DA%A9-%D8%AF%D8%B1%DB%8C%D8%A7%DB%8C%DB%8C-%D9%BE%D8%B1%D9%88%D8%AA%DA%A9%D8%AA-%D9%86%DB%8C%DA%86%D8%B1-%D9%85%D8%AF%D9%84-se-%D8%AD%D8%AC%D9%85-125-%D9%85%DB%8C%D9%84%DB%8C-%D9%84%DB%8C%D8%AA%D8%B1/,کود مایع جلبک دریایی پروتکت نیچر مدل Se حجم 125 میلی لیتر,,200000,nan,,,True,2025-07-22 16:50:20,2025-07-27 17:12:06
https://torob.com/p/ed8401ac-eb3b-4641-856b-c3703b913cee/%D8%AE%D8%B1%DB%8C%D8%AF-%DA%A9%D9%88%D8%AF-%D9%81%D8%B3%D9%81%D8%B1-%D8%A8%D8%A7%D9%84%D8%A7-80-%D8%B4%D9%88%DA%A9/,خرید کود فسفر بالا 80% شوک,,6000000,nan,,,True,2025-07-22 16:50:21,2025-07-27 17:08:51
https://torob.com/p/2def277f-3188-41cb-8fa0-4826ad03387f/%DA%A9%D9%88%D8%AF-%D8%A7%D8%B2%D8%AA-%D8%A8%D8%A7%D9%84%D8%A7-%DB%8C%DA%A9-%D8%B1%D9%88%DB%8C%D8%B4-%D9%86%DB%8C%D8%AA%D8%B1%D9%88-%D8%B1%D9%88%DB%8C%D8%B4/,کود ازت بالا یک رویش (نیترو رویش),,81200,nan,,,True,2025-07-22 16:50:21,2025-07-22 16:50:21
https://torob.com/p/4f711582-17c5-43ac-8a5e-db8659c1549d/%D9%82%D8%A7%D8%B1%DA%86-%DA%A9%D8%B4-%D8%A7%DA%A9%D8%B3%D8%A7%D9%88%DB%8C%D8%AA-%D8%A7%D8%B1%DB%8C%D8%A7-%D8%B4%DB%8C%D9%85%DB%8C/,قارچ کش اکساویت آریا شیمی,,79000,nan,,,True,2025-07-22 16:50:22,2025-07-22 16:50:22
https://torob.com/p/35d3b92e-dab2-4f13-b26e-ae842c430bab/%D8%B3%D9%85-%D8%B9%D9%84%D9%81-%DA%A9%D8%B4-%D9%85%D8%AF%D9%84-%DA%AF%D9%84%D8%A7%DB%8C%D9%81%D9%88%D8%B2%DB%8C%D8%AA-%D8%B1%D8%A7%D9%86%D8%AF%D8%A7%D9%BE-%D8%A8%D8%B1%D9%86%D8%AF-%DA%AF%D9%84-%D8%B3%D9%85-%D8%AD%D8%AC%D9%85-%DB%8C%DA%A9-%D9%84%DB%8C%D8%AA%D8%B1/,سم علف کش مدل گلایفوزیت (رانداپ) برند گل سم حجم یک لیتر,,440000,nan,,,True,2025-07-22 16:50:23,2025-07-22 16:50:23
https://torob.com/p/19c12193-a4b7-4c93-9aac-a5df5b6bfa6a/%D9%82%D8%A7%D8%B1%DA%86%DA%A9%D8%B4-%D8%AA%D8%B1%DB%8C-%D8%B3%DB%8C%DA%A9%D9%84%D8%A7%D8%B2%D9%88%D9%84-%D9%86%DB%8C%D9%85-%DA%A9%DB%8C%D9%84%D9%88%DB%8C%DB%8C-%D9%BE%D9%88%D8%AF%D8%B1-%D9%88%D8%AA%D8%A7%D8%A8%D9%84/,قارچکش تری سیکلازول نیم کیلویی پودر وتابل,,450000,nan,,,True,2025-07-22 16:50:23,2025-07-27 17:03:54
https://torob.com/p/9ea341c6-91c9-4420-a248-56107ff3dd0b/%DA%A9%D9%88%D8%AF-%D8%B2%DB%8C%D8%B3%D8%AA%DB%8C-%D9%87%D9%88%DA%A9%D8%B1/,کود زیستی هوکر,,550000,nan,,,True,2025-07-22 16:50:24,2025-07-27 17:08:31
https://torob.com/p/01647157-ee5c-4fa9-ab33-fe4ef0c6881f/%D9%82%D8%A7%D8%B1%DA%86-%DA%A9%D8%B4-%D8%A7%DA%A9%D8%B3%DB%8C-%DA%A9%D9%84%D8%B1%D9%88-%D9%85%D8%B3-85-%D8%AF%D8%B1%D8%B5%D8%AF-25-%DA%AF%D8%B1%D9%85%DB%8C/,قارچ کش اکسی کلرو مس 85 درصد 25 گرمی,,55000,nan,,,True,2025-07-22 16:50:24,2025-07-27 17:06:10
https://torob.com/p/3ad91eaa-af97-492e-8f63-d8227c30f2d4/%D8%AE%D8%B1%DB%8C%D8%AF-%DA%A9%D9%88%D8%AF-%D9%81%D8%B3%D9%81%DB%8C%D8%AA-%D9%BE%D8%AA%D8%A7%D8%B3%DB%8C%D9%85-%D8%B4%D9%88%DA%A9-%DA%A9%D9%88%D8%AF-%DA%AF%D8%B1%D8%A7%D9%85/,خرید کود فسفیت پتاسیم شوک - کود گرام,,280000,nan,,,True,2025-07-22 16:50:25,2025-07-27 16:58:43
https://torob.com/p/83c18381-e4c4-49c3-a658-a177c074c4cd/%D8%A7%D9%86-%D9%BE-%DA%A9%D8%A7-20-20-20-%D9%85%D8%B3%D8%AA%D8%B1-%DA%A9%D8%AF/,ان پ کا 20 20 20 مستر کد,,3600000,nan,,,True,2025-07-22 16:50:26,2025-07-27 17:06:29
https://torob.com/p/306f9f18-79b9-4022-b070-654dc2b252d9/%D8%B3%D9%85-%D8%AD%D8%B4%D8%B1%D9%87-%DA%A9%D8%B4-%D8%A7%D8%A8%D8%A7%D9%85%DA%A9%D8%AA%DB%8C%D9%86-1-%D9%84%DB%8C%D8%AA%D8%B1%DB%8C-%D9%85%D8%B2%D8%B1%D8%B9%D9%87/,سم حشره کش آبامکتین 1 لیتری مزرعه,,600000,600000.0,1,,True,2025-07-22 16:50:26,2025-07-27 16:57:56
https://torob.com/p/724e02ed-6e0e-4d7d-ab41-a5f02ab0f53f/%D8%B3%D9%88%D9%84%D9%81%D8%A7%D8%AA-%D9%BE%D8%AA%D8%A7%D8%B3%DB%8C%D9%85-%D8%B3%D9%88%D9%84%D9%88%D9%BE%D8%AA%D8%A7%D8%B3/,سولفات پتاسیم (سولوپتاس),,343750,nan,,,True,2025-07-22 16:50:27,2025-07-27 16:58:51
https://torob.com/p/117516fd-cd87-4aba-bbb9-ab90ed5e4cba/%D8%B9%D9%84%D9%81-%DA%A9%D8%B4-%DA%AF%D9%84%D8%A7%DB%8C%D9%81%D9%88%D8%B2%DB%8C%D8%AA-%D8%B1%D8%A7%D9%86%D8%AF%D8%A7%D9%BE-%D8%B4%DB%8C%D9%85%D8%A7%DA%AF%D8%B1%D9%88/,علف کش گلایفوزیت(رانداپ) شیماگرو,,470000,nan,,,True,2025-07-22 16:50:28,2025-07-22 16:50:28
https://torob.com/p/5fe2d889-1ac4-4029-a804-e85c81d5afc7/%D8%B9%D9%84%D9%81%DA%A9%D8%B4-%D8%B3%D9%88%D9%BE%D8%B1-%DA%AF%D8%A7%D9%84%D8%A7%D9%86%D8%AA-%D9%87%D8%A7%D9%84%D9%88%DA%A9%D8%B3%DB%8C-%D9%81%D9%88%D9%BE-%D8%A7%D8%B1-%D9%85%D8%AA%DB%8C%D9%84-500cc/,علفکش سوپر گالانت ( هالوکسی فوپ آر متیل ) 500cc,,385000,nan,,,True,2025-07-22 16:50:28,2025-07-22 16:50:28
https://torob.com/p/9f273a8e-2688-4e08-acb6-e42f8640ab4f/%D9%85%D9%88%DB%8C%D8%A7%D9%86-%D8%B5%D8%A7%D8%A8%D9%88%D9%86-%D9%85%D8%AD%D9%84%D9%88%D9%84-%D9%BE%D8%A7%D8%B4%DB%8C-%DA%AF%D9%88%DA%AF%D8%B1%D8%AF%DB%8C-20-%D9%84%DB%8C%D8%AA%D8%B1%DB%8C/,مویان (صابون محلول پاشی گوگردی) ۲۰ لیتری,,1800000,90000.0,20,,True,2025-07-22 16:50:29,2025-07-27 16:59:21
https://torob.com/p/5d284d46-15dd-4bf3-8052-17e4f1f4643f/%D8%B3%D9%85-%D9%85%D8%AA%D8%A7%D9%84%D8%AF%D9%87%DB%8C%D8%AF-%D8%A7%D8%B1%DB%8C%D8%A7-%D8%B4%DB%8C%D9%85%DB%8C-%D8%AD%D9%84%D8%B2%D9%88%D9%86-%DA%A9%D8%B4-%D8%B6%D8%AF-%D8%A7%D8%A8-1%DA%A9%DB%8C%D9%84%D9%88%DB%8C%DB%8C/,سم متالدهید آریا شیمی حلزون کش ضد آب 1کیلویی,,180000,180000.0,1,,True,2025-07-22 16:50:30,2025-07-22 16:50:30
https://torob.com/p/9bffce3d-1e49-4990-9d77-e669acf8eec8/%D9%BE%D9%88%DA%A9%D9%87-%D9%85%D8%B9%D8%AF%D9%86%DB%8C-%D8%B7%D8%A8%DB%8C%D8%B9%D8%AA-%D8%B4%DB%8C%DA%A9-%D8%A8%D9%87%D8%A8%D9%88%D8%AF-%D8%B2%D9%87%DA%A9%D8%B4%DB%8C-%D9%88-%D8%B1%D8%B4%D8%AF-%D8%B3%D8%A7%D9%84%D9%85-%DA%AF%DB%8C%D8%A7%D9%87%D8%A7%D9%86-850-%DA%AF%D8%B1%D9%85/,"""پوکه معدنی طبیعت شیک، بهبود زهکشی و رشد سالم گیاهان"" - 850 گرم",,25000,nan,,,True,2025-07-22 16:50:30,2025-07-27 17:14:17
https://torob.com/p/42033c11-5480-4843-b417-d0fc73065526/%D9%84%D8%A7%D9%85%D8%A8%D8%A7%D8%AF%D8%A7%D8%B3%D8%A7%DB%8C-%D9%87%D8%A7%D9%84%D9%88%D8%AA%D8%B1%DB%8C%D9%86-%D8%A7%D9%85%D8%A7%D8%AC-0-5%D9%84%DB%8C%D8%AA%D8%B1%DB%8C/,لامباداسای هالوترین(آماج) 0/5لیتری,,480000,96000.0,5,,True,2025-07-22 16:50:31,2025-07-22 16:50:31
https://torob.com/p/fba2ef7f-7639-4364-85b9-8686cb71d2e5/%D8%B3%D9%85-%D9%BE%D8%B1%D9%88%D9%BE%D8%AA%D8%A7%D9%85%D9%81%D9%88%D8%B3-35-%D8%A7%D9%85%D9%88%D9%84%D8%B3%DB%8C%D9%88%D9%86-0-5-%D9%84%DB%8C%D8%AA%D8%B1%DB%8C/,سم پروپتامفوس 35% امولسیون - 0/5 لیتری,,1150000,230000.0,5,,True,2025-07-22 16:50:32,2025-07-27 16:56:05
https://torob.com/p/dcb212f2-9666-4d23-97f6-76cd1a8957c6/%DA%A9%D9%88%D8%AF-%D8%AF%D8%B1%D8%AE%D8%AA-%D9%BE%D8%B3%D8%AA%D9%87-%D8%A8%D9%85%D8%A8/,کود درخت پسته بمب,,3700000,nan,,,True,2025-07-22 16:50:32,2025-07-27 17:00:34
https://torob.com/p/b679450f-a151-4aca-bb28-5ea07996764c/%DA%A9%D9%88%D8%AF-%D9%81%D8%B3%D9%81%D8%B1-%D8%A8%D8%A7%D9%84%D8%A7%DB%8C-%D8%B4%D9%88%DA%A9-%D8%A8%D8%B1%D8%A7%DB%8C-%D8%AE%D8%B1%DB%8C%D8%AF/,کود فسفر بالای شوک برای خرید,,8000000,nan,,,True,2025-07-22 16:50:33,2025-07-27 17:04:26
https://torob.com/p/2407e396-e437-461e-ad83-b350c93cebd3/%D8%AE%D8%A7%DA%A9-%DA%AF%D9%84-%D8%A7%D9%BE%D8%A7%D8%B1%D8%AA%D9%85%D8%A7%D9%86%DB%8C-%D8%AE%D8%A7%DA%A9-%DA%AF%D9%84%D8%AF%D8%A7%D9%86-2-%D9%84%DB%8C%D8%AA%D8%B1-%D8%A8%D8%B1%D8%A7%DB%8C-%D8%AA%D9%85%D8%A7%D9%85%DB%8C-%DA%AF%D9%84%D9%87%D8%A7%DB%8C-%D8%AA%D8%B2%DB%8C%DB%8C%D9%86%DB%8C/,"خاک گل آپارتمانی / خاک گلدان (2 لیتر) ""برای تمامی گلهای تزئینی""""",,49000,24500.0,2,,True,2025-07-22 16:50:33,2025-07-27 16:58:33
https://torob.com/p/8d29e08f-844d-4f5c-8533-2e3dbc42351a/%D8%B1%D9%88%D8%BA%D9%86-%D8%A7%D9%85%D9%88%D9%84%D8%B3%DB%8C%D9%88%D9%86-%D8%B4%D9%88%D9%86%D8%AF%D9%87-%D8%B1%D9%88%D8%BA%D9%86-%D9%88%D9%84%DA%A9-%D8%AE%D8%B2%D8%B1-%D8%B3%D9%85-20-%D9%84%DB%8C%D8%AA%D8%B1%DB%8C/,روغن امولسیون شونده(روغن ولک) خزر سم - ۲۰ لیتری,,2199000,109950.0,20,,True,2025-07-22 16:50:34,2025-07-27 17:00:57
https://torob.com/p/2a4cba16-6a79-4548-87d2-0a2f937b200a/%DA%AF%D8%A7%D8%A8%D8%B1%DB%8C-%D9%85%DB%8C%DA%A9%D8%B3-%DA%A9%D9%88%D8%AF-%D9%85%D8%A7%D9%87%DB%8C-6%D8%AA%D8%A7%DB%8C%DB%8C/,گابـری میکـس | کـود ماهـی(6تایی),,2100000,nan,,,True,2025-07-22 16:50:35,2025-07-27 17:08:38
https://torob.com/p/86e49540-ad7a-4546-9734-1690ecafba07/%D8%A7%D8%B3%D9%88%D9%85%DB%8C%D9%86/,آسومین,,100000,nan,,,True,2025-07-22 16:50:35,2025-07-22 16:50:35
https://torob.com/p/95dfc0d9-cd17-44b9-a83e-673ef4b6f5cc/%D8%A7%D8%A8%D8%A7%D9%85%DA%A9%D8%AA%DB%8C%D9%86-%D9%86%DB%8C%D9%85-%D9%84%DB%8C%D8%AA%D8%B1%DB%8C-%DA%A9%D8%A7%D9%88%D8%B4/,آبامکتین - نیم لیتری کاوش,,275000,nan,,,True,2025-07-22 16:50:36,2025-07-27 17:09:37
https://torob.com/p/35f6bf50-a8a4-4edd-956f-adf4aff0c8bd/%D9%82%D8%A7%D8%B1%DA%86-%DA%A9%D8%B4-%D9%BE%D8%B1%D9%88%D9%BE%D8%A7%D9%85%D9%88%DA%A9%D8%A7%D8%B1%D8%A8-%D9%87%DB%8C%D8%AF%D8%B1%D9%88%DA%A9%D9%84%D8%B1%D8%A7%DB%8C%D8%AF-%D8%A7%D8%B3%DA%A9%D8%A7%D8%AF%D8%B1%D8%A7%D9%86/,قارچ کش پروپاموکارب هیدروکلراید (اسکادران),,720000,nan,,,True,2025-07-22 16:50:37,2025-07-22 16:50:37
https://torob.com/p/1b72dda9-cff8-459f-911d-63530d9a6c0e/%DA%A9%D9%88%D8%AF-%D8%AA%D8%B1%D9%86-46-%D8%A7%D9%88%D8%B1%D9%87-46-%D8%A7%DA%AF%D8%B1%DB%8C-%D8%AA%D8%B1%D9%86-%DA%A9%DB%8C%D8%B3%D9%87-25-%DA%A9%DB%8C%D9%84%D9%88%DB%8C%DB%8C/,کود ترن ۴۶ (اوره ۴۶%) اگری ترن کیسه 25 کیلویی,,1700000,68000.0,25,,True,2025-07-22 16:50:37,2025-07-27 17:13:04
https://torob.com/p/05f288c7-f85d-40e3-84d4-1fdc9bd7a2b0/%DA%A9%D9%88%D8%AF-%D8%A7%D9%84%DB%8C-%D8%B1%D9%88%DB%8C-%D9%88-%D8%A8%D9%88%D8%B1-%D9%81%D8%B1%D9%88%D8%AA-%D8%B3%D8%AA-%DA%A9%DB%8C%D9%84%DB%8C%D8%AA%D8%B1%DB%8C%D9%86-1-%D9%84%DB%8C%D8%AA%D8%B1%DB%8C-10/,کود آلی روی و بور (فروت ست) کیلیترین 1 لیتری - 10,,7500000,7500000.0,1,,True,2025-07-22 16:50:38,2025-07-22 16:50:38
https://torob.com/p/11b2d18a-d4dc-4404-9ac3-ea775e0c1e15/%D9%82%D8%A7%D8%B1%DA%86-%DA%A9%D8%B4-%D8%AA%D8%B1%DB%8C-%D9%81%D9%84%D9%88%DA%A9%D8%B3%DB%8C-%D8%A7%D8%B3%D8%AA%D8%B1%D9%88%D8%A8%DB%8C%D9%86-%2B-%D8%AA%D8%A8%D9%88%DA%A9%D9%88%D9%86%D8%A7%D8%B2%D9%88%D9%84-%DA%A9%D8%A7%D9%88%D8%B4-%D9%86%D8%A7%D8%AA%DB%8C%D9%88%D9%88/,قارچ کش تری فلوکسی استروبین + تبوکونازول کاوش (ناتیوو),,375000,nan,,,True,2025-07-22 16:50:39,2025-07-22 16:50:39
https://torob.com/p/ddee9fdb-b0f9-4be0-a434-a3e679e75a0f/%D9%87%DB%8C%D9%88%D9%85%DB%8C%DA%A9-%D8%A7%D8%B3%DB%8C%D8%AF-%D9%85%D8%A7%DB%8C%D8%B9-%D8%AA%D8%A7%D9%86%DB%8C%D8%B4-%D9%88%D8%A7%D9%86/,هیومیک اسید مایع تانیش وان,,400000,nan,,,True,2025-07-22 16:50:39,2025-07-27 17:12:28
https://torob.com/p/4a25f0d4-1af5-49e7-9c75-d93ad760c768/%D8%A7%D8%A8%D8%A7%D9%85%DA%A9%D8%AA%DB%8C%D9%86-%DA%A9%D9%86%D9%87-%DA%A9%D8%B4-%D9%82%D9%88%DB%8C-%D8%A7%D8%B3%D9%BE%D8%B1%DB%8C-250-%D9%85%DB%8C%D9%84%DB%8C-%D9%84%DB%8C%D8%AA%D8%B1/,آبامکتین( کنه کش قوی) اسپری 250 میلی لیتر,,105000,nan,,,True,2025-07-22 16:50:40,2025-07-27 17:09:58
https://torob.com/p/9e030976-d779-45dc-9abb-7e7a0792af60/%DA%A9%D9%88%D8%AF-%D9%81%D8%B3%D9%81%D8%B1-%D8%A8%D8%A7%D9%84%D8%A7-%D8%A8%D9%85%D8%A8/,کود فسفر بالا بمب,,4800000,nan,,,True,2025-07-22 16:50:41,2025-07-27 17:07:54
https://torob.com/p/61510e21-d8c7-4f5c-8fcb-c5716c452e26/%D8%B1%DB%8C%DA%A9%D9%88%D9%85%DB%8C%DA%A9-%DA%A9%D9%84%D8%B3%DB%8C%D9%85-%D8%A8%D8%B1/,ریکومیک کلسیم بر,,895000,nan,,,True,2025-07-22 16:50:41,2025-07-27 17:13:37
https://torob.com/p/413b2097-7171-4023-8a73-42ac52592b19/%DA%A9%D9%88%D8%AF-%D9%85%D8%A7%DB%8C%D8%B9-%D9%81%DB%8C%D8%AA-%DA%A9%D8%A7-%D9%85%DA%A9%D8%B3-%D9%81%D8%B3%D9%81%DB%8C%D8%AA-%D9%BE%D8%AA%D8%A7%D8%B3%DB%8C%D9%85/,کود مایع فیت کا مکس ( فسفیت پتاسیم ),,550000,nan,,,True,2025-07-22 16:50:42,2025-07-27 16:59:49
https://torob.com/p/3acb2f71-f03d-4c7e-b9a4-3cb5422120a0/%DA%A9%D9%88%D8%AF-%D9%85%D8%A7%DB%8C%D8%B9-%D9%86%DB%8C%D8%AA%D8%B1%D8%A7%D8%AA-%DA%A9%D9%84%D8%B3%DB%8C%D9%85-%D8%B1%DB%8C%DA%86-%D9%81%D8%B1%D8%AA-%D8%AF%D8%A7%D8%AA%DB%8C%D8%B3-%D8%B3%D8%B7%D9%84-20-%D9%84%DB%8C%D8%AA%D8%B1%DB%8C/,کود مایع نیترات کلسیم ریچ فرت داتیس سطل ۲۰ لیتری,,1850000,92500.0,20,,True,2025-07-22 16:50:43,2025-07-27 17:01:57
https://torob.com/p/4392a568-6d20-4467-a02a-7bb1fe92c62f/%DA%A9%D9%88%D8%AF-%D8%B3%D9%88%D9%84%D9%81%D8%A7%D8%AA-%D8%B1%D9%88%DB%8C-%DA%A9%D9%86%D8%AC%D8%A7%D9%84%D9%87-%D8%B3%D8%A7%D8%B2-25-%DA%A9%DB%8C%D9%84%D9%88%DB%8C%DB%8C/,کود سولفات روی کنجاله ساز (۲۵ کیلویی),,3480000,139200.0,25,,True,2025-07-22 16:50:43,2025-07-27 17:08:15
https://torob.com/p/0c4da8c8-41ec-40e1-8547-b849cd574a9d/%D8%A7%D9%81%D9%88%D8%B1%DB%8C%D8%A7-%D8%B3%DB%8C%D9%86%D8%AC%D9%86%D8%AA%D8%A7-eforia/,افوریا سینجنتا Eforia,,1500000,nan,,,True,2025-07-22 16:50:44,2025-07-22 16:50:44
https://torob.com/p/b69f61ba-604e-4784-a03d-453843b4ccc8/%D8%A7%D8%B3%DB%8C%D8%AF-%D8%A7%D9%86%D9%81%D9%88%D8%B1%DB%8C%DA%A9-%D8%A7%DA%AF%D8%B1%D9%88%D9%81%D8%B1/,اسید انفوریک اگروفر,,1017000,nan,,,True,2025-07-22 16:50:45,2025-07-22 16:50:45
https://torob.com/p/2ec31e33-f86c-4656-b315-973def2765c5/%D8%B9%D8%A7%D8%B1%DB%8C-%D8%A7%D8%B2-%D8%AA%D8%B1%DA%A9%DB%8C%D8%A8%D8%A7%D8%AA-%D8%B4%DB%8C%D9%85%DB%8C%D8%A7%DB%8C%DB%8C-%D9%88-%D9%85%D8%B6%D8%B1-%D8%A8%D8%B1%D8%A7%DB%8C-%DA%AF%DB%8C%D8%A7%D9%87-%D8%AF%D8%A7%D8%B1%D8%A7%DB%8C-%D9%85%D9%82%D8%AF%D8%A7%D8%B1-%D9%85%D9%86%D8%A7%D8%B3%D8%A8%DB%8C-%D9%85%D8%A7%D8%B3%D9%87-%D8%AC%D9%87%D8%AA-%D8%B9%D8%A8%D9%88%D8%B1-%D8%A7%D8%A8-%D8%A7%D8%B6%D8%A7%D9%81%DB%8C-%D8%A7%D8%B2-%D8%AE%D8%A7%DA%A9-%D9%88-%D8%AC%D9%84%D9%88%DA%AF%DB%8C%D8%B1%DB%8C-%D8%A7%D8%B2-%D9%BE%D9%88%D8%B3%DB%8C%D8%AF%DA%AF%DB%8C-%D8%B1%DB%8C%D8%B4%D9%87-%D8%AD%D8%A7%D9%88%DB%8C-%D9%BE%DB%8C%D8%AA-%D9%85%D8%A7%D8%B3-%D8%AC%D9%87%D8%AA-%D8%AA%D9%82%D9%88%DB%8C%D8%AA-%DA%AF%DB%8C%D8%A7%D9%87-%D8%AF%D8%A7%D8%B1%D8%A7%DB%8C-%DA%A9%D9%85%D9%BE%D9%88%D8%B3%D8%AA-%DA%AF%DB%8C%D8%A7%D9%87%DB%8C-%D8%AC%D9%87%D8%AA-%D8%AA%D8%A7%D9%85%DB%8C%D9%86-%D9%85%D9%88%D8%A7%D8%AF-%D9%85%D8%BA%D8%B0%DB%8C-%D9%85%D9%88%D8%B1%D8%AF-%D9%86%DB%8C%D8%A7%D8%B2-%DA%AF%DB%8C%D8%A7%D9%87-%D8%AC%D9%84%D9%88%DA%AF%DB%8C%D8%B1%DB%8C-%D8%A7%D8%B2-%D8%B2%D8%B1%D8%AF-%D8%B4%D8%AF%D9%86-%D8%A8%D8%B1%DA%AF-%D9%87%D8%A7-%D8%A8%D9%87%D8%A8%D9%88%D8%AF-%D8%AC%D9%88%D8%A7%D9%86%D9%87-%D8%B2%D9%86%DB%8C-%D8%A8%D8%A7%D9%84%D8%A7-%D8%A8%D8%B1%D8%AF%D9%86-%D9%85%D9%82%D8%A7%D9%88%D9%85%D8%AA-%DA%AF%DB%8C%D8%A7%D9%87-%D8%AF%D8%B1-%D8%A8%D8%B1%D8%A7%D8%A8%D8%B1-%D8%B4%D8%B1%D8%A7%DB%8C%D8%B7-%D9%86%D8%A7%D9%85%D8%B3%D8%A7%D8%B9%D8%AF-%D8%B7%D8%A8%DB%8C%D8%B9%DB%8C/,عاری از ترکیبات شیمیایی و مضر برای گیاه دارای مقدار مناسبی ماسه جهت عبور آب اضافی از خاک و جلوگیری از پوسیدگی ریشه حاوی پیت ماس جهت تقویت گیاه دارای کمپوست گیاهی جهت تامین مواد مغذی مورد نیاز گیاه جلوگیری از زرد شدن برگ ها بهبود جوانه زنی بالا بردن مقاومت گیاه در برابر شرایط نامساعد طبیعی,,115000,nan,,,True,2025-07-22 16:50:45,2025-07-22 16:50:45
https://torob.com/p/68c93515-482d-47fb-8cd2-39e50857fd0a/%D8%AE%D8%B1%DB%8C%D8%AF-%DA%A9%D9%88%D8%AF-%D8%A7%DA%A9%D8%A7%D9%BE%D9%84%D9%88-%D9%87%DB%8C%D9%88%D9%85%DB%8C%DA%A9-%D8%A7%D8%B3%DB%8C%D8%AF-%D9%BE%D9%88%D8%AF%D8%B1-%D8%A7%DA%AF%D8%B1%DB%8C%D9%81%D8%B1%D8%AAacapolohumicacid-%D8%AF%DB%8C%D8%A7%D8%B1%DA%A9%D8%B4%D8%AA/,خرید کود آکاپلو هیومیک اسید پودر اگریفرتAcapoloHumicAcid | دیارکشت,,19500000,nan,,,True,2025-07-22 16:50:46,2025-07-27 17:05:24
https://torob.com/p/00aa91af-71b3-4966-af1d-d6d5ad075dba/%DA%AF%DB%8C%D8%B1%D9%87-%D9%86%DA%AF%D9%87%D8%AF%D8%A7%D8%B1%D9%86%D8%AF%D9%87-%D8%A8%D9%88%D8%AA%D9%87/,گیره نگهدارنده بوته,,420,nan,,,True,2025-07-22 16:50:47,2025-07-27 17:13:49
https://torob.com/p/1f6392fd-73dc-44ab-9ac5-dbe571d16daf/%DA%A9%D9%88%D8%AF-%D9%BE%D9%88%D8%AF%D8%B1%DB%8C-%D9%85%D8%AD%D8%B1%DA%A9-%D8%B1%D8%B4%D8%AF-yg-50-%D8%A7%DB%8C-%D8%A7%D9%81-%D8%AA%DB%8C-%D8%B3%DB%8C/,کود پودری محرک رشد YG-50 آی اف تی سی,,450000,nan,,,True,2025-07-22 16:50:47,2025-07-27 17:01:31
https://torob.com/p/192f071e-672d-4dff-8942-b9684502654f/%DA%A9%D9%88%D8%AF-36-12-12-npk-%D8%AF%DA%A9%D8%AA%D8%B1-%D8%A7%DA%A9%D8%B3%DB%8C%DA%98%D9%86-50-%D9%88-100-%DA%AF%D8%B1%D9%85%DB%8C-%D9%BE%D9%88%D8%AF%D8%B1%DB%8C-%D8%AD%D8%A7%D9%88%DB%8C-%D8%A7%D9%85%DB%8C%D9%86%D9%88%D8%A7%D8%B3%DB%8C%D8%AF-%D9%88-%D8%B9%D9%86%D8%A7%D8%B5%D8%B1-%D8%B1%DB%8C%D8%B2%D9%85%D8%BA%D8%B0%DB%8C/,کود 36-12-12 NPK دکتر اکسیژن( 50 و 100 گرمی) پودری حاوی آمینواسید و عناصر ریزمغذی,,135000,nan,,,True,2025-07-22 16:50:48,2025-07-27 16:51:56
https://torob.com/p/a71290a0-eddd-4687-b022-dedd55a531f9/%D8%AF%DB%8C%D8%A7%D8%B2%DB%8C%D9%86%D9%88%D9%86-%DA%AF%D8%B1%D8%A7%D9%86%D9%88%D9%84-10-%D8%AF%D8%B1%D8%B5%D8%AF-%D8%B4%DB%8C%D9%85%D8%A7%DA%AF%D8%B1%D9%88/,دیازینون گرانول ۱۰ درصد شیماگرو,,1347000,nan,,,True,2025-07-22 16:50:48,2025-07-22 16:50:48
https://torob.com/p/1f5008e0-0124-4cff-91e2-a4dec2e11a65/%DA%A9%D9%88%D8%AF-%D9%85%D8%A7%DB%8C%D8%B9-%D9%85%D8%B1%D8%BA-%D9%88-%D9%85%D8%A7%D9%87%DB%8C-%D9%88%DB%8C%DA%98%D9%87-%D8%B2%D8%B9%D9%81%D8%B1%D8%A7%D9%86-20-%D9%84%DB%8C%D8%AA%D8%B1%DB%8C-%D8%A7%D8%B1%DA%AF%D9%88%D9%85%DB%8C%DA%A9%D8%B3/,کود مایع مرغ و ماهی ویژه زعفران 20 لیتری آرگومیکس,,1600000,80000.0,20,,True,2025-07-22 16:50:49,2025-07-27 17:05:06
https://torob.com/p/fb75e2c4-3fc1-4112-8023-1f299ab78bd5/%DA%A9%D9%88%D8%AF-%D8%A7%D8%B3%D9%BE%D8%A7%D9%86%DB%8C%D8%A7%DB%8C%DB%8C-%D8%B1%DB%8C%D8%B2-%D9%85%D8%BA%D8%B0%DB%8C-%D8%B3%D9%87-%DA%AF%D8%A7%D9%86%D9%87-%D8%A7%D9%87%D9%86-%D8%B1%D9%88%DB%8C-%D9%85%D9%86%DA%AF%D9%86%D8%B2-1-%D9%84%DB%8C%D8%AA%D8%B1%DB%8C/,کود اسپانیایی ریز مغذی سه گانه آهن روی منگنز 1 لیتری,,7500000,7500000.0,1,,True,2025-07-22 16:50:50,2025-07-27 17:03:47
https://torob.com/p/dc334137-6974-4cd7-836c-9516831d71a0/%D8%AC%D9%84%D8%A8%DA%A9-%D8%AF%D8%B1%DB%8C%D8%A7%DB%8C%DB%8C-%DA%A9%D9%84%D9%BE-%D9%85%D8%A7%DB%8C%D8%B9-500cc/,جلبک دریایی کلپ مایع 500cc,,220000,nan,,,True,2025-07-22 16:50:50,2025-07-27 17:05:26
https://torob.com/p/bfd0f581-3c55-4bc2-b37d-0ece62506318/%D8%B5%D8%A7%D8%A8%D9%88%D9%86-%D9%85%D8%AD%D9%84%D9%88%D9%84-%D9%BE%D8%A7%D8%B4%DB%8C-%D9%84%D9%BE%DB%8C%D8%AF%DB%8C%D9%88%D9%85-0-5-%D9%84%DB%8C%D8%AA%D8%B1%DB%8C/,صابون محلول پاشی لپیدیوم 0/5 لیتری,,60000,12000.0,5,,True,2025-07-22 16:50:51,2025-07-22 16:50:51
https://torob.com/p/a4c704da-9ada-4cfb-b424-6bb73e375f83/%D9%BE%D9%88%DA%A9%D9%87-%D9%84%DB%8C%DA%A9%D8%A7-%DA%A9%DB%8C%D8%B3%D9%87-30-%DA%A9%DB%8C%D9%84%D9%88%DB%8C%DB%8C/,پوکه لیکا - کیسه 30 کیلویی,,20200000,673333.3333333334,30,,True,2025-07-22 16:50:52,2025-07-22 16:50:52
https://torob.com/p/66714521-8e37-4f57-b4f0-f864675253cc/%DA%A9%D9%88%D8%AF-%D8%B3%D9%87-%D8%A8%DB%8C%D8%B3%D8%AA-%D8%B4%D9%88%DA%A9/,کود سه بیست شوک,,1100000,nan,,,True,2025-07-22 16:50:52,2025-07-27 16:54:02
https://torob.com/p/d416ece6-5e52-43c4-b305-ef4949342fff/%D8%AE%D8%A7%DA%A9-%D8%A8%D8%B1%DA%AF-5-%D9%84%DB%8C%D8%AA%D8%B1%DB%8C-%D8%B1%D9%88%DB%8C%D8%B4/,خاک برگ 5 لیتری رویش,,45000,9000.0,5,,True,2025-07-22 16:50:53,2025-07-22 16:50:53
https://torob.com/p/34d12991-a5ae-476c-b3cd-725b8614cfbe/%D8%AE%D8%B1%DB%8C%D8%AF-%DA%A9%D9%88%D8%AF-%D9%85%D8%B1%D8%BA%DB%8C-%D9%85%D8%A7%DB%8C%D8%B9-%D8%B4%D9%88%DA%A9-%DA%A9%D9%88%D8%AF-%DA%AF%D8%B1%D8%A7%D9%85/,خرید کود مرغی مایع شوک - کود گرام,,90000,nan,,,True,2025-07-22 16:50:54,2025-07-27 16:58:03
https://torob.com/p/3a69b670-aa11-4ce9-9e15-424f100102ad/%D9%87%DB%8C%D9%88%D9%85%DB%8C%DA%A9-%D8%A7%D8%B3%DB%8C%D8%AF-2-%DA%A9-%D8%AF%D8%A7%D8%AA%DB%8C%D8%B3/,هیومیک اسید 2 ک داتیس,,419000,nan,,,True,2025-07-22 16:50:55,2025-07-27 17:05:31
https://torob.com/p/4606aba0-0b9d-498c-aa88-b490dd97e008/%DA%A9%D9%88%D8%AF-%D8%B1%D9%88%DB%8C-%D8%A8%D9%88%D8%B1-%D8%B2%DB%8C%D9%86%DA%A9%D9%88%D8%B1/,کود روی بور زینکور,,980000,nan,,,True,2025-07-22 16:50:55,2025-07-27 17:05:22
https://torob.com/p/d0a50bb1-a9f4-405c-ad93-516a62b3076d/%D8%AE%D8%A7%DA%A9-%D8%A7%D8%B1%DA%A9%DB%8C%D8%AF%D9%87-%DA%AF%DB%8C%D9%84%D8%AF%D8%A7-%D9%85%D8%AF%D9%84-cc2-%D8%AD%D8%AC%D9%85-2-%D9%84%DB%8C%D8%AA%D8%B1/,خاک ارکیده گیلدا مدل CC2 حجم 2 لیتر,,168000,84000.0,2,,True,2025-07-22 16:50:56,2025-07-27 17:06:11
https://torob.com/p/50e4764e-172d-46f1-8c55-ff3fc6d38f64/%D8%AE%D8%B1%DB%8C%D8%AF-%DA%A9%D9%88%D8%AF-%D8%B1%D8%B4%D8%AF-%D9%88-%DA%AF%D9%84%D8%AF%D9%87%DB%8C-%D9%87%DB%8C%D8%AF%D8%B1%D9%88%D9%BE%D9%88%D9%86%DB%8C%DA%A9/,خرید کود رشد و گلدهی هیدروپونیک,,700000,nan,,,True,2025-07-22 16:50:56,2025-07-27 16:58:48
https://torob.com/p/eb88e1f4-367b-4144-b8fa-bc84481cc706/%D8%A8%DB%8C-%D9%81%D9%86%D8%A7%D8%B2%DB%8C%D8%AA-250-%D8%B3%DB%8C-%D8%B3%DB%8C/,بی فنازیت 250 سی سی,,625000,nan,,,True,2025-07-22 16:50:57,2025-07-22 16:50:57
https://torob.com/p/34a51c70-c78a-49f4-a8c3-d2298ba612e9/%D8%AA%D8%B1%DB%8C-%D9%81%D9%84%D9%88%D8%B1%D8%A7%D9%84%DB%8C%D9%86-%D8%B2%D8%B1%DB%8C%D9%86-%D8%B3%D9%85/,تری فلورالین زرین سم,,732300,nan,,,True,2025-07-22 16:50:58,2025-07-27 17:11:48
https://torob.com/p/aa88eeaa-c3e7-42aa-ac1f-f8aed4f4412b/%D8%A7%D8%A8%D8%A7%D9%85%DA%A9%D8%AA%DB%8C%D9%86-%D9%86%DB%8C%D9%85-%D9%84%DB%8C%D8%AA%D8%B1%DB%8C-%D9%BE%D8%A7%D8%B1%D8%B3-%DA%A9%D8%B4%D8%A7%D9%88%D8%B1%D8%B2/,آبامکتین نیم لیتری پارس کشاورز,,250000,nan,,,True,2025-07-22 16:50:58,2025-07-27 16:55:29
https://torob.com/p/a7060788-f91d-492f-ae13-fda273497287/%D9%BE%DA%A9-%D8%B1%D8%B4%D8%AF-%D8%B1%DB%8C%DA%A9%D9%87/,پک رشد ریکه,,400000,nan,,,True,2025-07-22 16:50:59,2025-07-22 16:50:59
https://torob.com/p/7cf80fe8-ac3d-4e43-b0f9-79782f2affb9/%DA%A9%D9%84%D8%B3%DB%8C%D9%85-%D8%A8%D9%88%D8%B1-%D8%AC%D9%88%D8%B3%D9%BE%D8%A7%D9%84-1%D9%84%DB%8C%D8%AA%D8%B1%DB%8C/,کلسیم بور جوسپال (1لیتری),,1000000,1000000.0,1,,True,2025-07-22 16:51:00,2025-07-27 17:04:31
https://torob.com/p/3800804c-224a-4b36-8e45-9dc06fd6a1af/%DA%A9%D9%88%D8%AF-36-12-12-%D8%A7%D8%B1%DA%A9%D8%A7%D8%AF%DB%8C%D8%A7/,کود 36-12-12 آرکادیا,,2700000,nan,,,True,2025-07-22 16:51:00,2025-07-27 16:55:24
https://torob.com/p/53197bc7-c4f0-44c3-bafe-bf70a2c752bd/%DA%A9%D9%88%DA%A9%D9%88%DA%86%DB%8C%D9%BE%DB%8C%D8%B3-3-%D9%84%DB%8C%D8%AA%D8%B1%DB%8C/,کوکوچیپیس 3 لیتری,,58000,19333.333333333332,3,,True,2025-07-22 16:51:01,2025-07-27 17:16:00
https://torob.com/p/1b118386-d1e0-470d-8ca9-27cd6c9e48f5/%DA%A9%D9%88%D8%AF-%D8%B1%DB%8C%D8%B4%D9%87-%D8%B2%D8%A7%DB%8C%DB%8C-%DA%A9%D8%AF%D8%A7%D9%85%DB%8C%D9%86-%D8%B1%D8%A7%D8%AF%DB%8C%DA%A9%D9%88%D9%84%D8%A7%D8%B1-codamin-radicular-1-%D9%84%DB%8C%D8%AA%D8%B1%DB%8C/,کود ریشه زایی کدامین رادیکولار (Codamin Radicular) 1 لیتری,,745000,745000.0,1,,True,2025-07-22 16:51:02,2025-07-27 16:56:37
https://torob.com/p/e3144b0e-2460-434c-b272-ffbbeb67e071/%D8%AE%D8%A7%DA%A9-%D8%B2%D8%A7%D9%85%D9%88%D9%81%DB%8C%D9%84%DB%8C%D8%A7-%DA%AF%DB%8C%D9%84%D8%AF%D8%A7-%D9%85%D8%AF%D9%84-sz04-%D8%AD%D8%AC%D9%85-4-%D9%84%DB%8C%D8%AA%D8%B1/,خاک زاموفیلیا گیلدا مدل SZ04 حجم 4 لیتر,,1190000,297500.0,4,,True,2025-07-22 16:51:03,2025-07-27 16:57:14
https://torob.com/p/7b77b599-cae5-4e0d-a0fb-3c96a228589a/%DA%A9%D9%86%D9%87-%DA%A9%D8%B4-%D8%A7%D8%A8%D8%A7%D9%85%DA%A9%D8%AA%DB%8C%D9%86-%DA%AF%D9%84-%D8%B4%DB%8C%D9%85%DB%8C/,کنه کش آبامکتین گل شیمی,,550000,nan,,,True,2025-07-22 16:51:03,2025-07-22 16:51:03
https://torob.com/p/44b13cf9-2018-460e-921b-3120aed1d987/%DA%A9%D9%88%D8%AF-%D8%A7%D8%B3%DB%8C%D8%AF-%D9%87%DB%8C%D9%88%D9%85%DB%8C%DA%A9-%D9%BE%D9%88%D9%87%D9%88%D9%85%D9%88%D8%B3-%D8%A7%D9%84%D9%85%D8%A7%D9%86%DB%8C-1-%DA%A9%DB%8C%D9%84%D9%88%DB%8C%DB%8C-powhumus/,کود اسید هیومیک پوهوموس آلمانی ۱ کیلویی POWHUMUS,,1347000,1347000.0,1,,True,2025-07-22 16:51:04,2025-07-27 17:04:23
https://torob.com/p/af6fd258-d5d3-40c3-9beb-1bd160f93832/%D8%B9%D9%84%D9%81-%DA%A9%D8%B4-%D8%AA%D9%88%D9%81%D9%88%D8%B1%D8%AF%DB%8C-%2B-%D8%A7%D9%85-%D8%B3%DB%8C-%D9%BE%DB%8C-%D8%A7-%D8%A7%D8%B3%D8%A7%D8%B4%DB%8C%D9%85%DB%8C/,علف کش توفوردی + ام سی پی آ آساشیمی,,530000,nan,,,True,2025-07-22 16:51:05,2025-07-27 17:16:08
https://torob.com/p/4ed656aa-fc0a-45e6-9bde-6ee81f51a2c2/%DA%AF%D9%88%DA%AF%D8%B1%D8%AF-%D9%85%D8%A7%DB%8C%D8%B9-%D8%A7%D8%B1%DA%AF%D8%A7%D9%86%D9%88-%D8%B3%D9%88%D9%84%D9%81%D9%88%D8%B1-%DA%AF%D8%B1%D9%88%D8%A7%D8%B3%D8%AA%D8%A7%D8%B1-05-1-5-%D9%88-20-%D9%84%DB%8C%D8%AA%D8%B1%DB%8C/,گوگرد مایع ارگانو سولفور گرواستار ۰.۵، ۱، ۵ و ۲۰ لیتری,,266291,13314.55,20,,True,2025-07-22 16:51:05,2025-07-27 17:12:36
https://torob.com/p/9ebb2942-9e5f-4692-9491-de085d06bf68/%DA%A9%D9%88%D8%AF-%D9%BE%D8%AA%D8%A7%D8%B3-%D8%A8%D8%A7%D9%84%D8%A7-27-9-18-%DA%A9%D9%88%D8%A7%D9%84%DB%8C-%D9%81%D8%B1%D8%AA-%D8%AA%D8%B1%DA%A9%DB%8C%D9%87-15-%DA%A9%DB%8C%D9%84%D9%88%DA%AF%D8%B1%D9%85/,کود پتاس بالا ۲۷-۹-۱۸ کوالی فرت ترکیه ۱۵ کیلوگرم,,6000000,400000.0,15,,True,2025-07-22 16:51:06,2025-07-27 16:53:45
https://torob.com/p/20207509-e999-4674-832c-f056affbced6/%D8%AF%DB%8C%D8%A7%D8%B2%DB%8C%D9%86%D9%88%D9%86-60%D8%AF%D8%B1%D8%B5%D8%AF-%D8%A7%D9%85%D9%88%D9%84%D8%B3%DB%8C%D9%88%D9%86/,دیازینون 60درصد امولسیون,,45000,nan,,,True,2025-07-22 16:51:07,2025-07-22 16:51:07
https://torob.com/p/7faaeecb-161a-4ca4-b734-083d87df58bc/%DA%A9%D9%88%D8%AF-%D8%B2%D8%A7%D8%AC-%D8%B3%D8%A8%D8%B2-%DB%8C%D8%A7-%D8%B3%D9%88%D9%84%D9%81%D8%A7%D8%AA-%D8%A7%D9%87%D9%86-50-%DA%AF%D8%B1%D9%85%DB%8C/,کود زاج سبز یا سولفات آهن ۵۰ گرمی,,120000,nan,,,True,2025-07-22 16:51:07,2025-07-27 17:01:12
https://torob.com/p/f29506be-8896-4b19-bd44-c6782a218a49/%D9%81%DB%8C%D9%BE%D8%B1%D9%88%D9%86%DB%8C%D9%84-%D8%B1%DB%8C%D8%AC%D9%86%D8%AA/,فیپرونیل(ریجنت),,165000,nan,,,True,2025-07-22 16:51:08,2025-07-22 16:51:08
https://torob.com/p/f4f6d6fc-f743-4ad0-9599-da773763c11a/%DA%A9%D9%88%D8%AF-%D9%85%D8%AE%D8%B5%D9%88%D8%B5-%DA%AF%D9%88%D8%AC%D9%87-%D9%81%D8%B1%D9%86%DA%AF%DB%8C-%D8%B4%D9%88%DA%A9/,کود مخصوص گوجه فرنگی شوک,,2000000,nan,,,True,2025-07-22 16:51:09,2025-07-27 17:15:42
https://torob.com/p/5b1b12f1-e1c0-42c6-8866-af3ec5303a49/%D9%85%D8%A7%D9%86%DA%A9%D9%88%D8%B2%D8%A8-%D9%87%D9%86%D8%AF%DB%8C-80-wp-%DB%8C%DA%A9-%DA%A9%DB%8C%D9%84%D9%88%DB%8C%DB%8C-%D8%B1%D9%87%D8%A7%D8%A7%D9%86%D8%AF%DB%8C%D8%B4-%DA%A9%D8%A7%D9%88%D8%A7%D9%86/,مانکوزب هندی 80%WP یک کیلویی رهااندیش کاوان,,670000,nan,,,True,2025-07-22 16:51:09,2025-07-27 17:12:38
https://torob.com/p/83a975a8-9d7c-487b-abd5-a36542b73cb5/%D8%B1%DB%8C%D8%B4%D9%87-%D8%B2%D8%A7-%D8%A8%D8%A7%DB%8C%D9%88%D8%B1%D9%88%D8%AA%DB%8C%D9%86%DA%AF-%D8%B1%D9%88%D8%B3%D8%A7%D9%86%D8%A7/,ریشه زا بایوروتینگ روسانا,,950000,nan,,,True,2025-07-22 16:51:10,2025-07-27 17:09:13
https://torob.com/p/30761833-55e7-4f9f-bce5-f7ff0485f236/%D9%86%DA%A9%D8%B3%D8%AA-%DA%A9%D8%A7-next-k-%DB%8C%D9%88%D9%86%DB%8C%D8%A8%D8%A7-%D8%AA%D8%B1%DA%A9%DB%8C%D9%87/,نکست کا (Next K) یونیبا ترکیه,,950000,nan,,,True,2025-07-22 16:51:11,2025-07-27 17:12:30
https://torob.com/p/5d7eea88-e43f-4b79-9d40-7ab98d5d5a75/%DA%A9%D9%88%D8%AF-32-12-12-%D8%AA%D8%AA%D8%A7%DA%A9%D9%88-%D8%AC%D8%A7%DB%8C%D8%B1-%D8%A7%D8%B3%D9%BE%D8%A7%D9%86%DB%8C%D8%A7/,کود 32 12 12 تتاکو (جائر اسپانیا),,2750000,nan,,,True,2025-07-22 16:51:11,2025-07-27 16:58:34
https://torob.com/p/aef09390-6829-428b-9445-a994ac1aa20e/%D9%85%D8%A7-%D8%A8%D9%87%D8%AA%D8%B1%DB%8C%D9%86-%D9%86%D9%88%D8%B9-%DA%A9%D9%88%D8%AF-%D8%B3%D9%87-%D8%A8%DB%8C%D8%B3%D8%AA-%D8%B1%D8%A7-%D8%AF%D8%B1-%D8%A8%D8%B3%D8%AA%D9%87-%D8%A8%D9%86%D8%AF%DB%8C-%DA%AF%D9%84-%D9%85%D9%86-%D9%88-%D8%AA%D9%88-%D8%A8%D8%B1%D8%A7%DB%8C-%D8%B4%D9%85%D8%A7-%D8%A7%D9%85%D8%A7%D8%AF%D9%87-%DA%A9%D8%B1%D8%AF%DB%8C%D9%85-%D8%AA%D8%A7-%D8%A8%D8%B1%D8%A7%DB%8C-%DA%AF%DB%8C%D8%A7%D9%87%D8%A7%D9%86-%D8%A7%D9%BE%D8%A7%D8%B1%D8%AA%D9%85%D8%A7%D9%86%DB%8C-%D8%AE%D9%88%D8%AF-%D8%A8%D8%A7-%D8%AE%DB%8C%D8%A7%D9%84-%D8%B1%D8%A7%D8%AD%D8%AA-%D8%A7%D8%B3%D8%AA%D9%81%D8%A7%D8%AF%D9%87-%DA%A9%D9%86%DB%8C%D8%AF-%DA%A9%D9%88%D8%AF-%D8%B3%D9%87-%D8%A8%DB%8C%D8%B3%D8%AA-%DA%AF%D9%84-%D9%85%D9%86-%D9%88-%D8%AA%D9%88-%D8%A8%D8%B1%D8%A7%DB%8C-%DA%AF%DB%8C%D8%A7%D9%87%D8%A7%D9%86-%DA%AF%D9%84%D8%AF%D9%87-%D9%88-%D8%A8%D8%B1%DA%AF%DB%8C-%D9%85%D9%86%D8%A7%D8%B3%D8%A8-%D8%A7%D8%B3%D8%AA/,ما بهترین نوع کود سه بیست را در بسته بندی گل من و تو برای شما آماده کردیم تا برای گیاهان آپارتمانی خود با خیال راحت استفاده کنید. کود سه بیست گل من و تو برای گیاهان گلده و برگی مناسب است.,,386000,nan,,,True,2025-07-22 16:51:12,2025-07-22 16:51:12
https://torob.com/p/99faa402-3f4a-4a04-82f0-e5a27b715e67/%D8%B3%DB%8C%D9%84%DB%8C%DA%A9%D8%A7%D8%AA-%D9%BE%D8%AA%D8%A7%D8%B3%DB%8C%D9%85-%D8%B3%DB%8C%D8%AA%D8%B1%D8%A7%D9%84-1-%D9%84%DB%8C%D8%AA%D8%B1%DB%8C/,سیلیکات پتاسیم سیترال (۱ لیتری),,350000,350000.0,1,,True,2025-07-22 16:51:13,2025-07-27 17:12:11
https://torob.com/p/3aa747e5-69f2-4136-8f86-b8244640e1f2/%D8%B3%D9%88%D9%BE%D8%B1%D9%81%DB%8C%D9%88%D8%AA%D8%A7%D9%BE-%D9%81%DB%8C%D9%88%DA%86%D8%B1%DA%A9%D9%88-1-%D9%84%DB%8C%D8%AA%D8%B1%DB%8C/,سوپرفیوتاپ فیوچرکو (۱ لیتری),,1200000,1200000.0,1,,True,2025-07-22 16:51:13,2025-07-27 16:53:33
https://torob.com/p/84e2ae91-741c-4a68-9d8d-7cb034ec956f/%D9%BE%D8%AA%D8%A7%D8%B3%DB%8C%D9%85-%D9%85%D8%A7%DB%8C%D8%B9-%DA%A9%D8%A7%D9%84%D8%B1%D9%85%DA%A9%D8%B3-1-%D9%84%DB%8C%D8%AA%D8%B1%DB%8C/,پتاسیم مایع کالرمکس (۱ لیتری),,600000,600000.0,1,,True,2025-07-22 16:51:14,2025-07-27 17:12:10
https://torob.com/p/5156cd08-e5a1-43b3-a4b9-0e3372d8c9e5/%D8%A8%DB%8C%D9%88%D8%B1%D8%A7%D8%AF%DB%8C%DA%A9%D8%A7%D9%86%D8%AA-%D9%81%DB%8C%D9%88%DA%86%D8%B1%DA%A9%D9%88-1-%D9%84%DB%8C%D8%AA%D8%B1%DB%8C/,بیورادیکانت فیوچرکو (۱ لیتری),,1400000,1400000.0,1,,True,2025-07-22 16:51:15,2025-07-27 17:00:29
https://torob.com/p/735737f7-0be1-47d2-aaf3-86dafc2e1081/%D8%B3%DB%8C%D9%84%DB%8C%DA%A9%D8%A7%D8%AA-%D9%BE%D8%AA%D8%A7%D8%B3%DB%8C%D9%85-%D9%BE%D8%B1%D9%88%D8%B3%DB%8C%D9%84-1-%D9%84%DB%8C%D8%AA%D8%B1%DB%8C/,سیلیکات پتاسیم پروسیل (۱ لیتری),,500000,500000.0,1,,True,2025-07-22 16:51:16,2025-07-27 16:55:59
https://torob.com/p/f9935e66-942b-4a41-964f-1f4001ad7eb4/%DA%A9%D9%88%D8%AF-%D8%AC%D8%A7%D9%85%D8%AF-%D8%A7%D9%84%D8%AA%D8%B1%D8%A7-%D9%81%D9%84%D9%88%D8%B1%DB%8C%D8%B4-%D9%85%D8%AE%D8%B5%D9%88%D8%B5-%DB%8C%D9%88%D9%86%D8%AC%D9%87-%DB%8C%DA%A9-%DA%A9%DB%8C%D9%84%D9%88%DB%8C%DB%8C/,کود جامد آلترا فلوریش مخصوص یونجه یک کیلویی,,334000,nan,,,True,2025-07-22 16:51:16,2025-07-27 16:56:11
https://torob.com/p/9320efc3-f951-4ba0-adaa-d5a06870a2fb/%DA%AF%D9%88%DA%AF%D8%B1%D8%AF-%D9%BE%D9%88%D8%AF%D8%B1%DB%8C-%D9%85%DB%8C%DA%A9%D8%B1%D9%88%D9%86%DB%8C%D8%B2%D9%87-%D9%81%D9%84%D8%A7%D8%AA-%DA%A9%D8%A7%D9%84%D8%A7-%D9%85%D8%AF%D9%84-gpm1k-%D9%88%D8%B2%D9%86-1-%DA%A9%DB%8C%D9%84%D9%88%DA%AF%D8%B1%D9%85/,گوگرد پودری میکرونیزه فلات کالا مدل GPM1K وزن 1 کیلوگرم,,76000,76000.0,1,,True,2025-07-22 16:51:17,2025-07-27 16:58:16
https://torob.com/p/36dbfa49-973e-4016-b6d2-8e9a67ea3971/%DA%A9%D9%88%D8%AF-%D9%86%DB%8C%D8%AA%D8%B1%D9%88%DA%98%D9%86%D9%87-%D8%AF%DA%A9%D8%AA%D8%B1-%D8%A8%D8%A7%DB%8C%D9%88-%D8%A7%D9%86-%D8%A7%D8%B2%D8%AA%D9%88%D8%A8%D8%A7%DA%A9%D8%AA%D8%B1-%DA%A9%D8%B1%D9%88%DA%A9%D9%88%DA%A9%D9%88%D9%85/,کود نیتروژنه دکتر بایو اِن (ازتوباکتر کروکوکوم),,199000,nan,,,True,2025-07-22 16:51:18,2025-07-27 17:12:08
https://torob.com/p/fae94680-499a-44e9-ad4d-d09c20a1e03f/%D9%BE%D8%B1%D9%88%D9%BE%DB%8C%DA%A9%D9%88%D9%86%D8%A7%D8%B2%D9%88%D9%84-%D9%86%DB%8C%D9%85-%D9%84%DB%8C%D8%AA%D8%B1%DB%8C-%D9%BE%D8%A7%DA%A9-%D8%B3%D9%85/,پروپیکونازول نیم لیتری پاک سم,,300000,nan,,,True,2025-07-22 16:51:18,2025-07-27 17:07:02
https://torob.com/p/cc6d9fc0-471a-4e39-bf52-ea96771bad77/%DA%A9%D9%88%D8%AF-%D8%B3%D9%88%D9%84%D9%81%D8%A7%D8%AA-%D9%BE%D8%AA%D8%A7%D8%B3%DB%8C%D9%85-%D8%A7%DA%AF%D8%B1%D9%88%D9%81%D8%B1/,کود سولفات پتاسیم اگروفر,,2756000,nan,,,True,2025-07-22 16:51:19,2025-07-27 17:11:35
https://torob.com/p/2d324c34-929d-4b6c-ba18-6fb362b0ce29/%DA%A9%D9%88%D8%AF-%D8%A8%D9%87%D8%A8%D9%88%D8%AF-%D8%AF%D9%87%D9%86%D8%AF%D9%87-%D8%B3%D8%A7%D8%AE%D8%AA%D8%A7%D8%B1-%D8%AE%D8%A7%DA%A9-%D9%88-%D8%B6%D8%AF-%D8%B4%D9%88%D8%B1%DB%8C-%D9%85%D8%A7%DB%8C%D8%B9-soil-conditioner-and-outsalt-%D8%A7%DA%AF%D8%B1%D9%88%D9%85%DB%8C%D9%86-%D9%BE%D8%B1%DB%8C%D9%86%D9%88%D8%A7%DB%8C-%D9%85%DA%A9%D8%B2%DB%8C%DA%A9-%DA%AF%D8%A7%D9%84%D9%86-%D8%A8%DB%8C%D8%B3%D8%AA-%D9%84%DB%8C%D8%AA%D8%B1%DB%8C/,کود بهبود دهنده ساختار خاک و ضد شوری مایع Soil conditioner& outsalt آگرومین پرینوای مکزیک گالن بیست لیتری,,943800,nan,,,True,2025-07-22 16:51:20,2025-07-22 16:51:20
https://torob.com/p/cb46fa48-67c2-4a39-94af-b31928231dd4/%D9%88%D8%B1%D9%85%DB%8C-%DA%A9%D9%85%D9%BE%D9%88%D8%B3%D8%AA/,ورمی کمپوست,,208000,nan,,,True,2025-07-22 16:51:20,2025-07-27 16:59:56
https://torob.com/p/2e9a2b4e-3029-4f26-a973-2a4d8a8794ec/%D9%BE%DA%A9-%DA%A9%D9%88%D8%AF-%D8%B1%D8%B4%D8%AF-%D9%88-%DA%AF%D9%84%D8%AF%D9%87%DB%8C-4-%D8%AA%D8%A7%DB%8C%DB%8C-%D8%A7%D8%AF%D9%88%D9%86%D8%B3/,پک کود رشد و گلدهی 4 تایی ادونس,,9400000,nan,,,True,2025-07-22 16:51:21,2025-07-27 17:07:38
https://torob.com/p/4a9825db-fbab-47f9-9f5f-0744d5cbc9c0/%DA%A9%D9%88%D8%AF-%D9%87%DB%8C%D9%88%D9%85%DB%8C%DA%A9-%D8%A7%D8%B3%DB%8C%D8%AF-%D8%B4%D9%88%DA%A9/,کود هیومیک اسید شوک,,3500000,nan,,,True,2025-07-22 16:51:22,2025-07-27 17:00:18
https://torob.com/p/a1fb494f-581c-4e29-87e4-0bdf9e9810f0/%D9%BE%DA%A9-%DA%AF%D9%84%D8%AF%D9%87%DB%8C-%DA%A9%D9%88%D8%AF-%D9%81%D9%84%D9%88%D8%B1%D8%A7%D9%81%D9%84%DA%A9%D8%B3-4%D8%B9%D8%AF%D8%AF%DB%8C/,پک گلدهی کود فلورافلکس (4عددی),,5600000,nan,,,True,2025-07-22 16:51:22,2025-07-22 16:51:22
https://torob.com/p/7c92a0e7-64ab-45b0-8766-35c06aea1ebf/%D9%82%D8%B1%D8%B5-%D8%AC%DB%8C%D8%A8%D8%B1%D9%84%DB%8C%DA%A9-%D8%A7%D8%B3%DB%8C%D8%AF-%D8%A7%DA%AF%D8%B1%DB%8C%D9%85%D9%86-%D8%AA%D8%B1%DA%A9/,قرص جیبرلیک اسید اگریمن ترک,,85000,nan,,,True,2025-07-22 16:51:23,2025-07-22 16:51:23
https://torob.com/p/a00fdc42-8c53-4e75-bcaf-475f8e8bb59c/%D9%87%DB%8C%D9%88%D9%85%DB%8C%DA%A9-%D8%A7%D8%B3%DB%8C%D8%AF-5-%D9%84%DB%8C%D8%AA%D8%B1%DB%8C-%D8%B1%D9%88%DB%8C%D8%B4-%D8%B2%DB%8C%D8%B3%D8%AA-%D9%81%D9%86%D8%A7%D9%88%D8%B1-%D8%B3%D8%A8%D8%B2/,هیومیک اسید 5 لیتری رویش(زیست فناور سبز),,550000,110000.0,5,,True,2025-07-22 16:51:24,2025-07-27 17:15:47
https://torob.com/p/78bd7c17-7a32-40be-ba27-79698633905b/%DA%A9%D9%88%D8%AF-%D9%81%D8%B3%D9%81%D8%B1-%D9%BE%D8%AA%D8%A7%D8%B3%DB%8C%D9%85-%D9%85%D8%A7%DB%8C%D8%B9-1%D9%84%DB%8C%D8%AA%D8%B1%DB%8C/,کود فسفر پتاسیم مایع 1لیتری,,900000,900000.0,1,,True,2025-07-22 16:51:24,2025-07-27 17:08:10
https://torob.com/p/4bc269a3-e803-4bd3-960d-e75b5174889c/%DA%A9%D9%88%D8%AF-%D9%85%D8%A7%DB%8C%D8%B9-%D9%85%D8%B1%D8%BA%DB%8C-%D8%BA%D9%86%DB%8C-%D8%B4%D8%AF%D9%87-%D9%84%D8%A7%D8%B1%D8%A7-%DA%86%DB%8C%DA%A9%D9%88-20-%D9%84%DB%8C%D8%AA%D8%B1%DB%8C/,کود مایع مرغی غنی شده لارا چیکو 20 لیتری,,1504000,75200.0,20,,True,2025-07-22 16:51:25,2025-07-27 16:59:18
https://torob.com/p/10f7a7f7-ddd7-4578-bf45-84e50ea546d4/%DA%A9%D9%88%D8%AF-%D9%85%D8%A7%DB%8C%D8%B9-%DA%A9%D9%84%D8%A7%D8%AA%D9%87-%D9%85%D9%86%DA%AF%D9%86%D8%B2-8-%D9%85%D9%86%DA%AF%D8%A7%D8%B1%D8%AF-%D9%81%D8%A7%D8%B1%D9%85%D9%88%D9%86%D8%AA%DB%8C-mangard-pharmonti-mn-edta-1-%D9%84%DB%8C%D8%AA%D8%B1%DB%8C/,کود مایع کلاته منگنز 8% منگارد فارمونتی Mangard Pharmonti Mn EDTA - 1 لیتری,,270000,270000.0,1,,True,2025-07-22 16:51:26,2025-07-22 16:51:26
https://torob.com/p/0c8db306-927b-4cde-bcad-e78f679eef53/%DA%A9%D9%88%D8%AF-%D8%B3%D9%88%D9%84%D9%81%D8%A7%D8%AA-%D9%85%D9%86%DA%AF%D9%86%D8%B2-%DA%A9%D9%86%D8%AC%D8%A7%D9%84%D9%87-%D8%B3%D8%A7%D8%B2-25-%DA%A9%DB%8C%D9%84%D9%88%DB%8C%DB%8C/,کود سولفات منگنز کنجاله ساز (۲۵ کیلویی),,2820000,112800.0,25,,True,2025-07-22 16:51:27,2025-07-22 16:51:27
https://torob.com/p/bb35bab7-1aea-44d5-b376-e6b8689a777a/%DA%A9%D9%84%D8%A7%D8%AA-%D8%B1%D9%88%DB%8C-15-%D8%AF%D8%B1%D8%B5%D8%AF/,کلات روی 15 درصد,,370000,nan,,,True,2025-07-22 16:51:27,2025-07-27 17:12:53
https://torob.com/p/7ec8a81e-8e84-4539-b677-ad5f7cfb79ef/%DA%A9%D9%88%D8%AF-%D8%B3%D9%88%D9%84%D9%81%D8%A7%D8%AA-%D9%BE%D8%AA%D8%A7%D8%B3%DB%8C%D9%85-%D9%85%D9%86%DB%8C%D8%B2%DB%8C%D9%85-%D9%BE%D9%88%D9%85%D8%AF-%D8%A7%DB%8C%D8%B1%D8%A7%D9%86/,کود سولفات پتاسیم منیزیم پومد ایران,,200000,nan,,,True,2025-07-22 16:51:28,2025-07-22 16:51:28
https://torob.com/p/f97bfcfd-256b-42af-940c-1d10c63f270c/%DA%A9%D9%88%D8%AF-%D9%85%D8%B1%D8%BA%DB%8C-%D8%B4%D9%88%DA%A9-%D8%A7%D8%B5%D9%84-%D8%A7%D9%85%D8%B1%DB%8C%DA%A9%D8%A7%DB%8C%DB%8C-20-%D9%84%DB%8C%D8%AA%D8%B1%DB%8C/,کود مرغی شوک اصل آمریکایی - ۲۰ لیتری,,1697000,84850.0,20,,True,2025-07-22 16:51:29,2025-07-27 17:13:02
https://torob.com/p/cf6ae743-a513-45ab-9567-c18b6b0142e3/%DA%A9%D9%88%D8%AF-%DA%A9%D9%84%D8%A7%D8%AA-%D8%A7%D9%87%D9%86-12/,کود کلات آهن ۱۲٪,,370000,nan,,,True,2025-07-22 16:51:29,2025-07-27 17:07:08
https://torob.com/p/3c767efc-6ac8-4949-af44-0d1be197721b/%DA%AF%D8%A7%D8%A8%D8%B1%DB%8C-%D9%87%DB%8C%D9%88%D9%85%DB%8C%DA%A9-%D9%85%D8%A7%DB%8C%D8%B9-%D8%A7%D8%B3%DB%8C%D8%AF-%D9%87%DB%8C%D9%88%D9%85%DB%8C%DA%A9-%2B-%D9%81%D9%88%D9%84%DB%8C%DA%A9/,گابری هیومیک مایع (اسید هیومیک + فولیک),,377400,nan,,,True,2025-07-22 16:51:30,2025-07-27 17:15:23
https://torob.com/p/1be8fe3e-b2ff-4bfc-a2e6-414ea332a7f2/%D9%86%DB%8C%D8%AA%D8%B1%D8%A7%D8%AA-%DA%A9%D9%84%D8%B3%DB%8C%D9%85/,نیترات کلسیم,,120000,nan,,,True,2025-07-22 16:51:31,2025-07-22 16:51:31
https://torob.com/p/f9b968a7-1ec2-41ec-87bb-ecd9aeae46ef/%DA%A9%D9%88%D8%AF-%DA%A9%D9%84%D8%A7%D8%AA%D9%87-%DA%A9%D9%84%D8%B3%DB%8C%D9%85-%D8%A8%D9%88%D8%B1-%D8%B1%D9%88%DB%8C-%D9%85%D8%A7%DB%8C%D8%B9-%DA%A9%D9%84%D8%A8%D9%88%D9%85%DA%A9%D8%B3-%D9%81%D8%A7%D8%B1%D9%85%D9%88%D9%86%D8%AA%DB%8C-calbomax-pharmonti-10-%D9%84%DB%8C%D8%AA%D8%B1%DB%8C/,کود کلاته کلسیم-بور-روی مایع کلبومکس فارمونتی CalboMax Pharmonti - 10 لیتری,,1640000,164000.0,10,,True,2025-07-22 16:51:31,2025-07-22 16:51:31
https://torob.com/p/849d6115-03aa-4cd7-9a47-217324b6b4d3/%DA%A9%D9%88%D8%AF-%D8%AF%D9%87-%D8%A7%DB%8C%DA%A9%D8%B3-10x-%D8%B4%D9%88%DA%A9/,کود ده ایکس 10x شوک,,5300000,nan,,,True,2025-07-22 16:51:32,2025-07-27 17:12:56
https://torob.com/p/ec9d8546-5db3-442a-9393-8d23f53820d3/%DA%A9%D9%88%D8%AF-%D8%B1%D9%88%DB%8C-%D9%85%D8%A7%DB%8C%D8%B9-%DA%A9%D9%84%D8%A7%D8%AA-g-zinc/,کود روی مایع کلات G-ZINC,,369000,nan,,,True,2025-07-22 16:51:33,2025-07-22 16:51:33
https://torob.com/p/1ccd6d1d-a9ae-4877-84bd-78affad9af68/%D9%BE%D9%88%D9%85%D8%A7%D8%B3%D9%88%D9%BE%D8%B1-%DB%8C%D8%A7-%D9%81%D9%86%D9%88%DA%A9%D8%B3%D8%A7%D9%BE%D8%B1%D9%88%D9%BE-%D8%B9%D9%84%D9%81%DA%A9%D8%B4-%D8%A7%D9%86%D8%AA%D8%AE%D8%A7%D8%A8%DB%8C-%D8%AA%D9%85%D8%A7%D8%B3%DB%8C-%D9%88-%D8%B3%DB%8C%D8%B3%D8%AA%D9%85%DB%8C%DA%A9-%D9%BE%D8%B3-%D8%B1%D9%88%DB%8C%D8%B4%DB%8C-%D8%AC%D9%87%D8%AA-%DA%A9%D9%86%D8%AA%D8%B1%D9%84-%D8%B9%D9%84%D9%81%D9%87%D8%A7%DB%8C-%D9%86%D8%A7%D8%B2%DA%A9-%D8%A8%D8%B1%DA%AF-%D8%AC%D9%88/,پوماسوپر یا فنوکساپروپ علفکش انتخابی،تماسی و سیستمیک پس رویشی جهت کنترل علفهای نازک برگ جو,,490000,nan,,,True,2025-07-22 16:51:34,2025-07-27 17:03:37
https://torob.com/p/a50ec8f4-7f18-4651-8732-105b1c27fee5/%DA%A9%D9%88%D8%AF-%D8%A7%D8%AF%D9%88%D9%86%D8%B3-%D8%A8%DB%8C%DA%AF-%D8%A8%D8%A7%D8%AF-%D9%BE%D9%88%D8%AF%D8%B1%DB%8C-big-bud-powder/,کود ادونس بیگ باد پودری - Big Bud Powder,,2400000,nan,,,True,2025-07-22 16:51:34,2025-07-27 17:05:29
https://torob.com/p/119e6257-a5ef-43fc-af7b-13e5f0296c6e/%DA%A9%D9%88%D8%AF-%D9%BE%D8%B1%DB%8C%D9%86%D9%88%D8%A7-%D9%85%D8%B3-15-%D8%AF%D8%B1%D8%B5%D8%AF-%DA%A9%D9%84%D8%A7%D8%AA-%D8%B4%D8%AF%D9%87-%D8%A8%D8%A7-edta/,کود پرینوا مس 15 درصد کلات شده با EDTA,,945000,nan,,,True,2025-07-22 16:51:35,2025-07-22 16:51:35
https://torob.com/p/c2f85ba7-4e86-4f5e-bfd1-0c136e454515/%D8%A7%D9%86-%D9%BE-%DA%A9%D8%A7-301010-%D8%A7%D8%B1%D9%85%D8%A7%D9%86-%D8%B3%D8%A8%D8%B2/,ان پ کا 301010 آرمان سبز,,900000,nan,,,True,2025-07-22 16:51:36,2025-07-27 17:14:23
https://torob.com/p/701a23b0-9bc6-4308-9cba-81592bf5851f/%DA%A9%D9%88%D8%AF-%D9%81%D8%B3%D9%81%D8%B1-10-52-10-1%DA%A9%DB%8C%D9%84%D9%88%DB%8C%DB%8C-%D8%B1%D9%86%DB%8C%D9%88%D8%B1/,کود فسفر(10-52-10) - 1کیلویی رنیور,,350000,350000.0,1,,True,2025-07-22 16:51:36,2025-07-22 16:51:36
https://torob.com/p/c9f37891-e084-4171-8e26-7656fc462433/%DA%A9%D9%88%D8%AF-%DA%A9%D8%B4%D8%A7%D9%88%D8%B1%D8%B2%DB%8C-%DA%A9%D9%84%D8%B3%DB%8C%D9%85-%D9%85%D9%86%DB%8C%D8%B2%DB%8C%D9%85-%D8%A8%D8%B1%D9%86%D8%AF-%D8%B2%D8%A7%DB%8C%D8%B2-zeiz-%D8%A7%D9%86%DA%AF%D9%84%D8%B3%D8%AA%D8%A7%D9%86-%D8%AD%D8%AC%D9%85-1-%D9%84%DB%8C%D8%AA%D8%B1%DB%8C/,کود کشاورزی کلسیم منیزیم برند زایز Zeiz انگلستان حجم 1 لیتری,,1050000,1050000.0,1,,True,2025-07-22 16:51:37,2025-07-27 17:02:18
https://torob.com/p/4ccf7546-8ba7-4e77-8989-c4658b051fd4/%DA%A9%D9%88%D8%AF-%DA%AF%D8%B1%D9%88%D9%88%D9%84-%D9%85%D8%A7%D8%B3%D9%88-%D8%A7%D8%B3%D9%BE%D8%A7%D9%86%DB%8C%D8%A7-1-%DA%A9%DB%8C%D9%84%D9%88%DA%AF%D8%B1%D9%85%DB%8C/,کود گروول ماسو اسپانیا 1 کیلوگرمی,,2000000,2000000.0,1,,True,2025-07-22 16:51:38,2025-07-27 16:53:49
https://torob.com/p/29726ca8-23d7-4e7d-ae67-d3ba68ea5000/%D8%A7%D8%B3%D9%BE%D8%A7%D9%86%D8%B3%D8%B1-%D8%A7%D8%B3%D9%BE%DB%8C%D9%86%D9%88%D8%B3%D8%A7%D8%AF/,اسپانسر(اسپینوساد),,900000,nan,,,True,2025-07-22 16:51:39,2025-07-22 16:51:39
https://torob.com/p/9a954099-be5e-4b67-b0e6-5bad012efe49/%D8%B3%D9%85-%D9%82%D8%A7%D8%B1%DA%86%DA%A9%D8%B4-%D8%B3%D8%A7%DB%8C%D9%BE%D8%B1%D9%88%DA%A9%D9%88%D9%86%D8%A7%D8%B2%D9%88%D9%84%2B%DA%A9%D8%A7%D8%B1%D8%A8%D9%86%D8%AF%D8%A7%D8%B2%DB%8C%D9%85-%D8%A7%D9%84%D8%AA%D9%88%DA%A9%D9%85%D8%A8%DB%8C-%D9%85%D8%A7%DB%8C%D8%B9-%D9%85%D9%84%DB%8C-%D8%B4%DB%8C%D9%85%DB%8C-%DA%A9%D8%B4%D8%A7%D9%88%D8%B1%D8%B2-1-%D9%84%DB%8C%D8%AA%D8%B1-%DA%A9%D9%88%DB%8C%DA%A9%D8%B3/,سم قارچکش سایپروکونازول+کاربندازیم آلتوکمبی مایع ملی شیمی کشاورز 1 لیتر کوئکس,,935000,935000.0,1,,True,2025-07-22 16:51:39,2025-07-27 17:12:04
https://torob.com/p/6cb4f260-7933-4a80-8ee7-b964483a79f5/%D9%BE%D9%88%DA%A9%D9%87-%D9%84%DB%8C%DA%A9%D8%A7/,پوکه لیکا,,155000,nan,,,True,2025-07-22 16:51:40,2025-07-27 17:07:28
https://torob.com/p/644827ef-9541-4a9a-8393-c15e82d3fecc/%D8%A7%D9%86-%D9%BE-%DA%A9%D8%A7-10-10-30-%D8%A7%D8%B1%D9%85%D8%A7%D9%86-%D8%B3%D8%A8%D8%B2/,ان پ کا 10 10 30 آرمان سبز,,1369000,nan,,,True,2025-07-22 16:51:41,2025-07-27 16:58:44
https://torob.com/p/76051488-f3f2-4047-8f76-9fdb056e6b49/%DA%A9%D9%88%D8%AF-%D8%A7%D9%85%DB%8C%D9%86%D9%88-%D8%A7%D8%B3%DB%8C%D8%AF-%D8%B4%D9%88%DA%A9-%D8%A7%D9%88%D8%B1%D8%AC%DB%8C%D9%86%D8%A7%D9%84-%D8%A7%D9%85%D8%B1%DB%8C%DA%A9%D8%A7%DB%8C%DB%8C-%DB%8C%DA%A9-%D9%84%DB%8C%D8%AA%D8%B1/,کود آمینو اسید شوک اورجینال امریکایی - یک لیتر,,650000,nan,,,True,2025-07-22 16:51:41,2025-07-27 17:02:46
https://torob.com/p/91b701c3-5559-47b0-9144-a2d595a8b724/%D8%AE%D8%B1%DB%8C%D8%AF-%DA%A9%D9%88%D8%AF-%D9%BE%D9%88%D8%AF%D8%B1%DB%8C-43-03-12-%D8%A7%DA%AF%D8%B1%DB%8C%D9%81%D8%B1%D8%AA-%D9%85%DA%A9%D8%B2%DB%8C%DA%A9-%D9%82%DB%8C%D9%85%D8%AA-%D8%AF%DB%8C%D8%A7%D8%B1%DA%A9%D8%B4%D8%AA/,خرید کود پودری ۴۳-۰۳-۱۲ اگریفرت مکزیک | قیمت | دیارکشت,,28000000,nan,,,True,2025-07-22 16:51:42,2025-07-22 16:51:42
https://torob.com/p/e4aa98a4-e349-407f-8f3b-3870094571de/%D9%87%DB%8C%D9%88%D9%85%DB%8C%DA%A9-%D8%A7%D8%B3%DB%8C%D8%AF-1%DA%A9%DB%8C%D9%84%D9%88%DB%8C%DB%8C-%D8%B1%D9%88%D8%B3%DB%8C%D9%87/,هیومیک اسید - 1کیلویی روسیه,,450000,450000.0,1,,True,2025-07-22 16:51:43,2025-07-22 16:51:43
https://torob.com/p/f20cd658-d2f0-45b7-8fac-c34b63126e78/%D9%87%DB%8C%D9%88%D9%85%DB%8C%DA%A9-%D8%A7%D8%B3%DB%8C%D8%AF-%D9%BE%D9%88%D8%AF%D8%B1%DB%8C-%D9%87%DB%8C%D9%88%D9%85%D9%88%D9%84%D8%A7%DB%8C%D9%81-95-%D8%B3%D9%88%DB%8C%DB%8C%D8%B3/,هیومیک اسید پودری هیومولایف 95% سوئیس,,270000,nan,,,True,2025-07-22 16:51:43,2025-07-27 17:07:50
https://torob.com/p/77d50e47-5726-4ade-996a-327cf6c8a729/%D8%B3%D9%88%D9%BE%D8%B1%DA%AF%D8%A7%D9%84%D8%A7%D9%86%D8%AA-%D9%87%D8%A7%D9%84%D9%88%DA%A9%D8%B3%DB%8C-%D9%81%D9%88%D9%BE-%D8%A7%D8%B1%D9%85%D8%AA%DB%8C%D9%84-108-%D8%A7%D9%85%D9%88%D9%84%D8%B3%DB%8C%D9%88%D9%86-%D8%B4%D9%88%D9%86%D8%AF%D9%87-%D9%86%DB%8C%D9%85-%D9%84%DB%8C%D8%AA%D8%B1%DB%8C/,سوپرگالانت - هالوکسی فوپ آرمتیل 10.8% امولسیون شونده نیم لیتری,,190000,nan,,,True,2025-07-22 16:51:44,2025-07-27 17:09:36
https://torob.com/p/cbb2be97-d694-4bbc-9952-5f9e2a1488b0/%D8%B3%D9%85-%D9%85%D8%A7%D9%84%D8%A7%D8%AA%DB%8C%D9%88%D9%86/,سم مالاتیون,,175000,nan,,,True,2025-07-22 16:51:45,2025-07-22 16:51:45
https://torob.com/p/86160908-956c-4152-92b5-39fc81d947b8/%DA%A9%D9%88%D8%AF-%D9%86%DB%8C%D8%AA%D8%B1%D8%A7%D8%AA-%DA%A9%D9%84%D8%B3%DB%8C%D9%85-%D9%BE%DB%8C-%D8%A7%D9%86-%D9%BE%DB%8C/,کود نیترات کلسیم پی ان پی,,4880000,nan,,,True,2025-07-22 16:51:46,2025-07-22 16:51:46
https://torob.com/p/23cf55ad-05a4-484b-8d44-2e79e681ac45/%DA%A9%D9%88%D8%AF10-52-10-%DA%A9%D9%88%D8%AF%D9%BE%D8%A7%D8%AC%D9%88%D8%B4-%D8%AF%D9%87%DB%8C-%DA%A9%D9%88%D8%AF%D9%81%D8%B3%D9%81%D8%B1-%D8%A8%D8%A7%D9%84%D8%A7-%D9%88%D8%A7%D8%B1%D8%AF%D8%A7%D8%AA%DB%8C/,کود10-52-10(کودپاجوش دهی)(کودفسفر بالا) وارداتی,,55000,nan,,,True,2025-07-22 16:51:46,2025-07-22 16:51:46
https://torob.com/p/0395068e-069d-49a2-8da4-c8fddfafe667/%D8%AE%D8%A7%DA%A9-%D9%81%D9%88%D9%82-%D8%A7%D9%82%D8%AA%D8%B5%D8%A7%D8%AF%DB%8C-%D8%A7%D8%AE%D8%AA%D8%B5%D8%A7%D8%B5%DB%8C-%DA%AF%D9%84-%D9%88-%DA%AF%DB%8C%D8%A7%D9%87-%D9%88-%D9%85%D8%B2%D8%A7%D8%B1%D8%B9-%D9%88-%D8%AD%D9%84%D8%B2%D9%88%D9%86/,خاک فوق اقتصادی اختصاصی گل و گیاه و مزارع و حلزون,,130000,nan,,,True,2025-07-22 16:51:47,2025-07-22 16:51:47
https://torob.com/p/085df592-94d6-4511-9397-8ea9eedeb178/%DA%A9%D9%88%D8%AF-%D9%85%DA%A9%D9%85%D9%84-%D8%A7%D9%85%DB%8C%D9%86%D9%88-%DA%A9%D9%84%D8%A7%D8%AA-%D8%A7%D9%87%D9%86/,کود مکمل آمینو کلات آهن,,64000,nan,,,True,2025-07-22 16:51:48,2025-07-22 16:51:48
https://torob.com/p/c7f5c5d0-ce0b-4d98-8114-6033fd1da8aa/%DA%A9%D9%88%D8%AF-%D8%A7%D9%87%D9%86-%D9%88%D9%86%D8%AF%D9%88%D8%B1%D8%A7-%D8%A7%D9%88%D8%B1%D8%AA%D9%88-%D8%A7%D8%B3%D9%BE%D8%A7%D9%86%DB%8C%D8%A7-%DB%8C%DA%A9-%DA%A9%DB%8C%D9%84%D9%88%DB%8C%DB%8C/,کود اهن وندورا اورتو اسپانیا یک کیلویی,,12000000,nan,,,True,2025-07-22 16:51:48,2025-07-27 16:54:14
https://torob.com/p/3c1764e1-bcfd-4b30-a5e3-3c1ae95a931a/%DA%AF%D9%88%DA%AF%D8%B1%D8%AF-%D9%85%D8%A7%DB%8C%D8%B9-%D9%BE%D8%AA%D8%A7%D8%B3%D9%87-40-%DA%AF%D9%88%DA%AF%D8%B1-20-%D9%BE%D8%AA%D8%A7%D8%B3%DB%8C%D9%85-5-%D9%84%DB%8C%D8%AA%D8%B1%DB%8C/,گوگرد مایع پتاسه 40% گوگر 20% پتاسیم 5 لیتری,,880000,176000.0,5,,True,2025-07-22 16:51:49,2025-07-27 17:11:40
https://torob.com/p/a45c2641-53a9-41f4-8d25-41e4583aca1f/%D9%85%D8%B4%D8%AE%D8%B5%D8%A7%D8%AA-%DA%A9%D9%84%DB%8C-%D9%85%D8%AD%D8%B5%D9%88%D9%84-%D9%86%D8%A7%D9%85-%D9%85%D8%AD%D8%B5%D9%88%D9%84-%D9%85%D8%A7%D9%86%DA%A9%D9%88%D8%B2%D8%A8-mancozeb-%D8%AD%D8%AC%D9%85-%D9%88%D8%B2%D9%86-100-%DA%AF%D8%B1%D9%85-%D9%86%D9%88%D8%B9-%D9%85%D8%AD%D8%B5%D9%88%D9%84-%D9%82%D8%A7%D8%B1%DA%86-%DA%A9%D8%B4-%D8%AA%D9%85%D8%A7%D8%B3%DB%8C-%D8%A8%D8%A7-%D8%B7%DB%8C%D9%81-%D8%A7%D8%AB%D8%B1-%DA%AF%D8%B3%D8%AA%D8%B1%D8%AF%D9%87-%D9%85%D9%86%D8%A7%D8%B3%D8%A8-%D8%A8%D8%B1%D8%A7%DB%8C-%DA%AF%DB%8C%D8%A7%D9%87%D8%A7%D9%86-%D8%B2%D8%B1%D8%A7%D8%B9%DB%8C-%D8%AF%D8%B1%D8%AE%D8%AA%D8%A7%D9%86-%D9%85%DB%8C%D9%88%D9%87-%DA%AF%DB%8C%D8%A7%D9%87%D8%A7%D9%86-%D8%B2%DB%8C%D9%86%D8%AA%DB%8C-%D8%A7%D9%BE%D8%A7%D8%B1%D8%AA%D9%85%D8%A7%D9%86%DB%8C-%D9%88-%DA%A9%D8%A7%DA%A9%D8%AA%D9%88%D8%B3-%D9%87%D8%A7-%DA%A9%D8%B4%D9%88%D8%B1-%D8%AA%D9%88%D9%84%DB%8C%D8%AF%DA%A9%D9%86%D9%86%D8%AF%D9%87-%D8%A7%DB%8C%D8%B1%D8%A7%D9%86-%D9%85%D8%A7%D8%AF%D9%87-%D9%85%D9%88%D8%AB%D8%B1-%D8%AA%D8%B1%DA%A9%DB%8C%D8%A8-%D8%A7%D8%AA%DB%8C%D9%84%D9%86-%D8%A8%DB%8C%D8%B3-%D8%AF%DB%8C-%D8%AA%DB%8C%D9%88%DA%A9%D8%A7%D8%B1%D8%A8%D8%A7%D9%85%D8%A7%D8%AA-%D9%85%D9%86%DA%AF%D9%86%D8%B2-%D9%88-%D8%B1%D9%88%DB%8C-ethylene-bis-dithiocarbamate-manganese-zinc-complex/,مشخصات کلی محصول: نام محصول: مانکوزب (Mancozeb) حجم/وزن: ۱۰۰ گرم نوع محصول: قارچ‌کش تماسی با طیف اثر گسترده مناسب برای: گیاهان زراعی، درختان میوه، گیاهان زینتی، آپارتمانی و کاکتوس‌ها کشور تولیدکننده: ایران ماده مؤثر: ترکیب اتیلن‌ بیس‌ دی‌تیوکاربامات منگنز و روی (Ethylene bis(dithiocarbamate) manganese zinc complex),,87000,nan,,,True,2025-07-22 16:51:50,2025-07-22 16:51:50
https://torob.com/p/40545eef-5ae2-4d58-b1e8-5896295edf28/%DA%A9%D9%88%D8%AF-%D8%AF%D9%81%D9%86%D8%AF%D8%B1-mz-%D9%81%DB%8C%D9%88%DA%86%D8%B1%DA%A9%D9%88-%D8%A8%D8%A7%DB%8C%D9%88%D8%B3%D8%A7%DB%8C%D9%86%D8%B3/,کود دفندر MZ فیوچرکو بایوساینس,,840000,nan,,,True,2025-07-22 16:51:51,2025-07-22 16:51:51
https://torob.com/p/dc62b772-c5f4-4870-8242-5fe4ed925abc/%D8%AE%D8%B1%DB%8C%D8%AF-%DA%A9%D9%88%D8%AF-%DA%A9%D9%84%D8%B1%D9%88%D9%81%DB%8C%D9%84-85-%D8%B3%DB%8C%D8%AA%D8%B1%D9%88%D9%86%D8%A7-%D8%A7%D9%85%DB%8C%D9%86%D9%88-%D8%A7%D8%B3%DB%8C%D8%AF-%2B-%D8%B1%DB%8C%D8%B2-%D9%85%D8%BA%D8%B0%DB%8C/,خرید کود کلروفیل 85 سیترونا | آمینو اسید + ریز مغذی,,690000,nan,,,True,2025-07-22 16:51:51,2025-07-27 17:06:05
https://torob.com/p/4233d511-0e35-43dc-ac3b-e286e27b3405/%D9%86%DB%8C%D8%AA%D8%B1%D8%A7%D8%AA-%DA%A9%D9%84%D8%B3%DB%8C%D9%85-%D9%88%D8%A7%D8%B1%D8%AF%D8%A7%D8%AA%DB%8C-%DA%AF%D8%B1%D8%A7%D9%86%D9%88%D9%84-%D9%85%D9%88%D9%84%D8%AA%DB%8C-%DA%A9%D9%85-50-%DA%A9%DB%8C%D9%84%D9%88%DA%AF%D8%B1%D9%85/,نیترات کلسیم وارداتی گرانول مولتی کم – 50 کیلوگرم,,7500000,150000.0,50,,True,2025-07-22 16:51:52,2025-07-27 17:15:20
https://torob.com/p/4622d258-7a2f-443a-b166-189c9c65109b/%DA%A9%D9%88%D8%AF-%D8%B3%D9%87-20-%D9%85%D8%A7%DB%8C%D8%B9-%D8%A7%DB%8C%DA%A9%D8%B3-%DA%AF%D8%B1%DB%8C%D9%86-%D9%81%DB%8C%D9%86%DB%8C%D8%B4-25-25-25-%D8%A7%DB%8C%DA%A9%D8%B3-%DA%AF%D8%B1%DB%8C%D9%86-%D8%AD%D8%AC%D9%85-%DB%8C%DA%A9-%D9%84%DB%8C%D8%AA%D8%B1%DB%8C/,کود سه ۲۰ مایع ایکس گرین (فینیش ۲۵ ۲۵ ۲۵ ایکس گرین) حجم‌یک لیتری,,338000,nan,,,True,2025-07-22 16:51:53,2025-07-27 17:01:07
https://torob.com/p/e7e3f7b5-2a8f-4176-9251-c1cf7c414aae/%DA%A9%D9%88%D8%AF-%D8%AC%D9%84%D8%A8%DA%A9-%D8%AF%D8%B1%DB%8C%D8%A7%DB%8C%DB%8C-%D8%B2%D8%A7%DB%8C%D8%B2-%D8%A7%D9%86%DA%AF%D9%84%D8%B3%D8%AA%D8%A7%D9%86/,کود جلبک دریایی زایز انگلستان,,1630000,nan,,,True,2025-07-22 16:51:54,2025-07-27 16:51:54
https://torob.com/p/06834020-c32f-4b8a-a1eb-b8b3c5119e29/%DA%A9%D9%88%D8%AF-%D9%85%D8%A7%DB%8C%D8%B9-%D9%81%D8%B1%D9%88%D8%AA%D8%B3%D8%AA-%D8%A7%D9%85%DB%8C%D9%86%D9%88-%D8%B2%DB%8C%D9%86%DA%A9-%D8%A8%D8%B1-%D8%A7%DB%8C%DA%A9%D8%B3-%DA%AF%D8%B1%DB%8C%D9%86-%D8%A8%D8%B1%D8%B1%D8%B3%DB%8C-%D9%85%D8%B4%D8%AE%D8%B5%D8%A7%D8%AA-%D8%AF%DB%8C%D8%A7%D8%B1-%DA%A9%D8%B4%D8%AA/,کود مایع فروتست آمینو زینک بر ایکس گرین | بررسی مشخصات | دیار کشت,,3500000,nan,,,True,2025-07-22 16:51:54,2025-07-22 16:51:54
https://torob.com/p/ccf9864a-e19e-4021-ba9a-b8b8aad79b23/%DA%A9%D9%88%D8%AF-%DA%A9%D9%84%D8%A7%D8%AA-%D9%85%D8%B3-15-%D9%85%D9%88%D9%84%D8%AA%DB%8C-%DA%A9%D9%85-10-%D8%A8%D8%B3%D8%AA%D9%87-%DB%8C%DA%A9-%DA%A9%DB%8C%D9%84%D9%88%DB%8C%DB%8C/,کود کلات مس 15% مولتی کم- 10 بسته یک کیلویی,,11000000,nan,,,True,2025-07-22 16:51:55,2025-07-22 16:51:55
https://torob.com/p/38ff4168-a9ac-4733-832d-6509a6eaede5/%D8%A7%D9%87%D9%86-%DA%A9%D9%84%D8%A7%D8%AA-6%D8%AF%D8%B1%D8%B5%D8%AF-%D8%AF%D9%88%D8%B1%DB%8C%D8%AA%D8%A7-eddha/,آهن کلات ۶درصد دوریتا EDDHA,,588000,nan,,,True,2025-07-22 16:51:56,2025-07-27 17:12:55
https://torob.com/p/72c3200f-9aa7-4b2d-9ede-e5dfcf924d07/%DA%A9%D9%88%D8%AF-%D9%81%D8%B3%D9%81%D8%B1-%D8%A8%D8%A7%D9%84%D8%A7-10-52-10-%D8%A7%D8%B1%D9%85%D8%A7%D9%86-%D8%B3%D8%A8%D8%B2-%D8%A7%D8%AF%DB%8C%D9%86%D9%87-10-%DA%A9%DB%8C%D9%84%D9%88%DA%AF%D8%B1%D9%85/,کود فسفر بالا ۱۰-۵۲-۱۰ آرمان سبز آدینه ۱۰ کیلوگرم,,2300000,230000.0,10,,True,2025-07-22 16:51:56,2025-07-27 17:04:34
https://torob.com/p/fad9d44c-7c00-4e48-944f-693bb269f673/%DA%A9%D9%88%D8%AF-%DA%A9%D9%84%D8%B3%DB%8C%D9%85-27-%D8%AF%D8%B1%D8%B5%D8%AF-%D8%B4%D9%88%DA%A9/,کود کلسیم 27 درصد شوک,,2850000,nan,,,True,2025-07-22 16:51:57,2025-07-27 17:09:32
https://torob.com/p/a260c67a-9317-4ae7-bcd9-ad153b8bf80c/%D8%AE%D8%A7%DA%A9-%D8%A8%D9%88%D9%86%D8%B3%D8%A7%DB%8C-%D8%A8%D8%A7%D8%BA%D8%A8%D8%A7%D9%86-10-%D9%84%DB%8C%D8%AA%D8%B1%DB%8C/,خاک بونسای باغبان ۱۰ لیتری,,93000,9300.0,10,,True,2025-07-22 16:51:58,2025-07-22 16:51:58
https://torob.com/p/fe7d99b9-9ef2-4193-9f03-ddee9cb05df5/%D9%BE%D8%AA%D8%A7%D8%B3%DB%8C%D9%85-%D8%B3%DB%8C%D9%84%DB%8C%DA%A9%D8%A7%D8%AA/,پتاسیم سیلیکات,,345000,nan,,,True,2025-07-22 16:51:59,2025-07-27 17:11:02
https://torob.com/p/59bdad62-e019-44e1-9d6e-c2e6cf92ca79/%D9%85%D8%B4%D8%AE%D8%B5%D8%A7%D8%AA-%DA%A9%D9%84%DB%8C-%D9%87%DB%8C%D9%88%D9%85%DB%8C%DA%A9-%D9%BE%D9%88%D8%AF%D8%B1%DB%8C-%D8%A7%D8%B3%D9%BE%D8%A7%D9%86%DB%8C%D8%A7-%D9%86%D8%A7%D9%85-%D9%85%D8%AD%D8%B5%D9%88%D9%84-%D9%87%DB%8C%D9%88%D9%85%DB%8C%DA%A9-%D9%BE%D9%88%D8%AF%D8%B1%DB%8C-%D8%A7%D8%B3%D9%BE%D8%A7%D9%86%DB%8C%D8%A7%D9%88%D8%B2%D9%86-1-%DA%A9%DB%8C%D9%84%D9%88%DA%AF%D8%B1%D9%85%D9%86%D9%88%D8%B9-%D8%A7%D8%B5%D9%84%D8%A7%D8%AD-%DA%A9%D9%86%D9%86%D8%AF%D9%87-%D8%AE%D8%A7%DA%A9-%D9%88-%D9%85%D8%AD%D8%B1%DA%A9-%D8%B1%D8%B4%D8%AF%D9%85%D8%A7%D8%AF%D9%87-%D9%85%D9%88%D8%AB%D8%B1-%D9%87%DB%8C%D9%88%D9%85%DB%8C%DA%A9-%D8%A7%D8%B3%DB%8C%D8%AF-70-%D8%AA%D8%A7-80-%DA%AF%D8%B1%D9%88%D9%87-%D9%85%D9%82%D8%A7%D9%88%D9%85%D8%AA-%D8%A8%DB%8C%D9%88%D9%84%D9%88%DA%98%DB%8C%DA%A9%DB%8C-%D9%81%D8%A7%D9%82%D8%AF-%D8%AE%D8%B7%D8%B1-%D9%85%D9%82%D8%A7%D9%88%D9%85%D8%AA-%D8%B2%D8%A7%DB%8C%DB%8C-%D8%AF%D9%88%D8%B1%D9%87-%DA%A9%D8%A7%D8%B1%D9%86%D8%B3-%D9%86%D8%AF%D8%A7%D8%B1%D8%AF%D9%85%DB%8C%D8%B2%D8%A7%D9%86-%D9%85%D8%B5%D8%B1%D9%81-1-%D8%AA%D8%A7-3-%DA%A9%DB%8C%D9%84%D9%88%DA%AF%D8%B1%D9%85-%D8%AF%D8%B1-%D9%87%DA%A9%D8%AA%D8%A7%D8%B1-%D8%A8%D8%B3%D8%AA%D9%87-%D8%A8%D9%87-%D9%86%D9%88%D8%B9-%DA%A9%D8%B4%D8%AA-%DA%A9%D8%A7%D8%B1%D8%A8%D8%B1%D8%AF-%D9%85%D9%86%D8%A7%D8%B3%D8%A8-%D8%A8%D8%B1%D8%A7%DB%8C-%DA%A9%D8%B4%D8%AA-%D9%87%D8%A7%DB%8C-%D8%B2%D8%B1%D8%A7%D8%B9%DB%8C-%D8%A8%D8%A7%D8%BA%DB%8C-%DA%AF%D9%84%D8%AE%D8%A7%D9%86%D9%87-%D8%A7%DB%8C-%D9%88-%DA%AF%DB%8C%D8%A7%D9%87%D8%A7%D9%86-%D8%A7%D9%BE%D8%A7%D8%B1%D8%AA%D9%85%D8%A7%D9%86%DB%8C%D9%85%D8%B2%D8%A7%DB%8C%D8%A7-%D8%A8%D9%87%D8%A8%D9%88%D8%AF-%D8%B3%D8%A7%D8%AE%D8%AA%D8%A7%D8%B1-%D8%AE%D8%A7%DA%A9-%D8%AA%D9%82%D9%88%DB%8C%D8%AA-%D8%B1%D8%B4%D8%AF-%D8%B1%DB%8C%D8%B4%D9%87-%D8%A7%D9%81%D8%B2%D8%A7%DB%8C%D8%B4-%D8%AC%D8%B0%D8%A8-%D8%B9%D9%86%D8%A7%D8%B5%D8%B1-%D8%BA%D8%B0%D8%A7%DB%8C%DB%8C-%D9%88-%D8%AA%D8%AD%D9%85%D9%84-%D8%AA%D9%86%D8%B4-%D9%87%D8%A7/,مشخصات کلی هیومیک پودری اسپانیا: نام محصول: هیومیک پودری اسپانیاوزن: 1 کیلوگرمنوع: اصلاح‌کننده خاک و محرک رشدماده مؤثر: هیومیک اسید 70٪ تا 80٪گروه مقاومت: بیولوژیکی (فاقد خطر مقاومت‌زایی)دوره کارنس: نداردمیزان مصرف: 1 تا 3 کیلوگرم در هکتار (بسته به نوع کشت)کاربرد: مناسب برای کشت‌های زراعی، باغی، گلخانه‌ای و گیاهان آپارتمانیمزایا: بهبود ساختار خاک، تقویت رشد ریشه، افزایش جذب عناصر غذایی و تحمل تنش‌ها,,1200000,1200000.0,1,,True,2025-07-22 16:51:59,2025-07-22 16:51:59
https://torob.com/p/10d23c63-0998-4391-9f8d-5177f39b5b7c/%D8%B1%D9%88%D8%BA%D9%86-%D9%88%D9%84%DA%A9-%D8%B3%D8%A8%D8%B2-%D8%B4%DB%8C%D9%85%DB%8C/,روغن ولک سبز شیمی,,44500,nan,,,True,2025-07-22 16:52:00,2025-07-27 17:12:59
https://torob.com/p/db86f9e4-1e2d-4616-9a0a-1aef4ec91e4f/%DA%A9%D9%88%D8%AF-%D8%A7%D9%88%D8%B1%D9%87-%D9%81%D8%B3%D9%81%D8%A7%D8%AA-np-18-44-%D9%81%D9%84%D9%88%D8%B1%DB%8C%D8%B4-10-%DA%A9%DB%8C%D9%84%D9%88/,کود اوره فسفات (NP 18-44) فلوریش 10 کیلو,,1910000,191000.0,10,,True,2025-07-22 16:52:01,2025-07-27 17:03:11
https://torob.com/p/3146f3b0-4ce9-47c7-96de-4442c6277bcb/%D9%87%DB%8C%D9%88%D9%85%DB%8C%DA%A9-%D8%A7%D8%B3%DB%8C%D8%AF-%D9%BE%D9%88%D8%AF%D8%B1%DB%8C-%D9%81%D8%B1%D8%AA%DB%8C-%D9%88%D8%A7%D9%86-%D8%AA%D8%B1%DA%A9%DB%8C%D9%87/,هیومیک اسید پودری فرتی وان ترکیه,,300000,nan,,,True,2025-07-22 16:52:01,2025-07-27 17:03:04
https://torob.com/p/9b3d0a41-d3a7-4bf1-a10b-9d926dcf9f15/%DA%A9%D9%88%D8%AF-%D8%AA%D9%82%D9%88%DB%8C%D8%AA%DB%8C-npk-%D9%BE%D9%88%D8%AF%D8%B1%DB%8C-18-44-0%2Bte-%D9%85%D9%84%DB%8C-%D8%B4%DB%8C%D9%85%DB%8C-%DA%A9%D8%B4%D8%A7%D9%88%D8%B1%D8%B2-10%DA%A9%DB%8C%D9%84%D9%88%DA%AF%D8%B1%D9%85-%DA%A9%DB%8C%D8%B3%D9%87/,کود تقویتی NPK پودری ۱۸-۴۴-۰+TE ملی شیمی کشاورز 10کیلوگرم کیسه,,2850000,285000.0,10,,True,2025-07-22 16:52:02,2025-07-22 16:52:02
https://torob.com/p/f2f69894-256f-41df-a721-2173409e35a3/%DA%A9%D9%88%D8%AF-%D9%85%D8%A7%DB%8C%D8%B9-%D9%85%D8%B1%D8%BA%DB%8C-%D9%BE%D8%B1%D9%88%D9%86%D8%A7%DB%8C%D8%B3-20-%D9%84%DB%8C%D8%AA%D8%B1%DB%8C/,کود مایع مرغی پرونایس (۲۰ لیتری),,1000000,50000.0,20,,True,2025-07-22 16:52:03,2025-07-27 17:00:09
https://torob.com/p/3e5eaefa-abb7-4e76-976f-cc1328d8a738/%D8%B9%D9%84%D9%81-%DA%A9%D8%B4-%D9%86%DB%8C%DA%A9%D9%88%D8%B3%D9%88%D9%84%D9%81%D9%88%D8%B1%D9%88%D9%86-4-%D8%A7%D8%AF%DB%8C-%D9%85%D8%B4%DA%A9%D9%81%D8%A7%D9%85/,علف کش نیکوسولفورون 4% ادی مشکفام,,769000,nan,,,True,2025-07-22 16:52:04,2025-07-27 16:57:54
https://torob.com/p/fd8c9f4b-54fd-41f2-93ae-ab3444807980/%DA%A9%D9%88%D8%AF-%D9%87%DB%8C%D9%88%D9%85%DB%8C%DA%A9-%DA%A9%DB%8C%D9%86%DA%AF-%D9%BE%D9%88%D8%AF%D8%B1%DB%8C/,کود هیومیک کینگ پودری,,310000,nan,,,True,2025-07-22 16:52:04,2025-07-22 16:52:04
https://torob.com/p/50745375-bb7d-4afb-88d6-3804b3f747dc/%D8%A7%D9%86%D9%81%D9%88%D8%B1%DB%8C%DA%A9-%D8%A7%D8%B3%DB%8C%D8%AF/,انفوریک اسید,,550000,nan,,,True,2025-07-22 16:52:05,2025-07-22 16:52:05
https://torob.com/p/e6023ba0-a44d-42e9-b137-ff76b783bfe5/%DA%A9%D9%88%D8%AF-%D9%85%D8%A7%DB%8C%D8%B9-%D9%81%D8%B3%D9%81%D8%B1-%D9%88-%D9%BE%D8%AA%D8%A7%D8%B3%DB%8C%D9%85-%D8%A8%D8%A7%D9%84%D8%A7-%D8%B2%D8%A7%DB%8C%D8%B2-%D8%A7%D9%86%DA%AF%D9%84%D8%B3%D8%AA%D8%A7%D9%86-%D9%85%D8%AF%D9%84-fertizeiz-pk-%D8%AD%D8%AC%D9%85-1-%D9%84%DB%8C%D8%AA%D8%B1/,کود مایع فسفر و پتاسیم بالا زایز انگلستان مدل fertizeiz PK حجم 1 لیتر,,1310000,1310000.0,1,,True,2025-07-22 16:52:06,2025-07-27 17:10:06
https://torob.com/p/4654af47-177e-4b62-93f4-5bc3c24f79a2/%DA%AF%D9%84-%DA%AF%D9%88%DA%AF%D8%B1%D8%AF-%D8%B7%D9%84%D8%A7%DB%8C%DB%8C-%D9%85%D9%84%D8%A7%DB%8C%D8%B1-30kg/,گل گوگرد طلایی ملایر (30Kg ),,1650000,nan,,,True,2025-07-22 16:52:06,2025-07-27 16:51:15
https://torob.com/p/01778439-6694-4f1f-8601-427aba5f9f62/%DA%A9%D9%88%D8%AF-%D8%A7%D9%84%DB%8C-%D9%85%D8%A7%DB%8C%D8%B9-%D8%B1%D9%88%D8%AA-%D9%87%DB%8C%D9%84%D8%B1-%D9%85%D8%AE%D8%B5%D9%88%D8%B5-%D8%B2%D8%B9%D9%81%D8%B1%D8%A7%D9%86-10-%DA%A9%DB%8C%D9%84%D9%88%DA%AF%D8%B1%D9%85%DB%8C-%D9%87%D8%B2%D8%A7%D8%B1%DA%AF%D9%84/,کود آلی مایع روت هیلر مخصوص زعفران 10 کیلوگرمی هزارگل,,1340000,134000.0,10,,True,2025-07-22 16:52:07,2025-07-22 16:52:07
https://torob.com/p/f5c234bb-37ac-483b-959e-ced0c09315ea/%D9%86%D9%85%D8%B3%DB%8C%D8%B3-%DA%A9%D9%88%D8%AF-%D9%85%D8%A7%DB%8C%D8%B9-%D8%A8%D8%B1/,نِمِسیس کود مایع بُر,,1573000,nan,,,True,2025-07-22 16:52:08,2025-07-22 16:52:08
https://torob.com/p/19990cb1-abbe-4cf4-ad53-15ef09fe0db9/%DA%A9%D9%88%D8%AF-%D9%85%D8%A7%DB%8C%D8%B9-%D9%87%D8%A7%DB%8C-%D9%BE%D8%AA%D8%A7%D8%B3-high-potassium-%D8%A8%D8%A7%D8%B1%D8%B3%D9%84%D9%88%D8%B3-%D9%82%DB%8C%D9%85%D8%AA-%D9%88-%D8%AE%D8%B1%DB%8C%D8%AF-%D8%AF%DB%8C%D8%A7%D8%B1%DA%A9%D8%B4%D8%AA/,کود مایع های پتاس HIGH POTASSIUM بارسلوس| قیمت و خرید | دیارکشت,,7800000,nan,,,True,2025-07-22 16:52:09,2025-07-27 17:06:52
https://torob.com/p/a277c8af-f2a6-4009-b199-d56be0e5d708/%DA%A9%D9%88%D8%AF-%D8%B1%DB%8C%D8%B2%D9%85%D8%BA%D8%B0%DB%8C-%D8%A7%DA%A9%DB%8C%D8%AF%D8%A7/,کود ریزمغذی اکیدا,,403000,nan,,,True,2025-07-22 16:52:09,2025-07-27 17:07:58
https://torob.com/p/59f5e3df-50f1-4375-b0f2-6b8866123dca/%DA%A9%D9%88%D8%AF-%D9%81%D8%B3%D9%81%D8%B1-%D9%BE%D8%AA%D8%A7%D8%B3-%D9%81%D9%88%D8%B3%DB%8C%DA%A9%D8%A7-%D9%BE%D9%84%D8%A7%D8%B3/,کود فسفر پتاس فوسیکا پلاس,,398000,nan,,,True,2025-07-22 16:52:10,2025-07-27 17:01:49
https://torob.com/p/04d8bff0-23fb-421b-99d1-e48f338512ed/%DA%AF%D8%A7%D8%A8%D8%B1%DB%8C-%DA%AF%D9%84%D8%AF%D9%86-%D9%BE%D9%84%DB%8C%D8%AA-%DA%A9%D9%88%D8%AF-%D9%85%D8%B1%D8%BA%DB%8C-%D8%BA%D9%86%DB%8C-%D8%B4%D8%AF%D9%87-6%D8%AA%D8%A7%DB%8C%DB%8C/,گابری گلدن( پلیت کود مرغی غنی شده)(6تایی),,1263500,nan,,,True,2025-07-22 16:52:11,2025-07-27 16:59:51
https://torob.com/p/45b84bdf-f858-403a-a24b-030b0255f09d/%DA%A9%D9%88%D8%AF-%D9%85%D8%AE%D8%B5%D9%88%D8%B5-%D8%B5%DB%8C%D9%81%DB%8C-%D8%AC%D8%A7%D8%AA/,کود مخصوص صیفی جات,,260000,nan,,,True,2025-07-22 16:52:12,2025-07-22 16:52:12
https://torob.com/p/79326e8d-89fb-4a41-8596-3ff291244a1b/%D8%B1%DB%8C%D8%B2-%D9%85%D8%BA%D8%B0%DB%8C-%D8%AA%D8%B1%D9%88/,ریز مغذی ترو,,1100000,nan,,,True,2025-07-22 16:52:12,2025-07-27 17:07:44
https://torob.com/p/1c117a34-3910-4a78-80e8-d524871ce7bf/%DA%A9%D9%88%DA%A9%D9%88%D9%BE%DB%8C%D8%AA/,کوکوپیت,,4800000,nan,,,True,2025-07-22 16:52:13,2025-07-27 16:57:50
https://torob.com/p/dde19626-1b20-4da4-96ab-a9fa29a6ea75/%DA%A9%D9%88%D8%AF-%DA%A9%D8%A7%D9%84-%D9%85%DA%AF-%D8%B2%D8%A7%DB%8C%D8%B2/,کود کال مگ زایز,,850000,nan,,,True,2025-07-22 16:52:14,2025-07-27 17:02:26
https://torob.com/p/8f3f1c6c-d706-482b-9851-dbbf05bef1d2/%DA%A9%D9%88%D8%AF-%D8%A7%DB%8C%D9%86%D9%81%DB%8C%D9%86%DB%8C%D8%AA%D9%88-%D8%AC%D9%86%D8%B3%DB%8C%D8%B3-5-%D8%A8%D8%A7%D8%B3%DB%8C%D9%84%D9%88%D8%B3-%D9%BE%D8%AA%D8%A7%D8%B3-%D9%87%DB%8C%D9%88%D9%85%DB%8C%DA%A9-%D9%81%D9%88%D9%84%D9%88%DB%8C%DA%A9-%D8%AC%D9%84%D8%A8%DA%A9-%D8%A7%D8%B3%D9%85%D8%A7%D8%B1%D8%AA-%DA%AF%D8%B1%D9%88-%D8%A7%D8%B3%D9%BE%D8%A7%D9%86%DB%8C%D8%A7-%DB%8C%DA%A9-%DA%A9%DB%8C%D9%84%D9%88%DB%8C%DB%8C/,کود اینفینیتو جنسیس ۵ (باسیلوس پتاس هیومیک فولویک جلبک) اسمارت گرو اسپانیا (یک کیلویی),,1380000,nan,,,True,2025-07-22 16:52:15,2025-07-27 17:13:45
https://torob.com/p/4b1a901b-c2f4-49e4-ab6e-f2a4675ff4b7/%DA%A9%D9%88%D8%AF-%D8%A7%D9%85%DB%8C%D9%86%D9%88-%D8%A7%D8%B3%DB%8C%D8%AF-gamin/,کود آمینو اسید G.AMIN,,289000,nan,,,True,2025-07-22 16:52:15,2025-07-27 17:11:52
https://torob.com/p/877325fb-5923-4b55-a00a-4f6228bc40b1/%DA%A9%D9%88%D8%AF-%D9%87%DB%8C%D8%AF%D8%B1%D9%88%D9%BE%D9%88%D9%86%DB%8C%DA%A9-%D8%A7%D8%AA%D9%86%D8%A7-%D8%A8%D8%A7%D9%84%D8%A7%D9%86%D8%B3-1%D9%84%DB%8C%D8%AA%D8%B1%DB%8C/,کود هیدروپونیک آتنا بالانس (1لیتری),,150000,150000.0,1,,True,2025-07-22 16:52:16,2025-07-27 17:09:02
https://torob.com/p/1fa73361-0912-408b-91c5-9f65b071e236/%DA%A9%D9%88%D8%AF-%D9%87%DB%8C%D9%88%D9%85%DB%8C%DA%A9-%D8%A7%D8%B3%DB%8C%D8%AF-%D9%BE%D8%B1%DA%A9-%D8%A7%D9%88%D8%A7-%D9%81%D8%B1%D8%A7%DB%8C%D9%86%D8%AF-%D9%88%D8%B2%D9%86-1-%DA%A9%DB%8C%D9%84%D9%88-%DA%AF%D8%B1%D9%85/,کود هیومیک اسید پرک آوا فرایند وزن 1 کیلو گرم,,230000,230000.0,1,,True,2025-07-22 16:52:17,2025-07-27 16:56:41
https://torob.com/p/484e65f0-48ad-4655-b876-e1681c39077f/%DA%A9%D9%88%D8%AF-%D9%85%D8%A7%DB%8C%D8%B9-%D9%87%DB%8C%D9%88%D9%85%DB%8C%DA%A9-%D8%A7%D8%B3%DB%8C%D8%AF-%D8%A7%D9%84-%D9%81%DB%8C%D9%88%D8%B1%D9%87/,کود مایع هیومیک اسید ال فیوره,,135000,nan,,,True,2025-07-22 16:52:17,2025-07-22 16:52:17
https://torob.com/p/6743b2d0-b129-4303-bf66-707913043455/%DA%A9%D9%88%D8%AF-%D8%B3%D9%88%D9%84%D9%81%D8%A7%D8%AA-%D9%85%D9%86%DA%AF%D9%86%D8%B2-%DA%AF%DB%8C%D8%A7%D9%87-%DB%8C%D8%A7%D8%B1-%DB%8C%DA%A9-%DA%A9%DB%8C%D9%84%D9%88/,کود سولفات منگنز گیاه یار یک کیلو,,132000,nan,,,True,2025-07-22 16:52:18,2025-07-22 16:52:18
https://torob.com/p/40fd9dc3-fe7e-4d49-98bd-e096cd0afd39/%DA%A9%D9%88%D8%AF-%D9%85%D8%A7%DB%8C%D8%B9-%D9%81%D8%B3%D9%81%D8%B1-%D9%BE%D8%AA%D8%A7%D8%B3-%D8%A8%D8%A7%D9%84%D8%A7-high-phosphorus-and-potassium-pk-%D8%A8%D8%A7%D8%B1%D8%B3%D9%84%D9%88%D8%B3-%D8%A8%D8%B1%D8%B1%D8%B3%DB%8C-%D9%82%DB%8C%D9%85%D8%AA-%D9%85%D8%B4%D8%AE%D8%B5%D8%A7%D8%AA-%D8%AF%DB%8C%D8%A7%D8%B1-%DA%A9%D8%B4%D8%AA/,کود مایع فسفر پتاس بالا HIGH PHOSPHORUS & POTASSIUM (pk) بارسلوس | بررسی قیمت مشخصات | دیار کشت,,9200000,nan,,,True,2025-07-22 16:52:19,2025-07-27 17:13:28
https://torob.com/p/b94b7993-b02c-499b-97b6-05239115a39c/%DA%A9%D9%88%D8%AF-%D8%B3%D9%88%D9%84%D9%81%D8%A7%D8%AA-%D9%BE%D8%AA%D8%A7%D8%B3%DB%8C%D9%85-%D8%AF%D8%A7%D9%85%D8%A7%D9%81%D8%A7%D8%B1%D9%85-10-%DA%A9%DB%8C%D9%84%D9%88%DB%8C%DB%8C/,کود سولفات پتاسیم دامافارم 10 کیلویی,,1050000,105000.0,10,,True,2025-07-22 16:52:20,2025-07-22 16:52:20
https://torob.com/p/a6e06848-b6b6-4043-bdf1-454ed3f8493e/%D8%A8%D8%B3%D8%AA%D8%B1-%DA%A9%D8%B4%D8%AA-%D8%AE%D8%A7%DA%A9-%D8%A7%D9%85%D8%A7%D8%AF%D9%87-%DA%AF%D9%84%D8%AF%D8%A7%D9%86-%DA%AF%D9%84-%D8%A7%D8%B0%DB%8C%D9%86-%D9%BE%D9%84%D8%A7%D8%B3-60-%D9%84%DB%8C%D8%AA%D8%B1%DB%8C/,بستر کشت ( خاک آماده گلدان ) گل آذین پلاس ۶۰ لیتری,,490000,8166.666666666667,60,,True,2025-07-22 16:52:20,2025-07-27 17:10:21
https://torob.com/p/99e00dc9-56be-40a1-aa08-7fa21b82f392/%DA%A9%D9%88%D8%AF-%D8%A8%D8%A7%D8%AF-%DA%A9%D9%86%D8%AF%DB%8C-%D8%A7%D8%AF%D9%88%D9%86%D8%B3/,کود باد کندی ادونس,,22800000,nan,,,True,2025-07-22 16:52:21,2025-07-27 17:06:45
https://torob.com/p/2c8c8eea-5c68-4603-b2ad-83e70ee62f34/%D8%AE%D8%A7%DA%A9-%D9%BE%D9%84%D9%86%D8%AA-%DA%86%D8%B3%D8%A8%D8%A7%D9%86%D9%86%D8%AF%D9%87-%D8%AE%D8%B2%D9%87-200%DA%AF%D8%B1%D9%85%DB%8C/,خاک پلنت (چسباننده خزه) 200گرمی,,70000,nan,,,True,2025-07-22 16:52:22,2025-07-27 16:58:07
https://torob.com/p/d58c3c76-c0d1-4e81-92ae-1af99074f500/%DA%A9%D9%88%D8%AF-%D9%85%D8%A7%DB%8C%D8%B9-%D9%85%D9%88%D9%86%D9%88-%D8%A7%D9%85%D9%88%D9%86%DB%8C%D9%88%D9%85-%D9%81%D8%B3%D9%81%D8%A7%D8%AA-%D9%81%D9%88%D8%B3%D9%BE%D8%A7%D9%85%DB%8C%D8%AF-%D9%81%D8%A7%D8%B1%D9%85%D9%88%D9%86%D8%AA%DB%8C-map-phospamid-pharmonti-npk-8-34-0-5-%D9%84%DB%8C%D8%AA%D8%B1%DB%8C/,کود مایع (مونو آمونیوم فسفات) فوسپامید فارمونتی (MAP) Phospamid Pharmonti NPK 8 34 0 - 5 لیتری,,1540000,308000.0,5,,True,2025-07-22 16:52:23,2025-07-27 17:02:40
https://torob.com/p/263c9075-591f-4964-a5ee-b701a7a351a5/%DA%A9%D9%88%D8%AF-%D9%85%D8%AD%D8%B1%DA%A9-%D8%B1%D8%B4%D8%AF-hb-101/,کود محرک رشد HB-101,,12500000,nan,,,True,2025-07-22 16:52:23,2025-07-27 17:08:27
https://torob.com/p/c14f8d54-5f65-45e7-91b2-cacedb5e2093/%DA%A9%D9%86%D9%87-%DA%A9%D8%B4-%D8%A7%D8%A8%D8%A7%D9%85%DA%A9%D8%AA%DB%8C%D9%86-30-%D8%B3%DB%8C-%D8%B3%DB%8C/,کنه کش آبامکتین 30 سی سی,,35000,nan,,,True,2025-07-22 16:52:24,2025-07-22 16:52:24
https://torob.com/p/a082ed5b-4543-4331-896b-b694dca86781/%DA%A9%D9%88%D8%AF-%DA%A9%D8%A7%D9%85%D9%84-%DA%AF%D8%B1%D8%A7%D9%86%D9%88%D9%84%D9%87-5-5-5-%D9%88%D9%BE%D8%B1%D9%88%D9%81%D8%B1%D8%AA-25-%DA%A9%DB%8C%D9%84%D9%88%DB%8C%DB%8C/,کود کامل گرانوله ۵-۵-۵ وپروفرت ۲۵ کیلویی,,1305000,52200.0,25,,True,2025-07-22 16:52:25,2025-07-22 16:52:25
https://torob.com/p/f4fedb19-bb41-464c-9461-d73a8b509e31/%DA%A9%D9%88%D8%AF-10-50-10-npk-%D8%AA%D8%AA%D8%A7%DA%A9%D9%88/,کود 10-50-10 npk تتاکو,,2688000,nan,,,True,2025-07-22 16:52:26,2025-07-22 16:52:26
https://torob.com/p/36dd0aff-4aeb-4bfa-8b1a-aa913e3c7ae8/%D9%86%DB%8C%D9%88%D8%B1%D9%88%D9%86-%D8%A8%D8%B1%D9%88%D9%85%D9%88%D9%BE%D8%B1%D9%88%D9%BE%DB%8C%D9%84%D8%A7%D8%AA/,نئورون(بروموپروپیلات),,950000,nan,,,True,2025-07-22 16:52:26,2025-07-22 16:52:26
https://torob.com/p/0094b780-1c24-4e94-a0eb-e931ec5ec2a2/%DA%A9%D9%88%D8%AF-%DA%A9%D9%84%D8%A7%D8%AA-%D9%85%D8%B3/,کود کلات مس,,650000,nan,,,True,2025-07-22 16:52:27,2025-07-22 16:52:27
https://torob.com/p/02a05038-eeb3-4c1a-8d9b-9b1ca2050db5/%DA%A9%D9%88%D8%AF-%DA%AF%D8%B1%D8%A7%D9%86%D9%88%D9%84%D9%87-%D9%85%D8%A7%D8%AA%D9%88%D8%AA%D9%88-%DA%98%D8%A7%D9%BE%D9%86/,کود گرانوله ماتوتو ژاپن,,88000,nan,,,True,2025-07-22 16:52:28,2025-07-22 16:52:28
https://torob.com/p/5fcbfecd-8f34-45c1-8a6d-62358f3c9485/%D8%A8%D8%B1%D8%AF%D9%88%D9%81%DB%8C%DA%A9%D8%B3-1%D9%84%DB%8C%D8%AA%D8%B1%DB%8C/,بردوفیکس - 1لیتری,,230000,230000.0,1,,True,2025-07-22 16:52:29,2025-07-22 16:52:29
https://torob.com/p/5beab3ed-6b4e-4201-9c1e-bfaa415a9bc5/%D8%A7%D8%B3%DB%8C%D8%AF-%D9%87%DB%8C%D9%88%D9%85%DB%8C%DA%A9-%D9%BE%D8%A7%DB%8C%D8%B4-%D8%B3%D8%A8%D8%B2-1-%DA%A9%DB%8C%D9%84%D9%88%DB%8C%DB%8C/,اسید هیومیک پایش سبز 1 کیلویی,,450000,450000.0,1,,True,2025-07-22 16:52:29,2025-07-27 17:12:00
https://torob.com/p/fbd125aa-4c73-494d-b229-34192b981a57/%DA%A9%D9%88%D8%AF-%D8%B1%DB%8C%D8%B4%D9%87-%D8%B2%D8%A7%DB%8C%DB%8C-%D8%B1%D8%A7%DB%8C%DA%A9%D8%AA-%D8%B1%D9%88%D8%AA%DB%8C%D9%86%DA%AF-raykat-rooting-%D8%A7%D8%AA%D9%84%D8%A7%D9%86%D8%AA%DB%8C%DA%A9%D8%A7-%D8%A7%D8%B3%D9%BE%D8%A7%D9%86%DB%8C%D8%A7-1%D9%84%DB%8C%D8%AA%D8%B1%DB%8C/,کود ریشه زایی رایکت روتینگ(Raykat Rooting) آتلانتیکا اسپانیا 1لیتری,,1550000,1550000.0,1,,True,2025-07-22 16:52:30,2025-07-22 16:52:30
https://torob.com/p/a3763c91-8e19-475f-9fbf-116282978349/%DA%A9%D9%88%D8%AF-%D8%A7%D8%B1%DA%AF%D8%A7%D9%86%DB%8C%DA%A9-%D9%85%D8%A7%DB%8C%D8%B9-%D9%85%D8%A7%D9%87%DB%8C-%D8%B3%D8%B7%D9%84-20/,کود ارگانیک مایع ماهی سطل ۲۰,,1750000,nan,,,True,2025-07-22 16:52:31,2025-07-27 17:03:08
https://torob.com/p/e441b1a8-7e18-4f48-8255-61da8e6725a7/%DA%AF%D9%88%DA%AF%D8%B1%D8%AF-%D9%85%D8%A7%DB%8C%D8%B9-%D9%BE%D8%AA%D8%A7%D8%B3%D9%87-40-%DA%AF%D9%88%DA%AF%D8%B1-20-%D9%BE%D8%AA%D8%A7%D8%B3%DB%8C%D9%85-5-10-20-%D9%84%DB%8C%D8%AA%D8%B1%DB%8C-5/,گوگرد مایع پتاسه 40% گوگر 20% پتاسیم ۵ ۱۰ ۲۰ لیتری - 5,,800000,40000.0,20,,True,2025-07-22 16:52:32,2025-07-27 17:03:29
https://torob.com/p/d59e8ceb-3ca4-487a-a010-425803d358ed/%D8%B9%D9%84%D9%81-%DA%A9%D8%B4-%D8%A7%D8%B3%D8%AA%D8%A7%D8%B1%DA%98%D9%86-%D9%87%D8%B2%D8%A7%D8%B1%D9%87-%D8%B3%D9%88%D9%85-%D8%AA%D9%88%D9%81%D9%88%D8%B1%D8%AF%DB%8C-%D8%A8%D8%B1%D8%B1%D8%B3%DB%8C-%D9%82%DB%8C%D9%85%D8%AA-%D9%88-%D9%85%D8%B4%D8%AE%D8%B5%D8%A7%D8%AA-%D8%AF%DB%8C%D8%A7%D8%B1%DA%A9%D8%B4%D8%AA/,علف کش استارژن هزاره سوم | توفوردی بررسی قیمت و مشخصات | دیارکشت,,7500000,nan,,,True,2025-07-22 16:52:32,2025-07-27 17:09:16
https://torob.com/p/f1bcb095-0e87-465e-bf0e-bfc01b4275c1/%D8%AC%DB%8C%D8%A8%D8%B1%D9%84%DB%8C%D9%86-%D9%BE%D8%B1%D9%88%D8%AA%DA%A9%D8%AA-%D9%86%DB%8C%DA%86%D8%B1/,جیبرلین پروتکت نیچر,,117000,nan,,,True,2025-07-22 16:52:33,2025-07-27 17:03:02
https://torob.com/p/fa08421c-c696-4938-8ff6-2119dbcaed19/%DA%A9%D9%88%D8%AF-%D8%AA%D8%A7%D9%BE-%D9%85%DA%A9%D8%B3-%D8%A8%D8%A7%DB%8C%D9%88%D8%A8%DB%8C%D8%B2-top-max/,کود تاپ مکس بایوبیز - Top max,,1490000,nan,,,True,2025-07-22 16:52:34,2025-07-22 16:52:34
https://torob.com/p/a8f1926e-734d-402c-acca-3b6b682336c0/%DA%A9%D9%88%D8%AF-%D8%B3%D9%87-%D8%A8%DB%8C%D8%B3%D8%AA-okis-%DB%8C%DA%A9-%DA%A9%DB%8C%D9%84%D9%88%DB%8C%DB%8C-%D8%B1%D8%B4%D8%AF-%D9%88-%D8%B7%D8%B1%D8%A7%D9%88%D8%AA-%D8%A8%DB%8C%D8%B4%D8%AA%D8%B1/,کود سه بیست OKIS یک کیلویی | رشد و طراوت بیشتر,,210000,nan,,,True,2025-07-22 16:52:35,2025-07-22 16:52:35
https://torob.com/p/0c64f2ca-2f2d-46ce-b4f5-1379eb77cd51/%D8%A8%D8%A7%D8%B3%DB%8C%D9%84%D8%A7%D8%B1-%D8%B1%DB%8C%D8%B4%D9%87-%D8%B2%D8%A7/,باسیلار(ریشه زا),,1560000,nan,,,True,2025-07-22 16:52:35,2025-07-22 16:52:35
https://torob.com/p/243c218f-b4ba-4a0d-9af6-865aa94f3c69/%DA%A9%D9%88%D8%AF-%DA%AF%D8%B1%D8%A7%D9%86%D9%88%D9%84-%D8%B1%D9%88%DB%8C-%D8%A7%D8%B2%D8%AA-%DA%AF%D8%B1%DB%8C%D9%86-%D9%88%DB%8C%D8%AA-%D8%A7%DB%8C%D8%B1%D8%A7%D9%86/,کود گرانول روی ازت گرین ویت ایران,,1269000,nan,,,True,2025-07-22 16:52:36,2025-07-22 16:52:36
https://torob.com/p/2575f708-8742-444f-b6bb-e81052fc18a3/%D8%B3%D9%88%D9%84%D9%88%D9%BE%D8%AA%D8%A7%D8%B3-%DA%A9%DB%8C%D9%85%DB%8C%D8%A7-%DA%A9%D9%88%DB%8C%D8%B1/,سولوپتاس کیمیا کویر,,2475000,nan,,,True,2025-07-22 16:52:37,2025-07-27 17:06:17
https://torob.com/p/190464ec-b2e2-4ad5-895a-88864307fe30/%DA%A9%D9%88%D8%AF-%D9%BE%D9%84%D8%AA-%D9%85%D8%B1%D8%BA%DB%8C-25-%DA%A9%DB%8C%D9%84%D9%88%DA%AF%D8%B1%D9%85%DB%8C/,کود پلت مرغی ۲۵ کیلوگرمی,,170000,6800.0,25,,True,2025-07-22 16:52:38,2025-07-27 16:58:56
https://torob.com/p/3c5d7da7-3f3a-40aa-b8ae-929d7f991a9d/%D8%A8%D9%88%D8%B1-%D8%A7%D8%AA%D8%A7%D9%86%D9%88%D9%84-%D8%A7%D9%85%DB%8C%D9%86-%D9%81%D8%A7%D8%B1%D9%87%D8%A7%D9%85/,بور اتانول آمین فارهام,,3500000,nan,,,True,2025-07-22 16:52:38,2025-07-27 16:59:29
https://torob.com/p/6e69ba26-d375-47ec-9818-4d0544cfab37/%D8%AE%D8%B1%DB%8C%D8%AF-%DA%A9%D9%88%D8%AF-%D9%86%DB%8C%D8%AA%D8%B1%D8%A7%D8%AA-%DA%A9%D9%84%D8%B3%DB%8C%D9%85-%D8%B4%D9%88%DA%A9-%DA%A9%D9%88%D8%AF-%DA%AF%D8%B1%D8%A7%D9%85/,خرید کود نیترات کلسیم شوک - کود گرام,,220000,nan,,,True,2025-07-22 16:52:39,2025-07-27 17:11:34
https://torob.com/p/7d32bfe1-c2d0-4394-8da1-eda8e7be9065/%D8%AE%D8%A7%DA%A9-%D8%A8%D8%B1%DA%AF-%D8%AD%D8%AC%D9%85-12-%D9%84%DB%8C%D8%AA%D8%B1/,خاک برگ حجم 12 لیتر,,390000,32500.0,12,,True,2025-07-22 16:52:40,2025-07-22 16:52:40
https://torob.com/p/f3960a2f-d058-4ec5-abb8-69cee639e844/%D9%87%DB%8C%D9%88%D9%85%DB%8C%DA%A9-%D8%A7%D8%B3%DB%8C%D8%AF/,هیومیک اسید,,1218000,nan,,,True,2025-07-22 16:52:41,2025-07-22 16:52:41
https://torob.com/p/597b1184-a8eb-4cd1-a148-1f22b33f2635/%DA%A9%D9%88%D8%AF-%D9%BE%D9%84%DB%8C-%D8%A7%D9%85%DB%8C%DA%A9%D8%B3-105210-%D8%A7%D9%86%D9%88%D8%B1%D9%84-%D8%A8%D9%84%DA%98%DB%8C%DA%A9/,کود پلی آمیکس 105210 آنورل بلژیک,,6995000,nan,,,True,2025-07-22 16:52:41,2025-07-22 16:52:41
https://torob.com/p/0b729214-4a6e-4000-9ace-3183d38a888a/%D9%81%DB%8C%D9%BE%D8%B1%D9%88%D9%86%DB%8C%D9%84-5-%DA%A9%D8%A7%D9%88%D8%B4/,فیپرونیل ۵٪ کاوش,,400000,nan,,,True,2025-07-22 16:52:42,2025-07-27 17:16:02
https://torob.com/p/f71b85ff-25cd-413b-8015-417d5a14f762/%DA%A9%D9%88%D8%AF-%D9%85%D8%A7%DB%8C%D8%B9-%D8%B7%D8%A8%DB%8C%D8%B9%DB%8C-%DA%A9%D8%B1%D8%B3%D8%B1-%D9%85%D8%AF%D9%84-%D9%81%D9%88%D9%84%DA%A9%D8%B3-%D8%AD%D8%AC%D9%85-1-%D9%84%DB%8C%D8%AA%D8%B1/,کود مایع طبیعی کرسر مدل فولکس حجم 1 لیتر,,300000,300000.0,1,,True,2025-07-22 16:52:43,2025-07-27 17:09:54
https://torob.com/p/84c1e3db-69d4-4d34-bb1e-08370b8662db/%DA%A9%D9%86%D9%87-%DA%A9%D8%B4-%D9%86%DB%8C%D8%B3%D9%88%D8%B1%D9%88%D9%86-%D9%87%DA%AF%D8%B2%DB%8C-%D8%AA%DB%8C%D8%A7%D8%B2%D9%88%DA%A9%D8%B3-%D8%B1%D8%AC%D8%A7-%D9%86%DB%8C%D9%85-%D9%84%DB%8C%D8%AA%D8%B1%DB%8C/,کنه کش نیسورون(هگزی تیازوکس) رجا نیم لیتری,,540000,nan,,,True,2025-07-22 16:52:44,2025-07-22 16:52:44
https://torob.com/p/609634e4-9551-409a-96be-a029c01db5a4/%DA%A9%D9%88%D8%AF-%D9%87%DB%8C%D9%88%D9%85%DB%8C%DA%A9-%D8%A7%D8%B3%DB%8C%D8%AF-%D9%85%D8%AC%DB%8C%DA%A9-%D9%85%D8%AF%D9%84-%D9%BE%D9%88%D8%AF%D8%B1%DB%8C-%D9%88%D8%B2%D9%86-1-%DA%A9%DB%8C%D9%84%D9%88%DA%AF%D8%B1%D9%85/,کود هیومیک اسید مجیک مدل پودری وزن 1 کیلوگرم,,229000,229000.0,1,,True,2025-07-22 16:52:44,2025-07-22 16:52:44
https://torob.com/p/cfd7d251-be79-4da5-ac82-9b021cac02b4/%DA%A9%D9%88%D8%AF-%D8%B3%D9%88%D9%84%D9%81%D8%A7%D8%AA-%D9%85%D9%86%DB%8C%D8%B2%DB%8C%D9%85-%DA%A9%D9%86%D8%AC%D8%A7%D9%84%D9%87-%D8%B3%D8%A7%D8%B2-25-%DA%A9%DB%8C%D9%84%D9%88%DB%8C%DB%8C/,کود سولفات منیزیم کنجاله ساز (۲۵ کیلویی),,580000,23200.0,25,,True,2025-07-22 16:52:45,2025-07-22 16:52:45
https://torob.com/p/af394758-35e2-4cd8-8d66-cc7e2835f8b3/%D8%A7%D9%84%DB%8C%D8%A7%D8%AF%D9%88/,آلیادو,,1200000,nan,,,True,2025-07-22 16:52:46,2025-07-22 16:52:46
https://torob.com/p/fdaa9ad9-4c7c-4f65-a277-bd3c04bb628e/%DA%A9%D9%88%D8%AF-%D9%85%D8%A7%DB%8C%D8%B9-%D8%AC%D9%84%D8%A8%DA%A9-%D8%AF%D8%B1%DB%8C%D8%A7%DB%8C%DB%8C/,کود مایع جلبک دریایی,,58000,nan,,,True,2025-07-22 16:52:47,2025-07-27 17:00:54
https://torob.com/p/3db97150-87d3-4f89-93e7-2cbb8e7bc8fb/%D8%AA%DA%A9%D9%86%DB%8C%D9%81%D9%88%D9%84-%D9%86%D9%88%D8%AA%D8%B1%DB%8C-%DA%A9%D9%85%D8%A8%DB%8C-%DA%A9%D9%88%D8%AF-%DA%A9%D8%A7%D9%85%D9%84-%D9%85%DB%8C%DA%A9%D8%B1%D9%88-%D8%A8%D8%A7-edta/,تکنیفول نوتری کمبی (کود کامل میکرو با EDTA),,760000,nan,,,True,2025-07-22 16:52:48,2025-07-27 17:07:01
https://torob.com/p/d368b952-fc4e-42c7-b757-8efee2d5c86c/%D9%82%D8%A7%D8%B1%DA%86-%DA%A9%D8%B4-%DA%A9%D8%A7%D8%B1%D8%A8%D9%86%D8%AF%D8%A7%D8%B2%DB%8C%D9%85-%D8%B1%D8%A7%D8%B2%DB%8C-%D8%B4%DB%8C%D9%85%DB%8C-%DB%8C%DA%A9-%DA%A9%DB%8C%D9%84%D9%88%DA%AF%D8%B1%D9%85/,قارچ کش کاربندازیم رازی شیمی یک کیلوگرم,,620000,nan,,,True,2025-07-22 16:52:48,2025-07-27 17:09:57
https://torob.com/p/05ed7c1e-2bcd-4cc8-a2a1-1eca178d01e8/%D9%86%DB%8C%D8%AA%D8%B1%D8%A7%D8%AA-%D9%BE%D8%AA%D8%A7%D8%B3%DB%8C%D9%85-%D9%BE%D9%84%D9%86%D8%AA-%D9%81%DB%8C%D8%AF-plant-feed/,نیترات پتاسیم پلنت فید | Plant Feed,,5200000,nan,,,True,2025-07-22 16:52:49,2025-07-22 16:52:49
https://torob.com/p/28f1d098-b69f-4e82-8eb2-5e60d0947bc0/%DA%A9%D9%88%D8%AF-%D9%88%D8%B1%D9%85%DB%8C-%DA%A9%D9%88%D9%85%D9%BE%D9%88%D8%B3%D8%AA/,کود ورمی کومپوست,,404000,nan,,,True,2025-07-22 16:52:50,2025-07-27 17:04:41
https://torob.com/p/aceebe89-d74c-4998-b917-f97e617f82bb/%DA%A9%D9%88%D8%AF-%D9%BE%D9%88%D8%AF%D8%B1%DB%8C-%D9%87%DB%8C%D9%88%D9%85%DB%8C%DA%A9-%D8%A7%D8%B3%DB%8C%D8%AF-80%DA%AF%D8%B1%D9%85-%D9%BE%D8%B1%D9%88%D8%AA%DA%A9%D8%AA-%D9%86%DB%8C%DA%86%D8%B1/,کود پودری هیومیک اسید 80گرم پروتکت نیچر,,145000,nan,,,True,2025-07-22 16:52:51,2025-07-22 16:52:51
https://torob.com/p/6067a23f-7215-468a-8fb9-9949f226bc44/%D8%B3%D9%88%D9%84%D9%81%D8%A7%D8%AA-%D8%A7%D9%85%D9%88%D9%86%DB%8C%D9%88%D9%85-%D9%81%D9%84%D8%A7%D8%AA-%DA%A9%D8%A7%D9%84%D8%A7-%DA%A9%D8%AF-sap4kg-%D9%88%D8%B2%D9%86-4-%DA%A9%DB%8C%D9%84%D9%88%DA%AF%D8%B1%D9%85/,سولفات آمونیوم فلات کالا کد SAP4KG وزن 4 کیلوگرم,,177000,44250.0,4,,True,2025-07-22 16:52:51,2025-07-22 16:52:51
https://torob.com/p/f2b5bbbb-b9ea-4560-93a0-721a2919a784/%D9%85%DB%8C%DA%A9%D8%B1%D9%88%D9%85/,میکروم,,998000,nan,,,True,2025-07-22 16:52:52,2025-07-27 17:14:56
https://torob.com/p/a4d6b067-08d9-4d17-b37c-d9f1254e0d9c/%DA%A9%D9%88%D8%AF-%DA%A9%D9%84%D8%A7%D8%AA-%D8%B1%D9%88%DB%8C-15-%D9%BE%D9%84%D8%A7%D8%AA%D9%88-500%DA%AF%D8%B1%D9%85%DB%8C/,کود کلات روی 15% پلاتو(500گرمی),,197000,nan,,,True,2025-07-22 16:52:53,2025-07-27 17:00:45
https://torob.com/p/b9f74bf8-5e6f-43da-87df-bb76662fdd5a/%DA%A9%D9%88%D8%AF-%D8%A7%D9%87%D9%86-%D8%A8%D9%84%DA%A9-%D8%A7%DB%8C%D8%B1%D9%88%D9%86/,کود آهن بلک آیرون,,770000,nan,,,True,2025-07-22 16:52:54,2025-07-27 17:00:14
https://torob.com/p/84648dbb-5e03-4727-aeae-989e046c699d/%DA%A9%D9%88%D8%AF-%D9%86%D9%88%D9%86%D8%A7%D9%85%DB%8C%DA%A9-pk-zn-%D8%A8%D8%B1%D8%B7%D8%B1%D9%81-%DA%A9%D9%86%D9%86%D8%AF%D9%87-%DA%A9%D9%85%D8%A8%D9%88%D8%AF-%D9%81%D8%B3%D9%81%D8%B1-%D9%BE%D8%AA%D8%A7%D8%B3-%D8%B1%D9%88%DB%8C/,کود نونامیک PK-ZN (برطرف کننده کمبود فسفر، پتاس، روی),,537000,nan,,,True,2025-07-22 16:52:54,2025-07-27 17:02:44
https://torob.com/p/efa95c9f-92ec-4ec9-bdce-c239f461fdfd/%DA%A9%D9%88%D8%AF-%D9%81%D8%B1%D9%88%D8%AA-%D8%B3%D8%AA-%D8%A7%DB%8C%D8%B1%D8%A7%D9%85%D9%88%D9%86/,کود فروت ست ایرامون,,142560,nan,,,True,2025-07-22 16:52:55,2025-07-27 16:58:09
https://torob.com/p/38cbd771-3dfc-457d-aedf-ce5a11dffa25/%DA%A9%D9%88%D8%AF-%D8%A7%D9%81%D8%B2%D8%A7%DB%8C%D8%B4-%D8%B1%D9%86%DA%AF-%D9%88-%D8%B3%D8%A7%DB%8C%D8%B2-%D9%85%D8%AD%D8%B5%D9%88%D9%84-%DA%A9%D9%88%D9%84%DB%8C%D8%B2-colize-%D9%84%D8%A7%D8%B1%D8%A7-%DB%8C%DA%A9-%D9%84%DB%8C%D8%AA%D8%B1%DB%8C/,کود افزایش رنگ و سایز محصول کولیز (colize) لارا یک لیتری,,330000,nan,,,True,2025-07-22 16:52:56,2025-07-22 16:52:56
https://torob.com/p/e02b1b55-8d67-4b3f-a710-0e674b2b1e0e/%D9%82%D8%A7%D8%B1%DA%86-%DA%A9%D8%B4-%D9%85%D8%A7%DB%8C%D8%B9-%D8%AA%D8%A8%D9%88%DA%A9%D9%88%D9%86%D8%A7%D8%B2%D9%88%D9%84/,قارچ کش مایع تبوکونازول,,1225000,nan,,,True,2025-07-22 16:52:57,2025-07-22 16:52:57
https://torob.com/p/d6f7f7aa-c763-4a4e-84de-e2542f126b48/%D9%85%D8%B9%D8%AC%D8%B2%D9%87-%DA%AF%D8%B1-1/,معجزه گر 1,,1490000,nan,,,True,2025-07-22 16:52:57,2025-07-22 16:52:57
https://torob.com/p/60f87eb7-cbb4-44aa-ba84-27da0af47f40/%DA%A9%D9%88%D8%AF-%D8%B3%D9%87-%D8%A8%DB%8C%D8%B3%D8%AA-%D9%81%D8%A7%D8%B1%D9%87%D8%A7%D9%85-npk-20-20-20/,کود سه بیست فارهام (NPK 20-20-20),,1600000,nan,,,True,2025-07-22 16:52:58,2025-07-27 17:06:59
https://torob.com/p/d663bcd0-bf1b-4369-8639-bc3cd0e64cc7/%DA%A9%D9%88%D8%AF-%D9%85%D8%A7%DB%8C%D8%B9-%DA%A9%D8%A7%D9%85%D9%84-%D8%A7%DA%A9%D8%AA%DB%8C%D9%88-%D9%BE%D9%84%D8%A7%D8%B3-%D9%81%D8%A7%D8%B1%D9%85%D9%88%D9%86%D8%AA%DB%8C-16-%D8%B9%D9%86%D8%B5%D8%B1-active-plus-pharmonti-npk10-5-5-10-%D9%84%DB%8C%D8%AA%D8%B1%DB%8C/,کود مایع کامل اکتیو پلاس فارمونتی 16 عنصر (Active Plus Pharmonti (NPK10 5 5 - 10 لیتری,,1875000,187500.0,10,,True,2025-07-22 16:52:59,2025-07-27 17:15:57
https://torob.com/p/a0b631ed-f3bc-4cf9-a84d-6f62e14b26c8/%DA%AF%D9%88%DA%AF%D8%B1%D8%AF-%D9%85%D8%A7%DB%8C%D8%B9/,گوگرد مایع,,550000,nan,,,True,2025-07-22 16:53:00,2025-07-27 16:59:58
https://torob.com/p/9b164ffe-2e98-4e3e-b8b4-b28455074789/%DA%A9%D9%88%D8%AF-%D9%BE%D8%AA%D8%A7%D8%B3-%D8%A8%D8%A7%D9%84%D8%A7-%D8%A8%D9%87-%D9%87%D9%85%D8%B1%D8%A7%D9%87-%D8%B1%DB%8C%D8%B2-%D9%85%D8%BA%D8%B0%DB%8C-%D9%87%D8%A7-30-5-15-%D9%81%D8%B1%D9%85%D9%88%D9%84%D8%A7%DB%8C%D9%81/,کود پتاس بالا به همراه ریز مغذی ها ۳۰ ۵ ۱۵ فرمولایف,,2880000,nan,,,True,2025-07-22 16:53:00,2025-07-27 17:02:53
https://torob.com/p/3dcce300-6f32-4b8c-a4f4-ca5aa0fd6c08/%DA%A9%D9%88%D8%AF-%D8%B3%DB%8C%D9%84%DB%8C%D8%B3-%D9%88-%D9%BE%D8%AA%D8%A7%D8%B3%DB%8C%D9%85-%D8%AC%D9%86%D9%88%D8%A8%DA%AF%D8%A7%D9%86-%D9%85%D8%AF%D9%84-%D8%B3%DB%8C%D9%84%DB%8C%DA%A9%D8%A7%D8%B3%D9%88%D9%84-%D8%AD%D8%AC%D9%85-%DB%8C%DA%A9-%D9%84%DB%8C%D8%AA%D8%B1/,کود سیلیس و پتاسیم جنوبگان مدل سیلیکاسول حجم یک لیتر,,230000,nan,,,True,2025-07-22 16:53:01,2025-07-22 16:53:01
https://torob.com/p/3edd6e13-8a3a-4e64-b787-d6828c0c1476/%D8%B3%D9%87-%D8%A8%DB%8C%D8%B3%D8%AA-20-20-20-10%DA%A9%DB%8C%D9%84%D9%88%DB%8C%DB%8C-%D8%AA%D8%B1%D8%A7%D9%81%D8%A7%D8%B1%D9%85-%D8%AA%D8%B1%DA%A9%DB%8C%D9%87/,سه بیست(20-20-20) - 10کیلویی ترافارم ترکیه,,2750000,275000.0,10,,True,2025-07-22 16:53:02,2025-07-22 16:53:02
https://torob.com/p/bf272a7f-a4c9-457b-b3fb-f79c6be54e38/%DA%A9%D9%88%D8%AF-%D9%87%DB%8C%D9%88%D9%85%DB%8C%DA%A9-%D8%A7%D8%B3%DB%8C%D8%AF-%D9%87%DB%8C%D9%88%D9%85%DB%8C-%DA%A9%D8%A7%D8%A8%DB%8C-%DB%8C%DA%A9-%DA%A9%DB%8C%D9%84%D9%88%DA%AF%D8%B1%D9%85/,کود هیومیک اسید هیومی کابی یک کیلوگرم,,350000,nan,,,True,2025-07-22 16:53:03,2025-07-27 17:11:58
https://torob.com/p/c5121e12-5ec2-4e76-8b32-39f2ffc205a5/%DA%A9%D9%88%D8%AF-%D8%A7%D8%B3%DB%8C%D8%AF-%D8%A7%D9%85%DB%8C%D9%86%D9%87-%D8%A7%DB%8C%D8%B2%D8%A7%D8%A8%DB%8C%D9%88%D9%86-isabion-%D8%B3%DB%8C%D9%86%D8%AC%D9%86%D8%AA%D8%A7-%D8%B3%D9%88%DB%8C%DB%8C%D8%B3/,کود اسید آمینه ایزابیون | Isabion سینجنتا سوئیس,,95000,nan,,,True,2025-07-22 16:53:04,2025-07-27 17:03:46
https://torob.com/p/afff5c8a-8ca2-4963-8758-9156f9723216/%D8%AE%D8%B1%DB%8C%D8%AF-%D8%A7%DB%8C%D9%86%D8%AA%D8%B1%D9%86%D8%AA%DB%8C-%DA%A9%D9%88%D8%AF-%D8%B1%DB%8C%D8%B4%D9%87-%D8%B2%D8%A7%DB%8C%DB%8C-%DB%8C%D9%88%D9%86%DB%8C-%D9%81%D9%88%D8%B3-%D8%A7%D8%B1%D8%AF%D9%86-%D9%88%D8%A7%D8%B1%D8%AF%D8%A7%D8%AA-%D8%AD%D8%A7%D8%B5%D9%84-%D9%86%D9%88%DB%8C%D9%86/,خرید اینترنتی کود ریشه زایی یونی فوس اردن واردات حاصل نوین,,3200000,nan,,,True,2025-07-22 16:53:04,2025-07-27 16:56:56
https://torob.com/p/2249e0fa-9fa8-4128-99a7-3b9b17e79f59/%D9%86%D9%85%D8%B3%DB%8C%D8%B3-%DA%A9%D9%88%D8%AF-%D9%85%D8%A7%DB%8C%D8%B9-%D9%85%D9%86%DA%AF%D9%86%D8%B2/,نِمِسیس کود مایع منگنز,,1500000,nan,,,True,2025-07-22 16:53:05,2025-07-22 16:53:05
https://torob.com/p/554d9509-c4a9-4d3c-b94e-c08dc8b74f7e/%D8%B5%D8%A7%D8%A8%D9%88%D9%86-%D9%85%D8%AD%D9%84%D9%88%D9%84-%D9%BE%D8%A7%D8%B4%DB%8C-%D9%84%D9%BE%DB%8C%D8%AF%DB%8C%D9%85-1-%D9%84%DB%8C%D8%AA%D8%B1%DB%8C/,صابون محلول پاشی لپیدیم 1 لیتری,,100000,100000.0,1,,True,2025-07-22 16:53:06,2025-07-22 16:53:06
https://torob.com/p/ce3a29d7-559f-422b-8970-0e50862ff577/%DA%A9%D9%88%D8%AF-%D9%81%DB%8C%D8%AF%DB%8C%D9%86%DA%AF-%DA%AF%D8%B1%D9%88-green-house-feeding-grow/,کود فیدینگ گرو | ‏Green House Feeding Grow,,1050000,nan,,,True,2025-07-22 16:53:07,2025-07-27 17:03:57
https://torob.com/p/3d34858a-9cbc-4e82-9123-8b40b9166e64/%D8%A7%D9%88%D8%B1%D9%87-%D9%81%D8%B3%D9%81%D8%A7%D8%AA-%D9%81%D8%A7%D8%B1%D9%87%D8%A7%D9%85/,اوره فسفات فارهام,,1400000,nan,,,True,2025-07-22 16:53:07,2025-07-22 16:53:07
https://torob.com/p/ae0c261e-34ca-4a27-932d-4294ccd500c5/%DA%A9%D9%88%D8%AF-%DA%A9%D9%84%D8%A7%D8%AA-%DA%A9%D9%84%D8%B3%DB%8C%D9%85-%D8%AE%D8%B6%D8%B1%D8%A7/,کود کلات کلسیم خضرا,,530000,nan,,,True,2025-07-22 16:53:08,2025-07-27 17:04:27
https://torob.com/p/ed8a098b-6ce6-458b-b236-8b7cc61c0bbb/%D8%AE%D8%A7%DA%A9-%DA%A9%D8%A7%DA%A9%D8%AA%D9%88%D8%B3-%D9%88-%D8%B3%D8%A7%DA%A9%D9%88%D9%84%D9%86%D8%AA-%DA%AF%DB%8C%D9%84%D8%AF%D8%A7-%D9%85%D8%AF%D9%84-gc04l-%D8%AD%D8%AC%D9%85-4-%D9%84%DB%8C%D8%AA%D8%B1/,خاک کاکتوس و ساکولنت گیلدا مدل GC04L حجم 4 لیتر,,172000,43000.0,4,,True,2025-07-22 16:53:09,2025-07-27 17:10:58
https://torob.com/p/c2f0d585-0a80-4b5f-9a3d-d6a8e9aa3155/%D8%A7%DB%8C%D9%BE%D8%B1%D9%88%D8%AF%DB%8C%D9%88%D9%86-%DA%A9%D8%A7%D8%B1%D8%A8%D9%86%D8%AF%D8%A7%D8%B2%DB%8C%D9%85-wp525-%D8%B1%D9%88%D8%B1%D8%A7%D9%84-%D8%AA%DB%8C-%D8%A7%D8%B3-100%DA%AF%D8%B1%D9%85%DB%8C/,ایپرودیون کاربندازیم WP52.5% ( رورال تی اس ) 100گرمی,,200000,nan,,,True,2025-07-22 16:53:10,2025-07-27 17:10:59
https://torob.com/p/021959ba-03be-4245-a10c-e62160e36c42/%DA%A9%D9%88%D8%AF-%D9%81%D9%88%D9%84-%D9%85%DA%A9%D8%B3-%D8%A8%D9%85%D8%A8/,کود فول مکس بمب,,4500000,nan,,,True,2025-07-22 16:53:11,2025-07-27 17:12:13
https://torob.com/p/54a5f0e2-c06b-469a-97ba-3c00b1d98c95/%DA%A9%D9%88%D8%AF-%DA%A9%D9%84%D8%B3%DB%8C%D9%85-%D8%B3%D9%88%D8%B3%D9%BE%D8%A7%D9%86%D8%B3%DB%8C%D9%88%D9%86-%D9%88-%D9%85%DB%8C%DA%A9%D8%B1%D9%88%D9%86%DB%8C%D8%B2%D9%87-%D8%A7%D8%B1%DB%8C%D8%A7-1-%D9%84%DB%8C%D8%AA%D8%B1%DB%8C/,کود کلسیم سوسپانسیون و میکرونیزه آریا 1 لیتری,,290000,290000.0,1,,True,2025-07-22 16:53:11,2025-07-27 16:56:55
https://torob.com/p/27b824ed-7e09-4275-bdb7-34e671cfd93d/%D8%A7%D8%B3%D8%AA%D8%B1%D9%88%D8%A8%DB%8C-200-%DA%AF%D8%B1%D9%85/,استروبی 200 گرم,,1390000,nan,,,True,2025-07-22 16:53:12,2025-07-27 16:57:58
https://torob.com/p/948ade59-52ef-405b-ad3b-cc17caa905f9/%D9%81%D8%B3%D9%81%DB%8C%D8%AA-%D9%BE%D8%AA%D8%A7%D8%B3%DB%8C%D9%85-%DA%A9%D9%88%DB%8C%DB%8C%D9%86-%D8%B3%D8%A8%D8%B2%DA%AF%D9%84-1-%D9%84%DB%8C%D8%AA%D8%B1%DB%8C/,فسفیت پتاسیم (کوئین) سبزگل 1 لیتری,,780000,780000.0,1,,True,2025-07-22 16:53:13,2025-07-27 16:58:00
https://torob.com/p/693fe708-d158-4feb-b1da-0565c65b1256/%D9%85%DB%8C%DA%A9%D8%B1%D9%88%D9%85%DB%8C%DA%A9%D8%B3-1-%DA%A9%DB%8C%D9%84%D9%88%DA%AF%D8%B1%D9%85%DB%8C-%D9%81%D9%84%D9%88%D8%B1%DB%8C%D8%B4/,میکرومیکس 1 کیلوگرمی فلوریش,,440000,440000.0,1,,True,2025-07-22 16:53:14,2025-07-27 17:06:46
https://torob.com/p/8bd52c02-f2c6-40b8-8ce4-2ef4b2044efc/%DA%A9%D9%88%D8%AF-%D9%85%D8%A7%DB%8C%D8%B9-%D8%B2%DB%8C%D9%86%DA%A9-%D8%B2%DB%8C%D9%86%DA%A9%D8%A7%D8%B1%D8%A8-%D8%B1%D9%88%DB%8C-1-%D9%84%DB%8C%D8%AA%D8%B1%DB%8C/,کود مایع زینک (زینکارب) روی ۱ لیتری,,394000,394000.0,1,,True,2025-07-22 16:53:14,2025-07-27 17:10:56
https://torob.com/p/28beba4c-554f-4ed1-8b20-9bcce926cd39/%D8%B3%D9%85-%D8%AE%D8%A7%D9%86%DA%AF%DB%8C-%D8%A8%D9%87%D8%AF%D8%A7%D8%B4%D8%AA%DB%8C-%D9%84%D8%A7%D9%85%D8%A8%D8%A7%D8%AF%D8%A7-50/,سم خانگی بهداشتی لامبادا ۵۰٪,,80000,nan,,,True,2025-07-22 16:53:15,2025-07-22 16:53:15
https://torob.com/p/aba9bf7c-f668-4c15-8ef3-32dc7de856c9/%DA%A9%D9%88%D8%AF-%DA%A9%D9%84%D8%A7%D8%AA-%D8%A7%D9%87%D9%86-%D8%A7%DA%AF%D8%B1%D9%88%D9%81%D8%B1/,کود کلات آهن اگروفر,,356000,nan,,,True,2025-07-22 16:53:16,2025-07-27 17:08:44
https://torob.com/p/34584c7e-6dcf-402c-9113-e2df55a38fdd/%D8%B9%D8%B5%D8%A7%D8%B1%D9%87-%D9%88-%DA%A9%D9%88%D8%AF-%D8%AC%D9%84%D8%A8%DA%A9-%D8%AF%D8%B1%DB%8C%D8%A7%DB%8C%DB%8C-%DA%A9%DB%8C%D9%86%DA%AF-%D9%85%DA%A9%D8%B3-%D9%85%DA%A9%D8%B2%DB%8C%DA%A9%DB%8C-%D9%85%D8%AD%D8%B1%DA%A9-%D8%B1%D8%B4%D8%AF-%D9%88-%D8%AC%D9%88%D8%A7%D9%86%D8%B3%D8%A7%D8%B2%DB%8C-%DA%AF%D9%84-%D9%88-%DA%AF%DB%8C%D8%A7%D9%87/,عصاره و کود جلبک دریایی کینگ مکس مکزیکی محرک رشد و جوانسازی گل و گیاه,,138000,nan,,,True,2025-07-22 16:53:17,2025-07-22 16:53:17
https://torob.com/p/5a57a028-b4ef-4870-89a8-a5ffdc19cffa/%D8%AA%D9%88-%D9%81%D9%88%D8%B1%D8%AF%DB%8C-%2B-%D8%A7%D9%85-%D8%AB-%D9%BE-%D8%A7-%D9%85%D9%87%D8%A7%D9%86/,تو فوردی + ام ث پ آ مهان,,440000,nan,,,True,2025-07-22 16:53:18,2025-07-22 16:53:18
https://torob.com/p/93592005-8d71-427a-8a6a-4ae4d532e2af/%D9%82%D8%A7%D8%B1%DA%86-%DA%A9%D8%B4-%D8%B3%D9%88%DB%8C%DB%8C%DA%86-%D8%B3%DB%8C%D9%86%D8%AC%D9%86%D8%AA%D8%A7/,قارچ‌کش سوئیچ سینجنتا,,3325000,nan,,,True,2025-07-22 16:53:18,2025-07-27 16:59:47
https://torob.com/p/e126c621-dda0-4088-8746-3bc71fc61281/%D9%81%D9%88%D8%B2%D9%88%D9%84%D8%A7%D9%86/,فوزولان,,1460000,nan,,,True,2025-07-22 16:53:19,2025-07-22 16:53:19
https://torob.com/p/de8bc20a-2f85-4c9b-9389-5e3794a7dc08/%DA%A9%D9%88%D8%AF-%D9%87%DB%8C%D8%AF%D8%B1%D9%88%D9%BE%D9%88%D9%86%DB%8C%DA%A9-%DA%A9%D8%A7%D9%87%D9%88-1%D9%84%DB%8C%D8%AA%D8%B1%DB%8C/,کود هیدروپونیک کاهو (1لیتری),,350000,350000.0,1,,True,2025-07-22 16:53:20,2025-07-27 17:11:41
https://torob.com/p/4881ad6e-0f45-48a8-b567-0c2b586113f5/%DA%A9%D9%88%D8%AF-%D9%85%D8%AD%D8%B1%DA%A9-%D8%B1%D8%B4%D8%AF-1-%D9%84%DB%8C%D8%AA%D8%B1%DB%8C/,کود محرک رشد - 1 لیتری,,499000,499000.0,1,,True,2025-07-22 16:53:21,2025-07-27 17:01:34
https://torob.com/p/9b3f0e7c-cf53-485a-ad3a-95320d89f1ed/%DA%A9%D9%88%D8%AF-%D9%87%DB%8C%D9%88%D9%85%DB%8C%DA%A9-%D8%A7%D8%B3%DB%8C%D8%AF-%D9%BE%D9%88%D8%AF%D8%B1%DB%8C-%D8%A7%DB%8C%D9%86%D9%88%D8%B3%D8%AA-%D9%87%DB%8C%D9%88%D9%85%DB%8C%DA%A9-%D9%85%D8%AD%D8%B5%D9%88%D9%84-%DA%A9%D8%B4%D9%88%D8%B1-%D8%A7%D8%B3%D9%BE%D8%A7%D9%86%DB%8C%D8%A7/,کود هیومیک اسید پودری اینوست هیومیک محصول کشور اسپانیا,,1170000,nan,,,True,2025-07-22 16:53:22,2025-07-22 16:53:22
https://torob.com/p/7edad47b-4067-47fe-a19a-4ecc04f6d0dc/%DA%A9%D8%A7%D9%84%D8%A8%D9%88%D9%86%DB%8C%D8%AA/,کالبونیت,,3400000,nan,,,True,2025-07-22 16:53:22,2025-07-27 17:13:11
https://torob.com/p/65588cc7-23d5-4369-be07-4442ec965a03/%D8%A7%D9%86-%D9%BE-%DA%A9%D8%A7-202020-%D8%A7%D8%B1%D9%85%D8%A7%D9%86-%D8%B3%D8%A8%D8%B2/,ان پ کا 202020 آرمان سبز,,2000000,nan,,,True,2025-07-22 16:53:23,2025-07-27 17:04:59
https://torob.com/p/2cbd79cb-ca46-4372-b689-125a866736a1/%D8%B1%DB%8C%DA%A9-%D8%A7%D9%85%DB%8C%D9%86-%D9%BE%D9%88%D8%AF%D8%B1%DB%8C-_%D8%A7%D9%85%DB%8C%D9%86%D9%88-%D8%A7%D8%B3%DB%8C%D8%AF85-%D8%AF%D8%B1%D8%B5%D8%AF/,ریک آمین پودری _آمینو اسید۸۵ درصد,,1385000,nan,,,True,2025-07-22 16:53:24,2025-07-27 17:08:18
https://torob.com/p/8a19620c-f0dd-471b-b9f7-28ccec3f4680/%D8%AA%D8%B1%DB%8C%D8%AF-%DA%A9%D9%88%D8%B1%D9%BE-%DA%A9%D9%84%D8%A7%D8%AA-%D9%85%D9%86%DA%AF%D9%86%D8%B2-13/,ترید کورپ کلات منگنز 13 %,,830000,nan,,,True,2025-07-22 16:53:25,2025-07-27 17:13:48
https://torob.com/p/6d8391ec-a6dd-4fba-a979-976a23a0006d/%DA%A9%D9%88%D8%AF-%DA%A9%D9%84%D8%B3%DB%8C%D9%85-%D8%A8%D8%B1-%D9%88-%D9%86%DB%8C%D8%AA%D8%B1%D9%88%DA%98%D9%86-%D8%B3%D9%88%D8%B1%DB%8C%D9%86-%D8%A7%DA%A9%D8%B3%DB%8C%D8%B1-calcibor/,کود کلسیم، بر و نیتروژن سورین اکسیر (Calcibor),,440000,nan,,,True,2025-07-22 16:53:25,2025-07-27 17:10:35
https://torob.com/p/5bc0a074-4801-471d-b5fa-7d2f64fd8a3f/%D8%A7%D8%B3%DB%8C%D8%AF-%D8%A7%D9%85%DB%8C%D9%86%D9%87-%DA%A9%DB%8C%D9%84%DB%8C%D8%AA%D8%B1%DB%8C%D9%86-1-%D9%84%DB%8C%D8%AA%D8%B1%DB%8C-1/,اسید آمینه کیلیترین 1 لیتری - 1,,1000000,1000000.0,1,,True,2025-07-22 16:53:26,2025-07-22 16:53:26
https://torob.com/p/36b1309f-a698-4ed9-9a31-297296e845ac/%DA%A9%D9%88%D8%AF-%D9%85%D8%AE%D8%B5%D9%88%D8%B5-%DA%AF%D9%84%D8%AF%D9%87%DB%8C-%D8%B4%D9%88%DA%A9-%D8%A7%D9%85%D8%B1%DB%8C%DA%A9%D8%A7%DB%8C%DB%8C/,کود مخصوص گلدهی شوک آمریکایی,,3600000,nan,,,True,2025-07-22 16:53:27,2025-07-22 16:53:27
https://torob.com/p/e98092b0-c58c-48e8-a90a-d425b0ae63c5/%DA%A9%D9%88%D8%AF-%D9%BE%D8%AA%D8%A7%D8%B3%DB%8C%D9%85-27-%D8%AF%D8%B1%D8%B5%D8%AF-%DA%A9%D9%84%D8%A7%D8%AA-%D9%BE%DB%8C%D8%B4%D8%B1%D9%81%D8%AA%D9%87-%D8%AE%D8%B6%D8%B1%D8%A7/,کود پتاسیم 27 درصد کلات پیشرفته خضرا,,650000,nan,,,True,2025-07-22 16:53:28,2025-07-27 16:59:32
https://torob.com/p/b43e6399-ce6f-4db0-8048-6ce928b8df6f/%D8%A7%D9%85%D8%A7%D9%85%DA%A9%D8%AA%DB%8C%D9%86-%D8%A8%D9%86%D8%B2%D9%88%D8%A7%D8%AA%2B%D8%A7%DB%8C%D9%86%D8%AF%D9%88%DA%A9%D8%B3%D8%A7%DA%A9%D8%A7%D8%B1%D8%A8-%D8%B4%DB%8C%D9%85%DB%8C-%DA%AF%D8%B3%D8%AA%D8%B1%D8%A7%D9%86/,امامکتین بنزوات+ایندوکساکارب شیمی گستران,,600000,nan,,,True,2025-07-22 16:53:29,2025-07-22 16:53:29
https://torob.com/p/074655a9-7bf8-4d81-8e59-7681bc62fe4e/%D9%87%D9%88%D8%B1%D9%85%D9%88%D9%86-%D8%B1%DB%8C%D8%B4%D9%87-%D8%B2%D8%A7%DB%8C%DB%8C-0-4-%D8%B1%D8%A7%DB%8C%D8%B2%D9%88%D9%BE%D9%88%D9%86-%D9%87%D9%84%D9%86%D8%AF/,هورمون ریشه زایی 0/4% رایزوپون هلند,,140000,nan,,,True,2025-07-22 16:53:29,2025-07-22 16:53:29
https://torob.com/p/9a524d75-1aa7-4ca4-bd80-9e7dadb4599b/%DA%A9%D9%88%D8%AF-%D8%B3%D9%88%D9%84%D9%88-%D9%BE%D8%AA%D8%A7%D8%B3-%D8%A8%D8%A7%D8%B1%D8%B3%D9%84%D9%88%D8%B3-%D8%B3%D9%88%D9%84%D9%81%D8%A7%D8%AA-%D9%BE%D8%AA%D8%A7%D8%B3%DB%8C%D9%85-solphate-potassium/,کود سولو پتاس بارسلوس (سولفات پتاسیم – SOLPHATE POTASSIUM),,2000000,nan,,,True,2025-07-22 16:53:30,2025-07-29 15:02:59
https://torob.com/p/c128cddc-b0ba-43d3-9cb1-b44dfaea7f9a/%DA%A9%D9%88%D8%AF-%D9%BE%D9%88%D8%AA%DA%A9%D8%B3-%D8%A7%D8%B1%DB%8C%D8%AC%DB%8C%D9%86%D8%A7%D9%84-%D8%A7%D9%81%D8%B2%D8%A7%DB%8C%D8%B4-%D8%B3%D8%A7%DB%8C%D8%B2-%D8%BA%D8%AF%D9%87-%D8%B1%DB%8C%D8%B2%D9%88%D9%85-60-%D9%85%DB%8C%D9%84%DB%8C-%D9%84%DB%8C%D8%AA%D8%B1-%D9%85%D9%86%D8%A7%D8%B3%D8%A8-%DA%AF%DB%8C%D8%A7%D9%87%D8%A7%D9%86-%D8%B1%DB%8C%D8%B4%D9%87-%D8%BA%D8%AF%D9%87-%D8%A7%DB%8C-%D8%B2%D8%A7%D9%85%DB%8C%D9%81%D9%88%D9%84%DB%8C%D8%A7-%D9%84%DB%8C%D9%86%D8%AF%D8%A7-%D9%88/,کود پوتکس اریجینال افزایش سایز غده(ریزوم) 60 میلی لیتر مناسب گیاهان ریشه غده ای(زامیفولیا لیندا و..),,185000,nan,,,True,2025-07-22 16:53:31,2025-07-27 17:08:24
https://torob.com/p/48879676-9b65-4dd8-80ad-17770c80ce1d/%D8%AE%D8%A7%DA%A9-%DA%AF%DB%8C%D8%A7%D9%87%D8%A7%D9%86-%D8%A7%D9%BE%D8%A7%D8%B1%D8%AA%D9%85%D8%A7%D9%86%DB%8C-8%D9%84%DB%8C%D8%AA%D8%B1%DB%8C/,خاک گیاهان آپارتمانی 8لیتری,,200000,25000.0,8,,True,2025-07-22 16:53:32,2025-07-22 16:53:32
https://torob.com/p/b17baa38-1cfe-4475-afea-6a9269dd76ec/%D8%AE%D8%A7%DA%A9-%DA%AF%D9%84-%D8%A7%D9%BE%D8%A7%D8%B1%D8%AA%D9%85%D8%A7%D9%86%DB%8C-%D8%A8%D8%A7%D8%BA%D8%A8%D8%A7%D9%86-4-%D9%84%DB%8C%D8%AA%D8%B1/,خاک گل آپارتمانی باغبان 4 لیتر,,35000,8750.0,4,,True,2025-07-22 16:53:33,2025-07-22 16:53:33
https://torob.com/p/37bb4016-6f25-430c-862f-bc572e08237d/%DA%A9%D9%88%D8%AF-%DA%A9%D9%84%D8%B3%DB%8C%D9%85-%D8%A8%D9%88%D8%B1-%D8%A7%DA%AF%D8%B1%D9%88%D9%84%D8%A7%DB%8C%D9%88/,کود کلسیم بور اگرولایو,,292000,nan,,,True,2025-07-22 16:53:33,2025-07-27 17:13:26
https://torob.com/p/d45ca6b7-4bb8-4dbb-b46e-a14d29217d0b/%DA%A9%D9%88%D8%AF%D8%A7%D9%85%DB%8C%D9%86%D9%88-%DA%A9%D9%84%D8%B3%DB%8C%D9%85-%D8%A8%D8%B1-%D8%A7%DB%8C%DA%A9%D8%B3-%DA%AF%D8%B1%DB%8C%D9%86-%DB%8C%DA%A9-%D9%84%DB%8C%D8%AA%D8%B1%DB%8C/,کودآمینو‌کلسیم بر ایکس گرین یک لیتری,,300000,nan,,,True,2025-07-22 16:53:34,2025-07-22 16:53:34
https://torob.com/p/dadb7125-62e0-4ad1-a176-d67cbd4d48df/%D9%87%DB%8C%D9%88%D9%85%DB%8C%DA%A9-%D8%A7%D8%B3%DB%8C%D8%AF-%D9%BE%D9%88%D8%AF%D8%B1%DB%8C-%D8%AF%D8%B1-%D8%A8%D8%B3%D8%AA%D9%87-%D9%87%D8%A7%DB%8C-500-%DA%AF%D8%B1%D9%85%DB%8C/,هیومیک اسید پودری در بسته های 500 گرمی,,180000,nan,,,True,2025-07-22 16:53:35,2025-07-27 17:10:03
https://torob.com/p/dc82f13f-305e-4ba0-935c-d6af28fc4568/%D8%AE%D8%B1%DB%8C%D8%AF-%D8%A7%DB%8C%D9%86%D8%AA%D8%B1%D9%86%D8%AA%DB%8C-%D9%82%D8%A7%D8%B1%DA%86-%DA%A9%D8%B4-%D8%A7%DA%A9%D9%88%DB%8C%D8%B4%D9%86-%D9%BE%D8%B1%D9%88-%D9%BE%DB%8C%D9%BE%DB%8C%D8%AA%D9%88-%D9%BE%D8%B1%D9%88-cymoxanil-and-famoxadone-wg-525-%D8%AF%D9%88%DA%AF%D8%A7%D9%84-%D8%AA%D8%B1%DA%A9%DB%8C%D9%87-200%DA%AF%D8%B1%D9%85%DB%8C-%DA%A9%D9%86%D8%AA%D8%B1%D9%84-%D8%B3%D9%81%DB%8C%D8%AF%DA%A9-%D8%AF%D8%B1%D9%88%D8%BA%DB%8C/,خرید اینترنتی قارچ کش اکویشن پرو-پیپیتو پرو(Cymoxanil & famoxadone WG 52.5%)- دوگال ترکیه 200گرمی -کنترل سفیدک دروغی,,1350000,nan,,,True,2025-07-22 16:53:36,2025-07-27 17:08:34
https://torob.com/p/ad356190-fc2d-4c60-84db-f9d9061a211e/%D9%82%D8%A7%D8%B1%DA%86-%DA%A9%D8%B4-%D8%A7%D8%B1%D8%AA%DB%8C%D8%A7-%D8%A7%D8%B1%D8%AA%D9%87-%D8%A7-%D8%B3%DB%8C%D9%86%D8%AC%D9%86%D8%AA%D8%A7/,قارچ کش آرتئا (آرته‌آ) سینجنتا,,4400000,nan,,,True,2025-07-22 16:53:37,2025-07-22 16:53:37
https://torob.com/p/6e420723-0c19-4f03-8954-d1b6be27a381/%DA%A9%D9%88%D8%AF-%D8%A8%DB%8C%D9%8820-%DA%AF%D9%84%D8%AF-%D8%A7%D9%85%DA%A9%D8%B3-%D8%A7%D9%86%DA%AF%D9%84%D8%B3%D8%AA%D8%A7%D9%86/,کود بیو20 گلد امکس انگلستان,,200000,nan,,,True,2025-07-22 16:53:37,2025-07-27 17:04:42
https://torob.com/p/3699c5a9-ba79-4f1c-8f54-66cb20d91559/%DA%A9%D9%88%DA%A9%D9%88%D9%BE%DB%8C%D8%AA-4%D9%84%DB%8C%D8%AA%D8%B1%DB%8C-%D8%B3%D8%B1%DB%8C%D9%84%D8%A7%D9%86%DA%A9%D8%A7%DB%8C%DB%8C/,کوکوپیت ۴لیتری سریلانکایی,,55000,13750.0,4,,True,2025-07-22 16:53:38,2025-07-27 17:10:07
https://torob.com/p/f4ab8c31-a91e-49b9-b9d2-0e25b4f99214/%D8%B1%D9%88%D8%BA%D9%86-%D8%B3%D8%A8%D8%B2%D9%87-%D9%85%D9%87%D8%A7%D9%86-10%D9%84%DB%8C%D8%AA%D8%B1%DB%8C/,روغن سبزه مهان (10لیتری),,1520000,152000.0,10,,True,2025-07-22 16:53:39,2025-07-22 16:53:39
https://torob.com/p/b16143bb-7b87-4c67-bf97-c42a12977e5f/%DA%A9%D9%88%D8%AF-%D8%AA%D9%82%D9%88%DB%8C%D8%AA%DB%8C-npk-%D9%BE%D9%88%D8%AF%D8%B1%DB%8C-12-12-36-%2B-te-%D9%85%D9%84%DB%8C-%D8%B4%DB%8C%D9%85%DB%8C-%DA%A9%D8%B4%D8%A7%D9%88%D8%B1%D8%B2-10-%DA%A9%DB%8C%D9%84%D9%88%DA%AF%D8%B1%D9%85-%DA%A9%DB%8C%D8%B3%D9%87/,کود تقویتی NPK پودری ۱۲-۱۲-۳۶ + TE ملی شیمی کشاورز 10 کیلوگرم کیسه,,2200000,220000.0,10,,True,2025-07-22 16:53:40,2025-07-27 17:06:48
https://torob.com/p/0626a3ae-f93c-4053-9fbd-5631fc13cfe9/%DA%A9%D9%88%D8%AF-%D8%AA%D9%82%D9%88%DB%8C%D8%AA%DB%8C-%D8%A8%D8%A7%DA%A9%D8%AA%D8%B1%DB%8C-%D8%A8%D8%A7%D8%B3%DB%8C%D9%84%D9%88%D8%B3-%D8%B3%D9%88%D8%A8%D8%AA%DB%8C%D9%84%DB%8C%D8%B3-%D8%A8%DB%8C%D9%88%D8%A8%D8%A7%DA%A9-biobac-%D9%BE%D9%88%D8%AF%D8%B1-biontech-%D8%AA%D8%A7%DB%8C%D9%88%D8%A7%D9%86-250%DA%AF%D8%B1%D9%85-%D8%AC%D8%B9%D8%A8%D9%87/,کود تقویتی باکتری باسیلوس سوبتیلیس بیوباک BIOBAC پودر BIONTECH تایوان 250گرم جعبه,,810000,nan,,,True,2025-07-22 16:53:41,2025-07-27 17:04:05
https://torob.com/p/e8e3fd13-3088-4057-a0a7-cedd717a5efd/%DA%A9%D9%88%D8%AF-%DB%8C%DA%A9-%DA%A9%DB%8C%D9%84%D9%88%DB%8C%DB%8C-%D8%A7%D8%B3%DB%8C%D8%AF-%D9%87%DB%8C%D9%88%D9%85%DB%8C%DA%A9-%D9%BE%D9%88%D8%AF%D8%B1%DB%8C/,کود یک کیلویی اسید هیومیک پودری,,265000,nan,,,True,2025-07-22 16:53:41,2025-07-22 16:53:41
https://torob.com/p/a2d1cd8e-88bd-4adc-a16a-c25a2a949ac7/%DA%A9%D9%88%D8%AF-%DB%8C%DA%A9-%D9%84%DB%8C%D8%AA%D8%B1%DB%8C-%D9%87%DB%8C%D9%88%D9%85%DB%8C%DA%A9-%D8%A7%D8%B3%DB%8C%D8%AF-%D8%B3%D8%A8%D9%88%D8%B3%DB%8C%D8%A8/,کود یک لیتری هیومیک اسید سبوسیب,,458000,nan,,,True,2025-07-22 16:53:42,2025-07-22 16:53:42
https://torob.com/p/e3a681bc-f3d3-4b67-8c82-813f4f5ad7b5/%D9%87%DB%8C%D9%88%D9%85%DB%8C-%D8%B3%D9%88%DB%8C%D9%84-%D9%87%DB%8C%D9%88%D9%85%DB%8C%DA%A9-%D8%A7%D8%B3%DB%8C%D8%AF-%D9%85%D8%A7%DB%8C%D8%B9/,هیومی سویل(هیومیک اسید مایع),,675000,nan,,,True,2025-07-22 16:53:43,2025-07-27 17:02:57
https://torob.com/p/8b370434-18ad-4197-aea8-6fbf6de3d9b5/%D9%82%D8%A7%D8%B1%DA%86-%DA%A9%D8%B4-%DA%A9%D8%A7%D8%B1%D8%A8%D9%86%D8%AF%D8%A7%D8%B2%DB%8C%D9%85-%DB%8C%D8%A7-%D8%A8%D8%A7%D9%88%DB%8C%D8%B3%D8%AA%DB%8C%D9%86-wp-60-%D8%A7%D8%B1%DB%8C%D8%A7%D8%B4%DB%8C%D9%85%DB%8C-%DB%8C%DA%A9-%DA%A9%DB%8C%D9%84%D9%88%DB%8C%DB%8C-%D8%AC%D9%87%D8%AA-%D8%B6%D8%AF%D8%B9%D9%81%D9%88%D9%86%DB%8C-%D8%A8%D8%B0%D9%88%D8%B1-%D8%BA%D9%84%D8%A7%D8%AA/,قارچ کش کاربندازیم یا باویستین WP 60% اریاشیمی یک کیلویی جهت ضدعفونی بذور غلات,,620000,nan,,,True,2025-07-22 16:53:44,2025-07-27 17:12:14
https://torob.com/p/365c3a51-87b1-4b4e-9947-76b5f91a1ebe/%DA%A9%D9%88%D8%AF-%D9%81%D8%B1%D9%88%D8%AA-%D8%B3%D8%AA-%DB%8C%DA%A9-%D9%84%DB%8C%D8%AA%D8%B1%DB%8C-quimical-tierra-%D8%A7%D8%B3%D9%BE%D8%A7%D9%86%DB%8C%D8%A7/,کود فروت ست یک لیتری Quimical Tierra اسپانیا,,980000,nan,,,True,2025-07-22 16:53:45,2025-07-22 16:53:45
https://torob.com/p/2865055b-71d4-4f25-a880-460bd0440bd9/%DA%A9%D9%88%D8%AF-%D8%AA%D9%82%D9%88%DB%8C%D8%AA%DB%8C-%D8%A8%D9%88%D8%B1-%D9%85%D8%A7%DB%8C%D8%B9-%D9%BE%DB%8C%D9%84%DB%8C%D9%86%D9%88%D8%B3-novichem-%D8%AA%D8%B1%DA%A9%DB%8C%D9%87-250-%D8%B3%DB%8C-%D8%B3%DB%8C-%DA%A9%D9%88%DB%8C%DA%A9%D8%B3/,کود تقویتی بور مایع پیلینوس NOVICHEM ترکیه 250 سی سی کوئکس,,780000,nan,,,True,2025-07-22 16:53:45,2025-07-22 16:53:45
https://torob.com/p/db40c233-8faf-46c0-be6b-05bb3720df42/%D8%AE%D8%B1%DB%8C%D8%AF-%DA%A9%D9%88%D8%AF-%DA%A9%D8%A7%D9%85%D9%84-10x-%DA%AF%D9%84%D8%AF-100-%D8%AA%D8%B6%D9%85%DB%8C%D9%86%DB%8C-%DA%A9%D9%88%D8%AF-%DA%AF%D8%B1%D8%A7%D9%85/,خرید کود کامل 10x گلد 100% تضمینی - کود گرام,,600000,nan,,,True,2025-07-22 16:53:46,2025-07-27 17:06:26
https://torob.com/p/fb87a2c4-3bd4-4252-af24-1fa719f7ab55/%DA%A9%D9%88%D8%AF-%D9%85%D8%A7%DB%8C%D8%B9-%D8%B7%D8%A8%DB%8C%D8%B9%DB%8C-%DA%A9%D8%B1%D8%B3%D8%B1-%D9%85%D8%AF%D9%84-%D9%81%D9%88%D9%84%DA%A9%D8%B3-%D8%AD%D8%AC%D9%85-1-%D9%84%DB%8C%D8%AA%D8%B1-%D8%A8%D8%B3%D8%AA%D9%87-%DB%8C-2-%D8%B9%D8%AF%D8%AF%DB%8C/,کود مایع طبیعی کرسر مدل فولکس حجم 1 لیتر بسته ی 2 عددی,,594000,594000.0,1,,True,2025-07-22 16:53:47,2025-07-27 17:13:08
https://torob.com/p/23c91154-ab66-4978-a909-5ba6eff45f63/%D8%B3%D9%85-%D8%B3%D8%A7%DB%8C%D9%BE%D8%B1%D9%85%D8%AA%D8%B1%DB%8C%D9%86-%D9%85%D8%A7%D9%87%D8%B1-%DB%8C%DA%A9-%D9%84%DB%8C%D8%AA%D8%B1%DB%8C/,سم سایپرمترین ماهر یک لیتری,,790000,nan,,,True,2025-07-22 16:53:48,2025-07-22 16:53:48
https://torob.com/p/cdf0c2a4-a44b-48a0-8a25-70b65c349882/%D8%B3%D9%85-%D8%AF%DB%8C%D8%A7%D8%B2%DB%8C%D9%86%D9%88%D9%86-60-%D8%AF%D8%B1%D8%B5%D8%AF-%D9%85%D8%B2%D8%B1%D8%B9%D9%87-100-%D9%85%DB%8C%D9%84%DB%8C-%DA%A9%D9%86%D8%AA%D8%B1%D9%84-%D9%85%D9%88%D8%AB%D8%B1-%D8%A7%D9%81%D8%A7%D8%AA-%DA%A9%D8%B4%D8%A7%D9%88%D8%B1%D8%B2%DB%8C/,سم دیازینون 60 درصد مزرعه 100 میلی | کنترل مؤثر آفات کشاورزی,,80000,nan,,,True,2025-07-22 16:53:49,2025-07-27 16:58:27
https://torob.com/p/9031549d-c898-4f2d-aa0c-4799b45f37da/%D9%82%D8%A7%D8%B1%DA%86-%DA%A9%D8%B4-%D8%B3%DB%8C%D8%B3%D8%AA%D9%85%DB%8C%DA%A9-%D9%BE%D9%86%DA%A9%D9%88%D9%86%D8%A7%D8%B2%D9%88%D9%84-%D9%87%D8%A7%DB%8C%D9%84%DB%8C%D8%B1-%DA%86%DB%8C%D9%86/,قارچ کش سیستمیک پنکونازول هایلیر چین,,200000,nan,,,True,2025-07-22 16:53:49,2025-07-27 17:12:39
https://torob.com/p/6dd6110c-ef9e-4f02-80e2-68fadbc4e01a/%DA%AF%D8%A7%D8%A8%D8%B1%DB%8C-%D9%87%DB%8C%D9%88%D9%85%DB%8C%DA%A9-%D9%85%D8%A7%DB%8C%D8%B9-%D8%A7%D8%B3%DB%8C%D8%AF-%D9%87%DB%8C%D9%88%D9%85%DB%8C%DA%A9-%2B-%D9%81%D9%88%D9%84%DB%8C%DA%A9-20%D9%84%DB%8C%D8%AA%D8%B1%DB%8C/,گابری هیومیک مایع (اسید هیومیک + فولیک)(20لیتری),,8795800,439790.0,20,,True,2025-07-22 16:53:50,2025-07-27 17:10:46
https://torob.com/p/916ee785-8744-4522-9592-07c10d43ac7c/%D8%B9%D9%84%D9%81%DA%A9%D8%B4-%DA%AF%D8%B1%D8%A7%D9%86%D8%B3%D8%AA%D8%A7%D8%B1-%D8%AA%D8%B1%DB%8C-%D8%A8%D9%86%D9%88%D8%B1%D9%88%D9%86-%D9%85%D8%AA%DB%8C%D9%84-50-%DA%AF%D8%B1%D9%85%DB%8C-%D9%88%D8%A7%D8%B1%D8%AF%D8%A7%D8%AA%DB%8C-%D8%A7%D9%84%D8%A8%D8%B1%D8%B2-%D8%A8%D9%87%D8%B3%D9%85/,علفکش گرانستار (تری بنورون متیل) ۵۰ گرمی وارداتی البرز بهسم,,85000,nan,,,True,2025-07-22 16:53:51,2025-07-27 17:00:07
https://torob.com/p/bff3721d-57f7-4b4d-ae34-01bbed7a9187/%DA%A9%D9%88%D8%AF-%D8%A7%D9%87%D9%86-%D9%87%DB%8C%D9%88%D9%85-%D8%A7%DB%8C%D8%B1%D9%88%D9%86-humiron-%D9%85%DB%8C%DA%A9%D8%B1%D9%88%D9%85%DB%8C%DA%A9%D8%B3-1300-%DA%AF%D8%B1%D9%85%DB%8C/,کود آهن هیوم آیرون HUMIRON (میکرومیکس) ۱۳۰۰ گرمی,,1900000,nan,,,True,2025-07-22 16:53:52,2025-07-22 16:53:52
https://torob.com/p/896f3ab1-2448-403f-a97d-1226b72aa53e/%D8%A7%D9%85%DB%8C%D9%86%D9%88-%DA%A9%D9%84%D8%A7%D8%AA-%D8%B1%D9%88%DB%8C-%D8%A8%D8%A7%D8%B2%D8%B1%DA%AF%D8%A7%D9%86-%DA%A9%D8%A7%D9%84%D8%A7-%D9%86%D9%88%D8%AA%D8%B1%DB%8C-%D8%AA%DA%A9-%D8%A8%D9%87%D8%AA%D8%B1%DB%8C%D9%86-%D8%A8%D8%B1%D9%86%D8%AF-%DA%A9%D9%88%D8%AF-%D8%AF%D8%B1-%DA%A9%D8%B4%D9%88%D8%B1/,امینو کلات روی بازرگان کالا نوتری تک بهترین برند کود در کشور,,582000,nan,,,True,2025-07-22 16:53:53,2025-07-27 16:57:45
https://torob.com/p/fcc96605-5fba-4208-9dcd-c073cbe709b9/%D9%85%D8%AD%D9%84%D9%88%D9%84-%DA%A9%D9%86%D9%87-%DA%A9%D8%B4-%D9%85%D8%A7%D8%B1%D9%88%D9%84/,محلول کنه کش مارول,,119000,nan,,,True,2025-07-22 16:53:54,2025-07-27 16:56:20
https://torob.com/p/8fc14bb2-bbcd-4bd7-a9b0-75b3234be396/%D9%84%DB%8C%DA%A9%D8%A7-%D9%84%DB%8C%DA%A9%D8%A7%D9%BE%D9%88%D9%86-%D8%B3%D8%A7%DB%8C%D8%B2-%DA%A9%D9%88%DA%86%DA%A9/,لیکا - لیکاپون سایز کوچک,,60000,nan,,,True,2025-07-22 16:53:54,2025-07-27 17:13:32
https://torob.com/p/908ec18b-dfc9-4ea0-8e07-604979dd2cf3/%DA%A9%D9%88%D8%AF-%D8%A7%D8%B3%DB%8C%D8%AF-%D8%A7%D9%85%DB%8C%D9%86%D9%87-%D8%A8%D9%88%D9%84%D9%88%D9%88%D8%A7-3-%D8%A7%DB%8C%DA%A9%D8%B3-%D8%A7%D9%84/,کود اسید امینه بولووا 3 ایکس ال,,1050000,nan,,,True,2025-07-22 16:53:55,2025-07-22 16:53:55
https://torob.com/p/67cbe8ac-e1b8-4da7-bc6f-2e758a71a151/%DA%A9%D9%85%D9%BE%D9%88%D8%B3%D8%AA-%D8%B3%D9%84%D9%88%D9%84%D8%B2%DB%8C-%DA%A9%DB%8C%D8%B3%D9%87-60-%D9%84%DB%8C%D8%AA%D8%B1%DB%8C/,کمپوست سلولزی کیسه ۶۰ لیتری,,165000,2750.0,60,,True,2025-07-22 16:53:56,2025-07-22 16:53:56
https://torob.com/p/280dd7b2-2c72-47a7-b0a2-bc3ab3eaf861/%D9%81%D8%B3%D9%81%DB%8C%D8%AA-%D9%BE%D8%AA%D8%A7%D8%B3%DB%8C%D9%85/,فسفیت پتاسیم,,1400000,nan,,,True,2025-07-22 16:53:57,2025-07-22 16:53:57
https://torob.com/p/957a1b93-33ee-4f2c-9ac6-956300423c7f/%D9%BE%D9%88%D8%AF%D8%B1-%D8%B1%D9%88%DB%8C-%D9%81%D9%84%D8%A7%D8%AA-%DA%A9%D8%A7%D9%84%D8%A7-%D9%85%D8%AF%D9%84-pro100g-%D9%88%D8%B2%D9%86-100-%DA%AF%D8%B1%D9%85/,پودر روی فلات کالا مدل PRO100G وزن 100 گرم,,98000,nan,,,True,2025-07-22 16:53:58,2025-07-22 16:53:58
https://torob.com/p/4af93f7e-2dec-40e6-82d7-a60c686703dd/%DA%A9%D9%88%D8%AF-%D9%87%DB%8C%D9%88%D9%85%DB%8C%DA%A9-%D8%A7%D8%B3%DB%8C%D8%AF-%D8%A7%D9%88%D8%A7-%D9%81%D8%B1%D8%A7%DB%8C%D9%86%D8%AF-%D9%88%D8%B2%D9%86-5-%DA%A9%DB%8C%D9%84%D9%88%DA%AF%D8%B1%D9%85/,کود هیومیک اسید آوا فرایند وزن 5 کیلوگرم,,1000000,200000.0,5,,True,2025-07-22 16:53:58,2025-07-27 17:11:22
https://torob.com/p/8066d288-0d6b-4898-9d9a-9474d017e0d7/%DA%A9%D9%88%D8%AF-%D8%A7%D8%B1%DA%AF%D8%A7%D9%86%DB%8C%DA%A9-%D9%81%D8%B1%D8%A7%DA%A9%D8%AA%D9%88%D9%86-%DA%A9%DB%8C%D9%85%DB%8C%D8%AA%DA%A9-%D8%A7%D8%B3%D9%BE%D8%A7%D9%86%DB%8C%D8%A7-1-%DA%A9%DB%8C%D9%84%D9%88%DB%8C%DB%8C/,کود ارگانیک فراکتون کیمیتک اسپانیا 1 کیلویی,,2270000,2270000.0,1,,True,2025-07-22 16:53:59,2025-07-22 16:53:59
https://torob.com/p/3ab8b20f-eeca-4c4b-bff2-0320552c166b/%D8%AA%D8%B1%DB%8C-%D9%81%D9%84%D9%88%D8%B3%D9%88%D9%84%D9%81%D9%88%D8%B1%D9%88%D9%86-%D9%85%D8%AA%DB%8C%D9%84-%D8%B3%D8%A7%D9%81%D8%A7%D8%B1%DB%8C-%DA%86%DB%8C%D9%86%DB%8C-%D8%B4%D8%B1%DA%A9%D8%AA-%D9%85%D9%87%D8%A7%D9%86-30-%DA%AF%D8%B1%D9%85%DB%8C/,تری فلوسولفورون متیل (سافاری) چینی شرکت مهان 30 گرمی,,290000,nan,,,True,2025-07-22 16:54:00,2025-07-22 16:54:00
https://torob.com/p/a3e64cf5-b767-4f31-9b89-ff6a183e1140/%DA%A9%D9%88%D8%AF-%D8%A7%D9%85%DB%8C%D9%86%D9%88-%D8%A7%D8%B3%DB%8C%D8%AF/,کود آمینو اسید,,75000,nan,,,True,2025-07-22 16:54:01,2025-07-22 16:54:01
https://torob.com/p/1c573b70-0b6d-4bad-b6af-966ee454ebc4/%DA%A9%D9%88%D8%AF-%DB%8C%D9%88%D9%86%DB%8C-%D9%BE%D8%AA%D8%A7%D8%B3/,کود یونی پتاس,,330000,nan,,,True,2025-07-22 16:54:02,2025-07-22 16:54:02
https://torob.com/p/2a2a56c1-45a8-439d-adaf-0ff085b30242/%D8%B9%D9%84%D9%81-%DA%A9%D8%B4-%D8%AA%D8%B1%DB%8C%D9%81%D9%84%D9%88%D8%B1%D8%A7%D9%84%DB%8C%D9%86-%D8%AA%D8%B1%D9%81%D9%84%D8%A7%D9%86-%DA%AF%D9%84-%D8%B3%D9%85/,علف کش تریفلورالین (ترفلان) گل سم,,650000,nan,,,True,2025-07-22 16:54:03,2025-07-27 17:04:20
https://torob.com/p/2ef08d3c-c61a-4a96-b0f1-330f06469bdc/%D8%B3%D9%85-%DA%A9%D9%84%D8%B1%D9%BE%DB%8C%D8%B1%DB%8C%D9%81%D9%88%D8%B3-40-8-%D8%A7%D9%85%D9%88%D9%84%D8%B3%DB%8C%D9%88%D9%86-%D8%B3%D9%85%DB%8C%D8%B1%D8%A7%D9%86/,سم کلرپیریفوس 40/8 % امولسیون سمیران,,55000,nan,,,True,2025-07-22 16:54:03,2025-07-27 17:01:18
https://torob.com/p/a6805a68-db59-4935-a78b-d9a57e07fde5/%DA%A9%D9%88%D8%AF-%DA%A9%D9%84%D8%A8%D9%88%D9%85%DA%A9%D8%B3-calbo-max/,کود كلبومکس | Calbo Max,,285000,nan,,,True,2025-07-22 16:54:04,2025-07-22 16:54:04
https://torob.com/p/7479252f-47e5-40c3-accd-5410843aff5c/%D9%87%DB%8C%D9%88%D9%85%DB%8C%DA%A9-%D8%A7%D8%B3%DB%8C%D8%AF-5-%D9%84%DB%8C%D8%AA%D8%B1%DB%8C-%D8%B1%D9%88%DB%8C%D8%B4-%D8%B2%DB%8C%D8%B3%D8%AA-%D9%81%D9%86%D8%A7%D9%88%D8%B1-%D8%B3%D8%A8%D8%B2/,هیومیک اسید 5 لیتری رویش زیست فناور سبز,,580000,116000.0,5,,True,2025-07-22 16:54:05,2025-07-27 17:13:07
https://torob.com/p/e131684b-c5c1-4734-8ee0-5868b10159e0/%DA%A9%D9%88%D8%AF-%D8%A7%D9%BE%D8%AA%DB%8C%D8%B3%DB%8C%D9%84-%D8%A7%DB%8C%D9%86%D8%AA%D8%B1%D9%85%DA%AF/,کود اُپتیسیل اینترمگ,,923000,nan,,,True,2025-07-22 16:54:06,2025-07-22 16:54:06
https://torob.com/p/b98dbe67-f150-45b1-bcaf-64a256a7be90/%D8%B9%D9%84%D9%81%DA%A9%D8%B4-%D8%A7%DA%A9%D8%B3%DB%8C%D8%A7%D9%84-%D8%B3%DB%8C%D9%86%D8%AC%D9%86%D8%AA%D8%A7/,علفکش اکسیال سینجنتا,,1600000,nan,,,True,2025-07-22 16:54:07,2025-07-27 17:00:32
https://torob.com/p/690e6fcb-f2db-4208-aa6d-4955dadcb2bc/%DA%A9%D9%88%D8%AF-%D9%85%D8%A7%DB%8C%D8%B9-%DA%A9%D9%84%D8%A7%D8%AA%D9%87-%D8%B1%D9%88%DB%8C-8-%D8%B2%DB%8C%D9%86%DA%A9-%D9%BE%D9%84%DA%A9%D8%B3-%D9%81%D8%A7%D8%B1%D9%85%D9%88%D9%86%D8%AA%DB%8C-zinkplex-pharmonti-zn-1-%D9%84%DB%8C%D8%AA%D8%B1%DB%8C/,کود مایع کلاته روی 8% زینک پلکس فارمونتی ZinkPlex Pharmonti Zn - 1 لیتری,,210000,210000.0,1,,True,2025-07-22 16:54:07,2025-07-22 16:54:07
https://torob.com/p/7771a556-590f-4f77-9a60-dd2d07bd8128/%DA%A9%D9%88%D8%AF-%DA%A9%D9%84%D8%A7%D8%AA-%D8%A8%D9%88%D8%B1/,کود کلات بور,,540000,nan,,,True,2025-07-22 16:54:08,2025-07-22 16:54:08
https://torob.com/p/a28d8e57-e802-4503-954c-b08130b59984/%D8%B1%D9%88%D8%AA%DB%8C%D8%AC-%DA%A9%D9%85%D9%BE%D9%84%DA%A9%D8%B3-%D8%B1%DB%8C%D8%B4%D9%87-%D8%B2%D8%A7%DB%8C%DB%8C/,روتیج کمپلکس ریشه زایی,,693550,nan,,,True,2025-07-22 16:54:09,2025-07-22 16:54:09
https://torob.com/p/1db158ab-d427-418a-839e-cb34fd1d5478/%D9%BE%D8%B1%D9%88%D8%AA%DB%8C%DB%8C%D9%86-%D9%87%DB%8C%D8%AF%D8%B1%D9%88%D9%84%DB%8C%D8%B2-%D8%A7%D9%86-%D9%85%D8%AF%D9%84%D9%88%D8%B1-%D8%B3%D8%A8%D8%B2%D8%A7%D9%88%D8%B1-1-%D9%84%DB%8C%D8%AA%D8%B1%DB%8C/,پروتئین هیدرولیز آن مدلور سبزاور 1 لیتری,,169000,169000.0,1,,True,2025-07-22 16:54:10,2025-07-22 16:54:10
https://torob.com/p/b28c08e3-4fb4-4ec6-abb0-9f812e8585b9/%D9%84%DB%8C%DA%A9%D8%A7%D9%BE%D9%88%D9%86-%D9%BE%D9%88%DA%A9%D9%87-%DA%A9%D8%B4%D8%A7%D9%88%D8%B1%D8%B2%DB%8C-%D9%84%DB%8C%DA%A9%D8%A7-5-%D9%84%DB%8C%D8%AA%D8%B1%DB%8C-%D8%B1%DB%8C%D8%B2/,لیکاپون(پوکه کشاورزی لیکا) 5 لیتری - ریز,,60000,12000.0,5,,True,2025-07-22 16:54:11,2025-07-27 17:00:22
https://torob.com/p/ac7729b5-0476-4d05-b904-d6b64f0fbbe6/%DA%A9%D9%88%D8%AF-%D9%88%DA%A9%D8%B3%D8%A7%D9%84-%D8%A7%D8%B3%DA%A9%D9%88%D9%81%D9%88%D9%84-%DA%A9%D9%84%D8%B3%DB%8C%D9%85-1-%D9%84%DB%8C%D8%AA%D8%B1%DB%8C-%D9%88%D8%A7%D8%B1%D8%AF%D8%A7%D8%AA%DB%8C-%D8%A7%D9%84%D9%85%D8%A7%D9%86/,کود وکسال آسکوفول کلسیم 1 لیتری وارداتی آلمان,,1200000,1200000.0,1,,True,2025-07-22 16:54:12,2025-07-27 17:04:57
https://torob.com/p/0ee83429-10cb-4abd-b0bd-c42147599c94/%DA%A9%D9%88%D8%AF-nk60-%D8%A7%D9%86-%DA%A9%D8%A7-60-%D9%BE%D8%AA%D8%A7%D8%B3%DB%8C%D9%85/,کود NK60 ان کا 60 پتاسیم,,277000,nan,,,True,2025-07-22 16:54:12,2025-07-22 16:54:12
https://torob.com/p/44ce7659-cb14-4f23-966c-a401eb923c88/%D8%B7%D8%B9%D9%85%D9%87-%D9%85%D9%88%D8%B4-%DA%A9%D8%B4-%DA%AF%D9%86%D8%AF%D9%85%DB%8C/,طعمه موش کش گندمی,,15000,nan,,,True,2025-07-22 16:54:13,2025-07-27 17:12:17
https://torob.com/p/4db351a8-b7e4-4cf5-ba86-9c80c2d5a6aa/%DA%A9%D9%88%D8%AF-%D8%B3%D9%88%D9%84%D9%81%D8%A7%D8%AA-%D9%BE%D8%AA%D8%A7%D8%B3%DB%8C%D9%85-nutrivest/,کود سولفات پتاسیم NUTRIVEST,,1552000,nan,,,True,2025-07-22 16:54:14,2025-07-27 17:07:47
https://torob.com/p/93785750-7d68-429a-b27d-9a305e678bd7/%DA%A9%D9%88%D8%AF-%D9%85%DB%8C%DA%A9%D8%B1%D9%88-%DA%A9%D9%85%D8%A8%DB%8C-%D8%A8%DB%8C%D9%88%DA%AF%D8%B1%DB%8C%D9%86-%D9%86%DB%8C%D9%85-%DA%A9%DB%8C%D9%84%D9%88%DB%8C%DB%8C/,کود میکرو کمبی بیوگرین نیم کیلویی,,700000,nan,,,True,2025-07-22 16:54:15,2025-07-22 16:54:15
https://torob.com/p/715533de-f5b8-491e-b20c-b0a87c2c700d/%D8%AA%DB%8C%D9%88%D8%B3%D9%88%D9%84%D9%81%D8%A7%D8%AA-%D8%A7%D9%85%D9%88%D9%86%DB%8C%D9%88%D9%85-%D9%86%DB%8C%D8%AA%D8%B1%D9%88%DA%A9%D8%B3-%D9%85%D8%AD%D8%B5%D9%88%D9%84%D8%A7%D8%AA-%D9%88-%D8%AE%D8%AF%D9%85%D8%A7%D8%AA-%DA%A9%D8%B4%D8%A7%D9%88%D8%B1%D8%B2%DB%8C-%D8%AF%DB%8C%D8%A7%D8%B1%DA%A9%D8%B4%D8%AA/,تیوسولفات آمونیوم نیتروکس - محصولات و خدمات کشاورزی دیارکشت,,25000000,nan,,,True,2025-07-22 16:54:16,2025-07-22 16:54:16
https://torob.com/p/353a3cda-c62f-4eda-9cef-aaa89e0f55b0/%DA%A9%D9%88%D8%AF-%D8%A7%D9%85%DB%8C%D9%86%D9%88-%D8%A7%D8%B3%DB%8C%D8%AF-%D8%B6%D8%AF-%D8%B4%D9%88%DA%A9-%D8%A8%D9%88%D8%AA%D8%A7%D9%85%DB%8C%D8%B3%D9%84-%D8%A7%D8%B3%D9%BE%D8%A7%D9%86%DB%8C%D8%A7-50-%DA%AF%D8%B1%D9%85%DB%8C/,کود آمینو اسید ضد شوک بوتامیسل اسپانیا 50 گرمی,,197000,nan,,,True,2025-07-22 16:54:17,2025-07-27 17:12:20
https://torob.com/p/5508fb29-9f64-43ed-8531-d43bc1cf6ec5/%D9%82%D8%B1%D8%B5-%D8%AC%D9%88%D8%B4%D8%A7%D9%86-%D8%B3%DB%8C%D9%84%DB%8C%DA%A9%D8%A7-%D9%86%D9%88%D8%B3%D8%A8%D9%88-%D8%B3%DB%8C%D9%84%DB%8C%DA%A9%D8%A7%D8%AA-%D9%BE%D8%AA%D8%A7%D8%B3%DB%8C%D9%85/,قرص جوشان سیلیکا نوسبو / سیلیکات پتاسیم,,1000000,nan,,,True,2025-07-22 16:54:17,2025-07-22 16:54:17
https://torob.com/p/2caa8968-b43f-4edb-a35b-43150e382acd/%D9%82%D8%A7%D8%B1%DA%86-%DA%A9%D8%B4-%DA%A9%D9%88%D9%BE%D8%B1%D9%88%D8%B3%DB%8C%D8%AA-%D8%B3%DB%8C-%D8%AF%D9%84%D8%AA%D8%A7-%D9%BE%D8%A7%D8%B1%D8%B3-%D8%A8%D8%B1%D8%B3%DB%8C-%D9%82%DB%8C%D9%85%D8%AA-%D8%AF%DB%8C%D8%A7%D8%B1-%DA%A9%D8%B4%D8%AA/,قارچ کش کوپروسیت سی دلتا پارس | برسی قیمت | دیار کشت,,19000000,nan,,,True,2025-07-22 16:54:18,2025-07-27 16:57:43
https://torob.com/p/a7ffc7d5-9759-4de4-8f90-dacf728447bb/%D8%A7%D9%85%DB%8C%D9%86%D9%88-%D8%A7%D8%B3%DB%8C%D8%AF-%D8%B2%D8%A7%DB%8C%D8%B2-%D8%A7%D9%86%DA%AF%D9%84%D8%B3%D8%AA%D8%A7%D9%86/,آمینو اسید زایز انگلستان,,1360000,nan,,,True,2025-07-22 16:54:19,2025-07-27 16:55:25
https://torob.com/p/7967c5f5-5c4f-4d82-8e81-3bd19eff5129/%DA%A9%D9%88%D8%AF-%DA%A9%D9%84%D8%A7%D8%AA-%D8%B1%D9%88%DB%8C-%D8%AE%D8%B6%D8%B1%D8%A7%DB%8C/,کود کلات روی خضراء,,750000,nan,,,True,2025-07-22 16:54:20,2025-07-27 16:55:03
https://torob.com/p/db5efbfe-8ca0-41a7-8bdd-30cb11b81201/%D9%82%D8%A7%D8%B1%DA%86-%DA%A9%D8%B4-%D8%AA%D9%85%D8%A7%D8%B3%DB%8C-%D9%85%D8%A7%D9%86%DA%A9%D9%88%D8%B2%D8%A8-%D9%87%D8%B2%D8%A7%D8%B1%D9%87-%D8%B3%D9%88%D9%85-mancozeb-wp80-%D8%A8%D8%B1%D8%B3%DB%8C-%D9%82%DB%8C%D9%85%D8%AA-%D8%AF%DB%8C%D8%A7%D8%B1%DA%A9%D8%B4%D8%AA/,قارچ کش تماسی مانکوزب هزاره سوم Mancozeb WP80%| برسی قیمت | دیارکشت,,4000000,nan,,,True,2025-07-22 16:54:21,2025-07-22 16:54:21
https://torob.com/p/3c951b88-8b1c-48ff-ba00-19c4705ce0ec/%DA%A9%D9%88%D8%AF-%D8%B3%D9%88%D9%84%D9%81%D8%A7%D8%AA-%D9%BE%D8%AA%D8%A7%D8%B3%DB%8C%D9%85-%D8%B2%D8%A7%DB%8C%D8%B2-%D8%A7%D9%86%DA%AF%D9%84%D8%B3%D8%AA%D8%A7%D9%86/,کود سولفات پتاسیم زایز انگلستان,,675000,nan,,,True,2025-07-22 16:54:21,2025-07-22 16:54:21
https://torob.com/p/eaefa7af-a2e0-4403-afd5-6236345a9c66/%D8%B3%D9%85-%DA%A9%D8%A7%D8%B1%D8%A8%D8%A7%D8%B1%DB%8C%D9%84/,سم کارباریل,,30000,nan,,,True,2025-07-22 16:54:22,2025-07-22 16:54:22
https://torob.com/p/08ae7fa6-989b-419f-9a27-924d38a096c6/%DA%A9%D9%88%D8%AF-%DA%A9%D8%A7%D9%84%D8%A7%D9%86%DB%8C%D8%AA-%D9%86%DB%8C%D8%AA%D8%B1%D8%A7%D8%AA-%DA%A9%D9%84%D8%B3%DB%8C%D9%85-%D8%A7%D9%86%D9%88%D9%84-%D8%A8%D9%84%DA%98%DB%8C%DA%A9/,کود کالانیت (نیترات کلسیم) آنول بلژیک,,4250000,nan,,,True,2025-07-22 16:54:23,2025-07-22 16:54:23
https://torob.com/p/c6358129-0e36-43b6-a19d-8d536c0b88d0/%D8%B3%DB%8C%D9%84%DB%8C%DA%A9%D8%A7%D8%AA-%D9%BE%D8%AA%D8%A7%D8%B3%DB%8C%D9%85-%D8%A7%D8%B3%D8%AA%D9%86%D8%AF-%D8%A7%DA%AF%D8%B1%DB%8C-%DA%A9%D9%85-%D8%A7%D8%B3%D8%AA%D8%B1%D8%A7%D9%84%DB%8C%D8%A7-stand-skh/,سیلیکات پتاسیم استند اگری کم استرالیا | (STAND SKH),,1350000,nan,,,True,2025-07-22 16:54:24,2025-07-27 17:09:29
https://torob.com/p/ff8d4254-2c93-4ad2-a8da-2ab4eb741393/%D8%B3%D9%85-%D9%82%D8%A7%D8%B1%DA%86%DA%A9%D8%B4-%D8%AA%D8%B1%DB%8C-%D8%AF%D9%85%D9%88%D8%B1%D9%81-%DA%A9%D8%A7%D9%84%DA%A9%D8%B3%DB%8C%D9%86-%D9%85%D8%A7%DB%8C%D8%B9-%D9%85%D9%84%DB%8C-%D8%B4%DB%8C%D9%85%DB%8C-%DA%A9%D8%B4%D8%A7%D9%88%D8%B1%D8%B2-1-%D9%84%DB%8C%D8%AA%D8%B1-%DA%A9%D9%88%DB%8C%DA%A9%D8%B3/,سم قارچکش تری دمورف کالکسین مایع ملی شیمی کشاورز 1 لیتر کوئکس,,1580000,1580000.0,1,,True,2025-07-22 16:54:25,2025-07-27 16:59:03
https://torob.com/p/9f57a590-e52d-4c48-b7fd-764464ae2c16/%DA%A9%D9%88%D8%AF-%D9%81%D8%B3%D9%81%D8%B1-17-%D8%AF%D8%B1%D8%B5%D8%AF-%D9%86%D8%A7%D9%86%D9%88-%DA%A9%D9%84%D8%A7%D8%AA-%D8%AE%D8%B6%D8%B1%D8%A7/,کود فسفر 17 درصد نانو کلات خضرا,,490000,nan,,,True,2025-07-22 16:54:26,2025-07-27 17:06:33
https://torob.com/p/20dc64f8-4612-452e-89f0-dcc4a2b9c6bf/%DA%A9%D9%88%D8%AF-%D8%A8%D8%A7%D9%84%D8%A7%D9%86%D8%B3-10-10-10-%D8%A7%DA%AF%D8%B1%D9%88%D9%81%D8%B1/,کود بالانس ۱۰-۱۰-۱۰ آگروفر,,1116900,nan,,,True,2025-07-22 16:54:26,2025-07-27 17:03:40
https://torob.com/p/8152edaf-42c6-4b27-a85a-878dfc242b86/%D8%B3%D9%85-%D9%82%D8%A7%D8%B1%DA%86-%DA%A9%D8%B4-%DA%A9%D8%A7%D9%BE%D8%AA%D8%A7%D9%86-%D9%87%D9%86%D8%AF%DB%8C-%DB%8C%DA%A9-%DA%A9%DB%8C%D9%84%D9%88%DB%8C%DB%8C/,سم قارچ کش کاپتان هندی یک کیلویی,,600000,nan,,,True,2025-07-22 16:54:27,2025-07-27 16:52:16
https://torob.com/p/ceba165e-cec3-43f2-942d-7e4e4f71a76f/%DA%A9%D9%88%D8%AF-%D8%A7%D9%84%DB%8C-%D8%A7%D9%88%D8%B1%D9%87-%D9%81%D8%B3%D9%81%D8%A7%D8%AA-np-%DA%A9%DB%8C%D9%84%DB%8C%D8%AA%D8%B1%DB%8C%D9%86-1-%D9%84%DB%8C%D8%AA%D8%B1%DB%8C-5/,کود آلی اوره فسفات (NP) کیلیترین 1 لیتری - 5,,3250000,3250000.0,1,,True,2025-07-22 16:54:28,2025-07-22 16:54:28
https://torob.com/p/09e5b473-b37e-4a39-a864-7f0ccf427b23/%D9%85%D9%87%D8%A7%D8%B1%DA%AF%D8%B1-%DA%A9%D8%B1%D9%85-%DA%AF%D9%84%D9%88%DA%AF%D8%A7%D9%87-%D8%A7%D9%86%D8%A7%D8%B1/,مهارگر کرم گلوگاه انار,,1700000,nan,,,True,2025-07-22 16:54:29,2025-07-22 16:54:29
https://torob.com/p/75245882-cf44-4758-a6d0-a6d5c4c917c0/%D9%BE%DB%8C%D8%A7%D9%86%D8%AA%D8%A7%D9%85%DB%8C%DA%A9%D8%B3-%D9%81%DB%8C%D8%AA%D9%88%D9%86%D8%A7%D8%AA%D9%88%D8%B1%D8%A7/,پیانتامیکس فیتوناتورا,,1100000,nan,,,True,2025-07-22 16:54:30,2025-07-27 17:01:00
https://torob.com/p/c4b54511-42c2-4595-a62b-260c4064000a/%D8%A7%D9%85%D9%81%D9%88%D8%AA%D8%B1%DB%8C%D8%B3%DB%8C%D9%86-amphotericin-b/,آمفوتریسین ( Amphotericin B),,4000000,nan,,,True,2025-07-22 16:54:31,2025-07-27 17:04:16
https://torob.com/p/3f86ccfe-3a7d-4e21-a265-a8d5b7fb42a1/%D8%B3%D9%85-%D8%AF%DB%8C%D8%A7%D8%B2%DB%8C%D9%86%D9%88%D9%86/,سم دیازینون,,50000,nan,,,True,2025-07-22 16:54:31,2025-07-22 16:54:31
https://torob.com/p/a1368151-05b2-45eb-97d3-f344f132ecf3/%D9%82%D8%A7%D8%B1%DA%86%DA%A9%D8%B4-%D9%85%D8%AA%D8%A7%D9%84%D8%A7%DA%A9%D8%B3%DB%8C%D9%84-%D9%85%D8%A7%D9%86%DA%A9%D9%88%D8%B2%D8%A8-%D8%A7%D9%84%D8%A8%D8%B1%D8%B2-%D8%A8%D9%87%D8%B3%D9%85/,قارچکش متالاکسیل مانکوزب البرز بهسم,,740000,nan,,,True,2025-07-22 16:54:32,2025-07-27 17:14:05
https://torob.com/p/e2f4958a-a09f-4b65-9012-c3b7c4a1c380/%DA%A9%D9%88%D8%AF-%D8%B1%D9%88%DB%8C-%D9%85%D8%A7%DB%8C%D8%B9/,کود روی مایع,,290000,nan,,,True,2025-07-22 16:54:33,2025-07-22 16:54:33
https://torob.com/p/ecf26ec8-4687-4e86-9afb-4d827405d16f/%DA%A9%D9%88%D8%AF-%D9%85%D8%AE%D8%B5%D9%88%D8%B5-%D9%87%D9%86%D8%AF%D9%88%D8%A7%D9%86%D9%87/,کود مخصوص هندوانه,,200000,nan,,,True,2025-07-22 16:54:34,2025-07-22 16:54:34
https://torob.com/p/59b33c9b-b396-4fa7-a7df-4901c3ec07d5/%D8%A8%DB%8C%D9%88%D8%B1%D8%A7%D8%AF%DB%8C%DA%A9%D8%A7%D9%86%D8%AA-%D9%81%DB%8C%D9%88%DA%86%D8%B1%D8%A7%DA%A9%D9%88-%D8%A7%D8%B3%D9%BE%D8%A7%D9%86%DB%8C%D8%A7/,بیورادیکانت فیوچراکو اسپانیا,,162000,nan,,,True,2025-07-22 16:54:35,2025-07-27 17:15:13
https://torob.com/p/52b97b30-5f8e-4e8d-85b7-c79c2151d954/%DA%A9%D9%88%D8%AF-%D9%85%D8%A7%DB%8C%D8%B9-%D9%85%D8%AE%D8%B5%D9%88%D8%B5-%DA%AF%D9%86%D8%AF%D9%85-%D8%B3%D9%BE%D9%87%D8%B1-%D9%BE%D8%A7%D8%B1%D9%85%DB%8C%D8%B3/,کود مایع مخصوص گندم سپهر پارمیس,,230000,nan,,,True,2025-07-22 16:54:36,2025-07-22 16:54:36
https://torob.com/p/22f849de-7303-489a-82f4-65e36ab72f68/%D9%81%D8%B1%D9%88%D8%AA%D8%B3%D8%AA-%DA%AF%D8%B1%D9%88%D9%85%D9%88%D8%B1-1-%DA%A9%DB%8C%D9%84%D9%88%DA%AF%D8%B1%D9%85%DB%8C/,فروتست گرومور 1 کیلوگرمی,,1640000,1640000.0,1,,True,2025-07-22 16:54:37,2025-07-22 16:54:37
https://torob.com/p/e5980dcf-91ef-483d-a242-61f89164627d/%DA%A9%D9%88%D8%AF-%D9%BE%D8%AA%D8%A7%D8%B3%DB%8C%D9%85-%D8%A8%D8%A7%D9%84%D8%A7-12-12-36-%D8%AA%DB%8C%D8%B3%D9%84%D8%A7/,کود پتاسیم بالا 12-12-36 تیسلا,,38500,nan,,,True,2025-07-22 16:54:37,2025-07-27 17:13:38
https://torob.com/p/847116ab-9968-47d9-a7c6-0eb2bf23dde8/%DA%A9%D9%88%D8%AF-%D9%85%DB%8C%DA%A9%D8%B1%D9%88-%D8%B2%D8%A7%DB%8C%D8%B2-%D8%A7%D9%86%DA%AF%D9%84%D8%B3%D8%AA%D8%A7%D9%86/,کود میکرو زایز انگلستان,,730000,nan,,,True,2025-07-22 16:54:38,2025-07-22 16:54:38
https://torob.com/p/f8c26002-2693-4bee-a8f5-b1c2b290535f/%DA%A9%D8%A7%D8%B1%D8%A8%D8%B1%D8%AF-%D8%AE%D8%A7%DA%A9-%D9%86%D8%B3%D9%88%D8%B2-%DA%86%DB%8C%D8%B3%D8%AA/,کاربرد خاک نسوز چیست؟,,270000,nan,,,True,2025-07-22 16:54:39,2025-07-27 16:59:04
https://torob.com/p/0be06bc9-b620-4209-bba9-ba00e7a40ace/%D8%B5%D8%A7%D8%A8%D9%88%D9%86-%D9%85%D8%AD%D9%84%D9%88%D9%84-%D9%BE%D8%A7%D8%B4%DB%8C-powerclean-%D9%81%D8%B1%D9%85%D9%88%D9%84%D8%A7%DB%8C%D9%81/,صابون محلول پاشی PowerClean فرمولایف,,150000,nan,,,True,2025-07-22 16:54:40,2025-07-22 16:54:40
https://torob.com/p/95dab78c-5af7-4c74-8ad5-69d11c251c5c/%D8%B3%D9%85-%D8%B9%D9%84%D9%81%DA%A9%D8%B4-%D8%A7%DA%AF%D8%B2%D8%A7%D8%AF%DB%8C%D8%A7%D8%B2%D9%88%D9%86-%D8%B1%D9%88%D9%86%D8%B3%D8%AA%D8%A7%D8%B1-%D9%85%D8%A7%DB%8C%D8%B9-%D9%85%D9%84%DB%8C-%D8%B4%DB%8C%D9%85%DB%8C-%DA%A9%D8%B4%D8%A7%D9%88%D8%B1%D8%B2-05-%D9%84%DB%8C%D8%AA%D8%B1-%DA%A9%D9%88%DB%8C%DA%A9%D8%B3/,سم علفکش اگزادیازون رونستار مایع ملی شیمی کشاورز 0.5 لیتر کوئکس,,440000,88000.0,5,,True,2025-07-22 16:54:41,2025-07-27 17:02:19
https://torob.com/p/6e4f09a9-8a9c-4490-aa0e-3918341002d6/%D9%82%D8%A7%D8%B1%DA%86-%DA%A9%D8%B4-%D8%A7%DB%8C%D9%BE%D8%B1%D9%88%D8%AF%DB%8C%D9%88%D9%86-%DA%A9%D8%A7%D8%B1%D8%A8%D9%86%D8%AF%D8%A7%D8%B2%DB%8C%D9%85-%D8%B1%D9%88%D8%B1%D8%A7%D9%84-%D8%B4%DB%8C%D9%85%D8%A7%DA%AF%D8%B1%D9%88/,قارچ‌ کش ایپرودیون کاربندازیم (رورال) شیماگرو,,700000,nan,,,True,2025-07-22 16:54:42,2025-07-27 17:02:28
https://torob.com/p/9220a36b-d95d-4ddf-99c0-c484d07cc83f/%D8%A8%D8%B1%D9%88%D9%85%D9%88%D9%BE%D8%B1%D9%88%D9%BE%DB%8C%D9%84%D8%A7%D8%AA-%DA%AF%D9%84-%D8%B3%D9%85/,بروموپروپیلات گل سم,,1800000,nan,,,True,2025-07-22 16:54:42,2025-07-27 17:06:07
https://torob.com/p/8cf14f20-c4fa-4880-93d1-a059588465fb/%D8%AE%D8%A7%DA%A9-%D8%B3%D8%A7%D9%86%D8%B3%D9%88%D8%B1%DB%8C%D8%A7-%D8%A8%D9%87%DA%A9%D8%A7%D9%85-%D8%AD%D8%AC%D9%85-15-%D9%84%DB%8C%D8%AA%D8%B1/,خاک سانسوریا بهکام حجم 15 لیتر,,299000,19933.333333333332,15,,True,2025-07-22 16:54:43,2025-07-27 17:07:30
https://torob.com/p/62ea5da7-d8ce-4998-84bf-45923f4d62f3/%DA%A9%D9%88%D8%AF-%D8%AA%D9%82%D9%88%DB%8C%D8%AA-%D8%B1%DB%8C%D8%B4%D9%87-green-growth/,کود تقویت ریشه (green growth),,290000,nan,,,True,2025-07-22 16:54:44,2025-07-22 16:54:44
https://torob.com/p/a06e3a05-5b24-43d8-a5f6-6a19ef7db732/%DA%A9%D9%88%D8%AF-%D9%85%D8%A7%DB%8C%D8%B9-%D9%85%D9%88%D9%86%D9%88-%D8%A7%D9%85%D9%88%D9%86%DB%8C%D9%88%D9%85-%D9%81%D8%B3%D9%81%D8%A7%D8%AA-%D9%81%D9%88%D8%B3%D9%BE%D8%A7%D9%85%DB%8C%D8%AF-%D9%81%D8%A7%D8%B1%D9%85%D9%88%D9%86%D8%AA%DB%8C-map-phospamid-pharmonti-npk-8-34-0-10-%D9%84%DB%8C%D8%AA%D8%B1%DB%8C/,کود مایع (مونو آمونیوم فسفات) فوسپامید فارمونتی (MAP) Phospamid Pharmonti NPK 8 34 0 - 10 لیتری,,3000000,300000.0,10,,True,2025-07-22 16:54:45,2025-07-27 17:12:07
https://torob.com/p/eb591962-021f-4890-beb9-e7eef55cd911/%DA%A9%D9%88%D8%AF-%D8%A7%D8%B1%D9%85%DB%8C%D9%86%D9%88-%DA%A9%D9%84%D8%B3%DB%8C%D9%85-%D8%A7%D9%85%DB%8C%D9%86%D9%88%D8%A7%D8%B3%DB%8C%D8%AF-%2B-%DA%A9%D9%84%D8%B3%DB%8C%D9%85/,کود آرمینو کلسیم (آمینواسید + کلسیم),,431000,nan,,,True,2025-07-22 16:54:46,2025-07-22 16:54:46
https://torob.com/p/bf18f9f1-9676-4270-b6bc-d504108f69d1/%DA%A9%D9%88%D8%AF-%D9%85%D8%AE%D8%B5%D9%88%D8%B5-%D8%AE%DB%8C%D8%A7%D8%B1-%D8%B4%D9%88%DA%A9/,کود مخصوص خیار شوک,,3600000,nan,,,True,2025-07-22 16:54:47,2025-07-27 16:58:41
https://torob.com/p/1800f401-32b9-4ccf-8b0f-00d927b0d773/%D8%B3%D9%87-%D8%A8%DB%8C%D8%B3%D8%AA-%D9%81%DB%8C%D8%AA%D9%88%D9%86%D8%A7%D8%AA%D8%B1%D8%A7-%D8%A7%DB%8C%D8%AA%D8%A7%D9%84%DB%8C%D8%A7/,سه بیست فیتوناترا ایتالیا,,475000,nan,,,True,2025-07-22 16:54:47,2025-07-22 16:54:47
https://torob.com/p/92a8305f-1394-453e-9aaa-be71012ac6d8/%DA%A9%D9%88%D8%AF-%D8%B1%D9%88%DB%8C-15-%D8%A7%DA%AF%D8%B1%DB%8C-%D9%BE%D9%84%DA%A9%D8%B3-12-%D8%A8%D8%B7%D8%B1%DB%8C-%DB%8C%DA%A9-%DA%A9%DB%8C%D9%84%D9%88%DB%8C%DB%8C/,کود روی 15% اگری پلکس – 12 بطری یک کیلویی,,3000000,nan,,,True,2025-07-22 16:54:48,2025-07-22 16:54:48
https://torob.com/p/bedaa0a5-1b20-40f4-af02-58f83c04f29b/%DA%A9%D9%88%D8%AF-%D9%85%D8%B1%D8%BA%DB%8C-%DA%86%DB%8C%DA%A9%D9%86-%D8%AA%DA%A9-20l/,کود مرغی چیکن تک (20L),,1290000,nan,,,True,2025-07-22 16:54:49,2025-07-27 17:07:57
https://torob.com/p/c1ed925b-560d-4666-a4fd-8794335068c5/%DA%A9%D9%88%D8%AF-%D8%AA%D9%82%D9%88%DB%8C%D8%AA%DB%8C-%D8%B1%DB%8C%D8%B2%D9%85%D8%BA%D8%B0%DB%8C-%D9%86%D9%88%D8%AA%D8%B1%D8%A7%D8%B2%D9%88%D8%B1%D8%A8-nutrazorb-%D9%BE%D9%88%D8%AF%D8%B1-%D9%85%D9%88%D8%B1-%DA%A9%D8%B1%D8%A7%D9%BE-more-crop-%D8%A7%D9%85%D8%B1%DB%8C%DA%A9%D8%A7-1-%DA%A9%DB%8C%D9%84%D9%88%DA%AF%D8%B1%D9%85-%D9%81%D9%88%DB%8C%D9%84/,کود تقویتی ریزمغذی نوترازورب NUTRAZORB پودر مور کراپ more crop آمریکا 1 کیلوگرم فویل,,1855000,1855000.0,1,,True,2025-07-22 16:54:50,2025-07-27 17:10:43
https://torob.com/p/75180056-6582-481a-9f24-442c0f504b87/%D9%87%D9%88%D8%B1%D9%85%D9%88%D9%86-%D8%A7%DA%A9%D8%B3%DB%8C%D9%86-%D9%87%D9%88%D8%B1%D9%85%D9%88%D9%86-%D8%B1%D8%B4%D8%AF-%DA%A9%DB%8C%D9%86%DA%AF-%D9%85%DA%A9%D8%B3-%D9%85%DA%A9%D8%B2%DB%8C%DA%A9%DB%8C/,هورمون اکسین هورمون رشد کینگ مکس مکزیکی,,138000,nan,,,True,2025-07-22 16:54:51,2025-07-22 16:54:51
https://torob.com/p/5c8e967a-85a4-4506-9c4e-84ec131d5dbe/%DA%A9%D9%88%D8%AF-%D9%87%DB%8C%D9%88%D9%85%DB%8C%DA%A9-%D8%A7%D8%B3%DB%8C%D8%AF-%D9%87%DB%8C%D9%88%D9%85%D8%A7%D8%AA-%D9%BE%D8%AA%D8%A7%D8%B3%DB%8C%D9%85-60-%D8%AF%D8%B1%D8%B5%D8%AF-%DB%8C%DA%A9-%DA%A9%DB%8C%D9%84%D9%88%DB%8C%DB%8C-%D9%BE%D8%B1%DA%A9-%D8%A7%D8%A8%D8%A7%D8%AF%DB%8C%D8%B3/,کود هیومیک اسید هیومات پتاسیم ۶۰ درصد یک کیلویی پرک آبادیس,,300000,nan,,,True,2025-07-22 16:54:52,2025-07-22 16:54:52
https://torob.com/p/48169876-728f-450f-9616-e0d38f6cf838/%D8%A8%D8%B1%D8%AF%D9%88%D9%81%DB%8C%DA%A9%D8%B3-%D8%AF%D8%B1%D9%85%D8%A7%D9%86-%D8%A8%D8%A7%DA%A9%D8%AA%D8%B1%DB%8C%D8%A7%DB%8C%DB%8C-125-%D9%85%DB%8C%D9%84%DB%8C-%D9%84%DB%8C%D8%AA%D8%B1/,بردوفیکس (درمان باکتریایی) 125 میلی لیتر,,95000,nan,,,True,2025-07-22 16:54:53,2025-07-22 16:54:53
https://torob.com/p/afe5e27b-6ed7-463e-b994-602d8b25ea61/%DA%A9%D9%88%D8%AF-%D9%BE%D9%88%D8%AF%D8%B1%DB%8C-npk-12-12-36%2Bte-%D8%AF%D9%87-%DA%A9%DB%8C%D9%84%D9%88%DB%8C%DB%8C/,کود پودری N.P.K (12-12-36+TE ) ده کیلویی,,2757000,nan,,,True,2025-07-22 16:54:53,2025-07-22 16:54:53
https://torob.com/p/990e52d3-4784-4475-b730-3fce8db0ea42/%DA%A9%D9%88%D8%AF-%D8%AC%D9%84%D8%A8%DA%A9-%D8%AF%D8%B1%DB%8C%D8%A7%DB%8C%DB%8C-%D9%BE%D9%88%D8%AF%D8%B1-%D8%AD%D8%A7%D8%B5%D9%84%D8%AE%DB%8C%D8%B2-1-%DA%A9%DB%8C%D9%84%D9%88%DB%8C%DB%8C-%D8%A8%D8%A7-%D9%81%D9%86%D8%A7%D9%88%D8%B1%DB%8C-x-green/,کود جلبک دریایی پودر حاصلخیز 1 کیلویی با فناوری X-green,,700000,700000.0,1,,True,2025-07-22 16:54:54,2025-07-27 17:06:58
https://torob.com/p/5fe93fcc-87a6-4f05-b216-570634c61de1/%DA%A9%D9%88%D8%AF-%D8%A8%D9%85%D8%A8%D8%A7%D8%B1%D8%AF%DB%8C%D8%B1-%DA%A9%DB%8C%D9%85%DB%8C%D8%AA%DA%A9-%D8%A7%D8%B3%D9%BE%D8%A7%D9%86%DB%8C%D8%A7/,کود بمباردیر کیمیتک اسپانیا,,118000,nan,,,True,2025-07-22 16:54:55,2025-07-22 16:54:55
https://torob.com/p/450dd315-9253-441c-ad77-485ef522d772/%DA%A9%D9%88%D8%AF-%D9%87%DB%8C%D9%88%D9%85%DB%8C%DA%A9-%D8%A7%D8%B3%DB%8C%D8%AF-20-%D9%84%DB%8C%D8%AA%D8%B1%DB%8C/,کود هیومیک اسید ۲۰ لیتری,,5480000,274000.0,20,,True,2025-07-22 16:54:56,2025-07-22 16:54:56
https://torob.com/p/ce563b66-3122-4273-b67c-9ff4b69c0961/%DA%A9%D9%88%D8%AF-%D8%A7%D9%87%D9%86-%D9%85%D8%B3%D8%AA%D8%B1-%D9%81%D8%B1%D9%88%D8%BA-%D8%AF%D8%B4%D8%AA-%D8%A7%D8%B3%D9%BE%D8%A7%D9%86%DB%8C%D8%A7/,کود آهن مستر فروغ دشت اسپانیا,,1080000,nan,,,True,2025-07-22 16:54:57,2025-07-22 16:54:57
https://torob.com/p/aba831d2-aaf0-4fa8-be8b-7214e8960aa1/%D8%AE%D8%A7%DA%A9-%D9%85%D8%AE%D8%B5%D9%88%D8%B5-%DA%AF%D9%84%D9%87%D8%A7%DB%8C-%D8%A7%D9%BE%D8%A7%D8%B1%D8%AA%D9%85%D8%A7%D9%86%DB%8C/,خاک مخصوص گلهای آپارتمانی,,75000,nan,,,True,2025-07-22 16:54:58,2025-07-27 17:06:02
https://torob.com/p/31bd112d-d361-4b62-b5ba-0bc23d98aee4/%D9%85%D8%A7-%D8%A8%D9%87%D8%AA%D8%B1%DB%8C%D9%86-%D9%86%D9%88%D8%B9-%DA%A9%D9%88%D8%AF-%D8%B3%D9%87-%D8%A8%DB%8C%D8%B3%D8%AA-%D8%B1%D8%A7-%D8%AF%D8%B1-%D8%A8%D8%B3%D8%AA%D9%87-%D8%A8%D9%86%D8%AF%DB%8C-%DA%AF%D9%84-%D9%85%D9%86-%D9%88-%D8%AA%D9%88-%D8%A8%D8%B1%D8%A7%DB%8C-%D8%B4%D9%85%D8%A7-%D8%A7%D9%85%D8%A7%D8%AF%D9%87-%DA%A9%D8%B1%D8%AF%DB%8C%D9%85-%D8%AA%D8%A7-%D8%A8%D8%B1%D8%A7%DB%8C-%DA%AF%DB%8C%D8%A7%D9%87%D8%A7%D9%86-%D8%A7%D9%BE%D8%A7%D8%B1%D8%AA%D9%85%D8%A7%D9%86%DB%8C-%D8%AE%D9%88%D8%AF-%D8%A8%D8%A7-%D8%AE%DB%8C%D8%A7%D9%84-%D8%B1%D8%A7%D8%AD%D8%AA-%D8%A7%D8%B3%D8%AA%D9%81%D8%A7%D8%AF%D9%87-%DA%A9%D9%86%DB%8C%D8%AF-%DA%A9%D9%88%D8%AF-%D8%B3%D9%87-%D8%A8%DB%8C%D8%B3%D8%AA-%DA%AF%D9%84-%D9%85%D9%86-%D9%88-%D8%AA%D9%88-%D8%A8%D8%B1%D8%A7%DB%8C-%DA%AF%DB%8C%D8%A7%D9%87%D8%A7%D9%86-%DA%AF%D9%84%D8%AF%D9%87-%D9%88-%D8%A8%D8%B1%DA%AF%DB%8C-%D9%85%D9%86%D8%A7%D8%B3%D8%A8-%D8%A7%D8%B3%D8%AA/,ما بهترین نوع کود سه بیست را در بسته بندی گل من و تو برای شما آماده کردیم تا برای گیاهان آپارتمانی خود با خیال راحت استفاده کنید. کود سه بیست گل من و تو برای گیاهان گلده و برگی مناسب است.,,310800,nan,,,True,2025-07-22 16:54:59,2025-07-22 16:54:59
https://torob.com/p/1056bb4a-492b-4655-9d10-df577bfb36f9/%DA%AF%D9%88%DA%AF%D8%B1%D8%AF-%D9%85%D8%A7%DB%8C%D8%B9-%D9%BE%D8%A7%D8%B1%D8%B3-%D8%AE%D9%88%D8%B4%D9%87-10-%D9%84%DB%8C%D8%AA%D8%B1%DB%8C/,گوگرد مایع پارس خوشه 10 لیتری,,660000,66000.0,10,,True,2025-07-22 16:54:59,2025-07-27 17:14:50
https://torob.com/p/07b9604a-668f-42f1-a784-21bd81f227b3/%D8%A7%D8%A8%D8%A7%D9%85%DA%A9%D8%AA%DB%8C%D9%86-18-%D8%A7%D9%85%D9%88%D9%84%D8%B3%DB%8C%D9%88%D9%86-%D8%B4%D9%88%D9%86%D8%AF%D9%87-%D9%86%DB%8C%D9%85-%D9%84%DB%8C%D8%AA%D8%B1%DB%8C/,آبامکتین 1.8 امولسیون شونده نیم لیتری,,190000,nan,,,True,2025-07-22 16:55:00,2025-07-22 16:55:00
https://torob.com/p/d2d23829-c06a-4431-b34d-70a13c6f3d70/%D8%A7%D8%B3%DB%8C%D8%AF-%D8%A7%D9%85%DB%8C%D9%86%D9%87-80%D8%AF%D8%B1%D8%B5%D8%AF-%D8%B3%D8%A7%D8%AF%D9%87-%D8%A8%D9%87%DB%8C%D9%86-%D8%B1%D9%88%DB%8C%D8%B4-500%DA%AF%D8%B1%D9%85%DB%8C/,اسید آمینه 80درصد ساده بهین رویش 500گرمی,,550000,nan,,,True,2025-07-22 16:55:01,2025-07-22 16:55:01
https://torob.com/p/45e767ab-20e5-4857-9759-5663480341d8/%DA%A9%D9%88%D8%AF-%D9%85%D8%B1%D8%BA%DB%8C-%D8%A8%DB%8C%D9%88%D9%85%DB%8C%DA%A9%D8%B3-10-%D9%84%DB%8C%D8%AA%D8%B1%DB%8C/,کود مرغی بیومیکس ۱۰ لیتری,,650000,65000.0,10,,True,2025-07-22 16:55:02,2025-07-22 16:55:02
https://torob.com/p/515d19be-f76f-4627-8542-7babb36d74b9/%DA%A9%D9%88%D8%AF-%D8%A8%DB%8C%D9%88%DA%A9%D8%B3%DB%8C-%D8%B1%D9%88%DB%8C-%D9%85%D9%86%DA%AF%D9%86%D8%B2-%D9%85%D8%A7%D9%81%D8%A7/,کود بیوکسی روی-منگنز مافا,,776000,nan,,,True,2025-07-22 16:55:03,2025-07-22 16:55:03
https://torob.com/p/e4da42ec-f059-4fbd-bae6-4f09e66e208a/%DA%A9%D9%88%D8%AF-%DA%A9%D9%84%D8%A7%D8%AA-%D9%85%D8%B3-%D8%AE%D8%B6%D8%B1%D8%A7%DB%8C/,کود کلات مس خضراء,,740000,nan,,,True,2025-07-22 16:55:04,2025-07-27 17:00:15
https://torob.com/p/989de3bc-4a40-4535-b634-2b3c5212458b/%D8%AE%D8%B1%DB%8C%D8%AF-%DA%A9%D9%88%D8%AF-%D9%81%D8%B3%D9%81%DB%8C%D8%AA-%D9%BE%D8%AA%D8%A7%D8%B3%DB%8C%D9%85-%D8%B4%D9%88%DA%A9/,خرید کود فسفیت پتاسیم شوک,,4450000,nan,,,True,2025-07-22 16:55:05,2025-07-27 17:15:19
https://torob.com/p/dd096691-4c59-41bc-9af0-0b93b3feb0ac/%D8%A7%D9%88%D8%B1%D9%87-%D9%81%D8%B3%D9%81%D8%A7%D8%AA-%D8%A7%DA%AF%D8%B1%DB%8C%D9%81%D8%B1%D8%AA-%D9%85%DA%A9%D8%B2%DB%8C%DA%A9-25-%DA%A9%DB%8C%D9%84%D9%88%DA%AF%D8%B1%D9%85/,اوره فسفات اگریفرت مکزیک 25 کیلوگرم,,7000000,280000.0,25,,True,2025-07-22 16:55:05,2025-07-22 16:55:05
https://torob.com/p/e804899f-ffcf-465a-b41e-bf4d6d95a6fc/%D9%82%DB%8C%D9%85%D8%AA-%D8%B3%D9%85-%D9%82%D8%A7%D8%B1%DA%86%DA%A9%D8%B4-%D8%A8%D9%86%D9%88%D9%85%DB%8C%D9%84/,قیمت سم قارچکش بنومیل,,50000,nan,,,True,2025-07-22 16:55:06,2025-07-27 17:14:45
https://torob.com/p/002d4d29-9533-42dc-a69a-51e419802ef1/%D8%B3%D9%88%D9%84%D9%81%D9%88%D8%B1%DA%A9%DB%8C-%DA%A9%D9%88%D8%AF-%D9%82%D8%A7%D8%B1%DA%86-%DA%A9%D8%B4-%D8%AF%D9%88-%D9%85%D9%86%D8%B8%D9%88%D8%B1%D9%87-%D9%87%D9%85%D8%B1%D8%A7%D9%87-%D8%A8%D8%A7-%D9%BE%D8%AA%D8%A7%D8%B3%DB%8C%D9%85/,سولفور.کی کود،قارچ کش دو منظوره همراه با پتاسیم,,548000,nan,,,True,2025-07-22 16:55:07,2025-07-22 16:55:07
https://torob.com/p/a89b86df-76ff-4cee-8407-0749837e971d/%D9%88%D8%B1%D9%85%DB%8C-%DA%A9%D9%88%D9%84%DB%8C%D8%AA-2-%D9%84%DB%8C%D8%AA%D8%B1%DB%8C-%D8%AF%D8%A7%D9%86%D9%87-%D8%AF%D8%B1%D8%B4%D8%AA-%D9%86%D9%82%D8%B1%D9%87-%D8%A7%DB%8C/,ورمی کولیت 2 لیتری دانه درشت(نقره ای),,105000,52500.0,2,,True,2025-07-22 16:55:08,2025-07-27 17:06:24
https://torob.com/p/123baaf6-0175-485c-9980-42fa629e2daf/%D9%81%D8%B1%D9%88%D8%AA-%D9%85%DA%A9%D8%B3-%D9%81%D8%B1%D9%88%D8%AA-%D8%B3%D8%AA-%D8%A7%D8%B1%D9%88%D9%BE%D8%A7%DB%8C%DB%8C-%D8%B4%D8%B1%DA%A9%D8%AA-%D8%B1%D9%88%DB%8C%D8%B4-%D8%B3%D8%A8%D8%B2-1-%D9%84%DB%8C%D8%AA%D8%B1%DB%8C/,فروت مکس (فروت ست) اروپایی شرکت رویش سبز 1 لیتری,,700000,700000.0,1,,True,2025-07-22 16:55:09,2025-07-22 16:55:09
https://torob.com/p/c42e0ff8-313a-443f-8600-ca59cd9904f5/%DA%A9%D9%88%D8%AF-npk-12-3-43-%D8%AA%D8%AA%D8%A7%DA%A9%D9%88/,کود npk 12-3-43 تتاکو,,2520000,nan,,,True,2025-07-22 16:55:10,2025-07-22 16:55:10
https://torob.com/p/e42196ce-8292-487e-bff7-f2a1296bea9a/%D9%85%D8%A7%D9%84%D8%A7%D8%AA%DB%8C%D9%88%D9%86-%D8%B6%D8%AF-%D8%B4%D8%AA%D9%87-%D9%85%DA%AF%D8%B3-%D8%B3%D9%81%DB%8C%D8%AF%D8%A8%D8%A7%D9%84-%D9%88-125-%D9%85%DB%8C%D9%84%DB%8C-%D9%84%DB%8C%D8%AA%D8%B1/,مالاتیون(ضد شته، مگس سفیدبال و..) 125 میلی لیتر,,90000,nan,,,True,2025-07-22 16:55:11,2025-07-27 17:15:54
https://torob.com/p/45a01d7a-cf63-447b-8c34-ee0835d9f849/%D9%88%D8%B1%D9%85%DB%8C-%DA%A9%D9%88%D9%85%D9%BE%D9%88%D8%B3%D8%AA-%D9%88-%D9%85%D8%B2%D8%A7%DB%8C%D8%A7%DB%8C-%D8%A7%D9%86/,ورمی کومپوست و مزایای آن,,125000,nan,,,True,2025-07-22 16:55:12,2025-07-22 16:55:12
https://torob.com/p/bd392189-caf6-4b74-ab7e-33499b8fbb35/%D8%A7%D9%86%D9%81%D9%88%D8%B1%DB%8C%DA%A9-%D8%A7%D8%B3%DB%8C%D8%AF-%D8%B2%DB%8C%D8%B3%D8%AA-%D9%81%D9%86%D8%A7%D9%88%D8%B1/,انفوریک اسید زیست فناور,,700000,nan,,,True,2025-07-22 16:55:12,2025-07-27 17:01:35
https://torob.com/p/c1f6df8a-7b0a-4868-b959-55cc7c0f82fa/%D8%B3%D9%85-%D9%82%D8%A7%D8%B1%DA%86-%DA%A9%D8%B4-%D9%85%DB%8C%D8%B1%D8%A7%D9%88%DB%8C%D8%B3-%D8%AF%D9%88-%D8%B3%DB%8C%D9%86%D8%AC%D9%86%D8%AA%D8%A7-%D8%B3%D9%88%DB%8C%DB%8C%D8%B3-%D8%AD%D8%AC%D9%85-250-%D9%85%DB%8C%D9%84%DB%8C-%D9%84%DB%8C%D8%AA%D8%B1/,سم قارچ کش میراویس دو سینجنتا سوئیس حجم ۲۵۰ میلی لیتر,,1350000,nan,,,True,2025-07-22 16:55:13,2025-07-22 16:55:13
https://torob.com/p/0f9cceb4-a45d-4561-a990-bf0e92557d31/%D9%87%D9%88%D8%B1%D9%85%D9%88%D9%86-%D8%AE%DB%8C%D8%A7%D8%B1-%D9%BE%D8%B1%D9%88%D9%86%D8%A7%DB%8C%D8%B3/,هورمون خیار (پرونایس),,550000,nan,,,True,2025-07-22 16:55:14,2025-07-27 17:00:38
https://torob.com/p/13415500-0adb-47e3-adc2-4707dcf9e350/%D8%B3%D9%88%D9%84%D9%81%D8%A7%D8%AA-%D9%85%D9%86%DB%8C%D8%B2%DB%8C%D9%85/,سولفات منیزیم,,204000,nan,,,True,2025-07-22 16:55:15,2025-07-27 17:03:25
https://torob.com/p/3321ab51-3597-4883-995e-9f73ebe1c769/%DA%A9%D9%88%D8%AF-%D8%A7%D9%84%DB%8C-%D9%81%D8%B3%D9%81%D8%B1-p-%DA%A9%DB%8C%D9%84%DB%8C%D8%AA%D8%B1%DB%8C%D9%86-1-%D9%84%DB%8C%D8%AA%D8%B1%DB%8C-20/,کود آلی فسفر (P) کیلیترین 1 لیتری - 20,,14000000,14000000.0,1,,True,2025-07-22 16:55:16,2025-07-22 16:55:16
https://torob.com/p/d222ed5f-467e-4fa9-8dab-a90d126dce44/%DA%A9%D9%88%D8%AF-%DA%A9%D9%84%D8%A7%D8%AA-%D8%A7%D9%87%D9%86-%D8%AF%DB%8C%D9%BE%D9%88%D8%B1%D8%AA-6-%D8%AF%D8%B1%D8%B5%D8%AF-150-%DA%AF%D8%B1%D9%85%DB%8C-%D8%A7%D8%B1%DB%8C%D8%A7-%D8%B4%DB%8C%D9%85%DB%8C-%D8%A8%D8%B1%D8%A7%DB%8C-%DA%AF%DB%8C%D8%A7%D9%87%D8%A7%D9%86-%D8%A7%D9%BE%D8%A7%D8%B1%D8%AA%D9%85%D8%A7%D9%86%DB%8C/,کود کلات آهن دیپورت ۶ درصد ۱۵۰ گرمی آریا شیمی | برای گیاهان آپارتمانی,,1950000,nan,,,True,2025-07-22 16:55:17,2025-07-27 17:14:08
https://torob.com/p/9cf2dd1a-1504-4438-b2c1-869a68fdf0c7/%DA%A9%D9%88%D8%AF-%DA%A9%D8%A7%D9%85%D9%84-%D9%85%D8%A7%DB%8C%D8%B9-%D8%B3%D9%88%D8%B1%DB%8C%D9%86-%D8%A7%DA%A9%D8%B3%DB%8C%D8%B1/,کود کامل مایع سورین اکسیر,,250000,nan,,,True,2025-07-22 16:55:18,2025-07-22 16:55:18
https://torob.com/p/aa9d3a80-ac6d-4464-ab6a-8e62ee19b0e1/%DA%A9%D9%88%D8%AF-%D8%B3%D9%88%D9%84%D9%81%D8%A7%D8%AA-%D8%A7%D9%87%D9%86-%D9%BE%D9%88%D9%85%D8%AF-%D8%A7%DB%8C%D8%B1%D8%A7%D9%86/,کود سولفات آهن پومد ایران,,50000,nan,,,True,2025-07-22 16:55:19,2025-07-27 17:07:22
https://torob.com/p/d08c2c2d-412d-42ef-80c5-bfa7905d20a8/%DA%A9%D9%88%D8%AF-%DA%A9%D8%A7%D9%85%D9%84-%D8%B3%D9%88%D9%BE%D8%B1%D9%84%D9%88%DA%A9%D8%B3-%D8%A7%D9%81%D8%B2%D8%A7%DB%8C%D8%B4-%D8%B1%D8%B4%D8%AF-%DA%AF%D9%84%D8%AF%D9%87%DB%8C-%D9%88-%D9%85%D9%82%D8%A7%D9%88%D9%85%D8%AA-%DA%AF%DB%8C%D8%A7%D9%87%D8%A7%D9%86-%DA%A9%D8%B4%D8%A7%D9%88%D8%B1%D8%B224/,کود کامل سوپرلوکس،افزایش رشد، گلدهی و مقاومت گیاهان - کشاورز24,,1500000,nan,,,True,2025-07-22 16:55:19,2025-07-22 16:55:19
https://torob.com/p/1936f7ab-6522-4d0b-918d-b6f296be0c5c/%DA%A9%D9%88%D8%AF-%D8%A7%D9%87%D9%86-%DA%A9%D9%84%D8%A7%D8%AA%D9%87-6-%DA%AF%D8%B1%D9%88%D9%85%D9%88%D8%B1-%D8%A7%D9%85%D8%B1%DB%8C%DA%A9%D8%A7/,کود آهن کلاته 6% گرومور آمریکا,,1850000,nan,,,True,2025-07-22 16:55:20,2025-07-22 16:55:20
https://torob.com/p/790f7ee8-69a3-42f0-a430-4857faeab262/%D8%AD%D8%AC%D9%85-1-%DA%A9%DB%8C%D9%84%D9%88%DA%AF%D8%B1%D9%85-%D9%85%D9%86%D8%A7%D8%B3%D8%A8-%D8%A8%D8%B1%D8%A7%DB%8C-%D8%A7%D9%86%D9%88%D8%A7%D8%B9-%D9%85%D8%AD%D8%B5%D9%88%D9%84%D8%A7%D8%AA-%DA%A9%D8%B4%D8%A7%D9%88%D8%B1%D8%B2%DB%8C-%D8%B2%D8%B1%D8%A7%D8%B9%DB%8C-%D8%A8%D8%A7%D8%BA%DB%8C-%DA%AF%D9%84%D8%AE%D8%A7%D9%86%D9%87-%D8%A7%DB%8C-%D9%88-%D9%86%D9%88%D8%B9-%DA%A9%D9%88%D8%AF-%D9%BE%D9%88%D8%AF%D8%B1%DB%8C-%D9%88%DB%8C%DA%98%DA%AF%DB%8C-%D9%87%D8%A7-%D9%82%D8%A7%D8%A8%D9%84-%D8%A7%D8%B3%D8%AA%D9%81%D8%A7%D8%AF%D9%87-%D8%A8%D9%87-%D8%B5%D9%88%D8%B1%D8%AA-%D9%85%D8%AD%D9%84%D9%88%D9%84-%D9%BE%D8%A7%D8%B4%DB%8C-%D8%A8%D8%B1%DA%AF-%D9%BE%D8%A7%D8%B4%DB%8C/,حجم: ۱ کیلوگرم مناسب برای: انواع محصولات کشاورزی (زراعی، باغی، گلخانه‌ای و…) نوع کود: پودری ویژگی‌ها: قابل استفاده به صورت محلول‌پاشی (برگ‌پاشی),,780000,780000.0,1,,True,2025-07-22 16:55:21,2025-07-22 16:55:21
https://torob.com/p/087beae7-6697-4e36-85cd-801a8b7a3afd/%DA%A9%D9%88%D8%AF-%D9%81%D8%B3%D9%81%D8%B1-95-%D8%B4%D9%88%DA%A9/,کود فسفر 95% شوک,,8000000,nan,,,True,2025-07-22 16:55:22,2025-07-27 17:15:17
https://torob.com/p/442b2d67-3159-42d5-8636-a3c5c341ed5e/%DA%A9%D9%84%D8%A7%D8%AA-%D8%B1%D9%88%DB%8C-15/,کلات روی 15%,,355000,nan,,,True,2025-07-22 16:55:23,2025-07-27 17:07:45
https://torob.com/p/97edb7d8-a86b-4f80-b5e0-99d25761662b/%D8%AE%D8%B1%DB%8C%D8%AF-%DA%A9%D9%88%D8%AF-%D8%B3%D9%87-%D8%A8%DB%8C%D8%B3%D8%AA-%D8%B4%D9%88%DA%A9/,خرید کود سه بیست شوک,,3850000,nan,,,True,2025-07-22 16:55:24,2025-07-27 17:01:39
https://torob.com/p/525cbcf4-e959-440f-b73f-19383a9f663a/%D8%B3%D9%85-%D9%82%D8%A7%D8%B1%DA%86-%DA%A9%D8%B4-%D9%81%D9%88%D8%B2%D8%AA%DB%8C%D9%84-%D8%A7%D9%84%D9%88%D9%85%DB%8C%D9%86%DB%8C%D9%88%D9%85-%D8%A7%D9%84%DB%8C%D8%AA-%D9%88%D8%A7%D8%B1%D8%AF%D8%A7%D8%AA-%DA%A9%D8%A7%D9%88%D8%B4-500-%DA%AF%D8%B1%D9%85%DB%8C/,سم قارچ کش فوزتیل آلومینیوم (الیت) واردات کاوش 500 گرمی,,344000,nan,,,True,2025-07-22 16:55:25,2025-07-22 16:55:25
https://torob.com/p/e412d51f-d6b5-452e-86b2-6d99b4ff4084/%D9%87%D9%88%D8%B1%D9%85%D9%88%D9%86-%DA%AF%D9%84%D8%AF%D9%87%DB%8C-%DA%A9%D9%88%D8%AF-%D8%A8%D9%84%D9%88%D9%85-%D8%A8%D9%88%D8%B3%D8%AA%D8%B1-%D9%85%D8%AD%D8%B1%DA%A9-%D8%B4%DA%A9%D9%88%D9%81%D9%87-%DA%A9%DB%8C%D9%86%DA%AF-%D9%85%DA%A9%D8%B3-%D9%85%DA%A9%D8%B2%DB%8C%DA%A9%DB%8C/,هورمون گلدهی کود بلوم بوستر محرک شکوفه کینگ مکس مکزیکی,,138000,nan,,,True,2025-07-22 16:55:25,2025-07-22 16:55:25
https://torob.com/p/4956b6eb-5df8-410d-8e77-9b63960116a0/%DA%AF%D9%84%D8%A7%DB%8C%D9%81%D9%88%D8%B2%DB%8C%D8%AA-%D8%B1%D8%A7%D9%86%D8%AF%D8%A7%D9%BE-%D9%81%D8%A7%D8%B1%D8%A7%D8%AF-1-%D9%84%DB%8C%D8%AA%D8%B1%DB%8C/,گلایفوزیت (رانداپ) فاراد 1 لیتری,,440000,440000.0,1,,True,2025-07-22 16:55:26,2025-07-27 17:14:20
https://torob.com/p/0f6afd46-4f5c-45fa-bf54-2cf6daa50f14/%DA%A9%D9%88%D8%AF-%D8%AA%D9%82%D9%88%DB%8C%D8%AA%DB%8C-%D8%A7%D9%85%DB%8C%D9%86%D9%88-%D8%A7%D8%B3%DB%8C%D8%AF-%D9%BE%D8%A7%D9%88%D8%B1-%DA%AF%D8%B1%D9%88-%D9%BE%D9%88%D8%AF%D8%B1-%D9%85%D9%88%D8%B1-%DA%A9%D8%B1%D8%A7%D9%BE-1-%DA%A9%DB%8C%D9%84%D9%88%DA%AF%D8%B1%D9%85-%D9%BE%D8%A7%DA%A9%D8%AA/,کود تقویتی امینو اسید پاور گرو پودر مور کراپ 1 کیلوگرم پاکت,,1250000,1250000.0,1,,True,2025-07-22 16:55:27,2025-07-22 16:55:27
https://torob.com/p/0fcafbd8-57e0-4ed7-9c3e-c1a322cfef58/%D9%85%D8%AA%D8%B1%DB%8C-%D8%A8%D9%88%D8%B2%DB%8C%D9%86-70-%D8%B3%D9%86%DA%A9%D9%88%D8%B1-%D9%87%D9%86%D8%AF%DB%8C/,متری بوزین 70% (سنکور)هندی,,1380000,nan,,,True,2025-07-22 16:55:28,2025-07-27 17:05:21
https://torob.com/p/2bb87514-1420-423d-a8aa-02f70059ce1b/%DA%A9%D9%88%D8%AF-%D9%85%D8%A7%DB%8C%D8%B9-%D8%A8%D9%88%D8%B1-gbor/,کود مایع بور G.BOR,,420000,nan,,,True,2025-07-22 16:55:29,2025-07-27 17:07:24
https://torob.com/p/64212c68-a85e-44bc-a3c6-4243bf80271c/%DA%A9%D9%88%D8%AF-%D9%81%DB%8C%D8%AA%D9%88%D9%81%D8%B1%D8%AA-%D8%A7%D9%86-%D9%BE%DB%8C-%DA%A9%D8%A7-10-40-10-10%2B40%2B10%2B-te%2B2mgo/,کود فیتوفرت ان پی کا 10-40-10 ( 10+40+10+ TE+2MgO),,633000,nan,,,True,2025-07-22 16:55:30,2025-07-27 17:04:21
https://torob.com/p/52112baf-c88e-4719-acc4-6e0cc2a465cc/%D9%86%DB%8C%D8%AA%D8%B1%D9%88-%D9%81%D8%B3%D9%81%D8%A7%D8%AA-%DA%AF%D8%B1%D8%A7%D9%86%D9%88%D9%84-0-5-20/,نیترو فسفات گرانول- (0-5-20),,1100000,nan,,,True,2025-07-22 16:55:31,2025-07-22 16:55:31
https://torob.com/p/a8904ce3-8d60-40f9-ba44-ef217beef614/%DA%A9%D9%88%D8%AF-%D8%A7%D9%85%DB%8C%D9%86%D9%88%D8%A7%D8%B3%DB%8C%D8%AF-%D8%A7%D8%B3%D8%AA%D8%B1%D8%B3-%D9%84%D8%B3-%D9%BE%D8%B1%D9%88-%D9%85%D8%A7%D8%B3%D9%88-1%DA%A9%DB%8C%D9%84%D9%88%DB%8C%DB%8C-%D9%BE%D8%B3-%DA%A9%D8%B1%D8%A7%DB%8C%D9%87/,کود آمینواسید استرس لس پرو ماسو 1کیلویی (پس کرایه),,1793125,1793125.0,1,,True,2025-07-22 16:55:32,2025-07-22 16:55:32
https://torob.com/p/624ee622-6188-4c8a-a1db-bcec8113978e/%DA%A9%D9%88%D8%AF-%DA%A9%D8%A7%D9%85%D9%84-202020-%D8%AD%D8%A7%D8%B5%D9%84%D8%AE%DB%8C%D8%B2-5-%DA%A9%DB%8C%D9%84%D9%88-%DA%AF%D8%B1%D9%85%DB%8C-%D8%A8%D8%A7-%D9%81%D9%86%D8%A7%D9%88%D8%B1%DB%8C-xgreen/,کود کامل 202020 حاصلخیز 5 کیلو گرمی با فناوری XGREEN,,1900000,380000.0,5,,True,2025-07-22 16:55:33,2025-07-27 17:15:40
https://torob.com/p/cc9f14ed-2cce-45e3-86fb-e19fa315f0fd/%D8%B3%D9%85-%D9%82%D8%A7%D8%B1%DA%86%DA%A9%D8%B4-%D9%85%D8%A7%D9%86%DA%A9%D9%88%D8%B2%D8%A8-%D8%AF%DB%8C%D8%AA%D8%A7%D9%86-%D8%A7%D9%8545-%D9%BE%D9%88%D8%AF%D8%B1-%D9%85%D9%84%DB%8C-%D8%B4%DB%8C%D9%85%DB%8C-%DA%A9%D8%B4%D8%A7%D9%88%D8%B1%D8%B2-1-%DA%A9%DB%8C%D9%84%D9%88%DA%AF%D8%B1%D9%85-%D9%81%D9%88%DB%8C%D9%84/,سم قارچکش مانکوزب دیتان ام45 پودر ملی شیمی کشاورز 1 کیلوگرم فویل,,630000,630000.0,1,,True,2025-07-22 16:55:33,2025-07-22 16:55:33
https://torob.com/p/e076d5a4-0f4d-49a4-9d7c-9536624abcf3/%DA%A9%D9%88%D8%AF-%D9%BE%DA%A9-%D8%B2%DB%8C%D8%B3%D8%AA%DB%8C-%D8%B1%D9%88%DB%8C%D8%B4-npk/,کود پک زیستی رویش (NPK),,310000,nan,,,True,2025-07-22 16:55:34,2025-07-22 16:55:34
https://torob.com/p/a7c3c7d2-c323-4995-940b-9b8cdba14e20/%DA%A9%D9%88%D8%AF-%D8%B1%DB%8C%D8%B4%D9%87-%D8%B2%D8%A7%DB%8C%DB%8C-%D9%85%D8%A7%DB%8C%D8%B9-100-%D9%85%DB%8C%D9%84%DB%8C-%D8%AD%D8%A7%D8%B5%D9%84%D8%AE%DB%8C%D8%B2-%D8%A8%D8%A7-%D9%81%D9%86%D8%A7%D9%88%D8%B1%DB%8C-x-green/,کود ریشه زایی مایع 100 میلی حاصلخیز با فناوری X-Green,,80000,nan,,,True,2025-07-22 16:55:35,2025-07-27 17:16:07
https://torob.com/p/be9d6563-5685-4ee5-b425-c6f08edbc08c/%D9%87%D9%88%D8%B1%D9%85%D9%88%D9%86-%DA%AF%D8%A7%D8%A8%D8%A7/,هورمون گابا,,15500000,nan,,,True,2025-07-22 16:55:36,2025-07-22 16:55:36
https://torob.com/p/f2023e13-2f78-481a-b9b7-30122ab741f4/%DA%A9%D9%88%D8%AF-%D9%BE%D8%AA%D8%A7%D8%B3%DB%8C%D9%85-%D9%82%D8%A7%D8%A8%D9%84-%D8%AC%D8%B0%D8%A8-%DB%8C%DA%A9-%DA%A9%DB%8C%D9%84%D9%88%DB%8C%DB%8C/,کود پتاسیم قابل جذب یک کیلویی,,460000,nan,,,True,2025-07-22 16:55:37,2025-07-22 16:55:37
https://torob.com/p/ab153b58-1d37-4010-94dd-c53249e274d9/%D8%AC%D8%AA-%D8%A7%DB%8C%DA%A9%D8%B3-%DA%AF%D8%B1%DB%8C%D9%86-%DB%8C%DA%A9-%D9%84%DB%8C%D8%AA%D8%B1%DB%8C/,جت ایکس گرین یک لیتری,,170000,nan,,,True,2025-07-22 16:55:38,2025-07-22 16:55:38
https://torob.com/p/b4872dd2-92ec-4bdd-ab30-f3636c6b0d80/%D9%BE%D8%B1%D9%84%DB%8C%D8%AA-%D8%B7%D8%A8%DB%8C%D8%B9%D8%AA-%D8%B4%DB%8C%DA%A9-%D8%B3%D8%A8%DA%A9-%D9%88-%D9%85%D8%AA%D8%AE%D9%84%D8%AE%D9%84-%D8%B9%D8%A7%D9%84%DB%8C-%D8%A8%D8%B1%D8%A7%DB%8C-%D8%B2%D9%87%DA%A9%D8%B4%DB%8C-%D8%AE%D8%A7%DA%A9-%D9%88-%D8%AA%D9%82%D9%88%DB%8C%D8%AA-%D8%B1%D8%B4%D8%AF-%DA%AF%DB%8C%D8%A7%D9%87%D8%A7%D9%86-%D8%A8%D8%B3%D8%AA%D9%87-%D9%85%D8%AA%D9%88%D8%B3%D8%B7/,"""پرلیت طبیعت شیک - سبک و متخلخل، عالی برای زهکشی خاک و تقویت رشد گیاهان"" - بسته متوسط",,35000,nan,,,True,2025-07-22 16:55:39,2025-07-27 16:59:59
https://torob.com/p/bdb9dbfa-df77-4795-b3e5-56b9a39f9d2a/%DA%A9%D9%88%D8%AF-%D9%85%D9%88%D9%86%D9%88%D8%A7%D9%85%D9%88%D9%86%DB%8C%D9%88%D9%85-%D9%81%D8%B3%D9%81%D8%A7%D8%AA-61-12-%D9%81%D9%84%D9%88%D8%B1%DB%8C%D8%B4-10-%DA%A9%DB%8C%D9%84%D9%88/,کود مونوامونیوم فسفات (61-12) فلوریش 10 کیلو,,1870000,187000.0,10,,True,2025-07-22 16:55:40,2025-07-27 17:14:22
https://torob.com/p/bc0d3d74-420f-47ec-bbfc-f42e60640994/%D8%B1%DB%8C%D8%B2-%D9%85%D8%BA%D8%B0%DB%8C-%D8%B3%D9%88%D8%B1%DB%8C%D9%86-%D8%A7%DA%A9%D8%B3%DB%8C%D8%B1-micromix-fertilizer/,ریز مغذی سورین اکسیر (MicroMix Fertilizer),,490000,nan,,,True,2025-07-22 16:55:40,2025-07-22 16:55:40
https://torob.com/p/9fb70fc5-9496-43e4-8946-9ac1f84acb40/%DA%A9%D9%88%D8%AF-%D8%A7%D8%AF%D9%88%D9%86%D8%B3-%D8%A8%DB%8C52-b52/,کود ادونس بی52 - B52,,5880000,nan,,,True,2025-07-22 16:55:41,2025-07-27 17:07:12
https://torob.com/p/f9047103-11f5-44df-a2dc-d252b4ddd534/%D9%BE%D8%B1%D9%84%DB%8C%D8%AA-15-%D9%84%DB%8C%D8%AA%D8%B1%DB%8C/,پرلیت 15 لیتری,,90000,6000.0,15,,True,2025-07-22 16:55:42,2025-07-22 16:55:42
https://torob.com/p/b39975dc-0d54-4765-980b-57eb416fff7c/%DA%A9%D9%88%D8%AF-%D9%81%D8%B3%D9%81%D8%B1-%D8%A8%D8%A7%D9%84%D8%A7-nutrivest/,کود فسفر بالا NUTRIVEST,,3118000,nan,,,True,2025-07-22 16:55:43,2025-07-22 16:55:43
https://torob.com/p/a31eefeb-7670-48d8-8487-d6dd73d9ab06/%D9%87%D9%88%D8%B1%D9%85%D9%88%D9%86-%D8%B1%DB%8C%D8%B4%D9%87-%D8%B2%D8%A7%D8%B1-%D8%B1%D9%88%D8%AA-%D8%AA%D8%A7%D8%B1%D8%A7-%D8%A7%D8%B3%D9%BE%D8%A7%D9%86%DB%8C%D8%A7%DB%8C%DB%8C-%D8%AA%D8%B1%DB%8C-%D8%A7%DB%8C%D9%86%D8%AF%D9%88%D9%84-%D8%A8%D9%88%D8%AA%DB%8C%D8%B1%DB%8C%DA%A9-%D8%A7%D8%B3%DB%8C%D8%AF-20-%DA%AF%D8%B1%D9%85%DB%8C/,هورمون ریشه زار روت تارا اسپانیائی (تری ایندول بوتیریک اسید) 20 گرمی,,137000,nan,,,True,2025-07-22 16:55:44,2025-07-27 17:14:25
https://torob.com/p/2c8ac6fa-fef1-4f5b-b834-736bf5387a2d/%DA%A9%D9%88%D8%AF-%DA%A9%D9%84%D8%B3%DB%8C%D9%85-%D9%88-%D8%A8%D9%88%D8%B1-%D8%B3%D9%BE%D9%87%D8%B15/,کود کلسیم و بور (سپهر۵),,290000,nan,,,True,2025-07-22 16:55:45,2025-07-27 17:07:19
https://torob.com/p/0179c6a2-395d-4cbd-91d2-06cad3fe3cf1/%DA%A9%D9%88%D8%AF-%D9%85%D8%A7%DB%8C%D8%B9-%D8%B1%DB%8C%D8%B4%D9%87-%D8%B2%D8%A7-%D8%A8%DB%8C%D9%88%D8%B1%D8%A7%D8%AF%DB%8C%DA%A9%D8%A7%D9%86%D8%AA-%D8%AD%D8%AC%D9%85-1-%D9%84%DB%8C%D8%AA%D8%B1/,کود مایع ریشه زا بیورادیکانت حجم 1 لیتر,,1620000,1620000.0,1,,True,2025-07-22 16:55:46,2025-07-27 17:02:47
https://torob.com/p/93468c16-d0fe-47b1-815c-6edfa5abf38a/%DA%AF%D9%84%D8%A7%DB%8C%D9%81%D9%88%D8%B2%DB%8C%D8%AA-%D8%B1%D8%A7%D9%86%D8%AF%D8%A7%D9%BE-41/,گلایفوزیت(رانداپ)41%,,435500,nan,,,True,2025-07-22 16:55:47,2025-07-22 16:55:47
https://torob.com/p/ed2800d3-be7e-44b3-a210-3b7240f3dc0b/%DA%AF%D9%88%DA%AF%D8%B1%D8%AF-%D9%85%D8%B9%D8%AF%D9%86%DB%8C-%D8%BA%D9%86%DB%8C-%D8%B4%D8%AF%D9%87-%D8%A8%D8%A7-%D8%A7%D9%87%D9%86-%D8%AD%D8%A7%D8%B5%D9%84%D8%AE%DB%8C%D8%B2-1-%DA%A9%DB%8C%D9%84%D9%88%DB%8C%DB%8C-%D8%AA%D9%82%D9%88%DB%8C%D8%AA-%DA%A9%D9%86%D9%86%D8%AF%D9%87-%D8%AE%D8%A7%DA%A9-%D9%88-%D9%85%D8%AD%D8%B1%DA%A9-%D8%B1%D8%B4%D8%AF-%DA%AF%DB%8C%D8%A7%D9%87%D8%A7%D9%86/,گوگرد معدنی غنی‌شده با آهن حاصلخیز 1 کیلویی – تقویت کننده خاک و محرک رشد گیاهان,,80000,80000.0,1,,True,2025-07-22 16:55:48,2025-07-22 16:55:48
https://torob.com/p/ad2994a4-1451-4d18-b932-f865200de670/%D9%88%D8%B1%D9%85%DB%8C-%DA%A9%D9%88%D9%84%DB%8C%D8%AA-%D8%A8%D8%A7%D8%BA%D8%A8%D8%A7%D9%86-4-%DA%A9%DB%8C%D9%84%D9%88%DB%8C%DB%8C/,ورمی کولیت باغبان 4 کیلویی,,400000,100000.0,4,,True,2025-07-22 16:55:48,2025-07-22 16:55:48
https://torob.com/p/df6953d9-7123-40d6-b71a-10989a74a068/%D9%87%D9%88%D8%B1%D9%85%D9%88%D9%86-%D8%B1%DB%8C%D8%B4%D9%87-%D8%B2%D8%A7%DB%8C%DB%8C-%D8%B1%D9%88%D8%AA%D9%88%D9%86%DA%A9%D8%B3-%D8%A8%D9%86%D9%81%D8%B4/,هورمون ریشه زایی روتونکس بنفش,,990000,nan,,,True,2025-07-22 16:55:49,2025-07-27 17:14:51
https://torob.com/p/10fb4daa-65ac-4d44-b74c-655eafa63775/%DA%A9%D9%88%D8%AF-%DA%A9%D8%A7%D9%84%D8%A7%D9%81%D9%88%D8%B3-%D9%85%D9%88%D9%86%D9%88-%D9%BE%D8%AA%D8%A7%D8%B3%DB%8C%D9%85-%D9%81%D8%B3%D9%81%D8%A7%D8%AA-%D8%A7%D9%86%D9%88%D8%B1%D9%84-%D8%A8%D9%84%DA%98%DB%8C%DA%A9/,کود کالافوس (مونو پتاسیم فسفات) آنورل بلژیک,,7250000,nan,,,True,2025-07-22 16:55:50,2025-07-22 16:55:50
https://torob.com/p/cf7597e9-7c18-4522-9774-a0a823e6053e/%D8%AE%D8%B1%DB%8C%D8%AF-%DA%A9%D9%88%D8%AF-%D8%A7%D9%85%DB%8C%D9%86%D9%88-%D8%A7%D8%B3%DB%8C%D8%AF-gfamino-1/,خرید کود آمینو اسید GFAMINO 1,,725000,nan,,,True,2025-07-22 16:55:51,2025-07-22 16:55:51
https://torob.com/p/72d8bffb-3adb-4f0c-a3ac-2677226ac6bb/%DA%A9%D9%88%D8%AF-%D8%AC%D9%84%D8%A8%DA%A9-%D8%AF%D8%B1%DB%8C%D8%A7%DB%8C%DB%8C-%D9%BE%D9%88%D8%AF%D8%B1-%D8%AD%D8%A7%D8%B5%D9%84%D8%AE%DB%8C%D8%B2-70-%DA%AF%D8%B1%D9%85%DB%8C-%D8%A8%D8%A7-%D9%81%D9%86%D8%A7%D9%88%D8%B1%DB%8C-x-green/,کود جلبک دریایی پودر حاصلخیز 70 گرمی با فناوری X-green,,120000,nan,,,True,2025-07-22 16:55:52,2025-07-27 17:08:53
https://torob.com/p/5f8b6a99-15a7-450a-acad-92bbd2b95c97/%DA%A9%D9%88%D8%AF-%D8%A7%D9%85%DB%8C%D9%86%D9%88-%D8%A7%D8%B3%DB%8C%D8%AFgf-%DA%AF%D8%B1%D9%85%DB%8C-25/,کود امینو اسیدGf گرمی 25,,30000,nan,,,True,2025-07-22 16:55:53,2025-07-22 16:55:53
https://torob.com/p/7b944f1d-0d93-4f8b-9698-66e76d8e6984/%D9%87%D9%88%D8%B1%D9%85%D9%88%D9%86-%D8%B1%DB%8C%D8%B4%D9%87-%D8%B2%D8%A7/,هورمون ریشه زا,,120000,nan,,,True,2025-07-22 16:55:54,2025-07-22 16:55:54
https://torob.com/p/1c6b0e36-1c61-4a2e-b9d4-86e61ddcc875/%DA%A9%D9%88%D8%AF-%D9%BE%D9%84%D9%88%D9%86%D9%88%DB%8C%D8%AA-%DA%98%D9%84-20-20-20-%D8%A7%DB%8C%D9%86%D8%AA%D8%B1%D9%85%DA%AF/,کود پلونویت ژل 20-20-20 اینترمگ,,756000,nan,,,True,2025-07-22 16:55:55,2025-07-27 17:13:29
https://torob.com/p/5f11d621-c2ca-4b6b-b23d-1bf9c9574ce6/%DA%A9%D9%88%D8%AF-%D9%85%DB%8C%DA%A9%D8%B1%D9%88-%D9%85%D8%B9%D8%AF%D9%86%DB%8C-%D8%A8%D9%87%D8%A7%D8%B1%D8%A7%D9%86-%D9%86%D9%88%D8%B9-a/,کود میکرو معدنی بهاران نوع A,,600000,nan,,,True,2025-07-22 16:55:56,2025-07-27 17:15:39
https://torob.com/p/0d58b9c6-1c77-46b9-8e9a-81ae0aa43e2d/%D8%B3%D9%88%D9%BE%D8%B1-%DA%A9%D9%88%D8%AF-%D8%AA%D9%82%D9%88%DB%8C%D8%AA-%DA%AF%D9%84%D8%AF%D9%87%DB%8C-n10-p30-k20-%D9%81%D8%B1%D9%85%D9%88%D9%84-%DB%8C%DA%A9/,سوپر کود تقویت گلدهی N10 P30 K20 فرمول یک,,81000,nan,,,True,2025-07-22 16:55:57,2025-07-22 16:55:57
https://torob.com/p/ea212f1e-741e-4636-b3c7-4f47e6408ee8/%D9%85%D8%B4%D8%AE%D8%B5%D8%A7%D8%AA-%DA%A9%D9%84%DB%8C-%D9%85%D8%AD%D8%B5%D9%88%D9%84-%D9%86%D8%A7%D9%85-%D9%85%D8%AD%D8%B5%D9%88%D9%84-%D9%85%D8%A7%D9%86%DA%A9%D9%88%D8%B2%D8%A8-mancozeb-%D8%AD%D8%AC%D9%85-%D9%88%D8%B2%D9%86-500-%DA%AF%D8%B1%D9%85-%D9%86%D9%88%D8%B9-%D9%85%D8%AD%D8%B5%D9%88%D9%84-%D9%82%D8%A7%D8%B1%DA%86-%DA%A9%D8%B4-%D8%AA%D9%85%D8%A7%D8%B3%DB%8C-%D8%A8%D8%A7-%D8%B7%DB%8C%D9%81-%D8%A7%D8%AB%D8%B1-%DA%AF%D8%B3%D8%AA%D8%B1%D8%AF%D9%87-%D9%85%D9%86%D8%A7%D8%B3%D8%A8-%D8%A8%D8%B1%D8%A7%DB%8C-%DA%AF%DB%8C%D8%A7%D9%87%D8%A7%D9%86-%D8%B2%D8%B1%D8%A7%D8%B9%DB%8C-%D8%AF%D8%B1%D8%AE%D8%AA%D8%A7%D9%86-%D9%85%DB%8C%D9%88%D9%87-%DA%AF%DB%8C%D8%A7%D9%87%D8%A7%D9%86-%D8%B2%DB%8C%D9%86%D8%AA%DB%8C-%D8%A7%D9%BE%D8%A7%D8%B1%D8%AA%D9%85%D8%A7%D9%86%DB%8C-%D9%88-%DA%A9%D8%A7%DA%A9%D8%AA%D9%88%D8%B3-%D9%87%D8%A7-%DA%A9%D8%B4%D9%88%D8%B1-%D8%AA%D9%88%D9%84%DB%8C%D8%AF%DA%A9%D9%86%D9%86%D8%AF%D9%87-%D8%A7%DB%8C%D8%B1%D8%A7%D9%86-%D9%85%D8%A7%D8%AF%D9%87-%D9%85%D9%88%D8%AB%D8%B1-%D8%AA%D8%B1%DA%A9%DB%8C%D8%A8-%D8%A7%D8%AA%DB%8C%D9%84%D9%86-%D8%A8%DB%8C%D8%B3-%D8%AF%DB%8C-%D8%AA%DB%8C%D9%88%DA%A9%D8%A7%D8%B1%D8%A8%D8%A7%D9%85%D8%A7%D8%AA-%D9%85%D9%86%DA%AF%D9%86%D8%B2-%D9%88-%D8%B1%D9%88%DB%8C-ethylene-bis-dithiocarbamate-manganese-zinc-complex/,مشخصات کلی محصول: نام محصول: مانکوزب (Mancozeb) حجم/وزن: 500 گرم نوع محصول: قارچ‌کش تماسی با طیف اثر گسترده مناسب برای: گیاهان زراعی، درختان میوه، گیاهان زینتی، آپارتمانی و کاکتوس‌ها کشور تولیدکننده: ایران ماده مؤثر: ترکیب اتیلن‌ بیس‌ دی‌تیوکاربامات منگنز و روی (Ethylene bis(dithiocarbamate) manganese zinc complex),,390000,nan,,,True,2025-07-22 16:55:57,2025-07-22 16:55:57
https://torob.com/p/2caf287e-ef27-446f-93d5-a14e74c0158d/%D9%81%D8%B3%D9%81%DB%8C%D8%AA-%D9%BE%D8%AA%D8%A7%D8%B3%DB%8C%D9%85-%D8%A7%D8%B3%D9%BE%D8%A7%D9%86%DB%8C%D8%A7-1-%D9%84%DB%8C%D8%AA%D8%B1%DB%8C-%D8%A7%D8%B1%D8%AA%D8%A7%DA%AF%D8%B1%D9%88/,فسفیت پتاسیم اسپانیا 1 لیتری آرتاگرو,,782800,782800.0,1,,True,2025-07-22 16:55:58,2025-07-22 16:55:58
https://torob.com/p/43c7c445-9abe-4b44-81c6-9d839fedaf98/%D8%A8%D8%A7%DA%A9%D8%AA%D9%88%D9%84%D9%86%D8%AF-%D9%BE%D8%B3%D8%AA%D9%87/,باکتـولند پســته,,2298000,nan,,,True,2025-07-22 16:55:59,2025-07-22 16:55:59
https://torob.com/p/e235a5b7-68c9-43da-9d27-0acbb585c413/%D8%B9%D9%84%D9%81-%DA%A9%D8%B4-%D8%A7%DA%AF%D8%B2%D8%A7%D8%AF%DB%8C%D8%A7%D8%B2%D9%88%D9%86-12-%D8%A7%D9%85%D9%88%D9%84%D8%B3%DB%8C%D9%88%D9%86-%D9%85%D8%B4%DA%A9%D9%81%D8%A7%D9%85/,علف کش اگزادیازون 12% امولسیون مشکفام,,600000,nan,,,True,2025-07-22 16:56:00,2025-07-22 16:56:00
https://torob.com/p/57846705-9e62-4817-a570-52b9d4a8bf36/%DA%A9%D9%88%D8%AF-%D8%AC%D8%A7%D9%85%D8%AF-%D8%A7%D9%84%D8%AA%D8%B1%D8%A7-%D9%81%D9%84%D9%88%D8%B1%DB%8C%D8%B4-%D9%85%D8%AE%D8%B5%D9%88%D8%B5-%DA%AF%D9%86%D8%AF%D9%85-%D9%88-%D8%AC%D9%88-%DB%8C%DA%A9-%DA%A9%DB%8C%D9%84%D9%88%DB%8C%DB%8C/,کود جامد آلترا فلوریش مخصوص گندم و جو یک کیلویی,,334000,nan,,,True,2025-07-22 16:56:01,2025-07-22 16:56:01
https://torob.com/p/c1a59681-b972-4c71-949c-08ca8c0c20a3/%D9%88%DA%A9%D9%88%D8%B2%DB%8C%D9%85-%DA%AF%D8%B1%D8%A7%D9%86%D9%88%D9%84/,وکوزیم گرانول,,1180000,nan,,,True,2025-07-22 16:56:02,2025-07-22 16:56:02
https://torob.com/p/8f6632dc-3266-49cf-84d3-f611be71528d/%D9%82%D8%A7%D8%B1%DA%86-%DA%A9%D8%B4-%D9%81%D9%88%D8%B2%D8%AA%DB%8C%D9%84-%D8%A7%D9%84%D9%88%D9%85%DB%8C%D9%86%DB%8C%D9%88%D9%85-%D9%85%D9%84%DB%8C-%D8%B4%DB%8C%D9%85%DB%8C-%DA%A9%D8%B4%D8%A7%D9%88%D8%B1%D8%B2-%D9%85%D8%AF%D9%84-%D8%A7%D9%84%DB%8C%D8%AA-%D9%88%D8%B2%D9%86-500-%DA%AF%D8%B1%D9%85/,قارچ کش فوزتیل آلومینیوم ملی شیمی کشاورز مدل الیت وزن 500 گرم,,620000,nan,,,True,2025-07-22 16:56:03,2025-07-27 17:07:31
https://torob.com/p/3ec9a092-d5ab-461b-be83-8519b336572e/%D9%81%D8%B1%D9%85%D9%88%D9%86-%DA%A9%D8%B1%D9%85-%D8%BA%D9%88%D8%B2%D9%87-%D9%BE%D9%86%D8%A8%D9%87-%D8%B7%D8%A8%DB%8C%D8%B9%D8%AA-%D8%AF%D9%88%D8%B3%D8%AA-%D9%86%DB%8C%DA%A9%D8%A7%D9%86/,فرمون کرم غوزه پنبه، طبیعت دوست نیکان,,75000,nan,,,True,2025-07-22 16:56:04,2025-07-27 17:08:39
https://torob.com/p/7f63d149-2681-4360-a454-ca66ebb92a18/%DA%A9%D9%88%D8%AF-%D9%BE%D8%AA%D8%A7%D8%B3-%D9%85%D8%A7%DB%8C%D8%B9-%DB%8C%D8%A7%D8%B1%D8%A7%D9%88%DB%8C%D8%AA%D8%A7/,کود پتاس مایع یاراویتا,,657780,nan,,,True,2025-07-22 16:56:05,2025-07-27 17:11:10
https://torob.com/p/a8b25d1c-2fff-47d2-bc6e-bbc7149ea53a/%D9%BE%DA%A9-%DA%A9%D9%88%D8%AF-%DA%A9%D8%A7%DA%A9%D8%AA%D9%88%D8%B3-%DA%AF%D9%84-%D9%85%D9%86-%D9%88-%D8%AA%D9%88-%D8%AA%D8%B6%D9%85%DB%8C%D9%86%DB%8C-%D8%AA%D9%82%D9%88%DB%8C%D8%AA-%D9%88-%D8%B1%D9%81%D8%B9-%D8%A8%DB%8C%D9%85%D8%A7%D8%B1%DB%8C-%2B-%D9%87%D8%AF%DB%8C%D9%87/,پک کود کاکتوس گل من و تو تضمینی (تقویت و رفع بیماری) + هدیه,,155000,nan,,,True,2025-07-22 16:56:05,2025-07-22 16:56:05
https://torob.com/p/759ed624-00fe-4a9d-b455-ce3bf5db3bff/%DA%A9%D9%88%D8%AF-%D9%85%DB%8C%DA%A9%D8%B1%D9%88-%D9%BE%D9%84%D8%A7%D8%B3-%D8%A7%D9%88%D9%84%D8%AA%D8%B1%D8%A7-%D8%A7%DB%8C%D9%86%D8%AA%D8%B1%D9%85%DA%AF/,کود میکرو پلاس اولترا اینترمگ,,733000,nan,,,True,2025-07-22 16:56:06,2025-07-27 16:59:06
https://torob.com/p/788a7225-bf75-4e51-a751-3e38578d7cb9/%DA%A9%D9%88%D8%AF-%D9%87%DB%8C%D9%88%D9%85%DB%8C%DA%A9-%D8%A7%D8%B3%DB%8C%D8%AF-%D9%BE%D8%B1%DA%A9-60-%D8%B1%DB%8C%D8%B4%D9%87-%D8%B2%D8%A7%DB%8C-%D9%88%D9%BE%D8%B1%D9%88%D9%81%D8%B1%D8%AA-%D9%87%D9%84%D9%86%D8%AF-1-%DA%A9%DB%8C%D9%84%D9%88%DB%8C%DB%8C/,کود هیومیک اسید پرک ۶۰% ریشه زای وپروفرت هلند ۱ کیلویی,,730000,730000.0,1,,True,2025-07-22 16:56:07,2025-07-27 17:15:10
https://torob.com/p/9820af37-f014-4dee-84c7-06067f7c85cd/%D8%B9%D9%84%D9%81-%DA%A9%D8%B4-%D8%AA%D9%88%D9%81%D9%88%D8%B1%D8%AF%DB%8C-%D8%A7%D9%85-%D8%B3%DB%8C-%D9%BE%DB%8C-%D8%A7-%D9%81%D8%A7%D8%B1%D8%A7%D8%AF-%DB%8C%DA%A9-%D9%84%DB%8C%D8%AA%D8%B1%DB%8C/,علف کش توفوردی ام سی پی آ فاراد یک لیتری,,420000,nan,,,True,2025-07-22 16:56:08,2025-07-27 17:06:32
https://torob.com/p/70a4d708-3888-477f-99a1-9aa5100f78d7/%DA%A9%D9%88%D8%AF-%D8%A7%D9%87%D9%86-%D9%81%D8%AA%D9%88%D9%84%D8%A7%DB%8C%D9%81/,کود آهن فتولایف,,1344000,nan,,,True,2025-07-22 16:56:09,2025-07-22 16:56:09
https://torob.com/p/79eef385-4bd2-45fd-890f-cd524a2240ea/%DA%A9%D9%88%D8%AF-%D9%BE%D8%AA%D8%A7%D8%B3-%D8%A8%D8%A7%D9%84%D8%A7/,کود پتاس بالا,,315000,nan,,,True,2025-07-22 16:56:10,2025-07-27 17:06:16
https://torob.com/p/e5ee4912-a35d-4745-afa7-9af6ff8204e2/%DA%A9%D9%88%D8%AF-%D9%BE%D9%84%DB%8C-%D9%85%DB%8C%DA%A9%D8%B3-202020-%D8%A7%D9%86%D9%88%D8%B1%D9%84-%D8%A8%D9%84%DA%98%DB%8C%DA%A9/,کود پلی میکس 202020 آنورل بلژیک,,6250000,nan,,,True,2025-07-22 16:56:11,2025-07-22 16:56:11
https://torob.com/p/7e1abce5-1d20-45cb-bdbb-26ed6a812f61/%DA%A9%D9%88%D8%AF-%DA%A9%D8%A7%D9%85%D9%84-%D9%81%D8%B3%D9%81%D8%B1-%D8%A8%D8%A7%D9%84%D8%A7-10-52-10-%D8%B2%D8%A7%DB%8C%D8%B2-%D8%A7%D9%86%DA%AF%D9%84%D8%B3%D8%AA%D8%A7%D9%86/,کود کامل فسفر بالا 10-52-10 زایز انگلستان,,500000,nan,,,True,2025-07-22 16:56:12,2025-07-22 16:56:12
https://torob.com/p/8b6a6d71-d585-4006-b169-d5fd2ea0ea56/%DA%A9%D9%88%D8%AF-%D9%85%DB%8C%DA%A9%D8%B1%D9%88/,کود میکرو,,800000,nan,,,True,2025-07-22 16:56:13,2025-07-27 16:56:48
https://torob.com/p/a16026c0-5602-46f4-a306-816d1cc2e32b/%DA%A9%D9%88%D8%AF-%D8%AA%D9%82%D9%88%DB%8C%D8%AA%DB%8C-%DA%AF%DB%8C%D8%A7%D9%87-%D8%A8%D8%A7%D9%85%D8%A8%D9%88-%D8%A8%D8%A7%D8%B2%D8%A7%D8%B1-%DA%AF%D9%84-%D9%85%D8%B4%D9%87%D8%AF/,کود تقویتی گیاه بامبو - بازار گل مشهد,,80000,nan,,,True,2025-07-22 16:56:14,2025-07-27 17:08:14
https://torob.com/p/1a98d82d-0522-4034-905e-a4df343629cc/%D8%B3%D9%85-%DA%A9%D9%86%D9%87-%DA%A9%D8%B4-%DA%A9%D8%A7%D9%88%D8%A7%D9%85%DA%A9%D8%AA%DB%8C%D9%86-%DA%A9%D8%A7%D9%88%D8%B4-100-%D8%B3%DB%8C-%D8%B3%DB%8C/,سم کنه کش کاوامکتین کاوش ۱۰۰ سی سی,,70000,nan,,,True,2025-07-22 16:56:15,2025-07-27 17:15:50
https://torob.com/p/1cc35be9-c5c7-4538-805c-e65110fe741d/%D8%AE%D8%A7%DA%A9-%D9%85%D8%AE%D8%B5%D9%88%D8%B5-%DA%AF%D9%84-%D8%A7%D8%B1%DA%A9%DB%8C%D8%AF%D9%87-%D8%A8%D8%A7%D8%BA%D8%A8%D8%A7%D9%86/,خاک مخصوص گل ارکیده باغبان,,150000,nan,,,True,2025-07-22 16:56:16,2025-07-22 16:56:16
https://torob.com/p/a2abd1b2-d741-4f52-bfc0-4f32e15fc8bd/%D8%AE%D8%A7%DA%A9-%D8%B3%D8%A8%DA%A9-%D8%A7%D8%B1%DA%AF%D8%A7%D9%86%DB%8C%DA%A9-%D8%AA%D9%86%D9%87%D8%A7-%D8%AE%D8%A7%DA%A9-%D8%AC%D9%87%D8%AA-%D8%AC%D9%84%D9%88%DA%AF%DB%8C%D8%B1%DB%8C-%D8%A7%D8%B2-%D9%BE%D9%88%D8%B3%DB%8C%D8%AF%DA%AF%DB%8C-%D8%B1%DB%8C%D8%B4%D9%87-%D9%88-%D8%B2%D8%B1%D8%AF%D8%B4%D8%AF%DA%AF%DB%8C-%D8%A8%D8%B1%DA%AF%D9%87%D8%A7%DB%8C-%DA%AF%DB%8C%D8%A7%D9%87%D8%A7%D9%86-%D8%A7%D9%BE%D8%A7%D8%B1%D8%AA%D9%85%D8%A7%D9%86%DB%8C-%D8%B7%D8%A8%DB%8C%D8%B9%D8%AA-%D8%B4%DB%8C%DA%A9-%D8%A8%D8%B3%D8%AA%D9%87-%D9%85%D8%AA%D9%88%D8%B3%D8%B7-2-%DA%A9%DB%8C%D9%84%D9%88-%D9%88-800-%DA%AF%D8%B1%D9%85/,خاک سبک ارگانیک | تنها خاک جهت جلوگیری از پوسیدگی ریشه و زردشدگی برگهای گیاهان آپارتمانی | طبیعت شیک - بسته متوسط 2 کیلو و 800 گرم,,23000,11500.0,2,,True,2025-07-22 16:56:16,2025-07-22 16:56:16
https://torob.com/p/f428700b-7ec8-4318-85da-6b229c8a5748/%D9%85%D9%88%DB%8C%D8%A7%D9%86-%D8%B5%D8%A7%D8%A8%D9%88%D9%86-%D9%85%D8%AD%D9%84%D9%88%D9%84-%D9%BE%D8%A7%D8%B4%DB%8C-%DA%AF%D9%88%DA%AF%D8%B1%D8%AF%DB%8C-4-%D9%84%DB%8C%D8%AA%D8%B1%DB%8C/,مویان (صابون محلول پاشی گوگردی) ۴ لیتری,,500000,125000.0,4,,True,2025-07-22 16:56:17,2025-07-27 17:10:01
https://torob.com/p/4fd480ce-b294-4624-af02-6e891a1775d1/%D9%87%DB%8C%D9%88%D9%85%DB%8C%DA%A9-%D8%A7%D8%B3%DB%8C%D8%AF-%D9%BE%D8%B1%DA%A9/,هیومیک اسید پرک,,420000,nan,,,True,2025-07-22 16:56:18,2025-07-22 16:56:18
https://torob.com/p/8bf35a80-aa2c-4891-8ed5-ba466290c332/znb-%DA%A9%D9%88%D8%AF-%D9%81%D8%B1%D9%88%D8%AA-%D8%B3%D8%AA/,ZN.B کود فروت ست,,720000,nan,,,True,2025-07-22 16:56:19,2025-07-22 16:56:19
https://torob.com/p/72a05ac0-e606-4184-9dc3-a33707053064/%DA%A9%D9%88%D8%AF-10-52-10/,کود 10-52-10,,1970000,nan,,,True,2025-07-22 16:56:20,2025-07-27 17:09:25
https://torob.com/p/3089c989-2896-46bb-9260-0473fa1f30d0/%D9%87%DB%8C%D9%88%D9%85%DB%8C%DA%A9-%D8%A7%D8%B3%DB%8C%D8%AF-%D8%B1%D8%B3%D8%AA%D8%A7%D9%86-%D8%AD%D8%AC%D9%85-5-%D9%84%DB%8C%D8%AA%D8%B1/,هیومیک اسید رستان، حجم ۵ لیتر,,350000,70000.0,5,,True,2025-07-22 16:56:21,2025-07-22 16:56:21
https://torob.com/p/db0f5e78-c980-48d0-a976-d15d3271ffe1/%D8%A7%D9%84%DA%AF%D8%A7%D8%B3%D8%AA%DB%8C%D9%85-%D8%AC%D9%84%D8%A8%DA%A9-%D8%AF%D8%B1%DB%8C%D8%A7%DB%8C%DB%8C-%D9%BE%D9%88%D8%AF%D8%B1%DB%8C/,آلگاستیم جلبک دریایی پودری,,792000,nan,,,True,2025-07-22 16:56:22,2025-07-27 17:10:13
https://torob.com/p/c3b80163-4213-4e1e-b8f1-2e2ef8ce02cc/%D9%87%D9%88%D8%B1%D9%85%D9%88%D9%86-%D8%B1%DB%8C%D8%B4%D9%87-%D8%B2%D8%A7%DB%8C%DB%8C-%D8%B1%D9%88%D8%AA%D9%88%D9%86%DA%A9%D8%B3-%D8%B3%D8%A8%D8%B2/,هورمون ریشه زایی روتونکس سبز,,900000,nan,,,True,2025-07-22 16:56:23,2025-07-22 16:56:23
https://torob.com/p/3bbfd346-7036-4380-90a6-d939d03554c1/%DA%A9%D9%88%D8%AF-%D9%85%DB%8C%DA%A9%D8%B1%D9%88-%D9%85%DB%8C%DA%A9%D8%B3-%D8%A7%DA%AF%D8%B1%D9%88%D9%81%D8%B1/,کود میکرو میکس اگروفر,,2633000,nan,,,True,2025-07-22 16:56:24,2025-07-27 17:15:26
https://torob.com/p/c1f06c3f-468d-42e9-adae-273696192ad3/%D8%A7%DA%AF%D8%B1%DB%8C%D9%81%D9%84%DA%A9%D8%B3-%D8%B3%DB%8C%D9%86%D8%AC%DB%8C%D9%86%D8%AA%D8%A7/,اگریفلکس سینجینتا,,1749000,nan,,,True,2025-07-22 16:56:25,2025-07-22 16:56:25
https://torob.com/p/c3b72123-601d-418e-bc90-c33b7ffdb14b/%DA%A9%D9%88%D8%AF-%D8%A7%D9%85%DB%8C%D9%86%D9%88-%D8%A7%D8%B3%DB%8C%D8%AF-80-%D8%AF%D8%B1%D8%B5%D8%AF-%D8%B2%D8%A7%DB%8C%D8%B2-%D8%A7%D9%86%DA%AF%D9%84%D8%B3%D8%AA%D8%A7%D9%86/,کود آمینو اسید 80 درصد زایز انگلستان,,870000,nan,,,True,2025-07-22 16:56:26,2025-07-22 16:56:26
https://torob.com/p/977c0f14-7003-4557-96fb-2a62e19d7b66/%D8%AE%D8%A7%DA%A9-%D9%BE%D9%88%D8%B4%D8%B4%DB%8C-%D8%B1%D9%88%DB%8C%D8%B4/,خاک پوششی رویش,,95000,nan,,,True,2025-07-22 16:56:26,2025-07-27 17:05:14
https://torob.com/p/0660f5f0-8609-4f1b-b408-ab43fcf4174b/%DA%AF%D9%88%DA%AF%D8%B1%D8%AF-80-%D8%AF%D8%B1%D8%B5%D8%AF-%D8%B4%D9%88%DA%A9-%D8%A7%D8%B5%D9%84-%D8%A7%D9%85%D8%B1%DB%8C%DA%A9%D8%A7/,گوگرد ۸۰ درصد شوک اصل آمریکا,,3999000,nan,,,True,2025-07-22 16:56:27,2025-07-22 16:56:27
https://torob.com/p/66ba9b8a-c921-4861-978e-fe95f5a961c5/%DA%A9%D9%88%D8%AF-%D8%B3%D9%87-%D8%A8%DB%8C%D8%B3%D8%AA-%D8%AD%D8%A7%D8%B5%D9%84%D8%AE%DB%8C%D8%B2-1-%DA%A9%DB%8C%D9%84%D9%88%DA%AF%D8%B1%D9%85%DB%8C-%D8%A8%D8%A7-%D9%81%D9%86%D8%A7%D9%88%D8%B1%DB%8C-xgreen/,کود سه بیست حاصلخیز 1 کیلوگرمی با فناوری XGREEN,,500000,500000.0,1,,True,2025-07-22 16:56:28,2025-07-22 16:56:28
https://torob.com/p/b1a62280-6d87-43bb-95e8-32c80009ad4f/%D9%88%D8%B1%D9%85%DB%8C-%DA%A9%D9%85%D9%BE%D9%88%D8%B3%D8%AA-4%D9%84%DB%8C%D8%AA%D8%B1%DB%8C/,ورمی کمپوست ۴لیتری,,85000,21250.0,4,,True,2025-07-22 16:56:29,2025-07-22 16:56:29
https://torob.com/p/c404a362-5d01-4a76-9691-74b126675aec/%DA%A9%D9%88%D8%AF-%D9%87%DB%8C%D9%88%D9%85%DB%8C%DA%A9-%D8%A7%D8%B3%DB%8C%D8%AF-%D9%88-%D9%81%D9%88%D9%84%D9%88%DB%8C%DA%A9-%D8%A7%D8%B3%DB%8C%D8%AF-%D9%BE%D9%88%D8%AF%D8%B1%DB%8C-%D8%AC%D9%86%D9%88%D8%A8%DA%AF%D8%A7%D9%86-%D9%85%D8%AF%D9%84-%D9%87%DB%8C%D9%88%D9%85%DB%8C%D8%B3%D9%88%D9%84-%D9%88%D8%B2%D9%86-1-%DA%A9%DB%8C%D9%84%D9%88%DA%AF%D8%B1%D9%85/,کود هیومیک اسید و فولویک اسید پودری جنوبگان مدل هیومیسول وزن 1 کیلوگرم,,270000,270000.0,1,,True,2025-07-22 16:56:30,2025-07-22 16:56:30
https://torob.com/p/9c0545b7-497a-4cdf-b6ff-35abe1b416f4/%D9%85%D8%A7%DB%8C%D8%B9-%D8%B3%D9%88%D8%B3%DA%A9-%DA%A9%D8%B4-%D8%B4%D9%88-1-%D9%84%DB%8C%D8%AA%D8%B1/,مایع سوسک کش شو 1 لیتر,,48000,48000.0,1,,True,2025-07-22 16:56:31,2025-07-22 16:56:31
https://torob.com/p/7a22721f-fa22-42e9-9ed3-425fe6925318/%D9%85%D9%88%D9%86%D9%88-%D9%BE%D8%AA%D8%A7%D8%B3%DB%8C%D9%85-%D9%81%D8%B3%D9%81%D8%A7%D8%AA-%DA%86%DB%8C%D9%86%DB%8C-25-%DA%A9%DB%8C%D9%84%D9%88%DA%AF%D8%B1%D9%85-monopotassium-phosphate/,مونو پتاسیم فسفات چینی ۲۵ کیلوگرم | Monopotassium phosphate,,7500000,300000.0,25,,True,2025-07-22 16:56:32,2025-07-22 16:56:32
https://torob.com/p/72f48880-905c-42b3-8d94-277fba9983bc/%DA%A9%D9%86%D9%87-%DA%A9%D8%B4-%D9%85%DA%A9%D8%AA%DB%8C%D9%86%D8%A7%D8%B1%DB%8C%D8%A7-%D8%A7%D8%B1%DB%8C%D8%A7-%D8%B4%DB%8C%D9%85%DB%8C-%D8%A7%D8%A8%D8%A7%D9%85%DA%A9%D8%AA%DB%8C%D9%86/,کنه کش مکتیناریا آریا شیمی (آبامکتین ),,59000,nan,,,True,2025-07-22 16:56:33,2025-07-27 17:09:07
https://torob.com/p/30e1889c-7f98-490e-8d65-7256a80963ac/%D8%AC%D9%84%D8%A8%DA%A9-%D8%AF%D8%B1%DB%8C%D8%A7%DB%8C%DB%8C-%D8%AA%D9%82%D9%88%DB%8C%D8%AA-%DA%A9%D9%86%D9%86%D8%AF%D9%87-%D8%B3%D8%A7%DB%8C%D8%B2-%D8%A8%D8%B1%DA%AF-125-%D9%88-500-%D9%85%DB%8C%D9%84%DB%8C-%D9%84%DB%8C%D8%AA%D8%B1-%D9%BE%D8%B1%D9%88%D8%AA%DA%A9%D8%AA-%D9%86%DB%8C%DA%86%D8%B1/,جلبک دریایی تقویت کننده سایز برگ 125 و 500 میلی لیتر پروتکت نیچر,,102000,nan,,,True,2025-07-22 16:56:34,2025-07-22 16:56:34
https://torob.com/p/10e14513-c7c2-46a9-bacb-d90d926f1797/%DA%A9%D9%88%D8%AF-202020-fertigol/,کود 20.20.20 FERTIGOL,,310000,nan,,,True,2025-07-22 16:56:35,2025-07-22 16:56:35
https://torob.com/p/77f7f7ee-5703-48fe-9cd6-981fdaf2ad5a/%D9%82%D8%A7%D8%B1%DA%86-%DA%A9%D8%B4-%D8%AA%D8%A8%D9%88%DA%A9%D9%88%D9%86%D8%A7%D8%B2%D9%88%D9%84-%D8%B1%D8%A7%DA%A9%D8%B3%DB%8C%D9%84-%DA%AF%D9%84-%D8%B3%D9%85/,قارچ کش تبوکونازول(راکسیل) گل سم,,180000,nan,,,True,2025-07-22 16:56:36,2025-07-22 16:56:36
https://torob.com/p/c150883e-b308-424b-9026-2cac2cc713bd/%DA%A9%D9%88%D8%AF-%D8%AA%D9%82%D9%88%DB%8C%D8%AA%DB%8C-%DA%86%D8%A7%D9%84%DA%A9%D9%88%D8%AF-%D9%86%D9%88%D9%88%D8%A7%D9%86%D8%A7%D8%AA-%DA%AF%D8%B1%D8%A7%D9%86%D9%88%D9%84-k%2Bs-%D8%A7%D9%84%D9%85%D8%A7%D9%86-25%DA%A9%DB%8C%D9%84%D9%88%DA%AF%D8%B1%D9%85-%DA%A9%DB%8C%D8%B3%D9%87/,کود تقویتی چالکود نووانات گرانول K+S آلمان 25کیلوگرم کیسه,,3350000,134000.0,25,,True,2025-07-22 16:56:37,2025-07-27 17:15:22
https://torob.com/p/a7a2d19e-cee3-4d00-9e2f-7daeaf62a64d/%DA%A9%D9%88%D8%AF-%D9%85%D8%A7%DB%8C%D8%B9-%D8%B2%D8%B9%D9%81%D8%B1%D8%A7%D9%86-%D9%88-%D9%BE%D8%B3%D8%AA%D9%87-%D8%B2%D8%A7%D9%BE%D8%B3%D8%AA%D9%88-%D9%81%D8%A7%D8%B1%D9%85%D9%88%D9%86%D8%AA%DB%8C-npk-6-6-18-%2Bte-zapesto-20-%D9%84%DB%8C%D8%AA%D8%B1%DB%8C/,کود مایع زعفران و پسته زاپستو فارمونتی NPK 6 6 18 +TE Zapesto - 20 لیتری,,5100000,255000.0,20,,True,2025-07-22 16:56:37,2025-07-22 16:56:37
https://torob.com/p/52908fd8-1b04-4284-8b94-d94abc66f714/%DA%A9%D9%88%D8%AF-%D8%AA%D9%82%D9%88%DB%8C%D8%AA%DB%8C-%D8%A7%D9%87%D9%86-%DA%A9%D9%85%D9%BE%D9%84%D8%B3%D8%A7%D9%84-%D8%A7%DB%8C%D8%B1%D9%88%D9%86-complesal-iron-%D9%BE%D9%88%D8%AF%D8%B1-%D8%A7%DA%AF%D8%B1%DB%8C%DA%A9%D9%85-agrikem-%D8%AA%D8%B1%DA%A9%DB%8C%D9%87-1-%DA%A9%DB%8C%D9%84%D9%88-%D8%AC%D8%B9%D8%A8%D9%87/,کود تقویتی آهن کمپلسال آیرون COMPLESAL IRON پودر اگریکم AGRIKEM ترکیه 1 کیلو جعبه,,1088500,1088500.0,1,,True,2025-07-22 16:56:38,2025-07-22 16:56:38
https://torob.com/p/ae23b9b2-917f-4031-8a90-f4466eeb4160/%DA%A9%D9%88%D8%AF-%D9%85%D8%A7%DB%8C%D8%B9-%DB%8C%D9%88%D9%86%D8%A7%D9%84-%D9%86%DB%8C%D8%AA%D8%B1%D9%88%DA%98%D9%86-%D8%A8%D9%87-%D9%87%D9%85%D8%B1%D8%A7%D9%87-%DA%AF%D9%88%DA%AF%D8%B1%D8%AF/,کود مایع یونال ( نیتروژن به همراه گوگرد),,150000,nan,,,True,2025-07-22 16:56:39,2025-07-27 16:59:44
https://torob.com/p/08b03705-f21c-4ce8-a4b9-4166427cd6e7/%DA%A9%D9%88%D8%AF-%D8%A8%D8%A7%D8%BA%DA%86%D9%87-%DA%A9%D8%A7%D9%85%D9%84-%D9%BE%D9%84%D8%AA-%D8%B3%D8%A8%D9%88%D8%B3%DB%8C%D8%A8-1-%DA%A9%DB%8C%D9%84%D9%88%DB%8C%DB%8C/,کود باغچه کامل پلت سبوسیب (1 کیلویی),,264900,264900.0,1,,True,2025-07-22 16:56:40,2025-07-22 16:56:40
https://torob.com/p/9f52cc44-5f56-4d92-86bd-00fa991e6f49/%D9%82%D8%A7%D8%B1%DA%86%DA%A9%D8%B4-%D8%A7%D8%B3%DA%A9%D8%A7%D8%AF%D8%B1%D8%A7%D9%86-%DA%A9%DB%8C%D9%85%DB%8C%D8%A7-%DA%AF%D9%88%D9%87%D8%B1-%D8%AE%D8%A7%DA%A9-%D9%BE%D8%B1%D9%88%D9%BE%D8%A7%D9%85%D9%88%DA%A9%D8%A7%D8%B1%D8%A8/,قارچکش اسکادران کیمیا گوهر خاک ( پروپاموکارب ),,850000,nan,,,True,2025-07-22 16:56:41,2025-07-22 16:56:41
https://torob.com/p/7b9ea459-c4ce-4083-808e-0bb32795e7c8/%DA%AF%D9%88%DA%AF%D8%B1%D8%AF-%D9%85%D8%A7%DB%8C%D8%B9-%D9%BE%D8%AA%D8%A7%D8%B3%D9%87-1-%D9%84%DB%8C%D8%AA%D8%B1%DB%8C-5-%D8%B3%D8%AA%D8%A7%D8%B1%D9%87-%D8%B3%D8%A7%D9%88%D9%87/,گوگرد مایع پتاسه 1 لیتری 5 ستاره ساوه,,240000,240000.0,1,,True,2025-07-22 16:56:42,2025-07-22 16:56:42
https://torob.com/p/ecde0410-b849-4c92-ae2e-592a8ebae72e/%DA%A9%D9%88%D8%AF-%D8%B3%D9%88%D9%84%D9%81%D8%A7%D8%AA-%D9%BE%D8%AA%D8%A7%D8%B3%DB%8C%D9%85-51-0-0-%DA%AF%D8%B1%D9%88%D9%85%D9%88%D8%B1-%D8%A7%D9%85%D8%B1%DB%8C%DA%A9%D8%A7/,کود سولفات پتاسیم 51-0-0 گرومور آمریکا,,500000,nan,,,True,2025-07-22 16:56:43,2025-07-22 16:56:43
https://torob.com/p/21fafebc-df7f-4177-ae42-15fa1dfcde3f/%DA%A9%D9%88%D8%AF-%D8%AD%D8%A7%D9%88%DB%8C-%DA%A9%D9%84%D8%B3%DB%8C%D9%85-%DA%A9%D9%84%D8%A7%D8%AA%D9%87-%D8%B4%D8%AF%D9%87-%D8%A8%D8%A7-%D8%AF%D8%B1%D8%B5%D8%AF-%D8%A8%D8%A7%D9%84%D8%A734%D8%AF%D8%B1%D8%B5%D8%AF/,کود حاوی کلسیم کلاته شده با درصد بالا34درصد,,580000,nan,,,True,2025-07-22 16:56:44,2025-07-27 17:10:41
https://torob.com/p/77d76069-647d-4fca-bec4-f28dd3d25de0/%D8%B1%DB%8C%DA%A9%D9%88%D9%85%DB%8C%DA%A9-%D9%85%DB%8C%DA%A9%D8%B3-464/,ریکومیک میکس ۴۶۴,,499000,nan,,,True,2025-07-22 16:56:45,2025-07-27 17:11:09
https://torob.com/p/e7d8b9cd-95df-4e6a-95f4-6438b9045753/%DA%A9%D9%88%D8%AF-%DA%A9%D8%A7%D9%85%D9%84-40-5-5-%D9%87%D9%88%D8%B1%D8%AA%DB%8C-%DA%AF%D8%B1%D9%88-2-%DA%A9%DB%8C%D9%84%D9%88%DB%8C%DB%8C/,كود کامل ۴۰-۵-۵ هورتی گرو ۲ کیلویی,,685000,342500.0,2,,True,2025-07-22 16:56:46,2025-07-27 17:00:28
https://torob.com/p/37687178-0029-4aad-a276-2975dace78af/%DA%A9%D9%88%D8%AF-%D9%87%DB%8C%D9%88%D9%85%DB%8C%DA%A9-%D8%A7%D8%B3%DB%8C%D8%AF-20-%D9%84%DB%8C%D8%AA%D8%B1%DB%8C-%DA%86%D9%88%DA%A9%D8%A7-%DA%A9%D9%88%D8%AF/,کود هیومیک اسید 20 لیتری چوکا کود,,5500000,275000.0,20,,True,2025-07-22 16:56:47,2025-07-22 16:56:47
https://torob.com/p/58144319-6f68-4958-bbe1-ffca0a4d4108/%DA%A9%D9%88%D8%AF-%D9%81%D8%B1%D9%88%D8%AA-%D8%B3%D8%AA-%D9%85%D8%A7%DB%8C%D8%B9-%DB%8C%DA%A9-%D8%B2%DB%8C%D8%B3%D8%AA-%D9%81%D9%86%D8%A7%D9%88%D8%B1/,کود فروت ست مایع یک زیست فناور,,300300,nan,,,True,2025-07-22 16:56:48,2025-07-22 16:56:48
https://torob.com/p/f4856dc4-291e-41d8-9e9e-b087f0587a58/%D8%AE%D8%A7%DA%A9-%D8%B2%D8%A7%D9%85%D9%88%D9%81%DB%8C%D9%84%DB%8C%D8%A7-%D8%A7%DA%AF%D9%86%D8%B3-%D8%AD%D8%AC%D9%85-35-%D9%84%DB%8C%D8%AA%D8%B1/,خاک زاموفیلیا آگنس حجم 3.5 لیتر,,125000,25000.0,5,,True,2025-07-22 16:56:49,2025-07-22 16:56:49
https://torob.com/p/bcf958ea-7783-47d4-8352-a68bb41933bc/%DA%A9%D9%88%D8%AF-%D9%BE%D8%B1%D9%88-%D8%B3%DB%8C%D9%84%DB%8C%DA%A9%D8%A7%D8%AA-%DA%AF%D8%B1%D9%88%D8%AA%DA%A9-%D9%86%DB%8C%D9%85-%D9%84%DB%8C%D8%AA%D8%B1%DB%8C-pro-silicate-500ml/,کود پرو سیلیکات گروتک نیم لیتری pro silicate 500ml,,1228500,nan,,,True,2025-07-22 16:56:50,2025-07-22 16:56:50
https://torob.com/p/17a79eb0-7ad6-4ed0-938c-62e5101b27c7/%D9%85%D8%AA%D8%A7%D9%84%D8%A7%DA%A9%D8%B3%DB%8C%D9%84-%2B-%D9%85%D8%A7%D9%86%DA%A9%D9%88%D8%B2%D8%A8-%D8%B1%D8%B2%D8%A7%D9%84%D8%A7%DA%A9%D8%B3%DB%8C%D9%84-%D9%85%D9%87%D8%A7%D9%86/,متالاکسیل + مانکوزب (رزالاکسیل)مهان,,670000,nan,,,True,2025-07-22 16:56:51,2025-07-22 16:56:51
https://torob.com/p/f56b651d-ef60-4e8a-9c17-dc60126982b2/%D9%82%D8%A7%D8%B1%DA%86-%DA%A9%D8%B4-%DA%A9%D8%A7%D9%BE%D8%AA%D8%A7%D9%86/,قارچ کش کاپتان,,70000,nan,,,True,2025-07-22 16:56:51,2025-07-27 17:01:08
https://torob.com/p/d60d768a-6890-451c-bd9e-a07e811b80fc/%D8%AC%D9%84%D8%A8%DA%A9-%D8%A7%D8%B3%D8%AA%DB%8C%D9%85%D9%BE%D9%84%DA%A9%D8%B3/,جلبک استیمپلکس,,850000,nan,,,True,2025-07-22 16:56:52,2025-07-22 16:56:52
https://torob.com/p/fc3d29f6-6b8b-455f-9046-b99654a6888b/%DA%A9%D9%88%D8%AF-%D8%A7%D8%B3%DB%8C%D8%AF-%D9%87%DB%8C%D9%88%D9%85%DB%8C%DA%A9-55-%D8%A7%DA%AF%D8%B1%D9%88%D9%81%D8%B1/,کود اسید هیومیک 55% آگروفر,,397000,nan,,,True,2025-07-22 16:56:53,2025-07-27 17:09:18
https://torob.com/p/26273a83-b3a5-410d-88e4-fdba45b248b6/%DA%A9%D9%88%D8%AF-%D8%B4%D9%88%DA%A9-%D8%B1%DB%8C%D8%B4%D9%87-%D8%B2%D8%A7%DB%8C%DB%8C-1963/,کود شوک ریشه زایی 19.63,,3520000,nan,,,True,2025-07-22 16:56:54,2025-07-27 17:09:48
https://torob.com/p/41d6d5d1-c874-493b-aaf1-47ed789442e2/%D9%87%D9%88%D8%B1%D9%85%D9%88%D9%86-%D8%B1%DB%8C%D8%B4%D9%87-%D8%B2%D8%A7%DB%8C%DB%8C-1-%D8%B1%D8%A7%DB%8C%D8%B2%D9%88%D9%BE%D9%88%D9%86-%D9%87%D9%84%D9%86%D8%AF/,هورمون ریشه زایی 1% رایزوپون هلند,,140000,nan,,,True,2025-07-22 16:56:55,2025-07-22 16:56:55
https://torob.com/p/f3609f9a-77cf-4f77-b2f8-2fc4d9598105/%DA%A9%D9%88%D8%AF-%2Bk-%D9%BE%D8%AA%D8%A7%D8%B3-%D9%85%D8%A7%DB%8C%D8%B9-40-%D8%AF%D8%B1%D8%B5%D8%AF-%D9%BE%D8%AA%D8%A7%D8%B3/,کود +K پتاس مایع ( 40 درصد پتاس ),,50000,nan,,,True,2025-07-22 16:56:56,2025-07-22 16:56:56
https://torob.com/p/3f03c534-2f80-46a0-894d-4c13c349529b/%D9%84%DB%8C%DA%A9%D8%A7%D9%BE%D9%88%D9%86-%D8%AF%D8%B1-%D8%AD%D8%AC%D9%85-%D8%AF%D9%88-%D9%84%DB%8C%D8%AA%D8%B1%DB%8C/,لیکاپون در حجم دو لیتری,,35000,nan,,,True,2025-07-22 16:56:57,2025-07-22 16:56:57
https://torob.com/p/2cfffaed-0307-48cf-acbf-ccca7c23a4b1/%D9%87%D8%A7%D8%AF%D8%B113%D9%86%D9%88%D8%B91-%DA%A9%D9%88%D8%AF-%DA%A9%D8%A7%D9%85%D9%84-%D9%81%D8%B3%D9%81%D8%B1%D9%87/,هادر13نوع1(کود کامل فسفره),,1010000,nan,,,True,2025-07-22 16:56:58,2025-07-22 16:56:58
https://torob.com/p/e6d0009d-9927-4f45-b241-8c846fdaf2c0/%DA%A9%D9%88%D8%AF-%D8%B1%DB%8C%D8%B4%D9%87-%D8%B2%D8%A7%DB%8C%DB%8C-%D8%B1%DB%8C%DA%98%D9%88-ryzho/,کود ریشه زایی ریژو | Ryzho,,110000,nan,,,True,2025-07-22 16:56:59,2025-07-22 16:56:59
https://torob.com/p/10bf5f21-7812-4bcd-b373-525a737eb75d/%DA%A9%D9%88%D8%AF-%D8%AC%D9%84%D8%A8%DA%A9-%D8%AF%D8%B1%DB%8C%D8%A7%DB%8C%DB%8C/,کود جلبک دریایی,,75000,nan,,,True,2025-07-22 16:57:00,2025-07-22 16:57:00
https://torob.com/p/5e7a0fad-48fa-43c1-8582-85c641a4e4dd/%DA%A9%D9%88%D8%AF-%DA%A9%D8%A7%D9%85%D9%84-%D9%85%D8%A7%DB%8C%D8%B9-%D8%A7%DB%8C%DA%A9%D8%B3-%DA%AF%D8%B1%DB%8C%D9%86-%D9%81%DB%8C%D9%86%DB%8C%D8%B4250%D8%B3%DB%8C-%D8%B3%DB%8C25-25-25/,کود کامل مایع ایکس گرین فینیش250سی سی25-25-25,,180000,nan,,,True,2025-07-22 16:57:01,2025-07-22 16:57:01
https://torob.com/p/e83c0709-e50d-4130-85c5-72104d979131/%D8%A7%D9%86-%D9%BE-%DA%A9%D8%A7-40-10-10-%D9%85%D8%B3%D8%AA%D8%B1-%DA%A9%D8%AF/,ان پ کا 40 10 10 مستر کد,,3600000,nan,,,True,2025-07-22 16:57:02,2025-07-22 16:57:02
https://torob.com/p/3a11a2a6-941f-4dff-95ac-cb7f2c258f1c/%DA%A9%D9%88%D8%AF-%D8%A8%DB%8C-52-b52-%D8%A7%D8%AF%D9%88%D9%86%D8%B3/,کود بی 52 (B52) ادونس,,26100000,nan,,,True,2025-07-22 16:57:03,2025-07-22 16:57:03
https://torob.com/p/c5c929a6-7ec7-40be-ac4f-ab59681ce708/%D8%AE%D8%A7%DA%A9-%D8%A7%D8%B1%DA%A9%DB%8C%D8%AF%D9%87-%D8%A8%D8%A7%D8%BA%D8%A8%D8%A7%D9%86/,خاک ارکیده باغبان,,139500,nan,,,True,2025-07-22 16:57:04,2025-07-22 16:57:04
https://torob.com/p/7e70b62e-2c70-41e7-a43a-57cbbf1ddf0e/%DA%A9%D9%88%D8%AF-%D9%85%DB%8C%DA%A9%D8%B1%D9%88-%D9%85%D8%B9%D8%AF%D9%86%DB%8C-%DA%A9%D9%86%D8%AC%D8%A7%D9%84%D9%87-%D8%B3%D8%A7%D8%B2-%D8%A8%D8%A7-%D9%85%D8%B3-10-%DA%A9%DB%8C%D9%84%D9%88%DB%8C%DB%8C/,کود میکرو معدنی کنجاله ساز با مس (۱۰ کیلویی),,875000,87500.0,10,,True,2025-07-22 16:57:05,2025-07-22 16:57:05
https://torob.com/p/07b0d978-e5e8-4c61-a2a4-e97d0433b02c/%DA%A9%D9%88%D8%AF-%D8%A7%D8%B1%DA%AF%D9%88%D9%81%D9%88%D9%84%DB%8C%DA%A9-%D8%A7%DA%AF%D8%B1%DB%8C-%D9%BE%D9%84%DA%A9%D8%B3-4-%DA%AF%D8%A7%D9%84%D9%86-5-%D9%84%DB%8C%D8%AA%D8%B1%DB%8C/,کود ارگوفولیک اگری پلکس- 4 گالن 5 لیتری,,900000,180000.0,5,,True,2025-07-22 16:57:06,2025-07-22 16:57:06
https://torob.com/p/60136414-78d7-4b00-838a-83de7333ba2f/%D9%86%D9%85%D8%B3%DB%8C%D8%B3-%DA%A9%D9%88%D8%AF-%D9%85%D8%A7%DB%8C%D8%B9-%DA%A9%D9%84%D8%B3%DB%8C%D9%85/,نِمِسیس کود مایع کلسیم,,320000,nan,,,True,2025-07-22 16:57:06,2025-07-27 17:10:28
https://torob.com/p/38227b0e-1f02-4bb9-89ca-fb0052c25e09/%DA%A9%D9%88%D8%AF-%D9%81%D8%B3%D9%81%D8%B1-%D9%BE%D8%AA%D8%A7%D8%B3%DB%8C%D9%85-%D9%85%D8%A7%DB%8C%D8%B9/,کود فسفر پتاسیم مایع,,200000,nan,,,True,2025-07-22 16:57:07,2025-07-22 16:57:07
https://torob.com/p/10c89223-e943-4ce8-8737-1e9307b80cd1/%DA%A9%D9%88%D8%AF-%DA%A9%D8%A7%D9%85%D9%84-%D9%BE%D8%AA%D8%A7%D8%B3-%D8%A8%D8%A7%D9%84%D8%A7-36-12-12-%D8%B2%D8%A7%DB%8C%D8%B2/,کود کامل پتاس بالا 36-12-12 زایز,,7950000,nan,,,True,2025-07-22 16:57:08,2025-07-22 16:57:08
https://torob.com/p/d2967de5-6996-480c-839c-da764a71163c/%D8%AC%D9%84%D8%A8%DA%AF-%D8%AF%D8%B1%DB%8C%D8%A7%DB%8C%DB%8C6/,جلبگ دریایی۶,,1350000,nan,,,True,2025-07-22 16:57:09,2025-07-22 16:57:09
https://torob.com/p/e3de35da-5ee3-42fd-8cec-76d20b4faefa/%D8%AE%D8%B1%DB%8C%D8%AF-%DA%A9%D9%88%D8%AF-%D9%87%DB%8C%D8%AF%D8%B1%D9%88%D9%BE%D9%88%D9%86%DB%8C%DA%A9-%D9%87%D9%88%DA%AF%D9%84%D9%86%D8%AF/,خرید کود هیدروپونیک هوگلند,,300000,nan,,,True,2025-07-22 16:57:10,2025-07-22 16:57:10
https://torob.com/p/9e91c4b3-6b21-46bf-817d-9e01ada3fef4/%D9%BE%D9%88%DA%A9%D9%87-%D9%84%DB%8C%DA%A9%D8%A7%D9%BE%D9%88%D9%86-%D8%AF%D8%A7%D9%86%D9%87-%D8%AF%D8%B1%D8%B4%D8%AA-%D8%AD%D8%AC%D9%85-5-%D9%84%DB%8C%D8%AA%D8%B1-%D8%A8%D8%B3%D8%AA%D8%B1-%DA%A9%D8%B4%D8%AA-%D9%87%DB%8C%D8%AF%D8%B1%D9%88%D9%BE%D9%88%D9%86%DB%8C%DA%A9-%D9%88-%D8%AA%D8%B2%DB%8C%DB%8C%D9%86%DB%8C-%DA%AF%DB%8C%D8%A7%D9%87%D8%A7%D9%86/,پوکه لیکاپون دانه درشت حجم 5 لیتر | بستر کشت هیدروپونیک و تزیینی گیاهان,,85000,17000.0,5,,True,2025-07-22 16:57:11,2025-07-22 16:57:11
https://torob.com/p/55dc03ea-9ddf-40e9-b38d-23dd14a2ac74/%D9%85%D8%A7%D8%B3%DA%A9-%D8%AE%D8%A7%DA%A9-%D8%B1%D8%B3-%D8%B3%D9%81%DB%8C%D8%AF-%D9%BE%D9%88%D8%B3%D8%AA-%D9%85%D8%B9%D9%85%D9%88%D9%84%DB%8C/,ماسک خاک رس سفید پوست معمولی,,110000,nan,,,True,2025-07-22 16:57:12,2025-07-22 16:57:12
https://torob.com/p/1168952a-3556-46b9-9a87-ff89e1c6e3a8/%D8%A7%D8%B3%D9%BE%D8%B1%D8%A7%D9%86%D8%AA%D9%88-%DA%A9%D9%84%D9%BE-_-%D8%A8%D9%87%D8%A8%D9%88%D8%AF-%D8%AF%D9%87%D9%86%D8%AF%D9%87-%D8%B1%D8%B4%D8%AF/,اسپرانتو کلپ _ بهبود دهنده رشد,,1095000,nan,,,True,2025-07-22 16:57:13,2025-07-27 17:07:51
https://torob.com/p/059d6603-661c-490b-8a71-4b6c0eb766c5/%DA%A9%D9%88%D8%AF-%D8%A7%D9%87%D9%86-%D8%B3%D9%88%D9%84%D9%81%D8%A7%D8%AA-%D9%85%D8%A7%DB%8C%D8%B9-%D8%A7%D9%84-%D9%81%DB%8C%D9%88%D8%B1%D9%87/,کود آهن سولفات مایع ال فیوره,,119000,nan,,,True,2025-07-22 16:57:14,2025-07-22 16:57:14
https://torob.com/p/1e0b2843-f390-4c76-a7c5-94ea3d355f1e/%D8%B1%D9%88%D8%BA%D9%86-%D9%88%D9%84%DA%A9-%D8%B1%D9%88%D8%BA%D9%86-%D9%88%D9%84%DA%A9-100%D8%B3%DB%8C%D8%B3%DB%8C/,روغن ولک - روغن ولک 100سیسی,,85000,nan,,,True,2025-07-22 16:57:15,2025-07-22 16:57:15
https://torob.com/p/7045d9dc-6122-49bb-806b-43594883c605/%DA%A9%D9%88%D8%AF-%D9%BE%D8%AA%D8%A7%D8%B3%DB%8C%D9%85-%D8%B4%D9%88%DA%A9/,کود پتاسیم شوک,,3250000,nan,,,True,2025-07-22 16:57:16,2025-07-22 16:57:16
https://torob.com/p/5a2452fd-b00e-4b39-8b23-e5dee1a9576a/%D9%85%D8%AD%D8%B1%DA%A9-%D8%B1%D8%B4%D8%AF-%DA%AF%D8%B1%DB%8C%D9%86-%DA%A9%D8%A7%D9%84-%D9%85%D8%A7%D9%81%D8%A7/,محرک رشد گرین کال مافا,,1592000,nan,,,True,2025-07-22 16:57:17,2025-07-27 17:14:39
https://torob.com/p/ad5e7c54-0d39-472d-bffb-88459fb9c87b/%DA%A9%D9%88%D8%AF-%D9%81%DB%8C%D8%AF%DB%8C%D9%86%DA%AF-%D8%A8%D8%A7%DB%8C%D9%88-%D8%A8%D9%84%D9%88%D9%85-500-%DA%AF%D8%B1%D9%85%DB%8C/,کود فیدینگ بایو بلوم 500 گرمی,,3832400,nan,,,True,2025-07-22 16:57:18,2025-07-22 16:57:18
https://torob.com/p/1067f0ce-dbc6-4ef4-a276-a28ec2c61a29/%D8%A7%D8%B3%DB%8C%D8%AF-%D9%87%DB%8C%D9%88%D9%85%DB%8C%DA%A9-%D9%85%D8%A7%DB%8C%D8%B9-%D9%BE%D9%84%D9%86%D8%AA-%DA%86%D9%88%DB%8C%D8%B3-%D8%A7%D9%85%D8%B1%DB%8C%DA%A9%D8%A7-%DA%AF%D8%A7%D9%84%D9%86-10-%D9%84%DB%8C%D8%AA%D8%B1%DB%8C-plants-choice/,اسید هیومیک مایع پلنت چویس آمریکا گالن ۱۰ لیتری | plants choice,,2200000,220000.0,10,,True,2025-07-22 16:57:19,2025-07-22 16:57:19
https://torob.com/p/518d32ac-6cc8-4eff-afa3-bb8e452d00ad/%D8%B3%D9%85-%D8%B4%D9%BE%D8%B4%DA%A9-%D8%A7%D8%B1%D8%AF%D8%A7%D9%84%D9%88%D8%AF-%D8%A7%DA%A9%D8%B3%DB%8C%D8%B1%DA%AF%D9%84/,سم شپشک آردآلود اکسیرگل,,87000,nan,,,True,2025-07-22 16:57:20,2025-07-22 16:57:20
https://torob.com/p/ec1652e3-afe1-483e-a5c8-8100d70c66f0/%D8%A7%D8%B3%DB%8C%D8%AF-%D9%87%DB%8C%D9%88%D9%85%DB%8C%DA%A9-50%DA%AF%D8%B1%D9%85%DB%8C/,اسید هیومیک 50گرمی,,140000,nan,,,True,2025-07-22 16:57:21,2025-07-27 17:05:52
https://torob.com/p/17c833ed-6b39-44ee-9daa-f786f50f173f/%DA%A9%D9%88%D8%AF-%D8%B1%DB%8C%D8%B4%D9%87-%D8%B2%D8%A7-%D8%A8%D8%A7%DB%8C%D9%88%D8%B1%D8%A7%D8%AF%DB%8C%DA%A9%D8%A7%D9%86%D8%AA-60-%D9%85%DB%8C%D9%84%DB%8C-%D9%84%DB%8C%D8%AA%D8%B1%DB%8C/,کود ریشه‌زا بایورادیکانت 60 میلی لیتری,,150000,nan,,,True,2025-07-22 16:57:22,2025-07-27 17:05:53
https://torob.com/p/cda2de96-c5b1-41a2-8443-e0e9731d8125/%DA%A9%D9%88%D8%AF-18-18-18-npk-%D8%AF%DA%A9%D8%AA%D8%B1-%D8%A7%DA%A9%D8%B3%DB%8C%DA%98%D9%86-100-%DA%AF%D8%B1%D9%85%DB%8C/,کود 18-18-18 NPK دکتر اکسیژن 100 گرمی,,135000,nan,,,True,2025-07-22 16:57:23,2025-07-27 16:56:51
https://torob.com/p/302545e2-e300-42b3-a204-d60b6940d7ea/%D8%B3%D9%88%D9%84%D9%81%D8%A7%D8%AA-%D9%85%D9%86%DA%AF%D9%86%D8%B2/,سولفات منگنز,,2175000,nan,,,True,2025-07-22 16:57:23,2025-07-22 16:57:23
https://torob.com/p/045b69af-7c4a-4652-94e9-62b6b8604072/%D9%82%D8%B7%D8%B1%D9%87-%D8%A8%D8%A7%D9%85%D8%A8%D9%88/,قطره بامبو,,50000,nan,,,True,2025-07-22 16:57:24,2025-07-22 16:57:24
https://torob.com/p/f3ddc90b-8fd5-4fb1-9f92-6db17d013fd3/%D8%B3%DB%8C%D9%84%DA%AF%D8%A7%D8%B1%D8%AF-%D8%B3%DB%8C%D9%84%DB%8C%DA%A9%D8%A7%D8%AA-%D9%BE%D8%AA%D8%A7%D8%B3%DB%8C%D9%85-%D8%B1%DB%8C%D8%AD%D8%A7%D9%86-5-%D9%84%DB%8C%D8%AA%D8%B1%DB%8C/,سیلگارد (سیلیکات پتاسیم) ریحان ۵ لیتری,,1180000,236000.0,5,,True,2025-07-22 16:57:25,2025-07-22 16:57:25
https://torob.com/p/a372f362-486e-4458-83af-5810687646ad/%DA%A9%D9%88%D8%AF-%DA%A9%D8%A7%D9%85%D9%84-%D9%85%D8%A7%DB%8C%D8%B9-%D9%81%D9%88%D8%B3%D8%A7%D9%85%DA%A9%D9%88-%DB%8C%D8%A7%D8%B1%D8%A7%D9%88%DB%8C%D8%AA%D8%A7/,کود کامل مایع (فوسامکو) یاراویتا,,2420220,nan,,,True,2025-07-22 16:57:26,2025-07-22 16:57:26
https://torob.com/p/b241b8db-f906-4921-b863-be98571f799b/%DA%A9%D9%88%D8%AF-%D8%B9%D8%B5%D8%A7%D8%B1%D9%87-%D8%AC%D9%84%D8%A8%DA%A9-%D8%AF%D8%B1%DB%8C%D8%A7%DB%8C%DB%8C-%D9%85%D8%A7%DB%8C%D8%B9-%D8%A7%D9%84%DA%AF%D8%A7-70/,کود عصاره جلبک دریایی مایع آلگا ۷۰,,500000,nan,,,True,2025-07-22 16:57:27,2025-07-22 16:57:27
https://torob.com/p/2d16f16b-fe63-40f4-b4ba-456acd13bee1/%DA%A9%D9%88%D8%AF-%D9%BE%D9%84%DA%AF%D8%B1%D9%88%D9%86-%D8%AA%D8%B1%D8%A7-1-%D9%84%DB%8C%D8%AA%D8%B1%DB%8C-plagron-terra-grow-1-litre/,کود پلگرون ترا 1 لیتری Plagron Terra Grow 1 litre,,1650000,1650000.0,1,,True,2025-07-22 16:57:28,2025-07-22 16:57:28
https://torob.com/p/37706e7a-7944-4550-8b73-ff7c4e7fc9c6/%D8%A7%D8%B3%D9%BE%D8%B1%DB%8C-%D9%82%D8%A7%D8%B1%DA%86-%DA%A9%D8%B4-%D9%88-%D9%BE%DB%8C%D8%B4%DA%AF%DB%8C%D8%B1%DB%8C-%D8%A7%D8%B2-%D8%A7%D9%81%D8%AA-%D9%82%D8%A7%D8%B1%DA%86-%DA%AF%DB%8C%D8%A7%D9%87%D8%A7%D9%86-%D8%AA%D9%82%D9%88%DB%8C%D8%AA-%DA%A9%D9%86%D9%86%D8%AF%D9%87/,اسپری قارچ کش و پیشگیری از آفت قارچ گیاهان، تقویت کننده,,120000,nan,,,True,2025-07-22 16:57:29,2025-07-22 16:57:29
https://torob.com/p/61f22e2d-f691-4132-9ab7-bd1cf62e35df/%DA%A9%D9%88%D8%AF-%D8%B3%D9%88%D9%84%D9%81%D8%A7%D8%AA-%D9%BE%D8%AA%D8%A7%D8%B3%DB%8C%D9%85-%D8%A7%DA%AF%D8%B1%DB%8C%D8%AA%D9%88-1-%DA%A9%DB%8C%D9%84%D9%88%DB%8C%DB%8C/,کود سولفات پتاسیم اگریتو 1 کیلویی,,290000,290000.0,1,,True,2025-07-22 16:57:30,2025-07-22 16:57:30
https://torob.com/p/43326207-fc57-4ad3-b60b-518ce6e3c666/%D9%BE%D9%88%DA%A9%D9%87-%D9%84%DB%8C%DA%A9%D8%A7-%DA%A9%DB%8C%D8%B3%D9%87-30-%DA%A9%DB%8C%D9%84%D9%88%DB%8C%DB%8C/,پوکه لیکا - کیسه 30 کیلویی,,20600000,686666.6666666666,30,,True,2025-07-22 16:57:31,2025-07-22 16:57:31
https://torob.com/p/59ada358-1be5-47c4-bd29-019caa030678/%DA%A9%D9%88%D8%AF-%D9%85%DB%8C%DA%A9%D8%B1%D9%88-%D8%A7%D9%85%DB%8C%D9%86%D9%88-%D9%81%D9%88%D9%84-1-%DA%A9%DB%8C%D9%84%D9%88%DA%AF%D8%B1%D9%85%DB%8C/,کود میکرو آمینو فول 1 کیلوگرمی,,416000,416000.0,1,,True,2025-07-22 16:57:32,2025-07-22 16:57:32
https://torob.com/p/dc119e75-ba4d-4f33-b398-45b87efc43d5/%D8%A7%D8%B3%DB%8C%D8%AF-%D8%A7%D9%85%DB%8C%D9%86%D9%87-amino-acid/,اسید آمینه | amino acid,,110000,nan,,,True,2025-07-22 16:57:33,2025-07-22 16:57:33
https://torob.com/p/ba474a13-6e11-4f72-9af2-e3229a26baa9/%D9%BE%D8%B1%D9%84%DB%8C%D8%AA-%DA%AF%DB%8C%D9%84%D8%AF%D8%A7-%DA%A9%D8%AF-gp02l-%D8%AD%D8%AC%D9%85-2-%D9%84%DB%8C%D8%AA%D8%B1/,پرلیت گیلدا کد GP02L حجم 2 لیتر,,47000,23500.0,2,,True,2025-07-22 16:57:34,2025-07-22 16:57:34
https://torob.com/p/f9b3ec0e-f252-4ec4-be6c-15dbd6bf8524/%D8%B9%D9%84%D9%81-%DA%A9%D8%B4-%D8%B3%D9%88%D9%BE%D8%B1%DA%AF%D8%A7%D9%84%D8%A7%D9%86%D8%AA-%D9%87%D8%A7%D9%84%D9%88%DA%A9%D8%B3%DB%8C-%D9%81%D9%88%D9%BE-%D8%A7%D8%B1%D9%85%D8%AA%DB%8C%D9%84-%DA%AF%D9%84-%D8%B3%D9%85/,علف کش سوپرگالانت (هالوکسی فوپ آرمتیل) گل سم,,310000,nan,,,True,2025-07-22 16:57:35,2025-07-22 16:57:35
https://torob.com/p/b11210e1-4853-47cd-a42c-e3e6398f15fc/%DA%A9%D9%88%D8%AF-%DA%A9%D8%A7%D9%85%D9%84-npk-%D8%A7%D9%81%D8%B2%D8%A7%DB%8C%D8%B4-%D8%B1%D8%B4%D8%AF%2B-%DA%AF%DB%8C%D9%84%D8%AF%D8%A7-%D9%85%D8%AF%D9%84-%D9%86%DB%8C%D8%AA%D8%B1%D9%88%DA%98%D9%86-%D8%A8%D8%A7%D9%84%D8%A7-%D9%88%D8%B2%D9%86-25-%DA%AF%D8%B1%D9%85/,کود کامل NPK افزایش رشد+ گیلدا مدل نیتروژن بالا وزن 25 گرم,,114000,nan,,,True,2025-07-22 16:57:36,2025-07-22 16:57:36
https://torob.com/p/e1aa34f3-4f16-4347-85b4-250574d356f2/%DA%A9%D9%88%D8%AF-%D9%85%D8%AE%D8%B5%D9%88%D8%B5-%D9%85%D8%B1%DA%A9%D8%A8%D8%A7%D8%AA/,کود مخصوص مرکبات,,255000,nan,,,True,2025-07-22 16:57:37,2025-07-22 16:57:37
https://torob.com/p/0d7f5144-f5c0-4652-947f-8daa304aef84/%D8%A7%DA%A9%D8%B3%DB%8C-%DA%A9%D9%84%D8%B1%D9%88%D8%B1-%D9%85%D8%B3-35-%D8%AF%D8%B1%D8%B5%D8%AF-%D9%BE%D9%88%D8%AF%D8%B1-%D9%88%D8%AA%D8%A7%D8%A8%D9%84-1%DA%A9%DB%8C%D9%84%D9%88%DB%8C/,اکسی کلرور مس 35 درصد پودر وتابل 1کیلوی,,660000,660000.0,1,,True,2025-07-22 16:57:38,2025-07-27 17:02:50
https://torob.com/p/6259c297-5f01-476a-97cf-aa65aff0ef6b/%D8%B3%DB%8C%D9%84%DB%8C%DA%A9%D8%A7%D8%AA-%D9%BE%D8%AA%D8%A7%D8%B3%DB%8C%D9%85-%D8%A8%D8%B1%D8%AA%D8%A7%D9%86%DB%8C-%DA%AF%D8%B1%D9%88%D9%87-%DA%A9%D8%A7%D8%A8%D8%A7%D9%84%D8%B1%D9%88-%D8%A7%DB%8C%D8%AA%D8%A7%D9%84%DB%8C%D8%A7/,سیلیکات پتاسیم برتانی(گروه کابالرو) ایتالیا,,480000,nan,,,True,2025-07-22 16:57:39,2025-07-27 17:10:12
https://torob.com/p/1b51c48e-14ef-416a-b6b1-2cba635f1f9c/%DA%A9%D9%88%D8%AF-%D8%A7%D9%86-%DA%A9%D8%A7-60-%D8%A7%DB%8C%DA%A9%D8%B3-%DA%AF%D8%B1%DB%8C%D9%86-%D8%A7%D9%85%D8%B1%DB%8C%DA%A9%D8%A7/,کود ان کا 60 ایکس گرین آمریکا,,68000,nan,,,True,2025-07-22 16:57:40,2025-07-22 16:57:40
https://torob.com/p/86e88419-cd7b-4fb1-9fb5-723030d8c2e8/%DA%A9%D9%88%D8%AF-%D8%B4%DB%8C%D9%85%DB%8C%D8%A7%DB%8C%DB%8C-%D8%A7%D9%88%D8%B1%D9%87-%DA%AF%D8%B1%D8%A7%D9%86%D9%88%D9%84-46-%D8%AF%D8%B1%D8%B5%D8%AF-1-%DA%A9%DB%8C%D9%84%D9%88%DA%AF%D8%B1%D9%85/,کود شیمیایی اوره گرانول ۴۶ درصد ۱ کیلوگرم,,45000,45000.0,1,,True,2025-07-27 16:48:30,2025-07-29 15:01:02
https://torob.com/p/1dd5aa0b-e3d3-4bca-9424-499954db13ae/%DA%A9%D9%88%D8%AF-%DA%A9%D8%A7%D9%85%D9%84-10x-%D8%B4%D9%88%DA%A9-%D8%A7%D9%85%D8%B1%DB%8C%DA%A9%D8%A7%DB%8C%DB%8C-%D8%AD%D8%AC%D9%85-1-%D9%84%DB%8C%D8%AA%D8%B1/,کود کامل 10X شوک آمریکایی حجم ۱ لیتر,,306000,306000.0,1,,True,2025-07-27 16:48:34,2025-07-29 15:01:10
https://torob.com/p/570734d8-40be-4f91-87d7-b5fbbd69387e/%DA%A9%D9%88%D8%AF-%D9%87%DB%8C%D9%88%D9%85%DB%8C%DA%A9-%D8%A7%D8%B3%DB%8C%D8%AF-%D9%BE%D9%84%D9%86%D8%AA-%DA%86%D9%88%DB%8C%D8%B3-1-%DA%A9%DB%8C%D9%84%D9%88%DA%AF%D8%B1%D9%85/,کود هیومیک اسید پلنت چویس ۱ کیلوگرم,,620000,620000.0,1,,True,2025-07-27 16:48:36,2025-07-29 15:01:09
https://torob.com/p/452da00f-9ea1-4181-b44a-f5f9ba9dab2f/%D8%B7%D8%B9%D9%85%D9%87-%D9%85%D9%88%D8%B4-%D9%BE%D8%A7%D8%B3%D8%AA%DB%8C%D9%84%DB%8C-500-%DA%AF%D8%B1%D9%85%DB%8C-%D8%B6%D8%AF-%D8%A7%D8%A8-%D9%88-%D8%B1%D8%B7%D9%88%D8%A8%D8%AA/,طعمه موش پاستیلی ۵۰۰ گرمی ضد آب و رطوبت,,300000,nan,,,True,2025-07-27 16:48:37,2025-07-29 15:01:05
https://torob.com/p/4cee6d2b-784a-4f59-9989-69762b7f2759/%DA%A9%D9%85%D9%BE%D9%88%D8%B3%D8%AA-%D9%82%D8%A7%D8%B1%DA%86-%D8%AF%DA%A9%D9%85%D9%87-%D8%A7%DB%8C-20-%DA%A9%DB%8C%D9%84%D9%88%DA%AF%D8%B1%D9%85/,کمپوست قارچ دکمه ای ۲۰ کیلوگرم,,168000,8400.0,20,,True,2025-07-27 16:48:38,2025-07-29 15:01:13
https://torob.com/p/1b40764d-7d4a-4af0-b3a6-12aea6922cef/%DA%A9%D9%88%D8%AF-%D8%B3%D9%88%D9%BE%D8%B1-%D8%AC%D8%A7%D8%B0%D8%A8-%DA%A9%D8%B4%D8%A7%D9%88%D8%B1%D8%B2%DB%8C-10-%DA%A9%DB%8C%D9%84%D9%88%DA%AF%D8%B1%D9%85/,کود سوپر جاذب کشاورزی ۱۰ کیلوگرم,,245000,24500.0,10,,True,2025-07-27 16:48:40,2025-07-29 15:01:15
https://torob.com/p/617b4364-1706-4072-9e5c-4d8d5f7fceb1/%DA%A9%D9%88%D8%AF-%D9%87%DB%8C%D9%88%D9%85%DB%8C%DA%A9-%D8%A7%D8%B3%DB%8C%D8%AF-%D9%85%D8%A7%DB%8C%D8%B9-%D8%B4%D9%88%DA%A9-1-%D9%84%DB%8C%D8%AA%D8%B1%DB%8C/,کود هیومیک اسید مایع شوک ۱ لیتری,,280000,280000.0,1,,True,2025-07-27 16:48:41,2025-07-29 15:01:18
https://torob.com/p/12605463-0e3b-4d95-993e-77ab99a8c425/%DA%A9%D9%88%D8%AF-%D8%AF%DB%8C-%D8%A7%D9%85%D9%88%D9%86%DB%8C%D9%88%D9%85-%D9%81%D8%B3%D9%81%D8%A7%D8%AA-%DA%AF%D8%B1%D8%A7%D9%86%D9%88%D9%84%D9%87-%D8%B1%D8%A7%D8%B2%DB%8C/,کود دی آمونیوم فسفات گرانوله رازی,,4490000,nan,,,True,2025-07-27 16:48:42,2025-07-29 15:01:12
https://torob.com/p/170ed535-53f0-4451-91d9-6afa1787814a/%DA%A9%D9%88%D8%AF-%D9%85%D8%A7%DB%8C%D8%B9-%D8%A7%D8%B3%DB%8C%D8%AF-%D8%A7%D9%85%DB%8C%D9%86%D9%87-%D8%A7%DB%8C%D8%B2%D8%A7%D8%A8%DB%8C%D9%88%D9%86-%D8%B3%DB%8C%D9%86%D8%AC%D9%86%D8%AA%D8%A7-%D8%AD%D8%AC%D9%85-1-%D9%84%DB%8C%D8%AA%D8%B1/,کود مایع اسید آمینه ایزابیون سینجنتا حجم ۱ لیتر,,970000,970000.0,1,,True,2025-07-27 16:48:44,2025-07-29 15:01:17
https://torob.com/p/d8e01fa3-83c2-4b70-8633-fc34ff3cdcdd/%DA%A9%D9%88%D8%AF-%D9%85%D8%A7%DB%8C%D8%B9-%D9%87%DB%8C%D9%88%D9%85%DB%8C%DA%A9-%D8%A7%D8%B3%DB%8C%D8%AF-%D8%B3%D8%A8%D9%88-%D8%B3%DB%8C%D8%A8-%D9%88%D8%B2%D9%86-205-%DA%A9%DB%8C%D9%84%D9%88%DA%AF%D8%B1%D9%85/,کود مایع هیومیک اسید سبو سیب وزن ۲۰.۵ کیلوگرم,,5200000,1040000.0,5,,True,2025-07-27 16:48:45,2025-07-29 15:01:21
https://torob.com/p/2fd85f47-252b-464b-9181-235c227b9fac/%DA%A9%D9%88%D8%AF-%D9%85%D8%B9%D8%AC%D8%B2%D9%87-%DA%AF%D8%B1-%D8%A7%DB%8C%DA%A9%D8%B3-%DA%AF%D8%B1%DB%8C%D9%86-10-%DA%A9%DB%8C%D9%84%D9%88%DA%AF%D8%B1%D9%85-%D8%A7%D8%B2%D8%AA-%D8%A8%D8%A7%D9%84%D8%A7/,کود معجزه گر ایکس گرین ۱۰ کیلوگرم ازت بالا,,554000,55400.0,10,,True,2025-07-27 16:48:48,2025-07-29 15:01:31
https://torob.com/p/3e039022-da5c-4529-a88d-6d5f3568d51b/%DA%A9%D9%88%D8%AF-%D8%B3%D9%88%D9%84%D9%81%D8%A7%D8%AA-%D9%BE%D8%AA%D8%A7%D8%B3%DB%8C%D9%85-%D8%AC%D9%86%D9%88%D8%A8%DA%AF%D8%A7%D9%86-%D9%88%D8%B2%D9%86-10-%DA%A9%DB%8C%D9%84%D9%88%DA%AF%D8%B1%D9%85/,کود سولفات پتاسیم جنوبگان وزن ۱۰ کیلوگرم,,140000,14000.0,10,,True,2025-07-27 16:48:49,2025-07-29 15:01:28
https://torob.com/p/5727586d-281f-4c0d-a327-b980a69957d7/%DA%A9%D9%88%D8%AF-%D9%81%D8%B3%D9%81%D8%B1-%D8%A8%D8%A7%D9%84%D8%A7-%D8%B4%D9%88%DA%A9-%D8%A7%D9%85%D8%B1%DB%8C%DA%A9%D8%A7%DB%8C%DB%8C-10-52-10-%DA%AF%D8%A7%D9%84%D9%86-20-%D9%84%DB%8C%D8%AA%D8%B1%DB%8C/,کود فسفر بالا شوک آمریکایی 10-52-10 گالن ۲۰ لیتری,,550000,27500.0,20,,True,2025-07-27 16:48:50,2025-07-29 15:01:26
https://torob.com/p/3007f029-aa0c-4d7d-a22b-52fda9e9a33a/%DA%A9%D9%88%D8%AF-%DA%A9%D8%A7%D9%85%D9%84-10x-%D8%B4%D9%88%DA%A9-20-%D9%84%DB%8C%D8%AA%D8%B1%DB%8C-%D9%85%D8%A7%DB%8C%D8%B9-%D8%A7%D9%85%D8%B1%DB%8C%DA%A9%D8%A7%DB%8C%DB%8C/,کود کامل 10X شوک ۲۰ لیتری مایع آمریکایی,,2823300,141165.0,20,,True,2025-07-27 16:48:53,2025-07-29 15:01:30
https://torob.com/p/b85979ce-30ed-40b8-b669-1c80be886982/%DA%A9%D9%88%D8%AF-%D9%85%D8%A7%DB%8C%D8%B9-%D8%A7%D9%85%DA%A9%D8%B3-%D9%85%D8%AF%D9%84-%D8%A8%DB%8C%D9%88-20-%D8%AD%D8%AC%D9%85-1-%DA%A9%DB%8C%D9%84%D9%88%DA%AF%D8%B1%D9%85/,کود مایع امکس مدل بیو ۲۰ حجم ۱ کیلوگرم,,268000,268000.0,1,,True,2025-07-27 16:48:54,2025-07-29 15:01:36
https://torob.com/p/16fa2e28-4aae-461e-8088-ffb7d6eb7bed/%DA%AF%D9%88%DA%AF%D8%B1%D8%AF-%D9%85%DB%8C%DA%A9%D8%B1%D9%88%D9%86%DB%8C%D8%B2%D9%87-98-%D8%AF%D8%B1%D8%B5%D8%AF-%D8%A7%D8%B0%D8%B1%D8%B4%D9%87%D8%B1-%D9%88%D8%B2%D9%86-25-%DA%A9%DB%8C%D9%84%D9%88%DA%AF%D8%B1%D9%85/,گوگرد میکرونیزه ۹۸ درصد آذرشهر وزن ۲۵ کیلوگرم,,550000,22000.0,25,,True,2025-07-27 16:48:56,2025-07-29 15:02:04
https://torob.com/p/d2fdec75-0d0a-4c15-8073-3f7a8df488cf/%D8%B3%D9%88%D9%84%D9%81%D8%A7%D8%AA-%D9%BE%D8%AA%D8%A7%D8%B3%DB%8C%D9%85-25-%DA%A9%DB%8C%D9%84%D9%88%DA%AF%D8%B1%D9%85/,سولفات پتاسیم ۲۵ کیلوگرم,,75000,3000.0,25,,True,2025-07-27 16:48:58,2025-07-29 15:01:25
https://torob.com/p/50d614fb-168f-47b2-b56e-23faf9553416/%D9%85%D9%88%D8%B4-%DA%A9%D8%B4-%D8%B2%D8%A7%D9%BE%DB%8C-%D9%85%D8%AF%D9%84-%D8%A8%D8%B1%D9%88%D8%AF%DB%8C%D8%AA%D8%A7%D9%BE-%D9%BE%D8%A7%D8%B3%D8%AA%D8%A7-%D9%88%D8%B2%D9%86-500-%DA%AF%D8%B1%D9%85/,موش کش زاپی مدل برودیتاپ پاستا وزن ۵۰۰ گرم,,300000,nan,,,True,2025-07-27 16:49:00,2025-07-29 15:01:44
https://torob.com/p/8afd673e-783e-47e2-b9ae-038f854cdbb7/%DA%AF%D9%88%DA%AF%D8%B1%D8%AF-%D9%BE%D9%88%D8%AF%D8%B1%DB%8C-25-%DA%A9%DB%8C%D9%84%D9%88%DA%AF%D8%B1%D9%85/,گوگرد پودری ۲۵ کیلوگرم,,55000,2200.0,25,,True,2025-07-27 16:49:01,2025-07-29 15:01:49
https://torob.com/p/4a3c814e-a328-426e-ba3a-dc159b95c40f/%DA%A9%D9%88%D8%AF-%D8%AC%D9%84%D8%A8%DA%A9-%D8%AF%D8%B1%DB%8C%D8%A7%DB%8C%DB%8C-%D8%A7%DA%A9%D8%A7%D8%AF%DB%8C%D9%86-1-%DA%A9%DB%8C%D9%84%D9%88%DA%AF%D8%B1%D9%85-%D8%AA%D9%88%D9%84%DB%8C%D8%AF-%DA%A9%D8%A7%D9%86%D8%A7%D8%AF%D8%A7/,کود جلبک دریایی آکادین ۱ کیلوگرم تولید کانادا,,1595000,1595000.0,1,,True,2025-07-27 16:49:02,2025-07-29 15:01:35
https://torob.com/p/536459a2-df95-4d03-8f7d-0c6211351151/%D8%B3%D9%85-%DA%A9%D9%86%D9%87-%DA%A9%D8%B4-%D8%A7%DA%AF%D8%B1%DB%8C%D9%85%DA%A9-%DA%AF%D9%84%D8%AF-%D8%B3%DB%8C%D9%86%D8%AC%D9%86%D8%AA%D8%A7-250-%D8%B3%DB%8C-%D8%B3%DB%8C/,سم کنه کش اگریمک گلد سینجنتا ۲۵۰ سی سی,,1080000,nan,,,True,2025-07-27 16:49:04,2025-07-29 15:01:38
https://torob.com/p/1e1752db-c3b2-4596-a183-bf37a4c1c8e6/%DA%A9%D9%88%D8%AF-%D9%87%DB%8C%D9%88%D9%85%DB%8C%DA%A9-%DA%AF%D8%B1%D8%A7%D9%86%D9%88%D9%84%D9%87-%D8%A7%DB%8C%DA%A9%D8%B3-%DA%AF%D8%B1%DB%8C%D9%86-25-%DA%A9%DB%8C%D9%84%D9%88%DA%AF%D8%B1%D9%85/,کود هیومیک گرانوله ایکس گرین ۲۵ کیلوگرم,,21800,872.0,25,,True,2025-07-27 16:49:05,2025-07-29 15:01:48
https://torob.com/p/fa9abd97-ac0a-4da6-8a1f-04ceff7dfd26/%DA%A9%D9%88%D8%AF-%D9%85%D9%88%D9%86%D9%88-%D9%BE%D8%AA%D8%A7%D8%B3%DB%8C%D9%85-%D9%81%D8%B3%D9%81%D8%A7%D8%AA-%D9%88%D9%BE%D8%B1%D9%88%D9%81%D8%B1%D8%AA-%D9%87%D9%84%D9%86%D8%AF-10-%DA%A9%DB%8C%D9%84%D9%88%DB%8C%DB%8C/,کود مونو پتاسیم فسفات وپروفرت هلند ۱۰ کیلویی,,835000,83500.0,10,,True,2025-07-27 16:49:08,2025-07-29 15:01:39
https://torob.com/p/8b90a733-1e9f-400e-9719-7d0f6d9bc739/%DA%A9%D9%88%D8%AF-%D8%A8%D8%A7%DA%A9%D8%AA%D8%B1%DB%8C-%D8%A7%DB%8C-%D8%A7%D9%85-em-20-%D9%84%DB%8C%D8%AA%D8%B1%DB%8C/,کود باکتری ای ام (EM) ۲۰ لیتری,,145000,7250.0,20,,True,2025-07-27 16:49:09,2025-07-29 15:01:53
https://torob.com/p/36af1ac0-1005-4842-a6a9-4ca07b169cb1/%D8%B3%D9%88%D9%84%D9%81%D8%A7%D8%AA-%D9%BE%D8%AA%D8%A7%D8%B3%DB%8C%D9%85-50-%DA%A9%DB%8C%D9%84%D9%88%DA%AF%D8%B1%D9%85/,سولفات پتاسیم ۵۰ کیلوگرم,,75000,1500.0,50,,True,2025-07-27 16:49:11,2025-07-29 15:01:41
https://torob.com/p/272f68ed-98cb-4a0a-99ac-7c8514a21e73/%DA%A9%D9%88%D8%AF-%D8%B3%D9%87-%D8%A8%DB%8C%D8%B3%D8%AA-%D8%B4%D9%88%DA%A9-1-%D9%84%DB%8C%D8%AA%D8%B1%DB%8C-npk-%D8%A7%D9%85%D8%B1%DB%8C%DA%A9%D8%A7%DB%8C%DB%8C/,کود سه بیست شوک ۱ لیتری NPK آمریکایی,,280000,280000.0,1,,True,2025-07-27 16:49:12,2025-07-29 15:01:58
https://torob.com/p/01b0313d-4a75-4d81-a8be-2de5e60bff3f/%D8%B3%D9%85-%D9%82%D8%A7%D8%B1%DA%86-%DA%A9%D8%B4-%D9%86%D9%88%D8%B1%D8%AF%D9%88%DA%A9%D8%B3-1-%DA%A9%DB%8C%D9%84%D9%88%DB%8C%DB%8C-%D9%85%D8%A7%D8%B3%D9%88-%D8%A7%D8%B3%D9%BE%D8%A7%D9%86%DB%8C%D8%A7/,سم قارچ‌کش نوردوکس ۱ کیلویی ماسو اسپانیا,,180000,180000.0,1,,True,2025-07-27 16:49:13,2025-07-29 15:02:03
https://torob.com/p/680d07a4-d89f-417f-86ee-61958288a3f4/%D8%B3%D9%85-%D9%82%D8%A7%D8%B1%DA%86-%DA%A9%D8%B4-%DB%8C%D9%88%D9%86%DB%8C%D9%81%D9%88%D8%B1%D9%85-%D8%B3%DB%8C%D9%86%D8%AC%D9%86%D8%AA%D8%A7-250-%D8%B3%DB%8C-%D8%B3%DB%8C/,سم قارچ کش یونیفورم سینجنتا ۲۵۰ سی سی,,2900000,nan,,,True,2025-07-27 16:49:15,2025-07-27 16:49:15
https://torob.com/p/a74addb0-51e0-4af2-80ab-9c571964a341/%DA%A9%D9%88%D8%AF-%DA%A9%D8%A7%D9%85%D9%84-20-20-20-%D8%B2%D8%A7%DB%8C%D8%B2-%D8%A7%D9%86%DA%AF%D9%84%D8%B3%D8%AA%D8%A7%D9%86-5-%DA%A9%DB%8C%D9%84%D9%88%DA%AF%D8%B1%D9%85%DB%8C/,کود کامل ۲۰-۲۰-۲۰ زایز انگلستان ۵ کیلوگرمی,,1625000,325000.0,5,,True,2025-07-27 16:49:16,2025-07-29 15:02:14
https://torob.com/p/adc29d08-ea83-4b19-9b76-16cbf213b9bf/%D8%B3%D9%85-%D8%AF%D9%88%D8%B1-%DA%A9%D9%86%D9%86%D8%AF%D9%87-%D9%85%D8%A7%D8%B1-%D9%88-%D8%B9%D9%82%D8%B1%D8%A8-%D8%B3%D9%85%DB%8C%D8%B1-%D9%88%D8%B2%D9%86-2-%DA%A9%DB%8C%D9%84%D9%88%DA%AF%D8%B1%D9%85/,سم دور کننده مار و عقرب سمیر وزن ۲ کیلوگرم,,360000,180000.0,2,,True,2025-07-27 16:49:17,2025-07-29 15:01:54
https://torob.com/p/02f8e8e0-920c-4450-a718-6f1e7d3e0dd0/%DA%A9%D9%88%D8%AF-%D8%B1%DB%8C%D8%B4%D9%87-%D8%B2%D8%A7-%D8%A8%DB%8C%D9%88%D8%B1%D8%A7%D8%AF%DB%8C%DA%A9%D8%A7%D9%86%D8%AA-1-%D9%84%DB%8C%D8%AA%D8%B1%DB%8C/,کود ریشه زا بیورادیکانت ۱ لیتری,,1300000,1300000.0,1,,True,2025-07-27 16:49:19,2025-07-29 15:01:51
https://torob.com/p/e7497b3b-6337-431c-b646-10417793581d/%DA%A9%D9%88%D8%AF-npk-10-52-10-%D9%88%D8%B2%D9%86-10-%DA%A9%DB%8C%D9%84%D9%88%DA%AF%D8%B1%D9%85/,کود NPK 10-52-10 وزن ۱۰ کیلوگرم,,25000,2500.0,10,,True,2025-07-27 16:49:20,2025-07-29 15:01:59
https://torob.com/p/1bd60484-8c1b-46af-8db5-85485ac62617/%D8%B3%D9%85-%D9%82%D8%A7%D8%B1%DA%86-%DA%A9%D8%B4-%D8%A8%D8%B1%D8%AF%D9%88%D9%81%DB%8C%DA%A9%D8%B3-5-%D9%84%DB%8C%D8%AA%D8%B1%DB%8C/,سم قارچ کش بردوفیکس ۵ لیتری,,698000,139600.0,5,,True,2025-07-27 16:49:21,2025-07-29 15:01:56
https://torob.com/p/08fc7401-043a-439f-a01e-b64b56a9ad9f/%DA%A9%D9%88%D8%AF-%D8%B9%D8%B5%D8%A7%D8%B1%D9%87-%D8%AC%D9%84%D8%A8%DA%A9-%D8%AF%D8%B1%DB%8C%D8%A7%DB%8C%DB%8C-%D8%B2%D8%A7%DB%8C%D8%B2-%D8%A7%D9%86%DA%AF%D9%84%D8%B3%D8%AA%D8%A7%D9%86-%D9%88%D8%B2%D9%86-1-%DA%A9%DB%8C%D9%84%D9%88%DA%AF%D8%B1%D9%85/,کود عصاره جلبک دریایی زایز انگلستان وزن ۱ کیلوگرم,,1220000,1220000.0,1,,True,2025-07-27 16:49:22,2025-07-29 15:01:46
https://torob.com/p/7c92a0e7-64ab-45b0-8766-35c06aea1ebf/%D9%82%D8%B1%D8%B5-%D8%AC%DB%8C%D8%A8%D8%B1%D9%84%DB%8C%DA%A9-%D8%A7%D8%B3%DB%8C%D8%AF-%D8%A7%DA%AF%D8%B1%DB%8C%D9%85%D9%86-%D8%A8%D8%B3%D8%AA%D9%87-10-%D8%B9%D8%AF%D8%AF%DB%8C-%D9%88%D8%B2%D9%86-10-%DA%AF%D8%B1%D9%85/,قرص جیبرلیک اسید اگریمن بسته ۱۰ عددی وزن ۱۰ گرم,,85000,nan,,,True,2025-07-27 16:49:24,2025-07-29 15:02:09
https://torob.com/p/473e9268-2f19-4466-a695-0c223b46cc6d/%DA%A9%D9%88%D8%AF-%DA%A9%D8%B1%D8%A8%D9%88%D8%B2%D8%A7%DB%8C%D8%B2-1-%DA%A9%DB%8C%D9%84%D9%88%DA%AF%D8%B1%D9%85/,کود کربوزایز ۱ کیلوگرم,,1786000,1786000.0,1,,True,2025-07-27 16:49:25,2025-07-29 15:02:18
https://torob.com/p/f8816c1e-decd-4664-a20a-80a1acfbb29b/%DA%A9%D9%88%D8%AF-%D9%86%DB%8C%D8%AA%D8%B1%D8%A7%D8%AA-%DA%A9%D9%84%D8%B3%DB%8C%D9%85-05-%DA%A9%DB%8C%D9%84%D9%88%DA%AF%D8%B1%D9%85/,کود نیترات کلسیم ۰.۵ کیلوگرم,,30000,6000.0,5,,True,2025-07-27 16:49:28,2025-07-27 16:49:28
https://torob.com/p/cca271ed-e8a3-4d4b-8ae9-199e44d0d92a/%DA%A9%D9%88%D8%AF-%D8%B3%D9%88%D9%84%D9%81%D8%A7%D8%AA-%D8%A7%D9%85%D9%88%D9%86%DB%8C%D9%88%D9%85-25-%DA%A9%DB%8C%D9%84%D9%88%DA%AF%D8%B1%D9%85/,کود سولفات آمونیوم ۲۵ کیلوگرم,,50000,2000.0,25,,True,2025-07-27 16:49:29,2025-07-29 15:02:21
https://torob.com/p/1bf077b3-45d1-427f-8e37-b9a1f86a430d/%DA%A9%D9%88%D8%AF-%D9%85%D8%A7%DB%8C%D8%B9-%D9%87%DB%8C%D9%88%D9%85%DB%8C%DA%A9-%D8%A7%D8%B3%DB%8C%D8%AF-%D8%B3%D8%A8%D9%88-%D8%B3%DB%8C%D8%A8-%D9%88%D8%B2%D9%86-12-%DA%A9%DB%8C%D9%84%D9%88%DA%AF%D8%B1%D9%85/,کود مایع هیومیک اسید سبو سیب وزن ۱.۲ کیلوگرم,,294500,147250.0,2,,True,2025-07-27 16:49:30,2025-07-27 16:49:30
https://torob.com/p/93b70382-de70-4dc3-a482-47c9b6f4802e/%DA%A9%D9%88%D8%AF-%D8%B3%D9%88%D9%BE%D8%B1-%D9%81%D8%B3%D9%81%D8%A7%D8%AA-%D8%AA%D8%B1%DB%8C%D9%BE%D9%84/,کود سوپر فسفات تریپل,,50000,nan,,,True,2025-07-27 16:49:32,2025-07-29 15:02:11
https://torob.com/p/609634e4-9551-409a-96be-a029c01db5a4/%DA%A9%D9%88%D8%AF-%D9%87%DB%8C%D9%88%D9%85%DB%8C%DA%A9-%D8%A7%D8%B3%DB%8C%D8%AF-%D9%85%D8%AC%DB%8C%DA%A9-%D9%88%D8%B2%D9%86-1-%DA%A9%DB%8C%D9%84%D9%88%DA%AF%D8%B1%D9%85/,کود هیومیک اسید مجیک وزن ۱ کیلوگرم,,229000,229000.0,1,,True,2025-07-27 16:49:33,2025-07-27 16:49:33
https://torob.com/p/45692e9f-2e55-486d-ad53-861cda4a15ff/%D8%B3%D9%85-%D8%A8%D8%B1%D8%AF%D9%88%D9%81%DB%8C%DA%A9%D8%B3-%D8%A8%D8%A7%D8%BA%D8%A8%D8%A7%D9%86-%D8%AA%D8%A7%DA%A9-%D8%AD%D8%AC%D9%85-1-%D9%84%DB%8C%D8%AA%D8%B1-%D9%82%D8%A7%D8%B1%DA%86-%DA%A9%D8%B4-%D9%88-%D8%A8%D8%A7%DA%A9%D8%AA%D8%B1%DB%8C-%DA%A9%D8%B4/,سم بردوفیکس باغبان تاک حجم ۱ لیتر قارچ‌کش و باکتری‌کش,,1,1.0,1,,True,2025-07-27 16:49:34,2025-07-29 15:02:01
https://torob.com/p/b414ba08-697e-4019-9a9b-75add39d6c24/%DA%A9%D9%88%D8%AF-%D8%AA%D8%B1%DB%8C%D8%AA%DB%8C%DA%A9%D9%88%D9%86%D8%A7%D8%B2%D9%88%D9%84-%2B-%D9%BE%DB%8C%D8%B1%D8%A7%DA%A9%D9%84%D9%88%D8%A7%D8%B3%D8%AA%D8%B1%D9%88%D8%A8%DB%8C%D9%86-%D8%A8-%D8%A7-%D8%A7%D8%B3-%D8%A7%D9%81-%D9%85%D8%AF%D9%84-%D8%A7%DB%8C%D9%86%D8%B4%D9%88%D8%B1-%D9%BE%D8%B1%D9%81%D8%B1%D9%85-12-%D8%AF%D8%B1%D8%B5%D8%AF-%D8%AD%D8%AC%D9%85-5-%D9%84%DB%8C%D8%AA%D8%B1-%D9%88-250-%D8%B3%DB%8C-%D8%B3%DB%8C/,کود تریتیکونازول + پیراکلواستروبین ب آ اس اف مدل اینشور پرفرم ۱۲ درصد حجم ۵ لیتر و ۲۵۰ سی سی,,18400000,3680000.0,5,,True,2025-07-27 16:49:38,2025-07-27 16:49:38
https://torob.com/p/ce7540bc-6d86-476f-be96-47fae404cfda/%D9%85%D9%88%D9%86%D9%88-%D9%BE%D8%AA%D8%A7%D8%B3%DB%8C%D9%85-%D9%81%D8%B3%D9%81%D8%A7%D8%AA-25-%DA%A9%DB%8C%D9%84%D9%88%DA%AF%D8%B1%D9%85/,مونو پتاسیم فسفات ۲۵ کیلوگرم,,135000,5400.0,25,,True,2025-07-27 16:49:44,2025-07-29 15:02:33
https://torob.com/p/1dd7ce4b-a70d-406e-802e-c920e0b7b8e5/%DA%A9%D9%88%D8%AF-%D9%88-%D8%B3%D9%85-%D9%88%D9%86%D8%AA%DB%8C%DA%AF%D8%B1%D8%A7-%D8%A8-%D8%A7-%D8%A7%D8%B3-%D8%A7%D9%81/,کود و سم ونتیگرا ب آ اس اف,,10000000,nan,,,True,2025-07-27 16:50:11,2025-07-29 15:02:41
https://torob.com/p/41b77d83-288e-4336-8ed7-1754a6d1aa16/%DA%A9%D9%88%D8%AF-%D9%85%D8%A7%DB%8C%D8%B9-%D9%85%D8%B1%D8%BA%DB%8C-%D8%BA%D9%86%DB%8C-%D8%B4%D8%AF%D9%87-%D8%A8%D8%B1%D8%A7%DB%8C-%D8%A7%D9%81%D8%B2%D8%A7%DB%8C%D8%B4-%D8%B9%D9%85%D9%84%DA%A9%D8%B1%D8%AF-%D9%85%D8%AD%D8%B5%D9%88%D9%84-20-%D9%84%DB%8C%D8%AA%D8%B1%DB%8C/,کود مایع مرغی غنی شده برای افزایش عملکرد محصول 20 لیتری,,820000,41000.0,20,,True,2025-07-27 16:50:34,2025-07-29 15:02:28
https://torob.com/p/667c4c4b-88af-44b6-85f4-eb6bd7054cca/%DA%A9%D9%88%D8%AF-%D9%85%D9%88%D9%86%D9%88-%D9%BE%D8%AA%D8%A7%D8%B3%DB%8C%D9%85-%D9%81%D8%B3%D9%81%D8%A7%D8%AA-%D8%B2%DB%8C%DA%AF%D9%84%D8%B1/,کود مونو پتاسیم فسفات زیگلر,,8046000,nan,,,True,2025-07-27 16:50:38,2025-07-27 16:50:38
https://torob.com/p/6c1165a6-76d4-416d-9199-cc5babbf0302/%DA%A9%D9%88%D8%AF-%D9%85%D9%88%D9%86%D9%88-%D8%A7%D9%85%D9%88%D9%86%DB%8C%D9%88%D9%85-%D9%81%D8%B3%D9%81%D8%A7%D8%AA-25-%DA%A9%DB%8C%D9%84%D9%88%DB%8C%DB%8C/,کود مونو آمونیوم فسفات 25 کیلویی,,4500000,180000.0,25,,True,2025-07-27 16:50:59,2025-07-27 16:50:59
https://torob.com/p/a5d15f45-dfbb-45d2-a45d-0ac1ea9c7b44/%D9%87%D9%88%D8%B1%D9%85%D9%88%D9%86-%D9%85%D8%AF%D8%A7%DA%A9%D8%B3-%D8%AA%D8%A7%D9%BE-250-%D8%B3%DB%8C-%D8%B3%DB%8C/,هورمون مداکس تاپ ۲۵۰ سی سی,,1150000,nan,,,True,2025-07-27 16:51:18,2025-07-27 16:51:18
https://torob.com/p/7b0bc904-bee2-43fc-b10c-9d9bb0407903/%DA%AF%D9%88%DA%AF%D8%B1%D8%AF-%D9%85%D8%A7%DB%8C%D8%B9-%D8%A7%D9%81%D8%B2%D8%A7%DB%8C%D8%B4-%D8%AF%D9%87%D9%86%D8%AF%D9%87-%D8%B1%D8%B4%D8%AF-%D8%B1%DB%8C%D8%B4%D9%87-%D9%88-%D9%82%D8%A7%D8%B1%DA%86%DA%A9%D8%B4/,گوگرد مایع افزایش دهنده رشد ریشه و قارچکش,,100000,nan,,,True,2025-07-27 16:51:26,2025-07-27 16:51:26
https://torob.com/p/3aaf732c-f8bc-443e-871b-e6ca022d5436/%DA%A9%D9%88%D8%AF-%D8%A7%D9%87%D9%86-%D8%B2%D8%A7%DB%8C%D8%B2-%D8%A7%D9%86%DA%AF%D9%84%D8%B3%D8%AA%D8%A7%D9%86-%D8%A7%D9%88%D8%B1%D8%AA%D9%88-%D8%A7%D9%88%D8%B1%D8%AA%D9%88-48/,کود آهن زایز انگلستان اورتو اورتو 4.8,,1490000,nan,,,True,2025-07-27 16:52:09,2025-07-27 16:52:09
https://torob.com/p/a4f24416-e239-49f5-a4d9-c2cbd8a7197d/%D8%AE%D8%B1%DB%8C%D8%AF-%D8%B9%D9%84%D9%81-%DA%A9%D8%B4-%D8%A8%D8%AA%D8%A7%D9%86%D8%A7%D9%84-%D8%B2%D8%B1%DB%8C%D9%86-%D8%B3%D9%85-1-%D9%84%DB%8C%D8%AA%D8%B1%DB%8C/,خرید علف کش بتانال زرین سم 1 لیتری,,1200000,1200000.0,1,,True,2025-07-27 16:52:50,2025-07-27 16:52:50
https://torob.com/p/fdc84076-e21a-4076-b397-f96b880d5255/%D9%82%D8%A7%D8%B1%DA%86-%DA%A9%D8%B4-%D8%A7%D9%84%DB%8C%D8%AA-%D9%81%D9%88%D8%B2%D8%AA%DB%8C%D9%84-%D8%A7%D9%84%D9%88%D9%85%DB%8C%D9%86%DB%8C%D9%88%D9%85-%D9%88%D8%B2%D9%86-05-%DA%A9%DB%8C%D9%84%D9%88%DA%AF%D8%B1%D9%85/,قارچ کش الیت (فوزتیل آلومینیوم) وزن ۰.۵ کیلوگرم,,350000,70000.0,5,,True,2025-07-27 16:52:56,2025-07-27 16:52:56
https://torob.com/p/0c805a7f-1c1f-4569-9194-50538699fe9a/%D9%81%D8%A7%DA%A9%D9%88%D9%85%DB%8C%D9%84-35-%D8%AF%D8%B1%D8%B5%D8%AF/,فاکومیل ۳۵ درصد,,2550000,nan,,,True,2025-07-27 16:52:58,2025-07-27 16:52:58
https://torob.com/p/d5c333d1-85e0-4f6b-886b-f11c724fdf1b/%DA%A9%D9%88%D8%AF-%D8%B3%DA%A9%D9%88%D9%86%D8%B4%DB%8C%D8%A7%D9%84-2-%D8%A7%D9%85%DA%A9%D8%B3-1-%D9%84%DB%8C%D8%AA%D8%B1%DB%8C/,کود سکونشیال 2 امکس 1 لیتری,,1412000,1412000.0,1,,True,2025-07-27 16:53:04,2025-07-27 16:53:04
https://torob.com/p/5f859497-192f-4e47-92bd-db8f9478e162/%D8%B3%D9%85-%D9%82%D8%A7%D8%B1%DA%86-%DA%A9%D8%B4-%D8%A7%D9%84%DB%8C%D8%AA/,سم قارچ کش الیت,,89000,nan,,,True,2025-07-27 16:53:08,2025-07-27 16:53:08
https://torob.com/p/7068c913-5004-4617-a8cd-a6217f12cdf4/%D8%AA%D9%82%D9%88%DB%8C%D8%AA-%DA%A9%D9%86%D9%86%D8%AF%D9%87-%D9%88-%D9%85%D8%AD%D8%B1%DA%A9-%D8%B1%D8%B4%D8%AF-%DA%AF%D8%B1%D8%A7%D9%86%D9%88%D9%84-%D8%A7%D8%B1%D8%A7%D9%85-%D8%A7%D8%B2%D8%A7%D8%AF-%D8%B4%D9%88%D9%86%D8%AF%D9%87-hb-101-%DA%98%D8%A7%D9%BE%D9%86-%D9%88%D8%B2%D9%86-%DA%A9%D9%88%D8%AF-10-%DA%AF%D8%B1%D9%85/,تقویت کننده و محرک رشد گرانول آرام آزاد شونده HB-101 ژاپن وزن کود ۱۰ گرم,,157000,nan,,,True,2025-07-27 16:53:17,2025-07-27 16:53:17
https://torob.com/p/66b33fbf-8845-4de2-a842-8a925d17b176/%DA%A9%D9%88%D8%AF-%D9%BE%D9%84%D8%AA-%D9%85%D8%B1%D8%BA%DB%8C-%D8%BA%D9%86%DB%8C-%D8%B4%D8%AF%D9%87-25-%DA%A9%DB%8C%D9%84%D9%88%DB%8C%DB%8C/,کود پلت مرغی غنی شده 25 کیلویی,,220000,8800.0,25,,True,2025-07-27 16:53:22,2025-07-27 16:53:22
https://torob.com/p/a3bafbf9-0600-4c93-b9f7-47ecb2f980b4/%D8%B3%DB%8C%D9%84%DB%8C%DA%A9%D8%A7%D8%AA-%D9%BE%D8%AA%D8%A7%D8%B3%DB%8C%D9%85-5%D9%84%DB%8C%D8%AA%D8%B1%DB%8C/,سیلیکات پتاسیم(۵لیتری),,1200000,240000.0,5,,True,2025-07-27 16:53:36,2025-07-27 16:53:36
https://torob.com/p/7d083b17-dc97-4a21-b0dd-7befa3489a69/%DA%A9%D9%88%D8%AF-%D8%A7%D8%A8%D8%A7%D9%85%DA%A9%D8%AA%DB%8C%D9%86-%D8%B7%D9%84%D8%A7%DB%8C%DB%8C-1-%D9%84%DB%8C%D8%AA%D8%B1%DB%8C-%DA%AF%D9%84-%D8%B3%D9%85/,کود آبامکتین طلایی 1 لیتری گل سم,,641500,641500.0,1,,True,2025-07-27 16:53:42,2025-07-27 16:53:42
https://torob.com/p/713e3f02-0d31-4177-8c16-0d6a37a2b7e0/%D8%AE%D8%B1%DB%8C%D8%AF-%D8%A7%DB%8C%D9%86%D8%AA%D8%B1%D9%86%D8%AA%DB%8C-%DA%A9%D9%88%D8%AF-%D8%AC%D9%84%D8%A8%DA%A9-%D8%AF%D8%B1%DB%8C%D8%A7%DB%8C%DB%8C-%D9%85%D8%A7%D8%B1%D9%85%D8%A7%D8%B1%DB%8C%D9%86-1%D9%84%DB%8C%D8%AA%D8%B1%DB%8C-%D8%A7%D8%B2-%D8%B4%D8%B1%DA%A9%D8%AA-iftc/,خرید اینترنتی کود جلبک دریایی مارمارین 1لیتری از شرکت IFTC,,899000,899000.0,1,,True,2025-07-27 16:53:56,2025-07-27 16:53:56
https://torob.com/p/97f1c7d2-e3e7-4ae4-aefb-44e14d6fe540/%DA%A9%D9%88%D8%AF-%D9%87%DB%8C%D9%88%D9%85%DB%8C%DA%A9-%D8%A7%D8%B3%DB%8C%D8%AF-%D8%A8%D8%A7%D8%B1%D8%B3%D9%84%D9%88%D8%B3-%D9%BE%D8%B1%D8%AA%D8%BA%D8%A7%D9%84-%D9%87%DB%8C%D9%88%D9%85%DB%8C%DA%A9-%D9%BE%D9%88%D8%AF%D8%B1%DB%8C/,کود هیومیک اسید بارسلوس پرتغال | هیومیک پودری,,660000,nan,,,True,2025-07-27 16:54:05,2025-07-27 16:54:05
https://torob.com/p/70a87052-aa2b-4d80-b3e1-765c1a88938d/%DA%A9%D9%88%D8%AF-%D9%85%D8%A7%DB%8C%D8%B9-%D9%BE%D8%AA%D8%A7%D8%B3-%D8%A8%D8%A7%D9%84%D8%A7-%D8%A8%D8%A7%D8%B1%D8%B3%D9%84%D9%88%D8%B3/,کود مایع پتاس بالا بارسلوس,,830000,nan,,,True,2025-07-27 16:54:09,2025-07-27 16:54:09
https://torob.com/p/3fc5aee2-8681-43a8-8612-766ffa0a962d/%DA%A9%D9%88%D8%AF-%D8%B1%DB%8C%D8%B4%D9%87-%D8%B2%D8%A7-%D8%A8%D8%A7%D8%B3%DB%8C%D9%84%D8%A7%D8%B1-%D8%B1%D8%AF%D8%B3%D8%A7-1-%D9%84%DB%8C%D8%AA%D8%B1%DB%8C/,کود ریشه‌زا باسیلار ردسا 1 لیتری,,1242000,1242000.0,1,,True,2025-07-27 16:54:13,2025-07-27 16:54:13
https://torob.com/p/97eeaab9-e8d0-4959-a18f-2b5c4c17278d/%DA%A9%D9%88%D8%AF-%D8%A7%D9%85%DB%8C%D9%86%D9%88-%D8%A7%D8%B3%DB%8C%D8%AF-%D8%A8%D8%A7%D8%B1%D8%B3%D9%84%D9%88%D8%B3-%D8%A7%D8%B3%DB%8C%D8%AF-%D8%A7%D9%85%DB%8C%D9%86%D9%87-%D9%BE%D9%88%D8%AF%D8%B1%DB%8C/,کود آمینو اسید بارسلوس | اسید آمینه پودری,,1177000,nan,,,True,2025-07-27 16:54:16,2025-07-27 16:54:16
https://torob.com/p/66ab636b-3ee5-490b-8792-82977d4fbc5e/%D9%86%DB%8C%D8%AA%D8%B1%D8%A7%D8%AA-%D9%BE%D8%AA%D8%A7%D8%B3%DB%8C%D9%85-%D8%A7%D8%B1%DB%8C%D8%A7-%D8%B4%DB%8C%D9%85%DB%8C/,نیترات پتاسیم آریا شیمی,,2500000,nan,,,True,2025-07-27 16:54:21,2025-07-27 16:54:21
https://torob.com/p/7eb3c04e-a9b2-4b92-8e15-00ef5608ebad/%DA%A9%D9%88%D8%AF-%D8%A7%D9%87%D9%86-%D8%A7%D8%AF%D9%86/,کود آهن ادن,,570000,nan,,,True,2025-07-27 16:54:30,2025-07-27 16:54:30
https://torob.com/p/6a63a0c0-c282-4f62-af11-c48c7906de66/%DA%A9%D9%88%D8%AF-%D8%A7%D8%B3%DB%8C%D8%AF-%D9%87%DB%8C%D9%88%D9%85%DB%8C%DA%A9-%D9%85%D8%A7%DB%8C%D8%B9-%DA%AF%D8%B1%DB%8C%D9%86-%D9%BE%DB%8C%DA%A9-%D8%AD%D8%AC%D9%85-20-%D9%84%DB%8C%D8%AA%D8%B1/,کود اسید هیومیک مایع گرین پیک حجم 20 لیتر,,1300000,65000.0,20,,True,2025-07-27 16:54:33,2025-07-27 16:54:33
https://torob.com/p/c75dd1ad-2ad5-4361-9b92-e4f9143ddd58/%DA%AF%D9%88%DA%AF%D8%B1%D8%AF-%D9%85%D8%A7%DB%8C%D8%B9-%D9%BE%D8%AA%D8%A7%D8%B3%DB%8C%D9%85%DB%8C-%D9%81%D8%A7%D8%B1%D9%87%D8%A7%D9%85/,گوگرد مایع پتاسیمی فارهام,,1470000,nan,,,True,2025-07-27 16:54:37,2025-07-27 16:54:37
https://torob.com/p/9d280367-5946-413b-a510-e5d566c06258/%DA%A9%D9%88%D8%AF-%D9%87%DB%8C%D9%88%D9%85%DB%8C%DA%A9-%D8%A7%D8%B3%DB%8C%D8%AF-60-%D9%88%D8%A7%D9%86%D9%88%D9%85%D8%A7-%D8%B1%DB%8C%D8%B4%D9%87-%D8%B2%D8%A7-1-%DA%A9%DB%8C%D9%84%D9%88%DB%8C%DB%8C/,کود هیومیک اسید ۶۰% وانوما ریشه زا ۱ کیلویی,,766000,766000.0,1,,True,2025-07-27 16:54:40,2025-07-27 16:54:40
https://torob.com/p/18dcc879-1e3b-478f-b3be-c70e18021faa/%DA%A9%D9%88%D8%AF-%DA%A9%D8%A7%D9%85%D9%84-36-12-12-%D9%85%DB%8C%D9%84-%D8%AA%D8%A7%D8%B1-%D8%AA%D8%B1%DA%A9%DB%8C%D9%87-mill-tar-npk-12-12-36-%2Bte/,کود کامل 36 12 12 میل تار ترکیه (Mill-tar NPK 12 12 36 +TE),,2350000,nan,,,True,2025-07-27 16:54:43,2025-07-27 16:54:43
https://torob.com/p/c4cbbbb7-8074-476f-91a4-d88f8b9b04f1/%D8%B3%D9%85-%D9%82%D8%A7%D8%B1%DA%86-%DA%A9%D8%B4-%D9%85%D8%A7%D9%86%DA%A9%D9%88%D8%B2%D8%A8-%D8%AF%D9%84%D8%AA%D8%A7%D9%BE%D8%A7%D8%B1%D8%B3-%D9%86%D9%87%D8%A7%D8%AF%D9%87-%DB%8C%DA%A9-%DA%A9%DB%8C%D9%84%D9%88%DB%8C%DB%8C/,سم قارچ کش مانکوزب دلتاپارس نهاده یک کیلویی,,730000,nan,,,True,2025-07-27 16:54:50,2025-07-27 16:54:50
https://torob.com/p/577fc061-e124-4e67-a0f4-baeb13ba8535/%DA%A9%D9%88%D8%AF-%D9%85%D8%AD%D8%B1%DA%A9-%D8%B1%D8%B4%D8%AF-%D8%B3%D8%A8%D9%88-%D8%B3%DB%8C%D8%A8-1-%D9%84%DB%8C%D8%AA%D8%B1%DB%8C/,کود محرک رشد سبو سیب ۱ لیتری,,312300,312300.0,1,,True,2025-07-27 16:54:53,2025-07-27 16:54:53
https://torob.com/p/f6a74b89-28f6-4dd3-ba46-006188aaed9e/%D8%B3%D9%85-%D9%82%D8%A7%D8%B1%DA%86-%DA%A9%D8%B4-%D8%A8%D8%B1%D8%AF%D9%88%D9%81%DB%8C%DA%A9%D8%B3-20-%D8%A8%D8%A7%D8%BA%D8%A8%D8%A7%D9%86-%D8%AA%D8%A7%DA%A9-5-%D9%84%DB%8C%D8%AA%D8%B1%DB%8C-%D9%85%D8%AD%D8%A7%D9%81%D8%B8-%D8%A7%D8%B1%DA%AF%D8%A7%D9%86%DB%8C%DA%A9-%D8%AF%D8%B1%D8%AE%D8%AA%D8%A7%D9%86-%D8%A7%D8%B2-%D9%82%D8%A7%D8%B1%DA%86-%D9%87%D8%A7/,سم قارچ‌کش بردوفیکس ۲۰٪ باغبان تاک – ۵ لیتری | محافظ ارگانیک درختان از قارچ‌ها,,800000,160000.0,5,,True,2025-07-27 16:54:59,2025-07-27 16:54:59
https://torob.com/p/92fc108e-19da-4935-affe-758afa173878/%D8%B3%D9%85-%D8%AF%DB%8C%D8%A7%D8%B2%D9%86%D9%88%D9%86-60-%D8%AF%D8%B1%D8%B5%D8%AF-%D9%85%D8%B2%D8%B1%D8%B9%D9%87-1-%D9%84%DB%8C%D8%AA%D8%B1%DB%8C/,سم دیازنون ۶۰ درصد مزرعه - ۱ لیتری,,565500,565500.0,1,,True,2025-07-27 16:55:21,2025-07-27 16:55:21
https://torob.com/p/8e26835e-0f39-4a92-9eba-cf81f1c4af5d/%DA%A9%D9%88%D8%AF-%D9%85%D9%88%D9%86%D9%88-%D9%81%D8%B3%D9%81%D8%A7%D8%AA-%D9%BE%D8%AA%D8%A7%D8%B3%DB%8C%D9%85-%DA%A9%D9%85%D9%BE%D9%84%DA%A9%D8%B3/,کود مونو فسفات پتاسیم کمپلکس,,480000,nan,,,True,2025-07-27 16:55:54,2025-07-27 16:55:54
https://torob.com/p/80a3f56b-3bd5-4c92-9178-3ae7f4619ffa/%DA%A9%D9%85%D9%BE%D9%88%D8%B3%D8%AA-%D9%85%D9%84%D8%A7%D8%B1%D8%AF-17-%DA%A9%DB%8C%D9%84%D9%88%DA%AF%D8%B1%D9%85/,کمپوست ملارد (17 کیلوگرم),,8300,488.2352941176471,17,,True,2025-07-27 16:55:56,2025-07-27 16:55:56
https://torob.com/p/1e4902b1-bf9e-4401-8ea4-c24666a75dc0/%D8%B3%D9%85-%D9%82%D8%A7%D8%B1%DA%86%DA%A9%D8%B4-%D8%A7%D8%B3%D8%AA%D8%B1%D9%88%D8%A8%DB%8C-%D8%A8-%D8%A7-%D8%A7%D8%B3-%D8%A7%D9%81-200-%DA%AF%D8%B1%D9%85%DB%8C-%DA%A9%D8%B1%D8%B2%D9%88%DA%A9%D8%B3%DB%8C%D9%85-%D9%85%D8%AA%DB%8C%D9%84/,سم قارچکش استروبی ب آ اس اف ۲۰۰ گرمی (کرزوکسیم متیل),,1299000,nan,,,True,2025-07-27 16:56:10,2025-07-27 16:56:10
https://torob.com/p/6cb7a098-9a6a-44a7-83bd-960a5aae4661/%D8%B3%D9%85-%D8%B9%D9%84%D9%81-%DA%A9%D8%B4-%D8%B3%D9%88%D9%84%D9%81%D9%88%D8%B3%D9%88%D9%84%D9%81%D9%88%D8%B1%D9%88%D9%86-%D8%A7%D9%BE%DB%8C%D8%B1%D9%88%D8%B3-52-%DA%AF%D8%B1%D9%85%DB%8C-%D9%85%D9%87%D8%A7%D9%86-%DA%A9%D9%86%D8%AA%D8%B1%D9%84-%D8%B9%D9%84%D9%81-%D9%87%D8%A7%DB%8C-%D9%87%D8%B1%D8%B2-%DA%AF%D9%86%D8%AF%D9%85/,سم علف‌کش سولفوسولفورون آپیروس ۵۲ گرمی مهان | کنترل علف‌های هرز گندم,,570000,nan,,,True,2025-07-27 16:56:17,2025-07-27 16:56:17
https://torob.com/p/b3027152-3e05-4ec1-a630-0efcaae4f7e6/%DA%A9%D9%88%D8%AF-%D9%85%D8%B1%D8%BA%DB%8C-%D9%85%D8%A7%DB%8C%D8%B9-%D8%A8%DB%8C%D9%88-%D8%A7%DA%AF%D8%B1%D9%88-20-%D9%84%DB%8C%D8%AA%D8%B1%DB%8C-%D9%BE%D8%B1%D9%87%D8%A7%D9%85/,کود مرغی مایع بیو اگرو 20 لیتری پرهام,,998000,49900.0,20,,True,2025-07-27 16:56:24,2025-07-27 16:56:24
https://torob.com/p/25490ad3-f74a-483c-be3a-ccb6b75cfadf/%D9%81%D9%88%D8%B3%DA%A9%D8%A7%D9%BE%D8%A7-%D9%81%D8%B3%D9%81%DB%8C%D8%AA-%D9%BE%D8%AA%D8%A7%D8%B3%DB%8C%D9%85/,فوسکاپا (فسفیت پتاسیم),,720000,nan,,,True,2025-07-27 16:56:34,2025-07-27 16:56:34
https://torob.com/p/faca77a8-bb69-4277-a27f-74100b7c568d/%DA%A9%D8%A7%D8%B1%D8%AA%D8%A7%D9%BE/,کارتاپ,,165000,nan,,,True,2025-07-27 16:56:39,2025-07-27 16:56:39
https://torob.com/p/135fad6c-9be1-490c-bbdd-0ba597ca1124/%DA%A9%D9%88%D8%AF-%D9%85%D8%A7%DB%8C%D8%B9-%D8%A7%DA%A9%D9%88%D8%B1%D9%85%D9%88%D9%86-%D9%81%DB%8C%D9%88%DA%86%D8%B1%DA%A9%D9%88-%D8%A8%D8%A7%DB%8C%D9%88%D8%B3%D8%A7%DB%8C%D9%86%D8%B3-%D9%88%D8%B2%D9%86-05-%DA%A9%DB%8C%D9%84%D9%88%DA%AF%D8%B1%D9%85/,کود مایع اکورمون فیوچرکو بایوساینس وزن ۰.۵ کیلوگرم,,1070000,214000.0,5,,True,2025-07-27 16:56:40,2025-07-27 16:56:40
https://torob.com/p/9118e0a1-3f66-4a6f-aeba-6799174e6de6/%DA%A9%D9%88%D8%AF-%D8%B3%D9%88%D9%84%D9%81%D8%A7%D8%AA-%D8%A7%D9%85%D9%88%D9%86%DB%8C%D9%88%D9%85-%D8%A8%D8%A7%D8%B1%D9%86%D9%88/,کود سولفات آمونیوم بارنو,,1120000,nan,,,True,2025-07-27 16:56:43,2025-07-27 16:56:43
https://torob.com/p/d1c057d1-7661-4cc5-ab18-106a42906104/%D8%AA%DB%8C%D8%A7%D9%85%D8%AA%D9%88%DA%A9%D8%B3%D8%A7%D9%85%2B%D8%A7%D8%A8%D8%A7%D9%85%DA%A9%D8%AA%DB%8C%D9%86/,تیامتوکسام+آبامکتین,,750000,nan,,,True,2025-07-27 16:56:49,2025-07-27 16:56:49
https://torob.com/p/793d87f3-6258-42da-a62e-f888b37db4b7/%DA%A9%D9%88%D8%AF-%DA%A9%D9%84%D8%A7%D8%AA-%D8%B1%D9%88%DB%8C-%D9%BE%D9%88%D8%AF%D8%B1%DB%8C-20-%D8%AA%D8%A7%DB%8C%D9%85%DA%A9%D8%B3-1-%DA%A9%DB%8C%D9%84%D9%88%DA%AF%D8%B1%D9%85/,کود کلات روی پودری 20٪ تایمکس 1 کیلوگرم,,650000,650000.0,1,,True,2025-07-27 16:56:52,2025-07-27 16:56:52
https://torob.com/p/aa7b5e12-91e1-4ab5-8cfe-665ef534983d/%DA%A9%D9%88%D8%AF-%D8%A7%D8%A8%D8%A7%D9%85%DA%A9%D8%AA%DB%8C%D9%86-%D9%BE%D8%AA-%D9%86%DB%8C%D9%85-%D9%84%DB%8C%D8%AA%D8%B1%DB%8C-%D9%85%D9%87%D8%A7%D9%86/,کود آبامکتین پت نیم لیتری مهان,,273000,nan,,,True,2025-07-27 16:56:59,2025-07-27 16:56:59
https://torob.com/p/88a1866d-1df4-41aa-b56d-412c9fef8ad9/%DA%A9%D9%88%D8%AF-20-20-20-%D9%81%D9%84%DB%8C%DA%A9%D8%B3%D9%BE%D8%B1-%D8%AD%D8%AC%D9%85-10-%DA%A9%DB%8C%D9%84%D9%88%DB%8C%DB%8C/,کود 20-20-20 فلیکسپر حجم 10 کیلویی,,3000000,300000.0,10,,True,2025-07-27 16:57:00,2025-07-27 16:57:00
https://torob.com/p/adf13b7e-eda7-4ccc-9035-f2ab2001bc4f/%D9%85%D8%AA%D8%A7%D9%84%D8%A7%DA%A9%D8%B3%DB%8C%D9%84-%D9%85%D8%A7%D9%86%DA%A9%D9%88%D8%B2%D8%A8-%D8%A7%D8%B1%DB%8C%D8%A7/,متالاکسیل-مانکوزب آریا,,790000,nan,,,True,2025-07-27 16:57:15,2025-07-27 16:57:15
https://torob.com/p/b3e5be8b-f003-4baf-8fa3-88e206acaba7/%D9%BE%D8%B1%DB%8C%D9%86%D9%88%D8%A7-%DA%A9%D9%88%D8%AF-%D9%85%D8%A7%DB%8C%D8%B9-%D9%86%DB%8C%D8%AA%D8%B1%D9%88%DA%98%D9%86/,پرینوا کود مایع نیتروژن,,157300,nan,,,True,2025-07-27 16:57:24,2025-07-27 16:57:24
https://torob.com/p/244e4183-9b25-4e29-b589-e326ada46de1/%D8%A7%DB%8C%D9%BE%D8%B1%D9%88%D8%AF%DB%8C%D9%88%D9%86-%2B-%DA%A9%D8%A7%D8%B1%D8%A8%D9%86%D8%AF%D8%A7%D8%B2%DB%8C%D9%85-%D8%B4%DB%8C%D9%85%DB%8C-%DA%AF%D8%B3%D8%AA%D8%B1%D8%A7%D9%86/,ایپرودیون + کاربندازیم شیمی گستران,,895000,nan,,,True,2025-07-27 16:57:27,2025-07-27 16:57:27
https://torob.com/p/5c766841-31fb-4023-8375-3a594a83b328/%DA%98%D9%88%D9%BE%DB%8C%D8%AA%D8%B1-%D8%B3%DB%8C-%D8%A7%D8%B3/,ژوپیتر سی اس,,250000,nan,,,True,2025-07-27 16:57:34,2025-07-27 16:57:34
https://torob.com/p/7c209221-9e05-4b5b-aeb5-9da00e5d06e6/%DA%A9%D9%88%D8%AF-%D9%81%D9%88%D9%84%D9%88%D8%A7%D8%AA-%D9%BE%D8%AA%D8%A7%D8%B3%DB%8C%D9%85-%D8%B1%DB%8C%D8%B4%D9%87-%D8%B2%D8%A7-%DB%8C%DA%A9-%DA%A9%DB%8C%D9%84%D9%88%DB%8C%DB%8C/,کود فولوات پتاسیم ریشه زا یک کیلویی,,800000,nan,,,True,2025-07-27 16:57:35,2025-07-27 16:57:35
https://torob.com/p/60b53fac-3a5d-4b52-b0b8-669a314106ca/%D9%BE%D8%B1%D9%84%DB%8C%D8%AA-%D8%A8%D8%A7%D8%BA%D8%A8%D8%A7%D9%86-40-%D9%84%DB%8C%D8%AA%D8%B1%DB%8C/,پرلیت باغبان - 40 لیتری,,158000,3950.0,40,,True,2025-07-27 16:57:38,2025-07-27 16:57:38
https://torob.com/p/8ea99277-12e3-4f80-b2d4-8a8b465a8e01/%DA%A9%D9%88%D8%AF-%D9%85%D8%A7%DB%8C%D8%B9-%D8%B3%D9%87-%D8%A8%DB%8C%D8%B3%D8%AA-npk-20-20-20-%D8%AA%D8%A7%DB%8C%D9%85%DA%A9%D8%B3-150ml/,کود مایع سه بیست NPK ۲۰ ۲۰ ۲۰ تایمکس 150ml,,160000,nan,,,True,2025-07-27 16:58:12,2025-07-27 16:58:12
https://torob.com/p/46b35cd5-58a9-453e-99e6-bf0bec0889ae/%DA%A9%D9%88%D8%AF-%D8%AF%D8%A7%D9%85%DB%8C-%D9%81%D8%B1%D8%A7%D9%88%D8%B1%DB%8C-%D8%B4%D8%AF%D9%87-%D8%A8%D8%A7%D8%BA%D8%A8%D8%A7%D9%86-20-%D9%84%DB%8C%D8%AA%D8%B1%DB%8C/,کود دامی فراوری شده باغبان - 20 لیتری,,93000,4650.0,20,,True,2025-07-27 16:58:21,2025-07-27 16:58:21
https://torob.com/p/92fe7620-6d08-45e6-a567-a64bf1f74b34/%D8%B1%D9%88%D8%BA%D9%86-%D9%88%D9%84%DA%A9-5%D9%84%DB%8C%D8%AA%D8%B1%DB%8C-%D8%A7%D8%B1%DB%8C%D8%A7-%D8%B4%DB%8C%D9%85%DB%8C/,روغن ولک - 5لیتری آریا شیمی,,580000,116000.0,5,,True,2025-07-27 16:58:29,2025-07-27 16:58:29
https://torob.com/p/f75fab9e-a7b9-4e3c-aed2-d2dbcf9ffa40/%DA%A9%D9%88%D8%AF-%D9%81%D8%B1%D9%88%D8%AA-%D8%B3%D8%AA-%D9%BE%D9%88%D8%AF%D8%B1%DB%8C-%D9%88%D8%A7%D9%86%D9%88%D9%85%D8%A7-1-%DA%A9%DB%8C%D9%84%D9%88%DB%8C%DB%8C/,کود فروت ست پودری وانوما ۱ کیلویی,,775000,775000.0,1,,True,2025-07-27 16:58:36,2025-07-27 16:58:36
https://torob.com/p/2af593c9-0c5e-43fe-8229-bfad67c69d5e/%DA%A9%D9%88%D8%AF-%D9%85%D8%A7%DB%8C%D8%B9-%D9%81%D8%B1%D9%88%D8%AA-%D8%B3%D8%AA-%D8%AC%D9%86%D9%88%D8%A8%DA%AF%D8%A7%D9%86-%D8%AD%D8%AC%D9%85-1-%D9%84%DB%8C%D8%AA%D8%B1/,کود مایع فروت ست جنوبگان حجم ۱ لیتر,,176000,176000.0,1,,True,2025-07-27 16:58:47,2025-07-27 16:58:47
https://torob.com/p/2588bffa-2c18-4c25-bf79-f57fcd413eea/%DA%A9%D9%88%D8%AF-%D8%B1%DB%8C%D8%B2-%D9%85%D8%BA%D8%B0%DB%8C-%D8%A8%D8%A7%D8%B1%D8%B3%D9%84%D9%88%D8%B3-%D9%BE%D8%B1%D8%AA%D8%BA%D8%A7%D9%84-%DA%A9%D9%88%D8%AF-%D9%85%DB%8C%DA%A9%D8%B1%D9%88%D9%86%D9%88%D8%AA%D8%B1%DB%8C%D9%86%D8%AA-%D9%BE%D9%88%D8%AF%D8%B1%DB%8C/,کود ریز مغذی بارسلوس پرتغال | کود میکرونوترینت پودری,,1265000,nan,,,True,2025-07-27 16:58:55,2025-07-27 16:58:55
https://torob.com/p/024ed754-ac33-4f9e-8892-7804f7789c81/%DA%A9%D9%88%D8%AF-%D8%A7%DA%AF%D8%B1%DB%8C-%D8%A7%D9%85-2/,کود اگری ام 2,,5950000,nan,,,True,2025-07-27 16:58:59,2025-07-27 16:58:59
https://torob.com/p/6f58106c-cd3d-40e3-9e4a-9ea4330bb394/%DA%A9%D9%88%D8%AF-%D9%81%D9%88%D9%84%DB%8C%D8%A7%D8%B1-%DA%A9%D8%A750-k50-%D8%A7%D9%85%DA%A9%D8%B3-1-%D9%84%DB%8C%D8%AA%D8%B1%DB%8C/,کود فولیار کا50 (K50) امکس 1 لیتری,,1251000,1251000.0,1,,True,2025-07-27 16:59:07,2025-07-27 16:59:07
https://torob.com/p/7a60e73c-e7cf-48fd-8c24-2a38bb80da45/%DA%A9%D9%88%D8%AF-%D9%81%D8%B1%D9%88%D8%AA-%D8%B3%D8%AA-%D8%A8%D8%B1%D8%B2%DB%8C%D9%86-%D8%A7%DB%8C%D9%86%D8%AA%D8%B1%D9%85%DA%AF/,کود فروت ست برزین اینترمگ,,574000,nan,,,True,2025-07-27 16:59:11,2025-07-27 16:59:11
https://torob.com/p/f0e9896b-c57a-4244-92a3-15eb807d92ff/%D8%B3%D9%85-%DA%A9%D9%86%D9%87-%DA%A9%D8%B4-%D8%A7%D8%A8%D8%A7%D9%85%DA%A9%D8%AA%DB%8C%D9%86-%D8%B7%D9%84%D8%A7%DB%8C%DB%8C-%D8%A8%D8%B1%D9%86%D8%AF-%D8%B7%DB%8C%D9%81-%D9%86%DB%8C%D9%85-%D9%84%DB%8C%D8%AA%D8%B1%DB%8C/,سم کنه کش آبامکتین طلایی | برند طیف | نیم لیتری,,280000,nan,,,True,2025-07-27 16:59:13,2025-07-27 16:59:13
https://torob.com/p/c882a59b-adac-49be-96ce-f119b930d967/%DA%A9%D9%88%D8%AF-%D8%AC%D9%84%D8%A8%DA%A9-%D8%AF%D8%B1%DB%8C%D8%A7%DB%8C%DB%8C-%D9%BE%D9%88%D8%AF%D8%B1%DB%8C-%D8%A7%D8%B3%D9%BE%D8%A7%D9%86%DB%8C%D8%A7-hex-weed-wp/,کود جلبک دریایی پودری اسپانیا – HEX WEED WP,,1650000,nan,,,True,2025-07-27 16:59:22,2025-07-27 16:59:22
https://torob.com/p/1bae1ce1-81d6-4d4e-a8f4-c2813ec0fa30/%D9%82%D8%A7%D8%B1%DA%86-%DA%A9%D8%B4-%D9%88-%DA%A9%D9%86%D9%87-%DA%A9%D8%B4-%D8%B3%D9%88%D9%84%D9%81%D9%88%D8%B1-80-%D8%A7%D8%B1%DB%8C%D8%A7-%D8%B4%DB%8C%D9%85%DB%8C/,قارچ کش و کنه کش سولفور 80% آریا شیمی,,355000,nan,,,True,2025-07-27 16:59:39,2025-07-27 16:59:39
https://torob.com/p/cfddadca-a6e9-4338-956d-edc1a49eee73/%D9%87%DB%8C%D9%88%D9%85%DB%8C%DA%A9-%D8%A7%D8%B3%DB%8C%D8%AF-%D9%85%D8%A7%DB%8C%D8%B9-5-%D9%84%DB%8C%D8%AA%D8%B1%DB%8C-bamford/,هیومیک اسید مایع 5 لیتری BAMFORD,,330000,66000.0,5,,True,2025-07-27 16:59:41,2025-07-27 16:59:41
https://torob.com/p/28ce6656-e587-417a-bb49-df40b99e7c12/%DA%A9%D9%88%D8%AF-%D9%88%DB%8C%D8%AA%D9%88%D9%85%DA%A9%D8%B3-%D8%A7%D9%85%DA%A9%D8%B3-1-%D9%84%DB%8C%D8%AA%D8%B1%DB%8C/,کود ویتومکس امکس 1 لیتری,,1118000,1118000.0,1,,True,2025-07-27 16:59:55,2025-07-27 16:59:55
https://torob.com/p/e5f25c2e-3ccc-4d20-8455-5d714e381ada/%DA%A9%D9%88%D8%AF-%D8%A7%D8%B3%DB%8C%D8%AF-%D8%B6%D8%AF-%D8%B4%D9%88%D8%B1%DB%8C-%DA%A9%D8%AF%D8%A7%D8%B3%D8%A7%D9%84-%D9%BE%D8%B1%DB%8C%D9%85%DB%8C%D9%88%D9%85-5-%D9%84%DB%8C%D8%AA%D8%B1%DB%8C/,کود اسید ضد شوری کداسال پریمیوم 5 لیتری,,3054000,610800.0,5,,True,2025-07-27 17:00:00,2025-07-27 17:00:00
https://torob.com/p/2169f45d-3fac-4bd1-91fa-63e36e180cf9/%DA%A9%D9%88%D8%AF-%D8%A8%D9%88%D8%AA%D8%A7%D9%86%DB%8C%DA%A9%D8%A7-50-%D8%B1%D8%AF%D8%B3%D8%A7-1-%DA%A9%DB%8C%D9%84%DB%8C%D9%88%DB%8C%DB%8C/,کود بوتانیکا 50 ردسا 1 کیلیویی,,1566000,nan,,,True,2025-07-27 17:00:02,2025-07-27 17:00:02
https://torob.com/p/5e2751f1-0702-4e5f-ab4e-3ea91fa6f500/%D9%81%DB%8C%D9%BE%D8%B1%D9%88%D9%86%DB%8C%D9%84/,فیپرونیل,,110000,nan,,,True,2025-07-27 17:00:03,2025-07-27 17:00:03
https://torob.com/p/1a52c45d-b314-4003-b550-2a11ab1a309d/%D9%87%DB%8C%D9%88%D9%85%DB%8C%DA%A9-%D8%A7%D8%B3%DB%8C%D8%AF-%D9%85%D8%A7%DB%8C%D8%B9-20-%D9%84%DB%8C%D8%AA%D8%B1%DB%8C-bamford/,هیومیک اسید مایع 20 لیتری BAMFORD,,870000,43500.0,20,,True,2025-07-27 17:00:10,2025-07-27 17:00:10
https://torob.com/p/c4d50b1a-756a-47c2-8c78-8a674acbc9f4/%D9%81%D8%B3%D9%81%D8%B1-%D8%A8%D8%A7%D9%84%D8%A7-%D9%85%D8%A7%DB%8C%D8%B9-%D9%85%D8%B9%D8%AC%D8%B2%D9%87-%DA%AF%D8%B1-20%D9%84%DB%8C%D8%AA%D8%B1%DB%8C/,فسفر بالا مایع معجزه گر 20لیتری,,1940000,97000.0,20,,True,2025-07-27 17:00:11,2025-07-27 17:00:11
https://torob.com/p/8bb09254-b5f5-4b67-b250-5c04769ed585/%DA%A9%D9%88%D8%AF-%DA%A9%D8%A7%D9%84%D8%B1-%D8%A8%D9%84%D9%88%D9%85-%D8%B4%D9%88%DA%A9/,کود کالر بلوم شوک,,3800000,nan,,,True,2025-07-27 17:00:13,2025-07-27 17:00:13
https://torob.com/p/8c53d27c-3afd-4634-93b5-29ce3e34ab0f/%D8%AA%D9%82%D9%88%DB%8C%D8%AA-%DA%A9%D9%86%D9%86%D8%AF%D9%87-%D9%88-%D9%85%D8%AD%D8%B1%DA%A9-%D8%B1%D8%B4%D8%AF-%DA%AF%D8%B1%D8%A7%D9%86%D9%88%D9%84-%D8%A7%D8%B1%D8%A7%D9%85-%D8%A7%D8%B2%D8%A7%D8%AF-%D8%B4%D9%88%D9%86%D8%AF%D9%87-hb-101-%DA%98%D8%A7%D9%BE%D9%86-%D9%88%D8%B2%D9%86-%DA%A9%D9%88%D8%AF-300-%DA%AF%D8%B1%D9%85/,تقویت کننده و محرک رشد گرانول آرام آزاد شونده HB 101 ژاپن وزن کود ۳۰۰ گرم,,3500000,nan,,,True,2025-07-27 17:00:24,2025-07-27 17:00:24
https://torob.com/p/f574ecd7-7084-4e90-ad1c-4c50802fc047/%DA%A9%D9%88%D8%AF-%D9%85%DB%8C%DA%A9%D8%B1%D9%88-%D8%B1%DB%8C%D8%B2-%D9%85%D8%BA%D8%B0%DB%8C-%D8%A7%D8%B1%DB%8C%D8%A7%D8%B4%DB%8C%D9%85%DB%8C-%D9%88%DB%8C%D9%88%DA%AF%D8%B1%D9%85%DB%8C%DA%AF%D8%B3/,کود میکرو ریز مغذی اریاشیمی (ویوگرمیگس),,750000,nan,,,True,2025-07-27 17:00:27,2025-07-27 17:00:27
https://torob.com/p/dc46cda7-014a-4530-a242-24bb27dfa3ff/%D8%B9%D9%84%D9%81-%DA%A9%D8%B4-%DA%A9%D8%A7%D9%86%D8%B3%DB%8C%D9%84-%D8%A7%DA%A9%D8%AA%DB%8C%D9%88-%D8%A8%D8%A7%DB%8C%D8%B1-%D8%A7%D9%84%D9%85%D8%A7%D9%86-75-%DA%AF%D8%B1%D9%85%DB%8C/,علف کش کانسیل اکتیو بایر آلمان ۷۵ گرمی,,930000,nan,,,True,2025-07-27 17:00:35,2025-07-27 17:00:35
https://torob.com/p/fbd9ce68-cbeb-4c59-aa0b-c68acd63399b/%D8%A8%D8%B1%D8%A7%DB%8C%D9%88%D8%AA/,برائوت,,1150000,nan,,,True,2025-07-27 17:00:52,2025-07-27 17:00:52
https://torob.com/p/f6313d01-d35c-43de-a7d6-15ada3d1c55c/%D9%81%D9%86-%D9%BE%DB%8C%D8%B1%D9%88%DA%A9%D8%B3%DB%8C-%D9%85%DB%8C%D8%AA-%D8%A7%D8%B1%D8%AA%D9%88%D8%B3-%DA%AF%D9%84-%D8%B3%D9%85/,فن پیروکسی میت(ارتوس) گل سم,,260000,nan,,,True,2025-07-27 17:01:14,2025-07-27 17:01:14
https://torob.com/p/6d66bd97-1769-4c13-a8d5-b0c2c0b32ae6/%DA%A9%D9%88%DA%A9%D9%88-%D9%BE%DB%8C%D8%AA-5-%DA%A9%DB%8C%D9%84%D9%88%DB%8C%DB%8C-%D8%A7%D9%84%DB%8C%D8%A7%D9%81-%D9%BE%D9%88%D8%B4-%D8%A8%D8%B1%DA%AF-%D9%85%DB%8C%D9%88%D9%87-%D9%86%D8%A7%D8%B1%DA%AF%DB%8C%D9%84/,کوکو پیت | 5 کیلویی | الیاف پوش‌برگ میوه نارگیل,,400000,80000.0,5,,True,2025-07-27 17:01:19,2025-07-27 17:01:19
https://torob.com/p/f0b81ae3-deaf-4ac2-9db0-17c2ffcdac70/%DA%A9%D9%88%D8%AF-%D8%B1%D8%B4%D8%AF-%D9%85%DB%8C%D9%88%D9%87/,کود رشد میوه,,420000,nan,,,True,2025-07-27 17:01:25,2025-07-27 17:01:25
https://torob.com/p/c245d8db-5de8-4a07-9819-bbb5ebbefc49/%D8%A7%D8%B3%DB%8C%D8%AF-%D9%87%DB%8C%D9%88%D9%85%DB%8C%DA%A9-%D9%85%D8%A7%DB%8C%D8%B9-5-%D9%84%DB%8C%D8%AA%D8%B1%DB%8C/,اسید هیومیک مایع ۵ لیتری,,600000,120000.0,5,,True,2025-07-27 17:01:26,2025-07-27 17:01:26
https://torob.com/p/4959f357-2729-4740-9b0d-76ea2cb42e9d/%DA%A9%D9%88%D8%AF-%D9%BE%D9%88%D8%AF%D8%B1%DB%8C-%D8%A7%D9%85%DB%8C%D9%86%D9%88%D8%A7%D8%B3%DB%8C%D8%AF-%D8%A8%D9%87%DB%8C%D9%86-%D8%B1%D9%88%DB%8C%D8%B4-%D9%85%D8%AF%D9%84-%D8%A7%D9%85%DB%8C%D9%86%D9%88%D8%B3%D8%A7%D8%AF%D9%86-%D9%88%D8%B2%D9%86-500-%DA%AF%D8%B1%D9%85/,کود پودری آمینواسید بهین رویش مدل آمینوسادن وزن 500 گرم,,319000,nan,,,True,2025-07-27 17:01:28,2025-07-27 17:01:28
https://torob.com/p/3104e46a-b7ce-4892-b61b-98ff665dadb2/%D9%82%D8%A7%D8%B1%DA%86-%DA%A9%D8%B4-%D8%A8%D8%B1%D8%AF%D9%88-18-%DA%A9%D8%A7%D9%88%D8%B4-5%D9%84%DB%8C%D8%AA%D8%B1%DB%8C/,قارچ کش بردو ۱۸٪ کاوش - ۵لیتری,,490000,98000.0,5,,True,2025-07-27 17:01:29,2025-07-27 17:01:29
https://torob.com/p/c50fa1d6-058a-40cd-9fc3-57384f112587/%D8%AF%D9%84%D8%AA%D8%A7%D9%85%D8%AA%D8%B1%DB%8C%D9%86/,دلتامترین,,460000,nan,,,True,2025-07-27 17:01:32,2025-07-27 17:01:32
https://torob.com/p/92fcd1bc-5afb-4669-b30a-980dbc25f08b/%D8%AE%D8%A7%DA%A9-%DA%A9%D8%A7%D9%85%D9%84-%DA%AF%D9%84%D8%AF%D8%A7%D9%86-%DA%A9%DB%8C%D9%85%DB%8C%D8%A7-40-%D9%84%DB%8C%D8%AA%D8%B1%DB%8C/,خاک کامل گلدان کیمیا 40 لیتری,,190000,4750.0,40,,True,2025-07-27 17:01:41,2025-07-27 17:01:41
https://torob.com/p/e7eebeda-f5d4-4a09-9850-74b2edaa317b/%DA%A9%D9%88%D8%AF-%D9%81%D8%B1%D9%88%D8%AA-%D8%B3%D8%AA-%DB%8C%DA%A9-%D9%84%DB%8C%D8%AA%D8%B1%DB%8C/,کود فروت ست یک لیتری,,420000,nan,,,True,2025-07-27 17:01:42,2025-07-27 17:01:42
https://torob.com/p/a3257e1d-85ee-4cc6-95e3-b0bc9bb72cb5/%DA%A9%D9%88%D8%AF-%D9%87%DB%8C%D8%AF%D8%B1%D9%88%D9%BE%D9%88%D9%86%DB%8C%DA%A9-%D8%AA%D9%88%D8%AA-%D9%81%D8%B1%D9%86%DA%AF%DB%8C-1%D9%84%DB%8C%D8%AA%D8%B1%DB%8C/,کود هیدروپونیک توت فرنگی (1لیتری),,350000,350000.0,1,,True,2025-07-27 17:01:43,2025-07-27 17:01:43
https://torob.com/p/50b15fa8-12c1-4068-ac0a-66f868711d9f/%DA%A9%D9%88%D8%AF-%DA%A9%D9%84%D8%B3%DB%8C-%D8%A8%D9%88%D8%B1-%DA%AF%D8%B1%D8%A7%D9%86%D9%88%D9%84%D9%87-%D9%81%D8%B1%D9%85%D9%88%D9%84%D8%A7%DB%8C%D9%81/,کود کلسی بور (گرانوله) فرمولایف,,1416000,nan,,,True,2025-07-27 17:01:46,2025-07-27 17:01:46
https://torob.com/p/524ae55b-231a-4f58-b3dc-c73dfe3a5f68/%DA%A9%D9%88%D8%AF-%DA%A9%D9%84%D8%A7%D8%AA-%D8%B3%D9%87-%D8%A8%DB%8C%D8%B3%D8%AA-%D8%AE%D8%B6%D8%B1%D8%A7%DB%8C-20-20-20/,کود کلات سه بیست خضراء (20 20 20),,390000,nan,,,True,2025-07-27 17:01:48,2025-07-27 17:01:48
https://torob.com/p/2e83695f-0cff-41db-8cf1-a69618868f87/%DA%A9%D9%88%D8%AF-%D8%A7%D9%87%D9%86-%D9%87%DA%AF%D8%B2%D8%A7%D9%84/,کود آهن هگزال,,560000,nan,,,True,2025-07-27 17:01:59,2025-07-27 17:01:59
https://torob.com/p/0bdb2227-881b-44eb-80c3-345268542279/%DA%A9%D9%88%D8%AF-%D9%85%D8%A7%DB%8C%D8%B9-%D9%85%D8%B1%D8%BA%DB%8C-%DA%A9%D9%88%DA%A9%DB%8C%D8%AF%D9%88-20-%D9%84%DB%8C%D8%AA%D8%B1%DB%8C/,کود مایع مرغی کوکیدو (20 لیتری),,950000,47500.0,20,,True,2025-07-27 17:02:00,2025-07-27 17:02:00
https://torob.com/p/c33657a7-c0c0-4f7d-94fb-c83cf451207e/%DA%A9%D9%88%D8%AF-%DA%A9%D8%A7%D9%BE%D8%A7-50-%D9%BE%D8%AA%D8%A7%D8%B3-%D8%A8%D8%A7%D9%84%D8%A7/,کود کاپا 50 (پتاس بالا),,350000,nan,,,True,2025-07-27 17:02:02,2025-07-27 17:02:02
https://torob.com/p/ac492685-d1f1-4424-8daf-e97bfbd99a83/%DA%A9%D9%84%D8%AA%D9%88%D8%AF%DB%8C%D9%88%D9%85-24-ec-%D8%B3%D9%88%D9%BE%D8%B1%D8%B3%DB%8C%D9%88/,کلتودیوم 24% EC سوپرسیو,,365000,nan,,,True,2025-07-27 17:02:04,2025-07-27 17:02:04
https://torob.com/p/5225621f-6638-4868-93a8-346b53008546/%DA%A9%D9%88%D8%AF-%D9%BE%D9%88%D8%AF%D8%B1%DB%8C-%DA%A9%D8%A7%D9%85%D9%84-36-12-12-%D8%AD%D8%AC%D9%85-15-%DA%A9%DB%8C%D9%84%D9%88%DB%8C%DB%8C-pnp/,کود پودری کامل 36-12-12 حجم 15 کیلویی PNP,,6200000,413333.3333333333,15,,True,2025-07-27 17:02:10,2025-07-27 17:02:10
https://torob.com/p/9f5d2d53-3548-4253-bc5b-8d4e04401a2b/%DA%A9%D9%88%D8%AF-%DA%A9%D9%84%D8%B3%DB%8C%D9%85-%D8%AA%D8%B1%DB%8C%D8%AF%DA%A9%D9%88%D8%B1%D9%BE-1-%DA%A9%DB%8C%D9%84%D9%88%DB%8C%DB%8C/,کود کلسیم تریدکورپ 1 کیلویی,,2544000,2544000.0,1,,True,2025-07-27 17:02:11,2025-07-27 17:02:11
https://torob.com/p/a3822c5c-fd76-4e0d-9c16-dd8d8f86a019/%DA%A9%D9%88%D8%AF-%D9%86%D9%88%D8%AA%D8%B1%DB%8C%D8%AA%DA%A9-k60-%DB%8C%DA%A9-%D9%84%DB%8C%D8%AA%D8%B1%DB%8C/,کود نوتریتک K60 یک لیتری,,1245600,nan,,,True,2025-07-27 17:02:13,2025-07-27 17:02:13
https://torob.com/p/cd441143-3a8c-4ba7-beb1-b903c3c8e8d8/%DA%A9%D9%88%D8%AF-%D8%B1%DB%8C%DA%98%D9%88-%DA%A9%DB%8C%D9%85%DB%8C%D8%AA%DA%A9-1-%D9%84%DB%8C%D8%AA%D8%B1%DB%8C/,کود ریژو کیمیتک 1 لیتری,,1457000,1457000.0,1,,True,2025-07-27 17:02:14,2025-07-27 17:02:14
https://torob.com/p/3a6d9d09-a58a-4eb3-8629-394342950541/%DA%A9%D9%88%D8%AF-%D9%88%D8%B1%D9%85%DB%8C-%DA%A9%D9%85%D9%BE%D9%88%D8%B3%D8%AA-25-%DA%A9%DB%8C%D9%84%D9%88%DB%8C%DB%8C-%DA%AF%D9%84%D8%B3%D8%AA%D8%A7%D9%86/,کود ورمی کمپوست 25 کیلویی گلستان,,360000,14400.0,25,,True,2025-07-27 17:02:30,2025-07-27 17:02:30
https://torob.com/p/d908198c-23b7-4147-a803-17024117a945/%D8%A7%D9%85%D8%A7%D9%85%DA%A9%D8%AA%DB%8C%D9%86-%D8%A8%D9%86%D8%B2%D9%88%D8%A7%D8%AA%2B%D9%84%D9%88%D9%81%D9%86%D9%88%D8%B1%D9%88%D9%86/,امامکتین بنزوات+لوفنورون,,475000,nan,,,True,2025-07-27 17:02:34,2025-07-27 17:02:34
https://torob.com/p/c12ad11e-18b4-4f03-ad3e-40232cc8cead/%D8%AA%DB%8C%D9%88%D8%AF%DB%8C%DA%A9%D8%A7%D8%B1%D8%A8/,تیودیکارب,,2850000,nan,,,True,2025-07-27 17:02:36,2025-07-27 17:02:36
https://torob.com/p/6d153588-4b06-4734-9076-e2166a9f3282/%D8%AE%D8%A7%DA%A9-%D9%88-%DA%A9%D9%88%D8%AF-%D8%A7%D9%85%D8%A7%D8%AF%D9%87-%D8%A8%D9%87-%DA%A9%D8%A7%D8%B4%D8%AA-%D8%AA%D8%A7%DB%8C-%D8%B3%DB%8C%D8%B2-4-%D9%84%DB%8C%D8%AA%D8%B1%DB%8C/,خاک‌و‌کود آماده به کاشت تای سیز ۴ لیتری,,38500,9625.0,4,,True,2025-07-27 17:02:37,2025-07-27 17:02:37
https://torob.com/p/dbe9fcdd-4971-4bcf-909b-943f0d56a22a/%DA%A9%D9%88%D8%AF-%DA%A9%D9%84%D8%A7%D8%AA-%D8%B1%D9%88%DB%8C-%D8%A8%D9%84%DA%98%DB%8C%DA%A9%DB%8C/,کود کلات روی بلژیکی,,650000,nan,,,True,2025-07-27 17:02:39,2025-07-27 17:02:39
https://torob.com/p/d9c95702-71db-472c-bf14-23a095a3dc1b/%D9%88%D9%84%DA%AF%D8%B1%D9%88-%DA%A9%D9%88%D8%A7%DA%98-%D8%A7%D8%B3%D9%BE%D8%A7%D9%86%DB%8C%D8%A7/,ولگرو کوآژ اسپانیا,,2600000,nan,,,True,2025-07-27 17:02:42,2025-07-27 17:02:42
https://torob.com/p/39b4f55b-8297-4e7d-81eb-3221108a5bca/%DA%A9%D9%88%D8%AF-%D9%85%D8%A7%DB%8C%D8%B9-%D8%B3%D9%BE%D8%AA%D8%A7-%D9%81%D8%B3%D9%81%D8%B1-%D9%BE%D8%AA%D8%A7%D8%B3%DB%8C%D9%85pk/,کود مایع سپتا فسفر پتاسیمPK,,699000,nan,,,True,2025-07-27 17:02:43,2025-07-27 17:02:43
https://torob.com/p/7e6e4888-4b6b-435c-a9ea-ee962c21c1e2/%DA%A9%D9%88%D8%AF-%D9%85%D8%A7%DB%8C%D8%B9-%D8%A7%D9%88%D8%B1%D9%87-%D9%81%D8%B3%D9%81%D8%A7%D8%AA-%D8%B7%D9%84%D8%A7%DB%8C%D9%87-%D8%B3%D8%A8%D8%B2%DA%A9%D8%A7%D9%88%D8%B4%D8%A7%D9%86-20-%D9%84%DB%8C%D8%AA%D8%B1%DB%8C/,کود مایع اوره فسفات طلایه سبزکاوشان 20 لیتری,,3500000,175000.0,20,,True,2025-07-27 17:02:54,2025-07-27 17:02:54
https://torob.com/p/45614957-fde3-4ac6-89f1-a87c7c41922a/%DA%A9%D9%88%D8%AF-npk-%D9%BE%D9%88%D8%AF%D8%B1%DB%8C-10-52-10%DA%86%DB%8C%D9%86%DB%8C-1kg-%D8%A7%D8%B1%D8%AA%D8%A7-%D8%B3%D9%85-%DA%A9%D9%88%D8%AF/,کود NPK پودری 10-52-10چینی 1kg آرتا سم کود,,2925000,nan,,,True,2025-07-27 17:03:05,2025-07-27 17:03:05
https://torob.com/p/30b79a99-af44-4800-994d-fa1b900dab68/%DA%A9%D9%88%D8%AF-%DA%A9%D9%84%D8%A7%D8%AA-%D9%85%DB%8C%DA%A9%D8%B1%D9%88-%DA%A9%D8%A7%D9%85%D9%84-%D8%AE%D8%B6%D8%B1%D8%A7%DB%8C/,کود کلات میکرو کامل خضراء,,880000,nan,,,True,2025-07-27 17:03:14,2025-07-27 17:03:14
https://torob.com/p/f2074f9b-190b-46bd-bba2-9942b83f0c5f/%DA%A9%D9%88%D8%AF-%D9%85%D8%A7%DB%8C%D8%B9-%DA%AF%D9%84-%D8%AF%D9%87%DB%8C-%D9%81%D9%84%D8%A7%D9%88%D8%B1-%D8%A7%D9%85%DB%8C-250-%D9%85%DB%8C%D9%84%DB%8C-%D9%84%DB%8C%D8%AA%D8%B1/,کود مایع گل دهی فلاور آمی 250 میلی لیتر,,77000,nan,,,True,2025-07-27 17:03:16,2025-07-27 17:03:16
https://torob.com/p/749fc016-27e6-4c6f-8215-a0235dc98cf0/%D8%AA%DB%8C%D9%88%D8%AF%DB%8C%DA%A9%D8%A7%D8%B1%D8%A8-sc/,تیودیکارب SC,,1950000,nan,,,True,2025-07-27 17:03:26,2025-07-27 17:03:26
https://torob.com/p/93ad1ca9-3217-4521-87ea-f9ae9afdfae6/%DA%A9%D9%88%D8%AF-%D9%87%DB%8C%D9%88%D9%85%DB%8C%DA%A9-%D8%A7%D8%B3%DB%8C%D8%AF-%D9%85%D8%A7%DB%8C%D8%B9-%D9%88%D8%A7%D9%86%D9%88%D9%85%D8%A7-%DB%8C%DA%A9-%D9%84%DB%8C%D8%AA%D8%B1%DB%8C/,کود هیومیک اسید مایع وانوما یک لیتری,,198000,nan,,,True,2025-07-27 17:03:32,2025-07-27 17:03:32
https://torob.com/p/476c6821-d636-486b-9a9f-4ebead66cda3/%DA%A9%D9%88%D8%AF-%D8%A7%D9%88%D8%B1%D9%87-%D9%81%D8%B3%D9%81%D8%A7%D8%AA-%D8%B2%DB%8C%DA%AF%D9%84%D8%B1/,کود اوره فسفات زیگلر,,3848000,nan,,,True,2025-07-27 17:03:36,2025-07-27 17:03:36
https://torob.com/p/51507a89-8006-4893-be97-04e3f437cfa0/%DA%A9%D9%88%D8%AF-%D9%88%D8%B1%D9%85%DB%8C-%DA%A9%D9%85%D9%BE%D9%88%D8%B3%D8%AA/,کود ورمی کمپوست,,40000,nan,,,True,2025-07-27 17:03:39,2025-07-27 17:03:39
https://torob.com/p/03bce39b-dc64-4372-b8c9-6db3b5047e97/%D8%B3%D9%85-%D8%B3%D8%A7%DB%8C%D9%BE%D8%B1%D9%85%D8%AA%D8%B1%DB%8C%D9%86/,سم سایپرمترین,,57000,nan,,,True,2025-07-27 17:03:41,2025-07-27 17:03:41
https://torob.com/p/aea908eb-f3c2-40cd-9907-2be2890408fd/%DA%A9%D9%88%D8%AF-%D8%A8%DB%8C%D9%88-%D8%A8%DB%8C%D8%B3%D8%AA-%DA%AF%D9%84%D8%AF-%D9%85%D8%AD%D8%B1%DA%A9-%D8%B1%D8%B4%D8%AF-%D8%B1%D9%88%DB%8C%D8%B4%DB%8C-bio20goldomex-%D8%AD%D8%AC%D9%85-20-%D8%B3%DB%8C-%D8%B3%DB%8C/,کود بیو بیست گلد محرک رشد رویشی bio20goldomex حجم 20 سی سی,,83000,nan,,,True,2025-07-27 17:03:58,2025-07-27 17:03:58
https://torob.com/p/22829eb8-456d-4aec-a9f4-0461d7682098/%DA%AF%D9%88%DA%AF%D8%B1%D8%AF-%D9%85%D8%A7%DB%8C%D8%B9-%D9%81%D8%A7%D8%B1%D9%87%D8%A7%D9%85/,گوگرد مایع فارهام,,880000,nan,,,True,2025-07-27 17:04:01,2025-07-27 17:04:01
https://torob.com/p/2f7751ff-f3f9-46bd-a4c1-aad35f49c5cb/%DA%A9%D9%88%D8%AF-%D9%BE%D8%AA%D8%A7%D8%B3-%D8%A8%D8%A7%D9%84%D8%A7-eden/,کود پتاس بالا eden,,2250000,nan,,,True,2025-07-27 17:04:03,2025-07-27 17:04:03
https://torob.com/p/b9580117-7330-4f88-8883-1e5ac7d147e4/%DA%A9%D9%88%D8%AF-%D9%88%D8%B1%D9%85%DB%8C-%DA%A9%D9%85%D9%BE%D9%88%D8%B3%D8%AA-%D8%A8%D8%A7%D8%BA%D8%A8%D8%A7%D9%86-40-%D9%84%DB%8C%D8%AA%D8%B1%DB%8C/,کود ورمی کمپوست باغبان - 40 لیتری,,277500,6937.5,40,,True,2025-07-27 17:04:04,2025-07-27 17:04:04
https://torob.com/p/f37fbc60-6ff2-4fed-9699-055d5a4aab59/%DA%A9%D9%88%D8%AF-%D8%AF%DB%8C-%D8%A7%D9%85%D9%88%D9%86%DB%8C%D9%88%D9%85-%D9%81%D8%B3%D9%81%D8%A7%D8%AA-%D9%BE%D9%88%D8%AF%D8%B1%DB%8C-%DA%AF%D8%B1%DB%8C%D9%86-%D9%BE%DB%8C%DA%A9-%D9%88%D8%B2%D9%86-1-%DA%A9%DB%8C%D9%84%D9%88%DA%AF%D8%B1%D9%85/,کود دی آمونیوم فسفات پودری گرین پیک وزن 1 کیلوگرم,,224000,224000.0,1,,True,2025-07-27 17:04:07,2025-07-27 17:04:07
https://torob.com/p/7d0defd7-3c16-4034-8833-2baa866cb7f1/%DA%A9%D9%88%D8%AF-%D9%85%D8%A7%DB%8C%D8%B9-%D8%A8%DB%8C%D8%AA%D8%A7%D9%84-%D8%B1%D8%AF%D8%B3%D8%A7-1-%D9%84%DB%8C%D8%AA%D8%B1%DB%8C/,کود مایع بیتال ردسا 1 لیتری,,680000,680000.0,1,,True,2025-07-27 17:04:08,2025-07-27 17:04:08
https://torob.com/p/d0c0b03e-50aa-4680-a366-fa2b9f239b4e/%DA%A9%D9%88%D8%AF-%D8%A7%D9%85%DB%8C%D9%86%D9%88-%D9%81%D8%B3%D9%81%D8%B1-p70-%D9%88%D8%A7%D9%86%D9%88%D9%85%D8%A7-1-%D9%84%DB%8C%D8%AA%D8%B1%DB%8C/,کود آمینو فسفر P70 وانوما ۱ لیتری,,688000,688000.0,1,,True,2025-07-27 17:04:13,2025-07-27 17:04:13
https://torob.com/p/9a6d3ceb-4759-43f2-84ff-4d24d32fe295/%D9%86%D9%85%D8%A7%D8%AA%D8%AF%DA%A9%D8%B4-%D8%B2%DB%8C%D8%B3%D8%AA%DB%8C-%D9%86%D9%85%D8%A7%D8%AA%D8%B1%DB%8C%DA%A9%D9%88-nematrico-i/,نماتدکش زیستی نماتریکو Nematrico I,,759000,nan,,,True,2025-07-27 17:04:17,2025-07-27 17:04:17
https://torob.com/p/a3e7ab36-912d-4be1-a863-97e85594fd8f/%DA%A9%D9%88%D8%AF-%D8%A7%D8%B1%D8%A7%D9%85%DB%8C%DA%A9%D8%B3/,کود آرامیکس,,1400000,nan,,,True,2025-07-27 17:04:30,2025-07-27 17:04:30
https://torob.com/p/2ea6bb1d-74e3-4ada-8842-726e4e2b50f9/%DA%A9%D9%88%D8%AF-%D8%AF%D8%A7%D9%85%DB%8C-%D9%81%D8%B1%D8%A7%D9%88%D8%B1%DB%8C-%D8%B4%D8%AF%D9%87-%D8%A8%D8%A7%D8%BA%D8%A8%D8%A7%D9%86-40-%D9%84%DB%8C%D8%AA%D8%B1%DB%8C/,کود دامی فراوری شده باغبان - 40 لیتری,,167000,4175.0,40,,True,2025-07-27 17:04:40,2025-07-27 17:04:40
https://torob.com/p/a01a84dc-5084-4168-aef4-942ddd355f3c/%DA%A9%D9%88%D8%AF-%D9%86%DB%8C%D8%AA%D8%B1%D8%A7%D8%AA-%DA%A9%D9%84%D8%B3%DB%8C%D9%85-%D9%88%D8%A7%D9%86%D9%88%D9%85%D8%A7-%DA%AF%D8%B1%D8%A7%D9%86%D9%88%D9%84%D9%87-1-%DA%A9%DB%8C%D9%84%D9%88%DB%8C%DB%8C/,کود نیترات کلسیم وانوما گرانوله ۱ کیلویی,,285000,285000.0,1,,True,2025-07-27 17:04:45,2025-07-27 17:04:45
https://torob.com/p/455aa6cc-f62e-431b-98fa-f128a9e67659/%DA%A9%D9%88%D8%AF-%D8%A7%D8%B3%DA%A9%D8%A7%D8%AF%D8%B1%D8%A7%D9%86-%D9%BE%D8%B1%D9%88%D9%BE%D8%A7%D9%85%D9%88%DA%A9%D8%A7%D8%B1%D8%A8-1-%D9%84%DB%8C%D8%AA%D8%B1%DB%8C-%D8%B3%D8%B1%D8%A7%DB%8C-%D8%B3%D9%BE%D9%86%D8%AF/,کود اسکادران پروپاموکارب 1 لیتری سرای سپند,,845600,845600.0,1,,True,2025-07-27 17:04:48,2025-07-27 17:04:48
https://torob.com/p/885b7717-323d-4da1-ba4c-9cfbfc181a71/%DA%A9%D9%88%D8%AF-%D9%BE%D8%AA%D8%A7%D8%B3-%D8%A8%D8%A7%D9%84%D8%A7-super-eden/,کود پتاس بالا Super eden,,3600000,nan,,,True,2025-07-27 17:04:49,2025-07-27 17:04:49
https://torob.com/p/495c10ef-cd04-4f79-88ac-74f230137d7c/%DA%A9%D9%88%D8%AF-%DA%A9%D8%A7%D9%85%D9%84-%D8%A7%D9%84%DB%8C-%DA%AF%D8%B1%D8%A7%D9%86%D9%88%D9%84%D9%87/,کود کامل آلی گرانوله,,250000,nan,,,True,2025-07-27 17:04:51,2025-07-27 17:04:51
https://torob.com/p/59af7fe0-799e-414f-92f8-ef0ecabf62d3/%D8%B9%D9%84%D9%81%DA%A9%D8%B4-%DA%AF%D9%86%D8%AF%D9%85-%D8%AA%D8%A7%D9%BE%DB%8C%DA%A9-%D9%85%D8%AF%D9%84-%DA%A9%D9%84%D9%88%D8%AF%DB%8C%D8%A7%D9%86%D8%A7%D9%81%D9%88%D8%A8-%D9%BE%D8%B1%D9%88%D9%BE%D8%A7%D8%B1%DA%98%DB%8C%D9%84-%D8%AD%D8%AC%D9%85-1-%D9%84%DB%8C%D8%AA%D8%B1/,علفکش گندم تاپیک مدل کلودیانافوب پروپارژیل حجم 1 لیتر,,500000,500000.0,1,,True,2025-07-27 17:04:52,2025-07-27 17:04:52
https://torob.com/p/54369b04-7370-45d6-bae9-9053d0780402/%DA%A9%D9%88%D8%AF-%D9%87%DB%8C%D8%A8%D8%B1%DB%8C%D8%AF%DB%8C-%D8%A7%D8%B1%DA%AF%D8%A7%D9%86%DB%8C%DA%A9-%DA%86%DA%A9%D9%87-%D8%B2%D8%B1%D8%AF-120-%D8%B3%DB%8C-%D8%B3%DB%8C/,کود هیبریدی ارگانیک چکه زرد 120 سی سی,,110000,nan,,,True,2025-07-27 17:04:54,2025-07-27 17:04:54
https://torob.com/p/117516fd-cd87-4aba-bbb9-ab90ed5e4cba/%D8%B3%D9%85-%D8%B9%D9%84%D9%81-%DA%A9%D8%B4-%DA%AF%D9%84%D8%A7%DB%8C%D9%81%D9%88%D8%B2%DB%8C%D8%AA-%D8%B4%DB%8C%D9%85%D8%A7%DA%AF%D8%B1%D9%88-1-%D9%84%DB%8C%D8%AA%D8%B1%DB%8C-41-%D8%AF%D8%B1%D8%B5%D8%AF/,سم علف کش گلایفوزیت شیماگرو ۱ لیتری ۴۱ درصد,,440000,440000.0,1,,True,2025-07-27 17:05:01,2025-07-27 17:05:01
https://torob.com/p/45d17b99-b7da-450a-8491-6f0d9a4331f2/%DA%A9%D9%88%D8%AF-%D8%B3%D9%88%D9%84%D9%81%D8%A7%D8%AA-%D8%A7%D9%85%D9%88%D9%86%DB%8C%D9%88%D9%85-%DA%AF%D8%B1%DB%8C%D9%86-%D9%BE%DB%8C%DA%A9-%D9%88%D8%B2%D9%86-10-%DA%A9%DB%8C%D9%84%D9%88%DA%AF%D8%B1%D9%85/,کود سولفات آمونیوم گرین پیک وزن 10 کیلوگرم,,680000,68000.0,10,,True,2025-07-27 17:05:02,2025-07-27 17:05:02
https://torob.com/p/b13cf85d-7500-4f7b-94c9-d38f6166f0f0/%D8%B3%D9%85-%D8%A7%D8%A8%D8%A7%D9%85%DA%A9%D8%AA%DB%8C%D9%86-%D9%85%D8%B2%D8%B1%D8%B9%D9%87-100-%D9%85%DB%8C%D9%84/,سم آبامکتین مزرعه - ۱۰۰ میل,,76000,nan,,,True,2025-07-27 17:05:09,2025-07-27 17:05:09
https://torob.com/p/ea339375-886f-4fad-af2a-e9e2d61fefba/%D8%B3%D9%85-%D8%A7%D8%A8%D8%A7%D9%85%DA%A9%D8%AA%DB%8C%D9%86-%D9%85%D8%B2%D8%B1%D8%B9%D9%87-1-%D9%84%DB%8C%D8%AA%D8%B1%DB%8C/,سم آبامکتین مزرعه - ۱ لیتری,,665000,665000.0,1,,True,2025-07-27 17:05:11,2025-07-27 17:05:11
https://torob.com/p/689bbab8-8293-4b12-925e-27a7dbc0a671/%DA%A9%D9%88%D8%AF-%D9%85%D9%88%D9%86%D9%88-%D8%A7%D9%85%D9%88%D9%86%DB%8C%D9%88%D9%85-%D9%81%D8%B3%D9%81%D8%A7%D8%AA-%DA%A9%D9%85%D9%BE%D9%84%DA%A9%D8%B3/,کود مونو آمونیوم فسفات کمپلکس,,530000,nan,,,True,2025-07-27 17:05:12,2025-07-27 17:05:12
https://torob.com/p/5fe4ae27-eeb5-4899-b359-0ead72fd8112/%DA%A9%D9%88%D8%AF-%D9%BE%D9%88%D8%AF%D8%B1%DB%8C-%D9%BE%D8%AA%D8%A7%D8%B3-%D9%BE%D9%84%D8%A7%D8%B3-%D8%AD%D8%A7%D8%B5%D9%84%D8%AE%DB%8C%D8%B2-%D8%A8%D8%A7-%D9%81%D9%86%D8%A7%D9%88%D8%B1%DB%8C-xgreen-200-%DA%AF%D8%B1%D9%85%DB%8C/,کود پودری پتاس پلاس حاصلخیز با فناوری XGREEN - 200 گرمی,,190000,nan,,,True,2025-07-27 17:05:15,2025-07-27 17:05:15
https://torob.com/p/6666e312-afca-466e-af2a-996b4e9867bc/%DA%A9%D9%88%DA%A9%D9%88%D9%BE%DB%8C%D8%AA-%D8%A8%D8%A7%D8%BA%D8%A8%D8%A7%D9%86-20-%D9%84%DB%8C%D8%AA%D8%B1%DB%8C/,کوکوپیت باغبان - 20 لیتری,,190000,9500.0,20,,True,2025-07-27 17:05:16,2025-07-27 17:05:16
https://torob.com/p/794096f6-176a-4762-8525-e757971d504a/%D8%B3%D9%88%D9%84%D9%81%D8%A7%D8%AA-%D8%B1%D9%88%DB%8C-%D8%A7%D8%B1%DB%8C%D8%A7-%D8%B4%DB%8C%D9%85%DB%8C/,سولفات روی آریا شیمی,,1100000,nan,,,True,2025-07-27 17:05:18,2025-07-27 17:05:18
https://torob.com/p/18018d52-2783-4df4-9ad8-e8d77eaffbc1/%D8%A7%D9%87%D9%86-6-%D8%AF%D8%B1%D8%B5%D8%AF-golden-eagle-%DB%8C%DA%A9-%DA%A9%DB%8C%D9%84%D9%88%DB%8C%DB%8C-%D9%85%D8%AD%D8%B1%DA%A9-%D8%B1%D8%B4%D8%AF/,آهن 6 درصد Golden Eagle یک کیلویی| محرک رشد,,5200000,nan,,,True,2025-07-27 17:05:19,2025-07-27 17:05:19
https://torob.com/p/b59b5626-2af2-4076-8aa9-2d2461e23536/%DA%A9%D9%88%D8%AF-%D9%85%D8%B3%D8%AA%D8%B1-%D8%B3%D9%88%D9%BE%D8%B1%DB%8C%D9%85-18-18-18-%D9%88%D8%A7%D9%84%DA%AF%D8%B1%D9%88-10-%DA%A9%DB%8C%D9%84%D9%88%DB%8C%DB%8C/,کود مستر سوپریم 18-18-18 والگرو 10 کیلویی,,3378437,337843.7,10,,True,2025-07-27 17:05:32,2025-07-27 17:05:32
https://torob.com/p/a3bb610b-c996-4b76-a08d-00cbdac0c353/%D8%AA%DB%8C%D8%A7%D9%85%D8%AA%D9%88%DA%A9%D8%B3%D8%A7%D9%85-%2B-%D9%84%D8%A7%D9%85%D8%A8%D8%AF%D8%A7%D8%B3%D8%A7%DB%8C-%D9%87%D8%A7%D9%84%D9%88%D8%AA%D8%B1%DB%8C%D9%86/,تیامتوکسام + لامبداسای هالوترین,,395000,nan,,,True,2025-07-27 17:05:34,2025-07-27 17:05:34
https://torob.com/p/68b4e062-8f61-41fe-9fb5-f20c1dff4e91/%D9%BE%D8%B1%D9%88%D9%81%D9%86%D9%88%D9%81%D9%88%D8%B3/,پروفنوفوس,,930000,nan,,,True,2025-07-27 17:05:35,2025-07-27 17:05:35
https://torob.com/p/e4c5bcd7-eb38-40ac-bc89-945f5c8fc975/%D9%BE%DB%8C%D8%B1%DB%8C%D9%85%DB%8C%DA%A9%D8%A7%D8%B1%D8%A8/,پیریمیكارب,,2760000,nan,,,True,2025-07-27 17:05:37,2025-07-27 17:05:37
https://torob.com/p/15d962d8-2a47-47dc-9941-b48f9b8015d0/%D8%AA%D8%B1%DB%8C-%DA%A9%D9%84%D8%B1%D9%81%D9%86/,تری کلرفن,,660000,nan,,,True,2025-07-27 17:05:38,2025-07-27 17:05:38
https://torob.com/p/4e3c5221-898b-4dea-aca8-1a228d08d577/%D9%87%DB%8C%D9%88%D9%85%DB%8C%DA%A9-%D8%A7%D8%B3%DB%8C%D8%AF-%D9%84%D9%88%DA%A9%D8%B3-%DA%AF%D8%B1%DB%8C%D9%86-5-%D9%84%DB%8C%D8%AA%D8%B1%DB%8C/,هیومیک اسید لوکس گرین 5 لیتری,,1370000,274000.0,5,,True,2025-07-27 17:05:40,2025-07-27 17:05:40
https://torob.com/p/c948ce01-332a-4daa-898b-e4f94e3e6fff/%D9%81%D9%86%DB%8C%D8%AA%D8%B1%D9%88%D8%AA%DB%8C%D9%88%D9%86/,فنیتروتیون,,1800000,nan,,,True,2025-07-27 17:05:41,2025-07-27 17:05:41
https://torob.com/p/69673212-1595-450f-b22f-6e355191090c/%DA%A9%D9%88%D8%AF-%D8%AC%D9%84%D8%A8%DA%A9-%D8%AF%D8%B1%DB%8C%D8%A7%DB%8C%DB%8C-%D8%A7%D8%B3%D8%AA%DB%8C%D9%85%D9%BE%D9%84%DA%A9%D8%B3-%D8%A7%DA%A9%D8%A7%D8%AF%DB%8C%D9%86-%D9%85%D8%A7%DB%8C%D8%B9-%D8%AA%D9%88%D9%84%DB%8C%D8%AF-%DA%A9%D8%A7%D9%86%D8%A7%D8%AF%D8%A7/,کود جلبک دریایی استیمپلکس-آکادین مایع تولید کانادا,,852000,nan,,,True,2025-07-27 17:05:43,2025-07-27 17:05:43
https://torob.com/p/f2667c00-e62b-4be2-905f-de5a37643da7/%DA%A9%D9%88%D8%AF-%D8%A8%D8%A7%D8%BA%DA%86%D9%87-%DA%A9%D8%A7%D9%85%D9%84-%D9%BE%D9%84%DB%8C%D8%AA/,کود باغچه کامل پلیت,,299000,nan,,,True,2025-07-27 17:05:44,2025-07-27 17:05:44
https://torob.com/p/50d7ad15-438c-47a3-9dd0-221f67758218/%D9%BE%DB%8C-%D9%85%D8%AA%D8%B1%D9%88%D8%B2%DB%8C%D9%86/,پی­ متروزین,,1200000,nan,,,True,2025-07-27 17:05:46,2025-07-27 17:05:46
https://torob.com/p/28ef5c21-4604-4bbd-a33c-10817b7f13ed/%DA%A9%D9%88%D8%AF-%D9%85%D8%AD%D8%B1%DA%A9-%D8%B1%D8%B4%D8%AF-%DA%AF%DB%8C%D8%A7%D9%87%D8%A7%D9%86-%D8%A7%D9%BE%D8%A7%D8%B1%D8%AA%D9%85%D8%A7%D9%86%DB%8C/,کود محرک رشد گیاهان اپارتمانی,,180000,nan,,,True,2025-07-27 17:05:47,2025-07-27 17:05:47
https://torob.com/p/9f7b4a25-630a-4374-903c-aed95907ebd3/%D8%AA%DB%8C%D8%A7%D9%85%D8%AA%D9%88%DA%A9%D8%B3%D8%A7%D9%85/,تیامتوکسام,,285000,nan,,,True,2025-07-27 17:05:49,2025-07-27 17:05:49
https://torob.com/p/32acfb7f-5f50-4fee-921d-8a83239d3acf/%D8%A8%D9%88%D9%BE%D8%B1%D9%88%D9%81%D8%B2%DB%8C%D9%86/,بوپروفزین,,360000,nan,,,True,2025-07-27 17:05:50,2025-07-27 17:05:50
https://torob.com/p/d16bbadc-8892-41a4-a918-461fb5af8c7a/%DA%A9%D9%88%D8%AF-%D8%A7%D9%86-%D9%BE%DB%8C-%DA%A9%D8%A7-npk-%D8%B3%D9%87-%D8%A8%DB%8C%D8%B3%D8%AA-%D8%AD%D8%AC%D9%85-120-%D8%B3%DB%8C-%D8%B3%DB%8C/,کود ان پی کا NPK سه بیست حجم 120 سی سی,,150000,nan,,,True,2025-07-27 17:05:55,2025-07-27 17:05:55
https://torob.com/p/880adde7-b8be-4511-9303-ee60856aee4f/%D9%81%D9%88%D8%B2%D8%A7%D9%84%D9%88%D9%86/,فوزالون,,1250000,nan,,,True,2025-07-27 17:05:56,2025-07-27 17:05:56
https://torob.com/p/b57f2d57-6c35-4584-a6fc-777c1ce6a86e/%D8%A7%DB%8C%D9%86%D8%AF%D9%88%DA%A9%D8%B3%D8%A7%DA%A9%D8%A7%D8%B1%D8%A8/,ایندوکساکارب,,925000,nan,,,True,2025-07-27 17:05:58,2025-07-27 17:05:58
https://torob.com/p/5c0a36d6-3606-4b5f-8328-3fdf173fab00/%D8%A7%D8%B3%D9%BE%DB%8C%D9%86%D9%88%D8%B3%D8%A7%D8%AF/,اسپینوساد,,2100000,nan,,,True,2025-07-27 17:05:59,2025-07-27 17:05:59
https://torob.com/p/73fe6de0-244e-4e85-9e97-3642e01a2637/%D8%AF%DB%8C%D9%85%D8%AA%D9%88%D8%A7%D8%AA/,دیمتوات,,690000,nan,,,True,2025-07-27 17:06:01,2025-07-27 17:06:01
https://torob.com/p/458cc5ed-b20a-417b-acfa-b407902cd3fd/%DA%A9%D9%88%D8%AF-%DA%AF%D9%88%D8%AC%D9%87-%D9%81%D8%B1%D9%86%DA%AF%DB%8C-%D8%A7%D8%AF%D9%86/,کود گوجه فرنگی ادن,,378000,nan,,,True,2025-07-27 17:06:04,2025-07-27 17:06:04
https://torob.com/p/89279c04-4ad9-48db-914f-d36fd578813e/%D8%A7%DB%8C%D9%BE%D8%B1%D9%88%D8%AF%DB%8C%D9%88%D9%86%2B%DA%A9%D8%A7%D8%B1%D8%A8%D9%86%D8%AF%D8%A7%D8%B2%DB%8C%D9%85/,ایپرودیون+کاربندازیم,,1790000,nan,,,True,2025-07-27 17:06:12,2025-07-27 17:06:12
https://torob.com/p/12c5226a-3175-4250-b86d-d914bdd5010b/%DA%A9%D9%86%D8%B3%D8%A7%D9%86%D8%AA%D8%B1%D9%87-%D8%B3%DB%8C%D8%A8-%D8%B7%D8%A8%DB%8C%D8%B9%DB%8C-%D9%BE%D9%86%D8%AC-%D9%84%DB%8C%D8%AA%D8%B1%DB%8C-hvbshop/,کنسانتره سیب طبیعی پنج لیتری hvbshop,,1400000,nan,,,True,2025-07-27 17:06:14,2025-07-27 17:06:14
https://torob.com/p/89842dae-da62-4475-b098-4d9ebcf9c2ff/%DA%A9%D9%88%D8%AF-%DA%A9%D8%A7%D9%85%D9%84-%D9%85%D9%88%D9%86%D9%88-%D9%BE%D8%AA%D8%A7%D8%B3%DB%8C%D9%85-%D9%81%D8%B3%D9%81%D8%A7%D8%AA-%D8%A7%DA%A9%D8%AA%DB%8C%D9%88%D9%BE%D8%A7%D9%88%D8%B1/,کود کامل مونو پتاسيم فسفات اكتيوپاور,,6900000,nan,,,True,2025-07-27 17:06:20,2025-07-27 17:06:20
https://torob.com/p/36162e76-3ecc-444e-bfc4-d9e14b6b68ae/%DA%A9%D9%88%D8%AF-%DA%A9%D9%84%D8%A7%D8%AA-%D8%A7%D9%87%D9%86-%D8%AD%D8%A7%D8%B5%D9%84%D8%AE%DB%8C%D8%B2-100-%D9%85%DB%8C%D9%84%DB%8C-%D8%A8%D8%A7-%D9%81%D9%86%D8%A7%D9%88%D8%B1%DB%8C-xgreen/,کود کلات آهن حاصلخیز 100 میلی با فناوری XGREEN,,80000,nan,,,True,2025-07-27 17:06:35,2025-07-27 17:06:35
https://torob.com/p/ba839200-1c54-4f0a-829b-3d8aa39b972f/%DA%A9%D9%88%D8%AF-%D8%A7%D9%87%D9%86-%D9%85%D8%A7%DB%8C%D8%B9-%D8%A7%DB%8C%D8%B1%D9%88%D9%86-%D9%85%DB%8C%DA%A9%D8%B1%D9%88-%D8%AD%D8%AC%D9%85-120-%D8%B3%DB%8C-%D8%B3%DB%8C/,کود آهن مایع (آیرون میکرو) حجم 120 سی سی,,200000,nan,,,True,2025-07-27 17:06:36,2025-07-27 17:06:36
https://torob.com/p/2cb1c31f-2edd-4b02-8086-bcd28251eabb/%DA%A9%D9%88%D8%AF-%D9%81%D8%B1%D9%88%D8%AA-%D8%B3%D8%AA-%D9%BE%D8%B1%D9%88-%D8%A8%D8%A7-%D8%AD%D8%AC%D9%85-120-%D8%B3%DB%8C-%D8%B3%DB%8C/,کود فروت ست پرو با حجم 120 سی سی,,165000,nan,,,True,2025-07-27 17:06:38,2025-07-27 17:06:38
https://torob.com/p/45f9c6dd-aaf1-4857-aeeb-b5d5dfc15d80/%DA%A9%D9%88%D8%AF-%D8%B3%D9%88%D9%84%D9%81%D8%A7%D8%AA-%D8%A7%D9%85%D9%88%D9%86%DB%8C%D9%88%D9%85-%DA%AF%D8%B1%DB%8C%D9%86-%D9%BE%DB%8C%DA%A9-%D9%88%D8%B2%D9%86-25-%DA%A9%DB%8C%D9%84%D9%88%DA%AF%D8%B1%D9%85/,کود سولفات آمونیوم گرین پیک وزن 25 کیلوگرم,,1120000,44800.0,25,,True,2025-07-27 17:06:39,2025-07-27 17:06:39
https://torob.com/p/16948cf4-f8ad-426d-b9b0-130be8a95496/%DA%A9%D9%88%D8%AF-%D8%A8%D8%B1%D9%86%D8%AC-%D9%88-%D8%BA%D9%84%D8%A7%D8%AA-%D8%A7%D8%AF%D9%86/,کود برنج و غلات ادن,,380000,nan,,,True,2025-07-27 17:06:49,2025-07-27 17:06:49
https://torob.com/p/bfb154fe-afa9-46e0-9a55-9ad44da530b3/%DA%A9%D9%88%D8%AF-%DA%A9%D9%84%D8%B3%DB%8C%D9%85-%D8%A8%D8%B1-ca-600-%D9%BE%D8%B1%D9%88%D9%81%D8%B1%D8%AA-%D8%AA%D8%B1%DA%A9%DB%8C%D9%87/,کود کلسیم بر Ca ۶۰۰ پروفرت ترکیه,,270000,nan,,,True,2025-07-27 17:06:54,2025-07-27 17:06:54
https://torob.com/p/ad01a0ff-fc74-4ffa-88b5-007406908f55/%DA%A9%D9%88%D8%AF-%DA%A9%D9%84%D8%A7%D8%AA-%D8%A7%D9%87%D9%86-%D9%BE%D9%88%D8%AF%D8%B1%DB%8C-%D8%A7%D9%88%D9%84%D8%AA%D8%B1%D8%A7-%D9%87%DA%A9%D8%B3-%D8%A7%D8%B3%D9%BE%D8%A7%D9%86%DB%8C%D8%A7-ultra-hex-ferti-hex/,کود کلات آهن پودری اولترا هکس اسپانیا – ULTRA HEX FERTI HEX,,1350000,nan,,,True,2025-07-27 17:06:55,2025-07-27 17:06:55
https://torob.com/p/d6bda06b-850a-4159-b9ea-65610a2fa2b8/%DA%A9%D9%88%D8%AF-%DA%A9%D9%84%D8%A7%D8%AA-%D8%A7%D9%87%D9%86-%D8%A7%DB%8C%D9%86%D9%81%DB%8C%D9%86%DB%8C%D8%AA%DB%8C-%D9%81%D8%B1%D8%AA%DB%8C-%D9%87%DA%A9%D8%B3-%D8%A7%D8%B3%D9%BE%D8%A7%D9%86%DB%8C%D8%A7-infinity/,کود کلات آهن اینفینیتی فرتی هکس اسپانیا (INFINITY),,1400000,nan,,,True,2025-07-27 17:06:56,2025-07-27 17:06:56
https://torob.com/p/8719a1d7-80ab-4485-973a-56ab10698773/%DA%A9%D9%88%D8%AF-%D8%AA%D8%BA%D8%B0%DB%8C%D9%87-%D8%A7%DB%8C-%D8%B3%D9%88%D9%84%D9%81%D8%A7%D8%AA-%D9%85%D9%86%DA%AF%D9%86%D8%B2-%D8%AA%D9%88%D9%84%DB%8C%D8%AF-%DA%86%DB%8C%D9%86-%DA%A9%DB%8C%D8%B3%D9%87-25-%DA%A9%DB%8C%D9%84%D9%88%DB%8C%DB%8C/,کود تغذیه‌ای سولفات منگنز | تولید چین | کیسه 25 کیلویی,,175000,7000.0,25,,True,2025-07-27 17:07:05,2025-07-27 17:07:05
https://torob.com/p/bd514810-473d-4454-929b-51a7fb742b8e/%D9%87%DB%8C%D9%88%D9%85%DB%8C%DA%A9-%D8%A7%D8%B3%DB%8C%D8%AF-5%D9%84%DB%8C%D8%AA%D8%B1%DB%8C-%D8%A8%D8%A7%D8%B2%D8%B1%DA%AF%D8%A7%D9%86-%DA%A9%D8%A7%D9%84%D8%A7/,هیومیک اسید - 5لیتری بازرگان کالا,,750000,150000.0,5,,True,2025-07-27 17:07:06,2025-07-27 17:07:06
https://torob.com/p/dacb1e95-dc1f-4658-acb8-a76d3792ace7/%DA%A9%D9%88%D8%AF-%D9%86%DB%8C%D9%85-%D9%84%DB%8C%D8%AA%D8%B1%DB%8C-%D8%AF%DA%A9%D8%AA%D8%B1-%D8%B7%D8%A8%D8%A7%D8%B7%D8%A8%D8%A7%DB%8C%DB%8C/,کود نیم لیتری دکتر طباطبایی,,398000,nan,,,True,2025-07-27 17:07:09,2025-07-27 17:07:09
https://torob.com/p/09b3eb6a-2b6e-4186-a74b-683ce6b8ee4d/%DA%A9%D9%86%D8%AA%D8%B1%D9%84-%D9%81%DB%8C%D8%AA-%D8%B3%DB%8C%D9%84%DB%8C%D8%B3%DB%8C%D9%85-%D8%AA%DA%A9%D9%86%D9%88%DA%A9%D9%84/,کنترل فیت سیلیسیم تکنوکل,,900000,nan,,,True,2025-07-27 17:07:11,2025-07-27 17:07:11
https://torob.com/p/bdf4ef4c-ab62-421b-b38c-8d8851c3d003/%DA%A9%D9%84%D8%AA%D9%88%D8%AF%DB%8C%D9%85-%D8%B3%D9%84%DA%A9%D8%AA-%D8%B3%D9%88%D9%BE%D8%B1-1-%D9%84%DB%8C%D8%AA%D8%B1%DB%8C-%DA%86%DB%8C%D9%86%DB%8C-24-%D8%AF%D8%B1%D8%B5%D8%AF/,کلتودیم (سلکت سوپر) 1 لیتری چینی 24 درصد,,790000,790000.0,1,,True,2025-07-27 17:07:14,2025-07-27 17:07:14
https://torob.com/p/c4ca1426-778c-4006-a4f2-4214ff72db6e/%D9%86%DB%8C%DA%A9%D9%88%D8%B3%D9%88%D9%84%D9%81%D9%88%D8%B1%D9%88%D9%86-%DA%A9%D8%B1%D9%88%D8%B2-%DA%86%DB%8C%D9%86%DB%8C/,نیکوسولفورون (کروز) چینی,,510000,nan,,,True,2025-07-27 17:07:15,2025-07-27 17:07:15
https://torob.com/p/78d2c4d0-e5fa-4130-a6ed-41e668ebf2a2/%DA%A9%D9%88%D8%AF-%D9%81%D8%B3%D9%81%DB%8C%D8%AA-%D9%BE%D8%AA%D8%A7%D8%B3%DB%8C%D9%85-%D9%88%D8%A7%D9%86%D9%88%D9%85%D8%A7-1-%D9%84%DB%8C%D8%AA%D8%B1%DB%8C/,کود فسفیت پتاسیم وانوما ۱ لیتری,,1160000,1160000.0,1,,True,2025-07-27 17:07:18,2025-07-27 17:07:18
https://torob.com/p/e1e03b08-ae49-49a1-b016-2b6d9ca66a89/%DA%A9%D9%88%D8%AF-%DA%A9%D9%84%D8%A7%D8%AA-%D8%A7%D9%87%D9%86-%DA%86%DB%8C%D9%86%DB%8C-1kg%D8%A7%DA%A9%D8%AA%DB%8C%D9%88%D9%BE%D8%A7%D9%88%D8%B1-%D8%A7%D8%B1%D8%AA%D8%A7-%D8%B3%D9%85-%DA%A9%D9%88%D8%AF/,کود کلات آهن چيني 1kgاكتيوپاور آرتا سم کود,,1300000,nan,,,True,2025-07-27 17:07:25,2025-07-27 17:07:25
https://torob.com/p/8c4f5fe2-ab3a-4d32-a448-551246470c19/%D8%B3%D9%85-%DA%A9%D8%B1%D9%85-%DA%A9%D8%B4-%D8%AF%D9%84%D8%AA%D8%A7%D9%85%D8%AA%D8%B1%DB%8C%D9%86-25-ec-%D8%A8%D8%B1%D9%86%D8%AF-%D8%B7%DB%8C%D9%81-%D8%B3%D8%A8%D8%B2-1-%D9%84%DB%8C%D8%AA%D8%B1%DB%8C/,سم کرم کش دلتامترین 2.5% EC | برند طیف سبز | 1 لیتری,,420000,420000.0,1,,True,2025-07-27 17:07:33,2025-07-27 17:07:33
https://torob.com/p/0eb07c22-db62-4a3d-b9fc-29521b9d1996/%DA%A9%D9%88%D8%AF-%DA%A9%D8%A7-41-k41-%D8%A7%D9%85%DA%A9%D8%B3-1-%D9%84%DB%8C%D8%AA%D8%B1%DB%8C/,کود کا 41 (K41) امکس 1 لیتری,,1100000,1100000.0,1,,True,2025-07-27 17:07:35,2025-07-27 17:07:35
https://torob.com/p/c77ed5fa-d5a9-4f11-ac0b-2c4bbcec657d/%DA%A9%D9%88%D8%AF-%D8%A7%D8%B5%D9%84%D8%A7%D8%AD-%DA%A9%D9%86%D9%86%D8%AF%D9%87-%DA%AF%D9%88%DA%AF%D8%B1%D8%AF-%D9%BE%D9%88%D8%AF%D8%B1-%D9%85%D8%B4-300-%D8%A7%D8%B5%D9%81%D9%87%D8%A7%D9%86-25-%DA%A9%DB%8C%D9%84%D9%88%DB%8C%DB%8C/,کود اصلاح کننده گوگرد پودر | مش 300 |اصفهان | 25 کیلویی,,630000,25200.0,25,,True,2025-07-27 17:07:37,2025-07-27 17:07:37
https://torob.com/p/6c014b0e-e41b-4beb-a4e5-d42e42c6a1d8/%DA%A9%D9%88%D8%AF-%D9%BE%D8%AA%D8%A7%D8%B3-%D8%A8%D8%A7%D9%84%D8%A7-%D9%BE%D9%88%D8%AF%D8%B1%DB%8C-%DA%A9%D8%A7%D9%85%D9%84/,کود پتاس بالا پودری کامل,,85000,nan,,,True,2025-07-27 17:07:40,2025-07-27 17:07:40
https://torob.com/p/d496a268-3002-4337-9cbe-55a86016a2c3/%D9%87%DB%8C%D9%88%D9%85%DB%8C%DA%A9-%D8%A7%D8%B3%DB%8C%D8%AF-%D9%84%D9%88%DA%A9%D8%B3-%DA%AF%D8%B1%DB%8C%D9%86-20-%D9%84%DB%8C%D8%AA%D8%B1%DB%8C/,هیومیک اسید لوکس گرین 20 لیتری,,4980000,249000.0,20,,True,2025-07-27 17:07:41,2025-07-27 17:07:41
https://torob.com/p/e62df3c3-96d4-4ab3-85da-5077afa7eace/%DA%A9%D9%88%D8%AF-%D8%A7%D8%B3%DB%8C%D8%AF-%D8%A7%D9%85%DB%8C%D9%86%D9%87-%DA%AF%DB%8C%D8%A7%D9%87-%DB%8C%D8%A7%D8%B1-250-%DA%AF%D8%B1%D9%85/,کود اسید آمینه گیاه یار 250 گرم,,123000,nan,,,True,2025-07-27 17:07:48,2025-07-27 17:07:48
https://torob.com/p/4fb113a5-f20c-4c33-b5d8-a04417bdc1ac/%D9%81%DB%8C%D9%BE%D8%B1%D9%88%D9%86%DB%8C%D9%84-%D8%B3%D9%88%D8%B3%D9%BE%D8%A7%D9%86%D8%B3%DB%8C%D9%88%D9%86/,فیپرونیل سوسپانسیون,,620000,nan,,,True,2025-07-27 17:08:04,2025-07-27 17:08:04
https://torob.com/p/dde57dc9-5c87-4ea4-988e-fffc8debda3c/%D8%A7%D8%B3%D8%AA%D8%A7%D9%85%DB%8C-%D9%BE%D8%B1%D8%A7%DB%8C%D8%AF/,استامی پراید,,195000,nan,,,True,2025-07-27 17:08:05,2025-07-27 17:08:05
https://torob.com/p/591097c8-5db6-4bcb-8137-0e4324e72f3f/%DA%A9%D9%88%D8%AF-%D9%BE%D9%88%D8%AF%D8%B1%DB%8C-%D9%87%DB%8C%D9%88%D9%85%DB%8C%DA%A9-%D8%A7%D8%B3%DB%8C%D8%AF-%D8%AD%D8%A7%D8%B5%D9%84%D8%AE%DB%8C%D8%B2-%D8%A8%D8%A7-%D9%81%D9%86%D8%A7%D9%88%D8%B1%DB%8C-xgreen-1-%DA%A9%DB%8C%D9%84%D9%88%DB%8C%DB%8C/,کود پودری هیومیک اسید حاصلخیز با فناوری XGREEN - 1 کیلویی,,660000,660000.0,1,,True,2025-07-27 17:08:11,2025-07-27 17:08:11
https://torob.com/p/d8b82b33-37bb-46d2-9975-0e2fa857dfbb/%DA%A9%D9%88%D8%AF-%D9%BE%D9%88%D8%AF%D8%B1%DB%8C-%DA%A9%D9%84%D8%A7%D8%AA-%D8%A7%D9%87%D9%86-%D8%AD%D8%A7%D8%B5%D9%84%D8%AE%DB%8C%D8%B2-%D8%A8%D8%A7-%D9%81%D9%86%D8%A7%D9%88%D8%B1%DB%8C-xgreen-200-%DA%AF%D8%B1%D9%85%DB%8C/,کود پودری کلات آهن حاصلخیز با فناوری XGREEN - 200 گرمی,,250000,nan,,,True,2025-07-27 17:08:12,2025-07-27 17:08:12
https://torob.com/p/04d841f9-edf6-4659-9988-ddef2c50ed37/%DA%A9%D9%88%D8%AF-%D8%AC%D9%84%D8%A8%DA%A9-%D8%AF%D8%B1%DB%8C%D8%A7%DB%8C%DB%8C-%D9%BE%D9%88%D8%AF%D8%B1%DB%8C-%DA%AF%D8%B1%DB%8C%D9%86-%D9%BE%DB%8C%DA%A9-500-%DA%AF%D8%B1%D9%85/,کود جلبک دریایی پودری گرین پیک 500 گرم,,450000,nan,,,True,2025-07-27 17:08:17,2025-07-27 17:08:17
https://torob.com/p/e1dd1114-fc3e-4278-b3d2-f30ce0bc4459/%DA%A9%D9%88%D8%AF-%D9%85%D8%A7%D9%86%DA%A9%D9%88%D8%B2%D8%A8-%D9%85%D8%AA%D8%A7%D9%84%D8%A7%DA%A9%D8%B3%DB%8C%D9%84-1-%DA%A9%DB%8C%D9%84%D9%88%DA%AF%D8%B1%D9%85%DB%8C-%D9%85%D9%87%D8%A7%D9%86/,کود مانکوزب متالاکسیل 1 کیلوگرمی مهان,,853200,853200.0,1,,True,2025-07-27 17:08:20,2025-07-27 17:08:20
https://torob.com/p/3e1f5879-0d83-4ea1-98c9-5ee83dce7591/%DA%A9%D9%88%D8%AF-%D8%A8%D8%A7%D8%B3%D8%B4%D9%86-%DA%A9%D9%84%D8%A7%D8%AA-%D8%A7%D9%87%D9%86-1-%DA%A9%DB%8C%D9%84%D9%88%DB%8C%DB%8C/,کود باسشن کلات آهن 1 کیلویی,,1956000,1956000.0,1,,True,2025-07-27 17:08:22,2025-07-27 17:08:22
https://torob.com/p/9bcef8ab-4707-4af6-b2b8-3dc8d0999d95/%DA%A9%D9%88%D8%AF-%D8%A7%D9%88%D8%B1%DA%AF%D8%A7%D9%86%DB%8C%DA%A9-%D8%A7%D8%B3%DB%8C%D8%AF%D9%87%DB%8C%D9%88%D9%85%DB%8C%DA%A9-%DB%8C%DA%A9-%D9%84%DB%8C%D8%AA%D8%B1%DB%8C/,کود اورگانیک اسیدهیومیک یک لیتری,,450000,nan,,,True,2025-07-27 17:08:25,2025-07-27 17:08:25
https://torob.com/p/0ee83429-10cb-4abd-b0bd-c42147599c94/%DA%A9%D9%88%D8%AF-%D9%85%D8%A7%DB%8C%D8%B9-%D9%86%DB%8C%D8%AA%D8%B1%D9%88%DA%98%D9%86-%D9%BE%D8%AA%D8%A7%D8%B3%DB%8C%D9%85-nk60-%D8%A7%DB%8C%DA%A9%D8%B3-%DA%AF%D8%B1%DB%8C%D9%86-%D9%88%D8%B2%D9%86-14-%DA%A9%DB%8C%D9%84%D9%88%DA%AF%D8%B1%D9%85/,کود مایع نیتروژن پتاسیم NK60 ایکس گرین وزن ۱.۴ کیلوگرم,,277000,69250.0,4,,True,2025-07-27 17:08:28,2025-07-27 17:08:28
https://torob.com/p/acf1dc23-a0e4-4be8-abb0-4ad5723481f7/%D8%B3%D9%85-%D8%B9%D9%84%D9%81-%DA%A9%D8%B4-%DA%AF%D9%84%D8%A7%DB%8C%D9%81%D9%88%D8%B2%DB%8C%D8%AA-%DA%A9%D8%A7%D9%88%D8%B4-%D8%AD%D8%AC%D9%85-1-%D9%84%DB%8C%D8%AA%D8%B1/,سم علف کش گلایفوزیت کاوش حجم ۱ لیتر,,280000,280000.0,1,,True,2025-07-27 17:08:30,2025-07-27 17:08:30
https://torob.com/p/178f5f98-159c-42f7-9e94-e3f1ad93918b/%DA%A9%D9%88%D8%AF-%D8%A7%D9%87%D9%86-%D9%85%D9%86%DA%AF%D9%86%D8%B2-%D8%B1%D9%88%DB%8C-%D8%AF%D8%A7%D9%85%D9%88%D9%86-%D9%81%D8%B1%D9%88%D9%85%D8%A7%D8%B2%DB%8C%D9%86-fmz/,کود آهن منگنز روی دامون (فرومازین) FMZ,,418000,nan,,,True,2025-07-27 17:08:32,2025-07-27 17:08:32
https://torob.com/p/3fa6f24e-eee0-4b4e-a6fd-ae9b272fa228/%DA%A9%D9%88%D8%AF-%D8%A7%D9%85%DB%8C%D9%86%D9%88%D8%A7%D8%B3%DB%8C%D8%AF-%D9%86%D9%88%D8%A7%D9%BE%D9%84%D9%86%D8%AA-%D8%A8%D9%84%DA%98%DB%8C%DA%A9-%D8%AA%D9%82%D9%88%DB%8C%D8%AA-%DA%A9%D9%86%D9%86%D8%AF%D9%87-%D9%88-%D8%A8%D9%87%D8%A8%D9%88%D8%AF-%D8%AF%D9%87%D9%86%D8%AF%D9%87-%D8%B1%D8%B4%D8%AF-%DA%AF%D9%84-%D9%88-%DA%AF%DB%8C%D8%A7%D9%87/,کود آمینواسید نواپلنت بلژیک تقویت کننده و بهبود دهنده رشد گل و گیاه,,389000,nan,,,True,2025-07-27 17:08:35,2025-07-27 17:08:35
https://torob.com/p/1e948a3f-688b-4ae1-a809-c923b9c8177b/%DA%A9%D9%88%D8%AF-%D8%B3%DB%8C%D9%84%DB%8C%DA%A9%D8%A7%D8%AA-%D9%BE%D8%AA%D8%A7%D8%B3%DB%8C%D9%85-%D8%B6%D8%AF-%D9%88%D8%B1%D8%B3-%DA%AF%D9%86%D8%AF%D9%85-%D8%B6%D8%AF-%D8%B3%D8%B1%D9%85%D8%A7-%D9%88-%D8%B6%D8%AF-%D8%B3%D8%B1%D9%85%D8%A7-%D9%BE%D8%B3-%DA%A9%D8%B1%D8%A7%DB%8C%D9%87/,کود سیلیکات پتاسیم ضد ورس گندم ضد سرما و ضد سرما (پس کرایه),,420000,nan,,,True,2025-07-27 17:08:41,2025-07-27 17:08:41
https://torob.com/p/aa7f4f10-283f-4e94-8270-4374396f2ad6/%D8%A7%D8%A8%D8%A7%D9%85%DA%A9%D8%AA%DB%8C%D9%86-%D9%86%DB%8C%D9%85-%D9%84%DB%8C%D8%AA%D8%B1%DB%8C/,آبامکتین نیم لیتری,,390000,nan,,,True,2025-07-27 17:08:42,2025-07-27 17:08:42
https://torob.com/p/65287514-60fc-4250-9d61-d209a919f078/%DA%A9%D9%84%D8%B1%D9%BE%DB%8C%D8%B1%DB%8C%D9%81%D9%88%D8%B3-%D8%B2%D8%B1%DB%8C%D9%86-%D8%B3%D9%85/,کلرپیریفوس زرین سم,,800000,nan,,,True,2025-07-27 17:08:48,2025-07-27 17:08:48
https://torob.com/p/04c8f006-56b4-4854-9f94-5159c327c483/%D8%B3%D9%85-%DA%A9%D8%B1%D9%85-%DA%A9%D8%B4-%D8%A7%D8%B3%D9%BE%DB%8C%D9%86%D9%88%D8%B3%D8%A7%D8%AF-%D8%A8%D8%B1%D9%86%D8%AF-%D9%85%D9%87%D8%A7%D9%86-100-%DA%AF%D8%B1%D9%85%DB%8C/,سم کرم کش اسپینوساد | برند مهان | 100 گرمی,,600000,nan,,,True,2025-07-27 17:08:50,2025-07-27 17:08:50
https://torob.com/p/5f03a0e5-d6c6-427c-879c-4b6f726c3a4d/%DA%A9%D9%88%D8%AF-%D8%A7%D8%B3%DB%8C%D8%AF-%D9%87%DB%8C%D9%88%D9%85%DB%8C%DA%A9-%D9%BE%D9%88%D8%AF%D8%B1%DB%8C-%DA%AF%D8%B1%DB%8C%D9%86-%D9%BE%DB%8C%DA%A9-%D9%88%D8%B2%D9%86-25-%DA%A9%DB%8C%D9%84%D9%88%DA%AF%D8%B1%D9%85/,کود اسید هیومیک پودری گرین پیک وزن 25 کیلوگرم,,5450000,218000.0,25,,True,2025-07-27 17:08:54,2025-07-27 17:08:54
https://torob.com/p/f91e5a8e-b18d-4149-9d0e-bbbc2652e850/%DA%AF%D8%A7%D8%A8%D8%B1%DB%8C-%D9%87%DB%8C%D9%88%D9%85%DB%8C%DA%A9-%D9%85%D8%A7%DB%8C%D8%B9-%D8%A7%D8%B3%DB%8C%D8%AF-%D9%87%DB%8C%D9%88%D9%85%DB%8C%DA%A9-%2B-%D9%81%D9%88%D9%84%DB%8C%DA%A9-6%D8%AA%D8%A7%DB%8C%DB%8C/,گابری هیومیک مایع (اسید هیومیک + فولیک)(6تایی),,2359000,nan,,,True,2025-07-27 17:08:56,2025-07-27 17:08:56
https://torob.com/p/15f3283e-059c-4723-bdac-69a089bdd37c/%D8%A7%D9%85%DB%8C%D9%86%D9%88-%D8%A7%D8%B3%DB%8C%D8%AF-%D9%BE%D9%88%D8%AF%D8%B1%DB%8C-%D8%A8%D9%84%DA%98%DB%8C%DA%A9%DB%8C-%DA%A9%DB%8C%D9%81%DB%8C%D8%AA-%D8%B9%D8%A7%D9%84%DB%8C/,آمینو اسید پودری بلژیکی کیفیت عالی,,499000,nan,,,True,2025-07-27 17:09:00,2025-07-27 17:09:00
https://torob.com/p/7cba29ba-450a-4277-b5a0-feac5eb77fa8/%D9%85%D9%88%D8%B4-%DA%A9%D8%B4-%D9%BE%D8%A7%D8%B3%D8%AA%D8%A7%DB%8C%DB%8C-%D8%B7%D8%B9%D9%85%D9%87-%D9%85%D9%88%D8%B4/,موش کش پاستایی(طعمه موش),,220000,nan,,,True,2025-07-27 17:09:10,2025-07-27 17:09:10
https://torob.com/p/15af4908-f2ce-48be-a132-59048f383f5a/%D9%BE%DA%A9-%DA%A9%D8%A7%D9%85%D9%84-%DA%A9%D9%88%D8%AF-%D9%85%D8%AE%D8%B5%D9%88%D8%B5-%DA%AF%DB%8C%D8%A7%D9%87%D8%A7%D9%86-%D8%A7%D9%BE%D8%A7%D8%B1%D8%AA%D9%85%D8%A7%D9%86%DB%8C-%D9%88-%D8%AE%D8%A7%D9%86%DA%AF%DB%8C/,پک کامل کود مخصوص گیاهان آپارتمانی و خانگی,,350000,nan,,,True,2025-07-27 17:09:15,2025-07-27 17:09:15
https://torob.com/p/f747de80-0871-43cd-8e94-f0599330beb5/%DA%A9%D9%85%D9%BE%D9%88%D8%B3%D8%AA-%D8%B5%D8%AF%D9%81-%D9%87%D8%B1-%DA%A9%DB%8C%D9%84%D9%88%DA%AF%D8%B1%D9%85/,کمپوست صدف (هر کیلوگرم),,8100,nan,,,True,2025-07-27 17:09:26,2025-07-27 17:09:26
https://torob.com/p/90410bb1-3a70-47a3-ab10-5b50aa7b2db0/%D8%AE%D8%A7%DA%A9-%DA%AF%D9%84%D8%AF%D8%A7%D9%86-%D8%BA%D9%86%DB%8C-%D8%B4%D8%AF%D9%87-9-%D9%84%DB%8C%D8%AA%D8%B1%DB%8C/,خاک گلدان غنی شده 9 لیتری,,299000,33222.22222222222,9,,True,2025-07-27 17:09:28,2025-07-27 17:09:28
https://torob.com/p/9d6e784b-c359-424b-ac9c-e42dd11a06d6/%DA%A9%D9%88%D8%AF-%D8%A7%D9%88%D8%B1%D9%87-%D9%81%D8%B3%D9%81%D8%A7%D8%AA-%D8%B3%D9%88%D9%BE%D8%B1%D8%A7%D8%AF%D9%86/,کود اوره فسفات سوپرادن,,4800000,nan,,,True,2025-07-27 17:09:31,2025-07-27 17:09:31
https://torob.com/p/d56cadb1-7d56-4d97-b5da-4764eba78466/%DA%A9%D9%88%D8%AF-%D8%B3%DB%8C%D9%84%DB%8C%DA%A9%D8%A7%D8%AA-%D9%BE%D8%AA%D8%A7%D8%B3%DB%8C%D9%85-%D8%A7%DA%AF%D8%B1%D9%88%D9%81%D8%B1/,کود سیلیکات پتاسیم اگروفر,,1327000,nan,,,True,2025-07-27 17:09:34,2025-07-27 17:09:34
https://torob.com/p/0b529ac4-70ab-453e-baba-2c4609cd6bbc/%DA%A9%D9%88%D8%AF-%D9%BE%D9%88%D8%AF%D8%B1%DB%8C-10-52-10%2Bte-npk-%D8%AF%D9%87-%DA%A9%DB%8C%D9%84%D9%88%DB%8C%DB%8C/,کود پودری(10-52-10+TE ) N.P.K ده کیلویی,,3670000,nan,,,True,2025-07-27 17:09:39,2025-07-27 17:09:39
https://torob.com/p/d7d8934c-e9d5-4fc2-8436-446c68577f04/%D8%AE%D8%B1%DB%8C%D8%AF-%DA%A9%D9%88%D8%AF-%D8%A7%D8%AF%D8%A7%DA%A9%D8%B3-%D8%A7%DB%8C%DA%AF%D9%84-20x/,خرید کود آداکس ایگل 20X,,600000,nan,,,True,2025-07-27 17:09:42,2025-07-27 17:09:42
https://torob.com/p/7dde03b5-1328-432e-b97c-9adfd5b110e7/%D9%BE%D8%AA%D8%A7%D8%B3%DB%8C%D9%85-%D9%87%DB%8C%D9%88%D9%85%D8%A7%D8%AA/,پتاسیم هیومات,,305000,nan,,,True,2025-07-27 17:09:43,2025-07-27 17:09:43
https://torob.com/p/29d878f0-ffd0-4e97-803d-bfce99b30db6/%D8%B9%D9%84%D9%81-%DA%A9%D8%B4-%D8%A8%D9%86-%D8%B3%D9%88%D9%84%D9%81%D9%88%D8%B1%D9%88%D9%86-%D9%85%D8%AA%DB%8C%D9%84-%D9%84%D9%88%D9%86%D8%AF%D8%A7%DA%A9%D8%B3-50-%DA%AF%D8%B1%D9%85%DB%8C-%DA%86%DB%8C%D9%86-%D8%AE%D8%B2%D8%B1-%D8%B3%D9%85/,علف کش بن سولفورون متیل( لونداکس ) ۵۰ گرمی چین خزر سم,,130000,nan,,,True,2025-07-27 17:09:45,2025-07-27 17:09:45
https://torob.com/p/3ce9b8fa-c493-4cfa-986f-abeeef0d31e9/%DA%A9%D9%88%D8%AF-%DA%A9%D8%A7%D9%85%D9%84-%D8%B1%D8%AF%D9%81%D8%B1-%D8%B4%D8%B1%DA%A9%D8%AA-%D9%81%D8%B1%D8%AA%DB%8C%D9%86-%D8%A7%DA%AF%D8%B1%D9%88-%D8%A7%D8%B3%D9%BE%D8%A7%D9%86%DB%8C%D8%A7-%D9%85%D8%AF%D9%84-npk-20-20-20-%2Bte-%D9%88%D8%B2%D9%86-25-%DA%A9%DB%8C%D9%84%D9%88%DA%AF%D8%B1%D9%85/,کود کامل ردفر شرکت فرتین اگرو اسپانیا مدل NPK 20-20-20 +TE وزن 25 کیلوگرم,,8250000,330000.0,25,,True,2025-07-27 17:09:49,2025-07-27 17:09:49
https://torob.com/p/1ef1daa2-2ef4-4973-8bdf-d11c947fcb66/%DA%A9%D9%88%D8%AF-%D9%81%D9%88%D9%84%DB%8C%DA%A9%D8%AA-%D9%BE%D9%84%D9%86%D8%AA%DB%8C%D9%81%D9%88%D9%84-10-50-10-%D8%A7%D8%AA%D9%84%D8%A7%D9%86%D8%AA%DB%8C%DA%A9%D8%A7-1kg-%D8%A7%D8%B3%D9%BE%D8%A7%D9%86%DB%8C%D8%A7%DB%8C%DB%8C/,کود فوليكت پلنتيفول 10-50-10 آتلانتيكا 1kg اسپانيايي,,650000,nan,,,True,2025-07-27 17:09:51,2025-07-27 17:09:51
https://torob.com/p/d8a4fc70-18cb-4e4e-a8d0-a23c7a214de1/%DA%A9%D9%88%D8%AF-%D9%85%D8%A7%DB%8C%D8%B9-%DA%AF%D9%84-%D8%AF%D9%87%DB%8C-%D8%AA%D8%A7%DB%8C%D9%85%DA%A9%D8%B3-150ml/,کود مایع گل دهی تایمکس 150ml,,160000,nan,,,True,2025-07-27 17:09:55,2025-07-27 17:09:55
https://torob.com/p/2e4c2570-5c7b-4175-8400-57f72e963094/%DA%A9%D9%88%D8%AF-%D8%A8%D8%B3%D8%AA-%D9%81%D9%88%D9%84%DB%8C-%D9%85%DB%8C%DA%A9%D8%B3/,کود بست فولی میکس,,286000,nan,,,True,2025-07-27 17:10:00,2025-07-27 17:10:00
https://torob.com/p/bfa00567-069b-4968-839a-d84e2a996996/%D8%B3%D9%85-%D8%AD%D8%B4%D8%B1%D9%87%DA%A9%D8%B4-%D8%AF%DB%8C%DA%A9%D9%84%D8%B1%D9%88%D9%88%D8%B3/,سم حشرهکش دیکلرووس,,540000,nan,,,True,2025-07-27 17:10:10,2025-07-27 17:10:10
https://torob.com/p/a82d8d07-6a50-4e0d-910d-4385c747a35f/%DA%A9%D9%88%D8%AF-%D9%85%D8%A7%DB%8C%D8%B9-%D9%85%D8%A7%D9%87%DB%8C-%D9%88%D8%B1%D8%B3%D8%A7%D8%AF/,کود مایع ماهی ورساد,,999000,nan,,,True,2025-07-27 17:10:15,2025-07-27 17:10:15
https://torob.com/p/a40a4520-2f17-42e4-a4b8-5fda41083c66/%D9%87%D9%88%D9%85%D9%88%DA%A9%D8%B3%D8%A7%D9%84/,هوموکسال,,300000,nan,,,True,2025-07-27 17:10:16,2025-07-27 17:10:16
https://torob.com/p/12fe7719-b0b7-44ff-ba22-d34679fd36a8/%DA%A9%D9%88%D8%AF-%D9%85%D8%A7%DB%8C%D8%B9-%D8%AA%D9%88%D8%B1%D8%A8%D9%88%D8%B1%D9%88%D8%AA-%D8%AA%D8%B1%DB%8C%D8%AF%DA%A9%D9%88%D8%B1%D9%BE-%D8%AD%D8%AC%D9%85-5-%D9%84%DB%8C%D8%AA%D8%B1%DB%8C/,کود مایع توربوروت تریدکورپ حجم 5 لیتری,,4104000,820800.0,5,,True,2025-07-27 17:10:18,2025-07-27 17:10:18
https://torob.com/p/2de9636c-f9ee-4433-a5ae-2cfee9ef08cf/%DA%A9%D9%88%D8%AF-%D8%A8%D8%A7%D8%AA%D8%A7%D9%84%D9%88%D9%86-5-%D9%84%DB%8C%D8%AA%D8%B1%DB%8C-%D9%87%D9%85%DB%8C%D8%A7%D8%B1-%D8%AF%D8%B4%D8%AA/,کود باتالون 5 لیتری همیار دشت,,1334000,266800.0,5,,True,2025-07-27 17:10:19,2025-07-27 17:10:19
https://torob.com/p/694a059f-a820-46f2-a564-1632eceb2dec/%DA%A9%D9%88%D8%AF-%DA%A9%D9%84%D9%88%D9%81%D9%86%D8%AA%D8%B2%DB%8C%D9%86-%D8%A7%D9%BE%D9%88%D9%84%D9%88-05-%D9%84%DB%8C%D8%AA%D8%B1%DB%8C-%DA%AF%D9%84-%D8%B3%D9%85/,کود کلوفنتزین آپولو 0.5 لیتری گل سم,,1620000,324000.0,5,,True,2025-07-27 17:10:22,2025-07-27 17:10:22
https://torob.com/p/b0ac9ed4-8f17-4b18-9f2e-fd42aa4d2855/%DA%A9%D9%88%D8%AF-%D9%86%DB%8C%D8%AA%D8%B1%D8%A7%D8%AA-%DA%A9%D9%84%D8%B3%DB%8C%D9%85-%DA%A9%D9%88%D8%A7%D9%84%DB%8C-%D9%85%DA%A9%D8%B3-25-%DA%A9%DB%8C%D9%84%D9%88%DB%8C%DB%8C/,کود نیترات کلسیم کوآلی مکس 25 کیلویی,,4320000,172800.0,25,,True,2025-07-27 17:10:24,2025-07-27 17:10:24
https://torob.com/p/f23e2849-d293-4155-b36f-90a0e9b3ffdb/%DA%A9%D9%88%D8%AF-%D8%A7%D9%87%D9%86-%D9%86%D9%88%D8%AA%D8%B1%DB%8C%DA%A9%D9%84-48-%D9%BE%D8%B1%D9%85%DB%8C%D9%88%D9%85-1-%DA%A9%DB%8C%D9%84%D9%88%DB%8C%DB%8C/,کود آهن نوتریکل 4.8 پرمیوم 1 کیلویی,,1615000,1615000.0,1,,True,2025-07-27 17:10:25,2025-07-27 17:10:25
https://torob.com/p/c02feb25-137b-4076-ad12-bfc41b2f1c02/%DA%A9%D9%88%D8%AF-%D8%A7%D9%84%DA%A9%D9%88%D8%B1%D9%86%DB%8C%D9%86-%D8%B1%D8%AF%D8%B3%D8%A7-1-%D9%84%DB%8C%D8%AA%D8%B1%DB%8C/,کود آلکورنین ردسا 1 لیتری,,1350000,1350000.0,1,,True,2025-07-27 17:10:26,2025-07-27 17:10:26
https://torob.com/p/54f81eef-1224-4c83-b12d-8c6b90155231/%D9%87%D9%88%D8%B1%D9%85%D9%88%D9%86-%D8%B1%DB%8C%D8%B4%D9%87-%D8%B2%D8%A7%DB%8C%DB%8C-%D8%B1%D9%88%D8%AA%D9%88%D9%86%DA%A9%D8%B3-%D8%B3%D8%A8%D8%B2-%D9%82%D8%B1%D9%85%D8%B2-%D9%88-%D8%A8%D9%86%D9%81%D8%B4-%D8%A8%D8%B3%D8%AA%D9%87-12-%D8%B9%D8%AF%D8%AF%DB%8C/,هورمون ریشه زایی روتونکس سبز، قرمز و بنفش بسته 12 عددی,,9000000,nan,,,True,2025-07-27 17:10:29,2025-07-27 17:10:29
https://torob.com/p/0a89bc3c-3ec0-4eed-bf09-a3baa6bc679b/%DA%A9%D9%88%D8%AF-%D9%84%D8%A8%DB%8C%DA%A9%D9%88-%D9%85%DA%AF-%D9%84%D8%A8%DB%8C%D9%86-1-%D9%84%DB%8C%D8%AA%D8%B1%DB%8C-%D9%87%D9%85%DB%8C%D8%A7%D8%B1-%D9%85%D9%86%DB%8C%D8%B2%DB%8C%D9%85/,کود لبیکو مگ لبین 1 لیتری همیار منیزیم,,1015000,1015000.0,1,,True,2025-07-27 17:10:31,2025-07-27 17:10:31
https://torob.com/p/4064e85a-e5fe-4801-bf13-54d744c52665/%DA%A9%D9%88%D8%AF-%D9%81%D8%B3%D9%81%DB%8C%D8%AA-%D9%BE%D8%AA%D8%A7%D8%B3%DB%8C%D9%85-%D9%BE%D8%B1%D9%88%D8%AA%DA%A9%D8%AA-%D8%B1%D8%AF%D8%B3%D8%A7-1-%D9%84%DB%8C%D8%AA%D8%B1%DB%8C/,کود فسفیت پتاسیم (پروتکت) ردسا 1 لیتری,,972000,972000.0,1,,True,2025-07-27 17:10:32,2025-07-27 17:10:32
https://torob.com/p/904aae1e-f98f-4ba9-9859-97116461db51/%DA%A9%D9%88%D8%AF-%D8%B3%D9%88%D9%84%D9%81%D8%A7%D8%AA-%D9%BE%D8%AA%D8%A7%D8%B3%DB%8C%D9%85-52-%DA%A9%D9%88%D8%A7%D9%84%DB%8C-%D9%85%DA%A9%D8%B3-10-%DA%A9%DB%8C%D9%84%D9%88%DB%8C%DB%8C/,کود سولفات پتاسیم 52 کوآلی مکس 10 کیلویی,,1836000,183600.0,10,,True,2025-07-27 17:10:34,2025-07-27 17:10:34
https://torob.com/p/98ecba65-b3a6-4c2a-a952-0e9ab6a99f78/%D9%81%D8%B1%D9%88%D8%B4-10-%D8%AA%D9%86-%DB%8C%DA%A9-%DA%A9%D8%A7%D9%86%D8%AA%DB%8C%D9%86%D8%B1-%D9%82%D9%87%D9%88%D9%87-%D8%B1%D9%88%D8%A8%D9%88%D8%B3%D8%AA%D8%A7-%D8%A7%D9%86%D8%AF%D9%88%D9%86%D8%B2%DB%8C-%D8%B3%D9%88%D9%85%D8%A7%D8%AA%D8%B1%D8%A7-17-18/,فروش 10 تن (یک کانتینر) قهوه روبوستا اندونزی سوماترا 17/18,,5800000000,nan,,,True,2025-07-27 17:10:37,2025-07-27 17:10:37
https://torob.com/p/05571263-2250-4cc5-acda-dd4fbee35ff9/%DA%A9%D9%88%D8%AF-%D9%85%D8%A7%DB%8C%D8%B9-%D9%85%D8%B1%D8%BA%DB%8C-%D8%B4%D9%88%DA%A9-20-%D9%84%DB%8C%D8%AA%D8%B1%DB%8C/,کود مایع مرغی شوک ۲۰ لیتری,,259000,12950.0,20,,True,2025-07-27 17:10:38,2025-07-29 15:02:16
https://torob.com/p/f9b3ec0e-f252-4ec4-be6c-15dbd6bf8524/%D8%B9%D9%84%D9%81-%DA%A9%D8%B4-%D8%B3%D9%88%D9%BE%D8%B1%DA%AF%D8%A7%D9%84%D8%A7%D9%86%D8%AA-%D9%87%D8%A7%D9%84%D9%88%DA%A9%D8%B3%DB%8C-%D9%81%D9%88%D9%BE-%DA%AF%D9%84-%D8%B3%D9%85-%D9%86%DB%8C%D9%85-%D9%84%DB%8C%D8%AA%D8%B1%DB%8C/,علف کش سوپرگالانت هالوکسی فوپ گل سم نیم لیتری,,305000,nan,,,True,2025-07-27 17:10:40,2025-07-27 17:10:40
https://torob.com/p/3b38898e-ccba-419f-a360-99d89e702767/%DA%A9%D9%88%D8%AF-%D8%AC%D9%84%D8%A8%DA%A9-%D8%B3%DB%8C%D9%88%DB%8C%DA%A9%D8%A7-%D8%AC%D9%86%D9%88%D8%A8%DA%AF%D8%A7%D9%86-%D8%AD%D8%AC%D9%85-%DB%8C%DA%A9-%D9%84%DB%8C%D8%AA%D8%B1/,کود جلبک سیویکا جنوبگان حجم یک لیتر,,310000,nan,,,True,2025-07-27 17:10:44,2025-07-27 17:10:44
https://torob.com/p/917aeaaa-dfbb-4159-ac29-1f0ffe414c6a/%DA%A9%D9%88%D8%AF-%D9%BE%D9%88%D8%AF%D8%B1%DB%8C-20-20-20-%D8%AF%D9%87-%DA%A9%DB%8C%D9%84%D9%88%DB%8C%DB%8C-%D8%B1%D9%88%DB%8C%D8%B4/,کود پودری 20-20-20 ده کیلویی رویش,,1510000,nan,,,True,2025-07-27 17:10:47,2025-07-27 17:10:47
https://torob.com/p/a8e3e02f-35f7-49d7-92b6-7ca5f704bb28/%DA%A9%D9%88%D8%AF-%D9%85%D8%A7%DB%8C%D8%B9-%D8%A7%D9%85%DB%8C%D9%86%D9%88%D8%A7%D8%B3%DB%8C%D8%AF-%D8%B3%DB%8C%D9%86%D8%AC%D9%86%D8%AA%D8%A7-%D9%85%D8%AF%D9%84-%D8%A7%DB%8C%D8%B2%D8%A7%D8%A8%DB%8C%D9%88%D9%86-%D8%AD%D8%AC%D9%85-1-%D9%84%DB%8C%D8%AA%D8%B1/,کود مایع آمینواسید سینجنتا مدل ایزابیون حجم 1 لیتر,,1130000,1130000.0,1,,True,2025-07-27 17:10:50,2025-07-27 17:10:50
https://torob.com/p/2adcd8e0-6744-4024-b983-504735034090/%DA%A9%D9%88%D8%AF-%D9%85%D8%A7%DB%8C%D8%B9-%D8%A7%D9%85%DB%8C%D9%86%D9%88%D8%A7%D8%B3%DB%8C%D8%AF-%D8%B2%D8%A7%DB%8C%D8%B2-%D8%A7%D9%86%DA%AF%D9%84%D8%B3%D8%AA%D8%A7%D9%86-%D9%85%D8%AF%D9%84-%D8%A7%D9%85%DB%8C%D9%86%D9%88%D8%B2%D8%A7%DB%8C%D8%B2-%D9%BE%D9%84%D8%A7%D8%B3-%D8%AD%D8%AC%D9%85-1-%D9%84%DB%8C%D8%AA%D8%B1/,کود مایع آمینواسید زایز انگلستان مدل آمینوزایز پلاس حجم 1 لیتر,,1050000,1050000.0,1,,True,2025-07-27 17:10:52,2025-07-27 17:10:52
https://torob.com/p/a550e1a2-dfd4-42b5-8ce3-3744d1603015/%DA%AF%D9%88%DA%AF%D8%B1%D8%AF-%D9%85%D8%A7%DB%8C%D8%B9-%D9%BE%D8%A7%D8%B1%D8%B3-%D8%AE%D9%88%D8%B4%D9%87-5-%D9%84%DB%8C%D8%AA%D8%B1%DB%8C/,گوگرد مایع پارس خوشه 5 لیتری,,360000,72000.0,5,,True,2025-07-27 17:11:01,2025-07-27 17:11:01
https://torob.com/p/f1032614-1128-4a2c-8a78-644c7da5ff40/%DA%A9%D9%85%D9%BE%D9%88%D8%B3%D8%AA-%DA%A9%DB%8C%D9%85%DB%8C%D8%A7/,کمپوست کیمیا,,8100,nan,,,True,2025-07-27 17:11:04,2025-07-27 17:11:04
https://torob.com/p/c564f6a4-34c3-43fd-893f-e0eb5f3f4bef/%D8%B3%DB%8C%D9%85%D9%88%DA%A9%D8%B3%D8%A7%D9%86%DB%8C%D9%84-%2B-%DA%A9%D9%84%D8%B1%D8%AA%D8%A7%D9%84%D9%88%D9%86%DB%8C%D9%84-%2B-%D9%85%D8%A7%D9%86%DA%A9%D9%88%D8%B2%D8%A8/,سیموکسانیل + کلرتالونیل + مانکوزب,,299500,nan,,,True,2025-07-27 17:11:07,2025-07-27 17:11:07
https://torob.com/p/51f413b9-dced-439d-9a45-6d5e19d006db/%D8%B3%D9%85-%D8%B9%D9%84%D9%81-%DA%A9%D8%B4-%D9%86%DB%8C%DA%A9%D9%88%D8%B3%D9%88%D9%84%D9%81%D9%88%D8%B1%D9%88%D9%86-%DA%A9%D8%B1%D9%88%D8%B2-%DA%86%DB%8C%D9%86%DB%8C-1-%D9%84%DB%8C%D8%AA%D8%B1%DB%8C/,سم علف کش نیکوسولفورون (کروز) | چینی | 1 لیتری,,610000,610000.0,1,,True,2025-07-27 17:11:12,2025-07-27 17:11:12
https://torob.com/p/ac20870f-fac8-4752-aea8-bccfaa6c0d3f/%D9%82%D8%A7%D8%B1%DA%86-%DA%A9%D8%B4-%DA%A9%D8%A7%D9%BE%D8%AA%D8%A7%D9%86-%D8%B4%DB%8C%D9%85%DB%8C-%DA%A9%D8%B4%D8%A7%D9%88%D8%B1%D8%B2/,قارچ کش کاپتان شیمی کشاورز,,520000,nan,,,True,2025-07-27 17:11:15,2025-07-27 17:11:15
https://torob.com/p/fd3035f5-82ff-45b1-86c0-67137ffb3e0a/%DA%A9%D9%88%D8%AF-%D8%AC%D9%84%D8%A8%DA%A9-%D8%AF%D8%B1%DB%8C%D8%A7%DB%8C%DB%8C-%D8%AC%D9%88%D9%84%DB%8C%D8%A7%D9%86-%D8%A8%D9%88/,کود جلبک دریایی جولیان بو,,149000,nan,,,True,2025-07-27 17:11:16,2025-07-27 17:11:16
https://torob.com/p/369a44a0-a49c-4486-94b2-2aabd64fab38/%DA%A9%D9%88%D8%AF-%D9%85%D8%A7%DB%8C%D8%B9-%D9%81%D8%B3%D9%81%DB%8C%D8%AA-%D9%85%D8%B3-%D8%A8%D8%A7%D8%B1%D8%B3%D9%84%D9%88%D8%B3-copper-phosphite-%D8%AF%DB%8C%D8%A7%D8%B1-%DA%A9%D8%B4%D8%AA/,کود مایع فسفیت مس بارسلوس | COPPER PHOSPHITE | دیار کشت,,6000000,nan,,,True,2025-07-27 17:11:18,2025-07-27 17:11:18
https://torob.com/p/0df6b726-c6e9-4e99-9183-625e51945ee4/%DA%A9%D9%88%D8%AF-%D8%A8%DB%8C%D9%88%D8%B1%D8%A7%D8%AF%DB%8C%DA%A9%D8%A7%D9%86%D8%AA-%D8%AD%D8%A7%D8%B5%D9%84%D8%AE%DB%8C%D8%B2-100-%D9%85%DB%8C%D9%84-%D8%A8%D8%A7-%D9%81%D9%86%D8%A7%D9%88%D8%B1%DB%8C-xgreen/,کود بیورادیکانت حاصلخیز 100 میل با فناوری XGREEN,,80000,nan,,,True,2025-07-27 17:11:19,2025-07-27 17:11:19
https://torob.com/p/e1e4e1a7-846c-4358-9702-653ea5be3fca/%DA%A9%D9%88%D8%AF%D8%A7%D8%B3%DB%8C%D8%AF-%D9%87%DB%8C%D9%88%D9%85%DB%8C%DA%A9-%D9%87%DB%8C%D9%88%D9%85%DB%8C%DA%A9%D8%B3-%D8%A7%DA%A9%D8%AA%DB%8C%D9%88%D9%BE%D8%A7%D9%88%D8%B1-25kg-%D8%A7%D8%B1%D8%AA%D8%A7-%D8%B3%D9%85-%DA%A9%D9%88%D8%AF/,کوداسيد هيوميك هيوميكس اكتيوپاور 25kg آرتا سم کود,,7575000,nan,,,True,2025-07-27 17:11:20,2025-07-27 17:11:20
https://torob.com/p/717520b2-876f-4ad2-b688-783e0bc77248/%DA%A9%D9%88%D8%AF-%D9%85%D9%88%D9%86%D9%88-%D9%BE%D8%AA%D8%A7%D8%B3%DB%8C%D9%85-%D9%81%D8%B3%D9%81%D8%A7%D8%AA-mkp-%DA%AF%D8%B1%DB%8C%D9%86-%D9%BE%DB%8C%DA%A9-%D9%88%D8%B2%D9%86-10-%DA%A9%DB%8C%D9%84%D9%88%DA%AF%D8%B1%D9%85/,کود مونو پتاسیم فسفات(MKP) گرین پیک وزن 10 کیلوگرم,,2100000,210000.0,10,,True,2025-07-27 17:11:23,2025-07-27 17:11:23
https://torob.com/p/eb1b11b2-08c4-4ac5-8c61-d7eb8259240b/%D9%81%D8%B1%D9%88%D8%AA-%D8%B3%D8%AA-%D8%AA%D8%B1%DB%8C-%D8%B3%D8%AA-%DB%8C%DA%A9-%DA%A9%DB%8C%D9%84%D9%88%DA%AF%D8%B1%D9%85%DB%8C-%D9%81%DB%8C%D9%88%DA%86%D8%B1%D8%A7%DA%A9%D9%88-%D8%A7%D8%B3%D9%BE%D8%A7%D9%86%DB%8C%D8%A7/,فروت ست (تری ست) یک کیلوگرمی فیوچراکو اسپانیا,,1550000,nan,,,True,2025-07-27 17:11:26,2025-07-27 17:11:26
https://torob.com/p/c0d10553-9a1c-4978-8c1b-cc0d1588ab9f/%DA%A9%D9%88%D8%AF-%D8%A7%D9%84%DB%8C-%D8%AC%D9%86%DA%AF%D9%84/,کود آلی جنگل,,75000,nan,,,True,2025-07-27 17:11:31,2025-07-27 17:11:31
https://torob.com/p/35d3b92e-dab2-4f13-b26e-ae842c430bab/%D8%B3%D9%85-%D8%B9%D9%84%D9%81%DA%A9%D8%B4-%DA%AF%D9%84%D8%A7%DB%8C%D9%81%D9%88%D8%B2%DB%8C%D8%AA-%D8%B1%D8%A7%D9%86%D8%AF%D8%A7%D9%BE-1-%D9%84%DB%8C%D8%AA%D8%B1%DB%8C/,سم علفکش گلایفوزیت (رانداپ) ۱ لیتری,,440000,440000.0,1,,True,2025-07-27 17:11:32,2025-07-27 17:11:32
https://torob.com/p/aec653f2-0a8d-44b3-9bd5-2674a91e14db/%DA%A9%D9%88%D8%AF-%D9%BE%D8%AA%D8%A7%D8%B3%DB%8C%D9%85-%D8%A8%D8%A7%D9%84%D8%A7-12-12-36/,کود پتاسیم بالا 12-12-36,,33500,nan,,,True,2025-07-27 17:11:37,2025-07-27 17:11:37
https://torob.com/p/bb059ba9-bb40-45e6-bad9-88804f75d0e0/%DA%A9%D9%88%D8%AF-%D8%AA%D8%B1%DB%8C%DA%A9%D9%88%D8%AF%D8%B1%D9%85%D8%A7-%D8%B1%D9%88%DB%8C%D8%B4-200-%DA%AF%D8%B1%D9%85%DB%8C/,کود تریکودرما رویش (200 گرمی),,181000,nan,,,True,2025-07-27 17:11:38,2025-07-27 17:11:38
https://torob.com/p/75bc6957-6de2-4691-aaf7-caebf39c50f9/%D9%81%D9%88%D9%84%D9%88%DB%8C%DA%A9-%D8%A7%D8%B3%DB%8C%D8%AF-95-%D8%B4%D9%88%DA%A9-%D8%A7%D9%85%D8%B1%DB%8C%DA%A9%D8%A7%DB%8C%DB%8C-%D8%A7%D8%B5%D9%84-5-%D9%84%DB%8C%D8%AA%D8%B1%DB%8C/,فولویک اسید ۹۵٪ شوک آمریکایی اصل - ۵ لیتری,,1897000,379400.0,5,,True,2025-07-27 17:11:43,2025-07-27 17:11:43
https://torob.com/p/0c0fb622-35a1-41db-b311-264f5f0163c1/%D9%87%D9%88%D8%B1%D9%85%D9%88%D9%86-%D8%B3%D8%B1%D9%88%D8%AA%D9%88%D9%86%DB%8C%D9%86/,هورمون سروتونین,,15500000,nan,,,True,2025-07-27 17:11:44,2025-07-27 17:11:44
https://torob.com/p/7c41fbb9-4b5e-4186-9eda-58ba4504e8a6/%DA%A9%D8%A7%D9%BE%D8%AA%D8%A7%D9%86-50-%D8%AF%D8%B1%D8%B5%D8%AF-%D8%B4%DB%8C%D9%85%DB%8C-%DA%A9%D8%B4%D8%A7%D9%88%D8%B1%D8%B2-%D9%82%D8%A7%D8%B1%DA%86-%DA%A9%D8%B4-captan-wp-50-%D8%A8%D8%A7-%D8%A7%D8%AB%D8%B1-%D8%B3%D8%B1%DB%8C%D8%B9/,کاپتان ۵۰ درصد شیمی کشاورز | قارچ‌کش Captan WP 50% با اثر سریع,,620000,nan,,,True,2025-07-27 17:11:49,2025-07-27 17:11:49
https://torob.com/p/085ca51b-38d9-4c69-8012-78c184d9345d/%DA%A9%D9%88%D8%AF-%D8%A7%D8%B3%DB%8C%D8%AF-%D8%A7%D9%85%DB%8C%D9%86%D9%87-%D9%BE%DB%8C-%D8%A7%D9%86-%D9%BE%DB%8C/,کود اسید آمینه پی ان پی,,721000,nan,,,True,2025-07-27 17:11:51,2025-07-27 17:11:51
https://torob.com/p/622411ce-e05e-473e-a815-feb9ad0ceba5/%D8%B5%D8%A7%D8%A8%D9%88%D9%86-%D9%85%D8%AD%D9%84%D9%88%D9%84-%D9%BE%D8%A7%D8%B4%DB%8C-%DB%8C%D9%88%D9%86%DB%8C-%DB%8C%DA%A9-%D9%84%DB%8C%D8%AA%D8%B1%DB%8C-%D8%AC%D9%86%D9%88%D8%A8%DA%AF%D8%A7%D9%86/,صابون محلول پاشی یونی - یک لیتری جنوبگان,,150000,nan,,,True,2025-07-27 17:11:55,2025-07-27 17:11:55
https://torob.com/p/e77050c0-f7e1-46df-9188-20f121699e38/%DA%A9%D9%88%D8%AF-%D9%87%DA%AF%D8%B2%DB%8C-%D8%AA%DB%8C%D8%A7%D8%B2%D9%88%DA%A9%D8%B3-05-%D9%84%DB%8C%D8%AA%D8%B1%DB%8C-%D9%85%D9%87%D8%A7%D9%86/,کود هگزی تیازوکس 0.5 لیتری مهان,,900000,180000.0,5,,True,2025-07-27 17:11:57,2025-07-27 17:11:57
https://torob.com/p/bf197467-2ac9-4092-9288-fe1017ca7799/%D9%87%DB%8C%D9%88%D9%85%DB%8C%DA%A9-%D8%A7%D8%B3%DB%8C%D8%AF%D9%BE%D9%88%D8%AF%D8%B1%D8%AF%D9%87-%DA%A9%DB%8C%D9%84%D9%88%DB%8C%DB%8C/,هیومیک اسیدپودرده کیلویی,,6700000,nan,,,True,2025-07-27 17:12:01,2025-07-27 17:12:01
https://torob.com/p/ab9e978b-3d01-4c6a-83d7-049e2ea3a696/%D8%A8%D9%88%D8%B1%D8%A7%D9%85%DB%8C%D9%86-boramin/,بورآمین Boramin,,296940,nan,,,True,2025-07-27 17:12:03,2025-07-27 17:12:03
https://torob.com/p/82434a84-3e18-403c-a730-b6562c1e105f/%D8%A7%D8%B3%DB%8C%D8%AF-%D8%A7%D9%85%DB%8C%D9%86%D9%87-%D8%A8%D8%A7%D8%B1%D8%B3%D9%84%D9%88%D8%B3/,اسید امینه بارسلوس,,700000,nan,,,True,2025-07-27 17:12:16,2025-07-27 17:12:16
https://torob.com/p/4a8c3776-292d-42e1-9d5d-1cf4ba4ab0da/%D8%A7%D8%AC%D8%B1-%D9%81%D8%B1%D9%85%D8%A7%D9%84%DB%8C%D9%86/,آجر فرمالین,,120000,nan,,,True,2025-07-27 17:12:19,2025-07-27 17:12:19
https://torob.com/p/f8a75520-2037-4c35-902e-1914992f2310/%DA%A9%D9%88%D8%AF-%D9%85%D9%88%D9%84%D8%AA%DB%8C-%D9%85%DB%8C%D9%84-%D9%85%DB%8C%D9%84-%D8%AA%D8%A7%D8%B1-%D8%AA%D8%B1%DA%A9%DB%8C%D9%87-mill-tar-multi-mill/,کود مولتی میل میل تار ترکیه(Mill-tar Multi Mill),,400000,nan,,,True,2025-07-27 17:12:22,2025-07-27 17:12:22
https://torob.com/p/453d6664-f310-4855-bb4b-eb8450be7322/%D8%AE%D8%A7%DA%A9-%DA%AF%D9%84%D8%AF%D8%A7%D9%86-%D8%A8%D8%A7%D8%BA%D8%A8%D8%A7%D9%86-8-%D9%84%DB%8C%D8%AA%D8%B1/,خاک گلدان باغبان 8 لیتر,,70000,8750.0,8,,True,2025-07-27 17:12:24,2025-07-27 17:12:24
https://torob.com/p/fc28a453-4c58-4a3e-866d-4eca8a5962d2/%D8%A7%D9%86%D8%AA%DB%8C-%D8%B3%D8%A7%D9%84%D8%AA-%D8%A7%DA%AF%D8%B1%DB%8C-%D9%81%D9%88%D9%84-%D8%AA%DA%A9%D9%86%D9%88%DA%A9%D9%84/,آنتی سالت اگری فول تکنوکل,,3000000,nan,,,True,2025-07-27 17:12:31,2025-07-27 17:12:31
https://torob.com/p/153c4c63-5526-4ec0-a7ab-58b7df7f170b/%D8%A7%D9%85%DB%8C%D9%86%D9%88-%D8%B1%D9%88%DB%8C-%D8%AA%DA%A9%D9%86%D9%88%DA%A9%D9%84/,آمینو روی تکنوکل,,850000,nan,,,True,2025-07-27 17:12:33,2025-07-27 17:12:33
https://torob.com/p/8684b3ee-8e2c-4c60-8052-effdf28ada1a/%DA%A9%D9%86%D8%AA%D8%B1%D9%84-%D9%81%DB%8C%D8%AA-%D9%85%D8%B3-%D8%AA%DA%A9%D9%86%D9%88%DA%A9%D9%84/,کنترل فیت مس تکنوکل,,880000,nan,,,True,2025-07-27 17:12:35,2025-07-27 17:12:35
https://torob.com/p/14a4483f-35ea-45b5-bde3-5e6429904661/%DA%A9%D9%88%D8%AF-%D8%A7%DA%A9%D9%88%D8%B1%D9%85%D9%88%D9%86-%D9%81%D8%B1%D9%88%D8%BA-%D8%AF%D8%B4%D8%AA-%D9%86%DB%8C%D9%85-%D9%84%DB%8C%D8%AA%D8%B1%DB%8C/,کود اکورمون فروغ دشت نیم لیتری,,1367000,nan,,,True,2025-07-27 17:12:41,2025-07-27 17:12:41
https://torob.com/p/db888d7d-d1e3-43df-93e3-e58f967d52e4/%DA%A9%D9%88%D8%AF-%D8%A7%D9%84%D8%AC%DB%8C%D9%88%D8%B3-20-%D8%B1%D8%AF%D8%B3%D8%A7-1-%D9%84%DB%8C%D8%AA%D8%B1%DB%8C/,کود آلجیوس 20 ردسا 1 لیتری,,1242000,1242000.0,1,,True,2025-07-27 17:12:42,2025-07-27 17:12:42
https://torob.com/p/6d2b7e8a-ff11-42da-b248-cb4495679e18/%D9%BE%D8%B1%DB%8C%D9%86%D9%88%D8%A7-20-20-20-10-%DA%A9%DB%8C%D9%84%D9%88%DB%8C%DB%8C/,پرینوا 20-20-20 (10 کیلویی),,2431000,243100.0,10,,True,2025-07-27 17:12:44,2025-07-27 17:12:44
https://torob.com/p/fe0b6b79-91a9-4efc-b9ce-0b3606b4ad71/%D9%86%DB%8C%D8%AA%D8%B1%D8%A7%D8%AA-%D9%BE%D8%AA%D8%A7%D8%B3%DB%8C%D9%85-%D8%A8%D9%84%DA%98%DB%8C%DA%A9/,نیترات پتاسیم بلژیک,,1998000,nan,,,True,2025-07-27 17:12:45,2025-07-27 17:12:45
https://torob.com/p/1aaf72ea-87a0-4457-8d62-b6d446fd686f/%D8%B3%D9%85-%D9%82%D8%A7%D8%B1%DA%86-%DA%A9%D8%B4/,سم قارچ کش,,140000,nan,,,True,2025-07-27 17:12:47,2025-07-27 17:12:47
https://torob.com/p/826df8a0-1224-4ab3-b2d1-c11142ffdbbd/%D9%82%D8%A7%D8%B1%DA%86-%DA%A9%D8%B4-%D8%A7%DB%8C%D9%BE%D8%B1%D9%88%D8%AF%DB%8C%D9%88%D9%86-%DA%A9%D8%A7%D8%B1%D8%A8%D9%86%D8%AF%D8%A7%D8%B2%DB%8C%D9%85-%DA%AF%D9%84-%D8%B3%D9%85-%D8%AD%D8%AC%D9%85-1-%DA%A9%DB%8C%D9%84%D9%88%DA%AF%D8%B1%D9%85/,قارچ کش ایپرودیون کاربندازیم گل سم حجم ۱ کیلوگرم,,655000,655000.0,1,,True,2025-07-27 17:12:49,2025-07-27 17:12:49
https://torob.com/p/42574b51-dc3b-4fce-ab7b-81cab6493a3a/%D8%B3%D9%88%D9%BE%D8%B1-%DA%A9%D9%88%D8%AF-%D8%AA%D9%82%D9%88%DB%8C%D8%AA%DB%8C-%DA%A9%D9%84%DB%8C%D9%87-%DA%AF%DB%8C%D8%A7%D9%87%D8%A7%D9%86-n20-p20-k20-%D9%81%D8%B1%D9%85%D9%88%D9%84-%DB%8C%DA%A9/,سوپر کود تقویتی کلیه گیاهان N20 P20 K20 فرمول یک,,61000,nan,,,True,2025-07-27 17:12:50,2025-07-27 17:12:50
https://torob.com/p/ad0349a9-9a37-4c60-a5c3-f1c5000f4e59/%D9%87%D9%88%D8%B1%D9%85%D9%88%D9%86-%D8%B1%D8%B4%D8%AF-%D8%A8%D9%88%D8%B3%D8%AA%D8%B1-%D9%BE%D8%B1%D9%88%D8%AA%DA%A9%D8%AA-%D9%86%DB%8C%DA%86%D8%B1-%DA%A9%D8%AF-d-11-%D8%AD%D8%AC%D9%85-125-%D9%85%DB%8C%D9%84%DB%8C-%D9%84%DB%8C%D8%AA%D8%B1/,هورمون رشد بوستر پروتکت نیچر کد D-11 حجم 125 میلی لیتر,,255000,nan,,,True,2025-07-27 17:12:58,2025-07-27 17:12:58
https://torob.com/p/3d54fcb0-ae81-43ab-a00b-f1d1f99b7aa5/%D8%B3%D9%85-%D8%A7%DB%8C%DA%A9%D9%88%D9%86-%D8%A7%D8%B5%D9%84%DB%8C-%D8%A7%D8%B1%DA%AF%D8%A7%D9%86%DB%8C%DA%A9-%D8%AC%D9%87%D8%AA-%D9%85%D9%86%D8%A7%D8%B2%D9%84-%D9%88-%D8%B1%D8%B3%D8%AA%D9%88%D8%B1%D8%A7%D9%86-%D9%88-%DA%A9%D8%A7%D8%B1%D8%AE%D8%A7%D9%86%D9%87-%D9%88-%D8%B4%D8%B1%DA%A9%D8%AA/,سم ایکون اصلی ارگانیک جهت منازل و رستوران و کارخانه و شرکت,,120000,nan,,,True,2025-07-27 17:13:01,2025-07-27 17:13:01
https://torob.com/p/3967336d-079c-45ba-a0c4-6973cd266e40/%DA%A9%D9%88%D8%AF-%D8%A7%D9%86%DA%AF%D9%88%D8%B1-%D8%A7%D8%AF%D9%86/,کود انگور ادن,,378000,nan,,,True,2025-07-27 17:13:10,2025-07-27 17:13:10
https://torob.com/p/ceb6995b-f722-4d0b-998d-5f4f521dff21/%DA%A9%D9%88%D8%AF-%D9%85%DB%8C%D9%88%D8%A7%DA%A9%D8%A7%D9%86%D8%AA%D8%A7%D9%86%D9%88%D9%84-%D8%A7%DA%A9%D9%88%D8%A7%D9%81%D8%A7%D8%B1%D9%85%D8%A7-%D8%A7%D8%B3%D9%BE%D8%A7%D9%86%DB%8C%D8%A7-%DB%8C%DA%A9-%DA%A9%DB%8C%D9%84%D9%88%DB%8C%DB%8C/,کود میواکانتانول اکوافارما اسپانیا (یک کیلویی),,1340000,nan,,,True,2025-07-27 17:13:13,2025-07-27 17:13:13
https://torob.com/p/a8e578ee-a510-4f28-a6a8-933252e1eda3/%DA%A9%D9%88%D8%AF-npk-%DA%A9%D8%A7%D9%85%D9%84-10-52-10-%D8%AD%D8%A7%D9%88%DB%8C-%D8%B9%D9%86%D8%A7%D8%B5%D8%B1%D8%B1%DB%8C%D8%B2-%D9%85%D8%BA%D8%B0%DB%8C-%DA%A9%D9%84%D8%A7%D8%AA%D9%87-%D8%B4%D8%AF%D9%87-10-%DA%A9%DB%8C%D9%84%D9%88%DB%8C%DB%8C-%D8%A8%D8%B3%DB%8C%D8%A7%D8%B1-%D8%A8%D8%A7-%DA%A9%DB%8C%D9%81%DB%8C%D8%AA/,کود NPK کامل 10-52-10 حاوی عناصرریز مغذی کلاته شده 10 کیلویی (بسیار با کیفیت),,2494800,249480.0,10,,True,2025-07-27 17:13:17,2025-07-27 17:13:17
https://torob.com/p/c0ba636f-fe25-42aa-a079-69666fc5fa35/%D9%82%D8%A7%D8%B1%DA%86-%DA%A9%D8%B4-%D9%85%D8%A7%D9%86%DA%A9%D9%88%D8%B2%D8%A8-%DA%AF%D9%84-%D8%B4%DB%8C%D9%85%DB%8C/,قارچ کش مانکوزب گل شیمی,,720000,nan,,,True,2025-07-27 17:13:19,2025-07-27 17:13:19
https://torob.com/p/723c5481-d7fc-4b9e-962d-ec849709ca01/%DA%A9%D9%88%D8%AF-12-12-36-%D8%B4%D9%88%DA%A9/,کود 12-12-36 شوک,,4350000,nan,,,True,2025-07-27 17:13:20,2025-07-27 17:13:20
https://torob.com/p/6d64254d-c876-4a07-8399-dbadfc455d5d/%DA%A9%D9%88%D8%AF-%D8%A7%D9%85%DB%8C%D9%86%D9%88-%D8%A7%D8%B3%DB%8C%D8%AF-80-%D9%BE%D9%88%D8%AF%D8%B1%DB%8C-%D8%A7%D8%B3%D9%BE%D8%A7%D9%86%DB%8C%D8%A7-hex-amin-80-wp-%D9%81%D8%B1%D8%AA%DB%8C-%D9%87%DA%A9%D8%B3/,کود آمینو اسید 80% پودری اسپانیا – Hex Amin 80% WP | فرتی هکس,,1610000,nan,,,True,2025-07-27 17:13:22,2025-07-27 17:13:22
https://torob.com/p/170ba044-cf5f-4dcc-ab78-3094762f47b2/%DA%A9%D9%88%D8%AF-%DA%AF%D8%B1%D9%88-%D9%81%DB%8C%D8%AF%DB%8C%D9%86%DA%AF-grow-green-house-feeding/,کود گرو فیدینگ Grow Green House Feeding,,130000,nan,,,True,2025-07-27 17:13:23,2025-07-27 17:13:23
https://torob.com/p/ae765c24-b794-489a-a6d0-69fec14e7927/%D8%AE%D8%A7%DA%A9-%DA%A9%D8%A7%D9%85%D9%84-%DA%AF%D9%84%D8%AF%D8%A7%D9%86-%DA%A9%DB%8C%D9%85%DB%8C%D8%A7-8-%D9%84%DB%8C%D8%AA%D8%B1%DB%8C/,خاک کامل گلدان کیمیا 8 لیتری,,59000,7375.0,8,,True,2025-07-27 17:13:25,2025-07-27 17:13:25
https://torob.com/p/c70ff300-70b3-493f-9757-328f21c9d542/%DA%A9%D9%88%D8%AF-%DA%A9%D9%84%D8%B3%DB%8C%D9%85-%DA%A9%D9%84%D8%A7%D9%86-%D9%86%DB%8C%DA%86%D8%B1-%DB%8C%D9%88%D9%86%D8%A7%D9%86/,کود کلسیم کلان نیچر یونان,,999000,nan,,,True,2025-07-27 17:13:31,2025-07-27 17:13:31
https://torob.com/p/75d1d49a-ec8c-4633-8141-16457682199f/%DA%AF%D9%88%DA%AF%D8%B1%D8%AF-%D9%BE%D9%88%D8%AF%D8%B1%DB%8C-%D9%85%DB%8C%DA%A9%D8%B1%D9%88%D9%86%DB%8C%D8%B2%D9%87-%D9%81%D9%84%D8%A7%D8%AA-%DA%A9%D8%A7%D9%84%D8%A7-%D9%85%D8%AF%D9%84-gpm500g-%D9%88%D8%B2%D9%86-500-%DA%AF%D8%B1%D9%85/,گوگرد پودری میکرونیزه فلات کالا مدل GPM500G وزن 500 گرم,,57000,nan,,,True,2025-07-27 17:13:34,2025-07-27 17:13:34
https://torob.com/p/da05f981-442a-49f9-81bd-c19760de0100/%DA%A9%D9%88%D8%AF-%D8%A8%D9%88%D8%B1-%D8%A7%D8%AA%D8%A7%D9%86%D9%88%D9%84-%D8%A7%D9%85%DB%8C%D9%86-%D8%A7%DA%AF%D8%B1%D9%88%D9%81%D8%B1/,کود بور اتانول آمین اگروفر,,5436000,nan,,,True,2025-07-27 17:13:40,2025-07-27 17:13:40
https://torob.com/p/da216e54-4d44-442c-baf9-e3fb2b7ef22e/%D8%B3%D9%85-%D8%B9%D9%84%D9%81-%DA%A9%D8%B4-%D8%AA%D8%B1%DB%8C-%D8%A8%D9%86%D9%88%D8%B1%D9%88%D9%86-%D9%85%D8%AA%DB%8C%D9%84-%DA%AF%D8%B1%D8%A7%D9%86%D8%B3%D8%AA%D8%A7%D8%B1-%D8%A8%D8%B1%D9%86%D8%AF-%DA%AF%D9%84%D8%B3%D9%85-50-%DA%AF%D8%B1%D9%85%DB%8C/,سم علف کش تری بنورون متیل (گرانستار) | برند گلسم | 50 گرمی,,100000,nan,,,True,2025-07-27 17:13:41,2025-07-27 17:13:41
https://torob.com/p/1843376e-55eb-4b34-aa57-a85a9f41b888/%DA%A9%D9%88%D8%AF-%DA%A9%D8%A7%D9%85%D9%84-10-52-10-npk-%DA%AF%D9%84%D8%B3%D8%A7-50-%DA%AF%D8%B1%D9%85/,کود کامل (10 -52-10) NPK گلسا – 50 گرم,,35000,nan,,,True,2025-07-27 17:13:43,2025-07-27 17:13:43
https://torob.com/p/dd2e2003-1407-432c-878b-a709b2fe0042/%D8%A7%D8%B3%DB%8C%D8%AF-%D8%A8%D9%88%D8%B1%DB%8C%DA%A9/,اسید بوریک,,4200000,nan,,,True,2025-07-27 17:13:46,2025-07-27 17:13:46
https://torob.com/p/56a68c86-fa10-4c89-be44-d646c5fdab95/%D8%B3%D9%85-%DA%A9%D9%86%D9%81%DB%8C%D8%AF%D9%88%D8%B1-%DB%8C%D8%A7-%D8%A7%DB%8C%D9%85%DB%8C%D8%AF%D8%A7%DA%A9%D9%84%D9%88%D9%BE%D8%B1%D8%A7%DB%8C%D8%AF-%D9%85%D8%B2%D8%B1%D8%B9%D9%87-100-%D9%85%DB%8C%D9%84/,سم کنفیدور یا ایمیداکلوپراید مزرعه - ۱۰۰ میل,,76000,nan,,,True,2025-07-27 17:13:51,2025-07-27 17:13:51
https://torob.com/p/c3f8afb5-77cf-487d-b86e-0e142c2d1589/%DA%A9%D9%88%D8%AF-%DA%A9%D8%A7%D9%85%D9%84-%D9%BE%D8%AA%D9%88%D8%B3-%DA%AF%DB%8C%D9%84%D8%AF%D8%A7-%D9%85%D8%AF%D9%84-gpt/,کود کامل پتوس گیلدا مدل GPT,,114000,nan,,,True,2025-07-27 17:13:52,2025-07-27 17:13:52
https://torob.com/p/49aa7b90-4149-4777-9164-37e5fbaa0a3d/%D8%AE%D8%B1%DB%8C%D8%AF-%DA%A9%D9%88%D8%AF-%D9%85%D8%AE%D8%B5%D9%88%D8%B5-%D8%AE%DB%8C%D8%A7%D8%B1-%D8%A7%DA%A9%D8%B3%D9%BE%D9%84%D9%88%D8%AF-%DA%A9%D9%88%D8%AF-%DA%AF%D8%B1%D8%A7%D9%85/,خرید کود مخصوص خیار اکسپلود - کود گرام,,360000,nan,,,True,2025-07-27 17:13:54,2025-07-27 17:13:54
https://torob.com/p/2a3ff203-17e9-4651-9ba9-b51f7f51d75d/%D9%87%DB%8C%D9%88%D9%85%DB%8C%DA%A9-%D8%A7%D8%B3%DB%8C%D8%AF-%D9%85%D8%A7%DB%8C%D8%B9-1-%D9%84%DB%8C%D8%AA%D8%B1%DB%8C-bamford/,هیومیک اسید مایع 1 لیتری BAMFORD,,150000,150000.0,1,,True,2025-07-27 17:13:55,2025-07-27 17:13:55
https://torob.com/p/5f9fcfe6-6d78-4828-ae88-a896ec93a2fe/%D8%B3%D9%88%D9%84%D9%81%D8%A7%D8%AA-%D9%85%D9%86%DA%AF%D9%86%D8%B2/,سولفات منگنز,,1625000,nan,,,True,2025-07-27 17:13:57,2025-07-27 17:13:57
https://torob.com/p/889f243b-940b-4855-abe4-f7828f517ca6/%DA%A9%D9%86%D9%87-%DA%A9%D8%B4-%D8%A7%D8%A8%D8%A7%D9%85%DA%A9%D8%AA%DB%8C%D9%86-%D8%A8%D9%87%D8%A7%D9%88%D8%B1-100cc/,کنه کش آبامکتین بهاور (100cc),,57000,nan,,,True,2025-07-27 17:14:01,2025-07-27 17:14:01
https://torob.com/p/71e0906f-74c2-449b-a6c7-fbdad4824410/%DA%AF%D8%A7%D8%A8%D8%B1%DB%8C-%D9%85%DB%8C%DA%A9%D8%B3-%DA%A9%D9%88%D8%AF-%D9%85%D8%A7%D9%87%DB%8C-20%D9%84%DB%8C%D8%AA%D8%B1%DB%8C/,گابـری میکـس | کـود ماهـی(20لیتری),,5322000,266100.0,20,,True,2025-07-27 17:14:03,2025-07-27 17:14:03
https://torob.com/p/63e21b2e-71e5-484c-bfeb-930163b082cc/%D8%A7%D8%B3%DB%8C%D8%AF-%D8%A7%D9%85%DB%8C%D9%86%D9%87-%DA%A9%DB%8C%D9%84%DB%8C%D8%AA%D8%B1%DB%8C%D9%86-1-%D9%84%DB%8C%D8%AA%D8%B1%DB%8C-20/,اسید آمینه کیلیترین 1 لیتری - 20,,18400000,18400000.0,1,,True,2025-07-27 17:14:06,2025-07-27 17:14:06
https://torob.com/p/eed6b94a-8d62-4717-b85e-8dd7d0402279/%D8%AE%D8%A7%DA%A9-%D9%86%D8%B3%D9%88%D8%B2-%D8%AA%D8%A7-1100-%D8%AF%D8%B1%D8%AC%D9%87/,خاک نسوز تا 1100 درجه,,30000,nan,,,True,2025-07-27 17:14:11,2025-07-27 17:14:11
https://torob.com/p/4231c65a-5a4e-4266-a268-027dd8dcb990/%D8%B3%D8%A7%DB%8C%D9%BE%D8%B1%D9%88%DA%A9%D9%88%D9%86%D8%A7%D8%B2%D9%88%D9%84-%2B-%DA%A9%D8%A7%D8%B1%D8%A8%D9%86%D8%AF%D8%A7%D8%B2%DB%8C%D9%85/,سایپروکونازول + کاربندازیم,,975000,nan,,,True,2025-07-27 17:14:12,2025-07-27 17:14:12
https://torob.com/p/1df23773-bac7-4f8b-8209-53e4b06a63dd/%D8%B3%D9%85-%D9%82%D8%A7%D8%B1%DA%86-%DA%A9%D8%B4-%D8%A8%D8%B1%D8%AF%D9%88%D9%81%DB%8C%DA%A9%D8%B3-%D8%A8%D8%B1%D8%AF%D9%88-20-%D8%A8%D9%87%D8%A7%D9%88%D8%B1%D8%A7%D9%86-5-%D9%84%DB%8C%D8%AA%D8%B1%DB%8C/,سم قارچ کش بردوفیکس (بردو) 20% | بهاوران | 5 لیتری,,155000,31000.0,5,,True,2025-07-27 17:14:14,2025-07-27 17:14:14
https://torob.com/p/6131a4f8-7e95-4331-b7b2-ef3963a4aa87/%DA%A9%D9%88%D8%AF-121236-npk-%D8%B4%D9%88%DA%A9/,کود 12.12.36 NPK شوک,,3600000,nan,,,True,2025-07-27 17:14:15,2025-07-27 17:14:15
https://torob.com/p/3390b234-499e-4a18-aa86-4e726b4182e6/%DA%A9%D9%88%D8%AF-%DA%AF%D8%B1%D8%A7%D9%86%D9%88%D9%84%D9%87-%DA%A9%D9%86%D8%AF%D8%B1%D9%87%D8%A7-500-%DA%AF%D8%B1%D9%85%DB%8C/,کود گرانوله کندرها ۵۰۰ گرمی,,285000,nan,,,True,2025-07-27 17:14:18,2025-07-27 17:14:18
https://torob.com/p/f3960a2f-d058-4ec5-abb8-69cee639e844/%DA%A9%D9%88%D8%AF-%D9%87%DB%8C%D9%88%D9%85%DB%8C%DA%A9-%D8%A7%D8%B3%DB%8C%D8%AF-%D9%BE%D9%88%D8%AF%D8%B1%DB%8C-%D8%B2%D8%A7%DB%8C%D8%B2-%D8%A7%D9%86%DA%AF%D9%84%D8%B3%D8%AA%D8%A7%D9%86-%D9%88%D8%B2%D9%86-15-%DA%A9%DB%8C%D9%84%D9%88%DA%AF%D8%B1%D9%85/,کود هیومیک اسید پودری زایز انگلستان وزن ۱.۵ کیلوگرم,,1218000,243600.0,5,,True,2025-07-27 17:14:26,2025-07-27 17:14:26
https://torob.com/p/ad9b24bf-e628-4667-acc6-24b5c955f9c7/%D9%87%DB%8C%D9%88%D9%85%DB%8C%DA%A9-%D8%A7%D8%B3%DB%8C%D8%AF/,هیومیک اسید,,750000,nan,,,True,2025-07-27 17:14:28,2025-07-27 17:14:28
https://torob.com/p/7decdd92-953a-42d2-8602-564fcd2cc507/%DA%A9%D9%88%D8%AF-%D8%B2%DB%8C%D9%86%DA%A9%D9%88%D9%81%D8%B1/,کود زینکوفر,,260000,nan,,,True,2025-07-27 17:14:29,2025-07-27 17:14:29
https://torob.com/p/be462a33-43c3-4e72-8ac9-a50603727e3f/%D8%B3%D9%88%D9%84%D9%81%D9%88%D9%86%DB%8C%D8%AA-10-%D9%84%DB%8C%D8%AA%D8%B1%DB%8C/,سولفونیت 10 لیتری,,985000,98500.0,10,,True,2025-07-27 17:14:31,2025-07-27 17:14:31
https://torob.com/p/a6c3d363-38b9-490f-bdf4-55cb05f8fb92/%D8%B1%DB%8C%DA%86-%D9%81%D8%B1%D8%AA-k40-sc/,ریچ فرت k40 sc,,320000,nan,,,True,2025-07-27 17:14:33,2025-07-27 17:14:33
https://torob.com/p/ffca0cfa-4196-47ca-9ebd-cccd54ab5dcf/%D8%B1%D9%88%D8%BA%D9%86-%D8%A7%D9%85%D9%88%D9%84%D8%B3%DB%8C%D9%88%D9%86-%D8%B4%D9%88%D9%86%D8%AF%D9%87-%D9%85%D9%87%D8%A7%D9%8680/,روغن امولسیون شونده مهان80%,,720000,nan,,,True,2025-07-27 17:14:34,2025-07-27 17:14:34
https://torob.com/p/32f433bf-3305-4057-ba25-ff7024a42d75/%D8%A7%D9%87%D9%86-%D8%AF%DB%8C%D9%BE%D9%88%D9%81%D8%B1/,آهن دیپوفر,,520000,nan,,,True,2025-07-27 17:14:36,2025-07-27 17:14:36
https://torob.com/p/9235a36b-577e-44ca-a73c-c5dae1690cc1/%DA%A9%D9%88%D8%AF-%D8%B3%D9%88%D9%84%D9%81%D8%A7%D8%AA-%D9%BE%D8%AA%D8%A7%D8%B3%DB%8C%D9%85-%D9%BE%D9%88%D8%AF%D8%B1%DB%8C-%DA%AF%D8%B1%DB%8C%D9%86-%D9%BE%DB%8C%DA%A9-%D9%88%D8%B2%D9%86-25-%DA%A9%DB%8C%D9%84%D9%88%DA%AF%D8%B1%D9%85/,کود سولفات پتاسیم پودری گرین پیک وزن 25 کیلوگرم,,1800000,72000.0,25,,True,2025-07-27 17:14:37,2025-07-27 17:14:37
https://torob.com/p/7b3daf27-6525-4fd9-9181-e612cfa594bf/%DA%A9%D9%88%D8%AF-%DA%AF%DB%8C%D8%A7%D9%87%D8%A7%D9%86-%D8%A7%D9%BE%D8%A7%D8%B1%D8%AA%D9%85%D8%A7%D9%86%DB%8C-%D9%88-%D8%B2%DB%8C%D9%86%D8%AA%DB%8C-%D9%88%DB%8C%DA%98%D9%87/,کود گیاهان آپارتمانی و زینتی ویژه,,260000,nan,,,True,2025-07-27 17:14:40,2025-07-27 17:14:40
https://torob.com/p/b419282e-7b14-4a3e-9604-f1073cdd2c87/%DA%A9%D9%88%D8%AF-%DA%AF%D9%88%DA%AF%D8%B1%D8%AF-%DA%AF%D8%B1%D8%A7%D9%86%D9%88%D9%84-%DA%AF%D8%B1%DB%8C%D9%86-%D9%BE%DB%8C%DA%A9-%D9%88%D8%B2%D9%86-25-%DA%A9%DB%8C%D9%84%D9%88%DA%AF%D8%B1%D9%85/,کود گوگرد گرانول گرین پیک وزن 25 کیلوگرم,,675000,27000.0,25,,True,2025-07-27 17:14:42,2025-07-27 17:14:42
https://torob.com/p/f0fd90b6-70b5-4c11-bfbd-8b8dd7e3e292/%D9%85%D9%88%D9%84%D8%AA%DB%8C-%D9%85%DB%8C%DA%A9%D8%B3-%D8%AF%DB%8C-%D8%A7%D9%81-%D8%B3%D9%86%DA%AF%D8%A7%D9%BE%D9%88%D8%B1/,مولتی میکس دی اف سنگاپور,,600000,nan,,,True,2025-07-27 17:14:43,2025-07-27 17:14:43
https://torob.com/p/1c903f58-576e-436f-95f8-fbac1e7a8fd9/%D8%B3%D9%85-%D8%B9%D9%84%D9%81-%DA%A9%D8%B4-%D8%AA%D8%B1%DB%8C-%D9%81%D9%84%D9%88%D8%B1%D8%A7%D9%84%DB%8C%D9%86-%D8%AA%D8%B1%D9%81%D9%84%D8%A7%D9%86-%D8%B3%D9%85%DB%8C%D8%B1%D8%A7%D9%86/,سم علف کش تری فلورالین (ترفلان) سمیران,,474000,nan,,,True,2025-07-27 17:14:47,2025-07-27 17:14:47
https://torob.com/p/9bceb20d-26c4-4307-9f11-e79830f43324/%DA%A9%D9%88%D8%AF-%DA%A9%D8%A7%D9%85%D9%84-npk-12-12-36-%DA%A9%D9%88%D8%AF%D8%B4%DB%8C%D9%85/,کود کامل NPK 12-12-36 کودشیم,,1700000,nan,,,True,2025-07-27 17:14:53,2025-07-27 17:14:53
https://torob.com/p/4262499a-e7d1-4453-9286-240f22ca43e9/%DA%A9%D9%88%D8%AF-%DA%A9%D8%A7%D9%85%D9%84-20-20-20-%D8%B3%D8%A8%D8%B2-%DA%A9%D8%A7%D9%88%D8%B4%D8%A7%D9%86/,کود کامل 20-20-20 سبز کاوشان,,2200000,nan,,,True,2025-07-27 17:14:54,2025-07-27 17:14:54
https://torob.com/p/92496d00-3dc4-439b-b5f1-8c4b570e0501/%D8%B3%D9%88%D9%BE%D8%B1%DA%AF%D8%A7%D9%84%D8%A7%D9%86%D8%AA-%D9%87%D8%A7%D9%84%D9%88%DA%A9%D8%B3%DB%8C-%D9%81%D9%88%D9%BE-%D8%A7%D8%B1-%D9%85%D8%AA%DB%8C%D9%84-%D9%BE%D8%A7%DA%A9-%D8%B3%D9%85-%D9%86%DB%8C%D9%85-%D9%84%DB%8C%D8%AA%D8%B1%DB%8C/,سوپرگالانت (هالوکسی فوپ آر متیل) پاک سم نیم لیتری,,310000,nan,,,True,2025-07-27 17:14:57,2025-07-27 17:14:57
https://torob.com/p/6ddf0f20-d5e2-4494-bb77-1a6f5b25cc8c/%D8%AE%D8%A7%DA%A9-%D8%B3%D8%A7%D9%86%D8%B3%D9%88%D8%B1%DB%8C%D8%A7-%D8%A8%D9%87%DA%A9%D8%A7%D9%85-%D8%AD%D8%AC%D9%85-5-%D9%84%DB%8C%D8%AA%D8%B1/,خاک سانسوریا بهکام حجم 5 لیتر,,130000,26000.0,5,,True,2025-07-27 17:14:59,2025-07-27 17:14:59
https://torob.com/p/8f0f1091-1d33-4e87-8151-68867c2157fe/%DA%A9%D9%84%D8%A7%D8%AA-%DA%A9%D9%84%D8%B3%DB%8C%D9%857/,کلات کلسیم۷,,1250000,nan,,,True,2025-07-27 17:15:00,2025-07-27 17:15:00
https://torob.com/p/ed490714-1a33-44d6-b94a-2f8513652d21/%DA%A9%D9%88%D8%AF-%D9%85%D8%A7%DB%8C%D8%B9-%DA%A9%D8%A7%D9%85%D9%84-%D9%85%D8%A7%DB%8C%D8%B9-%D9%85%D8%B1%D8%BA%DB%8C-4-%D9%84%DB%8C%D8%AA%D8%B1%DB%8C/,کود مایع کامل مایع مرغی-۴ لیتری,,420000,105000.0,4,,True,2025-07-27 17:15:02,2025-07-27 17:15:02
https://torob.com/p/5fc6fa35-fc13-4516-b44f-a433a8ae644b/%DA%A9%D9%88%D8%AF-%D9%85%DB%8C%D9%84%D9%88%D8%B1%D9%85-25%DA%AF%D8%B1%D9%85%DB%8C/,کود میلورم 25گرمی,,49000,nan,,,True,2025-07-27 17:15:03,2025-07-27 17:15:03
https://torob.com/p/7b0a126f-de1b-4e3d-bb84-7b51acdda163/%DA%A9%D9%88%D8%AF-%D8%AF%D9%81%D9%86%D8%AF%D8%B1-%DA%A9%D9%84%DB%8C%D8%B3%D9%85-%D8%A8%D8%B1-%D9%81%D8%B1%D9%88%D8%BA-%D8%AF%D8%B4%D8%AA-6-%D9%84%DB%8C%D8%AA%D8%B1%DB%8C/,کود دفندر کلیسم بُر فروغ دشت 6 لیتری,,889200,148200.0,6,,True,2025-07-27 17:15:07,2025-07-27 17:15:07
https://torob.com/p/64e5d915-944a-4e6c-a7a4-65c968c6711b/%D8%B3%D9%85-%D8%AF%DB%8C%D8%A7%D8%B2%DB%8C%D9%86%D9%88%D9%86-%D9%85%D9%86%D8%A7%D8%B3%D8%A8-%DA%AF%DB%8C%D8%A7%D9%87%D8%A7%D9%86-%D8%A7%D9%BE%D8%A7%D8%B1%D8%AA%D9%85%D8%A7%D9%86%DB%8C-30-%DA%AF%D8%B1%D9%85-%D8%A8%D8%A7-%DA%A9%DB%8C%D9%81%DB%8C%D8%AA/,سم دیازینون مناسب گیاهان آپارتمانی ۳۰ گرم با کیفیت,,590000,nan,,,True,2025-07-27 17:15:08,2025-07-27 17:15:08
https://torob.com/p/f9ef0827-121c-4223-b3da-d1e33cbde9e7/%DA%A9%D9%88%D8%AF-%DA%A9%D8%A7%D9%85%D9%84-%D8%B1%D8%B4%D8%AF-%DA%AF%DB%8C%D8%A7%D9%87%D8%A7%D9%86-%D8%A7%D9%BE%D8%A7%D8%B1%D8%AA%D9%85%D8%A7%D9%86%DB%8C-%D9%88-%D8%AE%D8%A7%D9%86%DA%AF%DB%8C-20-20-20/,کود کامل رشد گیاهان آپارتمانی و خانگی 20-20-20,,50000,nan,,,True,2025-07-27 17:15:11,2025-07-27 17:15:11
https://torob.com/p/97218199-8018-4b50-bd8e-a60157845db9/%D8%B6%D8%AF-%D8%A7%D8%B3%D8%AA%D8%B1%D8%B3-%D9%86%D9%88%D8%A7%D9%81%D9%88%D9%84-%D9%86%D9%88%D8%A7%DA%AF%D8%B1%D9%88-%D8%A7%DB%8C%D8%AA%D8%A7%D9%84%DB%8C%D8%A7/,ضد استرس نوافول نواگرو ایتالیا,,900000,nan,,,True,2025-07-27 17:15:14,2025-07-27 17:15:14
https://torob.com/p/70c49d49-365c-482b-b66a-cbecc7a396c8/%DA%A9%D9%88%D8%AF-%D8%B6%D8%AF-%D8%AA%D9%86%D8%B4-%D8%B3%D8%A7%D9%85%D8%A7%D9%86%D8%AA%DB%8C%D9%86/,کود ضد تنش سامانتین,,630000,nan,,,True,2025-07-27 17:15:16,2025-07-27 17:15:16
https://torob.com/p/0b916587-0c7b-4918-9fd4-7a65f8732204/%DA%A9%D9%88%D8%AF-%DA%A9%D9%84%D8%B3%DB%8C-%D8%A8%D8%B1-%DA%A9%D9%84%D8%B3%DB%8C%D9%85-%2B-%D8%A8%D8%B1-%DA%A9%DB%8C-%D9%BE%D9%84%DA%A9%D8%B3-%DA%A9%D8%B1%D8%A7%D9%BE-%D8%AA%D9%88%D9%BE%DB%8C%D8%A7-%D8%A7%D8%B3%D9%BE%D8%A7%D9%86%DB%8C%D8%A7-1-%DA%A9%DB%8C%D9%84%D9%88/,کود کلسی بر ( کلسیم + بر ) کی پلکس کراپ توپیا اسپانیا ۱ کیلو,,1040000,1040000.0,1,,True,2025-07-27 17:15:25,2025-07-27 17:15:25
https://torob.com/p/5de290c9-5e2b-43ff-a7d4-f78442f55700/%DA%A9%D9%88%D8%AF-%D8%B1%D9%88%DB%8C-%D9%88-%D8%A8%D8%B1/,کود روی و بر,,359000,nan,,,True,2025-07-27 17:15:28,2025-07-27 17:15:28
https://torob.com/p/fdbfb82e-4b4e-4f45-8a74-af37b35e94a3/%DA%A9%D9%88%D8%AF-%D8%AA%D9%82%D9%88%DB%8C%D8%AA%DB%8C-%D8%AC%D9%84%D8%A8%DA%A9-%D8%AF%D8%B1%DB%8C%D8%A7%DB%8C%DB%8C-%DA%A9%D8%A7%D9%86%D9%86-%D8%A7%D9%84%DA%AF-1000-novichem-%D9%85%D8%A7%DB%8C%D8%B9-1-%D9%84%DB%8C%D8%AA%D8%B1-%DA%A9%D9%88%DB%8C%DA%A9%D8%B3/,کود تقویتی جلبک دریایی کانن الگ 1000 NOVICHEM مایع 1 لیتر کوئکس,,850000,850000.0,1,,True,2025-07-27 17:15:30,2025-07-27 17:15:30
https://torob.com/p/1870c673-db8c-4d0d-9ef2-902f33ac857d/%D8%B3%D9%85-%D8%B3%D8%A7%DB%8C%D9%BE%D8%B1%D9%85%D8%AA%D8%B1%DB%8C%D9%86-%D9%85%D8%B2%D8%B1%D8%B9%D9%87-100-%D9%85%DB%8C%D9%84/,سم سایپرمترین مزرعه - 100 میل,,76000,nan,,,True,2025-07-27 17:15:36,2025-07-27 17:15:36
https://torob.com/p/65b89eef-6f6e-4e49-ab30-daa2ae608f7a/%D9%BE%D8%B1%D9%84%DB%8C%D8%AA-%D8%A8%D8%A7%D8%BA%D8%A8%D8%A7%D9%86-4-%D9%84%DB%8C%D8%AA%D8%B1%DB%8C/,پرلیت باغبان - 4 لیتری,,37000,9250.0,4,,True,2025-07-27 17:15:37,2025-07-27 17:15:37
https://torob.com/p/08002ca8-e7fa-445e-ab44-2c4de485f4c6/%DA%A9%D8%A7%D8%B1%D8%A8%D9%86%D8%AF%D8%A7%D8%B2%DB%8C%D9%85/,کاربندازیم,,710000,nan,,,True,2025-07-27 17:15:45,2025-07-27 17:15:45
https://torob.com/p/b537320c-75f6-45e3-aa2e-57864468a0fd/%DA%A9%D9%88%D8%AF-%D8%B3%D9%87-%D8%A8%DB%8C%D8%B3%D8%AA-%D8%AA%D9%82%D9%88%DB%8C%D8%AA-%DA%A9%D9%86%D9%86%D8%AF%D9%87-%DA%AF%D9%84-%D9%88-%DA%AF%DB%8C%D8%A7%D9%87-%DA%A9%DB%8C%D9%85%DB%8C%D8%A7-50-%DA%AF%D8%B1%D9%85%DB%8C-npk-202020/,کود سه بیست تقویت کننده گل و گیاه کیمیا 50 گرمی | NPK 20.20.20,,59000,nan,,,True,2025-07-27 17:15:48,2025-07-27 17:15:48
https://torob.com/p/35153cdc-4bfd-4eb3-9efa-511813982cef/%D9%82%D9%88%DB%8C-%D8%AA%D8%B1%DB%8C%D9%86-%DA%A9%D9%88%D8%AF-%D9%85%D8%AD%D9%84%D9%88%D9%84-%D9%BE%D8%A7%D8%B4%DB%8C-%D8%B2%D8%B9%D9%81%D8%B1%D8%A7%D9%86-%D8%B3%D8%A7%D9%81%D8%B1%D9%88%D9%86-%D9%85%D8%AC%DB%8C%DA%A9/,قوی ترین کود محلول پاشی زعفران (سافرون مجیک),,900000,nan,,,True,2025-07-27 17:15:51,2025-07-27 17:15:51
https://torob.com/p/2f4fdc70-656f-43bd-9f7d-1c6d9098cb36/%D8%B3%D9%85-%D8%B9%D9%84%D9%81-%DA%A9%D8%B4-%D8%AA%D8%B1%DB%8C-%D9%81%D9%84%D9%88%D8%B1%D8%A7%D9%84%DB%8C%D9%86-%D8%AA%D8%B1%D9%81%D9%84%D8%A7%D9%86-%D8%A8%D8%B1%D9%86%D8%AF-%D8%A8%D9%87%D8%B3%D9%85-1-%D9%84%DB%8C%D8%AA%D8%B1%DB%8C/,سم علف کش تری فلورالین (ترفلان) | برند بهسم | 1 لیتری,,600000,600000.0,1,,True,2025-07-27 17:15:53,2025-07-27 17:15:53
https://torob.com/p/f68bbd80-f4bf-4d84-96ac-19bccc3c36e8/%D8%AC%D9%84%D8%A8%DA%A9-%D8%AF%D8%B1%DB%8C%D8%A7%DB%8C%DB%8C-%D8%B1%DA%AF%D8%A7%D9%84-%D8%A7%D9%84%DA%AF%D8%A7-%DB%8C%DA%A9-%DA%A9%DB%8C%D9%84%D9%88%DB%8C%DB%8C/,جلبک دریایی رگال آلگا یک کیلویی,,1100000,nan,,,True,2025-07-27 17:15:56,2025-07-27 17:15:56
https://torob.com/p/fe9c6867-08da-4200-b108-766a1d2191f6/%D8%B3%D9%85-%D8%A7%D9%81%D8%AA-%DA%A9%D8%B4-%DA%A9%D9%84%D8%B1%D9%BE%DB%8C%D8%B1%DB%8C%D9%81%D9%88%D8%B3-%D8%A7%DA%A9%D8%B3%DB%8C%D9%86/,سم آفت کش کلرپیریفوس اکسین,,79000,nan,,,True,2025-07-27 17:15:59,2025-07-27 17:15:59
https://torob.com/p/f70ea593-8e62-459d-bf7e-bdbd85bb9ffd/%D9%86%DB%8C%D8%AA%D8%B1%D9%88%DA%98%D9%86-%D9%85%D8%A7%DB%8C%D8%B9-17/,نیتروژن مایع 17%,,270000,nan,,,True,2025-07-27 17:16:04,2025-07-27 17:16:04
https://torob.com/p/3101465f-3b36-43a9-bbd8-cfe75d024c52/%DA%A9%D9%88%D8%AF-%D9%81%D8%B1%D9%88%D8%AA%D8%B3%D8%AA-%D8%BA%D9%86%DB%8C-%D8%B4%D8%AF%D9%87-%D8%B3%D9%88%D8%B1%DB%8C%D9%86-%D8%A7%DA%A9%D8%B3%DB%8C%D8%B1-fruit-set-plus-fertilizer/,کود فروتست غنی شده سورین اکسیر (Fruit Set Plus Fertilizer),,480000,nan,,,True,2025-07-27 17:16:10,2025-07-27 17:16:10
https://torob.com/p/8293600b-2a42-4364-9983-cd6ade26f3a6/%D8%B5%D8%A7%D8%A8%D9%88%D9%86-%D8%AD%D8%B4%D8%B1%D9%87-%DA%A9%D8%B4-%D8%AC%D9%86%D9%88%D8%A8%DA%AF%D8%A7%D9%86-5-%D9%84%DB%8C%D8%AA%D8%B1%DB%8C/,صابون حشره کش جنوبگان 5 لیتری,,365000,73000.0,5,,True,2025-07-29 15:00:59,2025-07-29 15:00:59
https://torob.com/p/f3151753-ea93-454e-a6e2-ac1b076ddd14/%DA%A9%D9%88%D8%AF-%D8%A7%D9%84%DB%8C-%D9%85%D8%A7%DB%8C%D8%B9-%D8%B2%D8%B1%DA%AF%D8%B1%DB%8C%D9%86-20-%D9%84%DB%8C%D8%AA%D8%B1%DB%8C/,کود آلی مایع زرگرین ۲۰ لیتری,,820000,41000.0,20,,True,2025-07-29 15:02:06,2025-07-29 15:02:06
https://torob.com/p/1d9f604d-5a93-49af-a6db-a76eccf33628/%DA%A9%D9%88%D8%AF-%D9%86%DB%8C%D8%AA%D8%B1%D8%A7%D8%AA-%DA%A9%D9%84%D8%B3%DB%8C%D9%85-%D8%AC%D9%86%D9%88%D8%A8%DA%AF%D8%A7%D9%86-%D9%88%D8%B2%D9%86-25-%DA%A9%DB%8C%D9%84%D9%88%DA%AF%D8%B1%D9%85/,کود نیترات کلسیم جنوبگان وزن ۲۵ کیلوگرم,,110000,4400.0,25,,True,2025-07-29 15:02:12,2025-07-29 15:02:12
https://torob.com/p/ea2cb9c3-71b7-44ab-9a28-78233677bac5/%DA%A9%D9%88%D8%AF-%DA%AF%D9%88%DA%AF%D8%B1%D8%AF-%D9%85%D8%A7%DB%8C%D8%B9-%D8%B4%D9%88%DA%A9-20-%D9%84%DB%8C%D8%AA%D8%B1%DB%8C-80-%D8%AF%D8%B1%D8%B5%D8%AF-%D8%A7%D8%B1%DA%AF%D8%A7%D9%86%DB%8C%DA%A9/,کود گوگرد مایع شوک ۲۰ لیتری ۸۰ درصد ارگانیک,,260000,13000.0,20,,True,2025-07-29 15:02:19,2025-07-29 15:02:19
https://torob.com/p/eeb69058-7863-423e-8bbc-4e66d9100022/%DA%A9%D9%88%D8%AF-%D9%BE%D9%84%DB%8C%D8%AA-%D9%85%D8%B1%D8%BA%DB%8C-%D8%B2%D8%B1%DB%8C%D9%86-%D9%85%D9%87%D8%B1-%DA%A9%DB%8C%D9%85%DB%8C%D8%A7-25-%DA%A9%DB%8C%D9%84%D9%88%DA%AF%D8%B1%D9%85%DB%8C/,کود پلیت مرغی زرین مهر کیمیا 25 کیلوگرمی,,227500,9100.0,25,,True,2025-07-29 15:03:02,2025-07-29 15:03:02
